prk_center_id,name,cells,la,lo,klass,confidence,b_sig,p_sig,std_match
13910-11191-00001-00-1,삼막사노상,174,37.4356067014873,126.917068252393,비부설,0.9,False,True,True
13937-11191-00001-00-1,관양시장노상,27,37.4049319974661,126.957761932203,비부설,0.9,False,True,True
13938-11191-00001-00-1,관악노상2,126,37.4046917099738,126.964076212293,비부설,0.9,False,True,True
13943-11191-00001-00-1,인덕원노상2,58,37.4007473524975,126.977338867378,비부설,0.9,False,True,True
13946-11191-00001-00-1,관악노상1,85,37.4039532249655,126.964048441522,비부설,0.9,False,True,True
13950-11191-00001-00-1,관양2동복개,139,37.4022496050068,126.971424178186,비부설,0.9,False,False,True
13951-11191-00001-00-1,인덕원노상1,52,37.4011337474236,126.97615264591,비부설,0.9,False,True,True
13957-11191-00001-00-1,예술공원고가밑,88,37.4153112556157,126.917022857513,비부설,0.9,False,True,True
13987-11191-00001-00-1,박달시장노상,10,37.4045843998702,126.909481422432,비부설,0.9,False,True,True
13989-11191-00001-00-1,박달고가밑,56,37.4091525896272,126.91584872813,비부설,0.9,False,True,True
13992-11191-00001-00-1,안양역1노상,54,37.400587544214,126.921971976224,비부설,0.9,False,True,True
13992-11191-00002-00-1,안양역2노상,24,37.4007941732306,126.921736959009,비부설,0.9,False,True,False
13996-11191-00001-00-1,남부노상,55,37.3967085644661,126.926338307584,비부설,0.9,False,True,True
14006-11191-00001-00-1,안양3동노상,27,37.3999908895642,126.9186323069,비부설,0.9,False,True,True
14034-11191-00001-00-1,수리산2노상,61,37.3890334164837,126.931796483589,비부설,0.9,False,True,True
14035-11191-00001-00-1,문예노상,54,37.3858473342855,126.932944470333,비부설,0.9,False,True,True
14047-11191-00001-00-1,동안노상,95,37.3928386855043,126.953033629713,비부설,0.9,False,True,True
14066-11191-00001-00-1,평촌역노상,71,37.3936323068134,126.962638250282,비부설,0.9,False,True,True
14067-11191-00001-00-1,시청앞노상,69,37.3922851722217,126.956528293645,비부설,0.9,False,True,False
14072-11191-00001-00-1,범계역노상,168,37.3902260589152,126.952753738844,비부설,0.9,False,True,True
14086-11191-00001-00-1,덕천노상,42,37.3897541196523,126.934460945019,비부설,0.9,False,True,True
14089-11191-00001-00-1,수리산1노상,32,37.3883758255313,126.929602332751,비부설,0.9,False,True,True
14099-11191-00001-00-1,학원가노상,27,37.3829463382567,126.959057191141,비부설,0.9,False,True,True
14103-11191-00001-00-1,먹거리촌노상,57,37.3843378419508,126.960807982567,비부설,0.9,False,True,False
14119-11191-00001-00-1,호계고가밑,30,37.3690557755302,126.952098127928,비부설,0.9,False,True,True
13902-11291-00001-00-1,석수역 좌측,85,37.4336643502536,126.901961186128,애매,0.3,False,False,False
13908-11291-00001-00-1,한마음선원뒤,22,37.4223281568991,126.909466733225,비부설,0.9,False,False,True
13912-11291-00001-00-1,구)유유부지 뒤편,56,37.4183856197949,126.918314742485,비부설,0.9,False,False,True
13929-11291-00001-00-1,동편마을 지하,163,37.4078797819836,126.972434306822,비부설,0.9,False,False,True
13931-11291-00001-00-1,관양1동 주차타워,238,37.4064274707759,126.961055922733,비부설,0.9,True,False,True
13941-11291-00001-00-1,운동장파출소 뒤,27,37.4038385925151,126.950518258026,비부설,0.9,False,False,True
13951-11291-00001-00-1,관양2동 노외,203,37.3992251451263,126.974995410161,비부설,0.9,False,True,True
13960-11291-00002-00-1,관악역4환승,118,37.4197637165846,126.909045170679,비부설,0.9,False,True,True
13961-11291-00001-00-1,대림아파트 뒤,77,37.4149255166757,126.914103339817,부설,0.9,True,False,False
13964-11291-00001-00-1,석수역 우측,34,37.4138704877598,126.90936203333,애매,0.3,False,False,False
13980-11291-00001-00-1,정우아트빌라 뒤,6,37.4058107189801,126.908119151299,비부설,0.9,True,False,True
13984-11291-00001-00-1,박달1동 주민센터 앞,23,37.4036621688204,126.908032887384,비부설,0.9,False,True,True
13987-11291-00001-00-1,박달시장노외,18,37.4045902583133,126.909483787252,비부설,0.9,False,True,True
13991-11291-00001-00-1,청원노외,29,37.4044633747653,126.919154814989,비부설,0.9,False,True,True
13996-11291-00001-00-1,일번가노외,99,37.3982650273882,126.924824225031,비부설,0.9,False,True,True
14010-11291-00001-00-1,정우아파트옆,10,37.3989151777325,126.912840678619,비부설,0.9,True,False,True
14011-11291-00002-00-1,안양3동노외,47,37.395625823135,126.913214680675,비부설,0.9,False,True,True
14019-11291-00001-00-1,율목복지회관,57,37.3931602186935,126.908025505044,비부설,0.9,False,False,True
14024-11291-00001-00-1,병목안옛길,23,37.3908041800283,126.908431301144,비부설,0.9,False,False,True
14036-11291-00001-00-1,완충녹지 주차장,24,37.3825621384659,126.935751477238,비부설,0.9,False,False,True
14057-11291-00001-00-1,관양2동 공업부지 노외,49,37.3980890623469,126.973015901155,비부설,0.9,False,True,True
14077-11291-00001-00-1,범계성당옆,27,37.3863514467942,126.950257505306,비부설,0.9,True,False,True
14082-11291-00001-00-1,신기사거리 고가 밑,16,37.3782090113549,126.953885375046,비부설,0.9,False,True,True
14120-11291-00001-00-1,구장터경로당,6,37.3685338104477,126.956040873745,비부설,0.9,False,True,True
20000-11291-00176-00-1,더샵아이파트 노외,22,37.3762198765538,126.956905180999,비부설,0.9,False,True,False
20000-11291-00177-00-1,신기사거리 옆,8,37.3778731101475,126.954821232591,비부설,0.9,False,False,True
20000-11291-00178-00-1,호현마을,64,37.4060215402707,126.883553457824,비부설,0.9,False,False,True
20000-11291-00179-00-1,호현마을 주민주차장,62,37.4062904765872,126.883809773686,비부설,0.9,False,False,True
20000-11291-00181-00-1,안양공고 뒤,5,37.3988279896754,126.913127414679,비부설,0.9,False,False,True
20000-11291-00182-00-1,안양7동 노외,137,37.3906094755376,126.933679775221,비부설,0.9,False,True,True
01055-29399-00078-00-1,"안양박물관, 김중업건축박물관",0,37.4188720279,126.9178500308,비부설,0.9,False,True,False
01212-29391-00002-00-1,그린빌 주공아파트,2061,37.4059066769,126.9325971283,부설,0.9,True,False,False
01376-29391-00059-00-1,베아누체6차,41,37.3795519731,126.9362066954,애매,0.3,False,False,False
01376-29391-00062-00-1,,3,37.3963061357,126.969033597,부설,0.9,False,False,False
01381-29391-00047-00-1,메트로병원,176,37.3779543276,126.9343247749,부설,0.9,True,False,False
01434-29391-00002-00-1,,1625,37.3965118096,126.9489448234,애매,0.3,False,False,False
01483-29391-00022-00-1,경민프라자,22,37.4051738879,126.9092990947,부설,0.9,True,False,False
01803-29391-00056-00-1,,159,37.3974821789,126.8996410977,애매,0.3,False,False,False
02422-29391-00004-00-1,주식회사노루홀딩스,157,37.4048186586,126.8938710489,부설,0.9,True,False,False
02454-29391-00096-00-1,주공그린빌,508,37.4207767102,126.9103150878,부설,0.9,True,False,False
02519-29391-00053-00-1,미영팰리스,7,,,부설,0.9,True,False,False
02626-29391-00065-00-1,,4,37.4044261897,126.9692245224,부설,0.9,False,False,False
02718-29391-00117-00-1,,8,,,부설,0.9,False,False,False
02781-29391-00236-00-1,스카이빌B동,12,37.4074790895,126.9122059173,부설,0.9,True,False,False
02781-29391-00273-00-1,휴누림,65,,,애매,0.3,False,False,False
02797-29391-00067-00-1,제이앤빌,10,37.3822036962,126.9283547746,부설,0.9,True,False,False
02809-29391-00027-00-1,상민빌딩,11,37.4027709719,126.9106211688,부설,0.9,True,False,False
02826-29391-00047-00-1,안양 KTOWN 오피스텔,134,,,부설,0.9,True,False,False
03020-29391-00155-00-1,제2종근린생활시설(수리점),1,,,부설,0.9,True,False,False
03348-29391-00012-00-1,석수동 산56-1 단독주택 (김경숙),2,37.4260002305,126.9169203411,부설,0.9,True,False,False
03449-29391-00050-00-1,미목연,47,,,애매,0.3,False,False,False
03455-29391-00100-00-1,관양동차고지,2,37.3972864875,126.9691867854,비부설,0.9,False,True,False
03457-29391-00115-00-1,,11,37.4082323899,126.9491763281,애매,0.3,False,False,False
03472-29391-00034-00-1,,1,37.3803689046,126.9692885525,부설,0.9,False,False,False
03701-29391-00045-00-1,빌리진,6,,,부설,0.9,True,False,False
03747-29391-00131-00-1,한일코지세상,60,,,애매,0.3,False,False,False
03988-29391-00086-00-1,리첸시아,13,37.3969950851,126.9125750212,비부설,0.9,False,False,True
04052-29391-00063-00-1,양지경로당,1,,,비부설,0.9,False,True,False
04149-29392-00029-00-1,메르시,46,,,애매,0.3,False,False,False
04307-29391-00127-00-1,,3,,,부설,0.9,False,False,False
04637-29391-00010-00-1,비산그랜드지오,10,,,애매,0.3,False,False,False
04720-29391-00003-00-1,수리산성원상떼빌1차,498,37.3939060785,126.9171590499,부설,0.9,True,False,False
04727-29391-00015-00-1,제이엔제이홈타운,7,,,부설,0.9,True,False,False
04779-29391-00092-00-1,이룸렉스힐,26,,,애매,0.3,False,False,False
04915-29391-00100-00-1,뉴베스트빌Ⅱ,28,37.3980924528,126.914940891,부설,0.9,True,False,False
05008-29391-00080-00-1,,12,37.3918241333,126.9753457964,애매,0.3,False,False,False
05023-29391-00140-00-1,미성,6,,,애매,0.3,False,False,False
05074-29391-00003-00-1,중앙초등학교,15,37.3957389683,126.9381173534,부설,0.9,True,False,False
05075-29391-00052-00-1,,8,37.4047374592,126.9516273641,부설,0.9,False,False,False
05203-29391-00001-00-1,네이빌,8,37.4079545812,126.9168499111,부설,0.9,True,False,False
05511-29391-00011-00-1,망해암,4,37.4116405479,126.9261941275,애매,0.3,False,False,False
05573-29391-00096-00-1,세방 R&D 센터,47,37.4005090305,126.9711280329,애매,0.3,False,False,False
05804-29391-00122-00-1,,1,,,부설,0.9,False,False,False
06127-29391-00085-00-1,,2,,,부설,0.9,False,False,False
06589-29391-00052-00-1,초원아파트,829,37.3878821451,126.9646421768,부설,0.9,True,False,False
06596-29391-00040-00-1,하나힐빌라,16,37.409370466,126.9473186081,부설,0.9,True,False,False
06777-29391-00081-00-1,,3,,,부설,0.9,False,False,False
06953-29391-00172-00-1,,2,,,부설,0.9,False,False,False
06971-29391-00086-00-1,청명 메가탑,12,,,애매,0.3,False,False,False
06991-29391-00085-00-1,,3,37.4138364625,126.9119093204,부설,0.9,False,False,False
07017-29391-00118-00-1,목련아파트,197,37.3879297032,126.9560014346,부설,0.9,True,False,False
07237-29391-00017-00-1,,6,,,부설,0.9,False,False,False
07374-29391-00155-00-1,미담채,12,,,애매,0.3,False,False,False
07418-29391-00038-00-1,골드스타빌,7,37.4005891839,126.9187870655,부설,0.9,True,False,False
07427-29391-00068-00-1,,4,,,부설,0.9,False,False,False
07429-29391-00051-00-1,링크 오,21,,,애매,0.3,False,False,False
07516-29391-00104-00-1,럭키호계아파트,497,37.3760271226,126.9512709692,부설,0.9,True,False,False
07595-29391-00033-00-1,영화아이닉스아파트,148,37.4112398717,126.9145645684,부설,0.9,True,False,False
07595-29391-00047-00-1,JL HOUSE,8,,,애매,0.3,False,False,False
07606-29391-00076-00-1,리버리치빌,33,37.4071308082,126.9091747498,부설,0.9,True,False,False
07641-29391-00057-00-1,마르빌,24,,,부설,0.9,True,False,False
07685-29391-00058-00-1,서연그룹 R&D 센터,262,37.4012101417,126.9648979389,애매,0.3,False,False,False
07695-29391-00068-00-1,한국화낙(주) 경인TC 신축공사,74,,,부설,0.9,True,False,False
07936-29391-00049-00-1,부광모터스,22,37.4041520329,126.8900679895,애매,0.3,False,False,False
07937-29391-00050-00-1,parkⅢ,6,,,애매,0.3,False,False,False
08222-29391-00031-00-1,(주)에이씨앤티시스템,13,,,부설,0.9,True,False,False
08278-29391-00007-00-1,귀인마을현대홈타운,971,37.3854309209,126.9631979862,부설,0.9,True,False,False
08395-29391-00047-00-1,,5,,,부설,0.9,False,False,False
08701-29391-00165-00-1,보성팰리스21차,27,,,부설,0.9,True,False,False
08705-29391-00129-00-1,하이캐슬,28,37.4135419153,126.9183031717,부설,0.9,True,False,False
08740-29391-00212-00-1,한양수자인에듀파크,388,,,부설,0.9,True,False,False
08748-29391-00124-00-1,,2,37.4262719432,126.9138515421,부설,0.9,False,False,False
08760-29391-00157-00-1,브라운스빌,12,,,부설,0.9,True,False,False
08784-29391-00123-00-1,,4,37.4249515071,126.9120228338,부설,0.9,False,False,False
08795-29391-00195-00-1,가야에이스 10차,8,,,애매,0.3,False,False,False
08836-29391-00026-00-1,,3,37.4066464739,126.9121074936,부설,0.9,False,False,False
10003-29391-00139-00-1,,29,37.4068020246,126.9179219448,애매,0.3,False,False,False
10007-29391-00101-00-1,,6,37.4016153039,126.9122805236,부설,0.9,False,False,False
10007-29391-00124-00-1,신평촌일성트루엘파크,5,,,부설,0.9,True,False,False
10010-29391-00324-00-1,동영벤처스텔,105,37.3878034527,126.9394518256,애매,0.3,False,False,False
10011-29391-00349-00-1,평촌초등학교,36,37.388158399,126.9606491461,부설,0.9,True,False,False
10015-29391-00161-00-1,아트리움,7,,,애매,0.3,False,False,False
10016-29391-00334-00-1,,4,,,부설,0.9,False,False,False
10017-29391-00145-00-1,현대원룸,6,,,애매,0.3,False,False,False
10021-29391-00094-00-1,윤정빌라,9,37.4342774062,126.9011015448,부설,0.9,True,False,False
10021-29391-00156-00-1,풀하우스,24,,,부설,0.9,True,False,False
10025-29391-00146-00-1,한인종합상가,35,37.3931141848,126.9611344082,부설,0.9,True,False,False
10025-29391-00262-00-1,,3,,,부설,0.9,False,False,False
10885-29391-00233-00-1,파크애비뉴엘,30,,,부설,0.9,True,False,False
10904-29391-00133-00-1,,5,37.3836972426,126.9372510323,부설,0.9,False,False,False
10909-29391-00825-00-1,목련아파트,815,37.3859965845,126.9525743688,부설,0.9,True,False,False
10910-29391-00273-00-1,에스엘 평촌 R&D 센터,105,37.3984390283,126.9663719276,애매,0.3,False,False,False
10910-29391-00286-00-1,라움,11,,,애매,0.3,False,False,False
10911-29391-00157-00-1,비산 이-편한세상,623,37.3999111287,126.942541133,애매,0.3,False,False,False
10938-29391-00073-00-1,석수두산위브,986,37.43260887,126.901275482,애매,0.3,False,False,False
10947-29391-00129-00-1,한일아파트,121,37.3938536894,126.9776263168,부설,0.9,True,False,False
10948-29391-00249-00-1,이룸오션하임,8,,,애매,0.3,False,False,False
10949-29391-00343-00-1,서광아침의빛아파트,65,37.4050883878,126.9106093804,부설,0.9,True,False,False
10955-29391-00449-00-1,,61,,,애매,0.3,False,False,False
10955-29391-00468-00-1,더베이타운,40,,,부설,0.9,True,False,False
10955-29391-00492-00-1,예수교대한성결교회영암교회,10,,,부설,0.9,True,False,False
11020-29391-00035-00-1,,4,37.3981184564,126.9160250504,부설,0.9,False,False,False
11103-29391-00138-00-1,세강파크빌,8,,,부설,0.9,True,False,False
11112-29391-00061-00-1,,27,37.4067850376,126.8883834568,애매,0.3,False,False,False
11125-29391-00104-00-1,,2,,,부설,0.9,False,False,False
11131-29391-00104-00-1,,8,37.3885783173,126.946922124,부설,0.9,False,False,False
11137-29391-00139-00-1,골든캐슬3차,23,37.414851841,126.9106158524,부설,0.9,True,False,False
11140-29391-00191-00-1,만안종합사회복지관,31,37.402794938,126.9137745184,애매,0.3,False,False,False
11141-29391-00119-00-1,,1,,,부설,0.9,False,False,False
11155-29391-00138-00-1,동화센트럴타운,14,37.3926774043,126.9287106948,부설,0.9,True,False,False
11158-29391-00311-00-1,,2,,,부설,0.9,False,False,False
11160-29391-00304-00-1,일번가 이지움,63,37.3980847881,126.9249109143,애매,0.3,False,False,False
11161-29391-00272-00-1,까사리움,8,,,애매,0.3,False,False,False
11162-29391-00076-00-1,,2,37.3895904414,126.9382127464,부설,0.9,False,False,False
11167-29391-00469-00-1,한솔리치빌,20,37.4076772533,126.9121243616,부설,0.9,True,False,False
11168-29391-00349-00-1,신화타워,163,37.420047817,126.892028497,부설,0.9,True,False,False
11169-29391-00011-00-1,초원아파트,207,37.3890963406,126.963381388,부설,0.9,True,False,False
11176-29391-00016-00-1,선일하이츠빌라,9,37.4055635828,126.9639290772,부설,0.9,True,False,False
11186-29391-00206-00-1,,3,37.4095432769,126.8857814355,부설,0.9,False,False,False
11190-29391-00265-00-1,골드클래스,8,,,애매,0.3,False,False,False
11192-29391-00277-00-1,,5,,,부설,0.9,False,False,False
11306-29391-00060-00-1,엠제이빌딩,3,,,부설,0.9,True,False,False
11318-29391-00072-00-1,,4,,,부설,0.9,False,False,False
11344-29391-00007-00-1,유앤미,16,37.4033470503,126.9147226167,애매,0.3,False,False,False
11355-29391-00012-00-1,한라비발디아파트,1660,37.4031821101,126.9018743036,부설,0.9,True,False,False
11359-29391-00054-00-1,,6,,,부설,0.9,False,False,False
11413-29391-00192-00-1,코카콜라음료(주)안양물류센터,199,37.4062685745,126.8910904698,부설,0.9,True,False,False
11413-29391-00383-00-1,,2,,,부설,0.9,False,False,False
11425-29391-00044-00-1,,4,37.4170026537,126.9095378727,부설,0.9,False,False,False
11426-29391-00327-00-1,안양동 경남아너스빌,235,37.4061331547,126.9200958008,부설,0.9,True,False,False
11427-29391-00101-00-1,,14,,,애매,0.3,False,False,False
11431-29392-00083-00-1,미래타운,62,37.3681027306,126.9538364702,부설,0.9,True,False,False
11442-29391-00038-00-1,CS빌딩,8,,,부설,0.9,True,False,False
11457-29391-00179-00-1,우성홈타운2차,22,37.3823315036,126.9007317039,부설,0.9,True,False,False
11464-29391-00127-00-1,,8,37.4055863411,126.9678596414,부설,0.9,False,False,False
11468-29391-00006-00-1,,5,,,부설,0.9,False,False,False
11476-29391-00080-00-1,렉서스안양서비스센터,48,,,애매,0.3,False,False,False
11480-29391-00065-00-1,흥화아파트,197,37.381955771,126.9510458255,부설,0.9,True,False,False
11492-29391-00084-00-1,,7,,,부설,0.9,False,False,False
11497-29391-00065-00-1,아카데미테마타운,11,37.4012707093,126.9003950094,부설,0.9,True,False,False
11521-29391-00209-00-1,힐데스하임,36,,,애매,0.3,False,False,False
11523-29391-00100-00-1,드림타운,8,,,부설,0.9,True,False,False
11601-29391-00001-00-1,,3,37.3819130843,126.96243642,부설,0.9,False,False,False
11601-29391-00002-00-1,,2,37.3818481603,126.9622783756,부설,0.9,False,False,False
11601-29391-00003-00-1,,4,37.381783236,126.9621203315,부설,0.9,False,False,False
11601-29391-00004-00-1,,4,37.3817219156,126.9619622859,부설,0.9,False,False,False
11601-29391-00006-00-1,,4,37.3829297674,126.9634837507,부설,0.9,False,False,False
11601-29391-00007-00-1,,4,37.3828000144,126.9634657475,부설,0.9,False,False,False
11601-29391-00009-00-1,,2,37.388102564,126.9327305085,부설,0.9,False,False,False
11601-29391-00011-00-1,,2,37.3881567127,126.9328840332,부설,0.9,False,False,False
11601-29391-00012-00-1,,2,37.3884773123,126.9325946675,부설,0.9,False,False,False
11601-29391-00013-00-1,,4,37.3885278313,126.9327030273,부설,0.9,False,False,False
11601-29391-00014-00-1,,3,37.3881892186,126.9330059594,부설,0.9,False,False,False
11601-29391-00015-00-1,,2,37.3884704067,126.9331276648,부설,0.9,False,False,False
11601-29391-00016-00-1,갤럭시 뷰,35,37.3887516278,126.9333080907,애매,0.3,False,False,False
11601-29391-00018-00-1,,1,37.3881998231,126.9326400845,부설,0.9,False,False,False
11601-29391-00020-00-1,,1,37.388297418,126.9331413691,부설,0.9,False,False,False
11601-29391-00021-00-1,,2,37.3882145673,126.9332182293,부설,0.9,False,False,False
11601-29391-00022-00-1,,2,37.3879403774,126.9327261366,부설,0.9,False,False,False
11601-29391-00023-00-1,,1,37.388001706,126.9328299693,부설,0.9,False,False,False
11601-29391-00024-00-1,,4,37.3880234305,126.9330061069,부설,0.9,False,False,False
11601-29391-00025-00-1,,2,37.3883728451,126.9326850984,부설,0.9,False,False,False
11601-29391-00026-00-1,신호안차랑4차,8,37.3882608448,126.9322064111,애매,0.3,False,False,False
11601-29391-00027-00-1,,2,37.3883008891,126.932906489,부설,0.9,False,False,False
11601-29391-00028-00-1,,2,37.3886685319,126.9329513303,부설,0.9,False,False,False
11601-29392-00005-00-1,,4,37.3830667161,126.9634611016,부설,0.9,False,False,False
11601-29392-00008-00-1,,2,37.3826918636,126.9633754694,부설,0.9,False,False,False
11606-29391-00076-00-1,다운타운빌딩,123,37.3919225705,126.9547659376,부설,0.9,True,False,False
11606-29391-00077-00-1,,15,37.3910175066,126.9536372245,애매,0.3,False,False,False
11606-29391-00078-00-1,호계동 1044-1 제1종근린생활시설 (김도율),48,37.3910860603,126.9538314146,부설,0.9,True,False,False
11611-29391-00001-00-1,,2,37.3837007185,126.9624445614,부설,0.9,False,False,False
11611-29391-00002-00-1,,2,37.3838160222,126.9623586886,부설,0.9,False,False,False
11611-29391-00003-00-1,,2,37.3838664262,126.9621915492,부설,0.9,False,False,False
11611-29391-00004-00-1,,4,37.3886933951,126.9323099101,부설,0.9,False,False,False
11611-29391-00005-00-1,,6,37.3885997379,126.932395815,부설,0.9,False,False,False
11614-29391-00001-00-1,하늘빌리텔,9,37.386464047,126.9288701477,부설,0.9,True,False,False
11614-29391-00002-00-1,한솔씨티빌,8,37.3863666822,126.9287799047,부설,0.9,True,False,False
11614-29391-00003-00-1,안양동 상가주택,3,37.3859704411,126.9291280673,부설,0.9,True,False,False
11615-29391-00001-00-1,,5,37.3885384063,126.932287465,부설,0.9,False,False,False
11615-29391-00002-00-1,솔주택,8,37.3893458516,126.9325125852,부설,0.9,True,False,False
11615-29391-00003-00-1,맥스빌,10,37.3892736898,126.9323726253,부설,0.9,True,False,False
11615-29391-00004-00-1,이루다 관광호텔,27,37.3895298889,126.9329144277,부설,0.9,True,False,False
11615-29391-00006-00-1,,4,37.3891369918,126.9328244395,부설,0.9,False,False,False
11615-29391-00007-00-1,,2,37.3890936837,126.9327205892,부설,0.9,False,False,False
11615-29391-00008-00-1,,7,37.3889027491,126.9328653006,부설,0.9,False,False,False
11615-29391-00009-00-1,,1,37.386153672,126.9281703469,부설,0.9,False,False,False
11615-29392-00005-00-1,안양 숙박시설 신축공사,19,37.389288507,126.933077252,애매,0.3,False,False,False
11616-29391-00001-00-1,삼성아이파크,14,37.3889749077,126.9330007434,부설,0.9,True,False,False
11616-29391-00002-00-1,마이하우스,8,37.3854113086,126.9283020391,부설,0.9,True,False,False
11616-29391-00003-00-1,,1,37.3860239878,126.9282743553,부설,0.9,False,False,False
11616-29391-00004-00-1,,1,37.3861539073,126.9285587859,부설,0.9,False,False,False
11616-29391-00005-00-1,,2,37.3857718354,126.9284959144,부설,0.9,False,False,False
11616-29391-00006-00-1,,1,37.3857252571,126.9289521464,부설,0.9,False,False,False
11617-29391-00001-00-1,,6,37.3856311938,126.9283605469,부설,0.9,False,False,False
11617-29391-00002-00-1,,3,37.3856669575,126.9279043255,부설,0.9,False,False,False
11617-29391-00003-00-1,에덴빌라,3,37.3855624911,126.9279902428,부설,0.9,True,False,False
11617-29391-00004-00-1,주택동,1,37.3861861965,126.9283148515,부설,0.9,True,False,False
11617-29391-00005-00-1,,4,37.3864281552,126.9291186029,부설,0.9,False,False,False
11617-29391-00006-00-1,,1,37.3863525072,126.9291819086,부설,0.9,False,False,False
11617-29391-00007-00-1,,2,37.3820429303,126.962747993,부설,0.9,False,False,False
11619-29391-00001-00-1,,6,37.3885605906,126.9332721249,부설,0.9,False,False,False
11619-29391-00002-00-1,,1,37.3854987467,126.9298692494,부설,0.9,False,False,False
11619-29391-00003-00-1,,1,37.3856823297,126.929489675,부설,0.9,False,False,False
11619-29391-00004-00-1,,1,37.3853616328,126.9296028925,부설,0.9,False,False,False
11619-29391-00005-00-1,,1,37.385448088,126.9295305446,부설,0.9,False,False,False
11619-29391-00006-00-1,존스빌,25,37.3873170926,126.9331196556,부설,0.9,True,False,False
11619-29391-00007-00-1,,15,37.3871441167,126.9331559436,애매,0.3,False,False,False
11619-29391-00008-00-1,,4,37.3872379225,126.9333320155,부설,0.9,False,False,False
11619-29391-00009-00-1,대한예수교장로회안양평성교회,12,37.3879407583,126.9333991458,부설,0.9,True,False,False
11619-29391-00011-00-1,펠리스 호텔,26,37.3874146551,126.9335667332,부설,0.9,True,False,False
11619-29391-00012-00-1,,2,37.3869099069,126.9332555207,부설,0.9,False,False,False
11619-29391-00013-00-1,서경아파트,15,37.3867585605,126.9333008226,부설,0.9,True,False,False
11619-29391-00015-00-1,,12,37.3866397476,126.9335177325,애매,0.3,False,False,False
11619-29391-00016-00-1,,4,37.3870725244,126.9340277477,부설,0.9,False,False,False
11619-29391-00018-00-1,행복빌리지,8,37.3871516198,126.9336798852,부설,0.9,True,False,False
11619-29391-00021-00-1,만안구보건소,39,37.3858968654,126.9327415126,비부설,0.9,False,True,False
11619-29391-00022-00-1,한림시티빌아파트,36,37.3860196427,126.9331614586,부설,0.9,True,False,False
11619-29391-00023-00-1,,2,37.3856918588,126.9334959859,부설,0.9,False,False,False
11619-29392-00010-00-1,,5,37.3878904762,126.9337108522,부설,0.9,False,False,False
11619-29392-00014-00-1,거성타워,32,37.3865639472,126.9333145452,부설,0.9,True,False,False
11619-29392-00020-00-1,,29,37.3857454447,126.9326558303,애매,0.3,False,False,False
11619-29392-00024-00-1,호계동 금호아파트,159,37.3815365806,126.9484220353,부설,0.9,True,False,False
11620-29391-00001-00-1,,3,37.3828362778,126.9641928924,부설,0.9,False,False,False
11620-29391-00002-00-1,,2,37.3828939829,126.9643238446,부설,0.9,False,False,False
11620-29391-00003-00-1,,4,37.3829480838,126.9644547988,부설,0.9,False,False,False
11620-29391-00004-00-1,,3,37.3830021858,126.9645902697,부설,0.9,False,False,False
11620-29391-00005-00-1,,2,37.3830598905,126.9647212225,부설,0.9,False,False,False
11620-29391-00006-00-1,,2,37.3831103882,126.9648566954,부설,0.9,False,False,False
11620-29391-00007-00-1,,2,37.3829662472,126.964933544,부설,0.9,False,False,False
11620-29391-00008-00-1,,2,37.3829085427,126.9648025911,부설,0.9,False,False,False
11620-29391-00009-00-1,,2,37.3828544423,126.9646716368,부설,0.9,False,False,False
11620-29391-00010-00-1,,5,37.3828003403,126.9645361661,부설,0.9,False,False,False
11620-29391-00012-00-1,,4,37.3826921372,126.9642697419,부설,0.9,False,False,False
11620-29392-00011-00-1,,2,37.3827426354,126.9644052139,부설,0.9,False,False,False
11621-29391-00001-00-1,,90,37.3872336064,126.9320808657,애매,0.3,False,False,False
11621-29391-00003-00-1,내외프라자,23,37.3833830141,126.9607690724,부설,0.9,True,False,False
11621-29391-00004-00-1,갈미 o & m 프라자,25,37.3832568932,126.9608368866,부설,0.9,True,False,False
11621-29391-00005-00-1,,22,37.3831343749,126.9609001821,애매,0.3,False,False,False
11621-29391-00006-00-1,평촌프라자,21,37.3830118581,126.9609679939,부설,0.9,True,False,False
11621-29391-00008-00-1,귀인동,2,37.3815704547,126.9616868583,애매,0.3,False,False,False
11621-29391-00009-00-1,,3,37.3822011685,126.9616775044,부설,0.9,False,False,False
11621-29391-00010-00-1,,5,37.3869602748,126.9270042472,부설,0.9,False,False,False
11621-29391-00011-00-1,굿모닝하우스,15,37.3865134066,126.927067915,부설,0.9,True,False,False
11621-29391-00012-00-1,안양시장애인지원센터,12,37.3854721683,126.9276289937,비부설,0.9,False,True,False
11621-29391-00013-00-1,영진맨션,6,37.3852885169,126.9278866211,부설,0.9,True,False,False
11621-29391-00014-00-1,안양상업고등학교,2,37.3851948683,126.9279815611,부설,0.9,True,False,False
11621-29392-00007-00-1,하나로통신(주),64,37.3828388928,126.9610629308,부설,0.9,True,False,False
11657-29391-00001-00-1,,1,37.3857680808,126.9282474988,부설,0.9,False,False,False
11657-29391-00002-00-1,,2,37.3885027361,126.9329379273,부설,0.9,False,False,False
11657-29391-00003-00-1,,2,37.38865785,126.933181701,부설,0.9,False,False,False
11657-29391-00004-00-1,,5,37.388403672,126.9433674698,부설,0.9,False,False,False
11657-29391-00005-00-1,신원비젼타워,188,37.389390816,126.9425852984,부설,0.9,True,False,False
11657-29391-00006-00-1,,10,37.3881295221,126.9428708221,부설,0.9,False,False,False
11657-29391-00007-00-1,대우공업,9,37.3878161294,126.9432098225,애매,0.3,False,False,False
11657-29391-00008-00-1,,2,37.3880858575,126.9420171702,부설,0.9,False,False,False
11657-29391-00009-00-1,,3,37.3879884539,126.9418275377,부설,0.9,False,False,False
11657-29391-00010-00-1,일신목형,5,37.3878946719,126.9416740376,애매,0.3,False,False,False
11657-29391-00011-00-1,(주)산리츠코리아 안양공장,3,37.388010313,126.9423063066,부설,0.9,True,False,False
11657-29391-00012-00-1,,4,37.3878552819,126.9421935045,부설,0.9,False,False,False
11657-29391-00013-00-1,,2,37.3896816371,126.9217935689,부설,0.9,False,False,False
11657-29391-00015-00-1,성원아파트,324,37.3901310463,126.9201444066,부설,0.9,True,False,False
11658-29391-00001-00-1,,2,37.3857510572,126.9299096648,부설,0.9,False,False,False
11658-29391-00002-00-1,,2,37.3903180548,126.9195479662,부설,0.9,False,False,False
11658-29391-00003-00-1,,10,37.3901558493,126.9195165207,부설,0.9,False,False,False
11658-29391-00004-00-1,,3,37.3898386772,126.919498792,부설,0.9,False,False,False
11658-29391-00005-00-1,,6,37.390159142,126.9190603027,부설,0.9,False,False,False
11658-29391-00006-00-1,,2,37.389946284,126.9187443441,부설,0.9,False,False,False
11658-29391-00007-00-1,,5,37.3898129141,126.9187173864,부설,0.9,False,False,False
11658-29391-00008-00-1,안양동 618-102 제2종근린생활시설 (가향교회),2,37.3898095207,126.9190245429,부설,0.9,True,False,False
11658-29391-00017-00-1,,6,37.3841053491,126.946283918,부설,0.9,False,False,False
11658-29391-00018-00-1,,5,37.3851982694,126.9482569268,부설,0.9,False,False,False
11658-29391-00019-00-1,,7,37.3859472511,126.9467478265,부설,0.9,False,False,False
11658-29391-00020-00-1,,5,37.3862283357,126.9466708431,부설,0.9,False,False,False
11658-29391-00031-00-1,,2,37.3866767242,126.9500626177,부설,0.9,False,False,False
11658-29391-00032-00-1,상명팰리스,10,37.3864459916,126.9498956509,부설,0.9,True,False,False
11658-29391-00033-00-1,,1,37.3865794404,126.9501259169,부설,0.9,False,False,False
11658-29392-00030-00-1,범계성당,32,37.3869108793,126.9498004891,부설,0.9,True,False,False
11658-29392-00034-00-1,,4,37.3863524377,126.950257053,부설,0.9,False,False,False
11660-29391-00001-00-1,정진빌딩,39,37.3825398063,126.9612256802,부설,0.9,True,False,False
11660-29391-00003-00-1,안양소방서귀인파출소,2,37.3818983702,126.9615105487,애매,0.3,False,False,False
11660-29391-00004-00-1,,8,37.3851658895,126.9277422049,부설,0.9,False,False,False
11660-29391-00005-00-1,,4,37.3854146049,126.9277961666,부설,0.9,False,False,False
11660-29392-00002-00-1,갈산프라자빌딩,23,37.3823524185,126.9613025573,부설,0.9,True,False,False
11668-29391-00001-00-1,,3,37.3870281499,126.9320403999,부설,0.9,False,False,False
11675-29391-00001-00-1,성우빌라,3,37.3857750362,126.9278319546,부설,0.9,True,False,False
11675-29391-00002-00-1,,2,37.3854652301,126.9280716364,부설,0.9,False,False,False
11675-29391-00003-00-1,다가구주택,1,37.3855231011,126.9284103334,부설,0.9,True,False,False
11675-29391-00004-00-1,다가구주택,2,37.3854510548,126.9284691189,부설,0.9,True,False,False
11675-29391-00005-00-1,대림프라자,15,37.3619975375,126.9647897834,부설,0.9,True,False,False
11675-29391-00006-00-1,건축허가번호. 121,2,37.3620913871,126.9652728759,부설,0.9,True,False,False
11675-29391-00007-00-1,덕유파크,76,37.3622599395,126.962518463,부설,0.9,True,False,False
11675-29391-00008-00-1,(주)오상헬스케어,78,37.3915601138,126.9418383291,부설,0.9,True,False,False
11675-29391-00009-00-1,부성정밀,10,37.3911636551,126.9418205672,부설,0.9,True,False,False
11675-29391-00011-00-1,,4,37.3908718148,126.9420059905,부설,0.9,False,False,False
11675-29391-00012-00-1,C동,161,37.3905908549,126.9423314311,애매,0.3,False,False,False
11675-29391-00013-00-1,,12,37.3902879523,126.9420064403,애매,0.3,False,False,False
11675-29391-00014-00-1,,5,37.3835653526,126.9333352671,부설,0.9,False,False,False
11675-29391-00016-00-1,동신빌딩,13,37.3830189071,126.9358243685,부설,0.9,True,False,False
11675-29391-00017-00-1,,3,37.3881128784,126.9258693997,부설,0.9,False,False,False
11675-29391-00018-00-1,안양세무서 청사,100,37.3885593303,126.9251462593,비부설,0.9,False,True,False
11675-29391-00024-00-1,수리산파크원,300,37.3889477705,126.9238901741,부설,0.9,True,False,False
11675-29391-00029-00-1,부광모터스,4,37.3900185972,126.9439805626,애매,0.3,False,False,False
11675-29391-00030-00-1,대기빌딩,4,37.3894497098,126.9451734564,부설,0.9,True,False,False
11675-29391-00031-00-1,,30,37.3900584064,126.9443283397,애매,0.3,False,False,False
11675-29391-00032-00-1,,2,37.3894094695,126.943904228,부설,0.9,False,False,False
11675-29391-00033-00-1,,12,37.3891571596,126.94385473,애매,0.3,False,False,False
11675-29391-00034-00-1,,8,37.3893768413,126.9435022457,부설,0.9,False,False,False
11675-29391-00035-00-1,,20,37.3891029002,126.9434392145,애매,0.3,False,False,False
11675-29391-00036-00-1,,12,37.3888505879,126.9433852012,애매,0.3,False,False,False
11675-29391-00037-00-1,,9,37.3886163026,126.9433447255,부설,0.9,False,False,False
11675-29391-00038-00-1,,17,37.3888363612,126.9437826988,애매,0.3,False,False,False
11675-29391-00039-00-1,,9,37.3885948613,126.9437286766,부설,0.9,False,False,False
11675-29391-00040-00-1,(주)텔레테크,16,37.3883749881,126.9436791554,부설,0.9,True,False,False
11675-29391-00041-00-1,,5,37.3881731569,126.9436747895,부설,0.9,False,False,False
11676-29391-00002-00-1,숲속이삭어린이집,5,37.3793431736,126.9519553055,부설,0.9,True,False,False
11676-29391-00003-00-1,실내게이트볼장,343,37.3786146556,126.9507634713,애매,0.3,False,False,False
11676-29391-00004-00-1,,8,37.3791810661,126.9521450943,부설,0.9,False,False,False
11676-29391-00005-00-1,박은섭씨건물,4,37.3791701549,126.9519012201,애매,0.3,False,False,False
11676-29391-00006-00-1,,5,37.3767881921,126.9527608143,부설,0.9,False,False,False
11676-29391-00007-00-1,수성드림빌아파트,16,37.3781545044,126.9536677249,부설,0.9,True,False,False
11676-29391-00008-00-1,안양시새마을회관,11,37.3781183338,126.9533380606,애매,0.3,False,False,False
11676-29391-00009-00-1,호계동 새마을회관 주차장,25,37.3780352803,126.9529361659,애매,0.3,False,False,False
11676-29391-00010-00-1,,2,37.3771378455,126.9529005971,부설,0.9,False,False,False
11676-29391-00011-00-1,호계상가,1,37.3768206794,126.9528872469,부설,0.9,True,False,False
11676-29391-00012-00-1,,5,37.3767340329,126.952516975,부설,0.9,False,False,False
11676-29391-00013-00-1,LSIS R&D Campus,180,37.3732768681,126.9504869706,애매,0.3,False,False,False
11676-29391-00027-00-1,,5,37.3899206443,126.9235323507,부설,0.9,False,False,False
11676-29391-00028-00-1,,4,37.3832017544,126.9340763045,부설,0.9,False,False,False
11676-29391-00029-00-1,,5,37.3830396331,126.9341893602,부설,0.9,False,False,False
11676-29391-00030-00-1,,4,37.3828003753,126.9317416076,부설,0.9,False,False,False
11676-29391-00031-00-1,영인크로매스(주),26,37.3849356744,126.9415995464,부설,0.9,True,False,False
11676-29391-00032-00-1,,21,37.3845210292,126.9412475703,애매,0.3,False,False,False
11676-29391-00033-00-1,,2,37.3847015152,126.9418165272,부설,0.9,False,False,False
11677-29391-00002-00-1,명지캐럿162 주상복합아파트,223,37.3848707803,126.9346710423,부설,0.9,True,False,False
11677-29391-00006-00-1,현대센타빌딩,19,37.384243453,126.9342831572,부설,0.9,True,False,False
11677-29391-00007-00-1,,5,37.3903588704,126.9329859608,부설,0.9,False,False,False
11677-29391-00008-00-1,,5,37.3913352829,126.9324656313,부설,0.9,False,False,False
11677-29391-00009-00-1,세한,24,37.3920990544,126.9319499976,애매,0.3,False,False,False
11677-29391-00010-00-1,,2,37.3855847626,126.9290606798,부설,0.9,False,False,False
11677-29391-00011-00-1,,2,37.385415457,126.9292053734,부설,0.9,False,False,False
11677-29391-00012-00-1,,1,37.3855019065,126.9291239916,부설,0.9,False,False,False
11677-29391-00013-00-1,씨티캐슬8차,8,37.3851702596,126.9290068701,부설,0.9,True,False,False
11677-29391-00014-00-1,,4,37.3875280933,126.9438198102,부설,0.9,False,False,False
11677-29391-00016-00-1,,5,37.386248256,126.9430167852,부설,0.9,False,False,False
11677-29391-00017-00-1,,5,37.3859134279,126.9437532642,부설,0.9,False,False,False
11677-29391-00018-00-1,(주)조인텍 공장,12,37.387067064,126.9444434713,부설,0.9,True,False,False
11677-29391-00019-00-1,안양우편물류센터,304,37.3890566283,126.9446678487,부설,0.9,True,False,False
11677-29391-00020-00-1,(주)세진전자통신,15,37.3886203232,126.9442209979,부설,0.9,True,False,False
11677-29391-00021-00-1,동보전자,51,37.3882963924,126.9451562288,애매,0.3,False,False,False
11677-29391-00022-00-1,,2,37.3881456269,126.9464797772,부설,0.9,False,False,False
11677-29391-00023-00-1,동우빌딩,20,37.3883139414,126.944148955,부설,0.9,True,False,False
11677-29391-00024-00-1,호계동 901-40 공장 (산남건설(주)),10,37.3880580232,126.9440904258,부설,0.9,True,False,False
11677-29391-00025-00-1,,4,37.3878057858,126.9441945003,부설,0.9,False,False,False
11677-29391-00027-00-1,,91,37.3893208552,126.947133896,애매,0.3,False,False,False
11677-29391-00028-00-1,거봉빌딩,10,37.3891371493,126.9473643877,부설,0.9,True,False,False
11677-29392-00001-00-1,,5,37.3851374632,126.9346346775,부설,0.9,False,False,False
11677-29392-00005-00-1,케이앤알빌딩,38,37.3844059371,126.934825011,부설,0.9,True,False,False
11677-29392-00026-00-1,대교빌딩,46,37.3896234245,126.9467452264,부설,0.9,True,False,False
11678-29391-00001-00-1,,4,37.3890687061,126.9331632687,부설,0.9,False,False,False
11678-29391-00002-00-1,드림아트빌,6,37.3851806495,126.9283067754,부설,0.9,True,False,False
11678-29391-00003-00-1,,6,37.3851988912,126.928672609,부설,0.9,False,False,False
11678-29391-00004-00-1,,2,37.3849392929,126.9285012217,부설,0.9,False,False,False
11678-29391-00005-00-1,,2,37.3848600438,126.9285690468,부설,0.9,False,False,False
11678-29391-00006-00-1,신진 센스빌,6,37.3846439046,126.928745401,부설,0.9,True,False,False
11678-29391-00007-00-1,,1,37.3847016598,126.9288943957,부설,0.9,False,False,False
11678-29391-00008-00-1,,3,37.3680701788,126.9535429728,부설,0.9,False,False,False
11678-29391-00009-00-1,호계동 여관,6,37.3678829612,126.9540443244,애매,0.3,False,False,False
11679-29391-00001-00-1,,9,37.3850459617,126.932150589,부설,0.9,False,False,False
11679-29391-00002-00-1,도정오피스텔,108,37.3850064899,126.9324532412,부설,0.9,True,False,False
11680-29391-00001-00-1,,2,37.3847505452,126.9323586211,부설,0.9,False,False,False
11680-29391-00002-00-1,안양아트센터,141,37.3849373277,126.931265421,애매,0.3,False,False,False
11681-29391-00001-00-1,아임Vill,11,37.3846838857,126.9293054274,애매,0.3,False,False,False
11681-29391-00002-00-1,,90,37.3853198572,126.9321232421,애매,0.3,False,False,False
11681-29391-00003-00-1,명학성당,12,37.3845079867,126.9304889514,부설,0.9,True,False,False
11681-29391-00004-00-1,현대맨션,6,37.3842017316,126.9306473157,부설,0.9,True,False,False
11681-29391-00005-00-1,,2,37.384306364,126.9308414342,부설,0.9,False,False,False
11681-29391-00006-00-1,명품하이츠,14,37.3841586438,126.930922869,애매,0.3,False,False,False
11681-29391-00007-00-1,,1,37.3841008408,126.9306880582,부설,0.9,False,False,False
11681-29391-00008-00-1,,1,37.3840362021,126.9310900958,부설,0.9,False,False,False
11681-29391-00009-00-1,,1,37.3839820828,126.93099078,부설,0.9,False,False,False
11681-29391-00010-00-1,,1,37.3843165294,126.929743885,부설,0.9,False,False,False
11681-29391-00011-00-1,유정빌라,4,37.3842590833,126.9301143015,부설,0.9,True,False,False
11681-29391-00013-00-1,,4,37.3841400414,126.9299337474,부설,0.9,False,False,False
11681-29391-00014-00-1,영림빌딩,2,37.3843274274,126.9298884068,부설,0.9,True,False,False
11681-29391-00015-00-1,,1,37.3636445553,126.9645903368,부설,0.9,False,False,False
11681-29391-00016-00-1,,4,37.3623329337,126.9655165913,부설,0.9,False,False,False
11681-29391-00017-00-1,,5,37.3628188561,126.9634122218,부설,0.9,False,False,False
11681-29391-00018-00-1,호계동 854-10 근린생활시설,1,37.3625088398,126.963209183,부설,0.9,True,False,False
11681-29391-00019-00-1,,2,37.3629306322,126.9635702046,부설,0.9,False,False,False
11681-29391-00020-00-1,호계동 근생/주택,3,37.3630639619,126.9634978945,부설,0.9,True,False,False
11681-29391-00021-00-1,,4,37.3623726784,126.9658597367,부설,0.9,False,False,False
11681-29391-00022-00-1,하늘빌딩,4,37.3618237965,126.9623741911,부설,0.9,True,False,False
11681-29391-00023-00-1,,3,37.3620726624,126.9629520242,부설,0.9,False,False,False
11681-29391-00024-00-1,,10,37.362076344,126.9632003635,부설,0.9,False,False,False
11681-29392-00012-00-1,,3,37.3839853109,126.9303494191,부설,0.9,False,False,False
11682-29391-00001-00-1,호계복합청사,66,37.3676288295,126.9588220109,비부설,0.9,False,True,False
11683-29391-00001-00-1,,3,37.3683045622,126.9538408623,부설,0.9,False,False,False
11683-29391-00002-00-1,,9,37.3684126359,126.9537143572,부설,0.9,False,False,False
11683-29391-00003-00-1,이룸렉스힐,26,37.3683584591,126.953420872,애매,0.3,False,False,False
11683-29391-00005-00-1,,2,37.3677677173,126.9542701763,부설,0.9,False,False,False
11683-29391-00006-00-1,,2,37.367634313,126.9541347885,부설,0.9,False,False,False
11683-29391-00007-00-1,,3,37.3676163816,126.9543650963,부설,0.9,False,False,False
11683-29391-00008-00-1,리버파크,6,37.3675190429,126.9542929053,부설,0.9,True,False,False
11683-29391-00010-00-1,늘해랑아파트,17,37.3669210213,126.9549706055,부설,0.9,True,False,False
11683-29391-00011-00-1,대영골든타워,71,37.3674074979,126.9547671123,부설,0.9,True,False,False
11683-29391-00013-00-1,호계아크로리버,403,37.3666761625,126.9555532602,애매,0.3,False,False,False
11683-29392-00012-00-1,주식회사 금명상사 금명빌딩,162,37.3671877851,126.9551284921,부설,0.9,True,False,False
11684-29391-00001-00-1,다보빌,12,37.3871490032,126.9291676091,부설,0.9,True,False,False
11684-29391-00002-00-1,황실맨션,8,37.3870876443,126.9290186127,부설,0.9,True,False,False
11684-29391-00003-00-1,,8,37.3893379568,126.9313201236,부설,0.9,False,False,False
11684-29391-00004-00-1,,1,37.3891721346,126.931261555,부설,0.9,False,False,False
11684-29391-00005-00-1,,2,37.3893850115,126.9316678843,부설,0.9,False,False,False
11684-29391-00006-00-1,황실빌라 1차,4,37.3898788187,126.9317487414,부설,0.9,True,False,False
11684-29391-00007-00-1,하이원빌,8,37.3899438692,126.9320558359,부설,0.9,True,False,False
11684-29391-00008-00-1,,5,37.38997279,126.9322093866,부설,0.9,False,False,False
11684-29391-00009-00-1,,2,37.3839457696,126.9623586237,부설,0.9,False,False,False
11684-29391-00010-00-1,,4,37.3838773463,126.9625302887,부설,0.9,False,False,False
11684-29391-00011-00-1,,2,37.38375483,126.9626026152,부설,0.9,False,False,False
11684-29392-00012-00-1,,2,37.3836323107,126.9626659082,부설,0.9,False,False,False
11685-29391-00001-00-1,씨티캐슬5차,14,37.3868828274,126.9300531482,부설,0.9,True,False,False
11685-29391-00002-00-1,,2,37.3864504512,126.9302477703,부설,0.9,False,False,False
11685-29391-00003-00-1,,5,37.3871209026,126.9304007201,부설,0.9,False,False,False
11685-29391-00004-00-1,안양동 505-2 업무시설 (상공회의소박찬호),43,37.3862888674,126.9312732207,애매,0.3,False,False,False
11685-29391-00005-00-1,,18,37.3857556269,126.9315582603,애매,0.3,False,False,False
11685-29391-00006-00-1,홍정곤 내과의원,18,37.3859827552,126.9316800054,부설,0.9,True,False,False
11685-29391-00007-00-1,수경,4,37.389752119,126.9307912625,애매,0.3,False,False,False
11685-29391-00008-00-1,주성리치빌,8,37.3896440465,126.9308771838,부설,0.9,True,False,False
11685-29391-00009-00-1,삼성원빌B동,8,37.3897344591,126.9314101009,부설,0.9,True,False,False
11685-29391-00010-00-1,,3,37.389665908,126.9312836889,부설,0.9,False,False,False
11685-29391-00011-00-1,삼성아트빌,8,37.3895143705,126.9309992602,부설,0.9,True,False,False
11685-29391-00012-00-1,,3,37.3894063005,126.9310896978,부설,0.9,False,False,False
11685-29391-00013-00-1,,5,37.3894856773,126.9312386841,부설,0.9,False,False,False
11685-29391-00014-00-1,,4,37.3895578378,126.9313741263,부설,0.9,False,False,False
11685-29391-00015-00-1,삼성원빌A동,8,37.3896263888,126.9315005383,부설,0.9,True,False,False
11685-29391-00016-00-1,,8,37.3894101172,126.9314555657,부설,0.9,False,False,False
11685-29391-00017-00-1,효성 하임빌,8,37.3887656806,126.9326666796,부설,0.9,True,False,False
11687-29391-00001-00-1,건축허가('93-314호),2,37.3843345101,126.960813743,부설,0.9,True,False,False
11687-29391-00002-00-1,건축허가('93-318호),2,37.3844281851,126.960718845,부설,0.9,True,False,False
11687-29391-00003-00-1,,6,37.3878947159,126.9286113362,부설,0.9,False,False,False
11687-29391-00004-00-1,파크그린빌라,4,37.3878944451,126.9281641694,부설,0.9,True,False,False
11687-29391-00005-00-1,,4,37.3878225385,126.9284533154,부설,0.9,False,False,False
11687-29391-00006-00-1,,8,37.3882191711,126.9287555681,부설,0.9,False,False,False
11687-29391-00007-00-1,,2,37.388111168,126.9289544118,부설,0.9,False,False,False
11687-29391-00011-00-1,비젼 하우스,58,37.3877296871,126.9298807219,부설,0.9,True,False,False
11687-29391-00012-00-1,샤인아파트및빌딩,23,37.3875317291,126.9303325881,부설,0.9,True,False,False
11687-29391-00013-00-1,,7,37.3877328686,126.9291715766,부설,0.9,False,False,False
11687-29391-00016-00-1,,4,37.3874947191,126.9287065686,부설,0.9,False,False,False
11687-29391-00018-00-1,,5,37.38743006,126.929063458,부설,0.9,False,False,False
11687-29391-00019-00-1,현주 아트빌,7,37.3875094177,126.9291763037,부설,0.9,True,False,False
11687-29391-00020-00-1,,1,37.3873363157,126.929000311,부설,0.9,False,False,False
11687-29391-00021-00-1,,4,37.3872028041,126.9287339458,부설,0.9,False,False,False
11687-29391-00022-00-1,,5,37.3873798809,126.9295287366,부설,0.9,False,False,False
11687-29391-00023-00-1,현대빌라,5,37.3872752868,126.929402364,부설,0.9,True,False,False
11687-29391-00024-00-1,,3,37.3869544229,126.9292355439,부설,0.9,False,False,False
11687-29391-00025-00-1,은성빌리지,8,37.3870085437,126.9293348623,부설,0.9,True,False,False
11687-29391-00026-00-1,아침누리어린이집,1,37.3870987511,126.9295109326,부설,0.9,True,False,False
11687-29391-00027-00-1,우성빌라,4,37.387231413,126.9283635411,부설,0.9,True,False,False
11687-29391-00028-00-1,,1,37.3870655125,126.9281785106,부설,0.9,False,False,False
11687-29391-00029-00-1,,4,37.3870223511,126.928323089,부설,0.9,False,False,False
11687-29391-00030-00-1,,8,37.3870729478,126.9285533971,부설,0.9,False,False,False
11687-29391-00031-00-1,드림빌,7,37.3866620678,126.9285312032,부설,0.9,True,False,False
11687-29391-00032-00-1,,4,37.3846850685,126.9638306814,부설,0.9,False,False,False
11687-29391-00033-00-1,,5,37.3848580429,126.9637583318,부설,0.9,False,False,False
11687-29391-00034-00-1,,2,37.3849949694,126.9636634159,부설,0.9,False,False,False
11687-29391-00035-00-1,,4,37.3851138836,126.9635956084,부설,0.9,False,False,False
11687-29391-00036-00-1,,3,37.3853300455,126.9633245027,부설,0.9,False,False,False
11687-29391-00037-00-1,,5,37.3852471863,126.9634374601,부설,0.9,False,False,False
11687-29391-00038-00-1,,5,37.3866303187,126.9296784914,부설,0.9,False,False,False
11687-29391-00039-00-1,한경선씨주택,5,37.3867348937,126.9297732459,부설,0.9,True,False,False
11687-29391-00040-00-1,,4,37.3867998397,126.9298951382,부설,0.9,False,False,False
11687-29391-00041-00-1,정우빌라,7,37.3869694217,126.930215672,부설,0.9,True,False,False
11687-29391-00043-00-1,사파리모텔,47,37.3869444137,126.9305905882,부설,0.9,True,False,False
11687-29391-00044-00-1,,3,37.3867895331,126.9307533348,부설,0.9,False,False,False
11687-29391-00045-00-1,,8,37.3877088004,126.9311364198,부설,0.9,False,False,False
11687-29391-00046-00-1,,3,37.3878568146,126.9315608671,부설,0.9,False,False,False
11687-29391-00047-00-1,,3,37.3881129058,126.931908432,부설,0.9,False,False,False
11687-29391-00048-00-1,,2,37.3879976373,126.9320169406,부설,0.9,False,False,False
11687-29391-00049-00-1,,5,37.3878317295,126.9318093159,부설,0.9,False,False,False
11687-29391-00050-00-1,,2,37.3877309787,126.9320939675,부설,0.9,False,False,False
11687-29391-00052-00-1,대동빌딩,18,37.3875251546,126.9314166304,부설,0.9,True,False,False
11687-29391-00053-00-1,부성빌딩,19,37.3872152525,126.9315027319,부설,0.9,True,False,False
11687-29392-00008-00-1,무진빌라,3,37.3880423962,126.9284666571,부설,0.9,True,False,False
11687-29392-00009-00-1,안양동 491-2 공동주택,17,37.3881117635,126.9299526358,부설,0.9,True,False,False
11687-29392-00010-00-1,비전하우스Ⅱ,42,37.3876613804,126.9301698624,부설,0.9,True,False,False
11687-29392-00014-00-1,,3,37.3876462566,126.9289819515,부설,0.9,False,False,False
11687-29392-00015-00-1,,5,37.3875380334,126.9288149313,부설,0.9,False,False,False
11687-29392-00017-00-1,,1011,37.3874657882,126.9285439907,애매,0.3,False,False,False
11687-29392-00042-00-1,,10,37.3872686517,126.9303689659,부설,0.9,False,False,False
11687-29392-00051-00-1,,2,37.3872946965,126.9317691511,부설,0.9,False,False,False
11708-29391-00004-00-1,DY town,79,37.3681934412,126.955421411,애매,0.3,False,False,False
11711-29391-00012-00-1,다가구주택,1,37.4041639423,126.91302751,부설,0.9,True,False,False
11711-29391-00013-00-1,,1,37.4041458254,126.9128965143,부설,0.9,False,False,False
11711-29391-00014-00-1,우성파크빌라,7,37.4039658275,126.9131768265,부설,0.9,True,False,False
11711-29391-00015-00-1,,2,37.4040161617,126.9130096096,부설,0.9,False,False,False
11712-29391-00010-00-1,루이캐슬,7,37.4036798964,126.9115462355,부설,0.9,True,False,False
11712-29391-00011-00-1,기산빌리지,4,37.4035538819,126.9117180592,부설,0.9,True,False,False
11712-29391-00012-00-1,다가구주택,1,37.4038278796,126.9118352004,부설,0.9,True,False,False
11720-29391-00004-00-1,,8,37.4017963546,126.9086390676,부설,0.9,False,False,False
11720-29391-00005-00-1,벨라,8,37.4020778905,126.9091808487,애매,0.3,False,False,False
11721-29391-00004-00-1,,6,37.4032270309,126.9084521025,부설,0.9,False,False,False
11722-29391-00020-00-1,,4,37.4029208589,126.9086783621,부설,0.9,False,False,False
11722-29391-00021-00-1,청운빌라,4,37.402913399,126.9083530938,부설,0.9,True,False,False
11725-29391-00003-00-1,,4,37.4027778908,126.9056109953,부설,0.9,False,False,False
11725-29391-00004-00-1,,28,37.4020964959,126.9053317531,애매,0.3,False,False,False
11725-29391-00005-00-1,열린문교회,3,37.4011159108,126.9049896466,부설,0.9,True,False,False
11725-29391-00006-00-1,,3,37.4008884753,126.9045201013,부설,0.9,False,False,False
11725-29391-00007-00-1,영복빌리지,8,37.401516463,126.9056125775,부설,0.9,True,False,False
11725-29391-00008-00-1,박달동다세대주택(시온빌라),5,37.401058734,126.9055995987,부설,0.9,True,False,False
11730-29391-00042-00-1,재단법인한국에스지아이안양교육원,26,37.3992680847,126.9328244328,애매,0.3,False,False,False
11730-29391-00043-00-1,좋은이웃교회,35,37.3991132525,126.9330775518,부설,0.9,True,False,False
11730-29391-00044-00-1,,5,37.3990124428,126.9332628592,부설,0.9,False,False,False
11730-29391-00078-00-1,,7,37.4035618195,126.9499249166,부설,0.9,False,False,False
11730-29391-00079-00-1,비산동 1032-11 제2종근린생활시설,20,37.4033708337,126.949997328,부설,0.9,True,False,False
11730-29391-00080-00-1,,3,37.4032555717,126.950160044,부설,0.9,False,False,False
11730-29391-00081-00-1,,8,37.4031798135,126.9499884194,부설,0.9,False,False,False
11737-29391-00007-00-1,엘림타워,6,37.4079569159,126.8851964983,부설,0.9,True,False,False
11737-29391-00008-00-1,,6,37.4080829619,126.8850969088,부설,0.9,False,False,False
11737-29391-00009-00-1,유창하우스,6,37.4082090078,126.8849973191,부설,0.9,True,False,False
11737-29391-00010-00-1,,6,37.4083314496,126.8848977345,부설,0.9,False,False,False
11737-29391-00011-00-1,,6,37.4084574953,126.884798144,부설,0.9,False,False,False
11737-29391-00012-00-1,,6,37.408623155,126.884666866,부설,0.9,False,False,False
11737-29391-00013-00-1,,6,37.4087419968,126.8845718039,부설,0.9,False,False,False
11738-29391-00029-00-1,영주주택,6,37.4093434128,126.884096478,부설,0.9,True,False,False
11740-29391-00020-00-1,대한불교조계종 비웅사,13,37.3992484042,126.9434270731,애매,0.3,False,False,False
11740-29391-00021-00-1,반야선원,3,37.3995152788,126.9437882755,애매,0.3,False,False,False
11740-29391-00022-00-1,,4,37.3991042948,126.9435401193,부설,0.9,False,False,False
11740-29391-00062-00-1,비산동이득풍씨주택,4,37.408434119,126.9489457701,부설,0.9,True,False,False
11740-29391-00064-00-1,현대주택,9,37.4082429344,126.9485573465,부설,0.9,True,False,False
11740-29391-00065-00-1,,2,37.4085641393,126.9495827313,부설,0.9,False,False,False
11740-29392-00063-00-1,,6,37.4084089742,126.9491400642,부설,0.9,False,False,False
11749-29391-00001-00-1,한양주택,4,37.3928332268,126.9242747196,부설,0.9,True,False,False
11749-29391-00002-00-1,장안그린주택,6,37.3927105401,126.9240444695,부설,0.9,True,False,False
11749-29391-00003-00-1,신세계빌딩,8,37.3925156838,126.9236787796,부설,0.9,True,False,False
11749-29391-00004-00-1,,1,37.3925952818,126.9241575138,부설,0.9,False,False,False
11749-29391-00005-00-1,씨티캐슬7차,20,37.3920402234,126.9241129021,부설,0.9,True,False,False
11749-29391-00006-00-1,,2,37.3921158425,126.9240089328,부설,0.9,False,False,False
11749-29391-00007-00-1,,4,37.3923506106,126.9247946724,부설,0.9,False,False,False
11749-29391-00008-00-1,,6,37.392224502,126.9248490036,부설,0.9,False,False,False
11749-29391-00009-00-1,다가구주택,1,37.3919363584,126.9251383845,부설,0.9,True,False,False
11749-29391-00010-00-1,다가구주택,1,37.3922285376,126.9255310816,부설,0.9,True,False,False
11749-29391-00012-00-1,영우빌딩,7,37.3913986647,126.9744696279,부설,0.9,True,False,False
11749-29391-00013-00-1,,17,37.3943828294,126.9743692367,애매,0.3,False,False,False
11749-29391-00014-00-1,한일빌딩,14,37.3931862914,126.9744599873,부설,0.9,True,False,False
11749-29391-00015-00-1,두산벤처다임,700,37.3912902087,126.9729700059,애매,0.3,False,False,False
11749-29391-00016-00-1,,2,37.3841275953,126.9272283073,부설,0.9,False,False,False
11749-29391-00017-00-1,,4,37.3843117169,126.927738508,부설,0.9,False,False,False
11749-29392-00011-00-1,,5,37.3921454526,126.9252285185,부설,0.9,False,False,False
11750-29391-00001-00-1,,7,37.3926924238,126.9238954225,부설,0.9,False,False,False
11751-29391-00001-00-1,,6,37.3902719651,126.9262467003,부설,0.9,False,False,False
11751-29391-00002-00-1,,3,37.3898354828,126.9256283049,부설,0.9,False,False,False
11751-29391-00005-00-1,,5,37.3885199568,126.9315421968,부설,0.9,False,False,False
11751-29391-00006-00-1,,5,37.3888371245,126.9315554591,부설,0.9,False,False,False
11751-29391-00007-00-1,,2,37.3890499952,126.9319527536,부설,0.9,False,False,False
11751-29391-00008-00-1,,3,37.3891400533,126.9318758847,부설,0.9,False,False,False
11751-29391-00009-00-1,리더스빌,7,37.3891185508,126.9320881991,부설,0.9,True,False,False
11751-29391-00010-00-1,,3,37.3889996729,126.9321876782,부설,0.9,False,False,False
11751-29391-00011-00-1,,2,37.3835240661,126.9622820527,부설,0.9,False,False,False
11751-29391-00012-00-1,,2,37.3833979443,126.9623498644,부설,0.9,False,False,False
11751-29391-00013-00-1,,4,37.3832718226,126.9624176759,부설,0.9,False,False,False
11751-29391-00014-00-1,,3,37.3831457007,126.9624854872,부설,0.9,False,False,False
11751-29391-00015-00-1,,2,37.3830915905,126.9623319514,부설,0.9,False,False,False
11751-29391-00016-00-1,,2,37.3832177122,126.9622641399,부설,0.9,False,False,False
11751-29391-00017-00-1,,2,37.3833438339,126.9621963282,부설,0.9,False,False,False
11751-29391-00018-00-1,,2,37.3834699556,126.9621285163,부설,0.9,False,False,False
11751-29392-00003-00-1,,2,37.3882497832,126.9317728024,부설,0.9,False,False,False
11752-29391-00001-00-1,,1,37.3897743268,126.9258090434,부설,0.9,False,False,False
11752-29391-00002-00-1,다가구주택,1,37.3901530725,126.9263145714,부설,0.9,True,False,False
11753-29391-00001-00-1,,1,37.3842791502,126.9275262579,부설,0.9,False,False,False
11753-29391-00002-00-1,안양성도침례교회,19,37.3917888986,126.9256263751,부설,0.9,True,False,False
11753-29391-00003-00-1,다가구주택,1,37.3918072334,126.9261277522,부설,0.9,True,False,False
11753-29391-00004-00-1,,3,37.391731587,126.9261910654,부설,0.9,False,False,False
11753-29391-00005-00-1,마르빌,8,37.3915620283,126.9259247252,부설,0.9,True,False,False
11753-29391-00006-00-1,한일 에코빌,6,37.3915687958,126.9252245742,부설,0.9,True,False,False
11753-29391-00007-00-1,,1,37.3912408923,126.9253333088,부설,0.9,False,False,False
11753-29391-00008-00-1,1,6,37.3912735482,126.9256810887,애매,0.3,False,False,False
11753-29391-00009-00-1,,4,37.3909923412,126.9255413385,부설,0.9,False,False,False
11753-29391-00010-00-1,,5,37.3911834942,126.9257579673,부설,0.9,False,False,False
11753-29391-00011-00-1,,1,37.3909094898,126.9256091758,부설,0.9,False,False,False
11753-29391-00012-00-1,,3,37.3908122306,126.9256905782,부설,0.9,False,False,False
11753-29391-00013-00-1,,4,37.3908915999,126.9258169764,부설,0.9,False,False,False
11753-29391-00014-00-1,,6,37.3916229684,126.9254006858,부설,0.9,False,False,False
11753-29391-00015-00-1,,2,37.3910425818,126.9251979947,부설,0.9,False,False,False
11753-29391-00016-00-1,,2,37.3909633547,126.9252974479,부설,0.9,False,False,False
11753-29391-00017-00-1,,5,37.3907543119,126.9252886213,부설,0.9,False,False,False
11753-29391-00018-00-1,,3,37.3908192653,126.9254150333,부설,0.9,False,False,False
11753-29391-00019-00-1,,2,37.3905921193,126.9252752313,부설,0.9,False,False,False
11754-29391-00004-00-1,안양문화원,20,37.3904302795,126.9258219479,비부설,0.9,False,True,False
11754-29391-00005-00-1,나등 빌리지 B동,6,37.3871311381,126.9731973388,부설,0.9,True,False,False
11754-29391-00006-00-1,,23,37.3888172654,126.9707169627,애매,0.3,False,False,False
11754-29391-00007-00-1,,13,37.3888678754,126.9713402751,애매,0.3,False,False,False
11754-29391-00008-00-1,평촌 꿈 주유소,2,37.3885251608,126.9700259939,애매,0.3,False,False,False
11754-29391-00009-00-1,,2,37.3849192263,126.9634782693,부설,0.9,False,False,False
11754-29391-00010-00-1,,1,37.3847895096,126.9635776986,부설,0.9,False,False,False
11754-29391-00011-00-1,,7,37.384594462,126.9622182836,부설,0.9,False,False,False
11754-29391-00012-00-1,,7,37.3859534355,126.9629447942,부설,0.9,False,False,False
11754-29391-00013-00-1,,12,37.3857694628,126.9624254628,애매,0.3,False,False,False
11754-29391-00014-00-1,신우빌라,4,37.3881627313,126.9308198247,부설,0.9,True,False,False
11754-29391-00015-00-1,,8,37.3882672023,126.9307384252,부설,0.9,False,False,False
11755-29391-00001-00-1,,3,37.392861468,126.9291351315,부설,0.9,False,False,False
11755-29391-00003-00-1,씨티프라임,35,37.3930497035,126.9305217191,애매,0.3,False,False,False
11755-29391-00004-00-1,,2,37.3930461604,126.9306256168,부설,0.9,False,False,False
11755-29391-00005-00-1,성도빌리지,4,37.3928043753,126.9300973349,부설,0.9,True,False,False
11755-29391-00006-00-1,창진빌라,3,37.3923897661,126.9298628302,부설,0.9,True,False,False
11755-29391-00007-00-1,건우로얄빌,7,37.392292504,126.9299442287,부설,0.9,True,False,False
11755-29391-00008-00-1,,17,37.3923754942,126.9301067674,애매,0.3,False,False,False
11755-29391-00009-00-1,,1,37.3876706803,126.9276539815,부설,0.9,False,False,False
11755-29391-00010-00-1,효은가,4,37.3877033651,126.9280604646,애매,0.3,False,False,False
11755-29391-00011-00-1,,3,37.3875915943,126.9279883023,부설,0.9,False,False,False
11755-29391-00012-00-1,건축허가번호 115호,3,37.3847705184,126.9605515502,부설,0.9,True,False,False
11755-29391-00013-00-1,건축허가번호('93-325호),2,37.3845759259,126.9606374684,부설,0.9,True,False,False
11755-29391-00014-00-1,,2,37.3845363334,126.9607955714,부설,0.9,False,False,False
11755-29391-00015-00-1,,2,37.3844715015,126.960922071,부설,0.9,False,False,False
11755-29391-00016-00-1,,8,37.3883716733,126.9306570254,부설,0.9,False,False,False
11755-29391-00017-00-1,,4,37.3884725401,126.9305756288,부설,0.9,False,False,False
11755-29391-00020-00-1,,2,37.388833358,126.931275415,부설,0.9,False,False,False
11755-29391-00021-00-1,,6,37.3885989923,126.9311039874,부설,0.9,False,False,False
11755-29391-00022-00-1,,3,37.3885304435,126.9309820944,부설,0.9,False,False,False
11755-29391-00023-00-1,일승빌라,4,37.3884582825,126.9308466544,부설,0.9,True,False,False
11755-29391-00024-00-1,,9,37.3882169219,126.931041101,부설,0.9,False,False,False
11755-29391-00025-00-1,,8,37.3884296816,126.9312441654,부설,0.9,False,False,False
11755-29391-00026-00-1,솔빛빌라,4,37.3884982328,126.9313705753,부설,0.9,True,False,False
11755-29391-00027-00-1,안양오피스텔,9,37.3886100146,126.9314653279,부설,0.9,True,False,False
11755-29391-00028-00-1,,2,37.3884371071,126.931619059,부설,0.9,False,False,False
11755-29391-00029-00-1,,2,37.3883326407,126.9317094912,부설,0.9,False,False,False
11755-29391-00030-00-1,,2,37.3878998041,126.9311136609,부설,0.9,False,False,False
11755-29391-00032-00-1,다가구주택,1,37.3883072186,126.9313752663,부설,0.9,True,False,False
11755-29392-00018-00-1,,3,37.3885627509,126.9307607377,부설,0.9,False,False,False
11755-29392-00019-00-1,,2,37.3886998594,126.9310225911,부설,0.9,False,False,False
11757-29391-00001-00-1,,2,37.3897165848,126.9256871427,부설,0.9,False,False,False
11757-29391-00002-00-1,,1,37.3900629026,126.9262062523,부설,0.9,False,False,False
11757-29391-00003-00-1,,1,37.3901347895,126.9258945107,부설,0.9,False,False,False
11757-29391-00004-00-1,,6,37.3902214459,126.9261473762,부설,0.9,False,False,False
11757-29391-00005-00-1,,35,37.3845525406,126.9266813833,애매,0.3,False,False,False
11757-29391-00006-00-1,,8,37.3842206297,126.9261442287,부설,0.9,False,False,False
11757-29391-00007-00-1,,8,37.3840619083,126.9259185539,부설,0.9,False,False,False
11757-29391-00008-00-1,농림축산검역본부,253,37.3891519115,126.9275712537,부설,0.9,True,False,False
11757-29391-00009-00-1,,9,37.3883782623,126.9296091058,부설,0.9,False,False,False
11757-29391-00011-00-1,,5,37.3884717611,126.929261219,부설,0.9,False,False,False
11757-29391-00012-00-1,,4,37.3880879968,126.9264249969,부설,0.9,False,False,False
11757-29391-00013-00-1,,1,37.3878647003,126.926678158,부설,0.9,False,False,False
11757-29391-00014-00-1,N프라자,2,37.3875263145,126.9273243925,부설,0.9,True,False,False
11757-29391-00015-00-1,,1,37.3876921249,126.9273603671,부설,0.9,False,False,False
11757-29391-00017-00-1,,2,37.3874471742,126.9275683768,부설,0.9,False,False,False
11757-29391-00018-00-1,두성빌라A동,6,37.3881716129,126.927594781,부설,0.9,True,False,False
11757-29391-00019-00-1,,1,37.3880598363,126.9275135852,부설,0.9,False,False,False
11757-29392-00010-00-1,,6,37.3883060594,126.9294059144,부설,0.9,False,False,False
11757-29392-00016-00-1,,1,37.387713655,126.9272067741,부설,0.9,False,False,False
11759-29391-00001-00-1,평촌동 70 제1종근린생활시설 (음종학),8,37.3950392415,126.9766276479,부설,0.9,True,False,False
11759-29391-00002-00-1,안양프라자빌리지,5,37.389161088,126.9308595596,부설,0.9,True,False,False
11759-29391-00003-00-1,,4,37.3890313935,126.9309500168,부설,0.9,False,False,False
11759-29391-00004-00-1,,2,37.3889555835,126.9307377919,부설,0.9,False,False,False
11759-29391-00006-00-1,우체국청사,38,37.393731105,126.9249965668,비부설,0.9,False,True,False
11759-29391-00007-00-1,,5,37.3928653938,126.9238545934,부설,0.9,False,False,False
11759-29391-00008-00-1,샘병원직장어린이집,32,37.3927426596,126.9235520698,부설,0.9,True,False,False
11759-29391-00010-00-1,안양등기소,11,37.392708179,126.9260049057,애매,0.3,False,False,False
11759-29391-00011-00-1,훼밀리타운,8,37.3924413605,126.9258199663,부설,0.9,True,False,False
11759-29391-00013-00-1,'93-189호,1,37.3906098277,126.9766922612,애매,0.3,False,False,False
11759-29391-00014-00-1,천사유치원,14,37.3904583149,126.9759876569,부설,0.9,True,False,False
11759-29391-00015-00-1,나눔초등학교,33,37.3904834444,126.9755043303,부설,0.9,True,False,False
11759-29391-00017-00-1,천평대 아파트,76,37.3914312601,126.9752149306,부설,0.9,True,False,False
11759-29392-00005-00-1,전화국,87,37.3933637139,126.9253537891,애매,0.3,False,False,False
11759-29392-00009-00-1,국제나은병원 빌딩,137,37.3928953904,126.9256840047,부설,0.9,True,False,False
11759-29392-00012-00-1,안양동 456-2 의료시설 (의료법인효산의료재단),98,37.3924488089,126.9262039136,애매,0.3,False,False,False
11759-29392-00016-00-1,,8,37.3916727916,126.9754903922,부설,0.9,False,False,False
11760-29391-00001-00-1,초원아파트,10,37.3901455447,126.9317891523,부설,0.9,True,False,False
11760-29391-00003-00-1,(주)뉴젠스 사옥,70,37.4005290286,126.9650970309,부설,0.9,True,False,False
11760-29391-00004-00-1,,54,37.4006444654,126.9654583858,애매,0.3,False,False,False
11760-29391-00005-00-1,(주)뷰웍스,135,37.3997831549,126.9656846588,부설,0.9,True,False,False
11760-29391-00006-00-1,디라직 본사,58,37.3994555156,126.9668503321,애매,0.3,False,False,False
11760-29391-00007-00-1,,40,37.3991816456,126.9669950133,애매,0.3,False,False,False
11760-29391-00008-00-1,,1,37.3812771255,126.9278317487,부설,0.9,False,False,False
11760-29391-00009-00-1,,2,37.3811113289,126.9278183583,부설,0.9,False,False,False
11760-29391-00010-00-1,성결대학교 기숙사,3,37.3810499102,126.92757453,부설,0.9,True,False,False
11760-29391-00011-00-1,인도원주택,8,37.3814827788,126.928192868,부설,0.9,True,False,False
11760-29391-00012-00-1,,1,37.381360182,126.9280981395,부설,0.9,False,False,False
11760-29391-00013-00-1,,1,37.3812952451,126.9279943233,부설,0.9,False,False,False
11760-29391-00014-00-1,,2,37.3822248587,126.9275959825,부설,0.9,False,False,False
11760-29391-00015-00-1,다가구주택,1,37.3822035757,126.9281560488,부설,0.9,True,False,False
11760-29391-00016-00-1,,1,37.3821279446,126.9282464508,부설,0.9,False,False,False
11760-29391-00017-00-1,,7,37.3820163162,126.9284091507,부설,0.9,False,False,False
11760-29391-00018-00-1,,2,37.3818685128,126.928350577,부설,0.9,False,False,False
11760-29391-00019-00-1,다가구주택,1,37.3819441248,126.92822856,부설,0.9,True,False,False
11760-29391-00020-00-1,,2,37.3820233573,126.9281336383,부설,0.9,False,False,False
11760-29391-00021-00-1,다가구주택,1,37.3820809596,126.928029704,부설,0.9,True,False,False
11760-29391-00022-00-1,,4,37.3819835858,126.9279259179,부설,0.9,False,False,False
11760-29391-00023-00-1,신라빌라,7,37.381897181,126.9280795609,부설,0.9,True,False,False
11760-29391-00024-00-1,,4,37.3817783557,126.9282603333,부설,0.9,False,False,False
11760-29391-00025-00-1,다가구주택,1,37.3820844012,126.9277632277,부설,0.9,True,False,False
11760-29391-00026-00-1,,1,37.3821889889,126.9278760398,부설,0.9,False,False,False
11760-29391-00027-00-1,다가구주택,1,37.3823403525,126.9278623453,부설,0.9,True,False,False
11760-29391-00028-00-1,다가구주택,1,37.3822683312,126.9279617774,부설,0.9,True,False,False
11760-29391-00029-00-1,,1,37.3824377429,126.9279932309,부설,0.9,False,False,False
11760-29391-00030-00-1,,1,37.3823765282,126.9280836196,부설,0.9,False,False,False
11760-29391-00031-00-1,,1,37.3825351166,126.9280970177,부설,0.9,False,False,False
11760-29391-00032-00-1,,1,37.3824630814,126.9281738672,부설,0.9,False,False,False
11760-29391-00033-00-1,,1,37.382333023,126.9276636261,부설,0.9,False,False,False
11760-29391-00034-00-1,,2,37.3824123765,126.9277674296,부설,0.9,False,False,False
11760-29391-00035-00-1,,2,37.3824989492,126.9278892925,부설,0.9,False,False,False
11760-29391-00036-00-1,,2,37.3825999463,126.9280246915,부설,0.9,False,False,False
11760-29391-00037-00-1,,1,37.3827081652,126.9281826665,부설,0.9,False,False,False
11760-29391-00038-00-1,,2,37.3827911416,126.9283180834,부설,0.9,False,False,False
11760-29391-00039-00-1,스카이빌,14,37.3820093887,126.9288743554,부설,0.9,True,False,False
11760-29391-00040-00-1,,5,37.3936664859,126.9787601864,부설,0.9,False,False,False
11760-29391-00041-00-1,동광빌딩,9,37.3937059888,126.9779832187,부설,0.9,True,False,False
11760-29391-00043-00-1,,3,37.3941095047,126.9772332432,부설,0.9,False,False,False
11760-29392-00044-00-1,평촌 본 프라자,50,37.3947112605,126.9765825773,부설,0.9,True,False,False
11762-29391-00006-00-1,개성하이뷰,28,37.391316436,126.9310337449,애매,0.3,False,False,False
11762-29391-00009-00-1,로얄프라자,6,37.3908840691,126.9312464409,부설,0.9,True,False,False
11762-29391-00010-00-1,,6,37.3900331135,126.9305787067,부설,0.9,False,False,False
11762-29391-00011-00-1,유니빌,4,37.3904874509,126.9309577154,부설,0.9,True,False,False
11762-29391-00012-00-1,,4,37.3904263104,126.931179104,부설,0.9,False,False,False
11762-29391-00013-00-1,그리스빌,5,37.3901955697,126.9310438056,부설,0.9,True,False,False
11762-29391-00014-00-1,,2,37.3904261022,126.9308222619,부설,0.9,False,False,False
11762-29391-00015-00-1,시대맨션3차,8,37.3903727116,126.93197866,부설,0.9,True,False,False
11762-29391-00016-00-1,,2,37.3901456514,126.9319743482,부설,0.9,False,False,False
11762-29391-00017-00-1,,8,37.3902788308,126.931676107,부설,0.9,False,False,False
11762-29391-00018-00-1,아트빌딩,5,37.3901922439,126.9315226083,부설,0.9,True,False,False
11762-29391-00020-00-1,다가구주택,1,37.3902573262,126.9318839077,부설,0.9,True,False,False
11762-29391-00021-00-1,에스엠아파트,14,37.3904665813,126.9322631458,부설,0.9,True,False,False
11762-29392-00001-00-1,,4,37.3907757595,126.9309258319,부설,0.9,False,False,False
11762-29392-00002-00-1,,4,37.3906783434,126.930745241,부설,0.9,False,False,False
11762-29392-00003-00-1,,4,37.3906278306,126.9306504304,부설,0.9,False,False,False
11762-29392-00004-00-1,,4,37.3905773177,126.9305556199,부설,0.9,False,False,False
11762-29392-00005-00-1,프리빌 오피스텔,91,37.3915870393,126.9315439249,부설,0.9,True,False,False
11762-29392-00007-00-1,,2,37.3908263353,126.9311290512,부설,0.9,False,False,False
11762-29392-00008-00-1,안양 세양청마루 주상복합,335,37.3912482863,126.9315984375,부설,0.9,True,False,False
11763-29391-00001-00-1,다가구주택,1,37.3913519706,126.9301709563,부설,0.9,True,False,False
11764-29391-00003-00-1,현준아파트,21,37.3924935496,126.928634078,부설,0.9,True,False,False
11764-29391-00004-00-1,유정아파트,14,37.3924501065,126.9283134041,부설,0.9,True,False,False
11764-29391-00006-00-1,,6,37.3929041091,126.928127769,부설,0.9,False,False,False
11764-29391-00007-00-1,P하우스,3,37.3824092962,126.9286300861,부설,0.9,True,False,False
11764-29391-00008-00-1,,1,37.3826397258,126.9282459632,부설,0.9,False,False,False
11764-29391-00009-00-1,,3,37.3827082857,126.9283813937,부설,0.9,False,False,False
11764-29391-00010-00-1,,1,37.3826254299,126.9284447038,부설,0.9,False,False,False
11764-29391-00011-00-1,,1,37.392727319,126.9278162559,부설,0.9,False,False,False
11764-29391-00012-00-1,시대맨션4차,9,37.3926048158,126.9278750959,부설,0.9,True,False,False
11764-29391-00013-00-1,신이모닝빌,8,37.3924823484,126.9279926583,부설,0.9,True,False,False
11764-29391-00014-00-1,,8,37.3926298512,126.9275588733,부설,0.9,False,False,False
11764-29391-00015-00-1,안양세차장,1,37.3920751113,126.9280337016,애매,0.3,False,False,False
11764-29391-00017-00-1,,2,37.3927631664,126.9275000223,부설,0.9,False,False,False
11764-29391-00018-00-1,,3,37.3917989708,126.9303286393,부설,0.9,False,False,False
11764-29391-00019-00-1,,1,37.3920802729,126.9306400582,부설,0.9,False,False,False
11764-29391-00020-00-1,,2,37.392101786,126.9304503205,부설,0.9,False,False,False
11764-29391-00021-00-1,,2,37.3919360829,126.9305950202,부설,0.9,False,False,False
11764-29391-00023-00-1,,7,37.4075805123,126.9722593431,부설,0.9,False,False,False
11764-29391-00024-00-1,,4,37.407447157,126.9722413202,부설,0.9,False,False,False
11764-29391-00026-00-1,,1,37.3911682287,126.9302840526,부설,0.9,False,False,False
11764-29391-00027-00-1,,1,37.3915142106,126.930265664,부설,0.9,False,False,False
11764-29391-00028-00-1,다가구주택,2,37.3914421687,126.9303334865,부설,0.9,True,False,False
11764-29391-00029-00-1,,2,37.3913593119,126.9303968019,부설,0.9,False,False,False
11764-29391-00030-00-1,,1,37.3912043149,126.9303608089,부설,0.9,False,False,False
11764-29392-00002-00-1,해뜨는요양병원,16,37.3925008911,126.9288554097,부설,0.9,True,False,False
11764-29392-00022-00-1,,2,37.3918603068,126.9304415094,부설,0.9,False,False,False
11764-29392-00025-00-1,,2,37.3912620414,126.9304646474,부설,0.9,False,False,False
11765-29391-00001-00-1,,6,37.3927676587,126.9289635688,부설,0.9,False,False,False
11765-29391-00002-00-1,,2,37.3927101937,126.9292978905,부설,0.9,False,False,False
11765-29391-00003-00-1,,3,37.3931889499,126.9283217349,부설,0.9,False,False,False
11765-29391-00004-00-1,,2,37.3929652328,126.927888302,부설,0.9,False,False,False
11765-29391-00005-00-1,,6,37.392878798,126.927992279,부설,0.9,False,False,False
11765-29391-00007-00-1,,19,37.3930303454,126.9282812315,애매,0.3,False,False,False
11765-29391-00008-00-1,태신주상복합,25,37.3925214398,126.9270891974,부설,0.9,True,False,False
11765-29391-00010-00-1,,12,37.3919919719,126.9276317605,애매,0.3,False,False,False
11765-29391-00011-00-1,,2,37.3925036112,126.9274008957,부설,0.9,False,False,False
11765-29391-00012-00-1,다가구주택,2,37.3924063535,126.9274868146,부설,0.9,True,False,False
11765-29391-00014-00-1,,2,37.3922550537,126.927604405,부설,0.9,False,False,False
11765-29392-00009-00-1,,4,37.3925864608,126.9273285418,부설,0.9,False,False,False
11765-29392-00013-00-1,,2,37.3923307036,126.9275456098,부설,0.9,False,False,False
11766-29391-00001-00-1,복산빌라,5,37.3813948151,126.9318061119,부설,0.9,True,False,False
11766-29391-00002-00-1,,2,37.3812003318,126.9320456593,부설,0.9,False,False,False
11766-29391-00003-00-1,,4,37.3811065604,126.9319328331,부설,0.9,False,False,False
11766-29391-00004-00-1,,5,37.3810703762,126.9316844621,부설,0.9,False,False,False
11766-29391-00005-00-1,영진빌라,2,37.3820939651,126.9317286985,부설,0.9,True,False,False
11766-29391-00006-00-1,영진빌라,2,37.3819893811,126.9316158811,부설,0.9,True,False,False
11766-29391-00007-00-1,해뜨는집,4,37.3813873719,126.9313996382,애매,0.3,False,False,False
11766-29391-00008-00-1,다가구주택,49,37.3932581525,126.9295277511,부설,0.9,True,False,False
11766-29391-00009-00-1,,5,37.3930849755,126.9292252641,부설,0.9,False,False,False
11766-29391-00010-00-1,다미아트빌,8,37.3930167969,126.9297267316,부설,0.9,True,False,False
11766-29391-00011-00-1,,2,37.3933952797,126.9298167216,부설,0.9,False,False,False
11766-29391-00012-00-1,가동,1,37.3929915092,126.929627378,애매,0.3,False,False,False
11766-29391-00015-00-1,,4,37.3929841097,126.9293066676,부설,0.9,False,False,False
11767-29391-00002-00-1,,4,37.393550191,126.9297081649,부설,0.9,False,False,False
11767-29391-00003-00-1,,6,37.3934672245,126.9295862787,부설,0.9,False,False,False
11767-29391-00004-00-1,상록빌라,9,37.3815098639,126.9313182304,부설,0.9,True,False,False
11767-29391-00005-00-1,다가구주택,1,37.3820008615,126.9327811242,부설,0.9,True,False,False
11767-29391-00006-00-1,,5,37.4088600019,126.9724350772,부설,0.9,False,False,False
11767-29391-00007-00-1,,5,37.4087338317,126.972317653,부설,0.9,False,False,False
11767-29391-00008-00-1,장수빌라,3,37.3816618965,126.9324652741,부설,0.9,True,False,False
11767-29391-00009-00-1,,2,37.3816437753,126.9322891482,부설,0.9,False,False,False
11767-29391-00010-00-1,다가구주택,2,37.3817266126,126.9321897114,부설,0.9,True,False,False
11767-29391-00011-00-1,,2,37.3818130538,126.9320902711,부설,0.9,False,False,False
11767-29391-00012-00-1,다가구주택,2,37.3814740583,126.931724744,부설,0.9,True,False,False
11769-29391-00001-00-1,다가구주택,1,37.3938991871,126.9287050206,부설,0.9,True,False,False
11769-29391-00002-00-1,,1,37.393762079,126.9284521877,부설,0.9,False,False,False
11769-29391-00003-00-1,훼밀리타운,73,37.3936972655,126.9285516274,부설,0.9,True,False,False
11769-29391-00004-00-1,,2,37.3940794023,126.9287229187,부설,0.9,False,False,False
11770-29391-00001-00-1,,6,37.4066249783,126.9703937759,부설,0.9,False,False,False
11770-29391-00002-00-1,아담아트빌,5,37.3929866364,126.9275269099,부설,0.9,True,False,False
11770-29391-00004-00-1,,1,37.3932678327,126.9276531197,부설,0.9,False,False,False
11770-29391-00006-00-1,,3,37.3938339443,126.9280952609,부설,0.9,False,False,False
11770-29391-00007-00-1,,2,37.3937186245,126.9281134398,부설,0.9,False,False,False
11770-29391-00008-00-1,,2,37.393949497,126.928461044,부설,0.9,False,False,False
11770-29391-00009-00-1,,5,37.3940288579,126.9285784159,부설,0.9,False,False,False
11770-29391-00010-00-1,삼성아트빌,6,37.3941658186,126.9285873204,부설,0.9,True,False,False
11770-29391-00011-00-1,,1,37.393776353,126.9282172801,부설,0.9,False,False,False
11770-29392-00003-00-1,,2,37.392964876,126.9273055908,부설,0.9,False,False,False
11773-29391-00016-00-1,,1,37.4074172596,126.9680260257,부설,0.9,False,False,False
11773-29391-00017-00-1,,2,37.4069855531,126.971066814,부설,0.9,False,False,False
11773-29391-00018-00-1,,1,37.4072232399,126.9703302885,부설,0.9,False,False,False
11777-29391-00004-00-1,,4,37.4058579891,126.9508043826,부설,0.9,False,False,False
11777-29391-00005-00-1,,15,37.4055916116,126.9515906718,애매,0.3,False,False,False
11778-29391-00013-00-1,,2,37.4103657367,126.948555895,부설,0.9,False,False,False
11779-29391-00050-00-1,,1,37.4102321685,126.9480589864,부설,0.9,False,False,False
11779-29391-00051-00-1,,3,37.4101383929,126.947900915,부설,0.9,False,False,False
11779-29391-00052-00-1,훼미리타운,16,37.4099832136,126.9474401695,부설,0.9,True,False,False
11779-29391-00054-00-1,그린빌딩,8,37.4095580465,126.9476980006,부설,0.9,True,False,False
11779-29391-00055-00-1,비산중학교,57,37.4092267198,126.948262996,부설,0.9,True,False,False
11779-29392-00009-00-1,,6,37.4016670133,126.9002228136,부설,0.9,False,False,False
11781-29391-00007-00-1,유니데코빌딩,12,37.4025696971,126.9565078964,부설,0.9,True,False,False
11783-29391-00010-00-1,신라빌라,7,37.4061158528,126.9668157724,부설,0.9,True,False,False
11784-29391-00004-00-1,J&J 빌딩,4,37.4050275009,126.967105396,부설,0.9,True,False,False
11784-29391-00005-00-1,,2,37.4066310222,126.966061045,부설,0.9,False,False,False
11784-29391-00006-00-1,,1,37.4063500109,126.9664361615,부설,0.9,False,False,False
11785-29391-00008-00-1,,7,37.4053293478,126.964028583,부설,0.9,False,False,False
11785-29391-00009-00-1,,3,37.4055058248,126.9636264058,부설,0.9,False,False,False
11785-29391-00010-00-1,,2,37.4057473951,126.9639425428,부설,0.9,False,False,False
11786-29391-00029-00-1,,3,37.3715098421,126.9571128954,부설,0.9,False,False,False
11787-29391-00008-00-1,,5,37.4027502204,126.9573842321,부설,0.9,False,False,False
11787-29391-00009-00-1,,7,37.4027935571,126.9576281652,부설,0.9,False,False,False
11787-29391-00010-00-1,,6,37.4028332811,126.957849512,부설,0.9,False,False,False
11791-29391-00037-00-1,,3,37.4026507428,126.9615767382,부설,0.9,False,False,False
11791-29391-00038-00-1,관양동 1449-6 도시형생활주택,5,37.4021786708,126.9617712402,부설,0.9,True,False,False
11795-29391-00001-00-1,,1,37.409978048,126.8844208081,부설,0.9,False,False,False
11796-29391-00043-00-1,관양타운,5,37.407080441,126.9624509666,부설,0.9,True,False,False
11796-29391-00044-00-1,,6,37.4064387601,126.9619678658,부설,0.9,False,False,False
11799-29391-00010-00-1,,2,37.3821892164,126.9583082028,부설,0.9,False,False,False
11799-29391-00011-00-1,,3,37.3822649517,126.9584481725,부설,0.9,False,False,False
11799-29391-00012-00-1,,2,37.3823190733,126.9586197698,부설,0.9,False,False,False
11799-29391-00013-00-1,정호연씨 주택,5,37.3822181776,126.9586740233,부설,0.9,True,False,False
11799-29391-00014-00-1,,3,37.3821496397,126.958502434,부설,0.9,False,False,False
11799-29391-00015-00-1,,2,37.3820450717,126.9583624805,부설,0.9,False,False,False
11799-29391-00016-00-1,,2,37.3830074776,126.9586826232,부설,0.9,False,False,False
11799-29391-00017-00-1,,2,37.3828777554,126.958754959,부설,0.9,False,False,False
11799-29391-00018-00-1,,2,37.3827480316,126.958822778,부설,0.9,False,False,False
11799-29391-00019-00-1,,4,37.3826183093,126.9588951134,부설,0.9,False,False,False
11800-29391-00005-00-1,평촌스포츠센타,119,37.3895464768,126.9522288453,애매,0.3,False,False,False
11800-29391-00006-00-1,범계지구대,6,37.3898927089,126.9528248643,애매,0.3,False,False,False
11800-29391-00007-00-1,목련아파트,425,37.3886171574,126.9535754663,부설,0.9,True,False,False
11800-29391-00008-00-1,범계초등학교,34,37.3872080847,126.9539015446,부설,0.9,True,False,False
11800-29391-00009-00-1,G. square 주차동,1411,37.3885724937,126.9501020123,애매,0.3,False,False,False
11800-29391-00010-00-1,대한예수교장로회은혜교회,9,37.3853377549,126.9544040419,부설,0.9,True,False,False
11800-29391-00011-00-1,안양어린이도서관,24,37.3850170566,126.9545758695,비부설,0.9,False,True,False
11800-29391-00012-00-1,신촌(7번)동사무소,20,37.3818533299,126.9563527537,애매,0.3,False,False,False
11803-29391-00001-00-1,,7,37.4011766777,126.9750445687,부설,0.9,False,False,False
11803-29391-00002-00-1,,4,37.4010217097,126.9750807611,부설,0.9,False,False,False
11803-29391-00007-00-1,,9,37.3882218356,126.9400567484,부설,0.9,False,False,False
11803-29391-00008-00-1,원풍산업,2,37.3882832376,126.9403186776,부설,0.9,True,False,False
11803-29391-00009-00-1,해동상운,38,37.3892235821,126.9396810464,애매,0.3,False,False,False
11803-29391-00010-00-1,,1,37.3898942523,126.9402902987,부설,0.9,False,False,False
11803-29391-00011-00-1,코리아테크 본사,14,37.3890181282,126.9396405589,애매,0.3,False,False,False
11803-29391-00012-00-1,,31,37.3884665799,126.9394016067,애매,0.3,False,False,False
11803-29391-00013-00-1,,2,37.3870577393,126.9401073598,부설,0.9,False,False,False
11803-29391-00014-00-1,안양동 199-28 공장,2,37.3868126748,126.9401346554,부설,0.9,True,False,False
11803-29391-00015-00-1,,6,37.3868704612,126.9403739987,부설,0.9,False,False,False
11803-29391-00016-00-1,,4,37.3868341733,126.9398862156,부설,0.9,False,False,False
11803-29391-00017-00-1,경인지방노동청안양지청사,100,37.387323755,126.9387656569,비부설,0.9,False,True,False
11803-29391-00018-00-1,창성빌딩,3,37.3875863872,126.9378711126,부설,0.9,True,False,False
11803-29391-00019-00-1,FINE사옥(안양),87,37.3866812702,126.9369459222,부설,0.9,True,False,False
11803-29391-00020-00-1,,2,37.3863171918,126.9368242749,부설,0.9,False,False,False
11803-29391-00021-00-1,한국의류시험연구원안양,32,37.3861298634,126.9369825178,애매,0.3,False,False,False
11804-29391-00001-00-1,,5,37.4165940474,126.9175542938,부설,0.9,False,False,False
11805-29391-00006-00-1,,1,37.4040878956,126.9711673201,부설,0.9,False,False,False
11805-29391-00007-00-1,라츠빌,14,37.4040303374,126.9716100875,부설,0.9,True,False,False
11808-29391-00005-00-1,,3,37.4039712667,126.9662610281,부설,0.9,False,False,False
11808-29391-00006-00-1,,7,37.4041190509,126.9663196934,부설,0.9,False,False,False
11808-29391-00060-00-1,,8,37.4015043101,126.9734858683,부설,0.9,False,False,False
11808-29391-00061-00-1,허가번호 : 63호,3,37.4015295771,126.9736575304,애매,0.3,False,False,False
11808-29391-00062-00-1,,2,37.4010898323,126.9734498732,부설,0.9,False,False,False
11808-29391-00097-00-1,.,5,37.3998469814,126.9760659777,애매,0.3,False,False,False
11808-29391-00098-00-1,,3,37.4000091789,126.9761336897,부설,0.9,False,False,False
11808-29391-00099-00-1,,2,37.398881141,126.9763373349,부설,0.9,False,False,False
11808-29391-00100-00-1,,1,37.3987946537,126.976391572,부설,0.9,False,False,False
11808-29391-00105-00-1,,3,37.3898360159,126.9391701397,부설,0.9,False,False,False
11808-29391-00106-00-1,,8,37.3896304524,126.9389173569,부설,0.9,False,False,False
11808-29391-00107-00-1,,2,37.3899086162,126.9401863972,부설,0.9,False,False,False
11808-29391-00108-00-1,,5,37.389410921,126.9395363546,부설,0.9,False,False,False
11808-29391-00109-00-1,,16,37.3887550135,126.9396091516,애매,0.3,False,False,False
11808-29391-00110-00-1,,2,37.3891626676,126.9403812173,부설,0.9,False,False,False
11808-29391-00112-00-1,,1,37.3890040033,126.9402142174,부설,0.9,False,False,False
11808-29391-00113-00-1,삼원정밀,3,37.3888814802,126.9402459329,부설,0.9,True,False,False
11808-29391-00114-00-1,,4,37.3885606224,126.9400609955,부설,0.9,False,False,False
11808-29391-00115-00-1,,2,37.3885859356,126.9402281,부설,0.9,False,False,False
11808-29391-00116-00-1,,1,37.3884922018,126.9401739719,부설,0.9,False,False,False
11808-29392-00101-00-1,,8,37.398686533,126.9764006409,부설,0.9,False,False,False
11808-29392-00102-00-1,어반부띠크 관광호텔,45,37.3984522719,126.9764233017,부설,0.9,True,False,False
11808-29392-00103-00-1,,16,37.398279282,126.9764549782,애매,0.3,False,False,False
11808-29392-00111-00-1,,6,37.3888059059,126.9404673208,부설,0.9,False,False,False
11809-29391-00002-00-1,관악수목원 생태학습원,47,37.4162028212,126.9313678969,애매,0.3,False,False,False
11809-29391-00004-00-1,,5,37.4159451345,126.9172974493,부설,0.9,False,False,False
11809-29391-00005-00-1,,3,37.4162942534,126.9166192837,부설,0.9,False,False,False
11809-29391-00007-00-1,씨에스프리미어관광호텔,20,37.4159845418,126.9169585165,부설,0.9,True,False,False
11809-29391-00016-00-1,관악성당,16,37.414667661,126.9201680676,부설,0.9,True,False,False
11809-29391-00018-00-1,평화빌딩,10,37.4156306435,126.9159693547,부설,0.9,True,False,False
11809-29391-00019-00-1,,6,37.4154828541,126.9159378904,부설,0.9,False,False,False
11809-29391-00020-00-1,,8,37.4153711182,126.9159244598,부설,0.9,False,False,False
11809-29391-00021-00-1,시티블레스아파트,18,37.4148773763,126.9159476039,부설,0.9,True,False,False
11809-29391-00022-00-1,베르사체2차,8,37.4155551248,126.9162044011,애매,0.3,False,False,False
11809-29391-00023-00-1,,1,37.4150288244,126.916055878,부설,0.9,False,False,False
11809-29391-00024-00-1,,3,37.4152490598,126.9166023684,부설,0.9,False,False,False
11809-29391-00025-00-1,,3,37.4148708453,126.9169055245,부설,0.9,False,False,False
11809-29391-00026-00-1,가야에이스빌 III,6,37.4152203164,126.9167289178,부설,0.9,True,False,False
11809-29391-00027-00-1,,6,37.4151915728,126.916855467,부설,0.9,False,False,False
11809-29391-00028-00-1,,2,37.414315423,126.9163458533,부설,0.9,False,False,False
11809-29391-00029-00-1,삼성빌딩,2,37.4140558017,126.9161654057,부설,0.9,True,False,False
11809-29391-00030-00-1,,3,37.3997454863,126.9733509614,부설,0.9,False,False,False
11809-29391-00031-00-1,청운빌라텔,5,37.3995941228,126.9733871553,부설,0.9,True,False,False
11809-29391-00032-00-1,창신마이빌,6,37.3994247277,126.9733736626,부설,0.9,True,False,False
11809-29391-00033-00-1,,5,37.399406647,126.9731071346,부설,0.9,False,False,False
11809-29391-00034-00-1,,1,37.3998212207,126.9735677772,부설,0.9,False,False,False
11809-29391-00035-00-1,이무주씨다가구주택,1,37.3997888112,126.9736897626,부설,0.9,True,False,False
11809-29391-00037-00-1,다가구주택3가구용,1,37.4138285557,126.9158990736,부설,0.9,True,False,False
11809-29391-00038-00-1,,2,37.413799858,126.9160888782,부설,0.9,False,False,False
11809-29391-00054-00-1,선명빌딩,8,37.4107976,126.9160018628,부설,0.9,True,False,False
11809-29391-00055-00-1,,3,37.4112011021,126.9157845368,부설,0.9,False,False,False
11809-29391-00056-00-1,다가구주택,1,37.4109308801,126.9159023131,부설,0.9,True,False,False
11809-29392-00003-00-1,,56,37.4160852205,126.916624034,애매,0.3,False,False,False
11810-29391-00001-00-1,,1,37.4136244142,126.9177337657,부설,0.9,False,False,False
11810-29391-00002-00-1,,6,37.4129323314,126.9175899357,부설,0.9,False,False,False
11810-29391-00003-00-1,,2,37.4135884866,126.9178964668,부설,0.9,False,False,False
11810-29391-00004-00-1,,2,37.413534196,126.9175666844,부설,0.9,False,False,False
11810-29391-00005-00-1,다가구주택,1,37.4134726298,126.9171420246,부설,0.9,True,False,False
11810-29391-00006-00-1,우성맨션,16,37.4137867953,126.918018247,부설,0.9,True,False,False
11810-29391-00007-00-1,,5,37.4138370766,126.9177651619,부설,0.9,False,False,False
11810-29391-00008-00-1,안양영화예술고등학교,125,37.3953183695,126.9114792685,부설,0.9,True,False,False
11810-29391-00009-00-1,,7,37.4146044733,126.9173757369,부설,0.9,False,False,False
11810-29391-00010-00-1,새안양교회,11,37.4147342546,126.9174252973,부설,0.9,True,False,False
11810-29391-00012-00-1,,6,37.3978431414,126.9762247253,부설,0.9,False,False,False
11810-29391-00014-00-1,,8,37.3980916693,126.9754702322,부설,0.9,False,False,False
11810-29391-00016-00-1,,19,37.3986467758,126.9758450026,애매,0.3,False,False,False
11810-29391-00017-00-1,,2,37.3984845965,126.975867642,부설,0.9,False,False,False
11810-29391-00018-00-1,세원테크,8,37.3889258171,126.9354579817,애매,0.3,False,False,False
11810-29391-00019-00-1,,5,37.3884574109,126.9356887438,부설,0.9,False,False,False
11810-29391-00020-00-1,,6,37.3882085365,126.9353366414,부설,0.9,False,False,False
11810-29391-00021-00-1,주식회사나오텍,10,37.38787714,126.9356666553,부설,0.9,True,False,False
11810-29391-00022-00-1,영운빌딩,4,37.3881871556,126.9357838287,부설,0.9,True,False,False
11810-29391-00023-00-1,,7,37.3879024766,126.9358653746,부설,0.9,False,False,False
11810-29391-00024-00-1,,14,37.3877075926,126.9353822399,애매,0.3,False,False,False
11810-29391-00025-00-1,,7,37.3878985699,126.9353098066,부설,0.9,False,False,False
11810-29391-00026-00-1,유천팩토피아,240,37.3900397803,126.9360080969,애매,0.3,False,False,False
11810-29391-00027-00-1,(주)케이엠지,11,37.3889376735,126.9374002397,부설,0.9,True,False,False
11810-29391-00028-00-1,,6,37.3883531053,126.9360818004,부설,0.9,False,False,False
11810-29391-00029-00-1,현호실업,14,37.3893079958,126.9357241526,애매,0.3,False,False,False
11810-29391-00030-00-1,유천팩토피아프라자,14,37.3905728614,126.9354113997,부설,0.9,True,False,False
11810-29391-00031-00-1,,8,37.3887971235,126.9374184241,부설,0.9,False,False,False
11810-29391-00032-00-1,우수정밀,9,37.3886313521,126.9374501801,부설,0.9,True,False,False
11810-29391-00033-00-1,거성냉동테크,15,37.3884367551,126.9374955105,애매,0.3,False,False,False
11810-29391-00034-00-1,,10,37.3882277417,126.9375408526,부설,0.9,False,False,False
11810-29391-00035-00-1,이맥스테크(주),20,37.3883428404,126.937102621,부설,0.9,True,False,False
11810-29391-00036-00-1,스트라텍빌딩,23,37.3893694245,126.9360177005,부설,0.9,True,False,False
11810-29391-00037-00-1,,14,37.3895139237,126.9366409151,애매,0.3,False,False,False
11810-29391-00038-00-1,,15,37.3893194478,126.9369120943,애매,0.3,False,False,False
11810-29391-00039-00-1,,13,37.3890708089,126.936993607,애매,0.3,False,False,False
11810-29391-00040-00-1,,11,37.3887932916,126.9369893224,애매,0.3,False,False,False
11810-29391-00041-00-1,,22,37.3886993776,126.9366009486,애매,0.3,False,False,False
11810-29391-00042-00-1,,32,37.3885801776,126.9361087089,애매,0.3,False,False,False
11810-29391-00043-00-1,AL시스템,29,37.3889801975,126.9360451327,애매,0.3,False,False,False
11810-29391-00044-00-1,은하빌딩,5,37.3892110978,126.9364875947,부설,0.9,True,False,False
11810-29391-00045-00-1,안양테크노벨리 주차장,21,37.3890417419,126.9365554912,비부설,0.9,False,False,True
11810-29391-00046-00-1,,6,37.3894344518,126.936302212,부설,0.9,False,False,False
11810-29391-00047-00-1,주식회사 코윈솔루텍,12,37.3881693333,126.9361497092,부설,0.9,True,False,False
11810-29391-00048-00-1,,4,37.3980957306,126.9777831667,부설,0.9,False,False,False
11810-29391-00049-00-1,서현빌딩,33,37.3985245734,126.9775526487,부설,0.9,True,False,False
11810-29391-00050-00-1,건축허가번호-195호,7,37.3975298257,126.9774490448,부설,0.9,True,False,False
11810-29391-00051-00-1,대한예수교침례회 서울중앙교회 선교센터,9,37.397428961,126.9777110849,부설,0.9,True,False,False
11810-29391-00052-00-1,,30,37.39724159,126.9779324931,애매,0.3,False,False,False
11810-29391-00053-00-1,,3,37.3973460224,126.9774762043,부설,0.9,False,False,False
11810-29391-00054-00-1,,5,37.3974036619,126.9773406647,부설,0.9,False,False,False
11810-29391-00055-00-1,허가번호93-2(93.1.9),84,37.3976380989,126.978253114,애매,0.3,False,False,False
11810-29391-00056-00-1,동진빌딩,8,37.3997500559,126.9780492139,부설,0.9,True,False,False
11810-29391-00057-00-1,동일테크노타운,80,37.3839093356,126.9362255872,부설,0.9,True,False,False
11810-29391-00058-00-1,,6,37.3854915542,126.9362648974,부설,0.9,False,False,False
11810-29391-00059-00-1,,7,37.385307782,126.9363328032,부설,0.9,False,False,False
11810-29391-00060-00-1,,15,37.3851348196,126.9363961829,애매,0.3,False,False,False
11810-29391-00061-00-1,,31,37.3847023722,126.9364778478,애매,0.3,False,False,False
11810-29391-00062-00-1,,4,37.3853764538,126.9366940802,부설,0.9,False,False,False
11810-29391-00063-00-1,,5,37.3857011158,126.9372448457,부설,0.9,False,False,False
11810-29391-00064-00-1,,12,37.3853876196,126.9373580242,애매,0.3,False,False,False
11810-29391-00065-00-1,삼정정밀,9,37.3858241709,126.9382248705,부설,0.9,True,False,False
11810-29391-00066-00-1,(주)케미코스,12,37.385867723,126.9388074915,부설,0.9,True,False,False
11810-29391-00067-00-1,,10,37.3858282667,126.9391733775,부설,0.9,False,False,False
11810-29391-00068-00-1,(주)삼양사안양센터,13,37.3855290899,126.939101352,부설,0.9,True,False,False
11810-29391-00069-00-1,일진기계(주)안양공장,12,37.3849737393,126.9384830181,부설,0.9,True,False,False
11810-29391-00070-00-1,,2,37.3862176662,126.9394802013,부설,0.9,False,False,False
11810-29391-00071-00-1,,8,37.3855657457,126.9403072814,부설,0.9,False,False,False
11810-29391-00072-00-1,인탑스C.N.D,19,37.3853206012,126.9401764919,애매,0.3,False,False,False
11810-29391-00073-00-1,쿨랜스빌딩,23,37.3845158853,126.9382259438,부설,0.9,True,False,False
11810-29391-00074-00-1,,4,37.3836333788,126.9391841837,부설,0.9,False,False,False
11810-29391-00075-00-1,,31,37.3842744441,126.9382893746,애매,0.3,False,False,False
11810-29391-00076-00-1,,1,37.3902512865,126.9339436566,부설,0.9,False,False,False
11810-29391-00077-00-1,,6,37.3887774878,126.934437291,부설,0.9,False,False,False
11810-29391-00078-00-1,명지 이-스페이스,72,37.3840934764,126.9368442071,애매,0.3,False,False,False
11810-29391-00079-00-1,,8,37.3842090765,126.9373499714,부설,0.9,False,False,False
11810-29391-00080-00-1,동광전자(주),22,37.3837186531,126.936849038,부설,0.9,True,False,False
11810-29391-00081-00-1,부성정밀,16,37.3826128483,126.9380829762,부설,0.9,True,False,False
11810-29391-00082-00-1,,34,37.3826599184,126.9384984579,애매,0.3,False,False,False
11810-29391-00083-00-1,성일디지털타워,36,37.3830309941,126.9382181288,부설,0.9,True,False,False
11810-29391-00084-00-1,,12,37.3826268411,126.9372790234,애매,0.3,False,False,False
11810-29391-00085-00-1,,10,37.3824394545,126.9373288611,부설,0.9,False,False,False
11810-29391-00086-00-1,평촌그라테아II,220,37.3952948965,126.9618650823,애매,0.3,False,False,False
11810-29391-00087-00-1,한림대학교 교육및연구시설,19,37.3954247784,126.9622851247,부설,0.9,True,False,False
11810-29391-00088-00-1,한솔 센트럴파크3,253,37.3957205884,126.9631568173,부설,0.9,True,False,False
11810-29391-00089-00-1,평촌샤르망오피스텔,273,37.3938311193,126.9602938394,부설,0.9,True,False,False
11810-29391-00090-00-1,평촌 동양트레벨파크,390,37.3940006773,126.9607906428,부설,0.9,True,False,False
11810-29391-00091-00-1,,4,37.4121910641,126.9192896278,부설,0.9,False,False,False
11810-29391-00092-00-1,,12,37.4128718503,126.9187286233,애매,0.3,False,False,False
11810-29391-00093-00-1,,5,37.4131209399,126.9193247769,부설,0.9,False,False,False
11810-29391-00094-00-1,좋은집,2,37.4119028151,126.9194028941,애매,0.3,False,False,False
11810-29391-00095-00-1,한국도로공사도로관리사무소,5,37.3722266744,126.9020049565,애매,0.3,False,False,False
11810-29391-00096-00-1,병목안 시민공원,549,37.3847023424,126.9088720941,비부설,0.9,False,True,False
11810-29391-00099-00-1,안일초등학교,38,37.4038316916,126.9224158742,부설,0.9,True,False,False
11810-29391-00100-00-1,안양민자역사,796,37.4050374995,126.920074375,애매,0.3,False,False,False
11810-29391-00102-00-1,안양시시립도서관,10,37.3857623183,126.9247741529,비부설,0.9,False,True,False
11810-29391-00107-00-1,,2,37.3915593644,126.9403341487,부설,0.9,False,False,False
11810-29391-00108-00-1,다온빌,5,37.3906801144,126.940628451,부설,0.9,True,False,False
11810-29391-00109-00-1,에이원골프장,101,37.3911783927,126.9354921868,애매,0.3,False,False,False
11810-29392-00011-00-1,,8,37.415123526,126.9174700547,부설,0.9,False,False,False
11810-29392-00101-00-1,청해수산,114,37.4028396936,126.9210932001,애매,0.3,False,False,False
11810-29392-00106-00-1,성원아파트,88,37.3962850238,126.9285898272,부설,0.9,True,False,False
11811-29391-00001-00-1,진영정밀,2,37.3922528494,126.9362998273,부설,0.9,True,False,False
11812-29391-00001-00-1,,5,37.394666882,126.9287449487,부설,0.9,False,False,False
11812-29391-00002-00-1,대호맨션C,6,37.3943641904,126.9288310625,부설,0.9,True,False,False
11812-29391-00004-00-1,대호맨션B,6,37.3942777358,126.9289034198,부설,0.9,True,False,False
11812-29391-00005-00-1,대호맨션,6,37.3941912785,126.9289712598,부설,0.9,True,False,False
11813-29391-00001-00-1,찬재빌딩,27,37.3906601763,126.9369245218,부설,0.9,True,False,False
11813-29391-00002-00-1,,3,37.3917256954,126.9345476503,부설,0.9,False,False,False
11813-29391-00003-00-1,,5,37.3909688493,126.9345708934,부설,0.9,False,False,False
11813-29391-00004-00-1,안양빌딩,4,37.3915925237,126.9348729945,부설,0.9,True,False,False
11813-29391-00005-00-1,,2,37.3909185168,126.9347967882,부설,0.9,False,False,False
11813-29391-00006-00-1,,3,37.3913150387,126.9349274391,부설,0.9,False,False,False
11813-29391-00007-00-1,,7,37.390701906,126.9341374926,부설,0.9,False,False,False
11813-29391-00008-00-1,,2,37.3904284403,126.9349417564,부설,0.9,False,False,False
11813-29391-00009-00-1,안양동 194-34 단독주택 (임순복),8,37.3902733898,126.9348063809,부설,0.9,True,False,False
11813-29391-00010-00-1,,1,37.3899200343,126.9345266353,부설,0.9,False,False,False
11813-29391-00011-00-1,(주)서울램,6,37.3898083725,126.9346441732,부설,0.9,True,False,False
11813-29391-00012-00-1,형제빌딩,52,37.3925411923,126.9613108717,부설,0.9,True,False,False
11813-29391-00013-00-1,평촌주공공이,466,37.3929848004,126.9622547272,애매,0.3,False,False,False
11813-29391-00014-00-1,,2,37.3791700993,126.9365050957,부설,0.9,False,False,False
11813-29391-00015-00-1,,3,37.3789108147,126.9368982325,부설,0.9,False,False,False
11813-29391-00016-00-1,,3,37.3788099434,126.9369796103,부설,0.9,False,False,False
11813-29391-00017-00-1,,5,37.3787486111,126.9368622381,부설,0.9,False,False,False
11813-29391-00018-00-1,하이캐슬3차,16,37.3788781724,126.9365143744,부설,0.9,True,False,False
11813-29391-00019-00-1,,3,37.3787124614,126.9366590354,부설,0.9,False,False,False
11813-29391-00020-00-1,,4,37.3786007852,126.9367539712,부설,0.9,False,False,False
11813-29391-00021-00-1,,1,37.3784963195,126.936853417,부설,0.9,False,False,False
11813-29391-00022-00-1,건우하이츠빌라,2,37.3783597617,126.937603232,부설,0.9,True,False,False
11813-29391-00023-00-1,,4,37.3782624964,126.9376891216,부설,0.9,False,False,False
11813-29391-00024-00-1,다가구주택,2,37.3784929341,126.937264401,부설,0.9,True,False,False
11813-29391-00025-00-1,건우하이츠,2,37.3782947973,126.9374316678,애매,0.3,False,False,False
11813-29391-00026-00-1,장미 리츠빌,8,37.3781975273,126.937508525,부설,0.9,True,False,False
11813-29391-00027-00-1,,2,37.3783343395,126.9372374355,부설,0.9,False,False,False
11813-29391-00028-00-1,,4,37.3782333336,126.9370659018,부설,0.9,False,False,False
11813-29391-00029-00-1,,5,37.378258396,126.9367542587,부설,0.9,False,False,False
11813-29391-00030-00-1,산내들빌라,6,37.378153911,126.936817574,부설,0.9,True,False,False
11813-29391-00031-00-1,,6,37.378049438,126.9369034704,부설,0.9,False,False,False
11813-29391-00032-00-1,,11,37.3778261019,126.9371249531,애매,0.3,False,False,False
11813-29391-00033-00-1,,2,37.3780214497,126.9385067619,부설,0.9,False,False,False
11813-29391-00034-00-1,,2,37.3779494358,126.9386377917,부설,0.9,False,False,False
11813-29391-00035-00-1,동우하이츠빌라,6,37.3786516292,126.9374810505,부설,0.9,True,False,False
11813-29391-00036-00-1,동우하이츠빌라,6,37.3787021795,126.9376571438,부설,0.9,True,False,False
11813-29391-00037-00-1,,1,37.378687114,126.9364377586,부설,0.9,False,False,False
11813-29391-00038-00-1,국토빌딩,21,37.3826906663,126.9353323467,부설,0.9,True,False,False
11813-29391-00039-00-1,,3,37.3828169181,126.9355309659,부설,0.9,False,False,False
11813-29391-00040-00-1,,2,37.3826872249,126.9356304405,부설,0.9,False,False,False
11813-29391-00041-00-1,산들에빌,12,37.3828455954,126.9352463995,부설,0.9,True,False,False
11813-29391-00042-00-1,,8,37.3799371182,126.9352985802,부설,0.9,False,False,False
11813-29391-00043-00-1,,3,37.3798472227,126.9356780315,부설,0.9,False,False,False
11813-29391-00044-00-1,,2,37.4101252756,126.9734918666,부설,0.9,False,False,False
11813-29391-00045-00-1,동행재,4,37.4100243421,126.9734060569,애매,0.3,False,False,False
11813-29391-00046-00-1,,2,37.4099306177,126.9733247631,부설,0.9,False,False,False
11813-29391-00047-00-1,00주택,2,37.4093579239,126.9749469745,부설,0.9,True,False,False
11813-29391-00048-00-1,주식회사 코엠에스,22,37.4102943065,126.9719285149,부설,0.9,True,False,False
11813-29391-00049-00-1,,2,37.3815302023,126.9354327053,부설,0.9,False,False,False
11813-29391-00050-00-1,레이크빌,10,37.381407737,126.9355683038,부설,0.9,True,False,False
11813-29391-00051-00-1,,1,37.3814942992,126.9356856576,부설,0.9,False,False,False
11813-29391-00052-00-1,씨티캐슬9차,8,37.3804416347,126.9351942697,부설,0.9,True,False,False
11813-29391-00053-00-1,,5,37.3802651797,126.9354608881,부설,0.9,False,False,False
11813-29391-00054-00-1,,6,37.3804237155,126.9353794572,부설,0.9,False,False,False
11813-29391-00055-00-1,,5,37.3809967815,126.9354060641,부설,0.9,False,False,False
11813-29391-00056-00-1,블루빌,8,37.38085668,126.9362507544,부설,0.9,True,False,False
11813-29391-00057-00-1,,3,37.3810440003,126.9360789715,부설,0.9,False,False,False
11813-29391-00058-00-1,안양동 361 제1종근린생활시설 (송기영),7,37.3805251932,126.9364181417,부설,0.9,True,False,False
11813-29391-00059-00-1,,1,37.3802945433,126.9364409183,부설,0.9,False,False,False
11813-29391-00060-00-1,,4,37.3803919387,126.9365989098,부설,0.9,False,False,False
11813-29391-00061-00-1,우덕빌라,4,37.3802221198,126.9358086863,부설,0.9,True,False,False
11813-29391-00062-00-1,그라하시티,10,37.3798619278,126.9362109492,애매,0.3,False,False,False
11813-29391-00063-00-1,태영아트빌,7,37.3798692406,126.9364051464,부설,0.9,True,False,False
11813-29391-00064-00-1,태영아트빌,7,37.3797936298,126.9365452172,부설,0.9,True,False,False
11813-29391-00066-00-1,,30,37.3793077153,126.9377469691,애매,0.3,False,False,False
11813-29391-00067-00-1,에코하임,8,37.379573978,126.9369157423,애매,0.3,False,False,False
11813-29391-00068-00-1,,8,37.3794624336,126.9372590771,부설,0.9,False,False,False
11813-29391-00069-00-1,,2,37.3793831986,126.9373630187,부설,0.9,False,False,False
11813-29391-00070-00-1,,7,37.3792751474,126.9374985982,부설,0.9,False,False,False
11813-29391-00071-00-1,,1,37.3787169864,126.9384023193,부설,0.9,False,False,False
11813-29391-00072-00-1,,4,37.3783241962,126.938511031,부설,0.9,False,False,False
11813-29391-00073-00-1,,3,37.378403552,126.9386374218,부설,0.9,False,False,False
11813-29391-00074-00-1,,2,37.3782378525,126.9388091747,부설,0.9,False,False,False
11813-29391-00075-00-1,,2,37.3781658126,126.9388905258,부설,0.9,False,False,False
11813-29391-00076-00-1,,3,37.3779640088,126.9389403683,부설,0.9,False,False,False
11813-29391-00079-00-1,한솔아파트,18,37.3923425849,126.9293117871,부설,0.9,True,False,False
11813-29391-00080-00-1,한솔APT 103동,20,37.3921513109,126.9288828427,애매,0.3,False,False,False
11813-29391-00081-00-1,정암빌라,6,37.392227448,126.9296371264,부설,0.9,True,False,False
11813-29391-00082-00-1,,4,37.3921373888,126.9297094841,부설,0.9,False,False,False
11813-29391-00083-00-1,대명맨션,6,37.3924688142,126.9294562162,부설,0.9,True,False,False
11813-29391-00084-00-1,한솔APT 104동,20,37.3919928098,126.9290139879,애매,0.3,False,False,False
11813-29391-00085-00-1,다가구주택,4,37.3916001617,126.9293441037,부설,0.9,True,False,False
11813-29391-00086-00-1,아주 아트빌,6,37.3917192528,126.9296059819,부설,0.9,True,False,False
11813-29391-00087-00-1,,2,37.3919032625,126.9299445909,부설,0.9,False,False,False
11813-29391-00089-00-1,,2,37.3918347045,126.9298091424,부설,0.9,False,False,False
11813-29391-00090-00-1,,2,37.3917338409,126.9298950608,부설,0.9,False,False,False
11813-29391-00091-00-1,,2,37.3918060003,126.9300259888,부설,0.9,False,False,False
11813-29391-00092-00-1,,3,37.3916472275,126.9297009076,부설,0.9,False,False,False
11813-29391-00093-00-1,,4,37.3915571951,126.9298184353,부설,0.9,False,False,False
11813-29391-00094-00-1,한솔아파트,48,37.3918374171,126.9283230217,부설,0.9,True,False,False
11813-29391-00095-00-1,한솔아파트 101동,13,37.391686122,126.9284496437,부설,0.9,True,False,False
11813-29391-00096-00-1,,2,37.3915636458,126.9285536525,부설,0.9,False,False,False
11813-29391-00097-00-1,한솔아파트,22,37.3916719319,126.9288245737,부설,0.9,True,False,False
11813-29391-00098-00-1,한솔아파트106동,22,37.3914954267,126.9289828375,부설,0.9,True,False,False
11813-29391-00099-00-1,,2,37.3913802015,126.9291591111,부설,0.9,False,False,False
11813-29391-00100-00-1,,2,37.3912973399,126.9292133936,부설,0.9,False,False,False
11813-29392-00065-00-1,근린시설및주택,2,37.3796891884,126.9366898284,부설,0.9,True,False,False
11813-29392-00088-00-1,,2,37.3916365787,126.9299764585,부설,0.9,False,False,False
11814-29391-00003-00-1,,5,37.391819626,126.928702473,부설,0.9,False,False,False
11814-29391-00004-00-1,,4,37.391106177,126.9289696536,부설,0.9,False,False,False
11814-29391-00005-00-1,,3,37.3910664587,126.9288477313,부설,0.9,False,False,False
11814-29391-00006-00-1,,7,37.3916641683,126.9279076166,부설,0.9,False,False,False
11814-29391-00007-00-1,은혜와진리교회 부설주차장,390,37.3913543761,126.928169902,부설,0.9,True,False,False
11815-29391-00001-00-1,,3,37.394771444,126.9288171257,부설,0.9,False,False,False
11815-29391-00004-00-1,,5,37.4069929703,126.9719342647,부설,0.9,False,False,False
11815-29392-00002-00-1,,2,37.3908716691,126.9285678602,부설,0.9,False,False,False
11815-29392-00003-00-1,안양동 431-1,18,37.392019391,126.9313041261,애매,0.3,False,False,False
11816-29391-00001-00-1,,6,37.4066429511,126.9702040143,부설,0.9,False,False,False
11816-29391-00002-00-1,명재빌딩,6,37.4066969655,126.9700187562,부설,0.9,True,False,False
11816-29391-00003-00-1,두원빌리지,8,37.3937211473,126.9263562507,부설,0.9,True,False,False
11816-29391-00004-00-1,,3,37.3935986365,126.9264015424,부설,0.9,False,False,False
11816-29391-00005-00-1,,6,37.3935228381,126.9262209294,부설,0.9,False,False,False
11816-29391-00008-00-1,,2,37.3928242444,126.9271882811,부설,0.9,False,False,False
11816-29392-00006-00-1,,113,37.39313031,126.9267317525,애매,0.3,False,False,False
11816-29392-00007-00-1,,21,37.3928347693,126.9267230059,애매,0.3,False,False,False
12000-29391-00213-00-1,수자인,18,,,애매,0.3,False,False,False
12017-29391-00099-00-1,삼호수정아파트,200,37.3766958546,126.9398943078,부설,0.9,True,False,False
12017-29391-00199-00-1,수자인프리미엄APT,40,,,애매,0.3,False,False,False
12028-29391-00166-00-1,,7,37.3946928982,126.9749157182,부설,0.9,False,False,False
12030-29391-00301-00-1,,6,,,부설,0.9,False,False,False
12034-29391-00401-00-1,수원지방검찰청 안양지청,181,37.3960769484,126.9617562701,애매,0.3,False,False,False
12034-29391-00441-00-1,하이트뷰아파트,30,37.3881018431,126.9314748242,부설,0.9,True,False,False
12048-29391-00097-00-1,안양시만안구청,182,37.3865526556,126.9324699212,비부설,0.9,False,True,False
12070-29391-00011-00-1,우미아트빌,12,,,부설,0.9,True,False,False
12075-29391-00103-00-1,인덕원중학교,16,37.4020806402,126.972080663,부설,0.9,True,False,False
12091-29391-00068-00-1,선화하우스,5,,,부설,0.9,True,False,False
12093-29391-00051-00-1,주식회사케이티,216,37.3942531658,126.974757762,부설,0.9,True,False,False
12101-29391-00145-00-1,아르떼빌,5,,,부설,0.9,True,False,False
12105-29391-00154-00-1,안양동 44-5 공동주택 ((주)개성건설),8,37.4130519203,126.9185341397,부설,0.9,True,False,False
12112-29391-00075-00-1,(주)현대드림모터스,14,,,부설,0.9,True,False,False
12129-29391-00245-00-1,파인빌,8,,,부설,0.9,True,False,False
12158-29391-00143-00-1,,8,37.4185076351,126.922626671,부설,0.9,False,False,False
12182-29391-00051-00-1,,5,,,부설,0.9,False,False,False
12192-29391-00099-00-1,,1,37.4030663595,126.9546417782,부설,0.9,False,False,False
12193-29391-00159-00-1,,3,,,부설,0.9,False,False,False
12199-29391-00175-00-1,,3,37.3939469242,126.9243278057,부설,0.9,False,False,False
12217-29391-00057-00-1,무궁화아파트,169,37.3804193483,126.9575865599,부설,0.9,True,False,False
12242-29391-00092-00-1,짜임 아파트,73,37.4039247266,126.9112161482,부설,0.9,True,False,False
12243-29391-00099-00-1,안양동 1121 제2종근린생활시설,2,37.3798413898,126.9055178071,부설,0.9,True,False,False
12402-29391-00192-00-1,,1,,,부설,0.9,False,False,False
12405-29391-00132-00-1,,1,37.4020069758,126.9208320475,부설,0.9,False,False,False
12405-29391-00152-00-1,은평교회,6,37.3918883143,126.9353379978,부설,0.9,True,False,False
12406-29391-00161-00-1,호계운수,6,37.3776032424,126.9455930571,애매,0.3,False,False,False
12420-29391-00028-00-1,극동메모리스,39,37.3858207754,126.9057587241,애매,0.3,False,False,False
12425-29391-00145-00-1,센트럴타워1,27,,,부설,0.9,True,False,False
12425-29391-00152-00-1,서진하이빌,13,,,부설,0.9,True,False,False
12433-29391-00056-00-1,,2,37.3879933575,126.9308515982,부설,0.9,False,False,False
12436-29391-00076-00-1,안양동초등학교,37,37.4071806062,126.9356275634,부설,0.9,True,False,False
12443-29391-00105-00-1,미르젠,24,,,애매,0.3,False,False,False
12447-29391-00241-00-1,한솔타운,59,,,부설,0.9,True,False,False
12450-29391-00081-00-1,네오빌,6,37.4023076183,126.9127269693,부설,0.9,True,False,False
12451-29391-00073-00-1,나은캐슬,7,37.3997658356,126.9164659323,부설,0.9,True,False,False
12451-29391-00074-00-1,알프스타운,20,37.3936966002,126.9068781617,부설,0.9,True,False,False
12456-29391-00114-00-1,대광로제비앙,300,37.3995199551,126.9320968845,애매,0.3,False,False,False
12456-29391-00137-00-1,지앤에코타운,8,,,부설,0.9,True,False,False
12465-29391-00132-00-1,제이케이빌,16,,,부설,0.9,True,False,False
12502-29391-00366-00-1,아크로빌,8,,,부설,0.9,True,False,False
12502-29391-00500-00-1,관양119안전센터,6,,,애매,0.3,False,False,False
12503-29391-00150-00-1,열린하우스3,7,37.4073298135,126.9541874074,부설,0.9,True,False,False
12504-29391-00217-00-1,우영채움빌,26,37.4056287896,126.9152170002,부설,0.9,True,False,False
12506-29392-00318-00-1,비산동 원평노블레스,189,,,애매,0.3,False,False,False
12509-29391-00176-00-1,어반휴플러스,28,37.3792816305,126.9512869289,애매,0.3,False,False,False
12511-29391-00211-00-1,,12,37.3826300359,126.9301203299,애매,0.3,False,False,False
12512-29391-00158-00-1,동편마을2단지,845,37.4114983664,126.9732112508,애매,0.3,False,False,False
12512-29391-00273-00-1,,4,,,부설,0.9,False,False,False
12524-29391-00121-00-1,영풍 아파트,247,37.3907247299,126.9746098838,부설,0.9,True,False,False
12528-29391-00147-00-1,,2,37.4114684285,126.9481981987,부설,0.9,False,False,False
12528-29391-00193-00-1,라온캐슬,8,,,부설,0.9,True,False,False
12529-29391-00309-00-1,,2,,,부설,0.9,False,False,False
12534-29391-00033-00-1,정우팰리스,12,37.4071142917,126.916087299,부설,0.9,True,False,False
12541-29391-00448-00-1,(주)현성정밀기계 제2공장,42,,,부설,0.9,True,False,False
12549-29391-00093-00-1,스마트넷빌딩,37,37.4057892297,126.9720295899,부설,0.9,True,False,False
12563-29391-00263-00-1,,8,37.4145187003,126.9184195902,부설,0.9,False,False,False
12567-29391-00173-00-1,지앤팰리스5차,16,37.4093093091,126.947571666,부설,0.9,True,False,False
12568-29391-00093-00-1,석수1동 경로당,7,,,비부설,0.9,False,True,False
12569-29391-00268-00-1,대교식당,12,,,애매,0.3,False,False,False
12580-29391-00590-00-1,금이윤채,2,,,애매,0.3,False,False,False
12581-29391-00138-00-1,,1,,,부설,0.9,False,False,False
12604-29391-00043-00-1,부흥중학교,30,37.3938613836,126.9457529619,부설,0.9,True,False,False
12607-29391-00139-00-1,,4,,,부설,0.9,False,False,False
12617-29391-00076-00-1,노블리앙 비씨 2차,10,37.3973357231,126.9258377299,애매,0.3,False,False,False
12618-29391-00067-00-1,,3,,,부설,0.9,False,False,False
12653-29391-00337-00-1,베아누체 11차,12,,,애매,0.3,False,False,False
12662-29391-00242-00-1,루하채,5,,,애매,0.3,False,False,False
12664-29391-00064-00-1,,7,,,부설,0.9,False,False,False
12713-29391-00398-00-1,관양동 근생,2,37.3998546606,126.9785190095,부설,0.9,True,False,False
12728-29391-00306-00-1,한양수자인아파트,131,37.4309155256,126.9019556193,부설,0.9,True,False,False
12728-29391-00344-00-1,비산팰리스,10,37.4065214663,126.9515945915,부설,0.9,True,False,False
12728-29391-00488-00-1,,1,,,부설,0.9,False,False,False
12729-29391-00432-00-1,로체그랑,8,37.4107466475,126.9104174108,애매,0.3,False,False,False
12730-29391-00397-00-1,라메종1단지,18,,,애매,0.3,False,False,False
12732-29391-00174-00-1,호계초등학교,23,37.3839809956,126.9503805679,부설,0.9,True,False,False
12732-29391-00205-00-1,관음사,2,37.3814807711,126.9005341013,애매,0.3,False,False,False
12734-29391-00216-00-1,가온빌리지,8,,,부설,0.9,True,False,False
12735-29391-00317-00-1,(주)신라명과,24,37.3875607238,126.9370490725,부설,0.9,True,False,False
12736-29391-00273-00-1,휴원빌,8,37.3995170889,126.9114246373,부설,0.9,True,False,False
12765-29391-00617-00-1,평촌교회 교육문화센터,154,37.3892145286,126.9742083872,부설,0.9,True,True,False
12765-29391-00725-00-1,골든클래스,4,,,애매,0.3,False,False,False
12768-29391-00341-00-1,아름다운주택 그라스빌,23,37.3890926569,126.9095623848,부설,0.9,True,False,False
12770-29391-00462-00-1,안양8동 경로당,1,,,비부설,0.9,False,True,False
12773-29391-00643-00-1,,3,37.4096513161,126.8856954267,부설,0.9,False,False,False
12774-29391-00819-00-1,(주)서호전기,37,37.3865941616,126.9428358529,부설,0.9,True,False,False
12776-29391-00062-00-1,안양금융센터 A.F.C,273,,,애매,0.3,False,False,False
12777-29391-00187-00-1,이룸빌리지,8,37.4068078965,126.9559632896,부설,0.9,True,False,False
12777-29391-00189-00-1,,8,37.3823227188,126.9284991895,부설,0.9,False,False,False
12790-29391-00470-00-1,,25,37.3912319752,126.9705895463,애매,0.3,False,False,False
12790-29391-00522-00-1,,6,37.3705484932,126.9503216791,부설,0.9,False,False,False
12790-29391-00728-00-1,심심하우스,8,,,부설,0.9,True,False,False
12791-29392-00380-00-1,블루오션,92,37.3985614293,126.932377833,애매,0.3,False,False,False
12795-29391-00101-00-1,,1,37.3883402601,126.9465067401,부설,0.9,False,False,False
12798-29391-00545-00-1,박달동 925-3 단독주택 (김성수),6,37.4098302987,126.8844391077,부설,0.9,True,False,False
12807-29391-00147-00-1,,5,37.3831424998,126.9008209659,부설,0.9,False,False,False
12819-29391-00065-00-1,라움빌리지,15,,,부설,0.9,True,False,False
12820-29391-01177-00-1,,5,37.3831699963,126.9290223056,부설,0.9,False,False,False
12820-29391-01515-00-1,,1,,,부설,0.9,False,False,False
12991-29391-00253-00-1,프라임,3,,,애매,0.3,False,False,False
13347-29391-00007-00-1,,10,,,부설,0.9,False,False,False
13359-29391-00038-00-1,신정빌딩,8,,,부설,0.9,True,False,False
13455-29391-00052-00-1,비산 삼성 래미안,4790,37.4007350004,126.939604057,애매,0.3,False,False,False
13459-29392-00064-00-1,원타워,50,,,부설,0.9,True,False,False
13539-29391-00021-00-1,알프스타운,8,,,부설,0.9,True,False,False
13582-29391-00057-00-1,퍼스트힐3차,30,,,애매,0.3,False,False,False
13647-29391-00133-00-1,라온캐슬2차,8,,,부설,0.9,True,False,False
13801-29391-00011-00-1,,3,,,부설,0.9,False,False,False
13829-29391-00009-00-1,연리지Ⅱ,5,37.3786513414,126.9369390965,애매,0.3,False,False,False
13900-29391-00001-00-1,,3,37.3989274417,126.9737216862,부설,0.9,False,False,False
13900-29391-00002-00-1,,3,37.3987005261,126.9743677664,부설,0.9,False,False,False
13900-29391-00003-00-1,정훈빌딩,5,37.3986141644,126.9750047611,부설,0.9,True,False,False
13901-29391-00002-00-1,,7,37.3985784149,126.9764232622,부설,0.9,False,False,False
13901-29391-00003-00-1,관양파출소(협의93-11호),2,37.4012528056,126.9772356,애매,0.3,False,False,False
13901-29391-11013-00-1,세계정밀 안양공장,21,,,부설,0.9,True,False,False
13902-29391-00001-00-1,,3,37.4008991622,126.9750401431,부설,0.9,False,False,False
13902-29391-00002-00-1,,1,37.4006430523,126.9740192492,부설,0.9,False,False,False
13902-29391-00003-00-1,,2,37.4000626934,126.9735631749,부설,0.9,False,False,False
13902-29391-00004-00-1,,1,37.4002500968,126.9735224508,부설,0.9,False,False,False
13902-29391-00005-00-1,,3,37.4004121579,126.9729802828,부설,0.9,False,False,False
13902-29391-00006-00-1,,1,37.4003761716,126.9732197279,부설,0.9,False,False,False
13902-29391-00007-00-1,,1,37.40000496,126.9732605181,부설,0.9,False,False,False
13902-29391-00008-00-1,관양동다세대주택,1,37.4000374172,126.973350858,부설,0.9,True,False,False
13902-29391-00009-00-1,,11,37.4148104491,126.9181572034,애매,0.3,False,False,False
13902-29391-00011-00-1,안양2동다목적복지회관,4,37.4144359841,126.9186772306,애매,0.3,False,False,False
13902-29391-00012-00-1,,48,37.4125041104,126.918548288,애매,0.3,False,False,False
13902-29391-00013-00-1,,2,37.4129981294,126.9189272941,부설,0.9,False,False,False
13902-29391-00014-00-1,,1,37.3993599531,126.9738164033,부설,0.9,False,False,False
13902-29391-00015-00-1,,1,37.3993635791,126.9739157877,부설,0.9,False,False,False
13902-29391-00016-00-1,호종빌라,3,37.399233789,126.9737215793,부설,0.9,True,False,False
13902-29391-00017-00-1,박우길 점포/주택,2,37.3992265355,126.9735182934,부설,0.9,True,False,False
13902-29391-00018-00-1,관양동다세대주택,8,37.3991941891,126.9739248814,부설,0.9,True,False,False
13902-29391-00019-00-1,,1,37.3989093729,126.9735048525,부설,0.9,False,False,False
13903-29391-00001-00-1,,1,37.4005096922,126.9739786368,부설,0.9,False,False,False
13903-29391-00002-00-1,청운빌라텔2,6,37.3991760132,126.97322919,부설,0.9,True,False,False
13903-29391-00003-00-1,관양동 다가구주택,1,37.3989346989,126.9739430414,부설,0.9,True,False,False
13903-29391-00004-00-1,,1,37.3987977446,126.9739476063,부설,0.9,False,False,False
13903-29391-00005-00-1,,3,37.3996592403,126.9744939312,부설,0.9,False,False,False
13903-29391-00006-00-1,,5,37.3990862062,126.9745664056,부설,0.9,False,False,False
13904-29391-00001-00-1,,1,37.4053379644,126.9574189096,부설,0.9,False,False,False
13904-29391-00002-00-1,관양동크리닉,4,37.4050856004,126.9572021946,애매,0.3,False,False,False
13904-29391-00003-00-1,선일빌라,6,37.4049302693,126.9562309424,부설,0.9,True,False,False
13904-29391-00004-00-1,,6,37.404897901,126.9564161935,부설,0.9,False,False,False
13904-29391-00005-00-1,한림메디빌딩,7,37.4048225155,126.957238487,부설,0.9,True,False,False
13904-29391-00006-00-1,,7,37.4046314845,126.957197935,부설,0.9,False,False,False
13905-29391-00001-00-1,수성빌리지,4,37.4052575318,126.9543558308,부설,0.9,True,False,False
13905-29391-00002-00-1,원불교동안교당,11,37.4034311293,126.9679689885,애매,0.3,False,False,False
13905-29391-00003-00-1,,6,37.4035321021,126.9681857989,부설,0.9,False,False,False
13905-29391-00004-00-1,우성빌라(A동),6,37.4033701427,126.9690306902,부설,0.9,True,False,False
13905-29391-00005-00-1,,4,37.4016413528,126.9738788569,부설,0.9,False,False,False
13905-29391-00006-00-1,,9,37.40197998,126.973178498,부설,0.9,False,False,False
13905-29391-00007-00-1,,4,37.4026073727,126.9744522725,부설,0.9,False,False,False
13905-29391-00008-00-1,,2,37.4024884272,126.974402618,부설,0.9,False,False,False
13905-29391-00009-00-1,,2,37.402491994,126.9742309435,부설,0.9,False,False,False
13905-29391-00010-00-1,파크빌라,8,37.4025280052,126.9740953996,부설,0.9,True,False,False
13905-29391-00011-00-1,,6,37.4026613731,126.9741721551,부설,0.9,False,False,False
13905-29391-00012-00-1,소망빌라,7,37.4026937812,126.9740411298,부설,0.9,True,False,False
13905-29391-00013-00-1,,2,37.4027947064,126.9740907901,부설,0.9,False,False,False
13905-29391-00014-00-1,,1,37.4028704355,126.9742895445,부설,0.9,False,False,False
13905-29391-00015-00-1,,2,37.4027695074,126.9742263308,부설,0.9,False,False,False
13905-29391-00016-00-1,관양동다가구주택,5,37.4027262967,126.9744025371,부설,0.9,True,False,False
13905-29391-00017-00-1,,6,37.4030182519,126.9745153814,부설,0.9,False,False,False
13905-29391-00018-00-1,,1,37.4028451258,126.9739190987,부설,0.9,False,False,False
13905-29391-00019-00-1,,11,37.4027369893,126.9738558879,애매,0.3,False,False,False
13905-29391-00020-00-1,,61,37.4026074598,126.9748588676,애매,0.3,False,False,False
13905-29391-00023-00-1,,1,37.4025138005,126.975080267,부설,0.9,False,False,False
13905-29391-00024-00-1,,1,37.4024092726,126.9750351245,부설,0.9,False,False,False
13905-29391-00025-00-1,관양동오피스텔,8,37.4024705152,126.9749086082,부설,0.9,True,False,False
13905-29391-00026-00-1,,5,37.4022615204,126.9751074568,부설,0.9,False,False,False
13905-29391-00027-00-1,인덕원 골드프라자,7,37.4015985794,126.9761286679,부설,0.9,True,False,False
13905-29391-00029-00-1,관양동 1488-41번지 용도변경,2,37.4021533817,126.9750306917,애매,0.3,False,False,False
13905-29391-00030-00-1,관양동 1489-1 단독주택,3,37.4021136666,126.9747009132,부설,0.9,True,False,False
13905-29391-00031-00-1,,4,37.4019767375,126.9748229368,부설,0.9,False,False,False
13905-29391-00032-00-1,,1,37.4018254688,126.9753108965,부설,0.9,False,False,False
13905-29391-00033-00-1,남강빌딩,5,37.4013929834,126.9753336266,부설,0.9,True,False,False
13905-29391-00034-00-1,허가번호 : 40호,2,37.4015947715,126.975139301,애매,0.3,False,False,False
13905-29391-00035-00-1,관양동 1490-4 제2종근린생활시설 (송경순),3,37.4015009549,126.9746198014,부설,0.9,True,False,False
13905-29391-00036-00-1,,1,37.4013315852,126.9747237644,부설,0.9,False,False,False
13905-29391-00037-00-1,파파빌,2,37.414070125,126.9160343558,부설,0.9,True,False,False
13905-29391-00038-00-1,,3,37.4141023752,126.9157722519,부설,0.9,False,False,False
13905-29391-00039-00-1,,2,37.3983438388,126.9749145015,부설,0.9,False,False,False
13905-29391-00040-00-1,,3,37.3989419675,126.9742186066,부설,0.9,False,False,False
13905-29391-00041-00-1,,1,37.3994609262,126.9740829027,부설,0.9,False,False,False
13905-29391-11014-00-1,안양시립석수도서관,125,,,비부설,0.9,False,True,False
13905-29392-00021-00-1,우정타운,64,37.4024742181,126.9753784494,부설,0.9,True,False,False
13905-29392-00022-00-1,,28,37.4022292502,126.9759116182,애매,0.3,False,False,False
13905-29392-00028-00-1,창덕 에버빌,251,37.4019949208,126.9755999728,부설,0.9,True,False,False
13906-29391-00001-00-1,,1,37.4005781985,126.9741096236,부설,0.9,False,False,False
13906-29391-00002-00-1,,1,37.4002142811,126.974547954,부설,0.9,False,False,False
13906-29391-00003-00-1,,1,37.4001385061,126.9741368803,부설,0.9,False,False,False
13906-29391-00004-00-1,,2,37.4001601867,126.9743943747,부설,0.9,False,False,False
13907-29391-00001-00-1,,7,37.4007153663,126.975098933,부설,0.9,False,False,False
13907-29391-00002-00-1,엠에스빌,4,37.401079331,126.974872931,부설,0.9,True,False,False
13907-29391-00003-00-1,,8,37.4012413273,126.9740054897,부설,0.9,False,False,False
13907-29391-00004-00-1,,1,37.4016774818,126.9742809168,부설,0.9,False,False,False
13907-29391-00005-00-1,,1,37.4013999644,126.9742674587,부설,0.9,False,False,False
13907-29391-00006-00-1,,5,37.4014215464,126.9740731922,부설,0.9,False,False,False
13907-29391-00007-00-1,,11,37.4004450494,126.9750493289,애매,0.3,False,False,False
13907-29391-00008-00-1,,1,37.4002900489,126.9749319231,부설,0.9,False,False,False
13907-29391-00009-00-1,,1,37.4004918247,126.9746833881,부설,0.9,False,False,False
13907-29391-00010-00-1,,3,37.4004089453,126.9747511798,부설,0.9,False,False,False
13907-29391-00011-00-1,,2,37.4008701314,126.9741185584,부설,0.9,False,False,False
13907-29391-00012-00-1,,12,37.4009962217,126.9738790808,애매,0.3,False,False,False
13907-29391-00013-00-1,,1,37.4008016091,126.9739152893,부설,0.9,False,False,False
13907-29391-00014-00-1,,2,37.4007115169,126.9739604966,부설,0.9,False,False,False
13907-29391-00015-00-1,,5,37.4005061366,126.9742000003,부설,0.9,False,False,False
13907-29391-00016-00-1,,2,37.4002610113,126.9739832404,부설,0.9,False,False,False
13907-29391-00017-00-1,,2,37.4002826586,126.9740871373,부설,0.9,False,False,False
13907-29391-00018-00-1,관양 빌라,4,37.4004376264,126.9740509432,부설,0.9,True,False,False
13908-29391-00001-00-1,,530,37.392951549,126.9723415264,애매,0.3,False,False,False
13908-29391-00002-00-1,E&B정보통신(주),21,37.3931820362,126.971605145,부설,0.9,True,False,False
13908-29391-00004-00-1,삼경산업(주),7,37.3920935182,126.9712622565,부설,0.9,True,False,False
13908-29391-00005-00-1,LG베스트샵 평촌점,48,37.3922635211,126.9738956625,애매,0.3,False,False,False
13908-29391-00007-00-1,센트론 빌딩,7,37.3922372522,126.9695457032,부설,0.9,True,False,False
13908-29391-00008-00-1,,12,37.3920895217,126.9696903099,애매,0.3,False,False,False
13908-29391-00009-00-1,안양열린빌딩,29,37.3927814953,126.96964486,부설,0.9,True,False,False
13908-29391-00010-00-1,,10,37.392760028,126.9702637158,부설,0.9,False,False,False
13908-29391-00011-00-1,문화스마트빌딩,16,37.3926086403,126.9702005359,부설,0.9,True,True,False
13908-29391-00012-00-1,본골프다임,10,37.3925652696,126.9697217382,애매,0.3,False,False,False
13908-29391-00013-00-1,(주)한솔코스메틱,11,37.3922661636,126.9698528545,부설,0.9,True,False,False
13908-29391-00014-00-1,,6,37.3931132083,126.9701822675,부설,0.9,False,False,False
13908-29392-00003-00-1,우리생약(주)공장,18,37.3932107827,126.9712482785,부설,0.9,True,False,False
13908-29392-00006-00-1,신화금형,20,37.3929693076,126.9712438536,애매,0.3,False,False,False
13909-29391-00001-00-1,,17,37.4005389785,126.976129004,애매,0.3,False,False,False
13910-29391-00001-00-1,,6,37.3972257292,126.9712151231,부설,0.9,False,False,False
13910-29391-00002-00-1,,4,37.396926527,126.9709577467,부설,0.9,False,False,False
13910-29391-00003-00-1,,8,37.3956508315,126.9715816271,부설,0.9,False,False,False
13910-29391-00004-00-1,오토브랜드,4,37.3965231316,126.9720465857,애매,0.3,False,False,False
13910-29391-00005-00-1,관양동 901-6 제2종근린생활시설 (프리미어모터스(주)),16,37.3959826139,126.9724533458,부설,0.9,True,False,False
13910-29391-00006-00-1,,2,37.3972189368,126.9729769117,부설,0.9,False,False,False
13910-29391-00007-00-1,안양자동차정비소,26,37.3969883796,126.9734377679,애매,0.3,False,False,False
13910-29391-00008-00-1,디지털 엠파이어(A동),156,37.39678651,126.9732571442,애매,0.3,False,False,False
13910-29391-00009-00-1,디지털 엠파이어(B동),221,37.3967935251,126.97241691,애매,0.3,False,False,False
13910-29391-00010-00-1,,12,37.396044129,126.9735284477,애매,0.3,False,False,False
13910-29391-00011-00-1,진광빌딩,20,37.395971978,126.973221295,부설,0.9,True,False,False
13910-29391-00012-00-1,,4,37.3953447781,126.9728330314,부설,0.9,False,False,False
13910-29391-00013-00-1,엘지에스공장,37,37.3952183388,126.9715727559,부설,0.9,True,False,False
13910-29391-00014-00-1,평촌오토자동차(주),6,37.3959028937,126.9706645158,부설,0.9,True,False,False
13910-29391-00015-00-1,평촌동 미니스톱 물류창고,32,37.3958521973,126.9697158987,부설,0.9,True,False,False
13910-29391-00017-00-1,,22,37.3936719181,126.9704846977,애매,0.3,False,False,False
13910-29391-00018-00-1,관양동 932 공장 (최충현),4,37.3950164914,126.9714960385,부설,0.9,True,False,False
13910-29391-00021-00-1,,33,37.393860021,126.9733936999,애매,0.3,False,False,False
13910-29391-00022-00-1,케이엠알 주식회사,12,37.3936257308,126.9732853702,부설,0.9,True,False,False
13910-29391-00023-00-1,(주)삼부포리마,11,37.3936293867,126.9735157454,부설,0.9,True,False,False
13910-29391-00024-00-1,,31,37.3942205417,126.9738949839,애매,0.3,False,False,False
13910-29391-00026-00-1,갑지카독크,53,37.3937556271,126.9739538686,애매,0.3,False,False,False
13910-29391-00027-00-1,,5,37.3922555222,126.9705304241,부설,0.9,False,False,False
13910-29391-00029-00-1,둘리상사,5,37.3910266135,126.9708787164,애매,0.3,False,False,False
13910-29391-00030-00-1,벌말성당,44,37.3935857235,126.9717269566,부설,0.9,True,False,False
13910-29391-00032-00-1,대한예수교장로회열린교회,35,37.3929697394,126.9730778144,부설,0.9,True,False,False
13910-29391-00034-00-1,(주)메디엔인터내셔날,35,37.3927783793,126.9716098144,부설,0.9,True,False,False
13910-29391-00035-00-1,,8,37.4074776,126.9542370156,부설,0.9,False,False,False
13910-29391-00036-00-1,,8,37.4072723467,126.9547024948,부설,0.9,False,False,False
13910-29391-00037-00-1,,5,37.4072830809,126.9544991781,부설,0.9,False,False,False
13910-29391-00038-00-1,럭키하이빌,6,37.4070847343,126.9541830386,부설,0.9,True,False,False
13910-29391-00039-00-1,한진빌라,4,37.407027132,126.9543457213,부설,0.9,True,False,False
13910-29391-00040-00-1,세화연립,5,37.4070704314,126.9544767168,애매,0.3,False,False,False
13910-29391-00041-00-1,,1,37.4068290379,126.9546846898,부설,0.9,False,False,False
13910-29391-00042-00-1,유정빌라,5,37.406846907,126.9542916149,부설,0.9,True,False,False
13910-29391-00043-00-1,,1,37.4065369316,126.9542285518,부설,0.9,False,False,False
13910-29391-00044-00-1,세화빌라,7,37.4064289051,126.9544771049,부설,0.9,True,False,False
13910-29391-00045-00-1,,5,37.4061474727,126.9536685647,부설,0.9,False,False,False
13910-29391-00046-00-1,현영 쉬크빌,8,37.4061549967,126.9544817886,부설,0.9,True,False,False
13910-29391-00047-00-1,,1,37.4061947024,126.9546398924,부설,0.9,False,False,False
13910-29391-00048-00-1,,5,37.40599228,126.9531174732,부설,0.9,False,False,False
13910-29391-00049-00-1,9차교보타운,4,37.4059675445,126.9543779897,부설,0.9,True,False,False
13910-29391-00050-00-1,,4,37.406042805,126.953289123,부설,0.9,False,False,False
13910-29391-00051-00-1,,4,37.4057115569,126.954125142,부설,0.9,False,False,False
13910-29391-00053-00-1,수성빌리지,2,37.4052179322,126.9544733197,부설,0.9,True,False,False
13910-29391-00054-00-1,,12,37.4049764169,126.9543650371,애매,0.3,False,False,False
13910-29391-00055-00-1,,4,37.404839269,126.9538681559,부설,0.9,False,False,False
13910-29391-00056-00-1,화영그린빌,6,37.4047167953,126.9540353915,부설,0.9,True,False,False
13910-29391-00057-00-1,,1,37.4047241051,126.9542974223,부설,0.9,False,False,False
13910-29391-00058-00-1,은빛가온누리,20,37.4044065932,126.9533940489,애매,0.3,False,False,False
13910-29391-00059-00-1,로체샤르빌,7,37.404255236,126.9534302852,부설,0.9,True,False,False
13910-29391-00061-00-1,,3,37.4039492711,126.954410838,부설,0.9,False,False,False
13910-29391-00062-00-1,안아추공장,5,37.3885276055,126.9389272854,부설,0.9,True,False,False
13910-29391-00063-00-1,.,5,37.3887219146,126.9383263814,애매,0.3,False,False,False
13910-29391-00064-00-1,제일빌딩,7,37.3900270536,126.939210638,부설,0.9,True,False,False
13910-29391-00065-00-1,수리산타운,24,37.3925894487,126.9106468101,부설,0.9,True,False,False
13910-29391-11013-00-1,태양빌딩2,5,,,부설,0.9,True,False,False
13910-29391-11014-00-1,삼성산터널 시점부 전기실,4,,,애매,0.3,False,False,False
13910-29392-00020-00-1,,42,37.3941483461,126.9733845635,애매,0.3,False,False,False
13910-29392-00052-00-1,,13,37.405636023,126.9545182458,애매,0.3,False,False,False
13910-29392-00060-00-1,관양쇼핑타워 및 아파트,58,37.4043094496,126.9538187847,부설,0.9,True,False,False
13911-29391-00001-00-1,은하수아파트,410,37.3925068906,126.9471768298,부설,0.9,True,False,False
13911-29391-00002-00-1,,5,37.3937106278,126.9471127445,부설,0.9,False,False,False
13911-29391-00003-00-1,은하수아파트,9075,37.392792366,126.9488886233,부설,0.9,True,False,False
13911-29391-00004-00-1,은하수아파트,2681,37.3916378817,126.9462378901,부설,0.9,True,False,False
13911-29391-00005-00-1,Festa-via,260,37.3906076964,126.9475395227,애매,0.3,False,False,False
13911-29391-00006-00-1,안양동안경찰서,171,37.3911884642,126.9486999967,애매,0.3,False,False,False
13911-29391-00007-00-1,안양무역센터,195,37.3904858676,126.949165726,애매,0.3,False,False,False
13911-29391-00008-00-1,안양 벤처텔,130,37.3908104039,126.9495584872,애매,0.3,False,False,False
13911-29391-00011-00-1,달안초등학교,22,37.3943066077,126.9501162804,부설,0.9,True,False,False
13911-29391-00012-00-1,,6062,37.3935248552,126.950916339,애매,0.3,False,False,False
13911-29391-00013-00-1,샛별아파트,12705,37.3955976653,126.9520352784,부설,0.9,True,False,False
13911-29391-00014-00-1,샛별아파트,9075,37.3943148867,126.9527227141,부설,0.9,True,False,False
13911-29391-00015-00-1,,74,37.393230085,126.9527956699,애매,0.3,False,False,False
13911-29391-00016-00-1,샤크존 빌딩,397,37.3928193088,126.9530217843,부설,0.9,True,False,False
13911-29391-00017-00-1,KT 안양지사,133,37.3933169651,126.9537622889,부설,0.9,True,False,False
13911-29391-00018-00-1,,93,37.3915931683,126.951170554,애매,0.3,False,False,False
13911-29391-00019-00-1,안양건설타워,195,37.3917699802,126.9516853856,부설,0.9,True,False,False
13911-29391-00020-00-1,신용보증기금안양지점,45,37.3919540071,126.9522228005,애매,0.3,False,False,False
13911-29391-00021-00-1,,54,37.3920911043,126.9525750466,애매,0.3,False,False,False
13911-29391-00022-00-1,(주)신한방 평촌지구 매장,99,37.3922534758,126.9530447229,부설,0.9,True,False,False
13911-29391-00023-00-1,삼성안양본점(SAMSUNG),50,37.3923653473,126.953410539,애매,0.3,False,False,False
13911-29391-00024-00-1,신안메트로칸,605,37.3926179178,126.9541376396,애매,0.3,False,False,False
13911-29391-00025-00-1,독립개신교회 강변교회 신학연구원,8,37.4084819555,126.9361369925,부설,0.9,True,False,False
13911-29391-00026-00-1,독립개신교회 강변교회,12,37.4079990553,126.9362232453,부설,0.9,True,False,False
13911-29391-00027-00-1,안양성산교회,26,37.406304112,126.9343497349,부설,0.9,True,False,False
13911-29391-00028-00-1,성산유치원,4,37.406174247,126.9341375052,부설,0.9,True,False,False
13911-29391-00029-00-1,비산화성파크드림,248,37.3987880449,126.9316096555,부설,0.9,True,False,False
13911-29391-00030-00-1,,2,37.4121001702,126.9728721644,부설,0.9,False,False,False
13911-29391-00031-00-1,,2,37.4112173939,126.9738619775,부설,0.9,False,False,False
13911-29391-00032-00-1,이해문 식당,2,37.4063191838,126.9726890131,애매,0.3,False,False,False
13911-29391-00033-00-1,,4,37.4062942178,126.973850134,부설,0.9,False,False,False
13911-29391-00035-00-1,,2,37.4054971826,126.9715417656,부설,0.9,False,False,False
13911-29391-00036-00-1,,2,37.4054358586,126.9713158941,부설,0.9,False,False,False
13911-29391-00037-00-1,,2,37.4033067951,126.9755408165,부설,0.9,False,False,False
13911-29391-00038-00-1,인덕원환승주차장,418,37.4009720704,126.9793228279,비부설,0.9,False,True,False
13911-29391-00039-00-1,,2,37.4010907873,126.9781120697,부설,0.9,False,False,False
13911-29391-00040-00-1,,1,37.3997647575,126.9796439059,부설,0.9,False,False,False
13911-29391-00041-00-1,,2,37.3996891134,126.9798878739,부설,0.9,False,False,False
13911-29391-00042-00-1,,1,37.3996026566,126.9801318444,부설,0.9,False,False,False
13911-29391-00043-00-1,인덕원고등학교,62,37.3997001413,126.9811979602,부설,0.9,True,False,False
13911-29391-00044-00-1,,2,37.3969280921,126.9782442844,부설,0.9,False,False,False
13911-29391-00045-00-1,,16,37.396834433,126.978501802,애매,0.3,False,False,False
13911-29391-00046-00-1,대륭 테크노타운 15차,739,37.3970895762,126.974725189,부설,0.9,True,False,False
13911-29391-00047-00-1,,12,37.4069114122,126.9636121723,애매,0.3,False,False,False
13911-29391-00048-00-1,안양관악초등학교,28,37.4064875112,126.9684149651,부설,0.9,True,False,False
13911-29391-00052-00-1,,1,37.4103975352,126.9669403932,부설,0.9,False,False,False
13911-29391-00053-00-1,,2,37.4104515152,126.966651205,부설,0.9,False,False,False
13911-29391-00054-00-1,,1,37.4106538347,126.9684403252,부설,0.9,False,False,False
13911-29391-00055-00-1,관양동주택,3,37.4083623123,126.9588991246,부설,0.9,True,False,False
13911-29391-00056-00-1,,2,37.4086542726,126.9589848088,부설,0.9,False,False,False
13911-29391-00057-00-1,,2,37.4008342095,126.9613472672,부설,0.9,False,False,False
13911-29391-00058-00-1,,1,37.4012161906,126.9611889536,부설,0.9,False,False,False
13911-29391-00059-00-1,르노삼성 평촌정비센타,11,37.4006791211,126.9610040087,애매,0.3,False,False,False
13911-29391-00060-00-1,관양동 736-12빌딩,3,37.4011583491,126.9606559023,부설,0.9,True,False,False
13911-29391-00061-00-1,,4,37.4000846935,126.9617587512,부설,0.9,False,False,False
13911-29391-00062-00-1,평촌스마트베이,332,37.3994559096,126.9682869078,애매,0.3,False,False,False
13911-29391-00063-00-1,안양메가밸리,486,37.4014992655,126.9676942337,애매,0.3,False,False,False
13911-29391-00064-00-1,,1255,37.4008761451,126.9691401395,애매,0.3,False,False,False
13911-29391-00065-00-1,동일테크노타운7차,134,37.4002925886,126.9703330211,부설,0.9,True,False,False
13911-29391-00066-00-1,,16,37.3997413978,126.9712819242,애매,0.3,False,False,False
13911-29391-00067-00-1,(주)렉스콘,8,37.3986639441,126.9719825458,부설,0.9,True,False,False
13911-29391-00068-00-1,고산빌딩,4,37.3980875309,126.9730172569,부설,0.9,True,False,False
13911-29391-00069-00-1,,3,37.3978640951,126.9730941335,부설,0.9,False,False,False
13911-29391-00070-00-1,관양동 853 자동차관련시설 ((주)평촌써비스),10,37.3974424864,126.9734014683,부설,0.9,True,False,False
13911-29391-00071-00-1,관양동 853-1 자동차관련시설 (문현숙),1,37.3975649559,126.9730942404,애매,0.3,False,False,False
13911-29391-00072-00-1,평촌현대서비스(주),7,37.3975359481,126.9723353244,부설,0.9,True,False,False
13911-29391-00073-00-1,,5,37.3976406087,126.9729496558,부설,0.9,False,False,False
13911-29391-00074-00-1,,7,37.397687197,126.9718157645,부설,0.9,False,False,False
13911-29391-00075-00-1,,5,37.398087285,126.9719601732,부설,0.9,False,False,False
13911-29391-00076-00-1,관양동공장,2,37.397799077,126.9724662333,부설,0.9,True,False,False
13911-29391-00077-00-1,동원뉴텍(주),3,37.3983647079,126.971576085,부설,0.9,True,False,False
13911-29391-00078-00-1,,9,37.398642031,126.9707899378,부설,0.9,False,False,False
13911-29391-00079-00-1,,1,37.3984330982,126.9712146613,부설,0.9,False,False,False
13911-29391-00080-00-1,,7,37.3985119949,126.9696425489,부설,0.9,False,False,False
13911-29391-00081-00-1,,8,37.3987283848,126.9702116654,부설,0.9,False,False,False
13911-29391-00082-00-1,건축허가No:371,31,37.3982020388,126.9696246041,부설,0.9,True,False,False
13911-29391-00083-00-1,,13,37.3983823835,126.9701756626,애매,0.3,False,False,False
13911-29391-00084-00-1,케이디아이,4,37.3985768301,126.9694934458,애매,0.3,False,False,False
13911-29391-00088-00-1,보광빌딩3,25,37.3986524362,126.9691862261,부설,0.9,True,False,False
13911-29391-00090-00-1,,8,37.3993965144,126.9762829625,부설,0.9,False,False,False
13911-29391-00091-00-1,,7,37.3993280603,126.9764004397,부설,0.9,False,False,False
13911-29391-00093-00-1,,9,37.3995658673,126.9760886548,부설,0.9,False,False,False
13911-29391-00094-00-1,,5,37.399713632,126.9760750552,부설,0.9,False,False,False
13911-29391-00095-00-1,유로테크,19,37.3862706102,126.9373347059,애매,0.3,False,False,False
13911-29391-00096-00-1,엘지유플러스 안양사옥,180,37.3865412149,126.9378990756,부설,0.9,True,False,False
13911-29391-00097-00-1,,10,37.3872680019,126.9355813565,부설,0.9,False,False,False
13911-29391-00098-00-1,한국의류시험연구원 안양 제2별관,41,37.3872429598,126.9359246548,애매,0.3,False,False,False
13911-29391-00099-00-1,,45,37.3866122805,126.9359929429,애매,0.3,False,False,False
13911-29391-00100-00-1,,46,37.3858735856,126.9362600573,애매,0.3,False,False,False
13911-29391-00101-00-1,,3,37.3862844885,126.9363274606,부설,0.9,False,False,False
13911-29391-00102-00-1,사이언스 빌딩,11,37.3861115262,126.9363908411,부설,0.9,True,False,False
13911-29391-00103-00-1,금강다이스(주),5,37.3869256034,126.9355635823,부설,0.9,True,False,False
13911-29391-00104-00-1,동영 벤처스텔,25,37.3852137605,126.9357502311,애매,0.3,False,False,False
13911-29391-11013-00-1,안양동 1339-1 단독주택 (오형균),1,,,부설,0.9,True,False,False
13911-29392-00009-00-1,금강벤처텔,263,37.3911529919,126.9500280294,애매,0.3,False,False,False
13911-29392-00010-00-1,동안프라자 빌딩,82,37.3913405681,126.9504163709,부설,0.9,True,False,False
13911-29392-00092-00-1,,6,37.3994217066,126.9761022532,부설,0.9,False,False,False
13911-29392-00106-00-1,,9,37.3988162266,126.976134068,부설,0.9,False,False,False
13912-29391-00001-00-1,관양동 1384-25 제2종근린생활시설,3,37.4031278733,126.9552832623,부설,0.9,True,False,False
13912-29391-00002-00-1,허가번호262,4,37.403070136,126.9550935511,애매,0.3,False,False,False
13912-29391-00003-00-1,효재주유소,3,37.4033879249,126.9567830075,애매,0.3,False,False,False
13912-29391-00004-00-1,,1,37.4033336191,126.9561189269,부설,0.9,False,False,False
13912-29391-00005-00-1,건축허가No. 170,3,37.4032327165,126.9561506101,부설,0.9,True,False,False
13912-29391-00006-00-1,,3,37.4037406746,126.955567519,부설,0.9,False,False,False
13912-29391-00007-00-1,,2,37.4037623989,126.9558340559,부설,0.9,False,False,False
13912-29391-00008-00-1,관양동주택,1,37.4036146147,126.9557889648,부설,0.9,True,False,False
13912-29391-00009-00-1,,1,37.403538766,126.9553553026,부설,0.9,False,False,False
13912-29391-00010-00-1,,2,37.403769656,126.9559650677,부설,0.9,False,False,False
13912-29391-00011-00-1,관양동다세대주택,6,37.4043711306,126.9548849545,부설,0.9,True,False,False
13912-29391-00012-00-1,관양동다세대주택,6,37.4043603752,126.9550340493,부설,0.9,True,False,False
13912-29391-00013-00-1,은성맨션,3,37.4043352425,126.9552870626,부설,0.9,True,False,False
13912-29391-00014-00-1,안흥맨션,20,37.4042092154,126.9555943493,부설,0.9,True,False,False
13912-29391-00015-00-1,,4,37.4040254953,126.9558293837,부설,0.9,False,False,False
13912-29391-00016-00-1,,6,37.4042091167,126.9553323158,부설,0.9,False,False,False
13912-29391-00017-00-1,윤빌딩,1,37.4040070596,126.9547315673,부설,0.9,True,False,False
13912-29391-00018-00-1,,1,37.4049441554,126.9548213608,부설,0.9,False,False,False
13912-29391-00019-00-1,허가번호94-206,5,37.4049874682,126.9549884959,애매,0.3,False,False,False
13912-29391-00021-00-1,,4,37.4045514703,126.9552417558,부설,0.9,False,False,False
13912-29391-00023-00-1,관양동 복합건축,8,37.4051641574,126.9552233198,애매,0.3,False,False,False
13912-29391-00024-00-1,미루아트빌,8,37.4049445833,126.9559553444,부설,0.9,True,False,False
13912-29391-00025-00-1,서우빌리지,25,37.4056182648,126.9552049779,부설,0.9,True,False,False
13912-29391-00026-00-1,,5,37.4054200009,126.9551011845,부설,0.9,False,False,False
13912-29391-00027-00-1,김은숙씨 건물,6,37.406119232,126.9552046797,애매,0.3,False,False,False
13912-29391-00028-00-1,박순하씨 건물,6,37.4061335298,126.9548929337,애매,0.3,False,False,False
13912-29391-00029-00-1,관양동아파트,12,37.4059102329,126.9553041984,부설,0.9,True,False,False
13912-29391-00030-00-1,,6,37.4061263767,126.9550375119,부설,0.9,False,False,False
13912-29391-00031-00-1,,4,37.4070201663,126.9549782439,부설,0.9,False,False,False
13912-29391-00032-00-1,,3,37.4068940304,126.9549963913,부설,0.9,False,False,False
13912-29391-00033-00-1,,4,37.4070130149,126.9551273418,부설,0.9,False,False,False
13912-29391-00034-00-1,,3,37.4072544968,126.9551497878,부설,0.9,False,False,False
13912-29391-00035-00-1,빌라,4,37.4072220051,126.9550052311,부설,0.9,True,False,False
13912-29391-00036-00-1,,5,37.4056042659,126.9563209084,부설,0.9,False,False,False
13912-29391-00038-00-1,,7,37.4006542791,126.9759798865,부설,0.9,False,False,False
13912-29391-00039-00-1,,4,37.4008741218,126.975948193,부설,0.9,False,False,False
13912-29391-00041-00-1,,6,37.401032696,126.9759210365,부설,0.9,False,False,False
13912-29391-00042-00-1,안양00모텔,7,37.4007768161,126.9759708121,부설,0.9,True,False,False
13912-29391-00043-00-1,,4,37.399965968,126.9763234411,부설,0.9,False,False,False
13912-29391-00044-00-1,센트럴관광호텔,21,37.3997677433,126.9763235035,부설,0.9,True,False,False
13912-29391-11013-00-1,(주)서비스월드,2,,,부설,0.9,True,False,False
13912-29392-00022-00-1,,10,37.4045729419,126.9548396551,부설,0.9,False,False,False
13912-29392-00037-00-1,아이퍼스트타워,173,37.4003335493,126.9761471396,부설,0.9,True,False,False
13912-29392-00040-00-1,,13,37.4009029966,126.9761559943,애매,0.3,False,False,False
13913-29391-00001-00-1,,3,37.4039023254,126.954171423,부설,0.9,False,False,False
13913-29391-00002-00-1,,4,37.4040391717,126.9538912355,부설,0.9,False,False,False
13913-29391-00003-00-1,관양동1381근생,4,37.4036353089,126.9533674199,부설,0.9,True,False,False
13914-29391-00001-00-1,샛별아파트,7570,37.3970029581,126.9512980488,부설,0.9,True,False,False
13914-29391-00002-00-1,,12,37.3962963533,126.9508061154,애매,0.3,False,False,False
13914-29391-11013-00-1,,7,,,부설,0.9,False,False,False
13915-29391-00001-00-1,,4,37.3844108776,126.9629274868,부설,0.9,False,False,False
13915-29391-00002-00-1,,2,37.3842739475,126.9630088535,부설,0.9,False,False,False
13915-29391-00003-00-1,,3,37.3842234477,126.9628733797,부설,0.9,False,False,False
13915-29391-00004-00-1,.,3,37.3841152337,126.9625843697,애매,0.3,False,False,False
13915-29391-00005-00-1,,2,37.38415482,126.9623991688,부설,0.9,False,False,False
13915-29391-00006-00-1,,2,37.3842232359,126.96220492,부설,0.9,False,False,False
13915-29391-00007-00-1,,2,37.3842880488,126.9620151892,부설,0.9,False,False,False
13915-29391-00008-00-1,,4,37.3845333558,126.962733211,부설,0.9,False,False,False
13915-29391-00009-00-1,건축허가,3,37.384346097,126.9632256161,부설,0.9,True,False,False
13915-29391-00010-00-1,건축허가번호,2,37.3844110127,126.9633610834,부설,0.9,True,False,False
13915-29391-00011-00-1,제 172 호,3,37.3844687159,126.9634830045,애매,0.3,False,False,False
13915-29391-00012-00-1,,3,37.3846021023,126.9635958558,부설,0.9,False,False,False
13915-29391-00013-00-1,,3,37.3844831838,126.963650113,부설,0.9,False,False,False
13915-29391-00014-00-1,,4,37.3851824044,126.9637355923,부설,0.9,False,False,False
13915-29391-00015-00-1,,3,37.3850418697,126.96381696,부설,0.9,False,False,False
13915-29391-00016-00-1,,3,37.3849013321,126.9638892941,부설,0.9,False,False,False
13915-29391-00017-00-1,,2,37.3847643999,126.9639661429,부설,0.9,False,False,False
13915-29391-00018-00-1,,2,37.3846238622,126.9640384765,부설,0.9,False,False,False
13915-29391-00019-00-1,건축허가번호('93-351호),3,37.3845625472,126.9638894566,부설,0.9,True,False,False
13915-29391-00020-00-1,다찬파크빌,4,37.3880597393,126.9273554955,부설,0.9,True,False,False
13915-29391-00021-00-1,두성빌라B동,6,37.3880887658,126.9276716471,부설,0.9,True,False,False
13915-29391-00022-00-1,,2,37.388356341,126.9291122708,부설,0.9,False,False,False
13915-29391-00023-00-1,보송아파트,11,37.3881365023,126.9291305452,부설,0.9,True,False,False
13915-29391-00025-00-1,번호 211,2,37.3852617663,126.9639704216,애매,0.3,False,False,False
13915-29391-00026-00-1,,2,37.3851644709,126.9640201516,부설,0.9,False,False,False
13915-29391-00027-00-1,,3,37.3850671768,126.9640743981,부설,0.9,False,False,False
13915-29391-00028-00-1,건축허가(93-225),2,37.3848761913,126.9641783724,부설,0.9,True,False,False
13915-29391-00029-00-1,번호 213,3,37.3847788972,126.9642326185,애매,0.3,False,False,False
13915-29391-00030-00-1,건축허가번호 ('93-285호),2,37.3846852058,126.9642823462,부설,0.9,True,False,False
13915-29391-00031-00-1,,3,37.3845014269,126.9643817994,부설,0.9,False,False,False
13915-29391-00032-00-1,,2,37.3844041313,126.9644315283,부설,0.9,False,False,False
13915-29391-00033-00-1,,3,37.3843068371,126.9644857738,부설,0.9,False,False,False
13915-29391-00034-00-1,,2,37.3842095428,126.9645400191,부설,0.9,False,False,False
13915-29391-00035-00-1,건축허가번호 (97-251호),3,37.3841122471,126.9645897477,부설,0.9,True,False,False
13915-29391-00036-00-1,건축허가번호 94-51,2,37.3840149528,126.9646439927,부설,0.9,True,False,False
13915-29391-00037-00-1,건축허가번호: 94-52,2,37.3839176584,126.9646982376,부설,0.9,True,False,False
13915-29391-00038-00-1,,2,37.3837230682,126.9648022104,부설,0.9,False,False,False
13915-29391-00039-00-1,미소빌딩,7,37.3843427867,126.9641831428,부설,0.9,True,False,False
13915-29391-00040-00-1,건축허가('93-162호),2,37.3841554039,126.9642825975,부설,0.9,True,False,False
13915-29391-00041-00-1,,2,37.3839067622,126.9644182134,부설,0.9,False,False,False
13915-29391-00042-00-1,,3,37.3837806392,126.9644860219,부설,0.9,False,False,False
13915-29391-00043-00-1,씨티캐슬6차,11,37.384297977,126.9288541273,부설,0.9,True,False,False
13915-29391-00044-00-1,개성하이뷰아파트,15,37.3842834027,126.9285921769,부설,0.9,True,False,False
13915-29391-00045-00-1,,5,37.3841390258,126.9282400179,부설,0.9,False,False,False
13915-29391-11011-00-1,간부숙소,14,,,애매,0.3,False,False,False
13915-29392-00024-00-1,무진빌라,2,37.3881109395,126.9285749964,부설,0.9,True,False,False
13916-29391-00001-00-1,,2,37.3836040128,126.9644002902,부설,0.9,False,False,False
13916-29391-11010-00-1,,2,,,부설,0.9,False,False,False
13916-29391-11011-00-1,,3,,,부설,0.9,False,False,False
13916-29391-11013-00-1,관악수목원 생태학습원,19,,,애매,0.3,False,False,False
13917-29391-00001-00-1,귀인중학교,30,37.3837334848,126.9634969108,부설,0.9,True,False,False
13917-29391-00002-00-1,,3,37.3841005705,126.9618120362,부설,0.9,False,False,False
13917-29391-00003-00-1,,2,37.3840717988,126.9620017485,부설,0.9,False,False,False
13917-29391-00004-00-1,,2,37.384006983,126.9621824455,부설,0.9,False,False,False
13917-29391-00005-00-1,,2,37.3862696537,126.9292497377,부설,0.9,False,False,False
13917-29391-00006-00-1,,4,37.385847929,126.9291733497,부설,0.9,False,False,False
13917-29391-00007-00-1,,4,37.3859922628,126.9294577677,부설,0.9,False,False,False
13917-29391-00008-00-1,,1,37.3861904042,126.9293175632,부설,0.9,False,False,False
13917-29391-00009-00-1,,6,37.3870485488,126.9299400745,부설,0.9,False,False,False
13917-29391-00010-00-1,,6,37.3864643367,126.9293534401,부설,0.9,False,False,False
13917-29391-00011-00-1,,2,37.3839168344,126.9620379595,부설,0.9,False,False,False
13917-29391-00012-00-1,,2,37.3839672394,126.9618753363,부설,0.9,False,False,False
13917-29391-00013-00-1,,192,37.383858945,126.9613469491,애매,0.3,False,False,False
13917-29391-00014-00-1,건축허가번호('94-54호),2,37.3835778345,126.9613741929,부설,0.9,True,False,False
13917-29391-00015-00-1,60호,2,37.383444508,126.961451043,애매,0.3,False,False,False
13917-29391-00016-00-1,제12호,2,37.3833075759,126.9615233782,애매,0.3,False,False,False
13917-29391-00017-00-1,제164호,3,37.3831670412,126.9616002314,애매,0.3,False,False,False
13917-29391-00018-00-1,제62호,2,37.383030109,126.961672566,애매,0.3,False,False,False
13917-29391-00019-00-1,,2,37.3828931768,126.9617449004,부설,0.9,False,False,False
13917-29391-00020-00-1,,2,37.3828318603,126.9616004023,부설,0.9,False,False,False
13917-29391-00021-00-1,,2,37.3829471694,126.9615325954,부설,0.9,False,False,False
13917-29391-00022-00-1,건축허가번호('94-1호),2,37.3830660839,126.9614693029,부설,0.9,True,False,False
13917-29391-00023-00-1,제56호,2,37.3831849984,126.9614060103,애매,0.3,False,False,False
13917-29391-00024-00-1,제312호,2,37.3833003088,126.9613427193,애매,0.3,False,False,False
13917-29391-00026-00-1,건축허가번호('93-245호),2,37.3835381377,126.961216133,부설,0.9,True,False,False
13917-29391-00027-00-1,,3,37.3837077037,126.9617490032,부설,0.9,False,False,False
13917-29391-00028-00-1,,2,37.3835743756,126.9618213362,부설,0.9,False,False,False
13917-29391-00029-00-1,,2,37.3834338406,126.9618981892,부설,0.9,False,False,False
13917-29391-00031-00-1,,3,37.3831599759,126.9620428576,부설,0.9,False,False,False
13917-29391-00032-00-1,,2,37.3830230434,126.9621151914,부설,0.9,False,False,False
13917-29391-00033-00-1,,2,37.3829617274,126.9619706928,부설,0.9,False,False,False
13917-29391-00034-00-1,,2,37.3830770381,126.9619074028,부설,0.9,False,False,False
13917-29391-00035-00-1,,2,37.383311262,126.9617763039,부설,0.9,False,False,False
13917-29391-00036-00-1,,2,37.3834301767,126.9617130116,부설,0.9,False,False,False
13917-29391-00037-00-1,,3,37.3835490914,126.961649719,부설,0.9,False,False,False
13917-29391-00038-00-1,근린생활시설및주택신축공사,2,37.3836644034,126.9615909446,부설,0.9,True,False,False
13917-29391-00039-00-1,,3,37.3836645969,126.9621916506,부설,0.9,False,False,False
13917-29391-00040-00-1,,6,37.3900089757,126.9324623041,부설,0.9,False,False,False
13917-29391-00041-00-1,,1,37.3898865525,126.9326656771,부설,0.9,False,False,False
13917-29391-00042-00-1,,2,37.3897674681,126.9324038004,부설,0.9,False,False,False
13917-29391-00043-00-1,금순하우스,6,37.389864732,126.9323224078,부설,0.9,True,False,False
13917-29391-00044-00-1,.,10,37.3896014261,126.9319612891,애매,0.3,False,False,False
13917-29391-00045-00-1,황실빌라 2차,2,37.3897707455,126.9318346614,부설,0.9,True,False,False
13917-29391-00046-00-1,,3,37.3882958972,126.9305035218,부설,0.9,False,False,False
13917-29391-00047-00-1,,2,37.3880833567,126.9306753584,부설,0.9,False,False,False
13917-29391-00049-00-1,,2,37.3835960772,126.9620607041,부설,0.9,False,False,False
13917-29391-00051-00-1,,2,37.3834052342,126.9626073054,부설,0.9,False,False,False
13917-29391-00052-00-1,,2,37.3834593441,126.962760842,부설,0.9,False,False,False
13917-29391-00053-00-1,,2,37.3833404288,126.9628241328,부설,0.9,False,False,False
13917-29391-00054-00-1,,2,37.3832179109,126.9628919416,부설,0.9,False,False,False
13917-29391-00055-00-1,,2,37.3830953886,126.9629462007,부설,0.9,False,False,False
13917-29391-00056-00-1,,2,37.3829656667,126.9630275623,부설,0.9,False,False,False
13917-29391-00057-00-1,,4,37.3829115628,126.9628920926,부설,0.9,False,False,False
13917-29391-00058-00-1,,2,37.3828682725,126.9627611343,부설,0.9,False,False,False
13917-29391-00059-00-1,,3,37.3828213765,126.9626256614,부설,0.9,False,False,False
13917-29391-00060-00-1,,2,37.3827780859,126.9624947034,부설,0.9,False,False,False
13917-29391-00061-00-1,,2,37.3829150229,126.9624359202,부설,0.9,False,False,False
13917-29392-00025-00-1,NO.74,2,37.3834192233,126.9612794262,애매,0.3,False,False,False
13917-29392-00030-00-1,,2,37.3832969083,126.9619705235,부설,0.9,False,False,False
13917-29392-00048-00-1,,3,37.3878275958,126.9308969188,부설,0.9,False,False,False
13917-29392-00050-00-1,,3,37.3837330052,126.9619748199,부설,0.9,False,False,False
13918-29391-00001-00-1,,2,37.3839228815,126.9284073381,부설,0.9,False,False,False
13918-29391-00002-00-1,정우팰리스,16,37.3840454944,126.92852917,부설,0.9,True,False,False
13918-29391-00003-00-1,유일아르젠뷰,16,37.3841357248,126.9287413652,애매,0.3,False,False,False
13918-29391-00004-00-1,더포레스트,8,37.384218763,126.9289806675,애매,0.3,False,False,False
13918-29391-00007-00-1,,37,37.3904940574,126.9433929993,애매,0.3,False,False,False
13918-29391-00008-00-1,지엠 파크빌,14,37.3904582597,126.9439034466,부설,0.9,True,False,False
13918-29391-00009-00-1,,6,37.3900976486,126.9434791199,부설,0.9,False,False,False
13918-29391-00012-00-1,피카빌딩,30,37.3920619613,126.9436538116,부설,0.9,True,False,False
13918-29391-00013-00-1,석림빌딩,13,37.3917666084,126.9440379838,부설,0.9,True,False,False
13918-29391-00014-00-1,,5,37.3916657536,126.9441645367,부설,0.9,False,False,False
13918-29391-00015-00-1,건축허가번호:453,3,37.3915576949,126.9443001286,부설,0.9,True,False,False
13918-29391-00017-00-1,,4,37.3913956064,126.9445035158,부설,0.9,False,False,False
13918-29391-00018-00-1,호계동 근린생활시설,6,37.3905167269,126.9456198621,부설,0.9,True,False,False
13918-29391-00019-00-1,해피타운,11,37.389998023,126.9462435781,부설,0.9,True,False,False
13918-29391-00020-00-1,,5,37.3895827111,126.9444235472,부설,0.9,False,False,False
13918-29391-00021-00-1,,47,37.3896726643,126.9441072945,애매,0.3,False,False,False
13918-29391-00022-00-1,,1,37.3827961935,126.9307479739,부설,0.9,False,False,False
13918-29391-00023-00-1,새봄어린이집,3,37.3835746486,126.9306975757,부설,0.9,True,False,False
13918-29391-00024-00-1,,2,37.3834952738,126.9305531183,부설,0.9,False,False,False
13918-29392-00005-00-1,,2,37.3840309468,126.9283123866,부설,0.9,False,False,False
13919-29391-00001-00-1,,2,37.3837265316,126.9643324834,부설,0.9,False,False,False
13919-29391-00002-00-1,,4,37.3838526545,126.9642646747,부설,0.9,False,False,False
13919-29391-00003-00-1,,4,37.3839787773,126.9641968657,부설,0.9,False,False,False
13919-29391-00004-00-1,,2,37.382468105,126.9624045275,부설,0.9,False,False,False
13919-29391-00005-00-1,,2,37.3825149998,126.9625354831,부설,0.9,False,False,False
13919-29391-00006-00-1,,2,37.3825618973,126.9626754719,부설,0.9,False,False,False
13919-29391-00007-00-1,평촌동상가주택,2,37.3824213604,126.9627478058,부설,0.9,True,False,False
13919-29391-00008-00-1,,1,37.3823672576,126.9626168538,부설,0.9,False,False,False
13919-29391-00009-00-1,,2,37.3823167588,126.9624859002,부설,0.9,False,False,False
13919-29391-00010-00-1,,4,37.3827891753,126.9310731708,부설,0.9,False,False,False
13919-29391-00011-00-1,현대그린빌라트,6,37.3832358665,126.930702404,부설,0.9,True,False,False
13919-29391-00012-00-1,조양휴캐슬,11,37.3834809871,126.9307744436,부설,0.9,True,False,False
13919-29391-00013-00-1,,4,37.3833332933,126.9309010433,부설,0.9,False,False,False
13919-29391-00014-00-1,.,4,37.3828902004,126.931262773,애매,0.3,False,False,False
13919-29391-11011-00-1,,2,,,부설,0.9,False,False,False
13920-29391-00001-00-1,,2,37.3829727399,126.962598487,부설,0.9,False,False,False
13920-29391-00002-00-1,,4,37.3830340637,126.9627700854,부설,0.9,False,False,False
13920-29391-00003-00-1,,2,37.3831637998,126.9627338888,부설,0.9,False,False,False
13920-29391-00004-00-1,,2,37.3822877412,126.9619078021,부설,0.9,False,False,False
13920-29391-00005-00-1,,2,37.3823310296,126.9620297259,부설,0.9,False,False,False
13920-29391-00006-00-1,,5,37.3823743178,126.9621516498,부설,0.9,False,False,False
13920-29391-00007-00-1,,2,37.3824212115,126.9622780886,부설,0.9,False,False,False
13920-29391-00008-00-1,,4,37.3822662613,126.9623594632,부설,0.9,False,False,False
13920-29391-00009-00-1,,2,37.3822193691,126.9622375412,부설,0.9,False,False,False
13920-29391-00010-00-1,,2,37.3821688728,126.9621156211,부설,0.9,False,False,False
13920-29391-00011-00-1,,2,37.3821219819,126.9619982158,부설,0.9,False,False,False
13920-29391-00012-00-1,,2,37.3820786949,126.9618808089,부설,0.9,False,False,False
13920-29391-00013-00-1,,3,37.3831929981,126.9639126961,부설,0.9,False,False,False
13922-29391-00001-00-1,,2,37.3818444345,126.9618989934,부설,0.9,False,False,False
13922-29391-00002-00-1,,2,37.3832398885,126.9640346208,부설,0.9,False,False,False
13922-29391-00003-00-1,,3,37.383283176,126.964161064,부설,0.9,False,False,False
13923-29391-00001-00-1,,2,37.383463533,126.9646668345,부설,0.9,False,False,False
13923-29391-00002-00-1,,3,37.3829807423,126.9652000134,부설,0.9,False,False,False
13923-29391-00003-00-1,평촌평성교회,10,37.385746256,126.9694444443,부설,0.9,True,False,False
13923-29391-00004-00-1,,6,37.385522801,126.9694400183,부설,0.9,False,False,False
13923-29391-00005-00-1,,5,,,부설,0.9,False,False,False
13923-29391-00006-00-1,,14,,,애매,0.3,False,False,False
13923-29391-00007-00-1,,9,,,부설,0.9,False,False,False
13923-29391-00008-00-1,,16,37.3796485367,126.9417436532,애매,0.3,False,False,False
13923-29391-00009-00-1,,7,37.3786907619,126.9436322024,부설,0.9,False,False,False
13923-29391-00010-00-1,호계체육관,111,37.3802204242,126.9469280149,비부설,0.9,False,True,False
13923-29391-00011-00-1,,117,37.3804010867,126.9479576247,애매,0.3,False,False,False
13923-29391-00014-00-1,,4,37.3853392574,126.9345712688,부설,0.9,False,False,False
13924-29391-00008-00-1,,1,37.3679584923,126.9536469015,부설,0.9,False,False,False
13924-29391-00009-00-1,해밀리안,12,37.3678576427,126.9538140422,애매,0.3,False,False,False
13924-29391-00010-00-1,,2,37.3860702706,126.9334640346,부설,0.9,False,False,False
13924-29391-00011-00-1,빌로채,216,37.3862363903,126.9340555808,부설,0.9,True,False,False
13924-29391-00012-00-1,,4,37.3859405817,126.9335680338,부설,0.9,False,False,False
13924-29391-00013-00-1,,5,37.3860489649,126.9340331613,부설,0.9,False,False,False
13925-29391-00001-00-1,,4,37.3831606968,126.9643598507,부설,0.9,False,False,False
13925-29391-00002-00-1,,2,37.3850684067,126.9335959033,부설,0.9,False,False,False
13925-29391-00003-00-1,,5,37.3851766636,126.9338351917,부설,0.9,False,False,False
13925-29391-00004-00-1,서희아리채,188,37.385627261,126.9339883637,애매,0.3,False,False,False
13925-29391-00005-00-1,명학하이츠빌라,6,37.3856706886,126.9343090118,부설,0.9,True,False,False
13925-29391-00006-00-1,엘리제빌리지,263,37.3848162316,126.9337948585,부설,0.9,True,False,False
13925-29391-00007-00-1,M-tower 빌딩,236,37.384455835,126.9338177585,부설,0.9,True,False,False
13925-29391-00008-00-1,삼익아파트,190,37.3659385357,126.9589132451,부설,0.9,True,False,False
13925-29391-00009-00-1,서부인터빌,89,37.3668611411,126.9587817902,부설,0.9,True,False,False
13925-29391-00010-00-1,삼호우주아파트,97,37.3665477093,126.9591432065,부설,0.9,True,False,False
13925-29391-00011-00-1,호성중학교,12,37.3667655807,126.9641553751,부설,0.9,True,False,False
13926-29391-00001-00-1,,2,37.3819093576,126.9620525209,부설,0.9,False,False,False
13926-29391-00002-00-1,,2,37.381974282,126.9622105652,부설,0.9,False,False,False
13926-29391-00003-00-1,,2,37.3820392061,126.9623686097,부설,0.9,False,False,False
13926-29391-00004-00-1,,2,37.38210413,126.9625266545,부설,0.9,False,False,False
13926-29391-00005-00-1,,4,37.3821690523,126.9626801831,부설,0.9,False,False,False
13926-29391-00006-00-1,,3,37.3825043184,126.962951008,부설,0.9,False,False,False
13926-29391-00008-00-1,,3,37.3826989664,126.9630367263,부설,0.9,False,False,False
13926-29392-00007-00-1,,2,37.3826412528,126.9628831928,부설,0.9,False,False,False
13928-29391-00001-00-1,,3,37.3794688514,126.9604278699,부설,0.9,False,False,False
13928-29391-00002-00-1,,2,37.379339128,126.9605001993,부설,0.9,False,False,False
13928-29391-00003-00-1,,3,37.3792094031,126.9605680122,부설,0.9,False,False,False
13928-29391-00004-00-1,제24호,2,37.3790796797,126.9606403411,애매,0.3,False,False,False
13928-29391-00005-00-1,,2,37.3790147577,126.9604958531,부설,0.9,False,False,False
13928-29391-00006-00-1,No. 280,2,37.3791264636,126.9604325661,애매,0.3,False,False,False
13928-29391-00007-00-1,,2,37.3792345669,126.9603737972,부설,0.9,False,False,False
13928-29391-00008-00-1,No. 94-237,2,37.3793462727,126.9603105098,애매,0.3,False,False,False
13928-29391-00009-00-1,호계동1078-10다가구주택,3,37.37945798,126.9602517386,부설,0.9,True,False,False
13928-29391-00010-00-1,,3,37.3795660832,126.9601929691,부설,0.9,False,False,False
13928-29391-00011-00-1,건축허가번호('93-239호),2,37.3796777904,126.9601341975,부설,0.9,True,False,False
13928-29391-00012-00-1,,4,37.3798761882,126.9606489575,부설,0.9,False,False,False
13928-29391-00013-00-1,,3,37.3797428621,126.9607258052,부설,0.9,False,False,False
13928-29391-00014-00-1,,3,37.3796095345,126.9607981362,부설,0.9,False,False,False
13928-29391-00015-00-1,,2,37.3794762068,126.9608704669,부설,0.9,False,False,False
13928-29391-00016-00-1,,2,37.3793428791,126.9609427975,부설,0.9,False,False,False
13928-29391-00017-00-1,,2,37.3792095499,126.9610106114,부설,0.9,False,False,False
13928-29391-00018-00-1,NO. 242,3,37.3791446284,126.9608661229,애매,0.3,False,False,False
13928-29391-00019-00-1,,3,37.3792599385,126.9608028345,부설,0.9,False,False,False
13928-29391-00020-00-1,,3,37.3793716446,126.9607395477,부설,0.9,False,False,False
13928-29391-00021-00-1,,2,37.3794869562,126.9606807752,부설,0.9,False,False,False
13928-29391-00022-00-1,,2,37.3795986622,126.9606174881,부설,0.9,False,False,False
13928-29391-00023-00-1,건축허가번호(93-282호),2,37.3797103696,126.9605587172,부설,0.9,True,False,False
13928-29391-00024-00-1,평촌선교교회,14,37.379357395,126.9612453839,부설,0.9,True,False,False
13928-29391-00025-00-1,,2,37.3802296176,126.9613397791,부설,0.9,False,False,False
13928-29391-00026-00-1,,2,37.3800962867,126.9614030768,부설,0.9,False,False,False
13928-29391-00027-00-1,,4,37.3799593486,126.9614573433,부설,0.9,False,False,False
13928-29391-00028-00-1,,3,37.3798188006,126.9614935461,부설,0.9,False,False,False
13929-29391-00006-00-1,호계동 상가 주택,4,37.3796746456,126.9615207179,부설,0.9,True,False,False
13929-29391-00007-00-1,,3,37.3755982683,126.9610892545,부설,0.9,False,False,False
13929-29391-00008-00-1,,4,37.3757243895,126.9610214477,부설,0.9,False,False,False
13929-29391-00009-00-1,,4,37.3758505107,126.9609536406,부설,0.9,False,False,False
13929-29391-00010-00-1,,3,37.375872047,126.9606871784,부설,0.9,False,False,False
13929-29391-00011-00-1,,3,37.3757531342,126.9607549822,부설,0.9,False,False,False
13929-29391-00012-00-1,,3,37.3756306158,126.9608182715,부설,0.9,False,False,False
13929-29391-00013-00-1,,3,37.3755080988,126.9608860767,부설,0.9,False,False,False
13929-29391-00014-00-1,,4,37.3753855803,126.9609493655,부설,0.9,False,False,False
13929-29391-00015-00-1,,4,37.3752630618,126.9610126542,부설,0.9,False,False,False
13929-29391-00016-00-1,,2,37.3753711101,126.9607867938,부설,0.9,False,False,False
13929-29391-00017-00-1,,4,37.3755188512,126.9607054271,부설,0.9,False,False,False
13929-29391-00038-00-1,,4,37.373789776,126.9634926978,부설,0.9,False,False,False
13929-29391-00039-00-1,,3,37.3737284518,126.9633166039,부설,0.9,False,False,False
13929-29391-00040-00-1,,2,37.3736671273,126.9631405102,부설,0.9,False,False,False
13929-29391-00041-00-1,,2,37.3736094081,126.9629689311,부설,0.9,False,False,False
13929-29391-00042-00-1,,2,37.3734364395,126.9630593356,부설,0.9,False,False,False
13929-29391-00043-00-1,,3,37.3735013668,126.9632309109,부설,0.9,False,False,False
13929-29391-00044-00-1,제1종근린생활시설 및 다가구주택,6,37.373559087,126.963407006,부설,0.9,True,False,False
13929-29391-00045-00-1,,3,37.3736204111,126.9635830996,부설,0.9,False,False,False
13929-29391-00046-00-1,,5,37.3736781308,126.9637591952,부설,0.9,False,False,False
13929-29391-00047-00-1,,2,37.373566423,126.9638224727,부설,0.9,False,False,False
13929-29391-00048-00-1,,4,37.3735050993,126.963646379,부설,0.9,False,False,False
13929-29391-00049-00-1,,4,37.3734437753,126.9634702856,부설,0.9,False,False,False
13929-29391-00050-00-1,,4,37.3733824511,126.9632941925,부설,0.9,False,False,False
13929-29391-00078-00-1,샘마을아파트,13,37.378584714,126.9686705494,부설,0.9,True,False,False
13929-29391-00079-00-1,갈산동사무소,5,37.3761512476,126.966133493,애매,0.3,False,False,False
13929-29391-00080-00-1,안양경찰서 호계지구대,6,37.3763134683,126.9662598722,애매,0.3,False,False,False
13929-29391-00081-00-1,샘마을아파트,1410,37.3750733677,126.9652578597,부설,0.9,True,False,False
13930-29391-00002-00-1,,4,37.3795340887,126.9615298224,부설,0.9,False,False,False
13930-29391-00008-00-1,,2,37.3762397355,126.9608992452,부설,0.9,False,False,False
13930-29391-00009-00-1,,4,37.3760955984,126.9609806104,부설,0.9,False,False,False
13930-29391-00010-00-1,94-286,2,37.3760487003,126.9608451508,애매,0.3,False,False,False
13930-29391-00011-00-1,,4,37.3761928373,126.9607637853,부설,0.9,False,False,False
13930-29391-00012-00-1,,3,37.3763405799,126.9606869339,부설,0.9,False,False,False
13930-29391-00013-00-1,,3,37.3764883209,126.960605566,부설,0.9,False,False,False
13930-29391-00014-00-1,,4,37.3770364531,126.9615446466,부설,0.9,False,False,False
13930-29391-00015-00-1,,4,37.3769751261,126.9613685467,부설,0.9,False,False,False
13930-29391-00016-00-1,,4,37.3769137987,126.9611924471,부설,0.9,False,False,False
13930-29391-00017-00-1,,4,37.3768524681,126.9610073154,부설,0.9,False,False,False
13930-29391-00018-00-1,,4,37.3766975067,126.9610525573,부설,0.9,False,False,False
13930-29391-00019-00-1,,5,37.3765389546,126.9611384463,부설,0.9,False,False,False
13930-29391-00020-00-1,,5,37.3763804039,126.9612288511,부설,0.9,False,False,False
13930-29391-00021-00-1,,3,37.3762182475,126.9613147412,부설,0.9,False,False,False
13930-29391-00022-00-1,,4,37.3767264137,126.9612783509,부설,0.9,False,False,False
13930-29391-00023-00-1,,3,37.3767769168,126.9614183263,부설,0.9,False,False,False
13930-29391-00024-00-1,,3,37.3768238157,126.9615583037,부설,0.9,False,False,False
13930-29391-00025-00-1,,3,37.3768743185,126.9616982795,부설,0.9,False,False,False
13930-29391-00026-00-1,,4,37.3769212185,126.9618427735,부설,0.9,False,False,False
13930-29391-00027-00-1,,4,37.3767878887,126.9619105837,부설,0.9,False,False,False
13930-29391-00028-00-1,,3,37.3767373861,126.9617706079,부설,0.9,False,False,False
13930-29391-00029-00-1,,3,37.3766904875,126.9616306305,부설,0.9,False,False,False
13930-29391-00030-00-1,,3,37.3766399846,126.9614906551,부설,0.9,False,False,False
13930-29391-00031-00-1,,3,37.3765966883,126.96134616,부설,0.9,False,False,False
13930-29391-00032-00-1,,3,37.3764057049,126.9614501295,부설,0.9,False,False,False
13930-29391-00047-00-1,,4,37.3765393317,126.9623036152,부설,0.9,False,False,False
13930-29391-00048-00-1,,4,37.3758974071,126.9610845838,부설,0.9,False,False,False
13930-29391-00049-00-1,,2,37.3757712874,126.9611569068,부설,0.9,False,False,False
13930-29391-00050-00-1,,3,37.3756451661,126.9612247134,부설,0.9,False,False,False
13930-29391-00051-00-1,,3,37.3755190448,126.9612925198,부설,0.9,False,False,False
13930-29391-00052-00-1,,4,37.3753893194,126.9613603278,부설,0.9,False,False,False
13930-29391-00053-00-1,,2,37.3753424232,126.9612293854,부설,0.9,False,False,False
13930-29391-00054-00-1,,4,37.3754721471,126.9611570611,부설,0.9,False,False,False
13934-29391-00001-00-1,,4,37.3837226012,126.9310136008,부설,0.9,False,False,False
13934-29391-00002-00-1,,8,37.3831390217,126.9315019233,부설,0.9,False,False,False
13934-29391-00003-00-1,,2,37.3835282716,126.931515119,부설,0.9,False,False,False
13934-29391-00004-00-1,,3,37.3830670626,126.9317142666,부설,0.9,False,False,False
13934-29391-00005-00-1,유림하이츠,15,37.3837446008,126.9316594531,애매,0.3,False,False,False
13934-29391-00006-00-1,유림탑스빌,14,37.383391569,126.9319533505,부설,0.9,True,False,False
13934-29391-00007-00-1,개성쉐르빌,6,37.3895367835,126.9464291019,부설,0.9,True,False,False
13934-29391-00008-00-1,리츠팰리스,18,37.3896520488,126.9462844777,부설,0.9,True,False,False
13934-29391-00009-00-1,,5,37.3894791507,126.9465014139,부설,0.9,False,False,False
13934-29391-00010-00-1,개성홈타운,6,37.3894179159,126.9465782453,부설,0.9,True,False,False
13934-29391-00012-00-1,태경빌딩,11,37.3881319709,126.9481871579,부설,0.9,True,False,False
13934-29391-00013-00-1,,25,37.3879585511,126.9472297063,애매,0.3,False,False,False
13934-29391-00014-00-1,,2,37.3862132399,126.9451848466,부설,0.9,False,False,False
13934-29391-00015-00-1,,4,37.3860689944,126.9450087991,부설,0.9,False,False,False
13934-29391-00016-00-1,,32,37.3857123149,126.9452800621,애매,0.3,False,False,False
13934-29391-00017-00-1,삼성출판사 물류창고,104,37.3858423552,126.9459168247,부설,0.9,True,False,False
13934-29391-00018-00-1,삼보빌딩,18,37.3864367563,126.9453201864,부설,0.9,True,False,False
13934-29392-00011-00-1,,28,37.3882760553,126.9480063842,애매,0.3,False,False,False
13935-29391-00001-00-1,,7,37.3833017463,126.9324412207,부설,0.9,False,False,False
13935-29391-00002-00-1,,4,37.3834642593,126.9330191964,부설,0.9,False,False,False
13935-29391-00003-00-1,,6,37.3835032438,126.9318629181,부설,0.9,False,False,False
13935-29391-00004-00-1,안양8동 행정복지센터,36,37.3842242027,126.9321061632,비부설,0.9,False,True,False
13935-29391-00014-00-1,,8,37.3890073215,126.9471838022,부설,0.9,False,False,False
13935-29391-00015-00-1,(주)에이앤티에스,23,37.3854775402,126.9441917092,부설,0.9,True,False,False
13935-29391-00016-00-1,,2,37.3854597806,126.9447472757,부설,0.9,False,False,False
13935-29391-00017-00-1,(주)엠하이텍,6,37.3852508653,126.9450093966,부설,0.9,True,False,False
13935-29391-00018-00-1,,2,37.3856327095,126.9446026143,부설,0.9,False,False,False
13935-29391-00019-00-1,,4,37.382497759,126.9319631912,부설,0.9,False,False,False
13935-29391-00020-00-1,,2,37.3828330513,126.9321570994,부설,0.9,False,False,False
13935-29391-00021-00-1,,6,37.3824612475,126.9311502517,부설,0.9,False,False,False
13935-29391-00022-00-1,,4,37.3823457426,126.9308522678,부설,0.9,False,False,False
13935-29391-00023-00-1,성도맨션,7,37.3822737478,126.9310013785,부설,0.9,True,False,False
13935-29391-00024-00-1,,3,37.3824867748,126.9316651111,부설,0.9,False,False,False
13935-29391-00025-00-1,,3,37.3824182265,126.9315432275,부설,0.9,False,False,False
13935-29391-00026-00-1,,6,37.3819927232,126.9311642295,부설,0.9,False,False,False
13935-29391-00027-00-1,,3,37.38233189,126.9318233294,부설,0.9,False,False,False
13935-29391-00028-00-1,,2,37.3822231056,126.93068527,부설,0.9,False,False,False
13935-29391-00029-00-1,다가구주택,1,37.3819419942,126.9306990781,부설,0.9,True,False,False
13935-29391-00030-00-1,,9,37.3928987752,126.9312807379,부설,0.9,False,False,False
13935-29391-00031-00-1,,3,37.3936732264,126.9305482467,부설,0.9,False,False,False
13935-29392-00013-00-1,메디선프라자,14,37.3889425344,126.9473780744,부설,0.9,True,False,False
13938-29391-00049-00-1,,21,37.4205554611,126.8954484995,애매,0.3,False,False,False
13941-29391-00001-00-1,경기벤처연성대학교센터,171,37.3844443777,126.9326750605,부설,0.9,True,False,False
13941-29391-00003-00-1,,12,37.3877398825,126.9420535713,애매,0.3,False,False,False
13941-29391-00004-00-1,일이기현,8,37.3876064491,126.9418865516,애매,0.3,False,False,False
13941-29391-00005-00-1,(주)새한검증,7,37.3878699226,126.9426542108,부설,0.9,True,False,False
13941-29391-00006-00-1,(주)영일전자,5,37.3877941687,126.9425142466,부설,0.9,True,False,False
13941-29391-00007-00-1,,4,37.3876787894,126.9424149645,부설,0.9,False,False,False
13941-29391-00008-00-1,,11,37.3874948706,126.9421892644,애매,0.3,False,False,False
13941-29391-00009-00-1,(주)유니콘테크놀러지,14,37.3874014629,126.9428036223,부설,0.9,True,False,False
13941-29391-00010-00-1,,12,37.3872463819,126.9425869337,애매,0.3,False,False,False
13941-29391-00011-00-1,(주)티엔엘정보,7,37.3871164608,126.942230206,부설,0.9,True,False,False
13941-29391-00012-00-1,,4,37.3869687856,126.9424200243,부설,0.9,False,False,False
13941-29391-00013-00-1,,12,37.3868712477,126.9419548707,애매,0.3,False,False,False
13941-29391-00014-00-1,,5,37.3867163581,126.9421311441,부설,0.9,False,False,False
13941-29391-00015-00-1,(주)성화에스티근생빌딩,5,37.3864242893,126.9418513299,부설,0.9,True,False,False
13941-29391-00016-00-1,,7,37.3859883447,126.942158804,부설,0.9,False,False,False
13941-29391-00017-00-1,(주)코리아아피스,11,37.3855737346,126.9418745703,부설,0.9,True,False,False
13941-29391-00018-00-1,,13,37.3850296008,126.9420466237,애매,0.3,False,False,False
13941-29391-00031-00-1,,13,37.3931139972,126.9237323788,애매,0.3,False,False,False
13941-29391-00034-00-1,,3,37.3898151495,126.9220373458,부설,0.9,False,False,False
13941-29391-00037-00-1,스타빌딩,6,37.3864857549,126.9501756633,부설,0.9,True,False,False
13941-29391-00038-00-1,,4,37.3853610618,126.9496660217,부설,0.9,False,False,False
13941-29392-00002-00-1,,3,37.383511202,126.9331772348,부설,0.9,False,False,False
13943-29391-00003-00-1,,2,37.3781278769,126.9596879087,부설,0.9,False,False,False
13943-29391-00004-00-1,,2,37.3781783865,126.9598414344,부설,0.9,False,False,False
13943-29391-00005-00-1,,1,37.3780594712,126.9599002091,부설,0.9,False,False,False
13943-29391-00006-00-1,,2,37.3780089632,126.9597511998,부설,0.9,False,False,False
13943-29391-00007-00-1,,1,37.3779548509,126.9596021927,부설,0.9,False,False,False
13943-29391-00008-00-1,,4,37.3779043409,126.9594486676,부설,0.9,False,False,False
13943-29391-00009-00-1,,4,37.3777638583,126.9596745548,부설,0.9,False,False,False
13943-29391-00010-00-1,,2,37.3776305313,126.9597468858,부설,0.9,False,False,False
13943-29391-00011-00-1,,3,37.3774972042,126.9598192165,부설,0.9,False,False,False
13943-29391-00012-00-1,,3,37.377360273,126.9598915489,부설,0.9,False,False,False
13943-29391-00013-00-1,,3,37.3772269458,126.9599638791,부설,0.9,False,False,False
13943-29391-00014-00-1,,3,37.3770936186,126.9600362091,부설,0.9,False,False,False
13943-29391-00015-00-1,,7,37.377046718,126.9598962321,부설,0.9,False,False,False
13943-29391-00016-00-1,,2,37.3771800451,126.9598239019,부설,0.9,False,False,False
13943-29391-00017-00-1,,4,37.3773133722,126.9597515715,부설,0.9,False,False,False
13943-29391-00018-00-1,,4,37.3774466992,126.9596792409,부설,0.9,False,False,False
13943-29391-00019-00-1,,3,37.3775836303,126.959606908,부설,0.9,False,False,False
13943-29391-00020-00-1,,4,37.3777169588,126.9595390931,부설,0.9,False,False,False
13943-29391-00021-00-1,,2,37.377882907,126.9600086929,부설,0.9,False,False,False
13943-29391-00022-00-1,,3,37.3777495813,126.9600855396,부설,0.9,False,False,False
13943-29391-00023-00-1,,4,37.37761265,126.9601578717,부설,0.9,False,False,False
13943-29391-00024-00-1,,2,37.3774793226,126.9602302017,부설,0.9,False,False,False
13943-29391-00025-00-1,,2,37.3773459953,126.9603025315,부설,0.9,False,False,False
13943-29391-00026-00-1,,3,37.3772126679,126.9603748609,부설,0.9,False,False,False
13943-29391-00034-00-1,,3,37.3782758177,126.9601981673,부설,0.9,False,False,False
13943-29391-11010-00-1,인덕원초등학교,26,,,부설,0.9,True,False,False
13944-29391-00001-00-1,,4,37.3856786106,126.9505872178,부설,0.9,False,False,False
13944-29391-00003-00-1,하나 베스트 빌,6,37.3849714279,126.9487539159,부설,0.9,True,False,False
13944-29391-00004-00-1,,4,37.3847480269,126.9488760175,부설,0.9,False,False,False
13944-29392-00002-00-1,,2,37.3853576815,126.9501944765,부설,0.9,False,False,False
13944-29392-00005-00-1,,1,37.3849138815,126.9490294714,부설,0.9,False,False,False
13946-29391-11010-00-1,LK 하우스,7,,,부설,0.9,True,False,False
13947-29391-00034-00-1,,14,37.3912845078,126.9544049575,애매,0.3,False,False,False
13947-29391-11010-00-1,수자인,12,,,애매,0.3,False,False,False
13948-29391-00002-00-1,,10,37.3914360494,126.9548475369,부설,0.9,False,False,False
13948-29391-00008-00-1,,12,37.3907793601,126.9529372341,애매,0.3,False,False,False
13948-29391-00009-00-1,,12,37.3908370919,126.9531043276,애매,0.3,False,False,False
13948-29391-00010-00-1,,28,37.3909020424,126.953298519,애매,0.3,False,False,False
13948-29391-00011-00-1,,16,37.3899572388,126.9519711177,애매,0.3,False,False,False
13948-29391-00012-00-1,범계빌딩,20,37.3900221894,126.9521607889,부설,0.9,True,False,False
13948-29391-00017-00-1,로데오빌딩,8,37.3904912651,126.9535246237,부설,0.9,True,False,False
13948-29391-00020-00-1,성보빌딩,17,37.3907727009,126.9543375123,부설,0.9,True,False,False
13948-29391-00023-00-1,센터프라자,36,37.391101039,126.9552949241,부설,0.9,True,False,False
13948-29391-00024-00-1,백산프라자,23,37.390556629,126.9547893433,부설,0.9,True,False,False
13948-29392-00001-00-1,현대프라자,31,37.3913350225,126.9545539894,부설,0.9,True,False,False
13948-29392-00003-00-1,,19,37.390368015,126.9517495232,애매,0.3,False,False,False
13948-29392-00004-00-1,이랜드평촌프라자,16,37.3904329659,126.9519391952,부설,0.9,True,False,False
13948-29392-00005-00-1,제일빌딩(94-2호),30,37.3904870878,126.9520882215,부설,0.9,True,False,False
13948-29392-00006-00-1,조원빌딩,14,37.3906386381,126.9525307916,부설,0.9,True,False,False
13948-29392-00007-00-1,원천상가,17,37.3907180203,126.952761109,부설,0.9,True,False,False
13948-29392-00013-00-1,서련코아,28,37.3901232205,126.952449811,애매,0.3,False,False,False
13948-29392-00014-00-1,대명빌딩,20,37.3902242563,126.9527523849,부설,0.9,True,False,False
13948-29392-00015-00-1,아트타워빌딩,50,37.390307244,126.952987216,부설,0.9,True,False,False
13948-29392-00016-00-1,청구랜드,14,37.3904227091,126.9533259183,애매,0.3,False,False,False
13948-29392-00018-00-1,동안상가,36,37.3906031193,126.9538497788,부설,0.9,True,False,False
13948-29392-00019-00-1,범계타워,18,37.3907185801,126.9541839668,부설,0.9,True,False,False
13948-29392-00021-00-1,대건상가,36,37.3908520813,126.954572349,부설,0.9,True,False,False
13948-29392-00022-00-1,성우프라자,32,37.3909639326,126.9548975073,부설,0.9,True,False,False
13948-29392-00025-00-1,삼희월드프라자,66,37.3903729134,126.9550333711,부설,0.9,True,False,False
13949-29391-00001-00-1,한솔센트럴파크 I,344,37.3906397734,126.9554487761,부설,0.9,True,False,False
13949-29391-00002-00-1,백두 프라자,47,37.3902932344,126.9540216142,부설,0.9,True,False,False
13949-29391-00003-00-1,,22,37.3904411699,126.9544551552,애매,0.3,False,False,False
13949-29391-00004-00-1,봄빛병원,44,37.3901961178,126.9545230581,부설,0.9,True,False,False
13949-29391-00005-00-1,(주)우리은행 안양지점,25,37.3900842655,126.9541979037,부설,0.9,True,False,False
13949-29391-00006-00-1,평촌 코아 주차빌딩,485,37.3899722725,126.9535159101,부설,0.9,True,False,False
13949-29391-00010-00-1,,9,37.3820587217,126.9562397224,부설,0.9,False,False,False
13949-29391-00011-00-1,호계동 1058 교육연구시설 (김영식),39,37.3846005142,126.9587585321,애매,0.3,False,False,False
13949-29391-00013-00-1,호계동 1058-2 교육연구시설 (배영수),20,37.3843158442,126.9589122532,애매,0.3,False,False,False
13949-29391-00014-00-1,맥도날도 평촌점,5,37.384193327,126.9589755528,애매,0.3,False,False,False
13949-29391-00016-00-1,,6,37.383951898,126.9591066658,부설,0.9,False,False,False
13949-29391-00018-00-1,아카데미센타,20,37.3836924516,126.9592468209,애매,0.3,False,False,False
13949-29391-00019-00-1,신흥상가,17,37.3835375066,126.9593372364,부설,0.9,True,False,False
13949-29391-00020-00-1,,2,37.3825853564,126.9574362947,부설,0.9,False,False,False
13949-29391-00021-00-1,,2,37.3826430787,126.9575943405,부설,0.9,False,False,False
13949-29391-00022-00-1,,2,37.3826935942,126.9577569071,부설,0.9,False,False,False
13949-29391-00023-00-1,,4,37.3825746817,126.9578202051,부설,0.9,False,False,False
13949-29391-00024-00-1,,4,37.3825169597,126.9576621593,부설,0.9,False,False,False
13949-29391-00025-00-1,,2,37.3824628399,126.9574995952,부설,0.9,False,False,False
13949-29391-00026-00-1,,4,37.3823908841,126.9578519236,부설,0.9,False,False,False
13949-29392-00012-00-1,,29,37.3844383599,126.9588444369,애매,0.3,False,False,False
13949-29392-00015-00-1,평면조형 빌딩,19,37.3840744138,126.9590388501,부설,0.9,True,False,False
13949-29392-00017-00-1,,27,37.3838293822,126.9591744813,애매,0.3,False,False,False
13950-29391-00001-00-1,,2,37.3821242292,126.9579875677,부설,0.9,False,False,False
13950-29391-00002-00-1,,4,37.3820089158,126.9580373134,부설,0.9,False,False,False
13950-29391-00003-00-1,,2,37.3818899983,126.9580870609,부설,0.9,False,False,False
13950-29391-00004-00-1,,2,37.3818142384,126.9578793452,부설,0.9,False,False,False
13950-29391-00005-00-1,,3,37.3819115297,126.957825093,부설,0.9,False,False,False
13950-29391-00006-00-1,,2,37.382012425,126.9577708387,부설,0.9,False,False,False
13950-29391-00007-00-1,,3,37.3821097163,126.9577165862,부설,0.9,False,False,False
13950-29391-00008-00-1,,3,37.3822070074,126.9576623336,부설,0.9,False,False,False
13950-29391-00009-00-1,,2,37.3823079043,126.9576125953,부설,0.9,False,False,False
13950-29391-00021-00-1,,2,37.3824885854,126.9589629319,부설,0.9,False,False,False
13950-29391-00022-00-1,,2,37.3823588615,126.9590307502,부설,0.9,False,False,False
13950-29391-00023-00-1,,2,37.3823119596,126.9588907641,부설,0.9,False,False,False
13950-29391-00024-00-1,,2,37.3824380778,126.958818431,부설,0.9,False,False,False
13950-29391-00025-00-1,,2,37.3825678017,126.9587506123,부설,0.9,False,False,False
13950-29391-00026-00-1,,2,37.3828272476,126.9586104575,부설,0.9,False,False,False
13950-29391-00027-00-1,,2,37.3829569713,126.9585426381,부설,0.9,False,False,False
13950-29391-00028-00-1,,90,37.3829391286,126.9590530173,애매,0.3,False,False,False
13950-29391-00029-00-1,,2,37.3826797071,126.9592654351,부설,0.9,False,False,False
13950-29391-00030-00-1,,3,37.3825716029,126.9593196918,부설,0.9,False,False,False
13950-29391-00031-00-1,,3,37.3824635002,126.9593784649,부설,0.9,False,False,False
13950-29391-00032-00-1,,2,37.3824418212,126.9592203987,부설,0.9,False,False,False
13950-29391-00033-00-1,,2,37.3826003718,126.9591344989,부설,0.9,False,False,False
13950-29391-00034-00-1,중앙상가,16,37.3832528358,126.9594909532,부설,0.9,True,False,False
13950-29391-00036-00-1,,25,37.3829897832,126.9596265911,애매,0.3,False,False,False
13950-29392-00035-00-1,진평프라자,31,37.3831159034,126.9595587752,부설,0.9,True,False,False
13951-29391-00001-00-1,문원빌딩,23,37.382867267,126.9596944049,부설,0.9,True,False,False
13951-29391-00002-00-1,,33,37.3827447509,126.9597622184,애매,0.3,False,False,False
13951-29391-00004-00-1,,19,37.3823267524,126.9599882671,애매,0.3,False,False,False
13951-29391-00005-00-1,,40,37.3822042346,126.9600515632,애매,0.3,False,False,False
13951-29391-00006-00-1,협성골드프라자,30,37.3819267725,126.9602097872,부설,0.9,True,False,False
13951-29391-00007-00-1,,2,37.3822977459,126.9594779175,부설,0.9,False,False,False
13951-29391-00008-00-1,,2,37.3821788339,126.9595457289,부설,0.9,False,False,False
13951-29391-00009-00-1,,2,37.3820563163,126.9596090256,부설,0.9,False,False,False
13951-29391-00010-00-1,,2,37.3819337986,126.9596723221,부설,0.9,False,False,False
13951-29391-00020-00-1,,3,37.3822364298,126.9593424554,부설,0.9,False,False,False
13951-29391-00021-00-1,,4,37.3818901432,126.9584980605,부설,0.9,False,False,False
13951-29391-00022-00-1,,3,37.3818325204,126.9586200372,부설,0.9,False,False,False
13951-29391-00023-00-1,호계동 1067-2 단독주택 (조형준),7,37.3817640899,126.958755569,부설,0.9,True,False,False
13951-29391-00024-00-1,,1,37.3819947142,126.958647047,부설,0.9,False,False,False
13951-29391-00025-00-1,,2,37.3820344034,126.9587734869,부설,0.9,False,False,False
13951-29391-00026-00-1,,1,37.3818830565,126.9588458334,부설,0.9,False,False,False
13951-29391-00027-00-1,,5,37.3821642559,126.9590760211,부설,0.9,False,False,False
13951-29391-00028-00-1,,2,37.382066975,126.9591618873,부설,0.9,False,False,False
13951-29391-00029-00-1,,3,37.3819624749,126.9592161417,부설,0.9,False,False,False
13951-29391-00030-00-1,,3,37.3816163786,126.9589182426,부설,0.9,False,False,False
13951-29391-00031-00-1,,3,37.3816885106,126.9590627302,부설,0.9,False,False,False
13951-29391-00032-00-1,,2,37.3817390163,126.9592027133,부설,0.9,False,False,False
13951-29391-00033-00-1,,2,37.3817823137,126.9593427006,부설,0.9,False,False,False
13951-29391-00034-00-1,,4,37.3816129569,126.9594466707,부설,0.9,False,False,False
13951-29391-00035-00-1,,2,37.3815660617,126.9593247515,부설,0.9,False,False,False
13951-29391-00036-00-1,,5,37.3815227706,126.9592028305,부설,0.9,False,False,False
13951-29391-00037-00-1,,10,37.3814794777,126.9590763932,부설,0.9,False,False,False
13951-29391-00038-00-1,,6,37.3814397904,126.9589544705,부설,0.9,False,False,False
13951-29391-00039-00-1,,2,37.3815980232,126.9579652789,부설,0.9,False,False,False
13951-29391-00040-00-1,,3,37.3816521359,126.9581097756,부설,0.9,False,False,False
13951-29391-00041-00-1,,4,37.3816954442,126.9582768609,부설,0.9,False,False,False
13951-29391-00042-00-1,,4,37.3816234163,126.9584304606,부설,0.9,False,False,False
13951-29391-00043-00-1,,2,37.3815549876,126.9585705086,부설,0.9,False,False,False
13951-29391-00044-00-1,,5,37.3814432954,126.958669932,부설,0.9,False,False,False
13951-29391-00045-00-1,,3,37.3813099675,126.9587377519,부설,0.9,False,False,False
13951-29391-00046-00-1,,3,37.3812630638,126.9585932514,부설,0.9,False,False,False
13951-29391-00047-00-1,,4,37.3814035934,126.9585073616,부설,0.9,False,False,False
13951-29391-00048-00-1,,4,37.3814972444,126.958349234,부설,0.9,False,False,False
13951-29391-00049-00-1,,3,37.3815296238,126.9581866236,부설,0.9,False,False,False
13951-29391-00050-00-1,,4,37.3814719039,126.9580330961,부설,0.9,False,False,False
13951-29391-00051-00-1,,3,37.381299,126.9582951463,부설,0.9,False,False,False
13951-29391-00058-00-1,,5,37.3807512219,126.9584219092,부설,0.9,False,False,False
13951-29391-00059-00-1,,3,37.380884548,126.9583495729,부설,0.9,False,False,False
13951-29391-00060-00-1,,4,37.3810178741,126.9582772363,부설,0.9,False,False,False
13951-29391-00061-00-1,,2,37.381147596,126.9582049014,부설,0.9,False,False,False
13951-29391-00062-00-1,,2,37.3812845277,126.9581370788,부설,0.9,False,False,False
13951-29391-00063-00-1,,4,37.3810720861,126.9587062672,부설,0.9,False,False,False
13951-29391-00064-00-1,,3,37.3811261995,126.9588552799,부설,0.9,False,False,False
13951-29391-00065-00-1,,2,37.3809892706,126.9589321339,부설,0.9,False,False,False
13951-29391-00066-00-1,,3,37.3808487374,126.9590089897,부설,0.9,False,False,False
13951-29391-00067-00-1,,1,37.3807118084,126.9590858432,부설,0.9,False,False,False
13951-29391-00068-00-1,,4,37.3807479039,126.959243898,부설,0.9,False,False,False
13951-29391-00069-00-1,,3,37.3808092248,126.9593929065,부설,0.9,False,False,False
13951-29391-00070-00-1,,2,37.380870544,126.9595373988,부설,0.9,False,False,False
13951-29391-00071-00-1,,3,37.3809282589,126.9596818934,부설,0.9,False,False,False
13951-29391-00072-00-1,,4,37.3809895777,126.9598263862,부설,0.9,False,False,False
13951-29391-00073-00-1,,2,37.3810508979,126.9599753956,부설,0.9,False,False,False
13951-29391-00074-00-1,,2,37.3811086122,126.9601198908,부설,0.9,False,False,False
13951-29391-00075-00-1,,2,37.3809860958,126.9601877021,부설,0.9,False,False,False
13951-29391-00076-00-1,,2,37.3808634573,126.9598941997,부설,0.9,False,False,False
13951-29391-00077-00-1,,2,37.3808057427,126.9597497052,부설,0.9,False,False,False
13951-29391-00078-00-1,,2,37.3806831031,126.9594562042,부설,0.9,False,False,False
13951-29391-00079-00-1,,4,37.3806253879,126.9593117103,부설,0.9,False,False,False
13951-29391-00080-00-1,,5,37.3805712736,126.9591581819,부설,0.9,False,False,False
13951-29391-00081-00-1,,5,37.3805135549,126.9590046557,부설,0.9,False,False,False
13951-29391-00082-00-1,,4,37.3806576921,126.9589277983,부설,0.9,False,False,False
13951-29391-00084-00-1,,2,37.3809351557,126.9587786051,부설,0.9,False,False,False
13951-29391-00094-00-1,,3,37.3811408759,126.9596095166,부설,0.9,False,False,False
13951-29391-00095-00-1,,4,37.3810903722,126.9594740507,부설,0.9,False,False,False
13951-29391-00096-00-1,,4,37.3810362658,126.9593431033,부설,0.9,False,False,False
13951-29391-00097-00-1,건축허가번호 : 6호,2,37.3809533281,126.9592166882,부설,0.9,True,False,False
13951-29391-00098-00-1,제 105 호,2,37.3810722399,126.9591488774,애매,0.3,False,False,False
13951-29391-00100-00-1,건축허가번호:278호,3,37.3812565286,126.9605624239,부설,0.9,True,False,False
13951-29391-00101-00-1,건축ㅎ가번호('93 - 343호),2,37.3794217109,126.9595788242,애매,0.3,False,False,False
13951-29391-00102-00-1,건축허가번호 ('94-11호),2,37.3792775748,126.9596601954,부설,0.9,True,False,False
13951-29391-00103-00-1,,2,37.379129833,126.9597370519,부설,0.9,False,False,False
13951-29391-00104-00-1,제63호,2,37.3789820926,126.9598184244,애매,0.3,False,False,False
13951-29391-00105-00-1,,2,37.3788343507,126.9598952802,부설,0.9,False,False,False
13951-29391-00106-00-1,건축허가번호('94-45호),2,37.3795768039,126.9599219829,부설,0.9,True,False,False
13951-29391-00107-00-1,,4,37.3794506835,126.9599897951,부설,0.9,False,False,False
13951-29391-00108-00-1,건축허가번호 . ('94-15호),2,37.379324563,126.960057607,부설,0.9,True,False,False
13951-29391-00109-00-1,,2,37.3791984424,126.9601254186,부설,0.9,False,False,False
13951-29391-00110-00-1,,3,37.3790723218,126.9601932301,부설,0.9,False,False,False
13951-29391-00111-00-1,건축허가번호('94-2호),2,37.3789462012,126.9602610413,부설,0.9,True,False,False
13951-29391-00112-00-1,건축허가번호 : 93,2,37.3788920896,126.9601120319,부설,0.9,True,False,False
13951-29391-00113-00-1,허가번호 제16호,1,37.3790182086,126.9600397042,애매,0.3,False,False,False
13951-29391-00114-00-1,,2,37.3791443291,126.9599718926,부설,0.9,False,False,False
13951-29391-00115-00-1,,2,37.3792704495,126.9599040807,부설,0.9,False,False,False
13951-29391-00116-00-1,,3,37.37939657,126.9598362686,부설,0.9,False,False,False
13951-29391-00117-00-1,무한빌딩,4,37.3795226919,126.9597729726,부설,0.9,True,False,False
13951-29391-00118-00-1,제114호,2,37.3797282994,126.9602877267,애매,0.3,False,False,False
13951-29391-00130-00-1,,7,37.3786434418,126.9602160382,부설,0.9,False,False,False
13951-29391-00131-00-1,,8,37.3787011635,126.9603831104,부설,0.9,False,False,False
13951-29391-00132-00-1,,2,37.3780196504,126.959385378,부설,0.9,False,False,False
13951-29391-00133-00-1,,4,37.3780737629,126.9595343851,부설,0.9,False,False,False
13951-29391-11010-00-1,,1,,,부설,0.9,False,False,False
13951-29392-00003-00-1,원평비젼프라자,29,37.3826222331,126.9598255152,부설,0.9,True,False,False
13951-29392-00083-00-1,,2,37.3807946211,126.9588509446,부설,0.9,False,False,False
13951-29392-00099-00-1,흥일상가,53,37.3816168763,126.9603770601,부설,0.9,True,False,False
13952-29391-00001-00-1,하나베스트빌,7,37.3855053081,126.9498601433,부설,0.9,True,False,False
13952-29391-00003-00-1,,3,37.3857433156,126.950185188,부설,0.9,False,False,False
13952-29391-00004-00-1,,1,37.3854876671,126.9507634942,부설,0.9,False,False,False
13952-29391-00005-00-1,,2,37.3853147045,126.9508449076,부설,0.9,False,False,False
13952-29391-00006-00-1,"호계동 918-19 제1,2종근린생활시설 (박복희)",4,37.3851922197,126.9509759713,부설,0.9,True,False,False
13952-29391-00007-00-1,,5,37.385270896,126.9495170315,부설,0.9,False,False,False
13952-29392-00002-00-1,,3,37.3853179621,126.950018352,부설,0.9,False,False,False
13953-29391-00001-00-1,,2,37.3820354093,126.9617679186,부설,0.9,False,False,False
13953-29391-00002-00-1,하나빌리지,4,37.3867122402,126.9280614116,부설,0.9,True,False,False
13953-29391-00003-00-1,개성하이뷰,13,37.3871156614,126.9276725819,애매,0.3,False,False,False
13953-29391-00004-00-1,,8,37.3871623097,126.9273382942,부설,0.9,False,False,False
13953-29391-00005-00-1,,3,37.3872342303,126.9270762504,부설,0.9,False,False,False
13953-29391-00006-00-1,,5,37.3826161356,126.9632400105,부설,0.9,False,False,False
13953-29391-00007-00-1,,4,37.382558425,126.96309551,부설,0.9,False,False,False
13953-29391-00008-00-1,,4,37.3830956142,126.9636733655,부설,0.9,False,False,False
13953-29391-00009-00-1,,4,37.3831497117,126.9637907699,부설,0.9,False,False,False
13954-29391-00001-00-1,,3,37.3822303717,126.9628382303,부설,0.9,False,False,False
13954-29391-00002-00-1,,2,37.3821114578,126.9629060363,부설,0.9,False,False,False
13954-29391-00003-00-1,임평택씨 주택,2,37.3866477713,126.9287299544,부설,0.9,True,False,False
13954-29391-00004-00-1,프라다빌라,7,37.3869500139,126.927903097,부설,0.9,True,False,False
13954-29391-00005-00-1,안양동 495-2 공동주택 (김숙용),9,37.3868455723,126.9280296668,부설,0.9,True,False,False
13954-29391-00006-00-1,,3,37.3865213633,126.9282919486,부설,0.9,False,False,False
13954-29391-00007-00-1,,4,37.3866149874,126.9281563565,부설,0.9,False,False,False
13954-29391-11011-00-1,늘사랑교회,94,,,부설,0.9,True,False,False
13955-29391-00001-00-1,,2,37.3833300675,126.9642875055,부설,0.9,False,False,False
13955-29391-00002-00-1,,3,37.3833733548,126.9644139489,부설,0.9,False,False,False
13955-29391-00003-00-1,,2,37.383420246,126.9645403908,부설,0.9,False,False,False
13955-29391-00004-00-1,,21,37.3646160359,126.9595145204,애매,0.3,False,False,False
13955-29391-00005-00-1,유환프라자A동,91,37.3635350853,126.960345931,부설,0.9,True,False,False
13955-29391-00006-00-1,일신건영 장미아파트,172,37.3655905764,126.9639391899,부설,0.9,True,False,False
13955-29391-00007-00-1,,15,37.3661132486,126.9641918097,애매,0.3,False,False,False
13955-29391-00008-00-1,,7,37.3662719974,126.9647516617,부설,0.9,False,False,False
13955-29391-00009-00-1,수양빌딩,2,37.3658971205,126.9645847628,부설,0.9,True,False,False
13955-29391-00010-00-1,금호아파트,18,37.3650967143,126.9636143121,부설,0.9,True,False,False
13955-29391-00011-00-1,금호빌라트,7,37.3648300244,126.9636595955,부설,0.9,True,False,False
13955-29391-00012-00-1,예사랑교회,5,37.3652082822,126.9630994935,부설,0.9,True,False,False
13955-29391-00013-00-1,,4,37.36441929,126.9640977906,부설,0.9,False,False,False
13955-29391-00014-00-1,,2,37.3640984681,126.9639128115,부설,0.9,False,False,False
13955-29391-00015-00-1,,8,37.3640156163,126.9640528288,부설,0.9,False,False,False
13955-29392-11011-00-1,하늘빛 재활의학병원,40,,,부설,0.9,True,False,False
13956-29391-00001-00-1,영풍주상복합아파트,45,37.3649655349,126.9592253428,부설,0.9,True,False,False
13956-29391-00002-00-1,,1,37.384993154,126.9489887677,부설,0.9,False,False,False
13957-29391-00010-00-1,,2,37.3818148865,126.9597401329,부설,0.9,False,False,False
13957-29391-00011-00-1,,2,37.3816923688,126.9598034289,부설,0.9,False,False,False
13957-29391-00012-00-1,,2,37.3818004131,126.959573031,부설,0.9,False,False,False
13957-29391-00013-00-1,,2,37.3819445507,126.9594961734,부설,0.9,False,False,False
13957-29391-00014-00-1,,4,37.3820886882,126.9594193155,부설,0.9,False,False,False
13957-29391-11013-00-1,RAON HEIM,19,,,애매,0.3,False,False,False
13958-29391-00010-00-1,,4,37.3811692843,126.9583855469,부설,0.9,False,False,False
13958-29391-00011-00-1,,4,37.3809170452,126.9585211789,부설,0.9,False,False,False
13958-29391-00012-00-1,,2,37.3807909271,126.958593511,부설,0.9,False,False,False
13958-29391-00013-00-1,,5,37.3806648075,126.9586613265,부설,0.9,False,False,False
13958-29391-00014-00-1,,4,37.3805386877,126.9587291417,부설,0.9,False,False,False
13958-29391-00015-00-1,,2,37.3804125664,126.9587924403,부설,0.9,False,False,False
13958-29391-00016-00-1,,2,37.3803548473,126.9586389146,부설,0.9,False,False,False
13958-29391-00017-00-1,,3,37.3804845694,126.9585665811,부설,0.9,False,False,False
13958-29391-00018-00-1,,2,37.3806178957,126.9584942453,부설,0.9,False,False,False
13958-29391-11013-00-1,,128,,,애매,0.3,False,False,False
13960-29391-00001-00-1,관양동 00시설,15,37.3910155097,126.9697178445,애매,0.3,False,False,False
13960-29391-00002-00-1,강신정밀,7,37.3969833018,126.9675335462,부설,0.9,True,False,False
13960-29391-00003-00-1,,1,,,부설,0.9,False,False,False
13960-29391-00005-00-1,,2,37.3970841227,126.9671946983,부설,0.9,False,False,False
13960-29391-00006-00-1,현우법조빌딩,6,37.3967514485,126.9634499419,부설,0.9,True,False,False
13960-29391-00009-00-1,,16,37.3990107911,126.96211618,애매,0.3,False,False,False
13960-29391-00010-00-1,관양동세차장(근생동),9,37.4000593328,126.9613521828,부설,0.9,True,False,False
13960-29391-00011-00-1,관양 두산 벤처다임,230,37.4018774389,126.9667724647,애매,0.3,False,False,False
13960-29391-00012-00-1,,6,37.4077371148,126.9542910741,부설,0.9,False,False,False
13960-29391-00013-00-1,,6,37.4078415648,126.9541148072,부설,0.9,False,False,False
13960-29392-00004-00-1,안양법조타운,27,37.3973171905,126.9631289314,부설,0.9,True,False,False
13960-29392-00007-00-1,1,39,37.3977460005,126.96288478,애매,0.3,False,False,False
13960-29392-00008-00-1,우양타운,39,37.3980523009,126.9627355531,부설,0.9,True,False,False
13961-29391-00001-00-1,,0,37.4036570966,126.9537830427,부설,0.9,False,False,False
13961-29391-00002-00-1,구스토쏘,1,37.4036679864,126.9539818187,애매,0.3,False,False,False
13961-29391-00003-00-1,허가번호:210호,4,37.4036356093,126.9541354432,애매,0.3,False,False,False
13961-29391-00004-00-1,건축허가no. 132,6,37.4036608939,126.9542799969,부설,0.9,True,False,False
13961-29391-00006-00-1,,7,37.4033726249,126.9544292585,부설,0.9,False,False,False
13961-29391-00008-00-1,은하수맨숀,7,37.4034121475,126.9541129905,애매,0.3,False,False,False
13961-29391-00009-00-1,관양동다세대주택(아트빌),7,37.4033004454,126.9541763073,부설,0.9,True,False,False
13961-29391-00010-00-1,대주다세대,4,37.4032245997,126.9537652373,애매,0.3,False,False,False
13961-29391-00011-00-1,,4,37.4032029274,126.9536432711,부설,0.9,False,False,False
13961-29391-00012-00-1,삼손카세차장,1,37.4031668067,126.9534399943,애매,0.3,False,False,False
13961-29391-00013-00-1,성우파크빌,7,37.4029794814,126.9536614798,부설,0.9,True,False,False
13961-29391-00014-00-1,알포메빌,8,37.403011987,126.9538376519,부설,0.9,True,False,False
13961-29391-00015-00-1,알포메빌 2차,8,37.4030444924,126.9540138242,부설,0.9,True,False,False
13961-29391-00016-00-1,,4,37.402871514,126.9540591073,부설,0.9,False,False,False
13961-29391-00017-00-1,,3,37.4034125564,126.9551791844,부설,0.9,False,False,False
13961-29391-00018-00-1,해담채,10,37.403279214,126.9552018526,애매,0.3,False,False,False
13961-29391-00019-00-1,,6,37.4033117173,126.9553780261,부설,0.9,False,False,False
13961-29391-00020-00-1,,14,37.4032254244,126.9559247263,애매,0.3,False,False,False
13961-29391-00021-00-1,,4,37.403160419,126.9555723794,부설,0.9,False,False,False
13961-29392-00007-00-1,관양동다세대주택,7,37.4032857361,126.9534263675,부설,0.9,True,False,False
13962-29391-00001-00-1,관양동 00 공동주택,7,37.4046708272,126.9563711466,부설,0.9,True,False,False
13962-29391-00002-00-1,,3,37.404677992,126.9562536784,부설,0.9,False,False,False
13962-29391-00003-00-1,,51,37.4039934273,126.9568278378,애매,0.3,False,False,False
13962-29391-00004-00-1,깐느빌딩,22,37.4040436652,126.9562314581,부설,0.9,True,False,False
13962-29391-00005-00-1,,4,37.4042025299,126.9570084306,부설,0.9,False,False,False
13962-29391-00007-00-1,,1,37.4042209316,126.9580701079,부설,0.9,False,False,False
13962-29391-00009-00-1,비엔비빌딩,22,37.4046496967,126.9577310305,부설,0.9,True,False,False
13962-29391-00011-00-1,,2,37.4044767893,126.9579796086,부설,0.9,False,False,False
13962-29391-00012-00-1,,6,37.4050895361,126.9581283562,부설,0.9,False,False,False
13962-29391-00013-00-1,,1,37.404282373,126.9585579986,부설,0.9,False,False,False
13962-29391-00014-00-1,,2,37.4047115518,126.9594026001,부설,0.9,False,False,False
13962-29391-00015-00-1,관양동  단독주택,5,37.4044736405,126.9592807469,부설,0.9,True,False,False
13962-29391-00016-00-1,,6,37.404325792,126.9590459,부설,0.9,False,False,False
13962-29391-00017-00-1,,1,37.4041202178,126.9586394086,부설,0.9,False,False,False
13962-29391-00018-00-1,,1,37.4043905854,126.9588154553,부설,0.9,False,False,False
13962-29391-00019-00-1,,1,37.4044554872,126.9588967408,부설,0.9,False,False,False
13962-29391-00020-00-1,,5,37.4039615796,126.958472337,부설,0.9,False,False,False
13962-29391-00021-00-1,,8,37.4037598395,126.9587254447,부설,0.9,False,False,False
13962-29391-00022-00-1,,1,37.4035866706,126.9582331014,부설,0.9,False,False,False
13962-29391-00023-00-1,,4,37.4039078663,126.9594753186,부설,0.9,False,False,False
13962-29391-00024-00-1,강남하이츠빌라,5,37.4041242515,126.9598863232,부설,0.9,True,False,False
13962-29391-00025-00-1,,4,37.4040558686,126.9601664639,부설,0.9,False,False,False
13962-29391-00026-00-1,,2,37.4041999846,126.9600263352,부설,0.9,False,False,False
13962-29391-00027-00-1,,5,37.4054468139,126.9594880434,부설,0.9,False,False,False
13962-29391-00028-00-1,,3,37.4052305023,126.959293891,부설,0.9,False,False,False
13962-29391-00029-00-1,,5,37.40511874,126.9591900404,부설,0.9,False,False,False
13962-29391-00030-00-1,,3,37.405327842,126.9593796782,부설,0.9,False,False,False
13962-29391-00031-00-1,한빛어린이집,1,37.4058069753,126.9587740188,부설,0.9,True,False,False
13962-29391-00032-00-1,,7,37.4056123628,126.958796715,부설,0.9,False,False,False
13962-29391-00033-00-1,"1995.4.18 , 허가 제 118호",1,37.4056592975,126.9590316204,애매,0.3,False,False,False
13962-29391-00034-00-1,관양동 1408-30 단독주택,2,37.4053384037,126.9586568105,부설,0.9,True,False,False
13962-29391-00035-00-1,,1,37.4054716676,126.958408253,부설,0.9,False,False,False
13962-29391-00036-00-1,,4,37.4057349472,126.9589276673,부설,0.9,False,False,False
13962-29391-00037-00-1,아리랑타워아파트,33,37.4061817477,126.9586247216,부설,0.9,True,False,False
13962-29391-00038-00-1,,4,37.4069822157,126.9596724541,부설,0.9,False,False,False
13962-29391-00040-00-1,,3,37.40777174,126.960354254,부설,0.9,False,False,False
13962-29391-00041-00-1,,2,37.407948429,126.9606207255,부설,0.9,False,False,False
13962-29391-00043-00-1,안흥빌라,5,37.4073501095,126.9604945345,부설,0.9,True,False,False
13962-29391-00044-00-1,유정빌라,5,37.4069430403,126.9610730501,부설,0.9,True,False,False
13962-29392-00006-00-1,,32,37.4040441186,126.9574738555,애매,0.3,False,False,False
13962-29392-00008-00-1,,3,37.4039577677,126.9578850245,부설,0.9,False,False,False
13962-29392-00010-00-1,테라리움(terrarium),15,37.4044478358,126.9576407872,애매,0.3,False,False,False
13962-29392-00039-00-1,,3,37.4076996311,126.9602729675,부설,0.9,False,False,False
13963-29391-00001-00-1,,2,37.4067917312,126.9612628833,부설,0.9,False,False,False
13963-29391-00002-00-1,아리랑3차아파트,10,37.407264154,126.9621526867,부설,0.9,True,False,False
13963-29391-00003-00-1,,5,37.406608114,126.9618503131,부설,0.9,False,False,False
13963-29391-00004-00-1,삼성I파크,12,37.4067451171,126.9619993368,부설,0.9,True,False,False
13963-29391-00005-00-1,덕원맨숀7차,9,37.4068714,126.962437517,애매,0.3,False,False,False
13963-29391-00009-00-1,,3,37.4063882607,126.9618368708,부설,0.9,False,False,False
13963-29391-00010-00-1,위드힐,6,37.4066447685,126.9638020558,애매,0.3,False,False,False
13964-29391-00001-00-1,건축하가 ('93-224호),2,37.4075670291,126.9625681923,애매,0.3,False,False,False
13964-29391-00002-00-1,,5,37.4071021768,126.9628033592,부설,0.9,False,False,False
13964-29391-00003-00-1,,5,37.406446107,126.9624015857,부설,0.9,False,False,False
13964-29391-00004-00-1,,4,37.4063743204,126.9633413551,부설,0.9,False,False,False
13964-29391-00005-00-1,,8,37.4062119376,126.9627044047,부설,0.9,False,False,False
13964-29391-00006-00-1,,6,37.4061540899,126.9621306554,부설,0.9,False,False,False
13964-29391-00007-00-1,은빛설레임,8,37.4062514088,126.9621577141,애매,0.3,False,False,False
13964-29391-00008-00-1,문화화이트빌라,7,37.4058442412,126.9624515835,부설,0.9,True,True,False
13964-29391-00009-00-1,민들레어린이집,3,37.4057973032,126.96218505,부설,0.9,True,False,False
13964-29391-00010-00-1,관악타운,6,37.4056422465,126.9619321252,부설,0.9,True,False,False
13964-29391-00011-00-1,유진소르베Ⅱ,8,37.4055051142,126.961385529,애매,0.3,False,False,False
13964-29391-00012-00-1,이룸빌리지,8,37.4051953375,126.9619233155,부설,0.9,True,False,False
13964-29391-00013-00-1,,8,37.4051159028,126.9614760862,부설,0.9,False,False,False
13964-29391-00014-00-1,,4,37.4048056539,126.9605726739,부설,0.9,False,False,False
13964-29391-00015-00-1,,6,37.4047841135,126.960825685,부설,0.9,False,False,False
13964-29391-00016-00-1,,1,37.4049931413,126.960798469,부설,0.9,False,False,False
13964-29391-00017-00-1,,5,37.4046074294,126.9605727778,부설,0.9,False,False,False
13964-29391-00018-00-1,,6,37.4046831618,126.9607127914,부설,0.9,False,False,False
13964-29391-00019-00-1,,1,37.4046653217,126.9612594602,부설,0.9,False,False,False
13964-29391-00020-00-1,문화 화이트 빌,6,37.4045213494,126.9618468533,부설,0.9,True,True,False
13964-29391-00021-00-1,문화 화이트 빌,6,37.4044601339,126.9620140442,부설,0.9,True,True,False
13964-29391-00022-00-1,,25,37.4044819127,126.9624974417,애매,0.3,False,False,False
13964-29391-00024-00-1,,5,37.4042798497,126.9617656549,부설,0.9,False,False,False
13964-29391-00027-00-1,,14,37.4048608034,126.9639836284,애매,0.3,False,False,False
13964-29391-00028-00-1,대영빌딩,15,37.4046986431,126.9640605095,부설,0.9,True,False,False
13964-29391-00029-00-1,,4,37.4045831185,126.9634280667,부설,0.9,False,False,False
13964-29391-00030-00-1,,7,37.4044928589,126.9629221129,부설,0.9,False,False,False
13964-29391-00031-00-1,,2,37.4049721506,126.9627592336,부설,0.9,False,False,False
13964-29391-00032-00-1,,2,37.4048712463,126.9627909085,부설,0.9,False,False,False
13964-29391-00037-00-1,현대하이츠빌,4,37.4060209426,126.9627722683,부설,0.9,True,False,False
13964-29391-00038-00-1,,1,37.4059272323,126.9627587609,부설,0.9,False,False,False
13964-29391-00039-00-1,정우팰리스,12,37.405966941,126.9629620478,부설,0.9,True,False,False
13964-29391-00040-00-1,정우팰리스,12,37.4060931417,126.963147221,부설,0.9,True,False,False
13964-29391-00041-00-1,현대하이츠빌,4,37.4061256304,126.9633143686,부설,0.9,True,False,False
13964-29391-00042-00-1,,8,37.4061148783,126.963508645,부설,0.9,False,False,False
13964-29391-00043-00-1,소망유치원,19,37.4061762449,126.9638248709,부설,0.9,True,False,False
13964-29391-00044-00-1,,4,37.4060068724,126.9638882033,부설,0.9,False,False,False
13964-29391-00045-00-1,유진소르베,12,37.4066270388,126.9647643909,애매,0.3,False,False,False
13964-29391-00046-00-1,선일빌라,4,37.4063924648,126.9637434439,부설,0.9,True,False,False
13964-29391-00047-00-1,선일빌라,4,37.4065330032,126.9636756067,부설,0.9,True,False,False
13964-29391-00048-00-1,DM힐스,46,37.4068002505,126.9654962218,부설,0.9,True,False,False
13964-29391-00049-00-1,향나무재 레지던스,7,37.4070054119,126.9645789762,애매,0.3,False,False,False
13964-29391-00050-00-1,,8,37.4063099708,126.9650717597,부설,0.9,False,False,False
13964-29392-00023-00-1,,11,37.404334004,126.9620547684,애매,0.3,False,False,False
13964-29392-00025-00-1,,6,37.4042473573,126.9615939942,부설,0.9,False,False,False
13964-29392-00026-00-1,,42,37.4047345679,126.9636809928,애매,0.3,False,False,False
13964-29392-00051-00-1,,2,37.4063821811,126.9655099673,부설,0.9,False,False,False
13965-29391-00002-00-1,마창수산 인덕원점,4,37.4044877533,126.9703765455,애매,0.3,False,False,False
13965-29391-00003-00-1,건축허가번호:92-15,18,37.4045022372,126.9706476101,부설,0.9,True,False,False
13965-29391-00004-00-1,,3,37.4042461069,126.9696944495,부설,0.9,False,False,False
13965-29391-00005-00-1,팬빌딩,6,37.4044844518,126.9716099161,부설,0.9,True,False,False
13965-29391-00006-00-1,,14,37.4041746942,126.972427758,애매,0.3,False,False,False
13965-29391-00008-00-1,관양동 1474-22 단독주택,3,37.4038467981,126.9727531596,부설,0.9,True,False,False
13965-29391-00009-00-1,삼성빌라,6,37.4038575801,126.9726221395,부설,0.9,True,False,False
13965-29391-00010-00-1,,3,37.4041925902,126.9718991667,부설,0.9,False,False,False
13965-29391-00011-00-1,,2,37.4037566804,126.9726854254,부설,0.9,False,False,False
13965-29391-00015-00-1,,2,37.4038754748,126.9720845149,부설,0.9,False,False,False
13965-29391-00016-00-1,,33,37.4037241193,126.9721523379,애매,0.3,False,False,False
13965-29391-00017-00-1,관양동 1475-11 제2종근린생활시설 (박형국),1,37.4036016619,126.9725002525,부설,0.9,True,False,False
13965-29391-00018-00-1,,1,37.403453865,126.9723738088,부설,0.9,False,False,False
13965-29391-00019-00-1,인덕원빌라,10,37.4035042414,126.9720304393,부설,0.9,True,False,False
13965-29391-00020-00-1,,1,,,부설,0.9,False,False,False
13965-29391-00021-00-1,삼화드림빌리지 2동,4,37.4037708899,126.9718044505,부설,0.9,True,False,False
13965-29391-00022-00-1,삼화드림빌리지1동,6,37.4037348026,126.971610199,부설,0.9,True,False,False
13965-29391-00023-00-1,관양동주택,5,37.4034140609,126.9717006754,부설,0.9,True,False,False
13965-29391-00024-00-1,,1,37.4031942237,126.9717504534,부설,0.9,False,False,False
13965-29391-00025-00-1,,2,37.4033350846,126.973042482,부설,0.9,False,False,False
13965-29391-00026-00-1,,2,37.4033097459,126.9725636079,부설,0.9,False,False,False
13965-29391-00027-00-1,서건빌딩,17,37.4038324645,126.9731145886,부설,0.9,True,False,False
13965-29391-00028-00-1,,20,37.4037171799,126.9733179303,애매,0.3,False,False,False
13965-29392-00001-00-1,,1,37.4044623969,126.969870558,부설,0.9,False,False,False
13965-29392-00007-00-1,'93-268호,35,37.4040234023,126.9727711669,애매,0.3,False,False,False
13966-29391-00001-00-1,,4,37.4040719135,126.9058081557,부설,0.9,False,False,False
13966-29391-00002-00-1,,4,37.4036106311,126.9058584288,부설,0.9,False,False,False
13966-29391-00003-00-1,,2,37.4035169035,126.9058314394,부설,0.9,False,False,False
13966-29391-00004-00-1,삼봉초등학교,52,37.4029458798,126.8995344211,부설,0.9,True,False,False
13966-29391-00005-00-1,한라비발디아파트,17,37.4025741489,126.9032439655,부설,0.9,True,False,False
13966-29391-00006-00-1,안양시립박달도서관,10,37.4025239428,126.9035512348,비부설,0.9,False,True,False
13966-29391-00007-00-1,한라비발디아파트,3,37.402775499,126.9026609192,부설,0.9,True,False,False
13966-29391-00008-00-1,,10,37.4017761474,126.9014288874,부설,0.9,False,False,False
13966-29391-00009-00-1,박달2동다목적복지회관,5,37.4016945833,126.9030372837,애매,0.3,False,False,False
13966-29391-00010-00-1,,3,37.4020120787,126.9034479841,부설,0.9,False,False,False
13966-29391-00011-00-1,,2,37.4018462579,126.9034075377,부설,0.9,False,False,False
13966-29391-00012-00-1,하늘빌리지1동,6,37.4014495022,126.9030330818,부설,0.9,True,False,False
13966-29391-00013-00-1,하늘빌리지,6,37.4015331519,126.9039590939,부설,0.9,True,False,False
13966-29391-00014-00-1,하늘빌리지,6,37.4014460203,126.9031821689,부설,0.9,True,False,False
13966-29391-00015-00-1,하늘빌리지,6,37.4014569435,126.9033176844,부설,0.9,True,False,False
13966-29391-00016-00-1,하늘빌리지4동,6,37.4014714705,126.9034531953,부설,0.9,True,False,False
13967-29391-00001-00-1,,46,37.403418114,126.973643316,애매,0.3,False,False,False
13967-29391-00003-00-1,,5,37.403533339,126.9731734266,부설,0.9,False,False,False
13967-29391-00004-00-1,에덴아파트,19,37.4026863424,126.9730110903,부설,0.9,True,False,False
13967-29391-00005-00-1,,6,37.4026826907,126.9728032761,부설,0.9,False,False,False
13967-29391-00006-00-1,관양2동사무소,5,37.4022641786,126.9709602046,애매,0.3,False,False,False
13967-29391-00007-00-1,,3,37.4013311185,126.9726275763,부설,0.9,False,False,False
13967-29391-00008-00-1,00,4,37.4012482444,126.9727134417,애매,0.3,False,False,False
13967-29391-00009-00-1,Y.M 다가구주택,1,37.4009346399,126.9725012271,부설,0.9,True,False,False
13967-29391-00010-00-1,,1,37.400963505,126.9726412629,부설,0.9,False,False,False
13967-29391-00011-00-1,,2,37.4010139737,126.9726909385,부설,0.9,False,False,False
13967-29391-00012-00-1,,1,37.4011149431,126.9729303365,부설,0.9,False,False,False
13967-29391-00013-00-1,,1,37.4009131484,126.9730794906,부설,0.9,False,False,False
13967-29391-00014-00-1,,1,37.4008482605,126.9730162671,부설,0.9,False,False,False
13967-29391-00015-00-1,범신파인빌,7,37.4008915588,126.9732330974,부설,0.9,True,False,False
13967-29391-00016-00-1,그레이스빌,5,37.4006428008,126.972898883,부설,0.9,True,False,False
13967-29391-00017-00-1,베라체,16,37.4006715605,126.9725826402,애매,0.3,False,False,False
13967-29391-00018-00-1,,2,37.4008733945,126.9726051547,부설,0.9,False,False,False
13967-29391-00019-00-1,청계빌라,13,37.4016916183,126.9730250001,부설,0.9,True,False,False
13967-29391-00020-00-1,네이처빌,8,37.4015655491,126.9733503168,부설,0.9,True,False,False
13967-29391-00024-00-1,,6,37.4011978752,126.9730974593,부설,0.9,False,False,False
13967-29392-00002-00-1,,5,37.4036198041,126.9730288266,부설,0.9,False,False,False
13968-29391-00001-00-1,,7,37.4062272069,126.9655145563,부설,0.9,False,False,False
13968-29391-00002-00-1,,1,37.4061153544,126.9650854038,부설,0.9,False,False,False
13968-29391-00003-00-1,,1,37.4061260567,126.9647149282,부설,0.9,False,False,False
13968-29391-00004-00-1,,8,37.4057188935,126.9650449266,부설,0.9,False,False,False
13968-29391-00005-00-1,,4,37.4056936087,126.9648551862,부설,0.9,False,False,False
13968-29391-00006-00-1,,5,37.4053333763,126.9654517155,부설,0.9,False,False,False
13968-29391-00007-00-1,현진리더스빌,10,37.4052106631,126.9648599296,부설,0.9,True,False,False
13968-29391-00008-00-1,삼호베스트빌,12,37.4052213971,126.9645978875,부설,0.9,True,False,False
13968-29391-00009-00-1,,5,37.4051997116,126.9643945932,부설,0.9,False,False,False
13968-29391-00010-00-1,허가번호:159,3,37.4049690653,126.9644443988,애매,0.3,False,False,False
13968-29391-00011-00-1,,6,37.4050485556,126.9651175239,부설,0.9,False,False,False
13968-29391-00012-00-1,,7,37.4050847368,126.9655964016,부설,0.9,False,False,False
13968-29391-00013-00-1,,6,37.4049334335,126.9658313997,부설,0.9,False,False,False
13968-29391-00014-00-1,,3,37.4047996938,126.9645122467,부설,0.9,False,False,False
13968-29391-00015-00-1,,2,37.404908146,126.9656281074,부설,0.9,False,False,False
13968-29391-00016-00-1,안양동부새마을금고빌딩,6,37.4049695872,126.9662244375,부설,0.9,True,False,False
13968-29391-00020-00-1,인덕원 엘리시아,11,37.4060151379,126.9675341674,애매,0.3,False,False,False
13968-29391-00021-00-1,,4,37.4058455073,126.9666758362,부설,0.9,False,False,False
13968-29391-00022-00-1,,2,37.4059356436,126.9667977802,부설,0.9,False,False,False
13968-29391-00023-00-1,지애타워빌라,8,37.4056617042,126.9666939892,부설,0.9,True,False,False
13968-29391-00024-00-1,영원해밀리지4,12,37.4054636212,126.9672000811,애매,0.3,False,False,False
13968-29391-00025-00-1,,3,37.4054418616,126.966716676,부설,0.9,False,False,False
13968-29391-00026-00-1,제 359호,3,37.4054207488,126.9685870928,애매,0.3,False,False,False
13968-29391-00027-00-1,,7,37.4055253567,126.9689258915,부설,0.9,False,False,False
13968-29391-00028-00-1,근.생및주택,6,37.4054461202,126.9691292295,부설,0.9,True,False,False
13968-29391-00029-00-1,관양동어린이집,8,37.4053560652,126.969309982,부설,0.9,True,False,False
13968-29391-00030-00-1,유정빌라,4,37.4052588667,126.9697437384,부설,0.9,True,False,False
13968-29391-00031-00-1,,1,37.4051472435,126.9701503921,부설,0.9,False,False,False
13968-29391-00032-00-1,,2,37.4051435557,126.9698205886,부설,0.9,False,False,False
13968-29391-00033-00-1,,1,37.4051470319,126.9693236209,부설,0.9,False,False,False
13968-29391-00034-00-1,단석상가주택,2,37.4055973955,126.9687632173,부설,0.9,True,False,False
13968-29391-00035-00-1,관양동 1439 제2종근린생활시설 (김수진),4,37.4020857219,126.9537975609,부설,0.9,True,False,False
13968-29391-00036-00-1,,7,37.4021471442,126.9541905627,부설,0.9,False,False,False
13968-29391-00037-00-1,,4,37.401689359,126.95401917,부설,0.9,False,False,False
13968-29391-00038-00-1,,5,37.4017254559,126.9541637134,부설,0.9,False,False,False
13968-29391-00039-00-1,문화화이트빌라,6,37.4015813154,126.9542225308,부설,0.9,True,True,False
13968-29391-00040-00-1,문화하이츠빌라,6,37.4017543498,126.9543218143,부설,0.9,True,True,False
13968-29391-00041-00-1,,1,37.4016210214,126.9543806249,부설,0.9,False,False,False
13968-29391-00042-00-1,,12,37.4023565995,126.9552837206,애매,0.3,False,False,False
13968-29391-00043-00-1,,10,37.4024179898,126.9556044417,부설,0.9,False,False,False
13968-29391-00044-00-1,,7,37.4024541102,126.9558167529,부설,0.9,False,False,False
13968-29391-00045-00-1,,1,37.4020070308,126.9553562113,부설,0.9,False,False,False
13968-29391-00046-00-1,,5,37.4021691872,126.955283832,부설,0.9,False,False,False
13968-29391-00047-00-1,도명빌딩,17,37.4025155174,126.9561871698,부설,0.9,True,False,False
13968-29391-00048-00-1,,3,37.4023534305,126.9564492912,부설,0.9,False,False,False
13968-29391-00049-00-1,,3,37.4022199759,126.956169271,부설,0.9,False,False,False
13968-29391-00050-00-1,,3,37.4025085089,126.9567292999,부설,0.9,False,False,False
13968-29391-00054-00-1,,7,37.4028874499,126.9581521702,부설,0.9,False,False,False
13968-29391-00055-00-1,이너스 내안에아파트,52,37.4026135187,126.9580935921,부설,0.9,True,False,False
13968-29391-00057-00-1,하나빌딩,4,37.4029056656,126.9587078423,부설,0.9,True,False,False
13968-29391-00058-00-1,토러스빌,16,37.4027831552,126.9587892287,부설,0.9,True,False,False
13968-29391-00059-00-1,토러스빌,16,37.4026894946,126.9589202941,부설,0.9,True,False,False
13968-29391-00060-00-1,,5,37.4030931911,126.9590330175,부설,0.9,False,False,False
13968-29391-00061-00-1,송도빌딩,7,37.4031618506,126.9595615577,부설,0.9,True,False,False
13968-29391-00062-00-1,,3,37.4026284895,126.9596883406,부설,0.9,False,False,False
13968-29391-00063-00-1,,4,37.4032376349,126.9598506537,부설,0.9,False,False,False
13968-29391-00064-00-1,,1,37.4032232859,126.9600494428,부설,0.9,False,False,False
13968-29391-00065-00-1,,2,37.4032593876,126.9602301342,부설,0.9,False,False,False
13968-29391-00066-00-1,동선빌딩,5,37.4032846663,126.960379207,부설,0.9,True,False,False
13968-29392-00056-00-1,세계선교교회,25,37.4025952887,126.9575062983,부설,0.9,True,False,False
13969-29391-00001-00-1,,4,37.4030467072,126.9601127851,부설,0.9,False,False,False
13969-29391-00002-00-1,,4,37.4028304363,126.9600360982,부설,0.9,False,False,False
13969-29391-00003-00-1,다우빌라,6,37.4027114939,126.9600135727,부설,0.9,True,False,False
13969-29391-00004-00-1,대림아트빌,6,37.4028665183,126.960158058,부설,0.9,True,False,False
13969-29391-00005-00-1,스톤빌,3,37.4028990127,126.9603297149,부설,0.9,True,False,False
13969-29391-00006-00-1,,8,37.4028810453,126.9604878453,부설,0.9,False,False,False
13969-29391-00007-00-1,,1,37.4025817408,126.9599955708,부설,0.9,False,False,False
13969-29391-00008-00-1,,5,37.4023257911,126.9598195163,부설,0.9,False,False,False
13969-29391-00009-00-1,프라임하우스,8,37.4023835284,126.9600318178,부설,0.9,True,False,False
13969-29391-00010-00-1,삼성I파크,8,37.4024629384,126.9603886751,부설,0.9,True,False,False
13969-29391-00011-00-1,지애타워빌라,8,37.4024053364,126.9605784493,부설,0.9,True,False,False
13969-29391-00012-00-1,,5,37.4025098955,126.9607003729,부설,0.9,False,False,False
13969-29391-00013-00-1,,6,37.4023193493,126.9621416207,부설,0.9,False,False,False
13969-29391-00014-00-1,스마트빌딩,6,37.4023482325,126.9622997259,부설,0.9,True,False,False
13969-29391-00015-00-1,해오름아파트,30,37.4024421414,126.9629411942,부설,0.9,True,False,False
13969-29391-00016-00-1,,6,37.4022800029,126.9630858406,부설,0.9,False,False,False
13969-29391-00017-00-1,,5,37.402258319,126.9628961077,부설,0.9,False,False,False
13969-29391-00018-00-1,,6,37.4022112917,126.9623449715,부설,0.9,False,False,False
13969-29391-00019-00-1,,2,37.402276525,126.9634924356,부설,0.9,False,False,False
13969-29391-00020-00-1,,3,37.4033723955,126.9642418537,부설,0.9,False,False,False
13969-29391-00021-00-1,,3,37.4033110204,126.9638940149,부설,0.9,False,False,False
13969-29391-00022-00-1,,1,37.4031918838,126.963238997,부설,0.9,False,False,False
13969-29391-00023-00-1,,3,37.4033544106,126.9643593242,부설,0.9,False,False,False
13969-29391-00024-00-1,,5,37.4038045526,126.9631573774,부설,0.9,False,False,False
13969-29391-00025-00-1,,14,37.4038118407,126.9634148882,애매,0.3,False,False,False
13969-29391-00026-00-1,,6,37.4037938816,126.9636136799,부설,0.9,False,False,False
13969-29391-00027-00-1,,5,37.4039272937,126.9638123987,부설,0.9,False,False,False
13969-29391-00028-00-1,보현빌딩,5,37.4039670061,126.9640337521,부설,0.9,True,False,False
13969-29391-00029-00-1,홍은빌딩,8,37.4040608162,126.9643770609,부설,0.9,True,False,False
13969-29391-00033-00-1,연무빌딩,16,37.4038301318,126.9643003675,부설,0.9,True,False,False
13969-29391-00034-00-1,,4,37.4036496135,126.9632749157,부설,0.9,False,False,False
13969-29391-00035-00-1,,6,37.4041294532,126.9649101305,부설,0.9,False,False,False
13969-29391-00036-00-1,,34,37.4041151117,126.9651631348,애매,0.3,False,False,False
13969-29391-00037-00-1,대맥빌라,12,37.4041333154,126.9657911027,부설,0.9,True,False,False
13969-29391-00038-00-1,,2,37.4038482877,126.9647521387,부설,0.9,False,False,False
13969-29391-00039-00-1,,4,37.403707861,126.9651994656,부설,0.9,False,False,False
13969-29391-00040-00-1,,2,37.4037403706,126.9654479291,부설,0.9,False,False,False
13969-29391-00041-00-1,이옥주택,4,37.4037980662,126.9655518119,부설,0.9,True,False,False
13969-29391-00042-00-1,,2,37.4035457263,126.9653666985,부설,0.9,False,False,False
13969-29391-00043-00-1,,4,37.4037259199,126.9653304732,부설,0.9,False,False,False
13969-29391-00044-00-1,에버리스,8,37.4032717802,126.965244845,애매,0.3,False,False,False
13969-29391-00045-00-1,관양동 도시형생활주택,4,37.4027396072,126.9697221626,부설,0.9,True,False,False
13969-29391-00046-00-1,관양동 1470-9 단독주택(김현),1,37.4026783666,126.9698351305,부설,0.9,True,False,False
13969-29391-00047-00-1,흥진빌딩,4,37.403053425,126.9707656367,부설,0.9,True,False,False
13969-29391-00048-00-1,,5,37.4039255919,126.9706794596,부설,0.9,False,False,False
13970-29391-00001-00-1,리치빌,3,37.4024270973,126.9609895497,부설,0.9,True,False,False
13970-29391-00002-00-1,래온파크,3,37.4024198458,126.9608585398,부설,0.9,True,False,False
13970-29391-00003-00-1,,10,37.4022937268,126.9609308887,부설,0.9,False,False,False
13970-29391-00004-00-1,다가구신축,4,37.4021999698,126.9607773356,애매,0.3,False,False,False
13970-29391-00005-00-1,,9,37.4022647817,126.960592076,부설,0.9,False,False,False
13970-29391-00006-00-1,하이빌,5,37.402271922,126.9603887756,부설,0.9,True,False,False
13970-29391-00007-00-1,,5,37.4022790892,126.9602667939,부설,0.9,False,False,False
13970-29391-00008-00-1,,3,37.4022826553,126.9601538494,부설,0.9,False,False,False
13970-29391-00010-00-1,,4,37.4022830851,126.9614504302,부설,0.9,False,False,False
13970-29391-00011-00-1,관양동 주상복합,6,37.4024164244,126.9614142202,부설,0.9,True,False,False
13970-29391-00013-00-1,,22,37.403140786,126.9612331386,애매,0.3,False,False,False
13970-29391-00014-00-1,,7,37.4029643464,126.9617256636,부설,0.9,False,False,False
13970-29391-00015-00-1,,7,37.4032347007,126.9618746123,부설,0.9,False,False,False
13970-29391-00016-00-1,,5,37.4033176441,126.9620281743,부설,0.9,False,False,False
13970-29391-00017-00-1,,91,37.4036278023,126.9626785788,애매,0.3,False,False,False
13970-29391-00018-00-1,,7,37.4034619186,126.9623759701,부설,0.9,False,False,False
13970-29391-00020-00-1,,4,37.4032096198,126.9623354364,부설,0.9,False,False,False
13970-29391-00021-00-1,,7,37.4032348944,126.9624799922,부설,0.9,False,False,False
13970-29391-00022-00-1,,11,37.4032998763,126.9628233099,애매,0.3,False,False,False
13970-29391-00024-00-1,,5,37.4029107005,126.9630313183,부설,0.9,False,False,False
13970-29391-00025-00-1,모던하우스,6,37.4027305288,126.9631353146,부설,0.9,True,False,False
13970-29391-00026-00-1,관양동 1453-11 제2종근린생활시설,6,37.4027052607,126.9630088306,부설,0.9,True,False,False
13970-29391-00027-00-1,해담채,5,37.4022976726,126.9619789942,애매,0.3,False,False,False
13970-29391-00028-00-1,관양동 1462 도시형생활주택 (양해숙),7,37.4028355995,126.9649513935,부설,0.9,True,False,False
13970-29391-00029-00-1,관양동 1462-1 도시형생활주택 (정연의),6,37.4028031989,126.9650733874,부설,0.9,True,False,False
13970-29391-00030-00-1,무지개주택,8,37.4028898031,126.9654347665,부설,0.9,True,False,False
13970-29391-00031-00-1,,7,37.4028863406,126.965922684,부설,0.9,False,False,False
13970-29391-00032-00-1,,3,37.4028466592,126.9657962053,부설,0.9,False,False,False
13970-29391-00033-00-1,,3,37.402810583,126.9656742429,부설,0.9,False,False,False
13970-29391-00034-00-1,,5,37.4026843253,126.9652812581,부설,0.9,False,False,False
13970-29391-00035-00-1,,4,37.4026266108,126.9651141289,부설,0.9,False,False,False
13970-29391-00036-00-1,성도개발,8,37.4033946534,126.9664013375,애매,0.3,False,False,False
13970-29391-00037-00-1,리버빌,16,37.4032255248,126.9673411073,부설,0.9,True,False,False
13970-29391-00038-00-1,리버빌,16,37.4032364165,126.9676302393,부설,0.9,True,False,False
13970-29391-00039-00-1,햇살가득한 집(B),6,37.4038922551,126.9672504619,애매,0.3,False,False,False
13970-29391-00040-00-1,천진빌딩,15,37.4039500249,126.9676299323,부설,0.9,True,False,False
13970-29391-00041-00-1,가원빌딩,8,37.4037301746,126.9676255091,부설,0.9,True,False,False
13970-29391-00042-00-1,햇살가득한 집(A),6,37.4038958917,126.9673679231,애매,0.3,False,False,False
13970-29391-00043-00-1,,5,37.4042597544,126.9668301444,부설,0.9,False,False,False
13970-29391-00044-00-1,허가번호 : 제 13 호,6,37.4043102583,126.9669972817,애매,0.3,False,False,False
13970-29391-00045-00-1,,4,37.4041662686,126.9676253214,부설,0.9,False,False,False
13970-29391-00046-00-1,,2,37.4041554117,126.9674626847,부설,0.9,False,False,False
13970-29391-00047-00-1,바우아파트,13,37.4041300592,126.967015432,부설,0.9,True,False,False
13970-29391-00048-00-1,패밀리하우스,6,37.4038524473,126.9666676832,부설,0.9,True,False,False
13970-29391-00052-00-1,,5,37.4039785315,126.9664598083,부설,0.9,False,False,False
13970-29391-00053-00-1,관양동 소매점,4,37.4043609753,126.9679414857,애매,0.3,False,False,False
13970-29391-00054-00-1,,3,37.4044008187,126.968682393,부설,0.9,False,False,False
13970-29391-00055-00-1,관양에이스빌,8,37.4042242545,126.9688180011,부설,0.9,True,False,False
13970-29391-00056-00-1,,17,37.4040369535,126.9692427528,애매,0.3,False,False,False
13970-29391-00057-00-1,솔 주택,4,37.4037990628,126.9691615298,부설,0.9,True,False,False
13970-29391-00059-00-1,,5,37.4040404974,126.9690123431,부설,0.9,False,False,False
13970-29391-00060-00-1,,4,37.4043718485,126.9681673725,부설,0.9,False,False,False
13970-29391-00061-00-1,관보프라자,41,37.4038492736,126.9682308428,부설,0.9,True,False,False
13970-29391-00062-00-1,씨·티빌딩,4,37.4037736555,126.9684838711,부설,0.9,True,False,False
13970-29391-00063-00-1,대방빌,6,37.4033339743,126.968547304,부설,0.9,True,False,False
13970-29391-00064-00-1,씨티앤빌딩,4,37.4032004655,126.9679600511,부설,0.9,True,False,False
13970-29391-00065-00-1,우성빌라(B동),6,37.4033592818,126.9688454662,부설,0.9,True,False,False
13970-29391-00066-00-1,오성빌라,6,37.4033807343,126.9681994162,부설,0.9,True,False,False
13970-29392-00012-00-1,코오롱동산타워,68,37.4034796363,126.9614362639,부설,0.9,True,False,False
13970-29392-00019-00-1,,5,37.4031663218,126.9621818544,부설,0.9,False,False,False
13970-29392-00058-00-1,,4,37.4037882092,126.9690034114,부설,0.9,False,False,False
13971-29391-00001-00-1,,1,37.3994609656,126.9742636041,부설,0.9,False,False,False
13971-29391-00002-00-1,웰빙타운,15,37.398931442,126.9755693436,부설,0.9,True,False,False
13971-29391-00003-00-1,,1,37.3985602416,126.9756688486,부설,0.9,False,False,False
13971-29391-00004-00-1,,3,37.3999406167,126.9757180956,부설,0.9,False,False,False
13971-29391-00005-00-1,,1,37.3997243762,126.9757407531,부설,0.9,False,False,False
13972-29391-00001-00-1,,3,37.3995870899,126.9741777277,부설,0.9,False,False,False
13972-29391-00002-00-1,성애빌라,7,37.3995834631,126.9740738255,부설,0.9,True,False,False
13972-29391-00003-00-1,,3,37.3996808168,126.974272564,부설,0.9,False,False,False
13972-29391-00004-00-1,,1,37.3998033093,126.9740601971,부설,0.9,False,False,False
13972-29391-00005-00-1,수도권본부 직원숙소,8,37.3985240517,126.9749550987,부설,0.9,True,False,False
13972-29391-00006-00-1,,8,37.3995800908,126.9751535191,부설,0.9,False,False,False
13972-29391-00007-00-1,,2,37.3993674687,126.9752439399,부설,0.9,False,False,False
13972-29391-00008-00-1,복동상가,4,37.3992268571,126.9749955225,부설,0.9,True,False,False
13972-29391-00009-00-1,,2,37.3992881093,126.9749141867,부설,0.9,False,False,False
13972-29391-00010-00-1,유인숙씨 근린주택,5,37.3995692011,126.9747876019,부설,0.9,True,False,False
13972-29391-00011-00-1,,4,37.3981566412,126.9759490614,부설,0.9,False,False,False
13972-29391-00012-00-1,비해빌딩,10,37.3979729365,126.9764641089,부설,0.9,True,False,False
13972-29391-00013-00-1,,14,37.3879387178,126.9362357248,애매,0.3,False,False,False
13972-29391-00014-00-1,,63,37.3900156767,126.9381220581,애매,0.3,False,False,False
13972-29391-00015-00-1,,4,37.3899872153,126.9388357621,부설,0.9,False,False,False
13972-29391-00016-00-1,,8,37.3883614372,126.9381956876,부설,0.9,False,False,False
13972-29391-00017-00-1,,8,37.3885058571,126.9386879086,부설,0.9,False,False,False
13973-29392-00001-00-1,인덕원-스타타워,101,37.4011913142,126.9761107266,부설,0.9,True,False,False
13974-29391-00001-00-1,94-86호,5,37.4008704632,126.9756816546,애매,0.3,False,False,False
13974-29391-00002-00-1,,6,37.4007442557,126.9753699802,부설,0.9,False,False,False
13974-29391-00003-00-1,,2,37.4009244552,126.9753473331,부설,0.9,False,False,False
13974-29391-00004-00-1,,5,37.4010469988,126.9753698811,부설,0.9,False,False,False
13974-29391-00005-00-1,,9,37.400661417,126.9756365461,부설,0.9,False,False,False
13975-29391-00001-00-1,한양하우징,10,37.399320726,126.9757770234,애매,0.3,False,False,False
13975-29391-00002-00-1,,3,37.399291845,126.9755421214,부설,0.9,False,False,False
13975-29391-00003-00-1,,2,37.3997099105,126.9755013276,부설,0.9,False,False,False
13975-29391-00004-00-1,영진(暎鎭)빌라트,8,37.399973004,126.9754786541,부설,0.9,True,False,False
13976-29391-00001-00-1,평촌동 00다가구주택,4,37.3872429796,126.9737076976,부설,0.9,True,False,False
13976-29391-00002-00-1,다가구 주택 신축공사,1,37.3871636533,126.9735451206,부설,0.9,True,False,False
13976-29391-00003-00-1,세화 하이츠빌,6,37.3870735832,126.9736896896,부설,0.9,True,False,False
13976-29391-00004-00-1,,5,37.3871529033,126.9738251658,부설,0.9,False,False,False
13976-29391-00005-00-1,햇살가득한 집,7,37.3869690363,126.9735632561,애매,0.3,False,False,False
13976-29391-00006-00-1,다세대주택,5,37.3874845068,126.9739470045,부설,0.9,True,False,False
13976-29391-00007-00-1,,3,37.3873618814,126.9735586014,부설,0.9,False,False,False
13976-29391-00009-00-1,,4,37.3879529142,126.9733867538,부설,0.9,False,False,False
13976-29391-00010-00-1,,4,37.3877690789,126.9732693811,부설,0.9,False,False,False
13976-29391-00011-00-1,,5,37.3876285387,126.9733552506,부설,0.9,False,False,False
13976-29391-00012-00-1,,10,37.3876465193,126.9731790881,부설,0.9,False,False,False
13976-29391-00013-00-1,나등 빌리지 A동,6,37.3871275626,126.9733238104,부설,0.9,True,False,False
13976-29391-00014-00-1,,2,37.3871491268,126.9730573118,부설,0.9,False,False,False
13976-29391-00015-00-1,,3,37.3869509109,126.9730980337,부설,0.9,False,False,False
13976-29391-00016-00-1,,3,37.3868968956,126.9733013082,부설,0.9,False,False,False
13976-29391-00017-00-1,유진타운,8,37.3925926783,126.9257339919,부설,0.9,True,False,False
13976-29391-00018-00-1,청명어린이집,4,37.3920346143,126.9266469943,부설,0.9,True,False,False
13976-29391-00019-00-1,충일빌딩,8,37.3921318685,126.9265565576,부설,0.9,True,False,False
13976-29391-00020-00-1,,7,37.3834251543,126.9278116239,부설,0.9,False,False,False
13976-29391-00021-00-1,,8,37.3832882538,126.9279020864,부설,0.9,False,False,False
13976-29391-00022-00-1,만안청소년수련관,134,37.3831037765,126.9268137739,애매,0.3,False,False,False
13976-29391-00023-00-1,TOP맨션,7,37.3829568285,126.9281508136,부설,0.9,True,False,False
13976-29391-00024-00-1,,2,37.3840154243,126.9265102752,부설,0.9,False,False,False
13976-29391-00025-00-1,법원사,8,37.3838958505,126.9254896403,애매,0.3,False,False,False
13976-29391-00026-00-1,다정아트빌,6,37.3838071302,126.9277164092,부설,0.9,True,False,False
13976-29391-00027-00-1,대광빌딩,6,37.3858668847,126.9627777182,부설,0.9,True,False,False
13976-29391-00028-00-1,,4,37.3857369178,126.9620867257,부설,0.9,False,False,False
13976-29391-00029-00-1,평촌마루빌딩,11,37.3856323381,126.9618970767,부설,0.9,True,False,False
13976-29391-00030-00-1,베스트타운,24,37.3854194467,126.9611293468,부설,0.9,True,False,False
13976-29391-00031-00-1,스페이스 블래스유,8,37.3963112569,126.9755024339,애매,0.3,False,False,False
13976-29391-00032-00-1,한림대학교성심병원,564,37.3915141927,126.961821827,부설,0.9,True,False,False
13976-29391-00033-00-1,평안동사무소,6,37.3903580406,126.96425707,애매,0.3,False,False,False
13976-29391-00034-00-1,평안파출소,2,37.3904518245,126.9645144941,애매,0.3,False,False,False
13976-29391-00035-00-1,,411,37.3950795912,126.964900798,애매,0.3,False,False,False
13976-29391-00036-00-1,안양시청소사업소,37,37.3953322848,126.966301039,비부설,0.9,False,True,False
13976-29391-00037-00-1,한국전력공사안양복합화력발전소,103,37.3941720035,126.9671372437,애매,0.3,False,False,False
13976-29391-00038-00-1,허가번호 : 450호,4,37.3929542539,126.9687323272,애매,0.3,False,False,False
13976-29391-00039-00-1,초원아파트,4117,37.3892600287,126.9686119046,부설,0.9,True,False,False
13976-29391-00042-00-1,평촌트윈마트,44,37.3849973545,126.959891998,애매,0.3,False,False,False
13976-29391-00044-00-1,신세기 타운,103,37.3845757534,126.9601225713,부설,0.9,True,False,False
13976-29391-00047-00-1,건축허가(93-201),2,37.385116451,126.960370702,부설,0.9,True,False,False
13976-29391-00048-00-1,건축허가번호(93-275),3,37.3851813926,126.9605739184,부설,0.9,True,False,False
13976-29391-00049-00-1,,4,37.3852499275,126.9607455164,부설,0.9,False,False,False
13976-29391-00050-00-1,건축허가번호('93-278호),2,37.3849867414,126.960483687,부설,0.9,True,False,False
13976-29391-00051-00-1,건축허가번호('93-336호),2,37.3848858388,126.9605198732,부설,0.9,True,False,False
13976-29391-00052-00-1,,6,37.3909606045,126.9266615918,부설,0.9,False,False,False
13976-29391-00053-00-1,,1,37.3908270961,126.926408769,부설,0.9,False,False,False
13976-29391-00054-00-1,,6,37.3905350692,126.9262554765,부설,0.9,False,False,False
13976-29391-00055-00-1,안양동 473-6 다가구주택,5,37.3908056931,126.9267656341,부설,0.9,True,False,False
13976-29391-00056-00-1,지송 하이츠빌라,6,37.3907585368,126.9262778427,부설,0.9,True,False,False
13976-29391-00057-00-1,훼미리타운,12,37.3905891953,126.9263593145,부설,0.9,True,False,False
13976-29391-00058-00-1,,3,37.3913610265,126.927257452,부설,0.9,False,False,False
13976-29391-00059-00-1,안양은혜와진리교회,520,37.3908421461,126.9274341171,부설,0.9,True,False,False
13976-29391-00060-00-1,명동빌라,5,37.3905462211,126.9268020224,부설,0.9,True,False,False
13976-29391-00062-00-1,,4,37.3843490338,126.9611389326,부설,0.9,False,False,False
13976-29391-00063-00-1,,3,37.3841111798,126.9611887381,부설,0.9,False,False,False
13976-29391-00064-00-1,건축허가번호(93-319호),2,37.3840390266,126.9609719781,부설,0.9,True,False,False
13976-29391-00065-00-1,,3,37.3841507207,126.9608725546,부설,0.9,False,False,False
13976-29391-00066-00-1,,2,37.3841904194,126.9610351323,부설,0.9,False,False,False
13976-29391-00067-00-1,,2,37.3844178093,126.9620557734,부설,0.9,False,False,False
13976-29391-00068-00-1,,3,37.3843673968,126.9621958143,부설,0.9,False,False,False
13976-29391-00069-00-1,,3,37.3843097774,126.9623403753,부설,0.9,False,False,False
13976-29391-00070-00-1,,2,37.3842557677,126.9625030007,부설,0.9,False,False,False
13976-29391-00071-00-1,,4,37.3843098748,126.9626475058,부설,0.9,False,False,False
13976-29392-00008-00-1,서울안과빌딩,43,37.3882556488,126.973345995,부설,0.9,True,False,False
13976-29392-00041-00-1,,15,37.3901564665,126.9651108742,애매,0.3,False,False,False
13976-29392-00043-00-1,아트상가빌딩,56,37.384820786,126.9599869419,부설,0.9,True,False,False
13976-29392-00045-00-1,제일빌딩,57,37.3842045985,126.9603214991,부설,0.9,True,False,False
13976-29392-00046-00-1,신세기프라자,37,37.3839343398,126.9604661728,비부설,0.9,True,False,True
13976-29392-00061-00-1,,2,37.3902038606,126.9268475251,부설,0.9,False,False,False
13976-29399-00040-00-1,동안초등학교,0,37.3895147825,126.9645872068,부설,0.9,True,False,False
13977-29391-00001-00-1,,2,37.3938353611,126.9760543377,부설,0.9,False,False,False
13978-29391-00001-00-1,관양동 관양지구 단독주택블록 A10-9 단독주택,6,37.4058895079,126.9694588558,부설,0.9,True,False,False
13978-29391-00002-00-1,,2,37.381187191,126.9281073376,부설,0.9,False,False,False
13978-29391-00003-00-1,,4,37.3943903374,126.9757921618,부설,0.9,False,False,False
13978-29391-00004-00-1,,5,37.3876682354,126.9735855948,부설,0.9,False,False,False
13979-29391-00001-00-1,.,7,37.4058244979,126.9689348038,애매,0.3,False,False,False
13980-29391-00001-00-1,타워빌딩,34,37.401018547,126.9772718119,부설,0.9,True,False,False
13980-29391-00003-00-1,성지빌딩,29,37.4000996572,126.9780762174,부설,0.9,True,False,False
13980-29391-00010-00-1,,2,37.3997644182,126.9777600863,부설,0.9,False,False,False
13980-29391-00011-00-1,,2,37.3996526992,126.9778007773,부설,0.9,False,False,False
13980-29391-00012-00-1,,3,37.3994436631,126.9778053565,부설,0.9,False,False,False
13980-29391-00013-00-1,,2,37.3992130016,126.9778054245,부설,0.9,False,False,False
13980-29391-00016-00-1,,8,37.3993462844,126.977443983,부설,0.9,False,False,False
13980-29391-00020-00-1,삼우마을(아파트),14,37.3982038668,126.9778554141,부설,0.9,True,False,False
13980-29391-00021-00-1,(주)진보아이앤디창고,5,37.3823104736,126.9387923161,부설,0.9,True,False,False
13980-29391-00022-00-1,롯데칠성음료(주) 안양지점,8,37.3818490722,126.9386436474,부설,0.9,True,False,False
13980-29391-00023-00-1,,3,37.3863344264,126.9353698681,부설,0.9,False,False,False
13980-29391-00024-00-1,안양위너스골프클럽,120,37.3791828488,126.9402220143,애매,0.3,False,False,False
13980-29391-00025-00-1,전원하이츠빌라,6,37.378027671,126.93663703,부설,0.9,True,False,False
13980-29391-00026-00-1,,2,37.3789613875,126.9371149727,부설,0.9,False,False,False
13980-29391-00027-00-1,평촌벌말프라자,14,37.3938501004,126.9632661456,부설,0.9,True,False,False
13980-29391-00028-00-1,한솔센트럴파크2,251,37.3925302434,126.9608953024,부설,0.9,True,False,False
13980-29391-00029-00-1,관양동 1605-1 제2종근린생활시설 ((주)창 ),8,37.392739358,126.9611300846,부설,0.9,True,False,False
13980-29392-00002-00-1,인덕원빌딩,66,37.4004492037,126.9778095775,부설,0.9,True,False,False
13980-29392-00004-00-1,,8,37.4000563235,126.977624473,부설,0.9,False,False,False
13980-29392-00005-00-1,멤피스타워,83,37.4000454726,126.9774211856,부설,0.9,True,False,False
13980-29392-00006-00-1,삼우프라자,40,37.4007626726,126.9773532062,부설,0.9,True,False,False
13980-29392-00007-00-1,,18,37.4004995779,126.9773713557,애매,0.3,False,False,False
13980-29392-00008-00-1,,9,37.4003770355,126.9773533222,부설,0.9,False,False,False
13980-29392-00009-00-1,신한데뷰오피스텔,200,37.4002113696,126.977999386,부설,0.9,True,False,False
13980-29392-00014-00-1,,12,37.3990147658,126.9777467554,애매,0.3,False,False,False
13980-29392-00017-00-1,인덕원프라자,33,37.3997355239,126.9774348312,부설,0.9,True,False,False
13980-29392-00018-00-1,파인빌,41,37.3984273049,126.9777740339,부설,0.9,True,False,False
13981-29392-00001-00-1,,26,37.3928079009,126.9613288031,애매,0.3,False,False,False
13982-29391-00001-00-1,,5,37.4058680245,126.9700100506,부설,0.9,False,False,False
13982-29391-00002-00-1,관양동 제1종지구단위계획구역 A- 10-8 단독주택 애심헌 (김혜림),5,37.4059435258,126.9692916707,부설,0.9,True,False,False
13982-29391-00003-00-1,관양동 관양택지지구 10블록 7로트 단독주택,5,37.4059975435,126.9691244853,부설,0.9,True,False,False
13982-29391-00004-00-1,한솔아파트,46,37.3915469261,126.9307399249,부설,0.9,True,False,False
13982-29391-00005-00-1,(주)네오셈,48,37.3989221866,126.9671216171,부설,0.9,True,False,False
13983-29391-00001-00-1,,1,37.392026015,126.9303058437,부설,0.9,False,False,False
13983-29391-00002-00-1,,6,37.3919610722,126.9301884596,부설,0.9,False,False,False
13983-29391-00005-00-1,A10-4 상가주택,5,37.4059688604,126.9697027915,부설,0.9,True,False,False
13983-29391-00006-00-1,해뜨는집,6,37.4059184425,126.9698564212,애매,0.3,False,False,False
13983-29391-00007-00-1,이레하우스,5,37.4057310556,126.9699558903,부설,0.9,True,False,False
13983-29391-00008-00-1,,6,37.4057850742,126.9697887059,부설,0.9,False,False,False
13983-29391-00009-00-1,상현빌,5,37.4058390926,126.9696215213,부설,0.9,True,False,False
13983-29392-00003-00-1,,2,37.3918782208,126.9302608097,부설,0.9,False,False,False
13984-29391-00001-00-1,안양동 342-12 공동주택 (정종남),5,37.3787308141,126.937282268,부설,0.9,True,False,False
13984-29391-00002-00-1,,1,37.3792422418,126.9366179429,부설,0.9,False,False,False
13984-29391-00004-00-1,한가람한양아파트,524,37.3992490374,126.9531126391,부설,0.9,True,False,False
13984-29391-00005-00-1,,7,37.400118188,126.9545622388,부설,0.9,False,False,False
13984-29391-00006-00-1,부림동우체국,2,37.3928836574,126.9615455869,애매,0.3,False,False,False
13984-29391-00007-00-1,관양동 일송빌딩,39,37.3926458154,126.9616315338,부설,0.9,True,False,False
13984-29391-00009-00-1,,7,37.3822909706,126.9359920995,부설,0.9,False,False,False
13984-29391-00010-00-1,,6,37.3821216124,126.9360554744,부설,0.9,False,False,False
13984-29391-00011-00-1,,3,37.3819738714,126.9361052811,부설,0.9,False,False,False
13984-29391-00012-00-1,,8,37.3821283015,126.9351024884,부설,0.9,False,False,False
13984-29391-00013-00-1,관양동 관양택지개발지구 A23 4 단독주택 (강정훈),5,37.4073499739,126.9727880351,부설,0.9,True,False,False
13984-29391-00014-00-1,다솔빌딩,6,37.407209394,126.9726977259,부설,0.9,True,False,False
13984-29391-00015-00-1,,6,37.4069967218,126.9725622635,부설,0.9,False,False,False
13984-29391-00016-00-1,,5,37.4068885847,126.9724990512,부설,0.9,False,False,False
13984-29391-00017-00-1,관양동 관양지구 A20 1 단독주택 (명관주택주식회사),4,37.4079301197,126.9723089127,부설,0.9,True,False,False
13984-29391-00018-00-1,관양동 관양택지개발지구 A19 3 단독주택 (장경조),4,37.4078038627,126.9718255293,부설,0.9,True,False,False
13984-29391-00019-00-1,창신주택,5,37.4076524849,126.9717984779,부설,0.9,True,False,False
13984-29391-00020-00-1,센타빌딩,48,37.4066938754,126.972119613,부설,0.9,True,False,False
13984-29391-00022-00-1,동편상가,29,37.406034181,126.9715009011,부설,0.9,True,False,False
13984-29391-00023-00-1,스마트프라자,168,37.4057494542,126.9714829373,부설,0.9,True,False,False
13984-29391-00024-00-1,신안시티,8,37.4053819212,126.9718309541,애매,0.3,False,False,False
13984-29391-00025-00-1,한국해사위험물검사원,42,37.4053675819,126.9721562475,애매,0.3,False,False,False
13984-29391-00027-00-1,네이쳐빌딩,26,37.4062464105,126.969842736,부설,0.9,True,False,False
13984-29391-00028-00-1,엔젤빌,6,37.4061129035,126.9692373863,부설,0.9,True,False,False
13984-29391-00029-00-1,,6,37.4060696956,126.9693955316,부설,0.9,False,False,False
13984-29391-00030-00-1,,6,37.4060192781,126.9695491617,부설,0.9,False,False,False
13984-29391-00031-00-1,,3,37.3874339975,126.9737121477,부설,0.9,False,False,False
13984-29392-00003-00-1,동진위츠빌,38,37.3995590719,126.9782254537,부설,0.9,True,False,False
13984-29392-00021-00-1,데이드림 오피스텔,115,37.4061606975,126.9730956849,부설,0.9,True,False,False
13984-29392-00026-00-1,제시카타워,68,37.4054109113,126.9724995913,부설,0.9,True,False,False
13985-29391-00001-00-1,하늘빌리지,6,37.4014860011,126.903593224,부설,0.9,True,False,False
13985-29391-00002-00-1,하늘빌리지,6,37.4015005315,126.9037332527,부설,0.9,True,False,False
13985-29391-00003-00-1,,3,37.402034218,126.9040804319,부설,0.9,False,False,False
13985-29391-00004-00-1,,5,37.4025647108,126.9049381225,부설,0.9,False,False,False
13985-29391-00012-00-1,,3,37.4008780633,126.9050170526,부설,0.9,False,False,False
13985-29391-00013-00-1,약수가든빌라,3,37.400196903,126.905031465,부설,0.9,True,False,False
13985-29391-00014-00-1,명문그린빌리지,7,37.4004165594,126.9047917555,부설,0.9,True,False,False
13985-29391-00015-00-1,,1,37.4005967088,126.9047237636,부설,0.9,False,False,False
13985-29391-00016-00-1,,4,37.400740832,126.9046738874,부설,0.9,False,False,False
13985-29391-00017-00-1,다가구주택,2,37.4005677705,126.9045927898,부설,0.9,True,False,False
13985-29391-00018-00-1,다가구주택,1,37.4004668308,126.9045612946,부설,0.9,True,False,False
13985-29391-00019-00-1,,4,37.4002002454,126.9047061952,부설,0.9,False,False,False
13985-29391-00020-00-1,,5,37.4000885189,126.9047063366,부설,0.9,False,False,False
13985-29391-00021-00-1,금호빌라,4,37.4000523469,126.90454375,부설,0.9,True,False,False
13985-29391-00022-00-1,부흥빌라,4,37.4002359066,126.9042363217,부설,0.9,True,False,False
13985-29391-00023-00-1,,4,37.4012674272,126.9051701609,부설,0.9,False,False,False
13985-29391-00024-00-1,상록아트빌라,5,37.4012604109,126.9054096048,부설,0.9,True,False,False
13985-29391-00025-00-1,스카이빌,8,37.4010331222,126.9051207623,부설,0.9,True,False,False
13985-29391-00026-00-1,박달마루채,6,37.4098918943,126.8847733568,애매,0.3,False,False,False
13985-29391-00027-00-1,,6,37.4100323429,126.8846601875,부설,0.9,False,False,False
13985-29391-00028-00-1,,6,37.4101727959,126.8845515359,부설,0.9,False,False,False
13985-29391-00029-00-1,,6,37.4101724203,126.8841674916,부설,0.9,False,False,False
13985-29391-00030-00-1,,6,37.4100607826,126.8842580269,부설,0.9,False,False,False
13985-29391-00031-00-1,,6,37.4099455407,126.8843485674,부설,0.9,False,False,False
13985-29391-00032-00-1,,6,37.4097150611,126.8845341658,부설,0.9,False,False,False
13985-29391-00033-00-1,,6,37.4099378409,126.8838470633,부설,0.9,False,False,False
13985-29391-00034-00-1,,6,37.409811796,126.8839466573,부설,0.9,False,False,False
13985-29391-00035-00-1,석경하우스,6,37.4096821513,126.8840507747,부설,0.9,True,False,False
13985-29391-00036-00-1,,6,37.4095525022,126.8841503735,부설,0.9,False,False,False
13985-29391-00037-00-1,은행나무주택,6,37.4094264614,126.8842544846,부설,0.9,True,False,False
13985-29391-00038-00-1,박달동 926-6 단독주택 (이태한),6,37.4094694579,126.8839968849,부설,0.9,True,False,False
13985-29392-00005-00-1,,9,37.4022662305,126.9057607212,부설,0.9,False,False,False
13986-29391-00001-00-1,,69,37.3980985274,126.960797543,애매,0.3,False,False,False
13986-29391-00002-00-1,안양농협종합시설,130,37.397774077,126.9605492531,애매,0.3,False,False,False
13986-29391-00003-00-1,한국산업은행,62,37.3968479945,126.9610556848,부설,0.9,True,False,False
13986-29391-00004-00-1,힐스테이트 에코 평촌,1028,37.3977094749,126.9613714591,부설,0.9,True,False,False
13986-29391-00005-00-1,수원지방법원 안양지원 안양등기소 청사,45,37.3972232135,126.9622706714,비부설,0.9,False,True,False
13986-29391-00006-00-1,시청사 및 의회청사,584,37.3941579545,126.9570412713,비부설,0.9,False,True,False
13986-29391-00007-00-1,평촌아크로타워,1684,37.3922836402,126.9565273911,부설,0.9,True,False,False
13986-29391-00008-00-1,,891,37.3922733729,126.9580361095,비부설,0.9,False,False,True
13986-29391-00010-00-1,,208,37.3923099997,126.9597209694,애매,0.3,False,False,False
13986-29391-00011-00-1,경기지식산업안양센타,77,37.3922016114,126.9589486035,부설,0.9,True,False,False
13986-29391-00012-00-1,대고사옥,81,37.3918520804,126.9591385113,부설,0.9,True,False,False
13986-29391-00013-00-1,경기도안양교육청,99,37.3953770867,126.9597419146,애매,0.3,False,False,False
13986-29391-00014-00-1,안양소방서,48,37.3958783545,126.9606315585,애매,0.3,False,False,False
13986-29391-00015-00-1,동안양세무서 청사,79,37.3954639579,126.9608531227,비부설,0.9,False,True,False
13986-29391-00016-00-1,수원지방법원 안양지원청사,173,37.3963944154,126.9627183045,비부설,0.9,False,True,False
13986-29391-00017-00-1,평촌아크로팰리스,199,37.3945950442,126.9598733329,부설,0.9,True,False,False
13986-29391-00018-00-1,효성인텔리안,326,37.3947682141,126.9603882074,애매,0.3,False,False,False
13986-29391-00019-00-1,세방 글로벌시티,290,37.3949738289,126.9609346883,애매,0.3,False,False,False
13986-29391-00020-00-1,동우베스티움타워,216,37.3951145234,126.9613456872,부설,0.9,True,False,False
13986-29391-00021-00-1,,1,37.3897614194,126.9344635359,부설,0.9,False,False,False
13986-29391-00022-00-1,,16,37.3899707706,126.9350324912,애매,0.3,False,False,False
13986-29391-00023-00-1,,1,37.3896570706,126.9347707791,부설,0.9,False,False,False
13986-29391-00024-00-1,,14,37.3897184695,126.9350056072,애매,0.3,False,False,False
13986-29391-00025-00-1,영식타워 (안상식),6,37.389480763,126.9353039302,부설,0.9,True,False,False
13986-29391-00026-00-1,신한은행,33,37.3942855699,126.9613054579,애매,0.3,False,False,False
13986-29391-00027-00-1,평촌 샤르망-2 오피스텔,231,37.3943253676,126.961775229,부설,0.9,True,False,False
13986-29391-00028-00-1,,4,37.3940260814,126.9613236601,부설,0.9,False,False,False
13986-29391-00029-00-1,송백,68,37.3945057388,126.9622946197,애매,0.3,False,False,False
13986-29391-00030-00-1,중소기업은행,40,37.3947365152,126.9626558841,애매,0.3,False,False,False
13986-29391-00032-00-1,씨티빌딩,10,37.3945599831,126.9628727993,부설,0.9,True,False,False
13986-29391-00036-00-1,,12,37.3933518103,126.9603979871,애매,0.3,False,False,False
13986-29391-00038-00-1,,16,37.3934708642,126.9607547813,애매,0.3,False,False,False
13986-29391-00039-00-1,,17,37.3935249764,126.9609083372,애매,0.3,False,False,False
13986-29391-00040-00-1,,9,37.3935790899,126.9610664104,부설,0.9,False,False,False
13986-29391-00041-00-1,,16,37.3936332017,126.9612199667,애매,0.3,False,False,False
13986-29391-00042-00-1,무지개상가,60,37.3937089585,126.9614367528,부설,0.9,True,False,False
13986-29391-00044-00-1,의료보험조합청사,51,37.3929374155,126.9606240623,비부설,0.9,False,True,False
13986-29391-00045-00-1,,20,37.3930600714,126.9609763359,애매,0.3,False,False,False
13986-29391-00050-00-1,신세대상가,41,37.3936913765,126.9628054699,부설,0.9,True,False,False
13986-29391-00051-00-1,다가구주택,1,37.3813425394,126.934976705,부설,0.9,True,False,False
13986-29391-00052-00-1,다가구주택,1,37.3810434095,126.934995029,부설,0.9,True,False,False
13986-29391-00053-00-1,훼미리타운,473,37.3933058577,126.9631851022,부설,0.9,True,False,False
13986-29391-00054-00-1,월마트 안양점,638,37.3949350079,126.9635140656,애매,0.3,False,False,False
13986-29391-00055-00-1,평촌I-PARK,550,37.3936665842,126.9642193616,애매,0.3,False,False,False
13986-29391-00056-00-1,동아프라자아케이드,90,37.3941243797,126.964472108,부설,0.9,True,False,False
13986-29391-00057-00-1,,8,37.413678642,126.9723790908,부설,0.9,False,False,False
13986-29391-00058-00-1,"관양동 1653-1 노유자시설 (백성희,남궁 진)",3,37.4133614896,126.9724063175,애매,0.3,False,False,False
13986-29391-00059-00-1,동편유치원,15,37.4128821841,126.9725646353,부설,0.9,True,False,False
13986-29391-00060-00-1,,2,37.4099845968,126.9729632906,부설,0.9,False,False,False
13986-29391-00061-00-1,,5,37.4100927439,126.9730716879,부설,0.9,False,False,False
13986-29391-00062-00-1,,5,37.410200892,126.9731846037,부설,0.9,False,False,False
13986-29391-00063-00-1,,5,37.4103090389,126.9732930016,부설,0.9,False,False,False
13986-29391-00064-00-1,,2,37.4104063765,126.9734149583,부설,0.9,False,False,False
13986-29391-00065-00-1,관양동 관양지구 A12블록 6로트 단독주택 (우기주),2,37.4104856987,126.9735595125,부설,0.9,True,False,False
13986-29391-00066-00-1,관양동 1659-6 단독주택,3,37.4105470023,126.9737131098,부설,0.9,True,False,False
13986-29391-00067-00-1,,2,37.4106083076,126.9738757437,부설,0.9,False,False,False
13986-29391-00068-00-1,관양동 1659-8호 단독주택 (임채근),4,37.410676819,126.974029339,부설,0.9,True,False,False
13986-29391-00069-00-1,A12-10 다가구주택,3,37.4107777589,126.9741467777,부설,0.9,True,False,False
13986-29391-00070-00-1,,5,37.4109111217,126.9742009505,부설,0.9,False,False,False
13986-29391-00071-00-1,A12-12 다가구주택,3,37.4110661059,126.9742415615,부설,0.9,True,False,False
13986-29391-11013-00-1,벽산빌리지,8,,,부설,0.9,True,False,False
13986-29392-00031-00-1,,10,37.3944878374,126.9626695592,부설,0.9,False,False,False
13986-29392-00033-00-1,삼일프라자빌딩,35,37.3940444544,126.9624168154,부설,0.9,True,False,False
13986-29392-00034-00-1,평촌빌딩,13,37.3942031784,126.9628729753,부설,0.9,True,False,False
13986-29392-00035-00-1,광장상가(93-342),15,37.3942608976,126.9630446012,부설,0.9,True,True,False
13986-29392-00037-00-1,,16,37.3934203544,126.9605967066,애매,0.3,False,False,False
13986-29392-00043-00-1,,35,37.3938676907,126.9619064602,애매,0.3,False,False,False
13986-29392-00046-00-1,동인프라자,25,37.3932224095,126.9614460364,부설,0.9,True,False,False
13986-29392-00047-00-1,,15,37.3932945617,126.9616628233,애매,0.3,False,False,False
13986-29392-00048-00-1,씨마모텔,20,37.3933486728,126.9618163795,부설,0.9,True,False,False
13986-29392-00049-00-1,남경빌딩,20,37.3936336584,126.9626383625,부설,0.9,True,False,False
13987-29391-00001-00-1,한가람삼성아파트,531,37.3999095525,126.9556194742,부설,0.9,True,False,False
13987-29391-00002-00-1,,692,37.3980942398,126.9587872788,애매,0.3,False,False,False
13987-29391-00003-00-1,부림동사무소,7,37.3987684334,126.9594509811,애매,0.3,False,False,False
13987-29391-00004-00-1,이레교회,27,37.3989127416,126.9598755485,부설,0.9,True,False,False
13987-29391-00005-00-1,평촌라츠오피스텔,490,37.3982933472,126.9614027817,부설,0.9,True,False,False
13987-29391-00006-00-1,,3,37.4111742587,126.9743815898,부설,0.9,False,False,False
13987-29391-00007-00-1,,1,37.4110157144,126.9745443,부설,0.9,False,False,False
13987-29391-00008-00-1,,2,37.4108607293,126.9744991703,부설,0.9,False,False,False
13987-29391-00009-00-1,관양동 113-3 단독주택 (최영일),2,37.4107381809,126.9744540297,부설,0.9,True,False,False
13987-29391-00010-00-1,관양동 단독주택,2,37.4106228406,126.9744088868,부설,0.9,True,False,False
13987-29391-00011-00-1,관양동 C주택,2,37.4105399232,126.9743004782,부설,0.9,True,False,False
13987-29391-00012-00-1,,3,37.4103993049,126.9740294348,부설,0.9,False,False,False
13987-29391-00013-00-1,,2,37.4103416078,126.9738848727,부설,0.9,False,False,False
13987-29391-00014-00-1,,2,37.4102875136,126.9737357914,부설,0.9,False,False,False
13987-29391-00015-00-1,,2,37.4102190069,126.9736047881,부설,0.9,False,False,False
13987-29391-00016-00-1,안양노동복지회관,13,37.377232879,126.9399209765,애매,0.3,False,False,False
13987-29391-00017-00-1,,4,37.3949011013,126.9286679335,부설,0.9,False,False,False
13987-29391-00019-00-1,중화한방병원,3,37.3943409516,126.9261975414,부설,0.9,True,False,False
13987-29391-00020-00-1,,6,37.3947089502,126.9268115264,부설,0.9,False,False,False
13987-29391-00021-00-1,초원빌라,8,37.3936065698,126.9275760021,부설,0.9,True,False,False
13987-29391-00022-00-1,,8,37.3935127694,126.9274225083,부설,0.9,False,False,False
13987-29391-00023-00-1,초원빌라,4,37.3937111712,126.9277114171,부설,0.9,True,False,False
13987-29391-00024-00-1,,37,37.4100492761,126.9721274059,애매,0.3,False,False,False
13987-29391-00025-00-1,NEXT EYE,77,37.4094076718,126.9717978199,애매,0.3,False,False,False
13987-29391-00026-00-1,이오테크닉스 R&D 센터,116,37.4109175675,126.9709162005,애매,0.3,False,False,False
13987-29391-00027-00-1,해오름초등학교,43,37.410765779,126.9692671113,부설,0.9,True,False,False
13987-29391-00028-00-1,대한예수교장로회,61,37.410523837,126.9675141489,애매,0.3,False,False,False
13987-29391-00029-00-1,경진빌딩,107,37.4101596938,126.9670398976,부설,0.9,True,False,False
13987-29391-00030-00-1,,6,37.4098532699,126.9667644242,부설,0.9,False,False,False
13987-29391-00031-00-1,,6,37.4097307172,126.9667147786,부설,0.9,False,False,False
13987-29391-00032-00-1,관양동 1680-2 단독주택,6,37.409604563,126.9666741712,부설,0.9,True,False,False
13987-29391-00033-00-1,JJ하우스,6,37.4094784101,126.9666380819,부설,0.9,True,False,False
13987-29391-00034-00-1,관양동 관양택지개발지구 A1블록 5로트 단독주택 (양철희),6,37.4093522622,126.9666200654,부설,0.9,True,False,False
13987-29391-00035-00-1,,6,37.4092225115,126.9666065686,부설,0.9,False,False,False
13987-29391-00036-00-1,,6,37.4090963687,126.9666066246,부설,0.9,False,False,False
13987-29391-00037-00-1,YYG주택,5,37.4097271917,126.9669949056,부설,0.9,True,False,False
13987-29391-00038-00-1,,6,37.4092550283,126.9668911959,부설,0.9,False,False,False
13987-29391-00039-00-1,관양동 1681-5 단독주택,6,37.4091288855,126.9668912514,부설,0.9,True,False,False
13987-29391-00040-00-1,,6,37.4078214512,126.9700680065,부설,0.9,False,False,False
13987-29391-00041-00-1,,6,37.4079224009,126.9702080257,부설,0.9,False,False,False
13987-29391-00042-00-1,단독주택 (김현기),5,37.407944073,126.9703977749,부설,0.9,True,False,False
13987-29391-00043-00-1,관양동 관양지구 A6 1 단독주택,5,37.4079982096,126.9707004628,부설,0.9,True,False,False
13987-29391-00044-00-1,안양관양지구 A6-2 단독주택(길형균),8,37.4078684549,126.970668887,부설,0.9,True,False,False
13987-29391-00045-00-1,,6,37.407735096,126.9706373128,부설,0.9,False,False,False
13987-29391-00046-00-1,아인빌,7,37.4076017383,126.9706102567,부설,0.9,True,False,False
13987-29391-00047-00-1,단독주택 (강수미),5,37.4074683795,126.9705786827,부설,0.9,True,False,False
13987-29391-00048-00-1,,6,37.4073350218,126.9705516268,부설,0.9,False,False,False
13987-29391-00049-00-1,해오름둥지,6,37.407205267,126.9705200516,애매,0.3,False,False,False
13987-29391-00050-00-1,,6,37.4070358662,126.9704839741,부설,0.9,False,False,False
13987-29391-00051-00-1,,6,37.4069061125,126.9704569171,부설,0.9,False,False,False
13987-29391-00052-00-1,관양동 A9-5블록 다가구주택,5,37.4067763588,126.9704298602,부설,0.9,True,False,False
13987-29391-00053-00-1,,1,37.3821341127,126.932604862,부설,0.9,False,False,False
13987-29391-00054-00-1,,1,37.3818170296,126.93274064,부설,0.9,False,False,False
13987-29391-00055-00-1,,1,37.381824122,126.9325373923,부설,0.9,False,False,False
13987-29391-00056-00-1,정현빌라,4,37.3817771501,126.9323296766,부설,0.9,True,False,False
13987-29391-00057-00-1,,6,37.4086508463,126.9719291281,부설,0.9,False,False,False
13987-29391-00058-00-1,,6,37.4085354974,126.9718523638,부설,0.9,False,False,False
13987-29391-00059-00-1,,6,37.4084165445,126.9717756011,부설,0.9,False,False,False
13987-29391-00060-00-1,트윈 픽스(Twin Peaks ),6,37.408975363,126.97256606,애매,0.3,False,False,False
13987-29391-00061-00-1,,3,37.3809543345,126.930465133,부설,0.9,False,False,False
13987-29391-00062-00-1,수진빌딩,4,37.3809181712,126.930257411,부설,0.9,True,False,False
13987-29391-00063-00-1,,6,37.4086040604,126.9722137849,부설,0.9,False,False,False
13987-29391-00064-00-1,,6,37.4084706861,126.9721144365,부설,0.9,False,False,False
13987-29391-00065-00-1,.,5,37.4083337118,126.972033162,애매,0.3,False,False,False
13987-29391-00066-00-1,,5,37.4082688736,126.9721822822,부설,0.9,False,False,False
13987-29391-00067-00-1,,5,37.4083986385,126.9722590415,부설,0.9,False,False,False
13987-29391-00068-00-1,,5,37.4085211984,126.9723493578,부설,0.9,False,False,False
13987-29391-00069-00-1,,5,37.4086437603,126.9724487107,부설,0.9,False,False,False
13987-29391-00070-00-1,,6,37.408759115,126.9725525846,부설,0.9,False,False,False
13987-29391-00071-00-1,,5,37.4088708687,126.9726700144,부설,0.9,False,False,False
13987-29391-00072-00-1,관양동 1708 단독주택,5,37.4086943063,126.9728327297,부설,0.9,True,False,False
13987-29391-00073-00-1,단독주택,5,37.4086042292,126.9729411963,부설,0.9,True,False,False
13987-29391-00074-00-1,,6,37.4085249662,126.9730586948,부설,0.9,False,False,False
13987-29391-00075-00-1,근생및다가구주택(3가구),4,37.4084565185,126.9731897435,부설,0.9,True,False,False
13987-29391-00076-00-1,,163,37.4082401714,126.9727425325,애매,0.3,False,False,False
13987-29391-00077-00-1,,4,37.4083664716,126.9734337514,부설,0.9,False,False,False
13987-29391-00078-00-1,,6,37.4082475206,126.9733615044,부설,0.9,False,False,False
13987-29391-00079-00-1,,6,37.4081321738,126.9732892563,부설,0.9,False,False,False
13987-29391-00080-00-1,,6,37.4080168258,126.9732124904,부설,0.9,False,False,False
13987-29391-00081-00-1,,6,37.4078978737,126.9731357261,부설,0.9,False,False,False
13987-29391-00082-00-1,,4,37.4076743888,126.972995747,부설,0.9,False,False,False
13987-29391-00083-00-1,관양동 안양관양지구 A23-2 단독주택 (전찬윤),7,37.407569855,126.9729280142,부설,0.9,True,False,False
13987-29391-00084-00-1,,5,37.4074617171,126.9728602829,부설,0.9,False,False,False
13987-29392-00018-00-1,중화한방병원,42,37.3943302997,126.9264550337,부설,0.9,True,False,False
13988-29391-00001-00-1,,5,37.4080671275,126.8952083275,부설,0.9,False,False,False
13988-29391-00002-00-1,,1,37.4067463616,126.8974104186,부설,0.9,False,False,False
13988-29391-00003-00-1,,4,37.4068496681,126.8960232589,부설,0.9,False,False,False
13988-29391-00004-00-1,석수동 770-15 공동주택 (노익수),5,37.4050519702,126.8968660667,부설,0.9,True,False,False
13988-29391-00005-00-1,충훈어린이집,4,37.4047957728,126.8965140253,부설,0.9,True,False,False
13988-29391-00006-00-1,,1,37.4007476018,126.9041317656,부설,0.9,False,False,False
13988-29391-00007-00-1,다가구주택,2,37.4003765499,126.9043400473,부설,0.9,True,False,False
13988-29391-00008-00-1,,1,37.4002396825,126.9044486432,부설,0.9,False,False,False
13988-29391-00009-00-1,,6,37.4003155323,126.9046518382,부설,0.9,False,False,False
13988-29391-00010-00-1,,4,37.4008912874,126.9035442921,부설,0.9,False,False,False
13988-29391-00011-00-1,,11,37.4011730223,126.9043028938,애매,0.3,False,False,False
13988-29391-00012-00-1,,1,37.4010322289,126.9040139447,부설,0.9,False,False,False
13988-29391-00013-00-1,,9,37.4015838838,126.9042978537,부설,0.9,False,False,False
13988-29391-00014-00-1,궁전빌라,4,37.4012160076,126.9039775692,부설,0.9,True,False,False
13988-29391-00015-00-1,궁전빌라,5,37.4011258065,126.9038557082,부설,0.9,True,False,False
13988-29391-00016-00-1,궁전빌라,5,37.4010464212,126.9037383512,부설,0.9,True,False,False
13988-29391-00017-00-1,궁전빌라,5,37.400977848,126.9036209807,부설,0.9,True,False,False
13988-29391-00018-00-1,,8,37.4012622788,126.9032637228,부설,0.9,False,False,False
13988-29391-00019-00-1,아카데미테마타운,18,37.4014760923,126.9003360081,부설,0.9,True,False,False
13988-29391-00021-00-1,,17,37.4020672755,126.9004707558,애매,0.3,False,False,False
13988-29391-00028-00-1,동현하이츠빌라,8,37.4009627567,126.8985070506,부설,0.9,True,False,False
13988-29391-00029-00-1,다가구주택,2,37.4009013826,126.8983851576,부설,0.9,True,False,False
13988-29391-00030-00-1,,7,37.4006923111,126.8983447814,부설,0.9,False,False,False
13988-29391-00031-00-1,은탑빌라,5,37.4004328057,126.8983315792,부설,0.9,True,False,False
13988-29391-00032-00-1,다가구주택(8가구),2,37.400533104,126.8976176633,부설,0.9,True,False,False
13988-29391-00033-00-1,다가구주택,16,37.4004647907,126.8978074952,부설,0.9,True,False,False
13988-29391-00035-00-1,다가구주택,1,37.4008399345,126.8981774302,부설,0.9,True,False,False
13988-29391-00036-00-1,,2,37.4012252514,126.8978064625,부설,0.9,False,False,False
13988-29391-00037-00-1,,1,37.4012141537,126.89747669,부설,0.9,False,False,False
13988-29391-00038-00-1,,1,37.4005476142,126.8977260659,부설,0.9,False,False,False
13988-29391-00040-00-1,제이케이와이빌딩,13,37.4025291671,126.8969282547,부설,0.9,True,False,False
13988-29391-00041-00-1,코리아골프클럽,196,37.4028016121,126.8952608379,애매,0.3,False,False,False
13988-29391-00042-00-1,안양모듈공장,59,37.4080139035,126.8921316121,부설,0.9,True,False,False
13988-29391-00043-00-1,,8,37.4058452832,126.8855656714,부설,0.9,False,False,False
13988-29391-00044-00-1,박달손영공장,3,37.4056542628,126.885561444,부설,0.9,True,False,False
13988-29391-00045-00-1,,2,37.4057447183,126.8859272571,부설,0.9,False,False,False
13988-29391-00046-00-1,,4,37.4053741201,126.8865738769,부설,0.9,False,False,False
13988-29391-00047-00-1,,2,37.4050710218,126.8862038685,부설,0.9,False,False,False
13988-29391-00048-00-1,,2,37.4055359649,126.8862212369,부설,0.9,False,False,False
13988-29391-00049-00-1,성산강업공장,6,37.404677589,126.8855945544,부설,0.9,True,False,False
13988-29391-00050-00-1,,7,37.4050560606,126.8856391576,부설,0.9,False,False,False
13988-29391-00051-00-1,,4,37.4047419673,126.8850839395,부설,0.9,False,False,False
13988-29391-00052-00-1,(주)대상피브이씨 창고시설,4,37.4055171329,126.8853809368,부설,0.9,True,False,False
13988-29391-00053-00-1,,2,37.4038270665,126.8856365076,부설,0.9,False,False,False
13988-29391-00054-00-1,,2,37.4007232585,126.877739928,부설,0.9,False,False,False
13988-29391-00055-00-1,,1,37.405184019,126.8838047055,부설,0.9,False,False,False
13988-29391-00056-00-1,박달동 777-3 상가주택,1,37.4052209443,126.8847082241,부설,0.9,True,False,False
13988-29391-00057-00-1,,9,37.405098507,126.8848123227,부설,0.9,False,False,False
13988-29391-00058-00-1,,1,37.4051665655,126.8843830204,부설,0.9,False,False,False
13988-29391-00059-00-1,,1,37.4108790792,126.8844329784,부설,0.9,False,False,False
13988-29391-00060-00-1,,1,37.409244596,126.8825695057,부설,0.9,False,False,False
13988-29391-00063-00-1,,3,37.4083337442,126.8835603837,부설,0.9,False,False,False
13988-29391-00064-00-1,,1,37.4077140969,126.8838188703,부설,0.9,False,False,False
13988-29391-00065-00-1,상주이씨문중회관,7,37.4070294028,126.8839012513,애매,0.3,False,False,False
13988-29391-00066-00-1,,1,37.406737233,126.8836577318,부설,0.9,False,False,False
13988-29391-00067-00-1,,1,37.406358114,126.8829580363,부설,0.9,False,False,False
13988-29391-00068-00-1,,2,37.4063218271,126.8827096058,부설,0.9,False,False,False
13988-29391-00069-00-1,,1,37.4061302496,126.8821451629,부설,0.9,False,False,False
13988-29391-00070-00-1,,8,37.4023434866,126.8989343705,부설,0.9,False,False,False
13988-29391-00071-00-1,,1,37.4035082015,126.9085195271,부설,0.9,False,False,False
13988-29391-00072-00-1,,6,37.4101558862,126.8856946601,부설,0.9,False,False,False
13988-29391-00073-00-1,,6,37.4103139839,126.8851974196,부설,0.9,False,False,False
13988-29391-00074-00-1,,6,37.410169935,126.885315112,부설,0.9,False,False,False
13988-29391-00075-00-1,,6,37.4100294857,126.8854282803,부설,0.9,False,False,False
13988-29391-00076-00-1,,6,37.409957264,126.8852838091,부설,0.9,False,False,False
13988-29391-00077-00-1,,6,37.4100977132,126.8851706406,부설,0.9,False,False,False
13988-29391-00078-00-1,,6,37.4102417663,126.8850574662,부설,0.9,False,False,False
13988-29391-00079-00-1,,6,37.4103858194,126.8849442914,부설,0.9,False,False,False
13988-29391-00080-00-1,,6,37.4105262726,126.8848356399,부설,0.9,False,False,False
13988-29391-00081-00-1,,7,37.4103854626,126.8845783187,부설,0.9,False,False,False
13988-29391-00082-00-1,,6,37.4102450141,126.8846914887,부설,0.9,False,False,False
13988-29391-00083-00-1,,6,37.4101045653,126.8848046583,부설,0.9,False,False,False
13988-29391-00084-00-1,,6,37.4099641121,126.8849133092,부설,0.9,False,False,False
13988-29391-00085-00-1,,6,37.4097514411,126.8848820075,부설,0.9,False,False,False
13988-29391-00086-00-1,,6,37.4095918988,126.883897297,부설,0.9,False,False,False
13988-29391-00087-00-1,,6,37.4098439973,126.8837071454,부설,0.9,False,False,False
13988-29391-00088-00-1,안양원예농협주유소,3,37.4096850977,126.8833820845,애매,0.3,False,False,False
13988-29391-00089-00-1,,11,37.4094258182,126.8835993567,애매,0.3,False,False,False
13988-29391-00090-00-1,,3,37.409907406,126.885902873,부설,0.9,False,False,False
13988-29391-00091-00-1,,3,37.4097993666,126.8859888817,부설,0.9,False,False,False
13988-29391-00092-00-1,,3,37.4096877231,126.8860748957,부설,0.9,False,False,False
13988-29391-00093-00-1,,3,37.4095796836,126.886160904,부설,0.9,False,False,False
13988-29391-00094-00-1,,1,37.4094680444,126.8862514356,부설,0.9,False,False,False
13988-29391-00095-00-1,,3,37.409248361,126.8864234563,부설,0.9,False,False,False
13988-29391-00096-00-1,,3,37.4089206418,126.8866860008,부설,0.9,False,False,False
13988-29391-00097-00-1,,3,37.4094352376,126.885867444,부설,0.9,False,False,False
13988-29391-00098-00-1,,3,37.4093271983,126.8859534523,부설,0.9,False,False,False
13988-29391-00099-00-1,,3,37.4091399302,126.8861028339,부설,0.9,False,False,False
13988-29391-00100-00-1,,3,37.4089274508,126.8862703253,부설,0.9,False,False,False
13988-29391-00101-00-1,,3,37.4088157984,126.8863473017,부설,0.9,False,False,False
13988-29391-00102-00-1,,3,37.4085846197,126.8858099994,부설,0.9,False,False,False
13988-29391-00103-00-1,,3,37.4087142703,126.8857104046,부설,0.9,False,False,False
13988-29391-00104-00-1,,3,37.4090456045,126.8854614054,부설,0.9,False,False,False
13988-29391-00105-00-1,,3,37.4091572432,126.8853708731,부설,0.9,False,False,False
13988-29391-00106-00-1,,3,37.4092724859,126.8852803351,부설,0.9,False,False,False
13988-29391-00107-00-1,,3,37.4094993714,126.8851037819,부설,0.9,False,False,False
13988-29391-11013-00-1,,1,,,부설,0.9,False,False,False
13988-29392-00034-00-1,삼봉프라자,30,37.4014448304,126.8974944463,부설,0.9,True,False,False
13988-29392-00039-00-1,,6,37.4014816782,126.8984295506,부설,0.9,False,False,False
13989-29391-00006-00-1,비산동 123-2 다세대주택 신축공사,8,37.4095507503,126.9474992075,부설,0.9,True,False,False
13989-29391-00007-00-1,,3,37.410087613,126.9471735244,부설,0.9,False,False,False
13989-29391-00008-00-1,,1,37.4088080661,126.9469530362,부설,0.9,False,False,False
13989-29391-00009-00-1,비산동 145-3 노유자시설 (최삼녀),7,37.4092296641,126.9467765322,애매,0.3,False,False,False
13989-29391-00010-00-1,,2,37.4089990417,126.9468625394,부설,0.9,False,False,False
13989-29391-00011-00-1,"상가,2",1,37.4106695287,126.9510271467,부설,0.9,True,False,False
13989-29391-00012-00-1,,2,37.4101866085,126.9510907155,부설,0.9,False,False,False
13989-29391-00013-00-1,비산동전통음식점,2,37.410568773,126.9514112594,애매,0.3,False,False,False
13989-29391-00014-00-1,,5,37.4103669576,126.9514430171,부설,0.9,False,False,False
13989-29391-00015-00-1,,2,37.4099810936,126.9508920498,부설,0.9,False,False,False
13989-29391-00016-00-1,비산동 168-2 단독주택 (봉 하원),4,37.4095630318,126.9509194316,부설,0.9,True,False,False
13989-29391-00017-00-1,,2,37.4099397229,126.9327380963,부설,0.9,False,False,False
13989-29391-00018-00-1,오삼능력교회,26,37.4013300158,126.9478979784,부설,0.9,True,False,False
13989-29391-00020-00-1,비산동 247-6,12,37.4014670663,126.9481147309,애매,0.3,False,False,False
13989-29391-11013-00-1,조이하우스,2,,,부설,0.9,True,False,False
13989-29391-11014-00-1,,3,,,부설,0.9,False,False,False
13989-29392-00019-00-1,우리빌딩,51,37.4010992087,126.947568351,부설,0.9,True,False,False
13990-29391-00001-00-1,박달동 931-4 단독주택 (방봉수),6,37.4084144971,126.8850557399,부설,0.9,True,False,False
13990-29391-00002-00-1,박달동 광명역세권지구 단26-3 단독주택,6,37.4082884511,126.8851553298,부설,0.9,True,False,False
13990-29391-00005-00-1,주)위드프렌즈사옥,12,37.4086911377,126.8841607361,부설,0.9,True,False,False
13990-29391-00006-00-1,바움,8,37.4084966637,126.884310132,애매,0.3,False,False,False
13990-29391-00007-00-1,HMT 빌딩,8,37.4082265658,126.8845228961,부설,0.9,True,False,False
13990-29391-00008-00-1,,6,,,부설,0.9,False,False,False
13990-29391-00009-00-1,,2,37.4124972016,126.9520154683,부설,0.9,False,False,False
13990-29391-00010-00-1,,1,37.4123457016,126.9516992834,부설,0.9,False,False,False
13990-29391-00011-00-1,,1,37.4119960785,126.9516317336,부설,0.9,False,False,False
13990-29391-00012-00-1,,2,37.4110230256,126.9517498331,부설,0.9,False,False,False
13990-29391-00014-00-1,,2,37.4143676805,126.9519239065,부설,0.9,False,False,False
13990-29391-00015-00-1,,1,37.4144975389,126.9521994482,부설,0.9,False,False,False
13990-29391-00016-00-1,이풍호주택,2,37.4142019022,126.9519466046,부설,0.9,True,False,False
13990-29391-00017-00-1,,2,37.4138737282,126.9514497902,부설,0.9,False,False,False
13990-29391-00018-00-1,,3,37.4139206719,126.9516711617,부설,0.9,False,False,False
13990-29391-00019-00-1,단독주택,2,37.414335061,126.951476603,부설,0.9,True,False,False
13990-29391-00020-00-1,.,2,37.4139853149,126.9511108377,애매,0.3,False,False,False
13990-29391-00021-00-1,비산동 46-4 단독주택,2,37.4150811565,126.951602639,부설,0.9,True,False,False
13990-29391-00022-00-1,,2,37.4151606632,126.9521357681,부설,0.9,False,False,False
13990-29391-00023-00-1,,2,37.4150525976,126.9522759095,부설,0.9,False,False,False
13990-29391-00024-00-1,,2,37.4156651273,126.9518733736,부설,0.9,False,False,False
13990-29391-00025-00-1,,3,37.4158908678,126.9487418941,부설,0.9,False,False,False
13990-29391-00026-00-1,,1,37.4115874244,126.9483381829,부설,0.9,False,False,False
13990-29391-00027-00-1,비산동 100-6 제2종근린생활시설,3,37.4117424016,126.9483425948,부설,0.9,True,False,False
13990-29391-00032-00-1,,1,37.4070362242,126.942178771,부설,0.9,False,False,False
13991-29391-00001-00-1,석원홈타운맨션,8,37.4349771739,126.9017966528,부설,0.9,True,False,False
13991-29391-00002-00-1,연현씨티빌,11,37.4331754028,126.9021108563,부설,0.9,True,False,False
13991-29391-00003-00-1,,8,37.4322886354,126.9019086333,부설,0.9,False,False,False
13991-29391-00004-00-1,우성빌라,4,37.4327212051,126.9020074986,부설,0.9,True,False,False
13991-29391-00005-00-1,석수프라자,14,37.4309979755,126.9014222193,부설,0.9,True,False,False
13991-29391-00006-00-1,,6,37.4319173308,126.9018051698,부설,0.9,False,False,False
13991-29391-00007-00-1,연현씨티빌,5,37.4328653938,126.9020389474,부설,0.9,True,False,False
13991-29391-00008-00-1,서울중앙교회,2,37.4286279924,126.8947910166,부설,0.9,True,False,False
13991-29391-00009-00-1,,1,37.4271830833,126.8992986791,부설,0.9,False,False,False
13991-29391-00010-00-1,연현초등학교,27,37.4255387679,126.9025727093,부설,0.9,True,False,False
13991-29391-00011-00-1,랜드마크프라자,20,37.4257236994,126.9039462793,부설,0.9,True,False,False
13991-29391-00012-00-1,펜트하우스빌딩,17,37.4254499812,126.9041816219,부설,0.9,True,False,False
13991-29391-00013-00-1,,2,37.4227446121,126.8971355362,부설,0.9,False,False,False
13991-29391-00014-00-1,,2,37.4224597492,126.896973245,부설,0.9,False,False,False
13991-29391-00015-00-1,안양천 방문자센터,15,37.4170779898,126.8959684531,애매,0.3,False,False,False
13991-29391-00016-00-1,,2,37.4141946913,126.9001022747,부설,0.9,False,False,False
13991-29391-00017-00-1,,1,37.4141012028,126.9003599484,부설,0.9,False,False,False
13991-29391-00018-00-1,충훈고등학교,57,37.4107788729,126.892837007,부설,0.9,True,False,False
13991-29391-00019-00-1,,2,37.4095966421,126.8967830284,부설,0.9,False,False,False
13991-29391-00020-00-1,우양전원아파트 3차,10,37.4095363964,126.8979623451,부설,0.9,True,False,False
13991-29391-00021-00-1,우양전원아파트 2차,17,37.4095901763,126.897636966,부설,0.9,True,False,False
13991-29391-00022-00-1,,1,37.4087949034,126.8990657655,부설,0.9,False,False,False
13991-29391-00023-00-1,충훈전원빌,11,37.4086948031,126.9000237344,부설,0.9,True,False,False
13991-29391-00024-00-1,,7,37.4093639102,126.8985544537,부설,0.9,False,False,False
13991-29391-00025-00-1,우양아파트,15,37.4093209438,126.8988843348,부설,0.9,True,False,False
13991-29391-00026-00-1,갤럭시빌,12,37.4094220702,126.8991326961,부설,0.9,True,False,False
13991-29391-00030-00-1,,4,37.4099890394,126.9004647946,부설,0.9,False,False,False
13991-29391-00031-00-1,수림,20,37.4091059689,126.9003801188,애매,0.3,False,False,False
13991-29391-00032-00-1,,2,37.4086481257,126.9002316283,부설,0.9,False,False,False
13991-29391-00033-00-1,,13,37.408345722,126.9006341372,애매,0.3,False,False,False
13991-29391-00034-00-1,,3,37.4085003929,126.9002724869,부설,0.9,False,False,False
13991-29391-00035-00-1,석수동 680-88 제1종근린생활시설 (김미선),1,37.4242642904,126.913596258,부설,0.9,True,False,False
13991-29391-00036-00-1,,3,37.424166964,126.9135737748,부설,0.9,False,False,False
13991-29391-00037-00-1,,2,37.4245233157,126.9129587759,부설,0.9,False,False,False
13991-29391-00038-00-1,성지센트레빌,6,37.4079456837,126.8964509583,부설,0.9,True,False,False
13991-29391-00039-00-1,태영그린빌,6,37.4079746349,126.8965864598,부설,0.9,True,False,False
13991-29391-00040-00-1,,4,37.408003586,126.8967219613,부설,0.9,False,False,False
13991-29391-00041-00-1,,4,37.4031146473,126.9076074195,부설,0.9,False,False,False
13991-29391-00042-00-1,,1,37.4030388168,126.907422285,부설,0.9,False,False,False
13991-29391-00043-00-1,,4,37.4035022998,126.9055965333,부설,0.9,False,False,False
13991-29391-00044-00-1,,3,37.4093549315,126.8848193605,부설,0.9,False,False,False
13991-29391-00045-00-1,,3,37.4092360851,126.8849099048,부설,0.9,False,False,False
13991-29391-00046-00-1,,3,37.4091208471,126.8850049615,부설,0.9,False,False,False
13991-29391-00047-00-1,박달동 930-4 단독주택 (김유석),3,37.4088867624,126.8851905613,부설,0.9,True,False,False
13991-29391-00048-00-1,,3,37.4087247019,126.8853173151,부설,0.9,False,False,False
13991-29391-00049-00-1,,3,37.4086130632,126.8854078469,부설,0.9,False,False,False
13991-29391-00050-00-1,,3,37.4084978204,126.8854983839,부설,0.9,False,False,False
13991-29391-00051-00-1,박달동 931-1 다가구주택(심말례),5,37.4088214407,126.8847298153,부설,0.9,True,False,False
13991-29391-00052-00-1,,5,37.4087062028,126.8848248717,부설,0.9,False,False,False
13991-29391-00053-00-1,,4,37.413318782,126.9516489565,부설,0.9,False,False,False
13991-29391-00054-00-1,,3,37.4134881329,126.9515494434,부설,0.9,False,False,False
13991-29391-00055-00-1,비산동 280000 단독주택 (박종천),4,37.4136216588,126.9519786039,부설,0.9,True,False,False
13991-29391-00056-00-1,비산동 36-1 (박기영),2,37.4139027712,126.9519648693,애매,0.3,False,False,False
13991-29391-00057-00-1,,2,37.4146923137,126.9525833926,부설,0.9,False,False,False
13992-29391-00001-00-1,박도재씨의 주택,1,37.4128176208,126.9040757201,부설,0.9,True,False,False
13992-29391-00002-00-1,,2,37.4131816358,126.9040797743,부설,0.9,False,False,False
13992-29391-00003-00-1,석수빌딩,6,37.4135600598,126.9040747733,부설,0.9,True,False,False
13992-29391-00004-00-1,,1,37.413528469,126.9051230773,부설,0.9,False,False,False
13992-29391-00005-00-1,,2,37.4135392086,126.9050326962,부설,0.9,False,False,False
13992-29391-00006-00-1,신흥 써니빌,6,37.4136654998,126.9052177906,부설,0.9,True,False,False
13992-29391-00007-00-1,대맥빌라,6,37.4135177582,126.9052496054,부설,0.9,True,False,False
13992-29391-00008-00-1,,2,37.4135250785,126.9053896658,부설,0.9,False,False,False
13992-29391-00009-00-1,엘에스빌딩,11,37.4135892763,126.9045491661,부설,0.9,True,False,False
13992-29391-00010-00-1,,8,37.4140832637,126.9048331992,부설,0.9,False,False,False
13992-29391-00011-00-1,,1,37.4144398738,126.9045932711,부설,0.9,False,False,False
13992-29391-00012-00-1,,2,37.4143716149,126.9048644634,부설,0.9,False,False,False
13992-29391-00013-00-1,,9,37.4137701735,126.9054119495,부설,0.9,False,False,False
13992-29391-00014-00-1,,3,37.4139243711,126.9044448177,부설,0.9,False,False,False
13992-29391-00015-00-1,,3,37.4140474554,126.9051224227,부설,0.9,False,False,False
13992-29391-00016-00-1,,1,37.4138957282,126.9046798109,부설,0.9,False,False,False
13992-29391-00017-00-1,,2,37.4141413279,126.9053301514,부설,0.9,False,False,False
13992-29391-00018-00-1,송림그린빌라,5,37.4139175418,126.9049147401,부설,0.9,True,False,False
13992-29391-00021-00-1,송림그린빌라,5,37.4138059499,126.9050820617,부설,0.9,True,False,False
13992-29391-00022-00-1,,10,37.4135829279,126.9056200305,부설,0.9,False,False,False
13992-29391-00023-00-1,연현빗물펌프장,2,37.4356186363,126.9017234994,애매,0.3,False,False,False
13992-29391-00024-00-1,,6,37.4337426684,126.9038501607,부설,0.9,False,False,False
13992-29391-00025-00-1,메트로빌 석수,38,37.4339228199,126.9037866558,부설,0.9,True,False,False
13992-29391-00026-00-1,석수네스트빌,8,37.4334953981,126.9055995537,부설,0.9,True,False,False
13992-29391-00027-00-1,에코그린빌,9,37.4334450746,126.9057668411,부설,0.9,True,False,False
13992-29391-00028-00-1,우림빌리트,6,37.4333587176,126.9059432126,부설,0.9,True,False,False
13992-29391-00029-00-1,하나 아트빌,6,37.4331459664,126.9058033726,부설,0.9,True,False,False
13992-29391-00030-00-1,해뜨는집,4,37.4329548792,126.9057132211,애매,0.3,False,False,False
13992-29391-00031-00-1,석수동다세대주택,8,37.4332942355,126.906435926,부설,0.9,True,False,False
13992-29391-00032-00-1,석수동다세대주택,3,37.4334348618,126.9065216228,부설,0.9,True,False,False
13992-29391-00033-00-1,석수동근생주택,2,37.4335358933,126.9066706434,부설,0.9,True,False,False
13992-29391-00034-00-1,늘푸른마을,6,37.4329298272,126.9059347102,애매,0.3,False,False,False
13992-29391-00035-00-1,늘푸른마을,6,37.4328252267,126.9058308917,애매,0.3,False,False,False
13992-29391-00036-00-1,,13,37.4321328101,126.9052849001,애매,0.3,False,False,False
13992-29391-00037-00-1,호암 파크빌,10,37.4312429537,126.9057198878,부설,0.9,True,False,False
13992-29391-00038-00-1,,3,37.4310682234,126.9035688573,부설,0.9,False,False,False
13992-29391-00039-00-1,유진O/B주유소,2,37.4295266885,126.9048091337,애매,0.3,False,False,False
13992-29391-00040-00-1,,2,37.4278251731,126.9043186912,부설,0.9,False,False,False
13992-29391-00041-00-1,,3,37.4279764998,126.9042642677,부설,0.9,False,False,False
13992-29391-00042-00-1,,4,37.4277026422,126.9043278856,부설,0.9,False,False,False
13992-29391-00043-00-1,석원홈타운맨션,8,37.4350561133,126.9013762202,부설,0.9,True,False,False
13992-29391-00044-00-1,석원홈타운맨션,8,37.435020261,126.9016022507,부설,0.9,True,False,False
13992-29391-00045-00-1,,6,37.4060531071,126.9520150603,부설,0.9,False,False,False
13992-29391-00046-00-1,대흥맨션,6,37.4061107099,126.9518614138,부설,0.9,True,False,False
13992-29391-00047-00-1,다세대주택,3,37.4060638035,126.9517304239,부설,0.9,True,False,False
13992-29391-00048-00-1,,2,37.4044640453,126.952856391,부설,0.9,False,False,False
13994-29391-00001-00-1,,12,37.3977223479,126.9683011906,애매,0.3,False,False,False
13994-29391-00002-00-1,(주)이오테크닉스 연구동,4,37.3968069714,126.9685319622,부설,0.9,True,False,False
13994-29391-00003-00-1,주식회사 우리넷,25,37.3964684125,126.9693904012,부설,0.9,True,False,False
13995-29391-00002-00-1,,39,37.3981697991,126.9704016197,애매,0.3,False,False,False
13995-29391-00003-00-1,,160,37.3981735299,126.9709120909,애매,0.3,False,False,False
13995-29391-00004-00-1,,27,37.3976149331,126.9710613818,애매,0.3,False,False,False
13996-29391-00001-00-1,행운빌라,7,37.4103968431,126.9101422177,부설,0.9,True,False,False
13996-29391-00002-00-1,청림빌,15,37.4105878694,126.9101555441,부설,0.9,True,False,False
13996-29391-00003-00-1,영원해밀리지2,12,37.4106564497,126.9102910084,애매,0.3,False,False,False
13996-29391-00004-00-1,,5,37.4105267784,126.9103905634,부설,0.9,False,False,False
13996-29391-00005-00-1,,1,37.4104509866,126.9102505897,부설,0.9,False,False,False
13996-29391-00006-00-1,,4,37.4104730009,126.9107656376,부설,0.9,False,False,False
13996-29391-00007-00-1,,4,37.410343336,126.9108742279,부설,0.9,False,False,False
13996-29391-00008-00-1,다가구주택,1,37.4104188579,126.9106572652,부설,0.9,True,False,False
13996-29391-00009-00-1,한솔씨티빌,8,37.4103430699,126.9105218096,부설,0.9,True,False,False
13996-29391-00010-00-1,다가구주택,1,37.4102781007,126.9103953778,부설,0.9,True,False,False
13996-29391-00011-00-1,,7,37.4100979106,126.9104136651,부설,0.9,False,False,False
13996-29391-00012-00-1,삼정빌라트,5,37.4102275717,126.9103005562,부설,0.9,True,False,False
13996-29391-00013-00-1,,6,37.4099860232,126.9102014446,부설,0.9,False,False,False
13996-29391-00014-00-1,,2,37.4101156875,126.9100928536,부설,0.9,False,False,False
13996-29391-00015-00-1,금호빌라,6,37.4098492911,126.910495288,부설,0.9,True,False,False
13996-29391-00016-00-1,예가빌1차,12,37.4099178642,126.9106217149,부설,0.9,True,False,False
13996-29391-00018-00-1,다가구주택,1,37.4099218972,126.9111909985,부설,0.9,True,False,False
13996-29391-00019-00-1,다가구주택,1,37.4099037716,126.9110509569,부설,0.9,True,False,False
13996-29391-00020-00-1,부국그린빌,6,37.4097301202,126.9101836774,부설,0.9,True,False,False
13996-29391-00021-00-1,그라하시티,12,37.4095252042,126.9108661608,애매,0.3,False,False,False
13996-29391-00022-00-1,,6,37.4096948303,126.9111777121,부설,0.9,False,False,False
13996-29391-00023-00-1,제니스6차,11,37.4094060718,126.9106042504,애매,0.3,False,False,False
13996-29391-00024-00-1,,2,37.4092980213,126.9106992594,부설,0.9,False,False,False
13996-29391-00025-00-1,,1,37.4094426231,126.9112819269,부설,0.9,False,False,False
13996-29391-00026-00-1,,12,37.4102392321,126.9114255692,애매,0.3,False,False,False
13996-29391-00027-00-1,,4,37.4096808336,126.9117379788,부설,0.9,False,False,False
13996-29391-00028-00-1,,20,37.4096810256,126.911995513,애매,0.3,False,False,False
13996-29391-00029-00-1,,7,37.4098323059,126.9118733458,부설,0.9,False,False,False
13996-29391-00030-00-1,청광빌딩,2,37.4116940103,126.9051434641,부설,0.9,True,False,False
13996-29391-00031-00-1,,1,37.4116506671,126.9050260438,부설,0.9,False,False,False
13996-29391-00032-00-1,,5,37.4118955988,126.9048450034,부설,0.9,False,False,False
13996-29391-00033-00-1,,6,37.4110567074,126.9105616249,부설,0.9,False,False,False
13996-29391-00034-00-1,,5,37.4109524519,126.910909652,부설,0.9,False,False,False
13996-29391-00035-00-1,,3,37.4107433509,126.9108240537,부설,0.9,False,False,False
13996-29391-00036-00-1,,8,37.4107543503,126.9110725423,부설,0.9,False,False,False
13996-29391-00037-00-1,,4,37.4116546308,126.9100955327,부설,0.9,False,False,False
13996-29391-00038-00-1,,6,37.411748474,126.9102761514,부설,0.9,False,False,False
13996-29391-00039-00-1,,26,37.4125407502,126.909461909,애매,0.3,False,False,False
13996-29391-00040-00-1,석수동 319-2,2,37.4124832371,126.9096607841,애매,0.3,False,False,False
13996-29391-00041-00-1,청림빌,14,37.4129669383,126.910654239,부설,0.9,True,False,False
13996-29391-00042-00-1,,1,37.4127326462,126.9106183706,부설,0.9,False,False,False
13996-29391-00043-00-1,,6,37.4119114482,126.9113241982,부설,0.9,False,False,False
13996-29391-00044-00-1,,1,37.4120304808,126.9114550882,부설,0.9,False,False,False
13996-29391-00045-00-1,명품하이츠,11,37.4130677704,126.9105456788,애매,0.3,False,False,False
13996-29391-00046-00-1,허가번호:117,5,37.4119975858,126.9108451583,애매,0.3,False,False,False
13996-29391-00047-00-1,,2,37.4123510367,126.9111790941,부설,0.9,False,False,False
13996-29391-00048-00-1,,2,37.4121817537,126.9113238795,부설,0.9,False,False,False
13996-29391-00049-00-1,,2,37.4121061156,126.9113872248,부설,0.9,False,False,False
13996-29391-00050-00-1,삼우빌리지,5,37.4132047012,126.9105138874,부설,0.9,True,False,False
13996-29391-00051-00-1,석수동 320-36 단독주택,3,37.4125058453,126.9109575138,부설,0.9,True,False,False
13996-29391-00053-00-1,,4,37.4137787165,126.9118009466,부설,0.9,False,False,False
13997-29391-00002-00-1,,5,37.4129566329,126.9113274844,부설,0.9,False,False,False
13997-29391-00003-00-1,,2,37.4126358162,126.9112555694,부설,0.9,False,False,False
13997-29391-00004-00-1,,4,37.4125385672,126.9113370139,부설,0.9,False,False,False
13997-29391-00005-00-1,,4,37.4120850644,126.9121553591,부설,0.9,False,False,False
13997-29391-00006-00-1,,4,37.4118182217,126.9119659032,부설,0.9,False,False,False
13997-29391-00007-00-1,다가구주택,1,37.4116993445,126.9120428528,부설,0.9,True,False,False
13997-29391-00008-00-1,,2,37.4117823121,126.9121421578,부설,0.9,False,False,False
13997-29391-00009-00-1,,6,37.4121212459,126.9123450852,부설,0.9,False,False,False
13997-29391-00010-00-1,동남빌라,6,37.4119410288,126.9123272221,부설,0.9,True,False,False
13997-29391-00011-00-1,,4,37.4111446021,126.9124275514,부설,0.9,False,False,False
13997-29391-00012-00-1,,6,37.4113067955,126.9124409174,부설,0.9,False,False,False
13997-29391-00013-00-1,,6,37.411508637,126.9124587555,부설,0.9,False,False,False
13997-29391-00014-00-1,,2,37.4131214875,126.9054715038,부설,0.9,False,False,False
13997-29391-00015-00-1,,1,37.413042169,126.9054354567,부설,0.9,False,False,False
13997-29391-00016-00-1,경은빌라,7,37.4128511639,126.9054492518,부설,0.9,True,False,False
13997-29391-00017-00-1,영풍마드레빌아파트,207,37.4130344786,126.9048345261,부설,0.9,True,False,False
13997-29391-00018-00-1,화창초등학교,115,37.4119884674,126.9038101986,비부설,0.9,True,False,True
13997-29391-00019-00-1,,2,37.412439843,126.9048804615,부설,0.9,False,False,False
13997-29391-00020-00-1,,3,37.41243242,126.9046138904,부설,0.9,False,False,False
13997-29391-00021-00-1,,4,37.4123393169,126.9053640474,부설,0.9,False,False,False
13998-29391-00001-00-1,,5,37.4031419766,126.9103361096,부설,0.9,False,False,False
13998-29391-00002-00-1,안양박달동새마을금,6,37.4033006006,126.9103946515,애매,0.3,False,False,False
13998-29391-00003-00-1,,4,37.4047054443,126.9094126055,부설,0.9,False,False,False
13998-29391-00004-00-1,,6,37.4055090186,126.9092354401,부설,0.9,False,False,False
13998-29391-00005-00-1,럭키빌라,3,37.4066258756,126.9087054911,부설,0.9,True,False,False
13998-29391-00006-00-1,,5,37.4058546728,126.9087967852,부설,0.9,False,False,False
13998-29391-00007-00-1,,2,37.4063012885,126.9084212545,부설,0.9,False,False,False
13998-29391-00008-00-1,삼정다세대주택,4,37.4068924131,126.9084928227,부설,0.9,True,False,False
13998-29391-00009-00-1,박달동 24-3 공동주택,12,37.4067985005,126.9082263764,부설,0.9,True,False,False
13998-29391-00010-00-1,,10,37.4066508035,126.9083169159,부설,0.9,False,False,False
13998-29391-00011-00-1,,2,37.4070797482,126.908393199,부설,0.9,False,False,False
13998-29391-00012-00-1,삼정다세대주택,4,37.4069932783,126.9084294482,부설,0.9,True,False,False
13998-29391-00013-00-1,은하수 아파트,14,37.4073329896,126.9096353423,부설,0.9,True,False,False
13998-29391-00014-00-1,다가구주택,2,37.4069359064,126.9088090285,부설,0.9,True,False,False
13998-29391-00015-00-1,아트리버빌,15,37.4069829056,126.9089987269,부설,0.9,True,False,False
13998-29391-00016-00-1,다가구주택,1,37.4073583803,126.9098476582,부설,0.9,True,False,False
13998-29391-00017-00-1,,1,37.4072755347,126.9099110095,부설,0.9,False,False,False
13998-29391-00018-00-1,다가구주택,2,37.4072285956,126.9097981157,부설,0.9,True,False,False
13998-29391-00019-00-1,청담팰리스,13,37.4071377382,126.9088133019,부설,0.9,True,False,False
13998-29391-00020-00-1,,3,37.4064567799,126.9090897223,부설,0.9,False,False,False
13998-29391-00023-00-1,다가구주택,1,37.4071208343,126.9102726342,부설,0.9,True,False,False
13998-29391-00024-00-1,,3,37.4073910165,126.9101096636,부설,0.9,False,False,False
13998-29391-00025-00-1,,4,37.4075028218,126.9102134444,부설,0.9,False,False,False
13998-29391-00026-00-1,,6,37.4075606173,126.9103850602,부설,0.9,False,False,False
13998-29391-00027-00-1,,1,37.4074453416,126.9104574857,부설,0.9,False,False,False
13998-29391-00028-00-1,,6,37.4076003614,126.9105160355,부설,0.9,False,False,False
13998-29391-00029-00-1,,1,37.4071362309,126.9115737982,부설,0.9,False,False,False
13998-29391-00030-00-1,삼정빌라트,6,37.4067537818,126.9110185372,부설,0.9,True,False,False
13998-29391-00031-00-1,,1,37.4067574878,126.9111540719,부설,0.9,False,False,False
13998-29391-00032-00-1,태양빌라,8,37.406283871,126.9092028798,부설,0.9,True,False,False
13998-29391-00033-00-1,,1,37.4064719975,126.9101378693,부설,0.9,False,False,False
13998-29391-00034-00-1,,2,37.4066306832,126.9102777367,부설,0.9,False,False,False
13998-29391-00035-00-1,,2,37.4065442265,126.9103320553,부설,0.9,False,False,False
13998-29391-00036-00-1,다가구주택,1,37.4062772019,126.9099076869,부설,0.9,True,False,False
13998-29391-00037-00-1,다가구주택,1,37.4064070141,126.9099933725,부설,0.9,True,False,False
13998-29391-00038-00-1,,1,37.4049738168,126.9069229392,부설,0.9,False,False,False
13998-29391-00039-00-1,다가구주택8세대용,2,37.4040483082,126.907868306,부설,0.9,True,False,False
13998-29391-00040-00-1,박달1동주민센터,8,37.4036672513,126.9091292349,비부설,0.9,False,True,False
13998-29391-00041-00-1,,2,37.4060002571,126.9106579942,부설,0.9,False,False,False
13998-29391-00042-00-1,,1,37.4060975262,126.9106036636,부설,0.9,False,False,False
13998-29391-00043-00-1,로체,8,37.4059857246,126.910504402,애매,0.3,False,False,False
13998-29391-00044-00-1,,4,37.4061477609,126.9103099381,부설,0.9,False,False,False
13999-29391-00001-00-1,,3,37.4136166343,126.9119366882,부설,0.9,False,False,False
13999-29391-00002-00-1,다가구주택,1,37.4135879295,126.9121084203,부설,0.9,True,False,False
13999-29391-00003-00-1,,2,37.4136596133,126.911575167,부설,0.9,False,False,False
13999-29391-00004-00-1,,2,37.4135767703,126.9116430401,부설,0.9,False,False,False
13999-29391-00005-00-1,,1,37.4135946487,126.911453247,부설,0.9,False,False,False
13999-29391-00006-00-1,,6,37.4132697624,126.91076232,부설,0.9,False,False,False
13999-29391-00007-00-1,다가구주택,1,37.4134835456,126.9122892773,부설,0.9,True,False,False
13999-29391-00008-00-1,다가구주택,1,37.4128126696,126.9115942359,부설,0.9,True,False,False
13999-29391-00009-00-1,다가구주택,1,37.4127154205,126.9116756801,부설,0.9,True,False,False
13999-29391-00010-00-1,다가구주택,1,37.4126648925,126.9115808546,부설,0.9,True,False,False
13999-29391-00011-00-1,,4,37.4118726719,126.9124899598,부설,0.9,False,False,False
13999-29391-00012-00-1,하이캐슬,12,37.4119593401,126.9127202914,부설,0.9,True,False,False
13999-29391-00013-00-1,행복한 빌라,7,37.4114943845,126.9126801666,부설,0.9,True,False,False
13999-29391-00014-00-1,,5,37.4113466107,126.9126713016,부설,0.9,False,False,False
13999-29391-00015-00-1,,15,37.4115222082,126.911324657,애매,0.3,False,False,False
13999-29391-00016-00-1,,5,37.4114144071,126.9117540179,부설,0.9,False,False,False
13999-29391-00017-00-1,,5,37.4112340481,126.9115463904,부설,0.9,False,False,False
13999-29391-00018-00-1,에이스빌딩,5,37.4111367989,126.911627833,부설,0.9,True,False,False
13999-29391-00019-00-1,,15,37.4111586929,126.9119892661,애매,0.3,False,False,False
13999-29391-00020-00-1,,1,37.4109386962,126.9117907217,부설,0.9,False,False,False
13999-29391-00021-00-1,,5,37.4114866166,126.9119256269,부설,0.9,False,False,False
13999-29391-00023-00-1,재희빌딩,10,37.4106288603,126.911944704,부설,0.9,True,False,False
13999-29391-00024-00-1,,4,37.4105136241,126.9120713484,부설,0.9,False,False,False
13999-29391-00025-00-1,,2,37.4099156995,126.9125464541,부설,0.9,False,False,False
13999-29391-00026-00-1,,3,37.4107302806,126.912626835,부설,0.9,False,False,False
13999-29391-00027-00-1,,4,37.4132765312,126.9055571579,부설,0.9,False,False,False
13999-29391-00028-00-1,,4,37.4124869862,126.9052418671,부설,0.9,False,False,False
13999-29391-00029-00-1,양무리상가,11,37.4124647217,126.9044466719,부설,0.9,True,False,False
13999-29391-00030-00-1,,4,37.4122381674,126.9050704851,부설,0.9,False,False,False
13999-29392-00031-00-1,단독주택,1,37.4126446253,126.9040759407,부설,0.9,True,False,False
14000-29391-00001-00-1,다가구주택,1,37.4070343776,126.9103269532,부설,0.9,True,False,False
14000-29391-00002-00-1,,8,37.407041709,126.910489592,부설,0.9,False,False,False
14000-29391-00003-00-1,다가구주택,1,37.4071786091,126.9104171412,부설,0.9,True,False,False
14000-29391-00004-00-1,,1,37.4071499372,126.9106295211,부설,0.9,False,False,False
14000-29391-00005-00-1,다가구주택,2,37.4073124477,126.9110630565,부설,0.9,True,False,False
14000-29391-00006-00-1,,5,37.4075180667,126.9113113044,부설,0.9,False,False,False
14000-29391-00007-00-1,I loom village,13,37.4066921169,126.9104945259,애매,0.3,False,False,False
14000-29391-00008-00-1,다가구주택,2,37.406862162,126.9113617753,부설,0.9,True,False,False
14000-29391-00009-00-1,,2,37.4071143796,126.9112711183,부설,0.9,False,False,False
14000-29391-00010-00-1,수자인,16,37.406713936,126.9107520241,애매,0.3,False,False,False
14000-29391-00011-00-1,다가구주택,1,37.4071685458,126.9114111123,부설,0.9,True,False,False
14000-29391-00012-00-1,,6,37.4068404494,126.9112443335,부설,0.9,False,False,False
14000-29391-00013-00-1,,1,37.4065624863,126.9106482907,부설,0.9,False,False,False
14000-29391-00014-00-1,,6,37.4066413135,126.9100382719,부설,0.9,False,False,False
14000-29391-00015-00-1,,2,37.4063349807,126.91005671,부설,0.9,False,False,False
14000-29391-00016-00-1,,4,37.4055945843,126.9080290572,부설,0.9,False,False,False
14000-29391-00017-00-1,,13,37.4052656581,126.9068096312,애매,0.3,False,False,False
14000-29391-00018-00-1,,5,37.4042199502,126.9061468069,부설,0.9,False,False,False
14000-29391-00019-00-1,,1,37.4036670496,126.9088672035,부설,0.9,False,False,False
14001-29391-00001-00-1,,2,37.4277652204,126.9059592492,부설,0.9,False,False,False
14001-29391-00002-00-1,석수공급관리소,3,37.427572071,126.9078259295,애매,0.3,False,False,False
14001-29391-00004-00-1,,7,37.4274936614,126.9043959398,부설,0.9,False,False,False
14001-29391-00005-00-1,청광플러스원,51,37.4300799697,126.9026662505,애매,0.3,False,False,False
14001-29391-00006-00-1,석원홈타운맨션,8,37.4354236178,126.9012446668,부설,0.9,True,False,False
14001-29391-00007-00-1,서원풍력기계(주),4,37.4345262713,126.9013226797,부설,0.9,True,False,False
14001-29391-00008-00-1,밝은어린이집,4,37.433538195,126.9006505594,부설,0.9,True,False,False
14001-29391-00009-00-1,석원홈타운맨션,8,37.4352866221,126.9011951303,부설,0.9,True,False,False
14001-29391-00010-00-1,석원홈타운맨션,8,37.435398578,126.9014706843,부설,0.9,True,False,False
14001-29391-00011-00-1,석원홈타운맨션,8,37.4353663146,126.9016786324,부설,0.9,True,False,False
14001-29391-00016-00-1,석원홈타운맨션,8,37.4352472829,126.9015612763,부설,0.9,True,False,False
14001-29391-00017-00-1,석원홈타운맨션,8,37.4352222086,126.9017466161,부설,0.9,True,False,False
14001-29391-00018-00-1,석원홈타운맨션,8,37.4351100383,126.9012134411,부설,0.9,True,False,False
14001-29391-00019-00-1,,6,37.4014006247,126.9095747016,부설,0.9,False,False,False
14001-29391-00020-00-1,효성아트빌,7,37.4013863912,126.9098141541,부설,0.9,True,False,False
14001-29391-00021-00-1,북부교회,8,37.4013973927,126.9100626116,부설,0.9,True,False,False
14001-29391-00022-00-1,,3,37.4014011752,126.9102975249,부설,0.9,False,False,False
14001-29391-00023-00-1,도원프라자,40,37.4022201761,126.9067682257,부설,0.9,True,False,False
14001-29391-00024-00-1,,2,37.4027465247,126.906961836,부설,0.9,False,False,False
14001-29391-00025-00-1,,3,37.4030134962,126.9073048547,부설,0.9,False,False,False
14001-29391-00026-00-1,,3,37.4029557778,126.9072371597,부설,0.9,False,False,False
14001-29391-00027-00-1,,1,37.4057579447,126.9529414206,부설,0.9,False,False,False
14001-29391-00028-00-1,,4,37.4056387876,126.9523857928,부설,0.9,False,False,False
14001-29391-00029-00-1,,8,37.405544939,126.952033456,부설,0.9,False,False,False
14001-29391-00030-00-1,,4,37.4055126338,126.9523587652,부설,0.9,False,False,False
14001-29391-00031-00-1,,1,37.4049542903,126.953081977,부설,0.9,False,False,False
14001-29391-11013-00-1,안양동 676-13 제1종근린생활시설 (이창규),7,,,부설,0.9,True,False,False
14001-29392-00003-00-1,,2,37.4280507246,126.906948608,부설,0.9,False,False,False
14002-29391-00001-00-1,,4,37.405796096,126.9123569722,부설,0.9,False,False,False
14002-29391-00002-00-1,,4,37.4056411977,126.9124610645,부설,0.9,False,False,False
14002-29391-00003-00-1,,4,37.4055721052,126.9116343691,부설,0.9,False,False,False
14002-29391-00004-00-1,다가구주택,2,37.4053593361,126.9114629392,부설,0.9,True,False,False
14002-29391-00005-00-1,,6,37.4052548652,126.9115263125,부설,0.9,False,False,False
14002-29391-00006-00-1,,3,37.4057418605,126.9121221041,부설,0.9,False,False,False
14002-29391-00007-00-1,,2,37.4055978684,126.9123526852,부설,0.9,False,False,False
14002-29391-00011-00-1,다가구주택,2,37.405125213,126.9116529654,부설,0.9,True,False,False
14002-29391-00013-00-1,,6,37.4045189503,126.9106190925,부설,0.9,False,False,False
14002-29391-00014-00-1,다가구주택,2,37.4048977599,126.9111246429,부설,0.9,True,False,False
14002-29391-00015-00-1,,1,37.4049446774,126.9112104268,부설,0.9,False,False,False
14002-29391-00016-00-1,다가구주택,2,37.4047429202,126.9113055398,부설,0.9,True,False,False
14002-29391-00017-00-1,,1,37.4047862471,126.9114093993,부설,0.9,False,False,False
14002-29391-00018-00-1,다가구주택,1,37.4046269256,126.910424697,부설,0.9,True,False,False
14002-29391-00019-00-1,다가구주택,1,37.4047027651,126.9106279099,부설,0.9,True,False,False
14002-29391-00020-00-1,다가구주택,2,37.404742485,126.9107272554,부설,0.9,True,False,False
14002-29391-00021-00-1,,2,37.4047822083,126.9108311189,부설,0.9,False,False,False
14002-29391-00022-00-1,,2,37.404818324,126.9109304689,부설,0.9,False,False,False
14002-29391-00023-00-1,다가구주택,2,37.4048580471,126.9110343326,부설,0.9,True,False,False
14002-29391-00024-00-1,,6,37.4042811766,126.910745874,부설,0.9,False,False,False
14002-29391-00025-00-1,다가구주택,1,37.4043677461,126.9108406457,부설,0.9,True,False,False
14002-29391-00026-00-1,,2,37.4045591969,126.9114187023,부설,0.9,False,False,False
14002-29391-00027-00-1,다가구주택,1,37.40461694,126.9115225447,부설,0.9,True,False,False
14002-29391-00028-00-1,다가구주택,1,37.4041189283,126.910660228,부설,0.9,True,False,False
14002-29391-00029-00-1,,3,37.4045088683,126.9115904393,부설,0.9,False,False,False
14002-29391-00030-00-1,,2,37.4045266586,126.9112832055,부설,0.9,False,False,False
14002-29391-00031-00-1,다가구주택,1,37.4047107879,126.911712184,부설,0.9,True,False,False
14002-29391-00032-00-1,다가구주택(7가구),1,37.4048118974,126.911974101,부설,0.9,True,False,False
14002-29391-00033-00-1,,1,37.4048696702,126.9121186048,부설,0.9,False,False,False
14002-29391-00034-00-1,,3,37.404675211,126.9123356886,부설,0.9,False,False,False
14002-29391-00035-00-1,갤럭시빌,8,37.4050827793,126.9127508579,부설,0.9,True,False,False
14002-29391-00036-00-1,현대뉴빌,6,37.4049600302,126.9124663748,부설,0.9,True,False,False
14002-29391-00038-00-1,다가구주택(5가구),1,37.4045853197,126.9126204173,부설,0.9,True,False,False
14002-29391-00039-00-1,,2,37.404729756,126.9129907132,부설,0.9,False,False,False
14002-29391-00040-00-1,,6,37.404228208,126.9122051926,부설,0.9,False,False,False
14002-29391-00041-00-1,다가구주택,1,37.4041380456,126.9121239771,부설,0.9,True,False,False
14002-29391-00042-00-1,,3,37.4041845418,126.9116450342,부설,0.9,False,False,False
14002-29391-00047-00-1,다가구주택,2,37.4037595367,126.9120159921,부설,0.9,True,False,False
14002-29391-00048-00-1,,6,37.4022912595,126.9101338266,부설,0.9,False,False,False
14002-29391-00049-00-1,,2,37.4022990761,126.9109379685,부설,0.9,False,False,False
14002-29391-00050-00-1,유성빌라,3,37.4023032191,126.9116562786,부설,0.9,True,False,False
14002-29391-00051-00-1,진명빌라,7,37.4020963847,126.9097997501,부설,0.9,True,False,False
14002-29391-00052-00-1,,4,37.4020965052,126.9099578692,부설,0.9,False,False,False
14002-29391-00053-00-1,,6,37.4019489234,126.9102020006,부설,0.9,False,False,False
14002-29391-00054-00-1,세원전기통신공사,5,37.4020897633,126.9105722833,애매,0.3,False,False,False
14002-29391-00055-00-1,삼성I파크빌,12,37.4019492349,126.9106131094,부설,0.9,True,False,False
14002-29391-00056-00-1,,7,37.4020938033,126.911150543,부설,0.9,False,False,False
14002-29391-11013-00-1,안양지구대,6,,,애매,0.3,False,False,False
14002-29392-00012-00-1,,6,37.4044178308,126.9103481428,부설,0.9,False,False,False
14003-29391-00001-00-1,청아빌라,7,37.4020939288,126.9113176974,부설,0.9,True,False,False
14003-29391-00002-00-1,,4,37.4019533697,126.911317863,부설,0.9,False,False,False
14003-29391-00003-00-1,,4,37.4020940473,126.9114758165,부설,0.9,False,False,False
14003-29391-00004-00-1,트레퍼스트빌,8,37.4017586137,126.9111373857,부설,0.9,True,False,False
14003-29391-00005-00-1,,7,37.401755152,126.911327132,부설,0.9,False,False,False
14003-29391-00006-00-1,삼성하이츠빌라,4,37.4017516664,126.9114852546,부설,0.9,True,False,False
14003-29391-00007-00-1,,6,37.4021086426,126.911715237,부설,0.9,False,False,False
14003-29391-00008-00-1,화원아트빌,5,37.4021123613,126.9118688342,부설,0.9,True,False,False
14003-29391-00009-00-1,씨티캐슬2차,11,37.4019862219,126.9118734996,부설,0.9,True,False,False
14003-29391-00010-00-1,,5,37.4018635652,126.9117155245,부설,0.9,False,False,False
14003-29391-00011-00-1,,7,37.4016114009,126.9118784562,부설,0.9,False,False,False
14003-29391-00012-00-1,송덕골든빌라,4,37.4021125362,126.912103754,부설,0.9,True,False,False
14003-29391-00013-00-1,,4,37.4021126603,126.9122709085,부설,0.9,False,False,False
14003-29391-00014-00-1,진아트빌,5,37.4019901249,126.912275569,부설,0.9,True,False,False
14003-29391-00015-00-1,,4,37.402116582,126.9127000847,부설,0.9,False,False,False
14003-29391-00016-00-1,,7,37.4018641662,126.9125241881,부설,0.9,False,False,False
14003-29391-00017-00-1,,7,37.4017453684,126.9127095507,부설,0.9,False,False,False
14003-29391-00018-00-1,,4,37.4016108769,126.9111782191,부설,0.9,False,False,False
14003-29391-00019-00-1,다가구주택,1,37.4041456321,126.9126344813,부설,0.9,True,False,False
14003-29391-00020-00-1,,1,37.4042214411,126.9128015526,부설,0.9,False,False,False
14003-29391-00021-00-1,다가구주택,1,37.4042864909,126.9130409219,부설,0.9,True,False,False
14003-29391-00022-00-1,다가구주택,1,37.404246939,126.9131674665,부설,0.9,True,False,False
14003-29391-00027-00-1,,2,37.4040088371,126.9128514949,부설,0.9,False,False,False
14003-29391-00028-00-1,다가구주택,2,37.4038859043,126.9123185369,부설,0.9,True,False,False
14003-29391-00029-00-1,,2,37.4038896255,126.9124766556,부설,0.9,False,False,False
14003-29391-00030-00-1,,3,37.4037020762,126.9122916444,부설,0.9,False,False,False
14003-29391-00031-00-1,다가구주택,2,37.4037134523,126.9130551374,부설,0.9,True,False,False
14003-29391-00032-00-1,,4,37.403749596,126.9131951472,부설,0.9,False,False,False
14004-29391-00019-00-1,관양동 관양택지개발지구 A5 2 단독주택 (가은현),5,37.4075655558,126.9700455182,부설,0.9,True,False,False
14004-29391-00020-00-1,A5-3 상가주택,5,37.4075043218,126.9701856011,부설,0.9,True,False,False
14004-29391-00021-00-1,,6,37.4073311764,126.9695983288,부설,0.9,False,False,False
14004-29391-00022-00-1,,5,37.4072771488,126.9697293727,부설,0.9,False,False,False
14004-29391-00023-00-1,,6,37.4072159117,126.9698559014,부설,0.9,False,False,False
14004-29391-00024-00-1,관양동 107-4 단독주택 (이상호),7,37.4071582775,126.9699779104,부설,0.9,True,False,False
14004-29391-00025-00-1,관양동 1695-4 단독주택 (이혜경),6,37.4071042472,126.9700999178,부설,0.9,True,False,False
14004-29391-00026-00-1,,7,37.4070357982,126.9702128947,부설,0.9,False,False,False
14004-29391-00027-00-1,,4,37.4068988283,126.9701542152,부설,0.9,False,False,False
14004-29391-00028-00-1,,5,37.406956457,126.9700096168,부설,0.9,False,False,False
14004-29391-00029-00-1,,5,37.4070176942,126.9698830887,부설,0.9,False,False,False
14004-29391-00030-00-1,,4,37.4070753272,126.9697565619,부설,0.9,False,False,False
14004-29391-00031-00-1,관양동 107-8 단독주택 (김광식),5,37.4071401694,126.9696345499,부설,0.9,True,False,False
14004-29391-00032-00-1,,6,37.4070968177,126.969236984,부설,0.9,False,False,False
14004-29391-00033-00-1,,7,37.4070031491,126.9693815979,부설,0.9,False,False,False
14004-29391-00034-00-1,관양동 관양택지개발지구 A8 -3 제2종근린생활시설 (박정학),5,37.4069094815,126.9695307295,부설,0.9,True,False,False
14004-29391-00035-00-1,관양지구 다가구주택 및 근린생활시설 신축공사,5,37.4091663445,126.9724168925,부설,0.9,True,False,False
14004-29391-00036-00-1,,6,37.409069009,126.9723084935,부설,0.9,False,False,False
14004-29391-00037-00-1,,6,37.4089716745,126.9722046129,부설,0.9,False,False,False
14004-29391-00038-00-1,,5,37.4088671327,126.9721052533,부설,0.9,False,False,False
14004-29391-00039-00-1,,6,37.408758989,126.9720149316,부설,0.9,False,False,False
14005-29391-00001-00-1,,1,37.4055758873,126.8983969167,부설,0.9,False,False,False
14005-29391-00002-00-1,예지어린이집,1,37.4065204073,126.8986893084,부설,0.9,True,False,False
14005-29391-00003-00-1,,4,37.4073525958,126.8982770493,부설,0.9,False,False,False
14005-29391-00004-00-1,,5,37.4074230217,126.9005675856,부설,0.9,False,False,False
14005-29391-00005-00-1,,15,37.4196164396,126.9106327835,애매,0.3,False,False,False
14005-29391-00006-00-1,,27,37.4197930309,126.9207274715,애매,0.3,False,False,False
14005-29391-00007-00-1,,16,37.4192923553,126.9211617968,애매,0.3,False,False,False
14005-29391-00008-00-1,,1,37.4194370249,126.9219253111,부설,0.9,False,False,False
14005-29391-00009-00-1,,4,37.4195562479,126.9223635052,부설,0.9,False,False,False
14005-29391-00010-00-1,씨티캐슬,7,37.419483994,126.9221014931,부설,0.9,True,False,False
14005-29391-00011-00-1,씨티캐슬,7,37.419520127,126.9222415365,부설,0.9,True,False,False
14005-29391-00012-00-1,,17,37.4189281812,126.9209181686,애매,0.3,False,False,False
14005-29391-00014-00-1,,3,37.4197738591,126.9244735385,부설,0.9,False,False,False
14005-29391-00015-00-1,원두막집,4,37.420612051,126.9277488297,애매,0.3,False,False,False
14005-29391-00017-00-1,,3,37.4187441305,126.9321247181,부설,0.9,False,False,False
14005-29391-00018-00-1,사랑이 깊은 집,4,37.4187153886,126.9322828982,애매,0.3,False,False,False
14005-29391-00019-00-1,,5,37.4186434493,126.9325314907,부설,0.9,False,False,False
14005-29391-00020-00-1,,4,37.4186472617,126.9328975009,부설,0.9,False,False,False
14005-29391-00021-00-1,,4,37.4192479171,126.9307731655,부설,0.9,False,False,False
14005-29391-00022-00-1,,4,37.4190605741,126.9308908244,부설,0.9,False,False,False
14005-29391-00023-00-1,,4,37.4189416952,126.9309858264,부설,0.9,False,False,False
14005-29391-00024-00-1,디엠빌딩,4,37.4186824099,126.9313430407,부설,0.9,True,False,False
14005-29391-00025-00-1,삼성천상가,4,37.4186176126,126.9314741417,부설,0.9,True,False,False
14005-29391-00026-00-1,케이타워,389,37.4199496992,126.8911474791,부설,0.9,True,False,False
14005-29391-00027-00-1,광명역세권지구지원시설 G4 5 공장 (한양계전(주)),6,37.4195351649,126.8910757793,부설,0.9,True,False,False
14005-29391-00028-00-1,(주)웨이브텍,26,37.4196296916,126.8919703537,부설,0.9,True,False,False
14005-29391-00029-00-1,다가구주택,2,37.40572041,126.9076222916,부설,0.9,True,False,False
14005-29391-00030-00-1,,1,37.4055903732,126.9072519833,부설,0.9,False,False,False
14005-29391-00031-00-1,다가구주택,1,37.4036242277,126.9094229427,부설,0.9,True,False,False
14005-29391-00032-00-1,,3,37.403109224,126.9099205154,부설,0.9,False,False,False
14005-29391-00033-00-1,,1,37.4033541877,126.9097711358,부설,0.9,False,False,False
14005-29391-00034-00-1,,2,37.402701994,126.9099616624,부설,0.9,False,False,False
14005-29391-00035-00-1,,2,37.4029405785,126.9109055851,부설,0.9,False,False,False
14005-29391-00072-00-1,천주교 수원교구 매곡성당,30,37.4044820801,126.9445797045,부설,0.9,True,False,False
14005-29391-00074-00-1,비산동동안양교회,4,37.4045723067,126.9448461906,부설,0.9,True,False,False
14005-29391-00098-00-1,,10,37.4036577643,126.9467985446,부설,0.9,False,False,False
14005-29391-00099-00-1,,1,37.4006446432,126.9465612417,부설,0.9,False,False,False
14005-29391-00100-00-1,,13,37.4003056027,126.9459967843,애매,0.3,False,False,False
14005-29391-00101-00-1,,16,37.4008071171,126.9472071453,애매,0.3,False,False,False
14005-29391-00102-00-1,,25,37.4000461499,126.9460873219,애매,0.3,False,False,False
14005-29391-00103-00-1,,6,37.3997468622,126.9457622726,부설,0.9,False,False,False
14005-29391-00104-00-1,,2,37.4000456779,126.9450618339,부설,0.9,False,False,False
14005-29391-00105-00-1,,2,37.4008204085,126.9447450353,부설,0.9,False,False,False
14005-29391-00106-00-1,벧엘,3,37.4006906615,126.9447451305,애매,0.3,False,False,False
14005-29391-00107-00-1,비산동단독주택,3,37.4002617058,126.9445963653,부설,0.9,True,False,False
14005-29391-00108-00-1,동양 월드타워,158,37.3994471532,126.9445337194,부설,0.9,True,False,False
14005-29391-00109-00-1,,10,37.3991694537,126.9441409001,부설,0.9,False,False,False
14005-29391-00110-00-1,건축허가('92-302),3,37.3984882817,126.9441414057,부설,0.9,True,False,False
14005-29391-00111-00-1,샘모루 초등학교,121,37.3996796726,126.9409285453,부설,0.9,True,False,False
14005-29391-00112-00-1,비산동 두성프라자,13,37.3991502312,126.9416517633,부설,0.9,True,False,False
14005-29391-00113-00-1,비산빌딩,6,37.399370087,126.9416651454,부설,0.9,True,False,False
14005-29391-00114-00-1,,10,37.3990895508,126.942857986,부설,0.9,False,False,False
14005-29391-00115-00-1,비산동 근린빌딩,11,37.3991686324,126.9424287619,부설,0.9,True,False,False
14005-29391-00116-00-1,,3,37.3991504156,126.942026717,부설,0.9,False,False,False
14005-29391-00117-00-1,(주)리홈 안양이마트,283,37.3983720655,126.9353324277,부설,0.9,True,False,False
14005-29391-00118-00-1,,14,37.3976448173,126.9367695938,애매,0.3,False,False,False
14005-29391-00119-00-1,성원빌딩,20,37.3970437559,126.9383240805,부설,0.9,True,False,False
14005-29391-00120-00-1,,11,37.3972273254,126.9378676727,애매,0.3,False,False,False
14005-29391-00121-00-1,,3,37.3974540631,126.9372621521,부설,0.9,False,False,False
14005-29391-00122-00-1,진보빌딩,10,37.3973460936,126.9375513562,부설,0.9,True,False,False
14005-29391-00138-00-1,,9,37.399226952,126.9437884909,부설,0.9,False,False,False
14005-29391-00139-00-1,비산도서관,14,37.3991878428,126.9376672834,비부설,0.9,False,True,False
14005-29391-11014-00-1,신호안차랑21차,8,,,애매,0.3,False,False,False
14005-29392-00137-00-1,,17,37.3969033423,126.9386042732,애매,0.3,False,False,False
14006-29391-00001-00-1,,2,37.4062174012,126.8983824966,부설,0.9,False,False,False
14006-29391-00002-00-1,,2,37.4192895763,126.9224089677,부설,0.9,False,False,False
14006-29391-00003-00-1,,4,37.4199716596,126.9238136001,부설,0.9,False,False,False
14006-29391-00004-00-1,,3,37.420159633,126.9246900524,부설,0.9,False,False,False
14006-29391-00006-00-1,삼성 아트빌,4,37.4055467476,126.9067731398,부설,0.9,True,False,False
14006-29391-00007-00-1,,2,37.4054889612,126.906619603,부설,0.9,False,False,False
14006-29391-00008-00-1,,1,37.4065346095,126.9072101578,부설,0.9,False,False,False
14006-29391-00009-00-1,,5,37.4063757495,126.9068534358,부설,0.9,False,False,False
14006-29391-00010-00-1,,2,37.4061312607,126.9076037154,부설,0.9,False,False,False
14006-29391-00011-00-1,,1,37.4060843088,126.907477271,부설,0.9,False,False,False
14006-29391-00012-00-1,다가구주택,1,37.4059654484,126.9075722936,부설,0.9,True,False,False
14006-29391-00013-00-1,다가구주택,1,37.4061557512,126.9066639548,부설,0.9,True,False,False
14006-29391-00014-00-1,라이프타운,4,37.4063360014,126.9067224645,부설,0.9,True,False,False
14006-29391-00015-00-1,다가구주택,2,37.4059865661,126.9069262043,부설,0.9,True,False,False
14006-29391-00016-00-1,다가구주택,1,37.4058929063,126.9069850532,부설,0.9,True,False,False
14006-29391-00017-00-1,다가구주택,1,37.405777654,126.9070845897,부설,0.9,True,False,False
14006-29391-00018-00-1,다가구주택,1,37.4060043157,126.90658282,부설,0.9,True,False,False
14006-29391-00019-00-1,다가구주택,1,37.4058423461,126.9068540961,부설,0.9,True,False,False
14006-29391-00020-00-1,,1,37.4057415457,126.906998794,부설,0.9,False,False,False
14006-29391-00021-00-1,군인교회교육관,12,37.3968467493,126.9026234133,부설,0.9,True,False,False
14006-29391-00022-00-1,,3,37.4066071822,126.907838065,부설,0.9,False,False,False
14006-29391-00027-00-1,,1,37.4061747458,126.9079063638,부설,0.9,False,False,False
14006-29391-00028-00-1,,2,37.4056631706,126.9081690284,부설,0.9,False,False,False
14006-29391-00029-00-1,,4,37.4056921365,126.9083406736,부설,0.9,False,False,False
14006-29391-00030-00-1,,2,37.4059946263,126.9080150144,부설,0.9,False,False,False
14006-29391-00031-00-1,,1,37.4060596156,126.9081640267,부설,0.9,False,False,False
14006-29391-00032-00-1,크리시움타워1,30,37.4054975583,126.9083951253,부설,0.9,True,False,False
14006-29391-00033-00-1,,2,37.4040530438,126.9093320704,부설,0.9,False,False,False
14006-29391-00034-00-1,,1,37.4027819445,126.9108334892,부설,0.9,False,False,False
14006-29391-00043-00-1,비산 파출소,5,37.3991087169,126.9379790574,애매,0.3,False,False,False
14006-29391-00044-00-1,,8,37.3966900569,126.9373757231,부설,0.9,False,False,False
14006-29391-00046-00-1,남서울평촌교회,35,37.3964415706,126.9377463528,부설,0.9,True,False,False
14006-29391-00051-00-1,,16,37.3999523931,126.932006143,애매,0.3,False,False,False
14006-29391-00052-00-1,,4,37.4046659063,126.9529375857,부설,0.9,False,False,False
14006-29391-00053-00-1,비산동다세대주택,3,37.404932269,126.9520925788,부설,0.9,True,False,False
14007-29391-00001-00-1,,1,37.4058138611,126.898518579,부설,0.9,False,False,False
14007-29391-00002-00-1,,4,37.4028619618,126.9070972254,부설,0.9,False,False,False
14007-29391-00005-00-1,,1,37.4028412334,126.908244756,부설,0.9,False,False,False
14007-29391-00006-00-1,,2,37.4029525696,126.9077431508,부설,0.9,False,False,False
14007-29391-00007-00-1,,1,37.4027327349,126.9077614912,부설,0.9,False,False,False
14007-29391-00008-00-1,다가구주택,1,37.4032056404,126.9087548184,부설,0.9,True,False,False
14007-29391-00009-00-1,삼우아트,12,37.4029463173,126.9089765022,애매,0.3,False,False,False
14007-29391-00010-00-1,한라장미주택,8,37.403392808,126.9084383476,부설,0.9,True,False,False
14007-29391-00025-00-1,럭키아트빌,5,37.4062729046,126.9518884177,부설,0.9,True,False,False
14007-29391-00026-00-1,,2,37.404741444,126.9525670747,부설,0.9,False,False,False
14007-29391-00027-00-1,,3,37.4046621868,126.9526484459,부설,0.9,False,False,False
14007-29391-00028-00-1,,6,37.4044421103,126.9520838552,부설,0.9,False,False,False
14007-29391-00029-00-1,,4,37.4042690502,126.9519258416,부설,0.9,False,False,False
14007-29391-11014-00-1,,2,,,부설,0.9,False,False,False
14009-29391-00002-00-1,,5,37.406761793,126.9698380114,부설,0.9,False,False,False
14009-29391-00003-00-1,관양동 관양지구 A5 4 단독주택,6,37.4074214553,126.9702940663,부설,0.9,True,False,False
14009-29391-00004-00-1,,6,37.4072916913,126.9702263474,부설,0.9,False,False,False
14009-29391-00005-00-1,,4,37.4073781516,126.9700772189,부설,0.9,False,False,False
14009-29391-00006-00-1,,7,37.4074429884,126.9699326166,부설,0.9,False,False,False
14009-29391-00007-00-1,,7,37.4075078261,126.9697925322,부설,0.9,False,False,False
14009-29391-00008-00-1,,4,37.4078796922,126.9724354364,부설,0.9,False,False,False
14009-29391-00009-00-1,,6,37.407840083,126.9725890642,부설,0.9,False,False,False
14009-29391-00010-00-1,관양동 관양지구 a20 4 단독주택 (조태상),5,37.4077752461,126.972747219,부설,0.9,True,False,False
14009-29391-00011-00-1,관양동 관양택지개발지구 A20 7 단독주택 (권연기),6,37.4076526886,126.9726659389,부설,0.9,True,False,False
14009-29391-00012-00-1,,6,37.4077139213,126.9725077856,부설,0.9,False,False,False
14009-29391-00013-00-1,관양택지개발지구 A20 5 단독주택 (권혁민),7,37.4077751443,126.9723089697,부설,0.9,True,False,False
14009-29391-00014-00-1,다가구주택,3,37.3824921412,126.9285487103,부설,0.9,True,False,False
14009-29391-00015-00-1,,6,37.3824127638,126.9284042573,부설,0.9,False,False,False
14009-29391-00016-00-1,,6,37.4073246162,126.9722323294,부설,0.9,False,False,False
14009-29391-00017-00-1,관양동 관양택지개발지구 A21-5 단독주택 (박기윤),6,37.407331874,126.9724446731,부설,0.9,True,False,False
14009-29391-00018-00-1,,7,37.4074760478,126.9724898004,부설,0.9,False,False,False
14009-29391-00019-00-1,.,6,37.4080922117,126.9719203005,애매,0.3,False,False,False
14009-29391-00020-00-1,C.J 하우스,6,37.4075011092,126.9717804625,부설,0.9,True,False,False
14009-29391-00021-00-1,,5,37.4073533397,126.9717714819,부설,0.9,False,False,False
14009-29391-00022-00-1,관양지구 단독주택지구 A19-12,6,37.4073425683,126.9719431703,부설,0.9,True,False,False
14009-29391-00023-00-1,,5,37.4074831296,126.9719521539,부설,0.9,False,False,False
14009-29391-00024-00-1,,6,37.407623693,126.9719701736,부설,0.9,False,False,False
14009-29391-00025-00-1,제1동,6,37.4077642586,126.9719972294,애매,0.3,False,False,False
14009-29391-00026-00-1,,5,37.4079012222,126.9720333228,부설,0.9,False,False,False
14009-29391-00027-00-1,관양동 다가구주택및근생,6,37.4080381879,126.9720784524,부설,0.9,True,False,False
14009-29391-00028-00-1,,2,37.4081966707,126.9716717682,부설,0.9,False,False,False
14009-29391-00029-00-1,,6,37.4080741212,126.9716266339,부설,0.9,False,False,False
14009-29391-00030-00-1,,6,37.4079515727,126.9715860177,부설,0.9,False,False,False
14009-29391-00031-00-1,,5,37.4078290263,126.9715544377,부설,0.9,False,False,False
14009-29391-00032-00-1,,6,37.407702877,126.9715273772,부설,0.9,False,False,False
14009-29391-00033-00-1,,6,37.4075767309,126.9715138709,부설,0.9,False,False,False
14009-29391-00034-00-1,,6,37.4074505859,126.9715048826,부설,0.9,False,False,False
14009-29391-00035-00-1,,6,37.4073244409,126.9714958944,부설,0.9,False,False,False
14009-29391-00036-00-1,관양동다가구주택,6,37.407198297,126.9714914242,부설,0.9,True,False,False
14009-29391-00037-00-1,,5,37.407072152,126.971482436,부설,0.9,False,False,False
14009-29391-00038-00-1,,6,37.4069460081,126.9714779658,부설,0.9,False,False,False
14009-29391-00039-00-1,관양동 관양지구 A22-1 다가구주택,6,37.4071334897,126.9717670464,부설,0.9,True,False,False
14009-29391-00040-00-1,,7,37.4071299275,126.9719432496,부설,0.9,False,False,False
14009-29391-00041-00-1,,6,37.40712276,126.9721149361,부설,0.9,False,False,False
14009-29391-00042-00-1,,6,37.4071300149,126.9723137251,부설,0.9,False,False,False
14009-29391-00043-00-1,,6,37.4070038636,126.9722776277,부설,0.9,False,False,False
14009-29391-00044-00-1,,6,37.4069858039,126.9721104688,부설,0.9,False,False,False
14011-29391-00010-00-1,불암사,2,37.4094171753,126.9328153717,애매,0.3,False,False,False
14011-29391-00011-00-1,임곡중학교,48,37.4083172269,126.9315874401,부설,0.9,True,False,False
14011-29391-00012-00-1,,4,37.4091610592,126.9324180062,부설,0.9,False,False,False
14011-29391-00013-00-1,임곡주공프라자,34,37.4048621601,126.933777225,부설,0.9,True,False,False
14011-29391-00018-00-1,,5,37.4030882886,126.9326041706,부설,0.9,False,False,False
14011-29391-11013-00-1,,73,,,애매,0.3,False,False,False
14011-29391-11014-00-1,안양동  제2종근린생활시설 (권복자),3,,,부설,0.9,True,False,False
14012-29391-00001-00-1,,4,37.3810431648,126.958453363,부설,0.9,False,False,False
14012-29391-11013-00-1,안양영화예술고등학교,66,,,부설,0.9,True,False,False
14013-29391-00001-00-1,안양농협 평촌지소,4,37.3936045725,126.975435557,애매,0.3,False,False,False
14013-29391-00002-00-1,근화빌딩,8,37.3929882431,126.9752912094,부설,0.9,True,False,False
14013-29391-00003-00-1,오영준씨건물,14,37.3926169877,126.9751287148,애매,0.3,False,False,False
14013-29391-00004-00-1,오영준씨건물,14,37.3923034052,126.9750023395,애매,0.3,False,False,False
14013-29391-00005-00-1,청광 플러스원 아파트,45,37.3923719625,126.9753817539,부설,0.9,True,False,False
14013-29391-00006-00-1,'93-253,4,37.3924621672,126.975878607,애매,0.3,False,False,False
14013-29391-00007-00-1,평촌빌딩,8,37.3923251766,126.9757070009,부설,0.9,True,False,False
14013-29391-00008-00-1,,4,37.3920656626,126.9756122257,부설,0.9,False,False,False
14013-29391-00009-00-1,,3,37.3920115657,126.9754405939,부설,0.9,False,False,False
14013-29391-00010-00-1,,5,37.3894889887,126.9307373012,부설,0.9,False,False,False
14013-29391-00011-00-1,퍼스트힐,19,37.3892650241,126.9298702582,애매,0.3,False,False,False
14013-29391-00012-00-1,,5,37.3892144703,126.9297076962,부설,0.9,False,False,False
14013-29391-00013-00-1,,6,37.3890091872,126.9299608346,부설,0.9,False,False,False
14013-29391-00014-00-1,미도아파트,18,37.3890489818,126.9302137445,부설,0.9,True,False,False
14013-29391-00015-00-1,,2,37.389128511,126.9306201931,부설,0.9,False,False,False
14013-29391-00016-00-1,평촌근린생활시설,39,37.390205638,126.974135776,부설,0.9,True,False,False
14013-29391-00017-00-1,삼성전자디지탈센터,36,37.3899136898,126.974059088,애매,0.3,False,False,False
14013-29391-00018-00-1,강윤빌딩,3,37.3895712323,126.973747537,부설,0.9,True,False,False
14013-29391-00019-00-1,,8,37.3889873784,126.9737883927,부설,0.9,False,False,False
14013-29391-00020-00-1,,2,37.3880106914,126.9738881034,부설,0.9,False,False,False
14013-29391-00021-00-1,,5,37.3879493697,126.9736532488,부설,0.9,False,False,False
14013-29391-00022-00-1,,3,37.387837673,126.973788793,부설,0.9,False,False,False
14013-29391-00023-00-1,,6,37.3877944548,126.9739288299,부설,0.9,False,False,False
14013-29391-11013-00-1,,2,,,부설,0.9,False,False,False
14014-29391-00001-00-1,,20,37.3940444101,126.9761129949,애매,0.3,False,False,False
14014-29391-00002-00-1,다가구주택,1,37.3894061344,126.9308051314,부설,0.9,True,False,False
14014-29391-00003-00-1,신라아파트,34,37.3893626281,126.9303670293,부설,0.9,True,False,False
14015-29391-00001-00-1,평촌동 주민센터,22,37.3946897377,126.9771020675,비부설,0.9,False,True,False
14015-29391-00004-00-1,세리상사,13,37.3961019224,126.974106646,애매,0.3,False,False,False
14015-29391-00005-00-1,대동상가,15,37.3958352327,126.9741654629,부설,0.9,True,False,False
14015-29391-00006-00-1,평촌동 85-7 (플러스아울렛),8,37.3956046339,126.9744546495,애매,0.3,False,False,False
14015-29391-00007-00-1,노블레스의류타운 B동,7,37.3955830696,126.9747347295,부설,0.9,True,False,False
14015-29391-00008-00-1,노블레스의류타운C동,11,37.3955578986,126.975005776,부설,0.9,True,False,False
14015-29391-00009-00-1,노블레스의류타운D동,22,37.3953020738,126.9753175536,부설,0.9,True,False,False
14015-29391-00010-00-1,노블레스 의류타운 E동,12,37.3952803809,126.9749923163,부설,0.9,True,False,False
14015-29391-00011-00-1,노블레스의류타운F동,11,37.3953019497,126.9747303066,부설,0.9,True,False,False
14015-29391-00012-00-1,,10,37.3953235014,126.9743915029,부설,0.9,False,False,False
14015-29391-00013-00-1,,8,37.395341441,126.9740210792,부설,0.9,False,False,False
14015-29391-00014-00-1,우석빌딩,10,37.394375968,126.9760225451,부설,0.9,True,False,False
14015-29392-00002-00-1,재영빌딩,27,37.3961202794,126.975692224,부설,0.9,True,False,False
14016-29391-00001-00-1,,6,37.4057776839,126.9690839143,부설,0.9,False,False,False
14016-29391-00002-00-1,,7,37.4057308709,126.9692375425,부설,0.9,False,False,False
14016-29391-00003-00-1,,7,37.4056804548,126.9693956899,부설,0.9,False,False,False
14016-29391-00004-00-1,관양동 관양지구 A11 5 상가주택,6,37.4056300373,126.9695493192,부설,0.9,True,False,False
14016-29391-00005-00-1,,6,37.4055796196,126.9697029483,부설,0.9,False,False,False
14016-29391-00006-00-1,,5,37.4055292017,126.9698565771,부설,0.9,False,False,False
14016-29391-00007-00-1,(주)네비웍스 평촌공장 2,34,37.401495202,126.966054326,부설,0.9,True,False,False
14016-29391-00008-00-1,RFHIC(주) 평촌사옥,86,37.4009690536,126.9662217155,부설,0.9,True,False,False
14016-29391-00009-00-1,Doheon Bio Solution(DBS),40,37.400612275,126.9663122277,애매,0.3,False,False,False
14016-29391-00010-00-1,마빌르스위트아파트,38,37.3917271384,126.9307533103,부설,0.9,True,False,False
14016-29391-00011-00-1,,2,37.3914567312,126.930581911,부설,0.9,False,False,False
14016-29391-00012-00-1,,8,37.391889544,126.9311325956,부설,0.9,False,False,False
14016-29391-00013-00-1,,3,37.3914312232,126.930107644,부설,0.9,False,False,False
14016-29391-00014-00-1,이즈미디어,60,37.3981330005,126.9675149805,애매,0.3,False,False,False
14016-29391-00015-00-1,,1,37.3937416985,126.9762711927,부설,0.9,False,False,False
14016-29391-00016-00-1,벌말도서관,4,37.393831826,126.9763976458,비부설,0.9,False,True,False
14016-29391-00017-00-1,,1,37.3940192603,126.976506,부설,0.9,False,False,False
14016-29391-00019-00-1,대광빌딩,8,37.3936195383,126.9782407235,부설,0.9,True,False,False
14016-29391-00020-00-1,,4,37.393655618,126.9784530208,부설,0.9,False,False,False
14016-29391-00021-00-1,,1,37.3811706889,126.9306501071,부설,0.9,False,False,False
14016-29391-00022-00-1,,5,37.3813150113,126.9309209609,부설,0.9,False,False,False
14016-29391-00023-00-1,대안탐스빌산마루아파트,65,37.3804459148,126.9300546106,부설,0.9,True,False,False
14016-29391-00024-00-1,다가구주택,1,37.3806619731,126.9297382615,부설,0.9,True,False,False
14016-29391-00025-00-1,평촌 메가타운,25,37.3949490483,126.9761714323,부설,0.9,True,False,False
14017-29391-00001-00-1,,1,37.3919431609,126.9303736766,부설,0.9,False,False,False
14017-29391-00002-00-1,(주)태성산업,85,37.3976210181,126.9667878961,부설,0.9,True,False,False
14017-29391-00003-00-1,지하주차장,165,37.3984636052,126.9641538365,비부설,0.9,False,False,True
14017-29391-00004-00-1,엘지유플러스평촌메가센터,349,37.397969911,126.964370909,애매,0.3,False,False,False
14017-29391-00005-00-1,주식회사 프로텍 본사,210,37.3971122696,126.9648095022,부설,0.9,True,False,False
14017-29391-00006-00-1,안양창업지원센터,151,37.3982110152,126.9631646332,애매,0.3,False,False,False
14017-29391-00007-00-1,글로텍디지털센터,140,37.3973713946,126.9635896806,애매,0.3,False,False,False
14017-29391-00008-00-1,네온테크,102,37.3965425805,126.9640011612,애매,0.3,False,False,False
14017-29391-00009-00-1,금강스마트빌딩,282,37.3961030849,126.964674454,부설,0.9,True,False,False
14017-29391-00010-00-1,평촌 오비즈타워,1164,37.3996834732,126.9702338751,부설,0.9,True,False,False
14017-29391-00012-00-1,,2,37.3929927553,126.9801064862,부설,0.9,False,False,False
14017-29391-00014-00-1,,5,37.3923653457,126.978408219,부설,0.9,False,False,False
14017-29391-00015-00-1,,3,37.3923329295,126.978521156,부설,0.9,False,False,False
14017-29391-00016-00-1,,8,37.3922284256,126.9786024936,부설,0.9,False,False,False
14017-29391-00017-00-1,'92-222호,5,37.3923976235,126.9775544758,애매,0.3,False,False,False
14017-29391-00018-00-1,진우빌딩,3,37.3922355711,126.9782591919,부설,0.9,True,False,False
14017-29391-00019-00-1,,5,37.391940054,126.9783586531,부설,0.9,False,False,False
14017-29391-00020-00-1,,5,37.3918463186,126.9782005823,부설,0.9,False,False,False
14017-29391-00021-00-1,,5,37.3925198086,126.9757611435,부설,0.9,False,False,False
14017-29391-11013-00-1,우미아트빌,11,,,부설,0.9,True,False,False
14017-29392-00011-00-1,밀레니엄프라자,15,37.3931765371,126.9799483371,부설,0.9,True,False,False
14019-29391-00006-00-1,,8,37.4003191297,126.9304924206,부설,0.9,False,False,False
14019-29391-00015-00-1,서원빌딩,9,37.4002617158,126.9309216439,부설,0.9,True,False,False
14019-29391-00016-00-1,비산동 근린생활시설,4,37.4003336574,126.9306821458,부설,0.9,True,False,False
14019-29391-00021-00-1,안양동안.만안구선거관리위원회합동청사,9,37.3988900389,126.9335023952,비부설,0.9,False,True,False
14019-29391-00022-00-1,삼원리버빌,6,37.3985032674,126.9315150473,부설,0.9,True,False,False
14019-29391-00023-00-1,,2,37.397645948,126.9323018594,부설,0.9,False,False,False
14019-29391-00025-00-1,,8,37.3977939552,126.9327218476,부설,0.9,False,False,False
14019-29391-00026-00-1,,12,37.3973630451,126.9355591651,애매,0.3,False,False,False
14019-29391-00027-00-1,,3,37.3970463503,126.9364177402,부설,0.9,False,False,False
14019-29391-00028-00-1,,6,37.3969851682,126.9365804177,부설,0.9,False,False,False
14019-29391-00029-00-1,안양 비산동빌딩,21,37.3978380732,126.9342667715,부설,0.9,True,False,False
14019-29391-00031-00-1,1,7,37.3976581416,126.934759328,애매,0.3,False,False,False
14019-29391-00032-00-1,허가번호:1403,28,37.3975357793,126.9350801708,애매,0.3,False,False,False
14019-29391-00033-00-1,대명맨션,16,37.397283471,126.9350397318,부설,0.9,True,False,False
14019-29391-00034-00-1,성현빌딩,8,37.3974526015,126.9345652574,부설,0.9,True,False,False
14019-29391-00035-00-1,,2,37.39479576,126.940182514,부설,0.9,False,False,False
14019-29391-00036-00-1,,3,37.3947703802,126.9398843955,부설,0.9,False,False,False
14019-29391-00037-00-1,,2,37.3944385366,126.9393606615,부설,0.9,False,False,False
14019-29391-00038-00-1,,16,37.3946156127,126.9402955882,애매,0.3,False,False,False
14019-29391-00039-00-1,대성빌딩,4,37.3931567316,126.941850647,부설,0.9,True,False,False
14019-29391-00040-00-1,,4,37.3932938089,126.9420989851,부설,0.9,False,False,False
14019-29391-00042-00-1,,9,37.3925589637,126.9428990806,부설,0.9,False,False,False
14019-29391-00043-00-1,비산동 근린생활시설,3,37.3924690354,126.9432605179,부설,0.9,True,False,False
14019-29391-00044-00-1,주님의교회,2,37.3923824113,126.9429985909,부설,0.9,True,False,False
14019-29391-00045-00-1,,1,37.4090244905,126.9473549952,부설,0.9,False,False,False
14019-29391-00046-00-1,,1,37.4081705899,126.9479564944,부설,0.9,False,False,False
14019-29391-00047-00-1,,4,37.4084048411,126.9479247058,부설,0.9,False,False,False
14019-29391-11014-00-1,,2,,,부설,0.9,False,False,False
14019-29391-11015-00-1,드림빌,2,,,부설,0.9,True,False,False
14019-29392-00018-00-1,샘모루빌딩,55,37.3989840613,126.9340670003,부설,0.9,True,False,False
14019-29392-00019-00-1,대림타워,33,37.3988938356,126.9338457219,부설,0.9,True,False,False
14019-29392-00024-00-1,허가번호:246호,4,37.3975162991,126.9324736378,애매,0.3,False,False,False
14020-29391-00001-00-1,세림맨션,8,37.4017176627,126.9094162022,부설,0.9,True,False,False
14020-29391-00002-00-1,이호파크빌,6,37.4017213878,126.9095743162,부설,0.9,True,False,False
14020-29391-00003-00-1,핌하우스,5,37.401595245,126.9095744677,부설,0.9,True,False,False
14020-29391-00004-00-1,,2,37.4019738459,126.909799897,부설,0.9,False,False,False
14020-29391-00005-00-1,우리사랑빌,7,37.4019739699,126.9099625335,부설,0.9,True,False,False
14020-29391-00007-00-1,,4,37.4015955449,126.9099675039,부설,0.9,False,False,False
14020-29391-00008-00-1,,6,37.4017470915,126.9101977238,부설,0.9,False,False,False
14020-29391-00009-00-1,한성빌라,4,37.4017508224,126.9103648732,부설,0.9,True,False,False
14020-29391-00010-00-1,,7,37.4016066626,126.9103695626,부설,0.9,False,False,False
14020-29391-00011-00-1,한성빌라,4,37.4017509456,126.9105275092,부설,0.9,True,False,False
14020-29391-00012-00-1,큰별 어린이집,2,37.4012953945,126.9086487111,부설,0.9,True,False,False
14020-29391-00013-00-1,문화화이트빌라,5,37.4014036285,126.9087931445,부설,0.9,True,True,False
14021-29391-00001-00-1,안양아트빌2차,6,37.4013930146,126.9090506634,부설,0.9,True,False,False
14021-29391-00002-00-1,다가구주택(10가구),2,37.4012525735,126.9092044329,부설,0.9,True,False,False
14021-29391-00003-00-1,,8,37.4014004898,126.9093985134,부설,0.9,False,False,False
14022-29391-00001-00-1,다가구주택,3,37.4048323067,126.9103566847,부설,0.9,True,False,False
14022-29391-00002-00-1,,1,37.4051139638,126.911070173,부설,0.9,False,False,False
14022-29391-00003-00-1,,4,37.4035730027,126.9132043865,부설,0.9,False,False,False
14022-29391-00004-00-1,,4,37.4035692925,126.9130598218,부설,0.9,False,False,False
14022-29391-00005-00-1,,4,37.4035691728,126.9128971818,부설,0.9,False,False,False
14022-29391-00006-00-1,다가구주택,1,37.403565372,126.9126306372,부설,0.9,True,False,False
14022-29391-00007-00-1,,1,37.4032229678,126.912608446,부설,0.9,False,False,False
14022-29391-00008-00-1,대우아트빌,7,37.4033672244,126.912734776,부설,0.9,True,False,False
14022-29391-00009-00-1,다가구주택,1,37.4033926095,126.9129470817,부설,0.9,True,False,False
14022-29391-00010-00-1,다가구주택,2,37.4032870923,126.9116009103,부설,0.9,True,False,False
14022-29391-00011-00-1,다가구주택,1,37.4034604116,126.912034413,부설,0.9,True,False,False
14022-29391-00012-00-1,다가구주택,1,37.4033484494,126.9117183002,부설,0.9,True,False,False
14022-29391-00013-00-1,안양신경외과,7,37.4027754682,126.9118093271,애매,0.3,False,False,False
14022-29391-00014-00-1,,4,37.4029925899,126.9129927219,부설,0.9,False,False,False
14022-29391-00015-00-1,다가구주택,1,37.4028810394,126.913232291,부설,0.9,True,False,False
14022-29391-00016-00-1,,4,37.4028986674,126.9126991774,부설,0.9,False,False,False
14022-29391-00017-00-1,,1,37.4033822438,126.908759122,부설,0.9,False,False,False
14022-29391-00018-00-1,,2,37.4032925728,126.9093194334,부설,0.9,False,False,False
14022-29391-00019-00-1,다가구주택,3,37.4028492433,126.9092838257,부설,0.9,True,False,False
14022-29391-00020-00-1,,1,37.4029573345,126.9092430357,부설,0.9,False,False,False
14022-29391-00021-00-1,,2,37.4028856022,126.9096994139,부설,0.9,False,False,False
14022-29391-00022-00-1,노블레스빌,8,37.4022789022,126.9081234637,부설,0.9,True,False,False
14022-29391-00023-00-1,,6,37.4022827656,126.908457769,부설,0.9,False,False,False
14022-29391-00024-00-1,,7,37.4024126767,126.9086699434,부설,0.9,False,False,False
14022-29391-00025-00-1,현대빌라,4,37.4022868855,126.909126384,부설,0.9,True,False,False
14022-29391-00026-00-1,,8,37.402080741,126.9082050241,부설,0.9,False,False,False
14022-29391-00027-00-1,이데아하우스,8,37.4020774694,126.9086342087,부설,0.9,True,False,False
14022-29391-00028-00-1,,4,37.4020811955,126.9087923233,부설,0.9,False,False,False
14022-29391-00029-00-1,,6,37.4019226195,126.9087970332,부설,0.9,False,False,False
14022-29391-00034-00-1,이호파크빌,8,37.4020960876,126.909411229,부설,0.9,True,False,False
14022-29391-00035-00-1,,3,37.4020962087,126.9095693481,부설,0.9,False,False,False
14022-29391-00036-00-1,,1,37.4027949356,126.9089631321,부설,0.9,False,False,False
14022-29391-00037-00-1,,6,37.4028993494,126.9088274736,부설,0.9,False,False,False
14022-29391-00038-00-1,,3,37.4019227935,126.909022917,부설,0.9,False,False,False
14022-29391-00039-00-1,,3,37.4019229185,126.9091855534,부설,0.9,False,False,False
14022-29391-00040-00-1,,6,37.4017642175,126.9090276264,부설,0.9,False,False,False
14022-29391-00041-00-1,세림맨션,8,37.4019699448,126.9094113809,부설,0.9,True,False,False
14022-29391-00042-00-1,,5,37.4018439265,126.9095741689,부설,0.9,False,False,False
14022-29391-11013-00-1,로체그랑,8,,,애매,0.3,False,False,False
14023-29391-11013-00-1,병목안 시민공원,183,,,비부설,0.9,False,True,False
14024-29391-00001-00-1,,6,37.4087795536,126.9476714332,부설,0.9,False,False,False
14024-29391-00002-00-1,,13,37.4087363785,126.9478386326,애매,0.3,False,False,False
14024-29391-00003-00-1,태성파크빌라,5,37.4079972575,126.9471975824,부설,0.9,True,False,False
14024-29391-00004-00-1,,3,37.4085129674,126.9479336671,부설,0.9,False,False,False
14024-29391-00005-00-1,.,5,37.4079651275,126.9478888658,애매,0.3,False,False,False
14024-29391-00010-00-1,,6,37.4087013832,126.9502648708,부설,0.9,False,False,False
14024-29391-00011-00-1,,4,37.4076919309,126.9495336174,부설,0.9,False,False,False
14024-29391-00012-00-1,,6,37.4079839152,126.9496599269,부설,0.9,False,False,False
14024-29391-00013-00-1,,6,37.4078289244,126.9496238863,부설,0.9,False,False,False
14024-29391-00014-00-1,햇살가득한집,12,37.4073711948,126.9495970847,애매,0.3,False,False,False
14024-29391-00015-00-1,,3,37.4068774974,126.9497419908,부설,0.9,False,False,False
14024-29391-00016-00-1,우일빌리지,8,37.4069999514,126.9495431176,부설,0.9,True,False,False
14024-29391-00017-00-1,동서빌라,4,37.407226768,126.9489827334,부설,0.9,True,False,False
14024-29391-00018-00-1,,1,37.4068840406,126.9482013552,부설,0.9,False,False,False
14024-29391-00019-00-1,,6,37.4075003244,126.9481693048,부설,0.9,False,False,False
14024-29391-00020-00-1,,2,37.4074425201,126.9478530837,부설,0.9,False,False,False
14024-29391-00021-00-1,,2,37.4071793204,126.9476228482,부설,0.9,False,False,False
14024-29391-00022-00-1,,4,37.4073703446,126.9476407873,부설,0.9,False,False,False
14024-29391-00023-00-1,박가맨션A동,6,37.407586461,126.9473514835,부설,0.9,True,False,False
14024-29391-00024-00-1,박가맨션B동,8,37.4074422938,126.9473425483,부설,0.9,True,False,False
14024-29391-00025-00-1,비산동상가,3,37.4037593064,126.9482125418,부설,0.9,True,False,False
14024-29391-00026-00-1,비산동 근린생활시설,1,37.4035684675,126.9486192735,부설,0.9,True,False,False
14024-29391-00028-00-1,관악관,18,37.4033343645,126.948994408,애매,0.3,False,False,False
14024-29391-00029-00-1,조은빌딩,6,37.4031290232,126.9492068816,부설,0.9,True,False,False
14024-29391-00030-00-1,성원아파트,175,37.4069903469,126.9524572253,부설,0.9,True,False,False
14024-29391-00031-00-1,,1,37.4070327968,126.9505099452,부설,0.9,False,False,False
14024-29391-00032-00-1,부성빌라,6,37.407004051,126.9507177915,부설,0.9,True,False,False
14024-29392-00027-00-1,건축허가번호:243,6,37.4036047018,126.9490665093,부설,0.9,True,False,False
14025-29391-00001-00-1,,8,37.4061641263,126.9503026914,부설,0.9,False,False,False
14025-29391-00002-00-1,,5,37.4063479609,126.9503658213,부설,0.9,False,False,False
14025-29391-00003-00-1,성덕빌라,8,37.4068526476,126.950641085,부설,0.9,True,False,False
14025-29391-00004-00-1,,1,37.4058650615,126.9504790878,부설,0.9,False,False,False
14025-29391-00005-00-1,,6,37.4050901064,126.9502943651,부설,0.9,False,False,False
14025-29391-00007-00-1,,4,37.4047692212,126.9500054345,부설,0.9,False,False,False
14025-29391-00008-00-1,,6,37.4037816148,126.9497982721,부설,0.9,False,False,False
14025-29391-00009-00-1,대흥빌라드,8,37.4038501881,126.9500241163,부설,0.9,True,False,False
14025-29391-00015-00-1,,1,37.4038072311,126.9507198853,부설,0.9,False,False,False
14025-29391-00016-00-1,,8,37.40276178,126.9500835696,부설,0.9,False,False,False
14025-29391-00018-00-1,1동,8,37.4024519734,126.9504271214,애매,0.3,False,False,False
14025-29391-00019-00-1,,2,37.4024014213,126.9502012691,부설,0.9,False,False,False
14025-29391-00020-00-1,,20,37.4026327509,126.9518139438,애매,0.3,False,False,False
14025-29391-00021-00-1,,5,37.4024271963,126.9515159064,부설,0.9,False,False,False
14025-29391-00022-00-1,,4,37.4025388207,126.9512673599,부설,0.9,False,False,False
14025-29391-00023-00-1,허가번호:310,2,37.402336938,126.9511364772,애매,0.3,False,False,False
14025-29391-00024-00-1,,4,37.4024882421,126.9509737411,부설,0.9,False,False,False
14025-29391-00025-00-1,,2,37.4024629573,126.9508382262,부설,0.9,False,False,False
14025-29391-00026-00-1,,6,37.4023080399,126.9509783763,부설,0.9,False,False,False
14025-29391-00028-00-1,,1,37.4024416644,126.9516423931,부설,0.9,False,False,False
14025-29391-00029-00-1,,4,37.4028484811,126.9505669101,부설,0.9,False,False,False
14025-29391-00030-00-1,,5,37.4029062782,126.950883114,부설,0.9,False,False,False
14025-29391-00031-00-1,,4,37.4028737663,126.9507024256,부설,0.9,False,False,False
14025-29391-00032-00-1,월드빌라(가),6,37.4037136245,126.9509593894,부설,0.9,True,False,False
14025-29391-00033-00-1,,2,37.4036057498,126.9515603249,부설,0.9,False,False,False
14025-29391-00034-00-1,월드빌라(나),7,37.4036920636,126.9511130083,부설,0.9,True,False,False
14025-29391-00035-00-1,월드빌라(다),7,37.4036669115,126.9512982539,부설,0.9,True,False,False
14025-29391-00036-00-1,월드빌라(라),4,37.4035261954,126.9509188516,부설,0.9,True,False,False
14025-29391-00037-00-1,월드빌라(마),7,37.4035190546,126.9510814962,부설,0.9,True,False,False
14025-29391-00038-00-1,수자인,16,37.4042037234,126.9508235354,애매,0.3,False,False,False
14025-29391-00039-00-1,비산동다세대주택,6,37.4045426027,126.9510537238,부설,0.9,True,False,False
14025-29391-00040-00-1,한빛맨션,8,37.4045282889,126.9513022142,부설,0.9,True,False,False
14025-29391-00041-00-1,,6,37.4044887849,126.9516455953,부설,0.9,False,False,False
14025-29391-00042-00-1,,2,37.4043301924,126.9516140725,부설,0.9,False,False,False
14025-29391-00043-00-1,동건센트레빌,19,37.4048127265,126.9506153161,부설,0.9,True,False,False
14025-29391-00044-00-1,,6,37.4054040378,126.9511977359,부설,0.9,False,False,False
14025-29391-00045-00-1,,5,37.4053429023,126.9515230635,부설,0.9,False,False,False
14025-29391-11013-00-1,안양서중학교,39,,,부설,0.9,True,False,False
14025-29392-00006-00-1,,1,37.4043763859,126.9500282846,부설,0.9,False,False,False
14025-29392-00014-00-1,,8,37.4030104255,126.9499975675,부설,0.9,False,False,False
14025-29392-00017-00-1,성준빌딩,14,37.402257277,126.9502465416,부설,0.9,True,False,False
14025-29392-00027-00-1,수성빌딩,8,37.4023403865,126.9507615052,부설,0.9,True,False,False
14026-29391-00001-00-1,,3,37.4069393687,126.9511786682,부설,0.9,False,False,False
14026-29391-00002-00-1,비산동 1043-7 노유자시설 (강정근),2,37.4061248111,126.951093356,애매,0.3,False,False,False
14026-29391-00003-00-1,무지개아파트,18,37.4061787767,126.9508629061,부설,0.9,True,False,False
14026-29391-00004-00-1,,12,37.4066581663,126.9509755421,애매,0.3,False,False,False
14026-29391-00005-00-1,,4,37.406917802,126.9513187396,부설,0.9,False,False,False
14026-29391-00006-00-1,신대원빌,6,37.4062657735,126.9520781759,부설,0.9,True,False,False
14026-29391-00007-00-1,,3,37.4060064238,126.9524352573,부설,0.9,False,False,False
14026-29391-00008-00-1,,4,37.4060925159,126.9514367398,부설,0.9,False,False,False
14026-29391-11013-00-1,한국도로공사도로관리사무소,5,,,애매,0.3,False,False,False
14027-29391-00001-00-1,다가구주택,1,37.4063324912,126.9115340813,부설,0.9,True,False,False
14027-29391-00002-00-1,,4,37.4061338907,126.9110328241,부설,0.9,False,False,False
14027-29391-00003-00-1,다가구주택,1,37.4063686097,126.9116379516,부설,0.9,True,False,False
14027-29391-00004-00-1,다가구주택,1,37.4066676468,126.9115020614,부설,0.9,True,False,False
14027-29391-00005-00-1,,1,37.4060983613,126.9117150738,부설,0.9,False,False,False
14027-29391-00006-00-1,,1,37.4060191154,126.9117738998,부설,0.9,False,False,False
14027-29391-00007-00-1,,8,37.4054373726,126.909804781,부설,0.9,False,False,False
14027-29391-00008-00-1,효성하임빌,11,37.4055819138,126.9103015768,부설,0.9,True,False,False
14027-29391-00009-00-1,,4,37.4047888485,126.9100811474,부설,0.9,False,False,False
14028-29391-00001-00-1,,4,37.4062704091,126.9104543661,부설,0.9,False,False,False
14028-29391-00002-00-1,평화빌리지,6,37.4067759548,126.9117504225,부설,0.9,True,False,False
14028-29391-00003-00-1,다가구주택6가구용,1,37.4065742107,126.9118636082,부설,0.9,True,False,False
14029-29391-00001-00-1,다가구주택,2,37.40655569,126.9111949719,부설,0.9,True,False,False
14029-29391-00002-00-1,정우펠리스,11,37.40612656,126.9108701871,애매,0.3,False,False,False
14031-29391-00001-00-1,다가구주택,1,37.4115484013,126.9078726761,부설,0.9,True,False,False
14031-29391-00002-00-1,다가구주택,1,37.4116384433,126.9077957554,부설,0.9,True,False,False
14031-29391-00003-00-1,다성빌라,4,37.4117320858,126.9077143117,부설,0.9,True,False,False
14031-29391-00004-00-1,황실빌라,11,37.4116854511,126.9079945015,부설,0.9,True,False,False
14031-29391-00005-00-1,목련원,8,37.4114758607,126.9072853918,애매,0.3,False,False,False
14031-29391-00006-00-1,관악에코빌,14,37.4122124744,126.9090646938,부설,0.9,True,False,False
14031-29391-00007-00-1,,3,37.4121435787,126.9085225817,부설,0.9,False,False,False
14031-29391-00008-00-1,,8,37.4119381395,126.9085137949,부설,0.9,False,False,False
14031-29391-00009-00-1,우성빌라,4,37.4105694358,126.9096133821,부설,0.9,True,False,False
14031-29391-11013-00-1,,2,,,부설,0.9,False,False,False
14032-29391-00001-00-1,밀레니엄,12,37.4108254734,126.9098073578,애매,0.3,False,False,False
14032-29391-00002-00-1,,4,37.410829339,126.9101507375,부설,0.9,False,False,False
14032-29391-00010-00-1,,3,37.3764562079,126.9615901044,부설,0.9,False,False,False
14032-29391-00011-00-1,,2,37.376503108,126.9617345975,부설,0.9,False,False,False
14032-29391-00012-00-1,,3,37.3765536106,126.9618745729,부설,0.9,False,False,False
14032-29391-00013-00-1,,3,37.3766005089,126.9620145502,부설,0.9,False,False,False
14032-29391-00014-00-1,,4,37.3764671805,126.9620868759,부설,0.9,False,False,False
14032-29391-00015-00-1,,4,37.3764166781,126.9619469006,부설,0.9,False,False,False
14032-29391-00016-00-1,,2,37.3763661756,126.9618069255,부설,0.9,False,False,False
14032-29391-00017-00-1,,3,37.3762723768,126.961522456,부설,0.9,False,False,False
14032-29391-00018-00-1,,4,37.3771735447,126.961964583,부설,0.9,False,False,False
14032-29391-00019-00-1,호계동근.생/주택,4,37.3770474216,126.9620278734,부설,0.9,True,False,False
14032-29391-00020-00-1,,4,37.3769176972,126.9621001977,부설,0.9,False,False,False
14032-29391-00021-00-1,,2,37.3767915754,126.9621680038,부설,0.9,False,False,False
14032-29391-00022-00-1,,2,37.3766654536,126.9622358096,부설,0.9,False,False,False
14032-29391-00041-00-1,호계동 1107-1 단독주택 (이진규),4,37.3737860443,126.9630817441,부설,0.9,True,False,False
14032-29391-00042-00-1,,2,37.3738437634,126.9632533237,부설,0.9,False,False,False
14032-29391-00043-00-1,,4,37.3739050877,126.9634294179,부설,0.9,False,False,False
14032-29391-00044-00-1,,2,37.3739664117,126.9636055123,부설,0.9,False,False,False
14032-29391-00045-00-1,,2,37.3738510999,126.963668792,부설,0.9,False,False,False
14032-29391-00064-00-1,,2,37.3732781418,126.9639761539,부설,0.9,False,False,False
14032-29391-00065-00-1,,4,37.3732168183,126.9638000608,부설,0.9,False,False,False
14032-29391-00066-00-1,,4,37.3731554945,126.9636239679,부설,0.9,False,False,False
14032-29391-00067-00-1,,3,37.3730941705,126.9634478754,부설,0.9,False,False,False
14032-29391-00068-00-1,,5,37.3730364503,126.9632717814,부설,0.9,False,False,False
14032-29391-00069-00-1,,4,37.3728670884,126.9633712146,부설,0.9,False,False,False
14032-29391-00071-00-1,,4,37.3729897433,126.9637459785,부설,0.9,False,False,False
14032-29391-00072-00-1,,4,37.3730438573,126.9639175586,부설,0.9,False,False,False
14032-29391-00073-00-1,,4,37.3730979697,126.9640846229,부설,0.9,False,False,False
14032-29391-00074-00-1,,4,37.3729466002,126.964093727,부설,0.9,False,False,False
14032-29391-00075-00-1,,2,37.3728816755,126.9639266681,부설,0.9,False,False,False
14032-29391-00076-00-1,,4,37.3728347739,126.9637686328,부설,0.9,False,False,False
14032-29391-00077-00-1,,6,37.3727878693,126.9636015658,부설,0.9,False,False,False
14032-29391-00078-00-1,No. 180,6,37.3727409616,126.9634254671,애매,0.3,False,False,False
14032-29391-11013-00-1,한일코지세상,55,,,애매,0.3,False,False,False
14032-29392-00070-00-1,,3,37.3729320222,126.9635653686,부설,0.9,False,False,False
14033-29391-00001-00-1,,5,37.3783419609,126.9641679316,부설,0.9,False,False,False
14033-29391-00002-00-1,,40,37.3807360296,126.9674457071,애매,0.3,False,False,False
14033-29391-11013-00-1,파크뷰,17,,,부설,0.9,True,False,False
14039-29391-00001-00-1,,2,37.3638174329,126.9641929006,부설,0.9,False,False,False
14039-29391-00002-00-1,,2,37.3850836174,126.9287675683,부설,0.9,False,False,False
14039-29391-00003-00-1,,1,37.3847479333,126.927936822,부설,0.9,False,False,False
14039-29391-00004-00-1,,6,37.384751768,126.928316217,부설,0.9,False,False,False
14039-29391-00005-00-1,,1,37.3844488625,126.928050024,부설,0.9,False,False,False
14039-29391-00006-00-1,,2,37.3846473205,126.9284337493,부설,0.9,False,False,False
14039-29391-00007-00-1,,8,37.3844130135,126.9283662225,부설,0.9,False,False,False
14039-29391-00008-00-1,,6,37.3849785897,126.9279275679,부설,0.9,False,False,False
14039-29391-00009-00-1,,1,37.3844565516,126.9288449442,부설,0.9,False,False,False
14039-29391-00010-00-1,정우주택,5,37.3844060318,126.9287411095,부설,0.9,True,False,False
14040-29391-11012-00-1,쎈텀플레이스,80,,,애매,0.3,False,False,False
14042-29391-11012-00-1,아세아시멘트(주)서울레미콘공장,42,,,부설,0.9,True,False,False
14043-29391-00001-00-1,현대파크빌,6,37.3851084558,126.9489209395,부설,0.9,True,False,False
14043-29391-00002-00-1,에이스빌,8,37.385148167,126.9490744795,부설,0.9,True,False,False
14043-29391-00003-00-1,,3,37.3850257481,126.9493545958,부설,0.9,False,False,False
14043-29391-00004-00-1,일신아파트,132,37.3843514238,126.9485239898,부설,0.9,True,False,False
14049-29391-00001-00-1,,3,37.3781208704,126.960284058,부설,0.9,False,False,False
14049-29391-00002-00-1,,2,37.3779623188,126.9603699503,부설,0.9,False,False,False
14049-29391-00003-00-1,,3,37.3778073713,126.9604558403,부설,0.9,False,False,False
14051-29391-00001-00-1,,4,37.3776524222,126.9605372137,부설,0.9,False,False,False
14051-29391-00002-00-1,,2,37.3774938705,126.9606231049,부설,0.9,False,False,False
14051-29391-00003-00-1,,2,37.3773389213,126.9607044776,부설,0.9,False,False,False
14051-29391-00004-00-1,94-110,2,37.3783731966,126.960401348,애매,0.3,False,False,False
14051-29391-00005-00-1,건축허가번호('93-208호),2,37.3784886377,126.9607309755,부설,0.9,True,False,False
14051-29391-00006-00-1,,2,37.378542753,126.9608935333,부설,0.9,False,False,False
14051-29391-00007-00-1,,2,37.3786004737,126.9610606058,부설,0.9,False,False,False
14051-29391-00008-00-1,,2,37.3785284511,126.9612412942,부설,0.9,False,False,False
14051-29391-00009-00-1,,2,37.3784671295,126.9610832561,부설,0.9,False,False,False
14053-29391-00001-00-1,,4,37.3784130174,126.9609297308,부설,0.9,False,False,False
14054-29391-00001-00-1,,2,37.3782580859,126.9610652991,부설,0.9,False,False,False
14054-29391-00002-00-1,,4,37.3781896748,126.9612685661,부설,0.9,False,False,False
14054-29391-00003-00-1,,2,37.3781319558,126.9611060106,부설,0.9,False,False,False
14054-29391-00004-00-1,,2,37.3780742367,126.9609434553,부설,0.9,False,False,False
14054-29391-00005-00-1,,2,37.3780201214,126.9607808985,부설,0.9,False,False,False
14054-29391-00006-00-1,,3,37.3779624018,126.9606183437,부설,0.9,False,False,False
14054-29391-00007-00-1,,3,37.3777966493,126.96072682,부설,0.9,False,False,False
14054-29391-00008-00-1,,3,37.37786519,126.9609164663,부설,0.9,False,False,False
14054-29391-00009-00-1,,4,37.3779265222,126.9611061167,부설,0.9,False,False,False
14054-29391-00010-00-1,,5,37.3779950623,126.9612957636,부설,0.9,False,False,False
14054-29391-00011-00-1,호계동다가구주택,5,37.3778725378,126.961340989,부설,0.9,True,False,False
14055-29391-11011-00-1,현대자동차 신영공업사,12,,,애매,0.3,False,False,False
14055-29392-11010-00-1,,30,,,애매,0.3,False,False,False
14058-29391-11010-00-1,에이스하이테크시티평촌,346,,,애매,0.3,False,False,False
14059-29391-11010-00-1,,17,,,애매,0.3,False,False,False
14066-29391-00003-00-1,,5,37.3778076033,126.9611558567,부설,0.9,False,False,False
14066-29391-00004-00-1,,3,37.3777426686,126.9609707247,부설,0.9,False,False,False
14066-29391-00005-00-1,,5,37.3776813377,126.9607855911,부설,0.9,False,False,False
14066-29391-00006-00-1,,4,37.3775083708,126.9608760055,부설,0.9,False,False,False
14066-29391-00007-00-1,,2,37.3775733027,126.9610521044,부설,0.9,False,False,False
14066-29391-00008-00-1,,3,37.3776310277,126.9612327236,부설,0.9,False,False,False
14066-29391-00009-00-1,,4,37.377692355,126.9614088249,부설,0.9,False,False,False
14066-29391-00010-00-1,,4,37.3775770415,126.9614630787,부설,0.9,False,False,False
14066-29391-00011-00-1,,3,37.3775157158,126.9612914937,부설,0.9,False,False,False
14066-29391-00012-00-1,,2,37.3774543883,126.9611153929,부설,0.9,False,False,False
14066-29391-00013-00-1,,2,37.3773930591,126.9609347761,부설,0.9,False,False,False
14066-29391-00014-00-1,,3,37.3787051316,126.9614850829,부설,0.9,False,False,False
14066-29391-00015-00-1,,2,37.378571777,126.9614761185,부설,0.9,False,False,False
14066-29391-00016-00-1,,3,37.3784348227,126.9614807049,부설,0.9,False,False,False
14066-29391-00017-00-1,,8,37.3782978729,126.96149884,부설,0.9,False,False,False
14066-29391-00018-00-1,,2,37.3780239805,126.9615576912,부설,0.9,False,False,False
14066-29391-00019-00-1,,2,37.3778906436,126.9616029217,부설,0.9,False,False,False
14066-29391-00020-00-1,,2,37.3777573081,126.9616526682,부설,0.9,False,False,False
14066-29391-00021-00-1,,3,37.377627581,126.9617159614,부설,0.9,False,False,False
14066-29391-00022-00-1,,4,37.3774978554,126.9617837706,부설,0.9,False,False,False
14066-29391-00023-00-1,,2,37.3773753393,126.9618560921,부설,0.9,False,False,False
14066-29391-00024-00-1,안양일심교회교육관,18,37.3768341479,126.9601086056,부설,0.9,True,False,False
14066-29391-00025-00-1,일심 유치원,8,37.37693877,126.9604156507,부설,0.9,True,False,False
14066-29391-00026-00-1,,2,37.3767153837,126.9606189957,부설,0.9,False,False,False
14066-29391-00027-00-1,,4,37.3766612679,126.960456442,부설,0.9,False,False,False
14066-29391-00028-00-1,,4,37.3765963442,126.9603074427,부설,0.9,False,False,False
14066-29391-00029-00-1,,2,37.3764594127,126.9603797733,부설,0.9,False,False,False
14066-29391-00030-00-1,,3,37.3763296878,126.9604475838,부설,0.9,False,False,False
14066-29391-00031-00-1,,3,37.3761963603,126.960519912,부설,0.9,False,False,False
14066-29391-00032-00-1,,1,37.3760594286,126.9605922419,부설,0.9,False,False,False
14066-29391-00033-00-1,,5,37.3760125286,126.9604522664,부설,0.9,False,False,False
14066-29391-00034-00-1,,2,37.3761458561,126.9603799383,부설,0.9,False,False,False
14066-29391-00035-00-1,,4,37.3762791835,126.9603076098,부설,0.9,False,False,False
14066-29391-00039-00-1,제176호,2,37.3795985762,126.9603600566,애매,0.3,False,False,False
14067-29391-00001-00-1,,3,37.3783589036,126.9607716895,부설,0.9,False,False,False
14067-29391-00002-00-1,,3,37.3783047896,126.9606136484,부설,0.9,False,False,False
14067-29391-00003-00-1,,1,37.378254281,126.9604601219,부설,0.9,False,False,False
14067-29391-00004-00-1,,2,37.3780813175,126.9605595703,부설,0.9,False,False,False
14067-29391-00005-00-1,,2,37.3781426428,126.9607266396,부설,0.9,False,False,False
14067-29391-00006-00-1,,2,37.3782003652,126.9608982273,부설,0.9,False,False,False
14072-29391-00006-00-1,다가구주택,2,37.4052917658,126.9126828473,부설,0.9,True,False,False
14072-29391-00007-00-1,다가구주택,1,37.4052484401,126.9125789863,부설,0.9,True,False,False
14072-29391-00008-00-1,,2,37.4052087183,126.9124751212,부설,0.9,False,False,False
14072-29391-00009-00-1,다가구주택,2,37.4051689931,126.9123667384,부설,0.9,True,False,False
14072-29391-00010-00-1,다가구주택,1,37.4051256671,126.9122628778,부설,0.9,True,False,False
14072-29391-11011-00-1,힐스테이트 범계역 모비우스,669,,,부설,0.9,True,False,False
14079-29391-11012-00-1,(주)혜성환경 공장신축공사,15,,,부설,0.9,True,False,False
14081-29391-00003-00-1,금아트빌,4,37.4096218536,126.9099940446,부설,0.9,True,False,False
14081-29391-00004-00-1,,4,37.4095246089,126.9100800056,부설,0.9,False,False,False
14081-29391-11013-00-1,융창빌딩,45,,,부설,0.9,True,False,False
14082-29391-00020-00-1,,1,37.4111227747,126.9074304105,부설,0.9,False,False,False
14082-29391-00021-00-1,다가구주택,1,37.4110399305,126.9074937676,부설,0.9,True,False,False
14082-29391-00022-00-1,목화빌라,4,37.4113863446,126.9080355316,부설,0.9,True,False,False
14084-29391-11013-00-1,안양 아이에스 BIZ타워 센트럴,1685,,,부설,0.9,True,False,False
14086-29391-00029-00-1,,5,37.3811947573,126.9590855808,부설,0.9,False,False,False
14086-29391-00030-00-1,,2,37.3812200405,126.9592436425,부설,0.9,False,False,False
14086-29391-00031-00-1,,4,37.3812669404,126.9593791104,부설,0.9,False,False,False
14086-29391-00032-00-1,,2,37.3813138401,126.9595145784,부설,0.9,False,False,False
14086-29391-00033-00-1,,3,37.3813643438,126.9596500447,부설,0.9,False,False,False
14086-29391-00034-00-1,,2,37.3814112401,126.9597764803,부설,0.9,False,False,False
14086-29391-00035-00-1,,2,37.381486969,126.9599029006,부설,0.9,False,False,False
14086-29391-00036-00-1,,2,37.3812743656,126.9600159249,부설,0.9,False,False,False
14086-29391-00037-00-1,,2,37.3812418782,126.9598668996,부설,0.9,False,False,False
14086-29391-00038-00-1,,2,37.381194982,126.9597404643,부설,0.9,False,False,False
14086-29391-11013-00-1,명학 아크로팰리스,29,,,부설,0.9,True,False,False
14087-29391-00011-00-1,,2,37.3789608373,126.9609204141,부설,0.9,False,False,False
14087-29391-00012-00-1,,4,37.379018558,126.9610874875,부설,0.9,False,False,False
14087-29391-00013-00-1,,3,37.3790798825,126.9612545594,부설,0.9,False,False,False
14087-29391-00014-00-1,,2,37.3789393242,126.961259148,부설,0.9,False,False,False
14087-29391-00015-00-1,,2,37.3788780026,126.961101109,부설,0.9,False,False,False
14087-29391-00016-00-1,건축허가번호('93-350호),2,37.3788274961,126.9609520973,부설,0.9,True,False,False
14087-29391-00017-00-1,건축허가번호('93-197호),3,37.3787733839,126.9607985714,부설,0.9,True,False,False
14087-29391-00018-00-1,제100호,2,37.3787228755,126.9606450438,애매,0.3,False,False,False
14087-29391-00019-00-1,,13,37.3771657691,126.9602393997,애매,0.3,False,False,False
14088-29391-00001-00-1,,7,37.3785893255,126.9600534806,부설,0.9,False,False,False
14088-29391-11013-00-1,,22,,,애매,0.3,False,False,False
14091-29391-00001-00-1,,1,37.4101145408,126.9085973397,부설,0.9,False,False,False
14091-29391-00002-00-1,새천년맨션,7,37.4105432193,126.9083302452,부설,0.9,True,False,False
14091-29391-00003-00-1,골든캐슬,15,37.4107561185,126.9086643334,부설,0.9,True,False,False
14091-29391-00004-00-1,예가빌2차,8,37.4108499604,126.9088404299,부설,0.9,True,False,False
14091-29391-00005-00-1,새천년맨션,7,37.410651506,126.9085424689,부설,0.9,True,False,False
14091-29391-00006-00-1,새천년맨션,6,37.4105002327,126.9086691623,부설,0.9,True,False,False
14091-29391-00007-00-1,새천년맨션,7,37.4103883456,126.9084614614,부설,0.9,True,False,False
14091-29391-00008-00-1,,2,37.4106872526,126.908162896,부설,0.9,False,False,False
14091-29391-00009-00-1,,1,37.4107630503,126.9083073862,부설,0.9,False,False,False
14091-29391-00012-00-1,,3,37.3731517619,126.9632085017,부설,0.9,False,False,False
14091-29391-00013-00-1,,3,37.3732130863,126.9633845942,부설,0.9,False,False,False
14091-29391-00014-00-1,,4,37.3732744104,126.963560687,부설,0.9,False,False,False
14091-29391-00015-00-1,,3,37.3733357343,126.9637367801,부설,0.9,False,False,False
14091-29391-00016-00-1,nO. 270('94.11.18),2,37.3733934538,126.9639128752,애매,0.3,False,False,False
14091-29391-11013-00-1,안양시시립도서관,10,,,비부설,0.9,False,True,False
14091-29392-00011-00-1,,3,37.3733247307,126.9631180979,부설,0.9,False,False,False
14092-29391-11013-00-1,미영팰리스,7,,,부설,0.9,True,False,False
14093-29391-00001-00-1,,6,37.4093516167,126.9100847305,부설,0.9,False,False,False
14093-29391-00002-00-1,삼덕주택,4,37.4096320404,126.9091762484,부설,0.9,True,False,False
14093-29391-00003-00-1,다가구주택,1,37.4098269065,126.9094968022,부설,0.9,True,False,False
14093-29391-00004-00-1,,1,37.4095166579,126.9091086156,부설,0.9,False,False,False
14093-29391-00005-00-1,다가구주택,1,37.4096249606,126.9093434282,부설,0.9,True,False,False
14093-29391-00006-00-1,,3,37.4098918628,126.9096051599,부설,0.9,False,False,False
14093-29391-00007-00-1,골든캐슬2차,8,37.4099532046,126.9096999676,부설,0.9,True,False,False
14093-29391-00008-00-1,,8,37.4098732562,126.9088416134,부설,0.9,False,False,False
14093-29391-00009-00-1,,2,37.4100428529,126.9091079799,부설,0.9,False,False,False
14093-29391-00010-00-1,,1,37.4099167901,126.9092120499,부설,0.9,False,False,False
14093-29391-00011-00-1,,4,37.4099565355,126.9093430287,부설,0.9,False,False,False
14093-29391-00012-00-1,,3,37.4101186253,126.9092208427,부설,0.9,False,False,False
14093-29391-00013-00-1,,8,37.4102233409,126.9094782526,부설,0.9,False,False,False
14093-29391-00014-00-1,,7,37.4099562613,126.9089860941,부설,0.9,False,False,False
14093-29391-00015-00-1,,6,37.4097724534,126.9089863165,부설,0.9,False,False,False
14093-29391-00016-00-1,다가구주택,1,37.4105005843,126.9091254996,부설,0.9,True,False,False
14093-29391-00017-00-1,수자인,14,37.4109430822,126.9080857739,애매,0.3,False,False,False
14093-29391-00018-00-1,영원해밀리지3,15,37.4109325084,126.9083930259,애매,0.3,False,False,False
14093-29391-00019-00-1,유일스타리움,9,37.4112245958,126.908595991,애매,0.3,False,False,False
14093-29391-00020-00-1,다가구주택,1,37.4109354619,126.9075571512,부설,0.9,True,False,False
14093-29391-00021-00-1,다가구주택,1,37.4111014961,126.9078732234,부설,0.9,True,False,False
14093-29391-00022-00-1,덕하빌라,4,37.4112494846,126.9081576914,부설,0.9,True,False,False
14093-29391-00023-00-1,목화빌라,4,37.4113249839,126.9079181322,부설,0.9,True,False,False
14093-29391-00024-00-1,태화빌라,5,37.4114405076,126.9081664947,부설,0.9,True,False,False
14093-29391-00025-00-1,그린빌,4,37.4113000329,126.908275104,부설,0.9,True,False,False
14093-29391-11013-00-1,다온채,3,,,애매,0.3,False,False,False
14094-29391-00007-00-1,,4,37.3756665938,126.9606285763,부설,0.9,False,False,False
14094-29391-00008-00-1,,4,37.3758107322,126.9605517269,부설,0.9,False,False,False
14094-29391-00009-00-1,호계동 근생빌딩,8,37.3750396581,126.9611663162,부설,0.9,True,False,False
14094-29391-00010-00-1,,6,37.3751442789,126.9614778715,부설,0.9,False,False,False
14094-29391-00011-00-1,,2,37.373591271,126.9625986294,부설,0.9,False,False,False
14094-29391-00012-00-1,,4,37.3734363218,126.9626845098,부설,0.9,False,False,False
14094-29391-00013-00-1,,2,37.3732813711,126.962765874,부설,0.9,False,False,False
14094-29391-00014-00-1,,2,37.3731228176,126.9628517555,부설,0.9,False,False,False
14094-29391-00015-00-1,,2,37.3729678667,126.9629331189,부설,0.9,False,False,False
14094-29391-00016-00-1,No. 179,2,37.3728129172,126.9630189979,애매,0.3,False,False,False
14094-29391-00017-00-1,건축허가('93-292호),2,37.3726579677,126.9631048766,부설,0.9,True,False,False
14094-29391-00018-00-1,,3,37.3737247195,126.9629056505,부설,0.9,False,False,False
14095-29391-00004-00-1,,4,37.3793899248,126.961529896,부설,0.9,False,False,False
14095-29391-00005-00-1,이재운,2,37.379245758,126.961520937,애매,0.3,False,False,False
14095-29391-00006-00-1,'95.4.10.  제105호,2,37.3791015897,126.9615074617,애매,0.3,False,False,False
14095-29391-00007-00-1,,4,37.3789610269,126.961498501,부설,0.9,False,False,False
14095-29391-00008-00-1,,2,37.3788453953,126.9605862679,부설,0.9,False,False,False
14095-29391-00009-00-1,,3,37.3789067205,126.960753339,부설,0.9,False,False,False
14095-29391-11013-00-1,명학초등학교,22,,,부설,0.9,True,False,False
14096-29391-00002-00-1,,4,37.4040493968,126.9524093876,부설,0.9,False,False,False
14096-29391-00003-00-1,금호빌딩,7,37.403894222,126.9519170454,부설,0.9,True,False,False
14096-29391-00004-00-1,,8,37.4038798662,126.952066142,부설,0.9,False,False,False
14096-29391-00005-00-1,,8,37.4038727129,126.9522016805,부설,0.9,False,False,False
14096-29391-00006-00-1,,2,37.4034656352,126.9526582344,부설,0.9,False,False,False
14096-29391-00007-00-1,.,6,37.4036496109,126.9530782727,애매,0.3,False,False,False
14096-29391-00008-00-1,금석빌딩,8,37.4035808861,126.9524593795,부설,0.9,True,False,False
14096-29391-00009-00-1,우즈빌,8,37.4031342719,126.9531915379,부설,0.9,True,False,False
14096-29391-00010-00-1,,12,37.4026257168,126.9522431321,애매,0.3,False,False,False
14096-29391-00011-00-1,,5,37.4027194976,126.9524282996,부설,0.9,False,False,False
14096-29391-00015-00-1,,8,37.4026907376,126.9526090269,부설,0.9,False,False,False
14096-29391-00016-00-1,하이마트,20,37.4027882585,126.9531375404,애매,0.3,False,False,False
14096-29391-00017-00-1,92-30,5,37.4005984901,126.9481334002,애매,0.3,False,False,False
14096-29391-00018-00-1,,4,37.4007752522,126.9485037226,부설,0.9,False,False,False
14096-29391-00019-00-1,"No.188(92,8,4)",5,37.4008437965,126.9486572747,애매,0.3,False,False,False
14096-29391-00020-00-1,전원빌라-가동,4,37.4009521163,126.9491134808,부설,0.9,True,False,False
14096-29391-00021-00-1,전원빌라-나동,4,37.400973799,126.9492489949,부설,0.9,True,False,False
14096-29391-00022-00-1,날뫼빌딩,23,37.4010856841,126.9496193653,부설,0.9,True,False,False
14096-29391-00023-00-1,푸른빌라,4,37.4010135021,126.949384497,부설,0.9,True,False,False
14096-29391-00024-00-1,,6,37.40138528,126.9507034007,부설,0.9,False,False,False
14096-29391-00025-00-1,,74,37.4015764166,126.9509924058,애매,0.3,False,False,False
14096-29391-00026-00-1,,2,37.4014147467,126.9522484183,부설,0.9,False,False,False
14096-29391-00027-00-1,,4,37.401397296,126.9536805246,부설,0.9,False,False,False
14096-29391-00028-00-1,비산동 키즈맘센터,175,37.4018511413,126.9529980759,애매,0.3,False,False,False
14096-29391-00029-00-1,비산동근린생활시설,2,37.3991480963,126.9309949463,부설,0.9,True,False,False
14096-29391-00030-00-1,희성초등학교,24,37.3981047863,126.948875981,부설,0.9,True,False,False
14096-29391-00031-00-1,달안동사무소,6,37.3960762393,126.9501738329,애매,0.3,False,False,False
14096-29391-00032-00-1,,3,37.3774324237,126.9600947401,부설,0.9,False,False,False
14096-29391-00033-00-1,,4,37.377565751,126.9600224099,부설,0.9,False,False,False
14096-29391-00034-00-1,,4,37.3777026823,126.9599500776,부설,0.9,False,False,False
14096-29391-00035-00-1,,4,37.3778360094,126.9598777469,부설,0.9,False,False,False
14096-29391-00036-00-1,,4,37.376416115,126.9602352792,부설,0.9,False,False,False
14096-29391-00037-00-1,,4,37.3765494424,126.9601629503,부설,0.9,False,False,False
14096-29391-00038-00-1,,2,37.3765352193,126.9607410262,부설,0.9,False,False,False
14096-29391-00039-00-1,,4,37.3763874781,126.9608223939,부설,0.9,False,False,False
14096-29391-11013-00-1,메트로병원,176,,,부설,0.9,True,False,False
14096-29392-00001-00-1,,5,37.4038621619,126.9528522503,부설,0.9,False,False,False
14098-29391-11013-00-1,,6,,,부설,0.9,False,False,False
14099-29391-11011-00-1,맵시프라자,20,,,부설,0.9,True,False,False
14103-29391-11011-00-1,,2,,,부설,0.9,False,False,False
14107-29391-11011-00-1,,2,,,부설,0.9,False,False,False
14109-29391-00007-00-1,,4,37.4095087643,126.8993630048,부설,0.9,False,False,False
14109-29391-00008-00-1,,3,37.409606251,126.8995707089,부설,0.9,False,False,False
14109-29391-00009-00-1,,2,37.4096748818,126.8997513432,부설,0.9,False,False,False
14109-29391-00010-00-1,,1,37.4096817714,126.8993763278,부설,0.9,False,False,False
14112-29391-00020-00-1,,2,37.4064269044,126.9077434089,부설,0.9,False,False,False
14112-29391-00021-00-1,,4,37.4065026992,126.9078833726,부설,0.9,False,False,False
14114-29391-00031-00-1,,12,37.4100153141,126.910806844,애매,0.3,False,False,False
14115-29391-00024-00-1,비손빌라,4,37.412423057,126.9110976795,부설,0.9,True,False,False
14115-29391-00025-00-1,,3,37.4138001958,126.9116066305,부설,0.9,False,False,False
14119-29391-00026-00-1,다가구주택,1,37.4039546866,126.9079768479,부설,0.9,True,False,False
14119-29391-00027-00-1,다가구주택,1,37.4042148347,126.9088213619,부설,0.9,True,False,False
14119-29391-00028-00-1,,1,37.4039086586,126.9090431051,부설,0.9,False,False,False
14119-29391-11011-00-1,,31,,,애매,0.3,False,False,False
14120-29391-00032-00-1,석원홈타운맨션,8,37.4352687527,126.9013759412,부설,0.9,True,False,False
14123-29391-00006-00-1,,3,37.4042286528,126.908048798,부설,0.9,False,False,False
14127-29391-11012-00-1,윈하우스,4,,,부설,0.9,True,False,False
14354-29391-00067-00-1,까사리움,6,37.3938310878,126.9235419301,애매,0.3,False,False,False
14406-29391-00031-00-1,,6,37.4103132488,126.884442884,부설,0.9,False,False,False
14417-29391-00024-00-1,,2,37.4164720918,126.9237945523,부설,0.9,False,False,False
14420-29391-00031-00-1,,4,37.383374639,126.9277168244,부설,0.9,False,False,False
14422-29391-00015-00-1,프라임하우스,8,37.3928415569,126.9104116198,부설,0.9,True,False,False
14424-29391-00014-00-1,,7,37.4013608099,126.9141827499,부설,0.9,False,False,False
14434-29391-00025-00-1,(주)동아엘텍 평촌사옥,63,37.3986627288,126.9672527376,부설,0.9,True,False,False
14441-29391-00119-00-1,석수동성우팰리스,15,37.4187089269,126.916539789,부설,0.9,True,False,False
14450-29391-00027-00-1,삼덕도서관,12,37.3963339357,126.9153268527,비부설,0.9,False,True,False
14457-29391-00004-00-1,골드리치빌,8,37.4034658725,126.9634918586,부설,0.9,True,False,False
14475-29391-00018-00-1,,2,37.4027401327,126.9594443233,부설,0.9,False,False,False
14487-29391-00204-00-1,해밀레지던스,6,37.4137495131,126.9162470781,애매,0.3,False,False,False
14488-29391-00124-00-1,마르빌,9,37.4134971354,126.9111822592,부설,0.9,True,False,False
14493-29391-00060-00-1,,2,,,부설,0.9,False,False,False
14516-29391-00030-00-1,신명프라임,9,37.4066041553,126.9133680545,애매,0.3,False,False,False
14525-29391-00060-00-1,,39,,,애매,0.3,False,False,False
14546-29391-00063-00-1,양지마을 파크뷰,8,37.4105709121,126.9479683885,부설,0.9,True,False,False
14548-29392-00118-00-1,,22,37.3904162093,126.9324122519,애매,0.3,False,False,False
14552-29391-00075-00-1,,2,37.3829398034,126.929808401,부설,0.9,False,False,False
14561-29391-00021-00-1,,83,37.4097175685,126.9715717962,애매,0.3,False,False,False
14566-29391-00079-00-1,,6,37.4076231855,126.9699054365,부설,0.9,False,False,False
14573-29391-00595-00-1,,1,37.3980376763,126.9190563482,부설,0.9,False,False,False
14573-29391-00653-00-1,,5,37.4129135229,126.9115127872,부설,0.9,False,False,False
14581-29391-00011-00-1,중앙빌,5,37.3997595803,126.9178257223,부설,0.9,True,False,False
14601-29391-00208-00-1,미영팰리스,14,37.3833141167,126.9289499047,부설,0.9,True,False,False
14611-29391-00146-00-1,,4,37.3962533789,126.9186562237,부설,0.9,False,False,False
14614-29391-00084-00-1,,2,37.4313168668,126.9035233439,부설,0.9,False,False,False
14622-29391-00288-00-1,,4,37.3963631939,126.9159231097,부설,0.9,False,False,False
14652-29391-00027-00-1,,13,37.3828106235,126.9372291884,애매,0.3,False,False,False
14661-29391-00117-00-1,,12,37.4321824477,126.9042679503,애매,0.3,False,False,False
14671-29391-00030-00-1,,64,37.399699014,126.9616279383,애매,0.3,False,False,False
14692-29391-00033-00-1,평촌 더샵 센트럴시티,1906,37.4000815369,126.9631682352,애매,0.3,False,False,False
14737-29391-00009-00-1,오페라하우스,8,37.3825183677,126.9302197969,부설,0.9,True,False,False
14739-29391-00017-00-1,,3,37.4093600047,126.8863374433,부설,0.9,False,False,False
14739-29391-00021-00-1,다온빌딩,5,37.3665970494,126.956027441,부설,0.9,True,False,False
14748-29391-00062-00-1,무림메디빌딩,15,37.403614992,126.9568099838,부설,0.9,True,False,False
14756-29391-00021-00-1,로체그랑,8,,,애매,0.3,False,False,False
14759-29391-00016-00-1,,5,37.4254111419,126.9146388504,부설,0.9,False,False,False
14784-29391-00037-00-1,,2,37.405585853,126.8974165188,부설,0.9,False,False,False
15087-29391-00028-00-1,,112,37.3827177969,126.9389094148,애매,0.3,False,False,False
15100-29391-00041-00-1,주식회사 삼표,20,37.3844837538,126.9388131328,부설,0.9,True,False,False
15109-29391-00048-00-1,신안중학교,42,37.3886824864,126.9153715937,부설,0.9,True,False,False
15277-29391-00145-00-1,정우팰리스,8,37.4065117726,126.9649813068,부설,0.9,True,False,False
15399-29391-00075-00-1,,3,37.3898605603,126.9313377147,부설,0.9,False,False,False
15405-29391-00036-00-1,보광빌딩,5,,,부설,0.9,True,False,False
15406-29391-00020-00-1,평촌동93-7 근린생활시설 및 주택,5,,,부설,0.9,True,False,False
15423-29391-00038-00-1,,8,,,부설,0.9,False,False,False
15427-29391-00019-00-1,바스타운,8,37.3895541382,126.9449791519,부설,0.9,True,False,False
15436-29391-00031-00-1,신성안양미소지움,141,37.3922160654,126.9125760544,애매,0.3,False,False,False
15567-29391-00076-00-1,,4,,,부설,0.9,False,False,False
15599-29391-00040-00-1,청용빌딩,35,37.3993603366,126.9619578905,부설,0.9,True,False,False
15612-29391-00021-00-1,관악아파트,101,37.3953111058,126.9477033843,부설,0.9,True,False,False
15640-29391-00241-00-1,수자인숲속마을,32,37.4100478528,126.9469160166,애매,0.3,False,False,False
15640-29391-00302-00-1,메르디앙,5,,,애매,0.3,False,False,False
15641-29391-00032-00-1,더편안한집,7,,,애매,0.3,False,False,False
15649-29391-00120-00-1,지엘파마 주식회사,16,37.3838093222,126.937919395,부설,0.9,True,False,False
15658-29391-00023-00-1,에코빌리지,22,37.3797685438,126.9368117032,부설,0.9,True,False,False
16011-29391-11066-00-1,의왕청계편의시설,46,,,애매,0.3,False,False,False
16074-29391-00020-00-1,석수 경남아너스빌,679,37.4174005824,126.9114939525,부설,0.9,True,False,False
16220-29392-00052-00-1,BYC 안양 비스타 오피스텔,653,37.3986143481,126.9190828329,부설,0.9,True,False,False
16269-29391-00131-00-1,알로하우스(ALO HOUSE),5,,,부설,0.9,True,False,False
16361-29391-00089-00-1,,235,37.395757522,126.9466053673,애매,0.3,False,False,False
16361-29391-00099-00-1,도네로타운,8,,,부설,0.9,True,False,False
16369-29391-00006-00-1,장애인종합복지회관(곰두리회관),14,37.4125236292,126.920753206,애매,0.3,False,False,False
16390-29391-00031-00-1,늘푸른빌,8,,,부설,0.9,True,False,False
16582-29391-00008-00-1,충훈전원빌,24,37.4087559041,126.8998248571,부설,0.9,True,False,False
16619-29391-00080-00-1,,3,37.4141372588,126.9525159662,부설,0.9,False,False,False
16656-29391-00076-00-1,안양동 688-59 단독주택,6,37.403890621,126.9189280721,부설,0.9,True,False,False
16681-29391-00027-00-1,안양시노인종합복지관,17,37.3794251826,126.9498235443,애매,0.3,False,False,False
16800-29391-00524-00-1,베네스트아파트,16,,,부설,0.9,True,False,False
16802-29391-00208-00-1,,6,37.4080363545,126.8853499907,부설,0.9,False,False,False
16802-29391-00304-00-1,SKT 안양호계 전송국사,17,,,애매,0.3,False,False,False
16811-29391-00031-00-1,에이펙스빌,8,37.3902252674,126.9325434157,부설,0.9,True,False,False
16812-29391-00037-00-1,미솜빌,7,37.4186272042,126.9236025839,부설,0.9,True,False,False
16824-29391-00217-00-1,청명해오름,26,,,애매,0.3,False,False,False
16826-29391-00030-00-1,,1,37.3827202042,126.951935085,부설,0.9,False,False,False
16836-29391-00038-00-1,,2,37.3822079148,126.9356940812,부설,0.9,False,False,False
16865-29391-00073-00-1,안양중학교,32,37.4088504843,126.8966530273,부설,0.9,True,False,False
16885-29391-00200-00-1,미영팰리스,11,,,부설,0.9,True,False,False
16885-29391-00252-00-1,,3,,,부설,0.9,False,False,False
16888-29391-00133-00-1,성지촌,3,,,애매,0.3,False,False,False
16895-29391-00149-00-1,필하우스,13,,,부설,0.9,True,False,False
16906-29391-00013-00-1,,1,37.3993608213,126.9780854677,부설,0.9,False,False,False
16931-29391-00107-00-1,,1,,,부설,0.9,False,False,False
16933-29391-00017-00-1,수리해든빌,16,37.3878591513,126.9083849719,부설,0.9,True,False,False
16947-29391-00010-00-1,호계 e-편한세상아파트,2261,37.363820485,126.9624138327,부설,0.9,True,False,False
16968-29391-00077-00-1,세종렉스힐,18,,,애매,0.3,False,False,False
16995-29391-00032-00-1,,15,37.3857384834,126.9397967562,애매,0.3,False,False,False
17022-29391-00156-00-1,그랜드캐슬,19,37.4013064683,126.9044201828,부설,0.9,True,False,False
17038-29391-00069-00-1,강후그로잉,8,,,애매,0.3,False,False,False
17039-29391-00335-00-1,플러스빌,10,37.3925099194,126.9103307064,부설,0.9,True,False,False
17045-29391-00083-00-1,Dream House,2,,,애매,0.3,False,False,False
17058-29391-00050-00-1,,3,,,부설,0.9,False,False,False
17059-29391-00084-00-1,안양석수하우스토리아파트,287,37.4263322595,126.9032992638,부설,0.9,True,False,False
17074-29391-00256-00-1,더포레스트아파트,60,,,부설,0.9,True,False,False
17106-29391-00111-00-1,펄어비스 안양오피스,103,37.3981435355,126.9665211357,애매,0.3,False,False,False
17106-29391-00162-00-1,청용빌딩 D동,10,37.3998107758,126.9617363026,부설,0.9,True,False,False
17113-29391-00017-00-1,꿈마을아파트,1050,37.3862153111,126.9715400213,부설,0.9,True,False,False
17128-29391-00006-00-1,비산동 81 교정및군사시설 (6950부대-헌병대),37,,,애매,0.3,False,False,False
17128-29391-00020-00-1,DH스페이스,7,,,애매,0.3,False,False,False
17128-29391-00130-00-1,로체그랑,6,,,애매,0.3,False,False,False
17137-29391-00053-00-1,,2,,,부설,0.9,False,False,False
17160-29391-00064-00-1,,4,,,부설,0.9,False,False,False
17163-29391-00318-00-1,,2,37.4027972408,126.9072915679,부설,0.9,False,False,False
17163-29391-00503-00-1,디담빌딩,11,,,부설,0.9,True,False,False
17166-29391-00307-00-1,금정역호계푸르지오,418,37.3746431,126.9511544473,애매,0.3,False,False,False
17307-29391-00033-00-1,Michael House,3,37.3999014351,126.9145684066,애매,0.3,False,False,False
17309-29391-00159-00-1,,4,,,부설,0.9,False,False,False
17318-29391-00082-00-1,,8,,,부설,0.9,False,False,False
17343-29391-00117-00-1,조인,4,,,애매,0.3,False,False,False
17344-29391-00134-00-1,더화인아파트,24,,,부설,0.9,True,False,False
17353-29391-00054-00-1,,5,,,부설,0.9,False,False,False
17379-29391-00047-00-1,썬팰리스,24,,,부설,0.9,True,False,False
17382-29391-00122-00-1,,2,37.4181274633,126.9200062423,부설,0.9,False,False,False
17385-29391-00191-00-1,써니빌,12,,,부설,0.9,True,False,False
17385-29391-00193-00-1,태양빌딩,3,,,부설,0.9,True,False,False
17391-29391-00102-00-1,플러스빌,10,37.3924558718,126.9103488392,부설,0.9,True,False,False
17393-29391-00100-00-1,,5,37.4138430245,126.9110462989,부설,0.9,False,False,False
17397-29391-00044-00-1,안양대학교,245,37.3912156689,126.9198360975,부설,0.9,True,False,False
17406-29392-00106-00-1,유일-SJ뷰,15,,,애매,0.3,False,False,False
17408-29391-00184-00-1,부안중학교,30,37.3988698137,126.9608332812,부설,0.9,True,False,False
17408-29391-00216-00-1,신안아파트,204,37.4009241296,126.8996997545,부설,0.9,True,False,False
17413-29391-00112-00-1,호계 데시앙플렉스,280,,,애매,0.3,False,False,False
17416-29391-00023-00-1,,3,37.4093841244,126.8851898023,부설,0.9,False,False,False
17421-29391-00038-00-1,승진주택,8,37.4019308044,126.9539467395,부설,0.9,True,False,False
17502-29391-00323-00-1,,2,,,부설,0.9,False,False,False
17511-29391-00068-00-1,안양 석수 대주파크빌,258,37.4187114414,126.9101368031,부설,0.9,True,False,False
17516-29391-00149-00-1,다미안아파트,51,,,부설,0.9,True,False,False
17519-29391-00159-00-1,현하우스,16,37.3821043511,126.900619091,부설,0.9,True,False,False
17525-29391-00172-00-1,,3,,,부설,0.9,False,False,False
17537-29391-00112-00-1,한일타일,2,,,애매,0.3,False,False,False
17544-29391-00051-00-1,안양열병합발전소,43,37.3924637154,126.967318674,애매,0.3,False,False,False
17549-29391-00045-00-1,강남프린스빌딩,55,,,부설,0.9,True,False,False
17553-29391-00187-00-1,대명 글로벌 비즈스퀘어,164,37.3965323865,126.9660927032,애매,0.3,False,False,False
17554-29391-00205-00-1,.,7,37.3951492495,126.969133453,애매,0.3,False,False,False
17555-29391-00301-00-1,SM루빌,12,37.3831728292,126.927748634,부설,0.9,True,False,False
17556-29391-00179-00-1,나은캐슬,26,37.3933408482,126.9082247172,부설,0.9,True,False,False
17564-29391-00133-00-1,호원초등학교,28,37.3753898521,126.9528881418,부설,0.9,True,False,False
17596-29391-00151-00-1,별장빌라,9,37.4331317444,126.9060474464,부설,0.9,True,False,False
17604-29391-00147-00-1,,5,,,부설,0.9,False,False,False
17704-29391-00189-00-1,,7,37.4003168405,126.9158735171,부설,0.9,False,False,False
17713-29391-00034-00-1,안양시참피온공장,6,37.4064656248,126.8860210412,부설,0.9,True,False,False
17736-29391-00004-00-1,안양자동차검사소,20,37.3954998965,126.9734608797,애매,0.3,False,False,False
17738-29391-00105-00-1,비산동 42-2 제2종근린생활시설 (조영연),2,,,부설,0.9,True,False,False
17741-29391-00064-00-1,대경시실리,64,,,애매,0.3,False,False,False
17795-29391-00013-00-1,,4,37.4032641133,126.9098073859,부설,0.9,False,False,False
17798-29391-00065-00-1,,43,37.4168498103,126.9173732703,애매,0.3,False,False,False
17799-29391-00008-00-1,휴스토리,10,37.3869252537,126.9286754904,애매,0.3,False,False,False
17800-29391-00051-00-1,다청림 카운티,91,37.3985999716,126.9002630197,애매,0.3,False,False,False
17800-29391-00052-00-1,라이프스토리,20,37.3923114373,126.90999216,애매,0.3,False,False,False
17808-29391-00006-00-1,우미캐슬,23,37.3926994121,126.9083429446,부설,0.9,True,False,False
17808-29391-00007-00-1,뉴베스트빌Ⅰ,16,37.3981607677,126.9147149411,부설,0.9,True,False,False
17813-29391-00122-00-1,,5,37.4116759889,126.9197420071,부설,0.9,False,False,False
17817-29391-00099-00-1,청산빌라,6,37.4005780964,126.9039919359,부설,0.9,True,False,False
17820-29391-00032-00-1,스페이스타워,54,,,부설,0.9,True,False,False
17848-29391-00245-00-1,한림씨티빌1차,12,37.3924881568,126.9055245221,부설,0.9,True,False,False
17902-29391-00084-00-1,,7,37.4023116577,126.9133187839,부설,0.9,False,False,False
17924-29391-00024-00-1,평촌중학교,38,37.3885371902,126.9617510666,부설,0.9,True,False,False
17926-29391-00145-00-1,해오름 빌,8,,,부설,0.9,True,False,False
17928-29391-00070-00-1,,3,37.3985704651,126.9235461506,부설,0.9,False,False,False
17941-29391-00024-00-1,센트앤빌,6,37.4120128787,126.9120153765,부설,0.9,True,False,False
17946-29391-00049-00-1,안양종합운동장,1022,37.4053696785,126.9467431196,애매,0.3,False,False,False
17949-29392-00266-00-1,,9,37.3918389106,126.9249216618,부설,0.9,False,False,False
17966-29391-00073-00-1,흥화아파트 101동/상가동,41,37.393537153,126.91531193,부설,0.9,True,False,False
17972-29391-00026-00-1,하이트타운아파트,42,,,부설,0.9,True,False,False
17975-29391-00331-00-1,,8,,,부설,0.9,False,False,False
18111-29391-00384-00-1,미영팰리스,8,37.4017938545,126.9149502605,부설,0.9,True,False,False
18111-29391-00478-00-1,엘림하우스1단지,48,,,부설,0.9,True,False,False
18126-29391-00027-00-1,이데아힐타운,20,37.4064066797,126.9095551318,부설,0.9,True,False,False
18131-29392-00013-00-1,청명더에이스,48,,,애매,0.3,False,False,False
18150-29391-00116-00-1,지앤파크빌,24,,,부설,0.9,True,False,False
18274-29391-00082-00-1,종합강의동,313,37.4036672339,126.930340241,애매,0.3,False,False,False
18274-29391-00097-00-1,,3,37.4268200666,126.9142711975,부설,0.9,False,False,False
18279-29391-00203-00-1,,2,37.3696759133,126.9586854196,부설,0.9,False,False,False
18279-29391-00256-00-1,창성빌리지,8,37.3824127682,126.949329254,부설,0.9,True,False,False
18283-29391-00108-00-1,시티팰리스,10,37.3832400512,126.9317005601,부설,0.9,True,False,False
18284-29391-00296-00-1,,8,37.4079564868,126.9144689,부설,0.9,False,False,False
18293-29391-00185-00-1,무궁화아파트,444,37.3780729916,126.9573394874,부설,0.9,True,False,False
18295-29391-00037-00-1,훼미리타운,20,37.3997051175,126.9122511273,부설,0.9,True,False,False
18334-29391-00152-00-1,호계동 금호 어울림,142,37.3634641934,126.9640711533,애매,0.3,False,False,False
18336-29391-00334-00-1,안양 명학역유보라 더스마트,400,,,애매,0.3,False,False,False
18366-29391-00009-00-1,탑스빌,16,37.4125169438,126.9066560626,부설,0.9,True,False,False
18383-29391-00046-00-1,,1,37.3922638662,126.9302740038,부설,0.9,False,False,False
18418-29391-00030-00-1,,2,37.3870030172,126.9462321661,부설,0.9,False,False,False
18441-29391-00109-00-1,,6,37.3781651386,126.9448519851,부설,0.9,False,False,False
18465-29391-00067-00-1,다온빌,8,,,부설,0.9,True,False,False
18473-29391-00053-00-1,흥부가,8,37.4219706268,126.9116015462,애매,0.3,False,False,False
18474-29391-00070-00-1,수도군단  통합정비고(건물번호 24번 정비시설),18,37.4149124171,126.9448612019,애매,0.3,False,False,False
18487-29391-00018-00-1,비산체육공원 관리동,194,,,비부설,0.9,False,True,False
18487-29391-00441-00-1,현대상가,6,,,부설,0.9,True,False,False
18511-29391-00159-00-1,리첸시아,10,,,애매,0.3,False,False,False
18514-29391-00172-00-1,안양동 1119 근린생활시설,9,37.3804217714,126.9056706363,부설,0.9,True,False,False
18514-29391-00239-00-1,비전하우스 씨,8,,,부설,0.9,True,False,False
18515-29391-00276-00-1,평촌 청소년 문화의집,3,,,비부설,0.9,False,True,False
18519-29391-00208-00-1,,7,37.3853456763,126.9398738539,부설,0.9,False,False,False
18523-29391-00198-00-1,부안초등학교,27,37.3980313897,126.9544776672,부설,0.9,True,False,False
18525-29391-00318-00-1,성결대학교,293,37.3793239206,126.9281858938,부설,0.9,True,False,False
18525-29391-00410-00-1,관양초등학교,19,37.4063876284,126.9599257781,부설,0.9,True,False,False
18534-29391-00124-00-1,컴피하우스,8,37.4016988768,126.9732463632,부설,0.9,True,False,False
18535-29391-00095-00-1,신성호계미소지움아파트,365,37.3834364238,126.9495453607,부설,0.9,True,False,False
18535-29391-00110-00-1,태평그린빌,14,37.4086483351,126.9004801227,부설,0.9,True,False,False
18540-29391-00294-00-1,디엠지모리코리아(주) 테크센타,40,37.4200086827,126.8925888803,부설,0.9,True,False,False
18541-29391-00310-00-1,,36,37.4004613077,126.9677624432,애매,0.3,False,False,False
18542-29391-00106-00-1,비산주유소,33,37.3935061588,126.9415070716,애매,0.3,False,False,False
18544-29391-00287-00-1,박달중학교,47,,,부설,0.9,True,False,False
18544-29391-00290-00-1,,4,,,부설,0.9,False,False,False
18551-29391-00134-00-1,,14,37.3691852726,126.9573264574,애매,0.3,False,False,False
18553-29391-00734-00-1,관양동 1491-5 음식점,6,,,애매,0.3,False,False,False
18554-29391-00156-00-1,해든누리9차,32,37.4022832278,126.9138699765,애매,0.3,False,False,False
18562-29391-00127-00-1,화이트캐슬,8,37.3959068215,126.9178389633,부설,0.9,True,False,False
18563-29391-00091-00-1,만안초등학교,43,37.4063398241,126.9166664599,부설,0.9,True,False,False
18565-29391-00104-00-1,오뚜기중앙연구소,132,,,애매,0.3,False,False,False
18574-29391-00440-00-1,,3,37.3932723231,126.9291166761,부설,0.9,False,False,False
18574-29391-00715-00-1,박달복합청사,154,,,비부설,0.9,False,True,False
18576-29391-00237-00-1,,7,37.4000147379,126.922067439,부설,0.9,False,False,False
18577-29391-00353-00-1,박달주유소,2,37.4036608411,126.8851849818,애매,0.3,False,False,False
18577-29391-00392-00-1,,11,37.3952584082,126.8954249226,애매,0.3,False,False,False
18578-29391-00159-00-1,,6,37.4063714112,126.9549244167,부설,0.9,False,False,False
18581-29391-00361-00-1,골든클래스3차,20,37.4035522252,126.9528885867,애매,0.3,False,False,False
18583-29391-00269-00-1,신기초등학교,39,37.381374253,126.9570846962,부설,0.9,True,False,False
18583-29391-00364-00-1,안양 호계동 세창 짜임아파트,90,37.3804174351,126.9525507839,부설,0.9,True,False,False
18584-29391-00319-00-1,호리바코리아(주) 신사옥,48,,,부설,0.9,True,False,False
18585-29392-00256-00-1,어반휴플러스,92,,,애매,0.3,False,False,False
18588-29391-00051-00-1,,17,37.403645412,126.9363850579,애매,0.3,False,False,False
18589-29391-00359-00-1,,1,37.391849407,126.9755626079,부설,0.9,False,False,False
18594-29391-00136-00-1,원평노블레스 7차,13,37.3963809597,126.926349131,애매,0.3,False,False,False
18614-29391-00121-00-1,비산동  11-1 교정빛군사시설,101,,,애매,0.3,False,False,False
18623-29391-00439-00-1,마르빌하이츠,40,,,부설,0.9,True,False,False
18624-29391-00335-00-1,에스티씨(주),21,37.4067213914,126.8936243948,부설,0.9,True,False,False
18624-29391-00501-00-1,,2,,,부설,0.9,False,False,False
18628-29399-00146-00-1,인창전자(주),0,37.3847891555,126.9370107398,부설,0.9,True,False,False
18631-29391-00187-00-1,힐스테이트 석수,250,37.4306334371,126.9051828429,부설,0.9,True,False,False
18631-29391-00192-00-1,"중앙하이츠빌라가,나동",8,37.3784787541,126.9377115241,부설,0.9,True,False,False
18632-29391-00078-00-1,안양시사회복지사업소,150,37.3918880729,126.9496661751,부설,0.9,True,False,False
21009-29391-00166-00-1,,6,37.4069677965,126.917899174,부설,0.9,False,False,False
21028-29391-00200-00-1,호계 마젤란21 아파트,77,37.3845391742,126.94930524,부설,0.9,True,False,False
21032-29391-00052-00-1,,6,37.3949246096,126.9203290464,부설,0.9,False,False,False
21126-29391-00086-00-1,안양임곡 휴먼시아,505,37.401273913,126.9299855627,애매,0.3,False,False,False
21312-29391-00076-00-1,,2,37.4097307122,126.8935297769,부설,0.9,False,False,False
21312-29391-00077-00-1,크라운빌리지,16,37.4037840471,126.966943299,부설,0.9,True,False,False
21396-29391-00049-00-1,스카이빌,8,37.4110657996,126.9083160537,부설,0.9,True,False,False
21543-29391-00138-00-1,평촌 어바인 퍼스트,4497,,,애매,0.3,False,False,False
21551-29391-00094-00-1,평촌신도시주유소,6,37.3958396242,126.9634820059,애매,0.3,False,False,False
21559-29391-00097-00-1,삼성원시티,45,,,애매,0.3,False,False,False
21638-29391-00021-00-1,써니하우스,22,37.3794327812,126.9357325814,부설,0.9,True,False,False
21639-29392-00038-00-1,,27,37.3915154254,126.9550733422,애매,0.3,False,False,False
21641-29391-00017-00-1,더베이프리미엄아파트,72,,,부설,0.9,True,False,False
21690-29391-00061-00-1,부흥고등학교,41,37.393086053,126.9447778158,부설,0.9,True,False,False
21993-29391-00003-00-1,정우빌라,8,37.4055295068,126.9077670987,부설,0.9,True,False,False
22112-29391-00004-00-1,,7,,,부설,0.9,False,False,False
22135-29391-00027-00-1,피렌체,3,,,애매,0.3,False,False,False
22151-29391-00019-00-1,브라운스빌24,16,,,부설,0.9,True,False,False
22175-29391-00019-00-1,영원해밀리지,8,,,애매,0.3,False,False,False
22187-29391-00059-00-1,,4,,,부설,0.9,False,False,False
22214-29391-00055-00-1,,1,,,부설,0.9,False,False,False
22237-29391-00010-00-1,,4,,,부설,0.9,False,False,False
22313-29391-00026-00-1,박달동 동원베네스트,140,37.4050109658,126.9083415033,애매,0.3,False,False,False
22346-29391-00001-00-1,향촌아파트,444,37.3875344215,126.9592628088,부설,0.9,True,False,False
22358-29391-00492-00-1,공작아파트,349,37.4006022661,126.957606811,부설,0.9,True,False,False
22359-29391-00445-00-1,영원해밀리지,8,,,애매,0.3,False,False,False
22366-29391-00116-00-1,석수동 311-12 다가구주택,5,,,부설,0.9,True,False,False
22391-29391-00007-00-1,,4,,,부설,0.9,False,False,False
22600-29391-00158-00-1,LG하이프라자 안양점,18,37.3947835754,126.9251174839,부설,0.9,True,False,False
22603-29391-00025-00-1,미영팰리스,5,,,부설,0.9,True,False,False
22612-29391-00099-00-1,세퍼웨이하우스,8,,,부설,0.9,True,False,False
22640-29391-00014-00-1,조양타운,8,37.4003888192,126.9157288738,부설,0.9,True,False,False
22661-29391-00030-00-1,,2,37.4156164897,126.8979812084,부설,0.9,False,False,False
22661-29391-00041-00-1,골든캐슬5차,15,37.4116382665,126.9123004653,부설,0.9,True,False,False
22661-29391-00079-00-1,씨엔씨퍼스트스트릿호텔,11,37.4013110817,126.9203764974,부설,0.9,True,False,False
22667-29391-00086-00-1,한림씨티빌 1차,8,37.3924920706,126.9059129891,부설,0.9,True,False,False
22668-29391-00066-00-1,"은하수아파트,샛별아파트",1815,37.3952003737,126.9500027561,부설,0.9,True,False,False
22676-29391-00006-00-1,필하우스,8,37.3928709903,126.9065313634,부설,0.9,True,False,False
22678-29391-00086-00-1,휴원,11,,,애매,0.3,False,False,False
22734-29391-00076-00-1,,2,,,부설,0.9,False,False,False
22740-29391-00024-00-1,,9,,,부설,0.9,False,False,False
22742-29391-00036-00-1,대성파크리움,7,,,부설,0.9,True,False,False
22777-29391-00064-00-1,삼성사,2,37.4083538953,126.9326807792,애매,0.3,False,False,False
22815-29391-00008-00-1,,4,,,부설,0.9,False,False,False
22830-29391-00030-00-1,꿈에그린7차,13,,,애매,0.3,False,False,False
23015-29391-00101-00-1,비산 힐스테이트 아파트,542,37.3939345722,126.9405581262,부설,0.9,True,False,False
23015-29391-00155-00-1,그린힐빌리지B동,8,,,부설,0.9,True,False,False
23037-29391-00101-00-1,,16,37.381540765,126.9713972612,애매,0.3,False,False,False
23038-29391-00073-00-1,초원마을세경아파트,412,37.3903792648,126.9629561669,부설,0.9,True,False,False
23038-29391-00103-00-1,,2,,,부설,0.9,False,False,False
23038-29391-00177-00-1,,2,,,부설,0.9,False,False,False
23039-29391-00218-00-1,,2,,,부설,0.9,False,False,False
23043-29391-00111-00-1,성원아파트전체표제부,171,37.3957792262,126.9157746907,부설,0.9,True,False,False
23047-29391-00361-00-1,,4,,,부설,0.9,False,False,False
23048-29391-00309-00-1,안양2차 SK V1 center,365,,,애매,0.3,False,False,False
23050-29391-00169-00-1,,7,,,부설,0.9,False,False,False
23050-29391-00199-00-1,라이언 빌딩,12,,,부설,0.9,True,False,False
23121-29391-00135-00-1,이호파크빌,10,37.406244635,126.9145883125,부설,0.9,True,False,False
24013-29391-00071-00-1,다온빌,5,,,부설,0.9,True,False,False
24031-29391-00065-00-1,,8,,,부설,0.9,False,False,False
24037-29391-00018-00-1,석수아이파크,1456,37.4062884942,126.9014726736,부설,0.9,True,False,False
24052-29391-00016-00-1,,8,37.4075029732,126.9546119956,부설,0.9,False,False,False
24059-29391-00070-00-1,안양7동 주민센터,18,,,비부설,0.9,False,True,False
24065-29391-00040-00-1,석수하수처리장,29,37.419476899,126.8985001451,애매,0.3,False,False,False
24153-29391-00020-00-1,,5,,,부설,0.9,False,False,False
24161-29391-00025-00-1,,28,37.3895699685,126.9404576827,애매,0.3,False,False,False
24202-29391-00085-00-1,더 퍼스트힐 B,7,,,애매,0.3,False,False,False
24203-29391-00255-00-1,박달동 144-1 단독주택 (정인배),2,,,부설,0.9,True,False,False
24217-29391-00048-00-1,,8,,,부설,0.9,False,False,False
24232-29391-00027-00-1,준마아파트,182,37.3919974207,126.9371628069,부설,0.9,True,False,False
24233-29391-00052-00-1,태림전자(주)),20,37.3901845256,126.9370920484,부설,0.9,True,False,False
24368-29391-00045-00-1,,4,,,부설,0.9,False,False,False
24408-29391-00325-00-1,호계스카이뷰,28,,,애매,0.3,False,False,False
24408-29391-00327-00-1,개성하이뷰,28,,,애매,0.3,False,False,False
24465-29391-00266-00-1,,16,37.4165252889,126.9171522175,애매,0.3,False,False,False
24468-29391-00110-00-1,안양동 991-15 공동주택,10,37.3922693825,126.9068799272,부설,0.9,True,False,False
24502-29391-00035-00-1,,2,,,부설,0.9,False,False,False
24549-29391-00028-00-1,수림,20,,,애매,0.3,False,False,False
24637-29391-00022-00-1,주건축물 제1동,3,,,애매,0.3,False,False,False
24707-29391-00011-00-1,덕천초등학교,46,37.3914527004,126.9362237145,부설,0.9,True,False,False
24745-29391-00041-00-1,골든트리,6,,,애매,0.3,False,False,False
24750-29391-00041-00-1,안양예술인센터,6,,,애매,0.3,False,False,False
24754-29391-00055-00-1,청명조은빌,8,,,부설,0.9,True,False,False
24765-29391-00095-00-1,,5,,,부설,0.9,False,False,False
24766-29391-00121-00-1,타운하우스,7,,,부설,0.9,True,False,False
24768-29391-00064-00-1,,5,,,부설,0.9,False,False,False
24837-29391-00016-00-1,,6,37.4118092292,126.9195792071,부설,0.9,False,False,False
25005-29391-00041-00-1,유진하이빌,13,37.3916800662,126.92450625,부설,0.9,True,False,False
25125-29391-00067-00-1,대현 빌딩,2,,,부설,0.9,True,False,False
25131-29391-00054-00-1,,6,37.4006041282,126.9775384756,부설,0.9,False,False,False
25131-29391-00061-00-1,삼성타운4차,16,,,부설,0.9,True,False,False
25141-29391-00031-00-1,참터빌딩,36,,,부설,0.9,True,False,False
25147-29392-00118-00-1,세기파크뷰,47,37.3995085136,126.9776833638,부설,0.9,True,False,False
25150-29391-00029-00-1,프라임하우스9차,18,37.3919313381,126.9078244154,부설,0.9,True,False,False
25167-29391-00012-00-1,이룸하우스,1,,,부설,0.9,True,False,False
25250-29391-00088-00-1,순흥빌딩,7,,,부설,0.9,True,False,False
25272-29391-00270-00-1,,1,,,부설,0.9,False,False,False
25302-29391-00073-00-1,라온채,16,37.4116830325,126.9095307153,애매,0.3,False,False,False
25306-29391-00156-00-1,,1,,,부설,0.9,False,False,False
25312-29391-00109-00-1,분뇨처리장,16,37.4168189924,126.8965336333,애매,0.3,False,False,False
25325-29391-00051-00-1,,2,37.4069829219,126.8842808337,부설,0.9,False,False,False
25361-29391-00038-00-1,호계2차 현대홈타운,2448,37.3643965889,126.9607112276,부설,0.9,True,False,False
25413-29391-00019-00-1,,3,37.4090056046,126.8850954997,부설,0.9,False,False,False
25427-29391-00043-00-1,,8,,,부설,0.9,False,False,False
25506-29391-00058-00-1,청담팰리스,13,37.408094684,126.9162036749,부설,0.9,True,False,False
25529-29391-00032-00-1,이호파크빌,16,37.3918385623,126.9090260711,부설,0.9,True,False,False
25555-29391-00027-00-1,,1,37.4097189811,126.9097544665,부설,0.9,False,False,False
25581-29391-00005-00-1,서조산업,577,37.4011806776,126.8922543483,부설,0.9,True,False,False
25620-29391-00096-00-1,서림계전,15,37.3870271955,126.9368191624,애매,0.3,False,False,False
25622-29391-00127-00-1,한마음2차아파트,427,37.391240173,126.9435369836,부설,0.9,True,False,False
25622-29391-00238-00-1,대성파크뷰,8,,,부설,0.9,True,False,False
25626-29392-00046-00-1,,174,,,애매,0.3,False,False,False
25627-29391-00086-00-1,수 하우스,25,,,부설,0.9,True,False,False
25640-29391-00037-00-1,,14,37.42453012,126.9124119643,애매,0.3,False,False,False
25640-29391-00040-00-1,아크로빌,7,,,부설,0.9,True,False,False
25641-29391-00048-00-1,동편마을,1221,37.4090718289,126.9691412961,애매,0.3,False,False,False
25730-29391-00012-00-1,대한예수교장로회 꿈꾸는교회,12,,,부설,0.9,True,False,False
25756-29391-00009-00-1,호계스카이뷰,28,,,애매,0.3,False,False,False
25925-29391-00050-00-1,샘마을아파트,549,37.3794168564,126.9671798137,부설,0.9,True,False,False
26023-29391-00011-00-1,안양동 1361-6 제2종근린생활시설 및 다가구주택(하점엽),4,37.4198269507,126.928716598,부설,0.9,True,False,False
26043-29391-00073-00-1,,14,37.399697518,126.9687927715,애매,0.3,False,False,False
26043-29391-00115-00-1,H빌딩,20,,,부설,0.9,True,False,False
26118-29391-00024-00-1,,2,37.3846309347,126.9051459497,부설,0.9,False,False,False
26121-29391-00036-00-1,호계동미원(美苑)아파트,51,37.3771232302,126.9524038248,부설,0.9,True,False,False
26121-29391-00057-00-1,,4,,,부설,0.9,False,False,False
26130-29391-00034-00-1,늘샘빌,7,,,부설,0.9,True,False,False
26134-29391-00067-00-1,,4,37.3875752707,126.9445063318,부설,0.9,False,False,False
26142-29391-00044-00-1,,1,37.3871977488,126.9464759342,부설,0.9,False,False,False
26201-29391-00269-00-1,안양복지관,9,,,애매,0.3,False,False,False
26210-29391-00056-00-1,,40,37.4150045284,126.9493524913,애매,0.3,False,False,False
26225-29391-00024-00-1,,1,,,부설,0.9,False,False,False
26310-29391-00186-00-1,금호타운,656,37.3990443224,126.9015137805,부설,0.9,True,False,False
26320-29391-00025-00-1,103에비뉴,135,,,애매,0.3,False,False,False
26357-29391-00144-00-1,그랑메종,10,,,애매,0.3,False,False,False
26369-29392-00058-00-1,엠씨티,82,,,애매,0.3,False,False,False
26371-29391-00023-00-1,골든 브릭스 빌,5,,,부설,0.9,True,False,False
26400-29391-00229-00-1,우석팰리스,8,,,부설,0.9,True,False,False
26401-29391-00035-00-1,,7,37.4191415651,126.9167516885,부설,0.9,False,False,False
26402-29391-00175-00-1,관양동 1448-32 단독주택 (신영미),3,,,부설,0.9,True,False,False
26407-29391-00040-00-1,,3,,,부설,0.9,False,False,False
26451-29391-00062-00-1,샘마을201동-208동,521,37.3766345908,126.9675378031,애매,0.3,False,False,False
26462-29391-00041-00-1,하이원빌3차,6,37.3900661165,126.9315498249,부설,0.9,True,False,False
26490-29391-00217-00-1,훼미리타운,8,37.4019922671,126.9152120621,부설,0.9,True,False,False
26496-29391-00056-00-1,삼호골든빌,12,37.3935459014,126.907736612,부설,0.9,True,False,False
26504-29391-00104-00-1,베아누체,20,,,애매,0.3,False,False,False
27024-29391-00027-00-1,우양파크빌아파트,70,37.3852829964,126.9307095534,부설,0.9,True,False,False
27105-29391-00107-00-1,성원아파트,884,37.3945203262,126.9142808939,부설,0.9,True,False,False
27129-29391-00008-00-1,부림초등학교,74,37.3999832542,126.9601686195,부설,0.9,True,False,False
27134-29391-00073-00-1,도네로 타운,6,,,부설,0.9,True,False,False
27142-29392-00031-00-1,꿈마을아파트,416,37.3853559832,126.965686718,부설,0.9,True,False,False
27143-29391-00018-00-1,캠브리지빌딩,3,37.3878530377,126.9377715222,부설,0.9,True,False,False
27147-29391-00042-00-1,신우메르디앙,5,,,애매,0.3,False,False,False
27164-29391-00137-00-1,,2,,,부설,0.9,False,False,False
27197-29391-00067-00-1,노블리앙 비씨 3차,8,,,애매,0.3,False,False,False
27200-29392-00045-00-1,금강그린빌,14,,,부설,0.9,True,False,False
27306-29391-00037-00-1,연현중학교,69,37.4291473515,126.8993593184,부설,0.9,True,False,False
27315-29391-00124-00-1,유앤아이,10,,,애매,0.3,False,False,False
27382-29391-00013-00-1,(주)문창사옥,6,37.3967872306,126.937118152,부설,0.9,True,False,False
27428-29391-00030-00-1,연우빌,3,,,부설,0.9,True,False,False
27461-29391-00036-00-1,QA 팰리스,39,,,부설,0.9,True,False,False
27486-29391-00212-00-1,,3,37.4155111055,126.9102445522,부설,0.9,False,False,False
27486-29391-00227-00-1,,2,37.3748833591,126.9573277457,부설,0.9,False,False,False
27489-29391-00061-00-1,에버앤비 스퀘어,40,,,애매,0.3,False,False,False
27495-29392-00019-00-1,,5,37.3891733749,126.9401734306,부설,0.9,False,False,False
27600-29391-00027-00-1,현대프라자빌라,7,37.3728397097,126.956985692,부설,0.9,True,False,False
27631-29391-00051-00-1,,4,37.4066872077,126.9135848213,부설,0.9,False,False,False
27708-29391-00005-00-1,,10,37.4145086862,126.9530353521,부설,0.9,False,False,False
27816-29391-00123-00-1,연리지Ⅲ,5,37.3788458783,126.9367808632,애매,0.3,False,False,False
27917-29391-00081-00-1,,2,,,부설,0.9,False,False,False
28011-29391-00024-00-1,골든팰리스,20,37.4137309395,126.9206706031,부설,0.9,True,False,False
28023-29391-00045-00-1,,1,37.3891179523,126.9310538265,부설,0.9,False,False,False
28053-29391-00033-00-1,,4,37.4015761471,126.9179818568,부설,0.9,False,False,False
28100-29391-00024-00-1,,12,37.3687497326,126.9495822916,애매,0.3,False,False,False
28119-29391-00065-00-1,금성맨션,8,37.3849354506,126.9281082757,부설,0.9,True,False,False
28121-29391-00452-00-1,해든빌,17,37.4094676469,126.9470293794,부설,0.9,True,False,False
28127-29391-00068-00-1,한가람세경아파트,766,37.3963195614,126.95477233,부설,0.9,True,False,False
28137-29399-00079-00-1,호계중학교,0,37.378531995,126.9513280602,부설,0.9,True,False,False
28167-29391-00103-00-1,한마음교회,12,,,부설,0.9,True,False,False
28172-29391-00149-00-1,지에스피배터리(GSP BATTERY),5,,,애매,0.3,False,False,False
28174-29391-00171-00-1,우명 또다른세상,8,37.4029290151,126.963984553,애매,0.3,False,False,False
28180-29391-00280-00-1,(주)큐엠씨 사옥,66,,,부설,0.9,True,False,False
28181-29391-00189-00-1,더끌리움,16,,,애매,0.3,False,False,False
28181-29391-00217-00-1,알파존,26,,,애매,0.3,False,False,False
28185-29391-00144-00-1,목련아파트,585,37.3878738621,126.9514530102,부설,0.9,True,False,False
28185-29391-00187-00-1,수성드림빌5차,16,37.379807467,126.9354748294,부설,0.9,True,False,False
28187-29391-00242-00-1,대한예수교장로회 안양강남교회,337,,,부설,0.9,True,False,False
28190-29391-00163-00-1,성산빌라,25,,,부설,0.9,True,False,False
28190-29391-00174-00-1,파크힐,15,,,부설,0.9,True,False,False
28199-29391-00084-00-1,다온빌리지,16,,,부설,0.9,True,False,False
28200-29391-00079-00-1,도원빌딩,22,,,부설,0.9,True,False,False
28204-29391-00072-00-1,인덕원대우아파트푸른마을,2054,37.3948450488,126.9789044061,부설,0.9,True,False,False
28208-29391-00103-00-1,,2,,,부설,0.9,False,False,False
28214-29391-00054-00-1,문현경주택,1,37.4147317215,126.9519959691,부설,0.9,True,False,False
28293-29391-00082-00-1,그랜드지오,8,,,애매,0.3,False,False,False
28317-29391-00004-00-1,신호안차랑18차,8,,,애매,0.3,False,False,False
28328-29391-00073-00-1,,33,37.3964032291,126.9682159165,애매,0.3,False,False,False
28476-29391-00047-00-1,,10,37.4016497093,126.9054813981,부설,0.9,False,False,False
28504-29391-00106-00-1,미래타운,53,,,부설,0.9,True,False,False
28541-29391-00027-00-1,,1,,,부설,0.9,False,False,False
28664-29391-00057-00-1,평안빌딩,1,,,부설,0.9,True,False,False
28670-29391-00084-00-1,조양위너스,10,37.4065003709,126.9143756783,애매,0.3,False,False,False
28676-29391-00073-00-1,늘푸른빌2차,8,,,부설,0.9,True,False,False
28706-29391-00017-00-1,푸르뫼,5,,,애매,0.3,False,False,False
28923-29391-00046-00-1,하이덴하인코리아 주식회사,30,,,부설,0.9,True,False,False
28946-29391-00020-00-1,흥화브라운빌아파트,149,37.3763232309,126.9526798153,부설,0.9,True,False,False
29100-29391-00023-00-1,,2,,,부설,0.9,False,False,False
29134-29391-00052-00-1,개성하이빌주상복합,51,,,부설,0.9,True,False,False
30000-29391-10989-00-1,,9,,,부설,0.9,False,False,False
30000-29391-11011-00-1,,6,,,부설,0.9,False,False,False
30000-29391-11012-00-1,호원지구 소공원 지하공영주차장,44,,,비부설,0.9,False,True,False
30000-29391-11013-00-1,,9,,,부설,0.9,False,False,False
30000-29391-11014-00-1,만안택시쉼터,1,,,애매,0.3,False,False,False
30000-29391-11015-00-1,군인교회교육관,1,,,부설,0.9,True,False,False
30000-29391-20110-00-1,,5,37.3835003145,126.9472915462,부설,0.9,False,False,False
30000-29391-20111-00-1,기쁜소식 안양교회,36,37.3830465165,126.9480099951,부설,0.9,True,False,False
30000-29391-20112-00-1,,11,37.3847237679,126.9511704922,애매,0.3,False,False,False
30000-29391-20113-00-1,,2,37.3837688464,126.9515685716,부설,0.9,False,False,False
30000-29391-20114-00-1,호계동 신도브래뉴,609,37.3836017624,126.9485019193,애매,0.3,False,False,False
30000-29391-20115-00-1,,5,37.3825567337,126.9488684721,부설,0.9,False,False,False
30000-29391-20116-00-1,101,4,37.3840715811,126.9515457938,애매,0.3,False,False,False
30000-29391-20117-00-1,,2,37.3822757156,126.9491035211,부설,0.9,False,False,False
30000-29391-20118-00-1,프로방스힐,4,37.3822039444,126.9498307259,애매,0.3,False,False,False
30000-29391-20119-00-1,호계동근생다가구,9,37.3822546683,126.9504630024,부설,0.9,True,False,False
30000-29391-20120-00-1,,3,37.3823951028,126.9501648204,부설,0.9,False,False,False
30000-29391-20121-00-1,허가번호:92-261호,4,37.3823513315,126.9489408757,애매,0.3,False,False,False
30000-29391-20122-00-1,,12,37.3823703942,126.9298721628,애매,0.3,False,False,False
30000-29391-20123-00-1,,1,37.3822876524,126.9301296806,부설,0.9,False,False,False
30000-29391-20124-00-1,,1,37.3828677618,126.9298762162,부설,0.9,False,False,False
30000-29391-20125-00-1,,3,37.3827668926,126.9299530912,부설,0.9,False,False,False
30000-29391-20126-00-1,원광빌라,7,37.3829977361,126.9302600016,부설,0.9,True,False,False
30000-29391-20145-00-1,안양동다가구주택,4,37.3896015738,126.920632798,부설,0.9,True,False,False
30000-29391-20151-00-1,,6,37.3899645027,126.9190334102,부설,0.9,False,False,False
30000-29391-20152-00-1,,17,37.3941353039,126.9258544347,애매,0.3,False,False,False
30000-29391-20153-00-1,,4,37.3979696121,126.9251549712,부설,0.9,False,False,False
30000-29391-20155-00-1,,6,37.3973317435,126.9252414362,부설,0.9,False,False,False
30000-29391-20157-00-1,,2,37.3960929274,126.9268237327,부설,0.9,False,False,False
30000-29391-20165-00-1,.,7,37.3766955283,126.9554479928,애매,0.3,False,False,False
30000-29391-20166-00-1,,2,37.3760180915,126.9558051676,부설,0.9,False,False,False
30000-29391-20167-00-1,,8,37.3763027376,126.9555972579,부설,0.9,False,False,False
30000-29391-20169-00-1,도원빌,6,37.3973963966,126.9248935314,부설,0.9,True,False,False
30000-29391-20170-00-1,,13,37.3969959369,126.9242569796,애매,0.3,False,False,False
30000-29391-20171-00-1,,10,37.3977706991,126.9240755026,부설,0.9,False,False,False
30000-29391-20174-00-1,롯데하이마트(주),17,37.3949456733,126.9249818048,부설,0.9,True,False,False
30000-29391-20175-00-1,,3,37.3965056249,126.9240135358,부설,0.9,False,False,False
30000-29391-20176-00-1,,20,37.3966855818,126.9236293779,애매,0.3,False,False,False
30000-29391-20177-00-1,안양동 622-295 도시형생활주택,9,37.3957615607,126.9271628532,부설,0.9,True,False,False
30000-29391-20178-00-1,,4,37.3956966009,126.9270228796,부설,0.9,False,False,False
30000-29391-20179-00-1,,14,37.396077974,126.9259609371,애매,0.3,False,False,False
30000-29391-20180-00-1,,10,37.3945422815,126.92540231,부설,0.9,False,False,False
30000-29391-20181-00-1,,16,37.3960210743,126.9271942234,애매,0.3,False,False,False
30000-29391-20192-00-1,호계동 근생,13,37.3733191403,126.9572202485,부설,0.9,True,False,False
30000-29391-20195-00-1,청안스마트빌,9,37.3732036845,126.9568771012,부설,0.9,True,False,False
30000-29391-20196-00-1,신호계타운,8,37.3733010527,126.9570351042,부설,0.9,True,False,False
30000-29391-20206-00-1,,4,37.3962656262,126.9263447265,부설,0.9,False,False,False
30000-29391-20208-00-1,,1,37.3944944379,126.9238484283,부설,0.9,False,False,False
30000-29391-20209-00-1,,5,37.3940438835,126.923781126,부설,0.9,False,False,False
30000-29391-20210-00-1,,2,37.3948723199,126.9230033187,부설,0.9,False,False,False
30000-29391-20211-00-1,,1,37.3951212102,126.9233237905,부설,0.9,False,False,False
30000-29391-20212-00-1,,2,37.395102996,126.9230256691,부설,0.9,False,False,False
30000-29391-20213-00-1,,6,37.3947609654,126.9235771236,부설,0.9,False,False,False
30000-29391-20214-00-1,,5,37.3950962153,126.9236851977,부설,0.9,False,False,False
30000-29391-20215-00-1,,6,37.3955287784,126.9237976916,부설,0.9,False,False,False
30000-29391-20216-00-1,,14,37.3953483641,126.9234726296,애매,0.3,False,False,False
30000-29391-20217-00-1,안양동 627-41 공동주택,10,37.3955427679,126.9231381518,부설,0.9,True,False,False
30000-29391-20218-00-1,,3,37.395481425,126.9230252821,부설,0.9,False,False,False
30000-29391-20219-00-1,하크빌리지,7,37.3955496343,126.9226141382,부설,0.9,True,False,False
30000-29391-20220-00-1,,5,37.3955965937,126.9227767127,부설,0.9,False,False,False
30000-29391-20221-00-1,,8,37.3957156758,126.923002456,부설,0.9,False,False,False
30000-29391-20222-00-1,,3,37.3957338284,126.9232057164,부설,0.9,False,False,False
30000-29391-20224-00-1,천주교수원교구중앙성당,90,37.3961973544,126.9210775773,부설,0.9,True,False,False
30000-29391-20225-00-1,,1,37.395894882,126.9214844533,부설,0.9,False,False,False
30000-29391-20226-00-1,다가구주택,2,37.3954734614,126.9218733802,부설,0.9,True,False,False
30000-29391-20227-00-1,,1,37.3957866604,126.9213354948,부설,0.9,False,False,False
30000-29391-20228-00-1,냉천놀이터주차장 및 청소년상담실,107,37.395235705,126.9220452836,비부설,0.9,False,False,True
30000-29391-20229-00-1,,2,37.3948101961,126.9217024129,부설,0.9,False,False,False
30000-29391-20230-00-1,,2,37.3949224968,126.9225741275,부설,0.9,False,False,False
30000-29391-20232-00-1,,2,37.3943780279,126.9221907231,부설,0.9,False,False,False
30000-29391-20233-00-1,,2,37.3944396262,126.9226920723,부설,0.9,False,False,False
30000-29391-20234-00-1,다가구주택,2,37.394396321,126.9226062894,부설,0.9,True,False,False
30000-29391-20235-00-1,,4,37.3938412829,126.9225933085,부설,0.9,False,False,False
30000-29391-20236-00-1,,8,37.3939891568,126.9227557758,부설,0.9,False,False,False
30000-29391-20237-00-1,,4,37.3941876435,126.9231576044,부설,0.9,False,False,False
30000-29391-20238-00-1,,1,37.3941084621,126.9233248221,부설,0.9,False,False,False
30000-29391-20239-00-1,,8,37.3934450606,126.9229415382,부설,0.9,False,False,False
30000-29391-20240-00-1,,28,37.3934814418,126.9234654932,애매,0.3,False,False,False
30000-29391-20251-00-1,,5,37.3719891664,126.957053916,부설,0.9,False,False,False
30000-29391-20252-00-1,,3,37.3712288542,126.9574788385,부설,0.9,False,False,False
30000-29391-20253-00-1,호계타운,20,37.3713260313,126.9571084842,부설,0.9,True,False,False
30000-29391-20254-00-1,,62,37.3706124452,126.9571811433,애매,0.3,False,False,False
30000-29391-20255-00-1,송산빌딩,28,37.3706738225,126.9574791517,부설,0.9,True,False,False
30000-29391-20259-00-1,,5,37.393672353,126.9233026804,부설,0.9,False,False,False
30000-29391-20260-00-1,삼덕타운,8,37.3944474945,126.9237084416,부설,0.9,True,False,False
30000-29391-20261-00-1,안양동 627-195 제2종근린생활시설 (학교법인연성학원 권재혁),39,37.3953737824,126.9237662275,부설,0.9,True,False,False
30000-29391-20262-00-1,,2,37.3957401189,126.9218053437,부설,0.9,False,False,False
30000-29391-20263-00-1,,7,37.3958771099,126.9218594093,부설,0.9,False,False,False
30000-29391-20264-00-1,원빌딩,7,37.3938781508,126.9238671206,부설,0.9,True,False,False
30000-29391-20265-00-1,,8,37.3950877227,126.9217201933,부설,0.9,False,False,False
30000-29391-20266-00-1,,3,37.3948680079,126.9219236984,부설,0.9,False,False,False
30000-29391-20267-00-1,동신빌라,6,37.3941548236,126.9225704,부설,0.9,True,False,False
30000-29391-20269-00-1,,2,37.3999005321,126.9237932653,부설,0.9,False,False,False
30000-29391-20273-00-1,,4,37.4003497655,126.9218366951,부설,0.9,False,False,False
30000-29391-20277-00-1,안양1번가지점,46,37.3998712373,126.9230795207,애매,0.3,False,False,False
30000-29391-20282-00-1,,1,37.3690617747,126.9547480563,부설,0.9,False,False,False
30000-29391-20283-00-1,리치밸리,164,37.3690583459,126.9552086609,애매,0.3,False,False,False
30000-29391-20284-00-1,베네치아,13,37.3688670787,126.9545539981,애매,0.3,False,False,False
30000-29391-20285-00-1,,3,37.3686039305,126.9544277177,부설,0.9,False,False,False
30000-29391-20286-00-1,,5,37.3687191588,126.9541612223,부설,0.9,False,False,False
30000-29391-20287-00-1,,7,37.3683013347,126.954816248,부설,0.9,False,False,False
30000-29391-20288-00-1,,6,37.368449165,126.9549787236,부설,0.9,False,False,False
30000-29391-20289-00-1,,4,37.3683590504,126.9549471678,부설,0.9,False,False,False
30000-29391-20290-00-1,호계동 966-41 공동주택 (조중혁),4,37.3684781211,126.955303835,부설,0.9,True,False,False
30000-29391-20291-00-1,로얄리움,6,37.3686115122,126.9554076166,애매,0.3,False,False,False
30000-29391-20292-00-1,,1,37.3694513853,126.9557187052,부설,0.9,False,False,False
30000-29391-20293-00-1,서안 이노빌,55,37.3694407345,126.9561522219,부설,0.9,True,False,False
30000-29391-20294-00-1,,4,37.3696968321,126.9567120258,부설,0.9,False,False,False
30000-29391-20295-00-1,초우빌라,5,37.3695058196,126.9567256827,부설,0.9,True,False,False
30000-29391-20296-00-1,,1,37.3694697356,126.9566082943,부설,0.9,False,False,False
30000-29391-20297-00-1,,1,37.3693689033,126.9568341389,부설,0.9,False,False,False
30000-29391-20298-00-1,,1,37.3694121986,126.9569605546,부설,0.9,False,False,False
30000-29391-20299-00-1,,5,37.3697257013,126.9568113557,부설,0.9,False,False,False
30000-29391-20303-00-1,,19,37.3696249846,126.9573578186,애매,0.3,False,False,False
30000-29391-20304-00-1,호계동 968-6 공동주택 (박정옥),4,37.3694086732,126.9571773117,부설,0.9,True,False,False
30000-29391-20309-00-1,,8,37.3688032132,126.9572589384,부설,0.9,False,False,False
30000-29391-20310-00-1,태양정밀,2,37.3679923045,126.9573000392,부설,0.9,True,False,False
30000-29391-20311-00-1,호계동근생,1,37.3688248916,126.9574079441,부설,0.9,True,False,False
30000-29391-20312-00-1,광진신세대 나동,6,37.3688247281,126.9569563745,애매,0.3,False,False,False
30000-29391-20313-00-1,,2,37.3998497888,126.9233505961,부설,0.9,False,False,False
30000-29391-20317-00-1,,1,37.3992483124,126.9239791441,부설,0.9,False,False,False
30000-29391-20318-00-1,,1,37.3996619294,126.9226641204,부설,0.9,False,False,False
30000-29391-20321-00-1,,8,37.3993769699,126.9223030109,부설,0.9,False,False,False
30000-29391-20322-00-1,,5,37.3994204026,126.922583053,부설,0.9,False,False,False
30000-29391-20324-00-1,,1,37.3996370013,126.9231249356,부설,0.9,False,False,False
30000-29391-20325-00-1,,4,37.399970878,126.9211459013,부설,0.9,False,False,False
30000-29391-20326-00-1,,2,37.3994328937,126.9196963372,부설,0.9,False,False,False
30000-29391-20330-00-1,,2,37.3993463251,126.9195925265,부설,0.9,False,False,False
30000-29391-20331-00-1,구군포경로당,2,37.3685324585,126.9560398585,비부설,0.9,False,True,False
30000-29391-20332-00-1,기풍빌라,4,37.3686803855,126.9564687626,부설,0.9,True,False,False
30000-29391-20333-00-1,광진신세대 가동,7,37.3687237523,126.9567893516,애매,0.3,False,False,False
30000-29391-20334-00-1,,2,37.3680238945,126.9550151029,부설,0.9,False,False,False
30000-29391-20336-00-1,,7,37.3683413637,126.9558322493,부설,0.9,False,False,False
30000-29391-20337-00-1,,4,37.3671773137,126.9560361335,부설,0.9,False,False,False
30000-29391-20339-00-1,우양파크빌아파트,16,37.3668748814,126.9568852391,부설,0.9,True,False,False
30000-29391-20340-00-1,M&J빌딩,6,37.3661289627,126.9572469087,부설,0.9,True,False,False
30000-29391-20341-00-1,복있는교회,28,37.3676316674,126.9566770873,부설,0.9,True,False,False
30000-29391-20342-00-1,,22,37.3675599159,126.957589284,애매,0.3,False,False,False
30000-29391-20343-00-1,,1,37.3670914566,126.9577972649,부설,0.9,False,False,False
30000-29391-20344-00-1,,4,37.3668427088,126.9576167811,부설,0.9,False,False,False
30000-29391-20345-00-1,진용빌딩,7,37.3665184201,126.9578427415,부설,0.9,True,False,False
30000-29391-20346-00-1,,2,37.376169763,126.9566134672,부설,0.9,False,False,False
30000-29391-20347-00-1,,8,37.3760797942,126.9569793257,부설,0.9,False,False,False
30000-29391-20348-00-1,,8,37.3993284336,126.9197822817,부설,0.9,False,False,False
30000-29391-20349-00-1,,26,37.3989715159,126.9196155144,애매,0.3,False,False,False
30000-29391-20350-00-1,,4,37.3995663765,126.919890449,부설,0.9,False,False,False
30000-29391-20351-00-1,,17,37.3986048673,126.9210524654,애매,0.3,False,False,False
30000-29391-20352-00-1,,0,37.3973331092,126.9217811018,부설,0.9,False,False,False
30000-29391-20353-00-1,학림사,2,37.4005344589,126.9231872652,애매,0.3,False,False,False
30000-29391-20354-00-1,,3,37.4004480166,126.9232731877,부설,0.9,False,False,False
30000-29391-20356-00-1,유일스타리움,8,37.4040673941,126.919180879,애매,0.3,False,False,False
30000-29391-20357-00-1,금산트윈스빌아파트,12,37.4038724889,126.9187654509,부설,0.9,True,False,False
30000-29391-20358-00-1,,8,37.4036053164,126.9180835542,부설,0.9,False,False,False
30000-29391-20359-00-1,,4,37.4034143909,126.9182147774,부설,0.9,False,False,False
30000-29391-20360-00-1,,19,37.4044312608,126.9189681501,애매,0.3,False,False,False
30000-29391-20361-00-1,,6,37.4043335435,126.9183764201,부설,0.9,False,False,False
30000-29391-20362-00-1,,1,37.4040415288,126.918254756,부설,0.9,False,False,False
30000-29391-20363-00-1,,2,37.4032953311,126.9180341962,부설,0.9,False,False,False
30000-29391-20364-00-1,,4,37.4040670968,126.9187471695,부설,0.9,False,False,False
30000-29391-20365-00-1,써니타운,8,37.4043774775,126.9193748126,부설,0.9,True,False,False
30000-29391-20366-00-1,,6,37.4032928249,126.9196334873,부설,0.9,False,False,False
30000-29391-20367-00-1,,9,37.4031089891,126.9195930238,부설,0.9,False,False,False
30000-29391-20368-00-1,,8,37.402997118,126.9193808093,부설,0.9,False,False,False
30000-29391-20369-00-1,안양아파트,8,37.4029068989,126.9192092318,부설,0.9,True,False,False
30000-29391-20370-00-1,,8,37.4030009588,126.9197286717,부설,0.9,False,False,False
30000-29391-20371-00-1,,7,37.4029397538,126.9198236095,부설,0.9,False,False,False
30000-29391-20372-00-1,,8,37.4028317477,126.9199953986,부설,0.9,False,False,False
30000-29391-20373-00-1,,3,37.4027848396,126.9199141293,부설,0.9,False,False,False
30000-29391-20374-00-1,금산트윈스빌아파트,15,37.4026513139,126.919656761,부설,0.9,True,False,False
30000-29391-20375-00-1,안양동 689-33 공동주택,5,37.4026043687,126.9195212795,부설,0.9,True,False,False
30000-29391-20376-00-1,C 나등애버빌,8,37.4018369296,126.9198609259,부설,0.9,True,False,False
30000-29391-20377-00-1,나등빌리지,6,37.402186504,126.9198289298,부설,0.9,True,False,False
30000-29391-20378-00-1,수림아트빌라,4,37.4022765417,126.9197339621,부설,0.9,True,False,False
30000-29391-20379-00-1,예담빌,8,37.4022403412,126.9194990803,부설,0.9,True,False,False
30000-29391-20380-00-1,,8,37.402640881,126.92021697,부설,0.9,False,False,False
30000-29391-20381-00-1,,8,37.3754995424,126.9570022376,부설,0.9,False,False,False
30000-29391-20382-00-1,,7,37.3753409915,126.9570836177,부설,0.9,False,False,False
30000-29391-20384-00-1,,1,37.3750204075,126.9575850839,부설,0.9,False,False,False
30000-29391-20385-00-1,,13,37.3757410875,126.9571962925,애매,0.3,False,False,False
30000-29391-20386-00-1,19931207,7,37.3756544874,126.9569163431,애매,0.3,False,False,False
30000-29391-20387-00-1,,10,37.3755537102,126.9572957532,부설,0.9,False,False,False
30000-29391-20388-00-1,안양우리주유소,3,37.3746599472,126.9574452894,애매,0.3,False,False,False
30000-29391-20389-00-1,,1,37.3742095221,126.9576894089,부설,0.9,False,False,False
30000-29391-20390-00-1,윤성빌딩,12,37.3740437448,126.9577211141,부설,0.9,True,False,False
30000-29391-20403-00-1,,6,37.4023056466,126.9201360068,부설,0.9,False,False,False
30000-29391-20405-00-1,,8,37.4021142936,126.9196392636,부설,0.9,False,False,False
30000-29391-20406-00-1,금강빌딩,134,37.4018870428,126.9193548925,부설,0.9,True,False,False
30000-29391-20407-00-1,롯데주택,3,37.4026399835,126.9188977954,부설,0.9,True,False,False
30000-29391-20408-00-1,나등애버빌,8,37.4020314673,126.9197387412,부설,0.9,True,False,False
30000-29391-20409-00-1,B 나등 애버빌,8,37.4019414051,126.9197975671,부설,0.9,True,False,False
30000-29391-20411-00-1,안양동근린생활시설,3,37.4028275228,126.9139777791,부설,0.9,True,False,False
30000-29391-20412-00-1,,5,37.4024536638,126.9153154496,부설,0.9,False,False,False
30000-29391-20413-00-1,,4,37.3993663668,126.9172976008,부설,0.9,False,False,False
30000-29391-20414-00-1,,6,37.4021461377,126.9136849079,부설,0.9,False,False,False
30000-29391-20415-00-1,,1,37.4022405619,126.914674176,부설,0.9,False,False,False
30000-29391-20416-00-1,,2,37.4019996079,126.9153972789,부설,0.9,False,False,False
30000-29391-20417-00-1,다가구주택,2,37.4022921495,126.9162553137,부설,0.9,True,False,False
30000-29391-20418-00-1,,2,37.402295875,126.9164269823,부설,0.9,False,False,False
30000-29391-20419-00-1,궁전빌라트,7,37.4022171256,126.9171950786,부설,0.9,True,False,False
30000-29391-20420-00-1,,4,37.4022246273,126.9176152164,부설,0.9,False,False,False
30000-29391-20423-00-1,호계동 동원베네스트,118,37.3746217357,126.9616362003,애매,0.3,False,False,False
30000-29391-20434-00-1,,21,37.373542865,126.9579742901,애매,0.3,False,False,False
30000-29391-20435-00-1,,14,37.3733302535,126.9580602121,애매,0.3,False,False,False
30000-29391-20436-00-1,,5,37.3731680897,126.9581190098,부설,0.9,False,False,False
30000-29391-20437-00-1,,9,37.3729951168,126.9581868452,부설,0.9,False,False,False
30000-29391-20439-00-1,,7,37.3727105706,126.9586927873,부설,0.9,False,False,False
30000-29391-20440-00-1,,7,37.3736510568,126.9581684172,부설,0.9,False,False,False
30000-29391-20441-00-1,,5,37.3722598929,126.9582233805,부설,0.9,False,False,False
30000-29391-20442-00-1,,15,37.3722707927,126.9584717491,애매,0.3,False,False,False
30000-29391-20443-00-1,,5,37.3721338384,126.9584763405,부설,0.9,False,False,False
30000-29391-20444-00-1,,5,37.37188506,126.9582055248,부설,0.9,False,False,False
30000-29391-20445-00-1,,3,37.3717769401,126.9582146166,부설,0.9,False,False,False
30000-29391-20446-00-1,,10,37.3716291767,126.9582282461,부설,0.9,False,False,False
30000-29391-20447-00-1,,3,37.371470601,126.9582418816,부설,0.9,False,False,False
30000-29391-20449-00-1,,4,37.371470671,126.9584405792,부설,0.9,False,False,False
30000-29391-20450-00-1,,4,37.3715787909,126.9584314879,부설,0.9,False,False,False
30000-29391-20451-00-1,,4,37.3716833066,126.9584223984,부설,0.9,False,False,False
30000-29391-20452-00-1,,5,37.3717878224,126.958413309,부설,0.9,False,False,False
30000-29391-20453-00-1,,5,37.4023581699,126.9178906503,부설,0.9,False,False,False
30000-29391-20454-00-1,,7,37.4021043038,126.9156456343,부설,0.9,False,False,False
30000-29391-20455-00-1,,7,37.4019925805,126.9156502772,부설,0.9,False,False,False
30000-29391-20456-00-1,,9,37.4021118109,126.9160657713,부설,0.9,False,False,False
30000-29391-20457-00-1,,4,37.4021155656,126.9162780987,부설,0.9,False,False,False
30000-29391-20458-00-1,그린빌,6,37.4019966309,126.916278231,부설,0.9,True,False,False
30000-29391-20459-00-1,,5,37.402004139,126.9167028851,부설,0.9,False,False,False
30000-29391-20460-00-1,,4,37.4018075616,126.9139699097,부설,0.9,False,False,False
30000-29391-20461-00-1,우창빌라,4,37.4018041118,126.9141822443,부설,0.9,True,False,False
30000-29391-20462-00-1,,4,37.4018047706,126.9150948138,부설,0.9,False,False,False
30000-29391-20463-00-1,,4,37.4017941171,126.9153161918,부설,0.9,False,False,False
30000-29391-20464-00-1,,8,37.4017800782,126.9158447753,부설,0.9,False,False,False
30000-29391-20465-00-1,,5,37.4017876965,126.916423029,부설,0.9,False,False,False
30000-29391-20466-00-1,게이츠빌,8,37.4017914027,126.9165675904,부설,0.9,True,False,False
30000-29391-20467-00-1,다가구주택,3,37.4016909393,126.9172092106,부설,0.9,True,False,False
30000-29391-20468-00-1,,4,37.4014608698,126.9180587826,부설,0.9,False,False,False
30000-29391-20469-00-1,하이캐슬2차,8,37.4013238614,126.9179821318,부설,0.9,True,False,False
30000-29391-20470-00-1,,4,37.4011329453,126.9181269041,부설,0.9,False,False,False
30000-29391-20471-00-1,,4,37.4006175679,126.9181365,부설,0.9,False,False,False
30000-29391-20472-00-1,,8,37.400621297,126.9183172001,부설,0.9,False,False,False
30000-29391-20473-00-1,골든뷰,8,37.4005133988,126.9186425842,애매,0.3,False,False,False
30000-29391-20474-00-1,,8,37.4004265391,126.9181186375,부설,0.9,False,False,False
30000-29391-20475-00-1,다가구주택,4,37.4004302619,126.9182903019,부설,0.9,True,False,False
30000-29391-20476-00-1,,6,37.3720148745,126.9583951201,부설,0.9,False,False,False
30000-29391-20477-00-1,,2,37.3714815482,126.9586257233,부설,0.9,False,False,False
30000-29391-20478-00-1,동남빌리지,8,37.3721701153,126.9591537052,부설,0.9,True,False,False
30000-29391-20479-00-1,,2,37.3717125479,126.9596010244,부설,0.9,False,False,False
30000-29391-20480-00-1,엔젤주택,5,37.3716078301,126.95902305,부설,0.9,True,False,False
30000-29391-20481-00-1,,5,37.3719682356,126.9590093063,부설,0.9,False,False,False
30000-29391-20494-00-1,수영빌라트,6,37.4004123507,126.918448437,부설,0.9,True,False,False
30000-29391-20495-00-1,,4,37.4001170616,126.9188056453,부설,0.9,False,False,False
30000-29391-20496-00-1,,4,37.3999434261,126.9178797323,부설,0.9,False,False,False
30000-29391-20497-00-1,,8,37.4006723841,126.9192342188,부설,0.9,False,False,False
30000-29391-20498-00-1,,16,37.401680978,126.9184335093,애매,0.3,False,False,False
30000-29391-20499-00-1,,4,37.402247371,126.9141230087,부설,0.9,False,False,False
30000-29391-20500-00-1,,4,37.402103221,126.914141244,부설,0.9,False,False,False
30000-29391-20501-00-1,,5,37.4021142493,126.9144393991,부설,0.9,False,False,False
30000-29391-20502-00-1,,4,37.4022584191,126.9144482706,부설,0.9,False,False,False
30000-29391-20503-00-1,행복한 사람들,19,37.4024422206,126.9144390262,애매,0.3,False,False,False
30000-29391-20504-00-1,,2,37.4025670558,126.9176735719,부설,0.9,False,False,False
30000-29391-20505-00-1,,3,37.3959409829,126.9203595919,부설,0.9,False,False,False
30000-29391-20506-00-1,,2,37.3957715361,126.9202784596,부설,0.9,False,False,False
30000-29391-20507-00-1,,4,37.3955654876,126.9193707005,부설,0.9,False,False,False
30000-29391-20508-00-1,,1,37.3953345359,126.918946323,부설,0.9,False,False,False
30000-29391-20510-00-1,,5,37.3945705874,126.9191188008,부설,0.9,False,False,False
30000-29391-20511-00-1,태진빌라,5,37.3944843021,126.9194305827,부설,0.9,True,False,False
30000-29391-20512-00-1,,1,37.394808602,126.919330856,부설,0.9,False,False,False
30000-29391-20513-00-1,,5,37.3946755459,126.9197646542,부설,0.9,False,False,False
30000-29391-20515-00-1,전임빌라,4,37.3953027394,126.9198859524,부설,0.9,True,False,False
30000-29391-20516-00-1,,8,37.394985809,126.9202250846,부설,0.9,False,False,False
30000-29391-20517-00-1,,5,37.3946687743,126.9204106276,부설,0.9,False,False,False
30000-29391-20518-00-1,베스트빌A,12,37.3947409502,126.9205505861,부설,0.9,True,False,False
30000-29391-20519-00-1,다가구주택,1,37.3950220294,126.9204915649,부설,0.9,True,False,False
30000-29391-20520-00-1,,7,37.3952309264,126.9202835494,부설,0.9,False,False,False
30000-29391-20521-00-1,,4,37.39537144,126.9202156413,부설,0.9,False,False,False
30000-29391-20522-00-1,,4,37.3954759066,126.9201387365,부설,0.9,False,False,False
30000-29391-20523-00-1,,1,37.3955372949,126.920314846,부설,0.9,False,False,False
30000-29391-20524-00-1,,2,37.3956564727,126.9206761043,부설,0.9,False,False,False
30000-29391-20540-00-1,호계동 박영욱씨 신축공사,4,37.3716875015,126.9601384262,애매,0.3,False,False,False
30000-29391-20541-00-1,,3,37.371305238,126.9594657674,부설,0.9,False,False,False
30000-29391-20543-00-1,,7,37.3709122165,126.9589602068,부설,0.9,False,False,False
30000-29391-20544-00-1,스위트홈 B동,6,37.3715037728,126.9603778639,애매,0.3,False,False,False
30000-29391-20545-00-1,,55,37.3708652277,126.958571872,애매,0.3,False,False,False
30000-29391-20546-00-1,호계1동 주민센터,6,37.3708579195,126.9582873794,비부설,0.9,False,True,False
30000-29391-20547-00-1,,2,37.3698599308,126.9592859147,부설,0.9,False,False,False
30000-29391-20548-00-1,,10,37.3696686054,126.9584009316,부설,0.9,False,False,False
30000-29391-20549-00-1,,2,37.3693622645,126.9584236793,부설,0.9,False,False,False
30000-29391-20550-00-1,명지그린빌라,5,37.3950546692,126.9207941875,부설,0.9,True,False,False
30000-29391-20551-00-1,,2,37.3945320072,126.920690841,부설,0.9,False,False,False
30000-29391-20552-00-1,,1,37.3943950126,126.9206322614,부설,0.9,False,False,False
30000-29391-20553-00-1,,2,37.3941282799,126.9205873705,부설,0.9,False,False,False
30000-29391-20554-00-1,훼밀리타운,6,37.393865318,126.9207909218,부설,0.9,True,False,False
30000-29391-20555-00-1,,1,37.3944461805,126.9216982743,부설,0.9,False,False,False
30000-29391-20556-00-1,,6,37.3935341189,126.9213559175,부설,0.9,False,False,False
30000-29391-20557-00-1,,8,37.3934442954,126.9217761084,부설,0.9,False,False,False
30000-29391-20558-00-1,,8,37.3936176875,126.9223767136,부설,0.9,False,False,False
30000-29391-20559-00-1,,5,37.3932645818,126.9225216269,부설,0.9,False,False,False
30000-29391-20560-00-1,,6,37.3945278029,126.9198009496,부설,0.9,False,False,False
30000-29391-20561-00-1,,6,37.3939485377,126.9212786921,부설,0.9,False,False,False
30000-29391-20563-00-1,,2,37.3949054668,126.9186802667,부설,0.9,False,False,False
30000-29391-20564-00-1,,2,37.3949171238,126.9199179836,부설,0.9,False,False,False
30000-29391-20565-00-1,,4,37.3958581436,126.9204409913,부설,0.9,False,False,False
30000-29391-20566-00-1,,6,37.3947305039,126.9210971843,부설,0.9,False,False,False
30000-29391-20567-00-1,,6,37.3937290511,126.9218255016,부설,0.9,False,False,False
30000-29391-20568-00-1,,2,37.3956488142,126.9200075512,부설,0.9,False,False,False
30000-29391-20569-00-1,안양푸른요양원,18,37.3689406557,126.9586271187,애매,0.3,False,False,False
30000-29391-20570-00-1,,3,37.3682234263,126.9585913872,부설,0.9,False,False,False
30000-29391-20571-00-1,호계파출소,2,37.3682163252,126.9588984561,애매,0.3,False,False,False
30000-29391-20572-00-1,,1,37.3686234471,126.9584918223,부설,0.9,False,False,False
30000-29391-20573-00-1,,9,37.3729865942,126.9460389543,부설,0.9,False,False,False
30000-29391-20574-00-1,,1,37.3730947831,126.9461833873,부설,0.9,False,False,False
30000-29391-20575-00-1,,5,37.3730409282,126.9466395366,부설,0.9,False,False,False
30000-29391-20576-00-1,,16,37.3722336178,126.9466581721,애매,0.3,False,False,False
30000-29391-20577-00-1,LS타워,530,37.3724465331,126.9472676697,부설,0.9,True,False,False
30000-29391-20578-00-1,우신주유소,2,37.3732606763,126.9464135828,애매,0.3,False,False,False
30000-29391-20579-00-1,안양 IT밸리,223,37.3709151932,126.9481809376,애매,0.3,False,False,False
30000-29391-20580-00-1,윈포넷공장,38,37.3705694336,126.9487185558,부설,0.9,True,False,False
30000-29391-20581-00-1,록스기계,22,37.3700364953,126.9498117348,애매,0.3,False,False,False
30000-29391-20582-00-1,던킨도너츠안양공장,34,37.3698201454,126.949568028,부설,0.9,True,False,False
30000-29391-20583-00-1,다래비젼(주),21,37.3702199412,126.9489626458,부설,0.9,True,False,False
30000-29391-20584-00-1,,5,37.3699170676,126.9486648107,부설,0.9,False,False,False
30000-29391-20585-00-1,부림이엔지,16,37.369744186,126.9489313579,애매,0.3,False,False,False
30000-29391-20586-00-1,(주)다나와빌딩,32,37.3695388843,126.9492385673,부설,0.9,True,False,False
30000-29391-20587-00-1,엠브이텍빌딩,21,37.3693009184,126.9490174571,부설,0.9,True,False,False
30000-29391-20588-00-1,플라이밍 워터 벤처밸리,14,37.3694846047,126.9487328414,애매,0.3,False,False,False
30000-29391-20589-00-1,(주)인수기계공장,3,37.3696754984,126.9484482194,부설,0.9,True,False,False
30000-29391-20590-00-1,호계조일IT밸리공영주차장,75,37.3705401459,126.9476799418,비부설,0.9,False,True,False
30000-29391-20591-00-1,한국엑스아이티(주),18,37.3703889309,126.9480367943,부설,0.9,True,False,False
30000-29391-20592-00-1,대림프라자,51,37.3701691994,126.9483078925,부설,0.9,True,False,False
30000-29391-20593-00-1,(주)케어젠,27,37.370158165,126.9478021331,부설,0.9,True,False,False
30000-29391-20594-00-1,,2,37.3708547106,126.9500098857,부설,0.9,False,False,False
30000-29391-20595-00-1,,3,37.370505063,126.949892707,부설,0.9,False,False,False
30000-29391-20596-00-1,(주)크로버,25,37.371146174,126.9489123442,부설,0.9,True,False,False
30000-29391-20597-00-1,,10,37.3713802899,126.948564465,부설,0.9,False,False,False
30000-29391-20598-00-1,,1,37.3696365736,126.9501281034,부설,0.9,False,False,False
30000-29391-20600-00-1,호계동공장,7,37.3701810316,126.950696731,부설,0.9,True,False,False
30000-29391-20601-00-1,,1,37.3955550223,126.9198811665,부설,0.9,False,False,False
30000-29391-20602-00-1,,1,37.393149085,126.9222687851,부설,0.9,False,False,False
30000-29391-20603-00-1,,4,37.394894499,126.9184544156,부설,0.9,False,False,False
30000-29391-20604-00-1,,3,37.3944891326,126.9212510234,부설,0.9,False,False,False
30000-29391-20605-00-1,,3,37.3942722458,126.9202935991,부설,0.9,False,False,False
30000-29391-20606-00-1,전임빌라 B동,2,37.395191074,126.9199764167,부설,0.9,True,False,False
30000-29391-20612-00-1,안양중앙교회,35,37.393715635,126.9179813878,부설,0.9,True,False,False
30000-29391-20614-00-1,아성아파트,13,37.3944224136,126.9185272027,부설,0.9,True,False,False
30000-29391-20618-00-1,,4,37.3938825489,126.9196209491,부설,0.9,False,False,False
30000-29391-20619-00-1,수성드림빌,6,37.394127396,126.9192818967,부설,0.9,True,False,False
30000-29391-20620-00-1,다해그린힐,16,37.3942207589,126.9187803852,애매,0.3,False,False,False
30000-29391-20621-00-1,,5,37.3945627484,126.9182018095,부설,0.9,False,False,False
30000-29391-20622-00-1,어썸스터디타워,11,37.3938836702,126.9160478436,부설,0.9,True,False,False
30000-29391-20623-00-1,,4,37.3940568712,126.9163367518,부설,0.9,False,False,False
30000-29391-20624-00-1,,2,37.3980369166,126.9179540917,부설,0.9,False,False,False
30000-29391-20625-00-1,,4,37.397870997,126.9177645402,부설,0.9,False,False,False
30000-29391-20626-00-1,,154,37.3972696498,126.918537673,비부설,0.9,False,False,True
30000-29391-20627-00-1,,4,37.396898454,126.9185742137,부설,0.9,False,False,False
30000-29391-20628-00-1,,3,37.3970536067,126.9188315371,부설,0.9,False,False,False
30000-29391-20630-00-1,중앙빌라,6,37.3964446713,126.9190580614,부설,0.9,True,False,False
30000-29391-20631-00-1,,2,37.3963833276,126.918949711,부설,0.9,False,False,False
30000-29391-20632-00-1,,7,37.3963258199,126.9191801575,부설,0.9,False,False,False
30000-29391-20633-00-1,,6,37.3961420857,126.9192887708,부설,0.9,False,False,False
30000-29391-20634-00-1,,23,37.3703577097,126.9508817627,애매,0.3,False,False,False
30000-29391-20635-00-1,,40,37.3693087444,126.9504715155,애매,0.3,False,False,False
30000-29391-20636-00-1,,10,37.3691185041,126.952363725,부설,0.9,False,False,False
30000-29391-20637-00-1,,1,37.3686785656,126.9517769636,부설,0.9,False,False,False
30000-29391-20638-00-1,,8,37.3685127418,126.9516912719,부설,0.9,False,False,False
30000-29391-20639-00-1,신용종합주방,7,37.368317974,126.9513346591,애매,0.3,False,False,False
30000-29391-20640-00-1,안전운수,2,37.3682169828,126.9511495823,애매,0.3,False,False,False
30000-29391-20641-00-1,,9,37.3681304189,126.9509915905,부설,0.9,False,False,False
30000-29391-20642-00-1,은성기연,4,37.3690780383,126.9503678058,애매,0.3,False,False,False
30000-29391-20643-00-1,성은문화공장,5,37.3688942233,126.9503543798,부설,0.9,True,True,False
30000-29391-20644-00-1,아원통상빌딩,8,37.3686959901,126.9503364477,부설,0.9,True,False,False
30000-29391-20645-00-1,주은유브이텍주식회사,5,37.3685302089,126.9503546197,부설,0.9,True,False,False
30000-29391-20646-00-1,(주)서울레이저발형시스템,13,37.3683931046,126.9500024877,부설,0.9,True,False,False
30000-29391-20647-00-1,금영 공장,19,37.3681950026,126.950296137,부설,0.9,True,False,False
30000-29391-20648-00-1,OO공장,13,37.3679139979,126.9505717765,부설,0.9,True,False,False
30000-29391-20649-00-1,,3,37.368508861,126.9510184384,부설,0.9,False,False,False
30000-29391-20650-00-1,,3,37.3685627856,126.9506887586,부설,0.9,False,False,False
30000-29391-20651-00-1,(주)파워클,8,37.3688188307,126.9510588781,부설,0.9,True,False,False
30000-29391-20652-00-1,우성화학,8,37.3689412691,126.9508149506,애매,0.3,False,False,False
30000-29391-20653-00-1,G. square,1435,37.3902269308,126.9504803421,애매,0.3,False,False,False
30000-29391-20654-00-1,,50,37.3912801896,126.9525891086,애매,0.3,False,False,False
30000-29391-20655-00-1,국민은행 평촌범계지점,46,37.3913055842,126.9530046608,애매,0.3,False,False,False
30000-29391-20657-00-1,,40,37.3916915262,126.9537768385,애매,0.3,False,False,False
30000-29391-20659-00-1,,5,37.3957018794,126.9185484043,부설,0.9,False,False,False
30000-29391-20661-00-1,다가구주택,2,37.3959469198,126.9184939313,부설,0.9,True,False,False
30000-29391-20662-00-1,다가구주택,2,37.3969990627,126.9181314011,부설,0.9,True,False,False
30000-29391-20663-00-1,,11,37.3975536488,126.9174938417,애매,0.3,False,False,False
30000-29391-20664-00-1,다가구주택,2,37.3972397585,126.9170153414,부설,0.9,True,False,False
30000-29391-20665-00-1,용암빌리지,7,37.3969045565,126.9169840893,부설,0.9,True,False,False
30000-29391-20666-00-1,,4,37.3963066295,126.917486174,부설,0.9,False,False,False
30000-29391-20667-00-1,다목적복지회관,3,37.3961157359,126.9176625593,애매,0.3,False,False,False
30000-29391-20668-00-1,,5,37.3960290961,126.9174593743,부설,0.9,False,False,False
30000-29391-20669-00-1,,6,37.3959137844,126.9174866047,부설,0.9,False,False,False
30000-29391-20670-00-1,다가구주택,3,37.3955681097,126.9179432309,부설,0.9,True,False,False
30000-29391-20671-00-1,,8,37.3955141925,126.9181510853,부설,0.9,False,False,False
30000-29391-20672-00-1,다가구주택,2,37.3970963323,126.9180725692,부설,0.9,True,False,False
30000-29391-20673-00-1,다가구주택,1,37.397345649,126.9189938488,부설,0.9,True,False,False
30000-29391-20674-00-1,경기 아트빌,5,37.3961235075,126.9184756708,부설,0.9,True,False,False
30000-29391-20675-00-1,대유아트빌,5,37.3960585498,126.9183537732,부설,0.9,True,False,False
30000-29391-20676-00-1,프라임하우스,8,37.3975287941,126.9180314417,부설,0.9,True,False,False
30000-29391-20677-00-1,,1,37.3963984637,126.9200067545,부설,0.9,False,False,False
30000-29391-20678-00-1,,2,37.3967682917,126.9179735441,부설,0.9,False,False,False
30000-29391-20680-00-1,,4,37.3969985853,126.917444759,부설,0.9,False,False,False
30000-29391-20681-00-1,에버그린빌,10,37.3963396902,126.9183850897,부설,0.9,True,False,False
30000-29391-20682-00-1,,1,37.3962603161,126.9182632075,부설,0.9,False,False,False
30000-29391-20683-00-1,,2,37.3968737826,126.9193873685,부설,0.9,False,False,False
30000-29391-20684-00-1,,4,37.3965819963,126.919599997,부설,0.9,False,False,False
30000-29391-20685-00-1,,3,37.396688435,126.917160505,부설,0.9,False,False,False
30000-29391-20686-00-1,한솔 빌리지,7,37.3964002821,126.9174092764,부설,0.9,True,False,False
30000-29391-20714-00-1,,5,37.3967402649,126.9191435735,부설,0.9,False,False,False
30000-29391-20715-00-1,,3,37.3979755782,126.9178547748,부설,0.9,False,False,False
30000-29391-20716-00-1,,3,37.3976224345,126.9179364738,부설,0.9,False,False,False
30000-29391-20717-00-1,,4,37.3965096097,126.919152856,부설,0.9,False,False,False
30000-29391-20719-00-1,,4,37.3966914699,126.9163518929,부설,0.9,False,False,False
30000-29391-20720-00-1,다가구주택,2,37.3960285703,126.9167094985,부설,0.9,True,False,False
30000-29391-20721-00-1,,6,37.3959308449,126.9161223548,부설,0.9,False,False,False
30000-29391-20722-00-1,,2,37.3951593333,126.9157889362,부설,0.9,False,False,False
30000-29391-20723-00-1,,2,37.3949649599,126.9161369829,부설,0.9,False,False,False
30000-29391-20724-00-1,,1,37.3953262429,126.9173788339,부설,0.9,False,False,False
30000-29391-20725-00-1,,2,37.3947527784,126.9167877035,부설,0.9,False,False,False
30000-29391-20726-00-1,,1,37.3946982993,126.9161960042,부설,0.9,False,False,False
30000-29391-20727-00-1,,4,37.3952576705,126.9172433907,부설,0.9,False,False,False
30000-29391-20728-00-1,,2,37.3949911859,126.917555375,부설,0.9,False,False,False
30000-29391-20729-00-1,,3,37.3955567906,126.9172159581,부설,0.9,False,False,False
30000-29391-20730-00-1,,1,37.3948892357,126.9160828602,부설,0.9,False,False,False
30000-29391-20757-00-1,,4,37.3952681689,126.9167961683,부설,0.9,False,False,False
30000-29391-20758-00-1,,1,37.3954773519,126.9170037326,부설,0.9,False,False,False
30000-29391-20759-00-1,,3,37.3953836869,126.9170625606,부설,0.9,False,False,False
30000-29391-20760-00-1,,2,37.3950340716,126.9170358422,부설,0.9,False,False,False
30000-29391-20761-00-1,하이캐슬,16,37.3958016941,126.9169672364,부설,0.9,True,False,False
30000-29391-20762-00-1,,2,37.3943813156,126.9164448047,부설,0.9,False,False,False
30000-29391-20763-00-1,RAMS MALL,9,37.3938546513,126.9157858785,애매,0.3,False,False,False
30000-29391-20764-00-1,산장하이츠맨션,6,37.3929635868,126.9145943495,부설,0.9,True,False,False
30000-29391-20765-00-1,신원아트빌,7,37.392804945,126.9145087039,부설,0.9,True,False,False
30000-29391-20767-00-1,,5,37.3933743121,126.9143996453,부설,0.9,False,False,False
30000-29391-20768-00-1,,5,37.3934140518,126.914530598,부설,0.9,False,False,False
30000-29391-20769-00-1,,2,37.3930824171,126.9144496658,부설,0.9,False,False,False
30000-29391-20770-00-1,,5,37.390674933,126.9145156398,부설,0.9,False,False,False
30000-29391-20771-00-1,우성아파트,72,37.3904002238,126.9134183232,부설,0.9,True,False,False
30000-29391-20772-00-1,서촌별장,7,37.3900293129,126.9138433447,애매,0.3,False,False,False
30000-29391-20773-00-1,,6,37.3897302887,126.9140017802,부설,0.9,False,False,False
30000-29391-20774-00-1,현대아트빌라,4,37.3910993241,126.9132910423,부설,0.9,True,False,False
30000-29391-20775-00-1,다가구주택,1,37.3926853602,126.9136144486,부설,0.9,True,False,False
30000-29391-20776-00-1,다가구주택,1,37.3926890665,126.9137544753,부설,0.9,True,False,False
30000-29391-20777-00-1,다가구주택,9,37.3925339886,126.9136146223,부설,0.9,True,False,False
30000-29391-20778-00-1,다가구주택,1,37.3923714174,126.9130863072,부설,0.9,True,False,False
30000-29391-20779-00-1,다가구주택,1,37.3925410514,126.913415861,부설,0.9,True,False,False
30000-29391-20780-00-1,다가구주택,1,37.3924437377,126.9134114558,부설,0.9,True,False,False
30000-29391-20781-00-1,,1,37.3928363843,126.913139976,부설,0.9,False,False,False
30000-29391-20783-00-1,다가구주택,1,37.3925408028,126.9130770774,부설,0.9,True,False,False
30000-29391-20784-00-1,다가구주택,2,37.3927180045,126.9138989903,부설,0.9,True,False,False
30000-29391-20785-00-1,,1,37.3931647827,126.9137223102,부설,0.9,False,False,False
30000-29391-20786-00-1,다가구주택,2,37.3932944441,126.9136047153,부설,0.9,True,False,False
30000-29391-20787-00-1,,1,37.3932983708,126.9140473928,부설,0.9,False,False,False
30000-29391-20805-00-1,다가구주택,2,37.3934747703,126.9137716438,부설,0.9,True,False,False
30000-29391-20806-00-1,,6,37.3935756386,126.9137082877,부설,0.9,False,False,False
30000-29391-20807-00-1,,1,37.3931640568,126.9127330539,부설,0.9,False,False,False
30000-29391-20808-00-1,다가구주택,2,37.392998432,126.9129545861,부설,0.9,True,False,False
30000-29391-20809-00-1,우정빌라,7,37.3926295901,126.9113062625,부설,0.9,True,False,False
30000-29391-20812-00-1,다가구주택,1,37.392913433,126.9101405058,부설,0.9,True,False,False
30000-29391-20813-00-1,,3,37.3927870803,126.9098651116,부설,0.9,False,False,False
30000-29391-20814-00-1,베아누체,8,37.3928021989,126.9107911059,애매,0.3,False,False,False
30000-29391-20815-00-1,,10,37.3938177714,126.9146159663,부설,0.9,False,False,False
30000-29391-20816-00-1,,9,37.3938612028,126.9148688801,부설,0.9,False,False,False
30000-29391-20818-00-1,,8,37.3995154923,126.9192625655,부설,0.9,False,False,False
30000-29391-20819-00-1,,12,37.3994072679,126.9191136031,애매,0.3,False,False,False
30000-29391-20823-00-1,거성빌라,3,37.3981972015,126.9152615122,부설,0.9,True,False,False
30000-29391-20825-00-1,,3,37.397588105,126.9152531631,부설,0.9,False,False,False
30000-29391-20860-00-1,다가구주택,1,37.3978295268,126.9151806123,부설,0.9,True,False,False
30000-29391-20861-00-1,,2,37.3980785284,126.9156275593,부설,0.9,False,False,False
30000-29391-20863-00-1,,2,37.4034340554,126.9206272463,부설,0.9,False,False,False
30000-29391-20864-00-1,,3,37.4126087073,126.9135825377,부설,0.9,False,False,False
30000-29391-20865-00-1,반석교회,22,37.4119171136,126.9141164894,부설,0.9,True,False,False
30000-29391-20866-00-1,삼성교회,6,37.4107671012,126.9136885721,부설,0.9,True,False,False
30000-29391-20867-00-1,,3,37.4102154,126.913309678,부설,0.9,False,False,False
30000-29391-20868-00-1,,1,37.4110948539,126.9133899928,부설,0.9,False,False,False
30000-29391-20869-00-1,,3,37.4104831561,126.9147597102,부설,0.9,False,False,False
30000-29391-20870-00-1,,5,37.4106383005,126.914994481,부설,0.9,False,False,False
30000-29391-20871-00-1,,5,37.41053024,126.9150804489,부설,0.9,False,False,False
30000-29391-20872-00-1,,7,37.4072336895,126.9117724756,부설,0.9,False,False,False
30000-29391-20873-00-1,,6,37.4073780747,126.9120704949,부설,0.9,False,False,False
30000-29391-20874-00-1,금호타운3차,8,37.4076669029,126.9127478613,부설,0.9,True,False,False
30000-29391-20875-00-1,금호타운2차,8,37.4075292069,126.911749539,부설,0.9,True,False,False
30000-29391-20876-00-1,스카이빌A,12,37.4072737778,126.912368805,부설,0.9,True,False,False
30000-29391-20897-00-1,다가구주택,1,37.4075401404,126.9119121749,부설,0.9,True,False,False
30000-29391-20898-00-1,꿈에 어린이집,2,37.4079691164,126.9120336598,부설,0.9,True,False,False
30000-29391-20899-00-1,다가구주택,2,37.4077748683,126.9125353885,부설,0.9,True,False,False
30000-29391-20900-00-1,,1,37.4078685308,126.9124765452,부설,0.9,False,False,False
30000-29391-20901-00-1,우성아트빌라,7,37.4078867015,126.9126798358,부설,0.9,True,False,False
30000-29391-20902-00-1,우성아트빌라,7,37.4079408827,126.9128424224,부설,0.9,True,False,False
30000-29391-20903-00-1,,4,37.4071696535,126.9129020498,부설,0.9,False,False,False
30000-29391-20904-00-1,,1,37.406646655,126.9123514635,부설,0.9,False,False,False
30000-29391-20905-00-1,,1,37.4067080414,126.9125095209,부설,0.9,False,False,False
30000-29391-20906-00-1,청송아트빌,6,37.4064737998,126.912541419,부설,0.9,True,False,False
30000-29391-20907-00-1,다가구주택,3,37.4062249746,126.9123474368,부설,0.9,True,False,False
30000-29391-20908-00-1,다가구주택,1,37.4067545492,126.9120441158,부설,0.9,True,False,False
30000-29391-20909-00-1,,3,37.4062071816,126.9126546773,부설,0.9,False,False,False
30000-29391-20910-00-1,지성빌딩,4,37.4061277582,126.9124740522,부설,0.9,True,False,False
30000-29391-20911-00-1,,55,37.4056490581,126.9133465647,애매,0.3,False,False,False
30000-29391-20912-00-1,다가구주택,3,37.4058690986,126.9136083505,부설,0.9,True,False,False
30000-29391-20913-00-1,초원빌딩,4,37.405418115,126.9129628099,부설,0.9,True,False,False
30000-29391-20914-00-1,,3,37.4055622116,126.9128722852,부설,0.9,False,False,False
30000-29391-20915-00-1,,4,37.4057575502,126.9138524458,부설,0.9,False,False,False
30000-29391-20916-00-1,,4,37.4060997959,126.9136577829,부설,0.9,False,False,False
30000-29391-20917-00-1,,5,37.405601943,126.9129897047,부설,0.9,False,False,False
30000-29391-20918-00-1,낙원빌딩,5,37.4054578397,126.9130711934,부설,0.9,True,False,False
30000-29391-20919-00-1,안양중앙성결교회,14,37.4050866628,126.9131303545,부설,0.9,True,False,False
30000-29391-20920-00-1,세성파크빌,5,37.4053066674,126.9133424411,부설,0.9,True,False,False
30000-29391-20921-00-1,아델하우스,4,37.4049792435,126.9140927838,부설,0.9,True,False,False
30000-29391-20922-00-1,한솔씨티빌,8,37.4047517551,126.913501205,부설,0.9,True,False,False
30000-29391-20923-00-1,힐플러스,8,37.4046256619,126.9135691176,애매,0.3,False,False,False
30000-29391-20924-00-1,다가구주택,1,37.4042798846,126.9138631732,부설,0.9,True,False,False
30000-29391-20925-00-1,,3,37.4042873391,126.9142020015,부설,0.9,False,False,False
30000-29391-20926-00-1,,1,37.404283653,126.9140890601,부설,0.9,False,False,False
30000-29391-20927-00-1,101,3,37.403908437,126.9135518702,애매,0.3,False,False,False
30000-29391-20928-00-1,수자인,7,37.403955389,126.9136873504,애매,0.3,False,False,False
30000-29391-20929-00-1,다가구주택,2,37.4040995456,126.9136781494,부설,0.9,True,False,False
30000-29391-20930-00-1,,2,37.4039374642,126.9138183872,부설,0.9,False,False,False
30000-29391-20931-00-1,,6,37.403969993,126.9139448485,부설,0.9,False,False,False
30000-29391-20932-00-1,,6,37.4039736825,126.9140623071,부설,0.9,False,False,False
30000-29391-20951-00-1,청솔노블빌,8,37.404009992,126.9144327258,부설,0.9,True,False,False
30000-29391-20952-00-1,차이빌,8,37.4035914792,126.913827819,부설,0.9,True,False,False
30000-29391-20953-00-1,,5,37.4037392793,126.9138728277,부설,0.9,False,False,False
30000-29391-20954-00-1,성훈빌라,3,37.4034005715,126.913977124,부설,0.9,True,False,False
30000-29391-20955-00-1,미소지움,8,37.4032422675,126.9143567969,애매,0.3,False,False,False
30000-29391-20956-00-1,씨티캐슬,11,37.4030186474,126.9141266463,부설,0.9,True,False,False
30000-29391-20957-00-1,다가구주택,1,37.4032776669,126.9134757929,부설,0.9,True,False,False
30000-29391-20958-00-1,다가구주택,3,37.4032490784,126.9138101401,부설,0.9,True,False,False
30000-29391-20959-00-1,참조은빌,7,37.4030187589,126.9142802496,부설,0.9,True,False,False
30000-29391-20960-00-1,,4,37.4032792274,126.9156352817,부설,0.9,False,False,False
30000-29391-20961-00-1,금호타운,8,37.4030371971,126.9148585003,부설,0.9,True,False,False
30000-29391-20962-00-1,중앙하이츠타운,6,37.4030483241,126.9152967094,부설,0.9,True,False,False
30000-29391-20963-00-1,다가구주택,3,37.4041257656,126.9150470168,부설,0.9,True,False,False
30000-29391-20964-00-1,힐타운,11,37.4037581138,126.9149977362,부설,0.9,True,False,False
30000-29391-20965-00-1,,4,37.403779949,126.915291368,부설,0.9,False,False,False
30000-29391-20966-00-1,,6,37.4036575041,126.9154225217,부설,0.9,False,False,False
30000-29391-20967-00-1,,8,37.4047814184,126.9146441877,부설,0.9,False,False,False
30000-29391-21003-00-1,,5,37.4044609092,126.9149969423,부설,0.9,False,False,False
30000-29391-21004-00-1,다가구주택,1,37.4043058233,126.9148435114,부설,0.9,True,False,False
30000-29391-21005-00-1,,6,37.4047960561,126.9149513851,부설,0.9,False,False,False
30000-29391-21006-00-1,,8,37.4047997705,126.915104988,부설,0.9,False,False,False
30000-29391-21007-00-1,삼익연립,12,37.4046591043,126.9149560578,애매,0.3,False,False,False
30000-29391-21008-00-1,,6,37.4063377837,126.9138201559,부설,0.9,False,False,False
30000-29391-21009-00-1,,2,37.4056460636,126.9141823805,부설,0.9,False,False,False
30000-29391-21010-00-1,,1,37.4052248699,126.9148515071,부설,0.9,False,False,False
30000-29391-21011-00-1,수자인,12,37.4053078807,126.915014057,애매,0.3,False,False,False
30000-29391-21012-00-1,우성파크빌라,6,37.4060641957,126.9142632264,부설,0.9,True,False,False
30000-29391-21013-00-1,새롬빌,6,37.4049832239,126.9146123337,부설,0.9,True,False,False
30000-29391-21014-00-1,다가구주택,2,37.4056896885,126.9147018901,부설,0.9,True,False,False
30000-29391-21015-00-1,다가구주택,2,37.4057290983,126.9143765559,부설,0.9,True,False,False
30000-29391-21016-00-1,우성파크빌라,7,37.4060859183,126.9143987396,부설,0.9,True,False,False
30000-29391-21017-00-1,,2,37.4068927161,126.9136884988,부설,0.9,False,False,False
30000-29391-21018-00-1,이데아힐하우스,11,37.4068132943,126.913507871,부설,0.9,True,False,False
30000-29391-21019-00-1,,3,37.406842542,126.9140771024,부설,0.9,False,False,False
30000-29391-21020-00-1,,4,37.4071524893,126.9140722304,부설,0.9,False,False,False
30000-29391-21021-00-1,,8,37.4069579742,126.9142170281,부설,0.9,False,False,False
30000-29391-21022-00-1,한울빌,5,37.4078402709,126.9132536803,부설,0.9,True,False,False
30000-29391-21041-00-1,근하빌딩,5,37.4077648367,126.9135971377,부설,0.9,True,False,False
30000-29391-21042-00-1,,3,37.4061871945,126.9149001154,부설,0.9,False,False,False
30000-29391-21043-00-1,다가구주택,4,37.4058016004,126.9149592844,부설,0.9,True,False,False
30000-29391-21044-00-1,,6,37.4054377767,126.9152217333,부설,0.9,False,False,False
30000-29391-21045-00-1,좋은빌딩,5,37.4065041612,126.9146331975,부설,0.9,True,False,False
30000-29391-21046-00-1,미문선교교회,22,37.4048256637,126.916035637,부설,0.9,True,False,False
30000-29391-21047-00-1,,7,37.4046635026,126.9160674429,부설,0.9,False,False,False
30000-29391-21048-00-1,성우빌리지,6,37.4044074363,126.9158192478,부설,0.9,True,False,False
30000-29391-21049-00-1,라이프 빌딩,4,37.4046167457,126.9162030303,부설,0.9,True,False,False
30000-29391-21050-00-1,유연빌딩,8,37.4045230908,126.91627542,부설,0.9,True,False,False
30000-29391-21051-00-1,다가구주택,2,37.404130275,126.9163165174,부설,0.9,True,False,False
30000-29391-21052-00-1,,5,37.4041196575,126.9165921158,부설,0.9,False,False,False
30000-29391-21053-00-1,,4,37.4039929769,126.9158332649,부설,0.9,False,False,False
30000-29391-21054-00-1,,8,37.4041408694,126.9160092943,부설,0.9,False,False,False
30000-29391-21055-00-1,,5,37.403996796,126.9161359536,부설,0.9,False,False,False
30000-29391-21056-00-1,,4,37.403776745,126.9158515779,부설,0.9,False,False,False
30000-29391-21057-00-1,남승씨티빌,8,37.4037768381,126.9159825938,부설,0.9,True,False,False
30000-29391-21058-00-1,한덕빌라,5,37.4037733495,126.9161452383,부설,0.9,True,False,False
30000-29391-21059-00-1,단독주택,2,37.4036039385,126.9161183203,부설,0.9,True,False,False
30000-29391-21060-00-1,,4,37.4036145614,126.9158517593,부설,0.9,False,False,False
30000-29391-21061-00-1,로얄아파트,19,37.4043691554,126.917757439,부설,0.9,True,False,False
30000-29391-21062-00-1,,5,37.4043801747,126.9180556036,부설,0.9,False,False,False
30000-29391-21063-00-1,장안빌라,8,37.4044523501,126.91819106,부설,0.9,True,False,False
30000-29391-21064-00-1,프라임하우스빌,8,37.4046109578,126.9182315482,부설,0.9,True,False,False
30000-29391-21065-00-1,,4,37.404546178,126.9183671537,부설,0.9,False,False,False
30000-29391-21066-00-1,프라임하우스빌,8,37.4044990811,126.9180148136,부설,0.9,True,False,False
30000-29391-21067-00-1,,5,37.404610701,126.9178610854,부설,0.9,False,False,False
30000-29391-21068-00-1,,5,37.4046574126,126.9176577313,부설,0.9,False,False,False
30000-29391-21069-00-1,현대주택,4,37.4045601622,126.9177436767,부설,0.9,True,False,False
30000-29391-21070-00-1,다가구주택,2,37.4049419394,126.9173773125,부설,0.9,True,False,False
30000-29391-21071-00-1,,4,37.4047942132,126.9174362068,부설,0.9,False,False,False
30000-29391-21072-00-1,라폴리움,8,37.406055993,126.9179408303,애매,0.3,False,False,False
30000-29391-21073-00-1,,1,37.4055868449,126.9170558333,부설,0.9,False,False,False
30000-29391-21097-00-1,현대베스트빌,11,37.4056231766,126.9174714404,부설,0.9,True,False,False
30000-29391-21098-00-1,현대베스트빌,11,37.4054138618,126.9170740956,부설,0.9,True,False,False
30000-29391-21099-00-1,다가구주택,1,37.4050499037,126.9171513005,부설,0.9,True,False,False
30000-29391-21100-00-1,현대베스트빌,11,37.4054574803,126.9176026411,부설,0.9,True,False,False
30000-29391-21101-00-1,,3,37.4044047673,126.9171429751,부설,0.9,False,False,False
30000-29391-21102-00-1,광순빌딩,13,37.4043400172,126.9173192417,부설,0.9,True,False,False
30000-29391-21103-00-1,하이캐슬,10,37.4041167881,126.9176402517,부설,0.9,True,False,False
30000-29391-21104-00-1,,4,37.4054205192,126.916292493,부설,0.9,False,False,False
30000-29391-21105-00-1,,2,37.4069513597,126.9150393086,부설,0.9,False,False,False
30000-29391-21106-00-1,,5,37.4074854475,126.9159965247,부설,0.9,False,False,False
30000-29391-21107-00-1,다가구주택,4,37.4073160559,126.9159967138,부설,0.9,True,False,False
30000-29391-21108-00-1,대아파크빌,12,37.40701685,126.9159021702,부설,0.9,True,False,False
30000-29391-21109-00-1,다가구주택,2,37.4069196748,126.916092034,부설,0.9,True,False,False
30000-29391-21110-00-1,,3,37.4074855438,126.9161320651,부설,0.9,False,False,False
30000-29391-21111-00-1,트래저 빌리지,7,37.4075219456,126.9166425605,부설,0.9,True,False,False
30000-29391-21112-00-1,,1,37.407650515,126.9149888208,부설,0.9,False,False,False
30000-29391-21113-00-1,다가구주택,1,37.4080325374,126.914974835,부설,0.9,True,False,False
30000-29391-21114-00-1,,4,37.4075464144,126.9155717628,부설,0.9,False,False,False
30000-29391-21126-00-1,다가구주택,1,37.4083242984,126.9147395658,부설,0.9,True,False,False
30000-29391-21127-00-1,,8,37.4088006685,126.9156200544,부설,0.9,False,False,False
30000-29391-21128-00-1,,6,37.4080319333,126.9141389968,부설,0.9,False,False,False
30000-29391-21129-00-1,,3,37.4086519656,126.9143190126,부설,0.9,False,False,False
30000-29391-21130-00-1,,2,37.4090063454,126.9159631998,부설,0.9,False,False,False
30000-29391-21131-00-1,은가람,16,37.4083797732,126.9167229353,애매,0.3,False,False,False
30000-29391-21132-00-1,상암빌딩,2,37.4090965308,126.91608057,부설,0.9,True,False,False
30000-29391-21133-00-1,,8,37.4076988218,126.917035433,부설,0.9,False,False,False
30000-29391-21134-00-1,,1,37.4072199374,126.9176910709,부설,0.9,False,False,False
30000-29391-21154-00-1,공동주택 (황일청),6,37.4015910664,126.9136268149,부설,0.9,True,False,False
30000-29391-21155-00-1,,4,37.4017281764,126.913838988,부설,0.9,False,False,False
30000-29391-21156-00-1,그라시아빌,8,37.4015913233,126.9139791922,부설,0.9,True,False,False
30000-29391-21157-00-1,,4,37.4014398533,126.9138438358,부설,0.9,False,False,False
30000-29391-21158-00-1,거성,8,37.4015914711,126.9141824868,애매,0.3,False,False,False
30000-29391-21159-00-1,,5,37.4012925908,126.9145397215,부설,0.9,False,False,False
30000-29391-21160-00-1,현대나리빌라,5,37.4014587854,126.9151042394,부설,0.9,True,False,False
30000-29391-21161-00-1,,2,37.4013038131,126.9151089319,부설,0.9,False,False,False
30000-29391-21162-00-1,,6,37.4014700275,126.9157050748,부설,0.9,False,False,False
30000-29391-21171-00-1,,4,37.401091075,126.9149736429,부설,0.9,False,False,False
30000-29391-21172-00-1,영선그린빌라,5,37.401094919,126.9153079433,부설,0.9,True,False,False
30000-29391-21173-00-1,럭스하임,6,37.4011023919,126.9156783808,애매,0.3,False,False,False
30000-29391-21174-00-1,,4,37.4011062852,126.9160849633,부설,0.9,False,False,False
30000-29391-21175-00-1,안양동 873-107 공동주택 (조상영),7,37.4009693333,126.9160896336,부설,0.9,True,False,False
30000-29391-21176-00-1,,4,37.4011101197,126.9164102286,부설,0.9,False,False,False
30000-29391-21177-00-1,공동주택,6,37.4009733973,126.916740167,부설,0.9,True,False,False
30000-29391-21178-00-1,진주하이츠빌,6,37.4011252408,126.9174131264,부설,0.9,True,False,False
30000-29391-21179-00-1,,6,37.4011290967,126.9177745329,부설,0.9,False,False,False
30000-29391-21180-00-1,,4,37.4007120655,126.9141699368,부설,0.9,False,False,False
30000-29391-21181-00-1,다가구주택,4,37.4005716406,126.9143553186,부설,0.9,True,False,False
30000-29391-21182-00-1,,1,37.4007160618,126.9147120453,부설,0.9,False,False,False
30000-29391-21183-00-1,산들에빌,8,37.4007273092,126.9153173923,부설,0.9,True,False,False
30000-29391-21184-00-1,혜진빌딩,4,37.4007349011,126.9158549793,부설,0.9,True,False,False
30000-29391-21185-00-1,,5,37.400594342,126.9158551365,부설,0.9,False,False,False
30000-29391-21186-00-1,,7,37.4005981162,126.9160945652,부설,0.9,False,False,False
30000-29391-21187-00-1,,6,37.4006022055,126.9167812361,부설,0.9,False,False,False
30000-29391-21188-00-1,,8,37.4000414863,126.9138680245,부설,0.9,False,False,False
30000-29391-21203-00-1,,5,37.4003965403,126.9164516795,부설,0.9,False,False,False
30000-29391-21204-00-1,,6,37.4003966424,126.9165962422,부설,0.9,False,False,False
30000-29391-21205-00-1,,6,37.3997623304,126.9166059803,부설,0.9,False,False,False
30000-29391-21225-00-1,동인빌,8,37.4004005135,126.9169757155,부설,0.9,True,False,False
30000-29391-21226-00-1,,6,37.400238333,126.916980412,부설,0.9,False,False,False
30000-29391-21227-00-1,,5,37.3999138577,126.9168271729,부설,0.9,False,False,False
30000-29391-21228-00-1,,6,37.4001339888,126.9172289937,부설,0.9,False,False,False
30000-29391-21229-00-1,,4,37.3999970337,126.9172291443,부설,0.9,False,False,False
30000-29391-21230-00-1,우수림,5,37.3998601829,126.9173783742,애매,0.3,False,False,False
30000-29391-21231-00-1,,4,37.4002892262,126.9176037824,부설,0.9,False,False,False
30000-29391-21232-00-1,신호안차랑5차,8,37.4010872757,126.9147025894,애매,0.3,False,False,False
30000-29391-21233-00-1,신호안차랑,8,37.4003622495,126.9138676574,애매,0.3,False,False,False
30000-29391-21234-00-1,다가구주택,2,37.3983735875,126.9149631607,부설,0.9,True,False,False
30000-29391-21235-00-1,다가구주택,3,37.4004771376,126.9132621683,부설,0.9,True,False,False
30000-29391-21236-00-1,안양동 897-8 공동주택,10,37.4001886618,126.9130592098,부설,0.9,True,False,False
30000-29391-21238-00-1,,1,37.4009350346,126.9135055921,부설,0.9,False,False,False
30000-29391-21239-00-1,안양월드,233,37.4012915737,126.9131437708,애매,0.3,False,False,False
30000-29391-21240-00-1,그린파크빌라,7,37.4021061489,126.9132151137,부설,0.9,True,False,False
30000-29391-21241-00-1,더클래식,8,37.4014567277,126.9122852261,애매,0.3,False,False,False
30000-29391-21242-00-1,우리빌,6,37.4011505716,126.9125430881,부설,0.9,True,False,False
30000-29391-21243-00-1,,6,37.400743454,126.9127378185,부설,0.9,False,False,False
30000-29391-21244-00-1,,1,37.4014451706,126.9112868384,부설,0.9,False,False,False
30000-29391-21245-00-1,삼성빌라,5,37.401402253,126.9117296186,부설,0.9,True,False,False
30000-29391-21246-00-1,명성하이츠빌라,4,37.4011286356,126.9121229737,부설,0.9,True,False,False
30000-29391-21247-00-1,,4,37.4008476482,126.9122994889,부설,0.9,False,False,False
30000-29391-21248-00-1,제일빌딩,7,37.4002929672,126.9127699639,부설,0.9,True,False,False
30000-29391-21249-00-1,,6,37.399754938,126.911397252,부설,0.9,False,False,False
30000-29391-21250-00-1,현대홈타운,6,37.3993261841,126.9115739403,부설,0.9,True,False,False
30000-29391-21251-00-1,드림빌,12,37.398916258,126.9128393221,부설,0.9,True,False,False
30000-29391-21252-00-1,,3,37.3978462967,126.9134549326,부설,0.9,False,False,False
30000-29391-21253-00-1,,4,37.3973948673,126.9122086467,부설,0.9,False,False,False
30000-29391-21254-00-1,다가구주택,1,37.3973915009,126.9125293866,부설,0.9,True,False,False
30000-29391-21255-00-1,다가구주택,1,37.3972869858,126.9125340255,부설,0.9,True,False,False
30000-29391-21256-00-1,,6,37.3982433054,126.9142224443,부설,0.9,False,False,False
30000-29391-21257-00-1,,3,37.3979949473,126.9146699545,부설,0.9,False,False,False
30000-29391-21258-00-1,,4,37.3974286876,126.9140923678,부설,0.9,False,False,False
30000-29391-21259-00-1,,1,37.3972953267,126.9140789678,부설,0.9,False,False,False
30000-29391-21278-00-1,,4,37.3972487618,126.9144765522,부설,0.9,False,False,False
30000-29391-21279-00-1,베르사체,8,37.396606578,126.9135738095,애매,0.3,False,False,False
30000-29391-21295-00-1,,1,37.3921316729,126.9059269908,부설,0.9,False,False,False
30000-29391-21296-00-1,,1,37.3920385608,126.9066769438,부설,0.9,False,False,False
30000-29391-21297-00-1,,1,37.392009317,126.9061575151,부설,0.9,False,False,False
30000-29391-21298-00-1,,1,37.3916558293,126.9057965906,부설,0.9,False,False,False
30000-29391-21299-00-1,훼미리타운,10,37.3923489599,126.9072457144,부설,0.9,True,False,False
30000-29391-21300-00-1,미담채,12,37.3919849685,126.9072732654,애매,0.3,False,False,False
30000-29391-21301-00-1,,1,37.3921061382,126.9055430699,부설,0.9,False,False,False
30000-29391-21302-00-1,,2,37.3920179909,126.9080230611,부설,0.9,False,False,False
30000-29391-21304-00-1,,2,37.3925986342,126.908519235,부설,0.9,False,False,False
30000-29391-21305-00-1,,4,37.3923647346,126.9089938155,부설,0.9,False,False,False
30000-29391-21306-00-1,,3,37.3919787524,126.9085470908,부설,0.9,False,False,False
30000-29391-21307-00-1,동사무소,10,37.3914885512,126.9084889646,애매,0.3,False,False,False
30000-29391-21308-00-1,,5,37.3899097687,126.9082424508,부설,0.9,False,False,False
30000-29391-21309-00-1,,1,37.3907747321,126.9082188115,부설,0.9,False,False,False
30000-29391-21310-00-1,,1,37.3911966098,126.9084757683,부설,0.9,False,False,False
30000-29391-21311-00-1,,4,37.3916080501,126.9092205834,부설,0.9,False,False,False
30000-29391-21312-00-1,,1,37.391045771,126.9091670571,부설,0.9,False,False,False
30000-29391-21313-00-1,우석펠리스,8,37.3910171185,126.909401977,애매,0.3,False,False,False
30000-29391-21318-00-1,다가구주택,3,37.3890094999,126.9092191998,부설,0.9,True,False,False
30000-29391-21319-00-1,,2,37.3893082846,126.9087581132,부설,0.9,False,False,False
30000-29391-21320-00-1,부흥2차빌라,5,37.3884034736,126.9085198157,부설,0.9,True,False,False
30000-29391-21321-00-1,장은한양아파트,35,37.3884072905,126.9087953401,부설,0.9,True,False,False
30000-29391-21322-00-1,그린아트빌,12,37.3875530693,126.9087286226,부설,0.9,True,False,False
30000-29391-21323-00-1,,1,37.3870987166,126.9084220315,부설,0.9,False,False,False
30000-29391-21324-00-1,우진빌라 가동,6,37.3857599831,126.9063595227,부설,0.9,True,False,False
30000-29391-21325-00-1,우진빌라,6,37.3856336573,126.906129328,부설,0.9,True,False,False
30000-29391-21326-00-1,늘푸른 아파트,21,37.3854315157,126.9057366278,부설,0.9,True,False,False
30000-29391-21327-00-1,늘푸른 아파트,18,37.3852798735,126.9053980665,부설,0.9,True,False,False
30000-29391-21328-00-1,,3,37.3844923649,126.9031542882,부설,0.9,False,False,False
30000-29391-21329-00-1,,2,37.3840367713,126.9013662976,부설,0.9,False,False,False
30000-29391-21349-00-1,청송아트빌,6,37.3840226069,126.9016689288,부설,0.9,True,False,False
30000-29391-21350-00-1,넓은들빌라,8,37.3833664595,126.9014258909,부설,0.9,True,False,False
30000-29391-21351-00-1,다기능 노인복지시설,2,37.3830674554,126.9015888781,애매,0.3,False,False,False
30000-29391-21352-00-1,해피플레이스,14,37.3834031005,126.9021484941,애매,0.3,False,False,False
30000-29391-21353-00-1,움트리 어린이집,5,37.3835318211,126.9009153012,부설,0.9,True,False,False
30000-29391-21364-00-1,,6,37.3778225543,126.9048429044,부설,0.9,False,False,False
30000-29391-21366-00-1,,4,37.3730119625,126.9015162128,부설,0.9,False,False,False
30000-29391-21367-00-1,,2,37.3714431768,126.9046929079,부설,0.9,False,False,False
30000-29391-21368-00-1,탑스빌,8,37.4018048956,126.9204572931,부설,0.9,True,False,False
30000-29391-21369-00-1,,2,37.3996811566,126.9190816859,부설,0.9,False,False,False
30000-29391-21370-00-1,,6,37.3995476445,126.9188469175,부설,0.9,False,False,False
30000-29391-21372-00-1,청람빌딩,4,37.4001425409,126.9191715413,부설,0.9,True,False,False
30000-29391-21373-00-1,,4,37.3974225273,126.9155469812,부설,0.9,False,False,False
30000-29391-21374-00-1,,2,37.3978480602,126.9158988638,부설,0.9,False,False,False
30000-29391-21375-00-1,,4,37.3774981386,126.9371432917,부설,0.9,False,False,False
30000-29391-21376-00-1,,2,37.3776388421,126.9374141478,부설,0.9,False,False,False
30000-29391-21377-00-1,다가구주택,2,37.3776425345,126.9375812451,부설,0.9,True,False,False
30000-29391-21378-00-1,벧엘빌라,2,37.3777219436,126.9378069908,부설,0.9,True,False,False
30000-29391-21379-00-1,다가구주택,2,37.3778877606,126.9378610487,부설,0.9,True,False,False
30000-29391-21380-00-1,,1,37.3773718389,126.9368498436,부설,0.9,False,False,False
30000-29391-21381-00-1,사찰,3,37.3766051543,126.9387292102,부설,0.9,True,False,False
30000-29391-21393-00-1,,2,37.4170756039,126.920793596,부설,0.9,False,False,False
30000-29391-21394-00-1,,1,37.4169638928,126.9208163066,부설,0.9,False,False,False
30000-29391-21395-00-1,,2,37.4173529597,126.9205583363,부설,0.9,False,False,False
30000-29391-21396-00-1,,2,37.4173027723,126.9209605452,부설,0.9,False,False,False
30000-29391-21397-00-1,,2,37.4172630186,126.9207979172,부설,0.9,False,False,False
30000-29391-21416-00-1,,2,37.4175793963,126.9196408169,부설,0.9,False,False,False
30000-29391-21417-00-1,,2,37.4174029287,126.9198353057,부설,0.9,False,False,False
30000-29391-21418-00-1,,2,37.4174535387,126.9200611825,부설,0.9,False,False,False
30000-29391-21419-00-1,,2,37.4175041483,126.9202870596,부설,0.9,False,False,False
30000-29391-21420-00-1,,2,37.4175619837,126.920540041,부설,0.9,False,False,False
30000-29391-21421-00-1,,3,37.4176198217,126.9207975415,부설,0.9,False,False,False
30000-29391-21422-00-1,,2,37.417648742,126.9209285512,부설,0.9,False,False,False
30000-29391-21423-00-1,,2,37.4177318558,126.9212583239,부설,0.9,False,False,False
30000-29391-21424-00-1,,4,37.4180516217,126.9197758719,부설,0.9,False,False,False
30000-29391-21425-00-1,트인마루,3,37.4183698876,126.9214248466,애매,0.3,False,False,False
30000-29391-21426-00-1,영산가온누리,8,37.4183269562,126.9219038702,애매,0.3,False,False,False
30000-29391-21427-00-1,,4,37.4184278343,126.9218495413,부설,0.9,False,False,False
30000-29391-21432-00-1,안양동 1339 단독주택 (나채호),3,37.4174954878,126.9235449914,부설,0.9,True,False,False
30000-29391-21433-00-1,,13,37.4181189688,126.9235082084,애매,0.3,False,False,False
30000-29391-21434-00-1,,4,37.4185225516,126.923394831,부설,0.9,False,False,False
30000-29391-21435-00-1,,3,37.4188829734,126.9234170574,부설,0.9,False,False,False
30000-29391-21436-00-1,,12,37.4188434076,126.9235391025,애매,0.3,False,False,False
30000-29391-21437-00-1,,5,37.4191286177,126.9242979566,부설,0.9,False,False,False
30000-29391-21438-00-1,,2,37.4191827626,126.924428945,부설,0.9,False,False,False
30000-29391-21439-00-1,,4,37.419915691,126.9264932828,부설,0.9,False,False,False
30000-29391-21440-00-1,,4,37.419966456,126.9269902974,부설,0.9,False,False,False
30000-29391-21441-00-1,이지빌딩,6,37.4200859973,126.9279797925,부설,0.9,True,False,False
30000-29391-21442-00-1,,5,37.4201258864,126.9283819253,부설,0.9,False,False,False
30000-29391-21443-00-1,,3,37.4197508133,126.927971076,부설,0.9,False,False,False
30000-29391-21444-00-1,에벤에셀빌딩,4,37.4197798518,126.9283099548,부설,0.9,True,False,False
30000-29391-21445-00-1,,5,37.4198631301,126.9289470204,부설,0.9,False,False,False
30000-29391-21446-00-1,,5,37.4197191624,126.9292725065,부설,0.9,False,False,False
30000-29391-21447-00-1,,4,37.4195643977,126.9296251139,부설,0.9,False,False,False
30000-29391-21448-00-1,,5,37.4191359334,126.9303349531,부설,0.9,False,False,False
30000-29391-21449-00-1,,10,37.4181204623,126.9318406057,부설,0.9,False,False,False
30000-29391-21465-00-1,,7,37.4232827301,126.9118982553,부설,0.9,False,False,False
30000-29391-21484-00-1,,2,37.4235606495,126.9124447264,부설,0.9,False,False,False
30000-29391-21485-00-1,태양빌딩,5,37.4234636035,126.9128018384,부설,0.9,True,False,False
30000-29391-21486-00-1,,1,37.4228180038,126.9121654171,부설,0.9,False,False,False
30000-29391-21487-00-1,청년회불교교육원,10,37.422197055,126.9107652837,애매,0.3,False,False,False
30000-29391-21488-00-1,가동,2,37.4218615553,126.9103409072,애매,0.3,False,False,False
30000-29391-21489-00-1,,3,37.4222725013,126.9104488709,부설,0.9,False,False,False
30000-29391-21490-00-1,,1,37.4222086202,126.9117684657,부설,0.9,False,False,False
30000-29391-21491-00-1,,1,37.421443002,126.9097087667,부설,0.9,False,False,False
30000-29391-21492-00-1,,2,37.4214248676,126.9095596664,부설,0.9,False,False,False
30000-29391-21493-00-1,,4,37.4213560264,126.9090852701,부설,0.9,False,False,False
30000-29391-21494-00-1,,3,37.422076173,126.9082212912,부설,0.9,False,False,False
30000-29391-21495-00-1,김천빌딩,7,37.4205590321,126.908444564,부설,0.9,True,False,False
30000-29391-21496-00-1,,12,37.4203789231,126.9085667906,애매,0.3,False,False,False
30000-29391-21497-00-1,해옥빌딩,4,37.4201593609,126.9089375972,부설,0.9,True,False,False
30000-29391-21498-00-1,석수빌딩,4,37.4200296944,126.9090416859,부설,0.9,True,False,False
30000-29391-21499-00-1,해동빌딩,4,37.4197416015,126.9093447906,부설,0.9,True,False,False
30000-29391-21500-00-1,LA 빌딩,1,37.4194315961,126.9092728646,부설,0.9,True,False,False
30000-29391-21503-00-1,,4,37.4245887587,126.9137359755,부설,0.9,False,False,False
30000-29391-21505-00-1,,3,37.4240414986,126.914504835,부설,0.9,False,False,False
30000-29391-21506-00-1,,3,37.4237314573,126.9143786558,부설,0.9,False,False,False
30000-29391-21507-00-1,,2,37.4242035639,126.914341966,부설,0.9,False,False,False
30000-29391-21508-00-1,영림빌딩,27,37.4238031183,126.9138001427,부설,0.9,True,False,False
30000-29391-21509-00-1,안양시립석수도서관,125,37.4115049053,126.9030562681,비부설,0.9,False,True,False
30000-29391-21510-00-1,,1,37.4230348993,126.9130463588,부설,0.9,False,False,False
30000-29391-21511-00-1,,2,37.4228834852,126.9129877877,부설,0.9,False,False,False
30000-29391-21512-00-1,,1,37.4222634457,126.9127987112,부설,0.9,False,False,False
30000-29391-21513-00-1,전원주택,1,37.4225227115,126.9124911241,부설,0.9,True,False,False
30000-29391-21514-00-1,대한예수교장로회 예수세계교회,17,37.4186550049,126.9117681162,부설,0.9,True,False,False
30000-29391-21515-00-1,,7,37.4181652113,126.9122521871,부설,0.9,False,False,False
30000-29391-21516-00-1,,3,37.4169364074,126.9125021427,부설,0.9,False,False,False
30000-29391-21517-00-1,,2,37.4163594341,126.9120690333,부설,0.9,False,False,False
30000-29391-21535-00-1,,4,37.4163171427,126.9133659054,부설,0.9,False,False,False
30000-29391-21536-00-1,석수동근생주택,3,37.4161660393,126.9137320809,부설,0.9,True,False,False
30000-29391-21537-00-1,,2,37.4162022545,126.9139715219,부설,0.9,False,False,False
30000-29391-21538-00-1,,4,37.416281188,126.9134834289,부설,0.9,False,False,False
30000-29391-21539-00-1,,3,37.4162742405,126.9138404018,부설,0.9,False,False,False
30000-29391-21540-00-1,,2,37.4162226003,126.9122318607,부설,0.9,False,False,False
30000-29391-21541-00-1,,2,37.4158050558,126.9129462733,부설,0.9,False,False,False
30000-29391-21552-00-1,,3,37.4195635934,126.9172528016,부설,0.9,False,False,False
30000-29391-21553-00-1,호암초등학교,88,37.4207812766,126.9165510455,부설,0.9,True,False,False
30000-29391-21554-00-1,,5,37.4193145222,126.9166972723,부설,0.9,False,False,False
30000-29391-21555-00-1,,5,37.4196860051,126.9170719169,부설,0.9,False,False,False
30000-29391-21556-00-1,,6,37.4197727558,126.9174333216,부설,0.9,False,False,False
30000-29391-21557-00-1,,3,37.4199205384,126.9174557531,부설,0.9,False,False,False
30000-29391-21558-00-1,,4,37.4216893358,126.9163150567,부설,0.9,False,False,False
30000-29391-21559-00-1,요사채,1,37.4218203138,126.9234502171,애매,0.3,False,False,False
30000-29391-21560-00-1,,5,37.4216024763,126.9062290507,부설,0.9,False,False,False
30000-29391-21561-00-1,,6,37.4198656266,126.9066243484,부설,0.9,False,False,False
30000-29391-21562-00-1,,2,37.4198726954,126.906448108,부설,0.9,False,False,False
30000-29391-21563-00-1,,7,37.4193363158,126.9072440712,부설,0.9,False,False,False
30000-29391-21564-00-1,관악맨션,5,37.4192176081,126.9075334156,부설,0.9,True,False,False
30000-29391-21565-00-1,,7,37.4194626742,126.9075195581,부설,0.9,False,False,False
30000-29391-21566-00-1,,10,37.4198232012,126.9076727525,부설,0.9,False,False,False
30000-29391-21567-00-1,관악아파트,26,37.4195782162,126.9077905405,부설,0.9,True,False,False
30000-29391-21568-00-1,스카이빌,6,37.4193370671,126.9082065591,부설,0.9,True,False,False
30000-29391-21569-00-1,솔채,12,37.4189909746,126.908075939,애매,0.3,False,False,False
30000-29391-21579-00-1,,5,37.4173143476,126.9071381183,부설,0.9,False,False,False
30000-29391-21580-00-1,관악하이빌,8,37.4179782696,126.9081268819,부설,0.9,True,False,False
30000-29391-21581-00-1,써니빌Ⅱ,8,37.4178772432,126.9079824089,부설,0.9,True,False,False
30000-29391-21582-00-1,이민재씨근린생활시설및주택신축,2,37.4178266489,126.9078062439,부설,0.9,True,False,False
30000-29391-21583-00-1,써니빌Ⅱ,6,37.4176825319,126.9078651628,부설,0.9,True,False,False
30000-29391-21584-00-1,,3,37.4174999221,126.909415272,부설,0.9,False,False,False
30000-29391-21585-00-1,,4,37.4173128282,126.909831209,부설,0.9,False,False,False
30000-29391-21604-00-1,,1,37.4170028816,126.9098360992,부설,0.9,False,False,False
30000-29391-21605-00-1,,3,37.4167112407,126.9102160086,부설,0.9,False,False,False
30000-29391-21606-00-1,,7,37.4162642431,126.9100945416,부설,0.9,False,False,False
30000-29391-21607-00-1,,1,37.4141275692,126.9108110049,부설,0.9,False,False,False
30000-29391-21608-00-1,석수동 271-4 단독주택,5,37.4140339213,126.9108879289,부설,0.9,True,False,False
30000-29391-21609-00-1,,1,37.4140988831,126.9110053306,부설,0.9,False,False,False
30000-29391-21610-00-1,해동2차,6,37.4143691885,126.9110050108,애매,0.3,False,False,False
30000-29391-21611-00-1,온세빌,8,37.4139909985,126.9113217467,부설,0.9,True,False,False
30000-29391-21612-00-1,,1,37.4138388297,126.9102646212,부설,0.9,False,False,False
30000-29391-21613-00-1,다가구주택(7가구),1,37.413712896,126.9105403932,부설,0.9,True,False,False
30000-29391-21614-00-1,,2,37.4136986573,126.9107753663,부설,0.9,False,False,False
30000-29391-21615-00-1,다가구주택(5가구),1,37.4140445596,126.9106574774,부설,0.9,True,False,False
30000-29391-21616-00-1,선일빌라,5,37.4145450597,126.9100423752,부설,0.9,True,False,False
30000-29391-21621-00-1,,2,37.4142172916,126.9103093539,부설,0.9,False,False,False
30000-29391-21622-00-1,,5,37.4146461248,126.9102410659,부설,0.9,False,False,False
30000-29391-21623-00-1,다가구주택5가구용,1,37.4146493919,126.9097982544,부설,0.9,True,False,False
30000-29391-21624-00-1,다가구주택,1,37.4147865463,126.9100601602,부설,0.9,True,False,False
30000-29391-21625-00-1,,2,37.4149049735,126.9093958049,부설,0.9,False,False,False
30000-29391-21626-00-1,다가구주택,1,37.4151431842,126.9098428469,부설,0.9,True,False,False
30000-29391-21627-00-1,현대아파트유치원,3,37.4152504883,126.9087763567,부설,0.9,True,False,False
30000-29391-21628-00-1,,4,37.4134457556,126.9099623591,부설,0.9,False,False,False
30000-29391-21629-00-1,,3,37.4138278183,126.9100025674,부설,0.9,False,False,False
30000-29391-21630-00-1,,5,37.4137161642,126.9100975872,부설,0.9,False,False,False
30000-29391-21631-00-1,,7,37.4133908776,126.9088960896,부설,0.9,False,False,False
30000-29391-21633-00-1,,8,37.4129728608,126.9089688893,부설,0.9,False,False,False
30000-29391-21634-00-1,더 파인 타운,47,37.4136681715,126.9086110954,부설,0.9,True,False,False
30000-29391-21635-00-1,엘림빌딩,6,37.4145359945,126.9076340583,부설,0.9,True,False,False
30000-29391-21636-00-1,마인드 house M,8,37.4131187633,126.9065785038,애매,0.3,False,False,False
30000-29391-21637-00-1,,4,37.4134323605,126.9066323348,부설,0.9,False,False,False
30000-29391-21638-00-1,해맑음,17,37.4132667015,126.9067952015,애매,0.3,False,False,False
30000-29391-21655-00-1,석수그린타운B동,7,37.4123694794,126.9070403018,부설,0.9,True,False,False
30000-29391-21675-00-1,태양빌딩,2,37.4125383181,126.9063397538,부설,0.9,True,False,False
30000-29391-21676-00-1,,4,37.4123656191,126.9067149884,부설,0.9,False,False,False
30000-29391-21677-00-1,,1,37.4121384376,126.9065571298,부설,0.9,False,False,False
30000-29391-21678-00-1,,4,37.4124337856,126.9063218107,부설,0.9,False,False,False
30000-29391-21679-00-1,,4,37.4121237959,126.9062724955,부설,0.9,False,False,False
30000-29391-21680-00-1,,8,37.4119544797,126.9063675904,부설,0.9,False,False,False
30000-29391-21681-00-1,,33,37.4115472945,126.9064629807,애매,0.3,False,False,False
30000-29391-21682-00-1,,4,37.4116124425,126.9068108059,부설,0.9,False,False,False
30000-29391-21683-00-1,,1,37.4105962253,126.9069792382,부설,0.9,False,False,False
30000-29391-21684-00-1,다가구주택,1,37.4107803063,126.907326913,부설,0.9,True,False,False
30000-29391-21685-00-1,,1,37.410848482,126.9069427806,부설,0.9,False,False,False
30000-29391-21686-00-1,,1,37.4108627524,126.906757516,부설,0.9,False,False,False
30000-29391-21687-00-1,,1,37.4111764065,126.9068836378,부설,0.9,False,False,False
30000-29391-21688-00-1,,3,37.4110107258,126.9070193897,부설,0.9,False,False,False
30000-29391-21689-00-1,유일유치원,4,37.4099594537,126.9084529469,부설,0.9,True,False,False
30000-29391-21691-00-1,고은햇살아파트,19,37.409218362,126.9102113971,부설,0.9,True,False,False
30000-29391-21692-00-1,,3,37.4095749318,126.909903738,부설,0.9,False,False,False
30000-29391-21695-00-1,,2,37.4114505258,126.9071498755,부설,0.9,False,False,False
30000-29391-21696-00-1,세명렉스힐,12,37.4116176456,126.908862091,애매,0.3,False,False,False
30000-29391-21698-00-1,호현빌라,4,37.4108467835,126.9093961745,부설,0.9,True,False,False
30000-29391-21699-00-1,미영팰리스,7,37.4106918983,126.9095138344,부설,0.9,True,False,False
30000-29391-21700-00-1,,5,37.4107424624,126.9096538381,부설,0.9,False,False,False
30000-29391-21703-00-1,다가구주택,2,37.4100011394,126.9111276506,부설,0.9,True,False,False
30000-29391-21741-00-1,송림그린빌라,5,37.413733705,126.9048788253,부설,0.9,True,False,False
30000-29391-21768-00-1,,2,37.4193837868,126.9231815734,부설,0.9,False,False,False
30000-29391-21769-00-1,패미리월드G7,82,37.4196834096,126.9239313796,애매,0.3,False,False,False
30000-29391-21770-00-1,,3,37.4199073164,126.9246405987,부설,0.9,False,False,False
30000-29391-21806-00-1,,5,37.4069942616,126.9097080369,부설,0.9,False,False,False
30000-29391-21807-00-1,,4,37.4065795612,126.9094058312,부설,0.9,False,False,False
30000-29391-21808-00-1,,1,37.4070773999,126.9100287145,부설,0.9,False,False,False
30000-29391-21824-00-1,다가구주택,2,37.4065990136,126.9112943159,부설,0.9,True,False,False
30000-29391-21825-00-1,다가구주택,1,37.4061844361,126.9111502307,부설,0.9,True,False,False
30000-29391-21826-00-1,다가구주택,2,37.4066786919,126.9118137881,부설,0.9,True,False,False
30000-29391-21827-00-1,다가구주택,1,37.4065092261,126.9117145917,부설,0.9,True,False,False
30000-29391-21836-00-1,동화팰리스,13,37.4027982014,126.908524908,부설,0.9,True,False,False
30000-29391-21837-00-1,,4,37.4031586687,126.9086012716,부설,0.9,False,False,False
30000-29391-21849-00-1,허가번호 183호,17,37.3963869307,126.9437860946,애매,0.3,False,False,False
30000-29391-21850-00-1,부흥초등학교,26,37.3945862732,126.9467823706,부설,0.9,True,False,False
30000-29391-21855-00-1,,1,37.4003835353,126.9739154342,부설,0.9,False,False,False
30000-29391-21856-00-1,,8,37.399677892,126.9776110328,부설,0.9,False,False,False
30000-29391-21857-00-1,,5,37.3934004763,126.926505631,부설,0.9,False,False,False
30000-29391-21858-00-1,,2,37.393978545,126.9288178755,부설,0.9,False,False,False
30000-29391-21859-00-1,성화빌라,6,37.3929729858,126.9287872064,부설,0.9,True,False,False
30000-29391-21860-00-1,오피스텔,3,37.3928064625,126.9275767719,부설,0.9,True,False,False
30000-29391-21861-00-1,,6,37.3923904622,126.9310463123,부설,0.9,False,False,False
30000-29391-21862-00-1,동인베스트빌,20,37.3922318111,126.9309244959,부설,0.9,True,False,False
30000-29391-21863-00-1,관양동 관양택지개발지구 A22-5 단독주택 (정미숙),6,37.4070001365,126.9717580605,부설,0.9,True,False,False
30000-29391-21864-00-1,,11,37.3909808428,126.9303293964,애매,0.3,False,False,False
30000-29391-21865-00-1,,2,37.3810357778,126.9280397357,부설,0.9,False,False,False
30000-29391-21867-00-1,미도아파트,18,37.3890887625,126.9304440701,부설,0.9,True,False,False
30000-29391-21868-00-1,,4,37.3843603763,126.9627874962,부설,0.9,False,False,False
30000-29391-21869-00-1,,2,37.3841049001,126.9641290566,부설,0.9,False,False,False
30000-29391-21870-00-1,,3,37.3842274187,126.9640612489,부설,0.9,False,False,False
30000-29391-21871-00-1,,3,37.3843535428,126.9639979559,부설,0.9,False,False,False
30000-29391-21872-00-1,,2,37.383286319,126.9626705963,부설,0.9,False,False,False
30000-29391-21873-00-1,,2,37.3826480778,126.9616817935,부설,0.9,False,False,False
30000-29391-21874-00-1,,2,37.3826949749,126.9618172655,부설,0.9,False,False,False
30000-29391-21875-00-1,,2,37.3827418718,126.9619527377,부설,0.9,False,False,False
30000-29391-21876-00-1,,2,37.3827887686,126.96208821,부설,0.9,False,False,False
30000-29391-21877-00-1,,2,37.3828320611,126.9622236843,부설,0.9,False,False,False
30000-29391-21878-00-1,,2,37.3826987326,126.9622960157,부설,0.9,False,False,False
30000-29391-21879-00-1,,3,37.3826518361,126.9621605434,부설,0.9,False,False,False
30000-29391-21880-00-1,,2,37.3825580426,126.9618895993,부설,0.9,False,False,False
30000-29391-21881-00-1,,2,37.3825147497,126.9617541257,부설,0.9,False,False,False
30000-29391-21882-00-1,.,24,37.3836388568,126.9606244084,애매,0.3,False,False,False
30000-29391-21884-00-1,,5,37.3887797845,126.9321201229,부설,0.9,False,False,False
30000-29391-21885-00-1,,7,37.3887074635,126.9317046343,부설,0.9,False,False,False
30000-29391-21886-00-1,,4,37.3885813647,126.9317815357,부설,0.9,False,False,False
30000-29391-21889-00-1,,6,37.3884806788,126.9321791119,부설,0.9,False,False,False
30000-29391-21890-00-1,안양동 511-26 제2종근린생활시설 (우경진),9,37.3886610693,126.9325041652,부설,0.9,True,False,False
30000-29391-21891-00-1,,2,37.3888447074,126.9322058854,부설,0.9,False,False,False
30000-29391-21892-00-1,,7,37.3874680974,126.932473617,부설,0.9,False,False,False
30000-29391-21893-00-1,,7,37.3873420186,126.9325866502,부설,0.9,False,False,False
30000-29391-21894-00-1,,2,37.3822480583,126.9617903931,부설,0.9,False,False,False
30000-29391-21895-00-1,,3,37.3819780067,126.9625899481,부설,0.9,False,False,False
30000-29391-21897-00-1,,2,37.3828648364,126.9632986041,부설,0.9,False,False,False
30000-29391-21898-00-1,,2,37.383009003,126.963307567,부설,0.9,False,False,False
30000-29391-21899-00-1,,3,37.3833157894,126.964748202,부설,0.9,False,False,False
30000-29391-21901-00-1,,2,37.3832111922,126.9644862905,부설,0.9,False,False,False
30000-29391-21902-00-1,,4,37.3831102013,126.9642334111,부설,0.9,False,False,False
30000-29391-21903-00-1,,3,37.3830597057,126.9641069717,부설,0.9,False,False,False
30000-29391-21904-00-1,,3,37.3830092099,126.9639805324,부설,0.9,False,False,False
30000-29391-21905-00-1,평촌동 928-16 제1종근린생활시설 (박형만),5,37.382958714,126.9638540933,부설,0.9,True,False,False
30000-29391-21906-00-1,,4,37.3829046111,126.9637186231,부설,0.9,False,False,False
30000-29391-21909-00-1,,8,37.3873238769,126.9323743766,부설,0.9,False,False,False
30000-29391-21910-00-1,,2,37.3879075843,126.9321028419,부설,0.9,False,False,False
30000-29391-21912-00-1,신호안차랑,8,37.3878966708,126.931926695,애매,0.3,False,False,False
30000-29391-21913-00-1,,2,37.3881995131,126.9320980618,부설,0.9,False,False,False
30000-29391-21914-00-1,,50,37.3880878459,126.9322020501,애매,0.3,False,False,False
30000-29391-21916-00-1,양지빌라,5,37.3879077835,126.9324506384,부설,0.9,True,False,False
30000-29391-21917-00-1,,9,37.3877600519,126.9325140066,부설,0.9,False,False,False
30000-29391-21918-00-1,,9,37.3878177792,126.9326223589,부설,0.9,False,False,False
30000-29391-21919-00-1,,2,37.3834744246,126.9649333073,부설,0.9,False,False,False
30000-29391-21920-00-1,,2,37.3833771301,126.9649875515,부설,0.9,False,False,False
30000-29391-21921-00-1,,3,37.3832762315,126.9650417971,부설,0.9,False,False,False
30000-29391-21922-00-1,,3,37.3831789369,126.965096041,부설,0.9,False,False,False
30000-29391-21923-00-1,,3,37.3830780382,126.9651502864,부설,0.9,False,False,False
30000-29391-21924-00-1,백영고등학교,35,37.3861378556,126.9649501339,부설,0.9,True,False,False
30000-29391-21932-00-1,,2,37.3856610004,126.9299865326,부설,0.9,False,False,False
30000-29391-21933-00-1,,3,37.385563738,126.9300679237,부설,0.9,False,False,False
30000-29391-21934-00-1,이성 하우스,2,37.3857223394,126.9301039101,부설,0.9,True,False,False
30000-29391-21935-00-1,,1,37.3859458224,126.9301533866,부설,0.9,False,False,False
30000-29391-21936-00-1,,4,37.3858775974,126.9305825381,부설,0.9,False,False,False
30000-29391-21937-00-1,,7,37.3859569801,126.9307405503,부설,0.9,False,False,False
30000-29391-21938-00-1,,2,37.385481057,126.9304293361,부설,0.9,False,False,False
30000-29391-21939-00-1,신유정타운,7,37.3858671151,126.9311471376,부설,0.9,True,False,False
30000-29391-21940-00-1,신유정타운2동,7,37.385791345,126.931002672,부설,0.9,True,False,False
30000-29391-21941-00-1,신유정타운,7,37.3857155746,126.9308582068,부설,0.9,True,False,False
30000-29391-21942-00-1,신유정타운,7,37.3856361974,126.9307092284,부설,0.9,True,False,False
30000-29391-21943-00-1,신유정타운,7,37.3855568226,126.9305647671,부설,0.9,True,False,False
30000-29391-21945-00-1,,1,37.3855924129,126.9298014116,부설,0.9,False,False,False
30000-29391-21946-00-1,LS엠트론(주) 하이테크센터,250,37.3737523353,126.9498363552,부설,0.9,True,False,False
30000-29391-21947-00-1,LS 어린이집,3,37.372840582,126.9500356636,부설,0.9,True,False,False
30000-29391-21954-00-1,,8,37.3860923574,126.934290577,부설,0.9,False,False,False
30000-29391-21955-00-1,미랜드명학타워,92,37.3858761043,126.9342772155,부설,0.9,True,False,False
30000-29391-21956-00-1,,5,37.3858793781,126.9336855225,부설,0.9,False,False,False
30000-29391-21977-00-1,배드민턴장,147,37.3795854115,126.9642892812,애매,0.3,False,False,False
30000-29391-40872-00-1,,2,37.4016276647,126.9049573768,부설,0.9,False,False,False
30000-29391-41416-00-1,동편마을,879,37.4119618319,126.9673960525,애매,0.3,False,False,False
30000-29391-41466-00-1,비산한화꿈에그린아파트,902,37.3967536531,126.9350085675,부설,0.9,True,False,False
30000-29391-41549-00-1,,7,37.4034192678,126.9200760938,부설,0.9,False,False,False
30000-29391-41743-00-1,SK평촌사랑주유소,4,37.3959247193,126.97148666,애매,0.3,False,False,False
30000-29391-42173-00-1,,25,37.4034752158,126.971226286,애매,0.3,False,False,False
30000-29391-42282-00-1,,3,37.3893673259,126.9388633672,부설,0.9,False,False,False
30000-29391-43187-00-1,정호산업,51,37.3819219474,126.9478030134,부설,0.9,True,False,False
30000-29391-43462-00-1,M스테이트빌,20,37.3830727102,126.9353500848,부설,0.9,True,False,False
30000-29391-43567-00-1,영빈악기,6,37.4047249381,126.8899135456,애매,0.3,False,False,False
30000-29391-43688-00-1,,4,37.4058858804,126.9340654709,부설,0.9,False,False,False
30000-29391-43814-00-1,삼일타운빌,17,37.3862180129,126.9067519094,부설,0.9,True,False,False
30000-29391-44348-00-1,동안고등학교,66,37.3900522472,126.9661407917,부설,0.9,True,False,False
30000-29391-44424-00-1,제일산업개발(주) 안양공장,7,37.4257560048,126.8994542402,부설,0.9,True,False,False
30000-29391-44456-00-1,,9,37.3843649032,126.9263202357,부설,0.9,False,False,False
30000-29391-44933-00-1,박달초등학교,34,37.4011031392,126.902581765,부설,0.9,True,False,False
30000-29391-45230-00-1,안양 한승 미메이드 아파트,213,37.3953126456,126.9298013821,부설,0.9,True,False,False
30000-29391-45395-00-1,,200,37.3982274798,126.9173033698,애매,0.3,False,False,False
30000-29391-45444-00-1,,152,37.3848268169,126.9272727981,애매,0.3,False,False,False
30000-29391-45445-00-1,호계임광그대가3차아파트,163,37.3832749519,126.9512436967,부설,0.9,True,False,False
30000-29391-45509-00-1,,11,37.3926159156,126.9414400065,애매,0.3,False,False,False
30000-29391-45837-00-1,,21,37.3905975806,126.934485393,애매,0.3,False,False,False
30000-29391-46377-00-1,크라운빌리지,16,37.4038021129,126.9671059317,부설,0.9,True,False,False
30000-29391-46469-00-1,,103,37.3922637711,126.9188276677,애매,0.3,False,False,False
30000-29391-46716-00-1,꿈마을아파트,245,37.3847011983,126.9699507331,부설,0.9,True,False,False
30000-29391-46837-00-1,삼성래미안아파트,2008,37.4022758138,126.9240890283,부설,0.9,True,False,False
30000-29391-46839-00-1,폴리켐,55,37.3957518408,126.9719791125,애매,0.3,False,False,False
30000-29391-47358-00-1,한림씨티빌1차 B동,8,37.3924955416,126.9057458515,부설,0.9,True,False,False
30000-29391-47607-00-1,박달동 923 단독주택 (강인기),6,37.410598486,126.8849710754,부설,0.9,True,False,False
30000-29391-47612-00-1,,3,37.4086367588,126.8995765212,부설,0.9,False,False,False
30000-29391-48017-00-1,석수동 297-11 단독주택 (나기순),4,37.4094740796,126.9099851852,부설,0.9,True,False,False
30000-29391-48125-00-1,한솔아파트,13,37.3671090491,126.9566141694,부설,0.9,True,False,False
30000-29391-48173-00-1,지앤팰리스 3차,11,37.3925109664,126.907019659,부설,0.9,True,False,False
30000-29391-48416-00-1,타운하우스 유원,14,37.4251517762,126.9148153889,부설,0.9,True,False,False
30000-29391-48596-00-1,재단법인예수그리스도후기성도교회,79,37.3872547575,126.9450440675,부설,0.9,True,False,False
30000-29391-48721-00-1,호암아트빌,8,37.4178007202,126.9165679086,부설,0.9,True,False,False
30000-29391-48838-00-1,해옥빌딩,4,37.4201521214,126.9088969369,부설,0.9,True,False,False
30000-29391-48997-00-1,로체샤르빌,8,37.4037542917,126.9146950485,부설,0.9,True,False,False
30000-29391-50260-00-1,,3,37.419287445,126.9246864071,부설,0.9,False,False,False
30000-29391-50433-00-1,M-City VILL,6,37.3936132403,126.9211028726,애매,0.3,False,False,False
30000-29391-50985-00-1,,12,37.4104037829,126.9097897906,애매,0.3,False,False,False
30000-29391-51097-00-1,송가호계타워,16,37.3679263572,126.9544236119,부설,0.9,True,False,False
30000-29391-51153-00-1,,6,37.4085369389,126.8849561551,부설,0.9,False,False,False
30000-29391-51413-00-1,아름빌,8,37.3970470395,126.9783120109,부설,0.9,True,False,False
30000-29391-51677-00-1,코리아타운연립,20,37.4125136733,126.9117843566,부설,0.9,True,False,False
30000-29391-51934-00-1,,4,,,부설,0.9,False,False,False
30000-29391-52001-00-1,아크로빌,10,,,부설,0.9,True,False,False
30000-29391-52050-00-1,,2,,,부설,0.9,False,False,False
30000-29391-52309-00-1,훼미리타운,16,,,부설,0.9,True,False,False
30000-29391-52749-00-1,,3,,,부설,0.9,False,False,False
30000-29391-52925-00-1,미영팰리스,10,,,부설,0.9,True,False,False
30000-29391-53129-00-1,타운빌,6,,,부설,0.9,True,False,False
30000-29391-53278-00-1,래미안안양메가트리아,4933,,,애매,0.3,False,False,False
30000-29391-53655-00-1,마드리드,120,,,애매,0.3,False,False,False
30000-29391-53742-00-1,선빌딩,6,,,부설,0.9,True,False,False
30000-29391-53823-00-1,비산동  11-1 교정빛군사시설,101,,,애매,0.3,False,False,False
30000-29391-54730-00-1,라온하임,8,,,애매,0.3,False,False,False
30000-29391-55770-00-1,,7,,,부설,0.9,False,False,False
30000-29391-56394-00-1,안양 SK V1 center,437,,,애매,0.3,False,False,False
30000-29391-58232-00-1,,2,,,부설,0.9,False,False,False
30000-29391-58461-00-1,삼성원시티,24,,,애매,0.3,False,False,False
30000-29391-58553-00-1,비산동 1044-4 단독주택 (김금수),5,,,부설,0.9,True,False,False
30000-29391-60178-00-1,영원해밀리지,16,,,애매,0.3,False,False,False
30000-29391-60291-00-1,,4,,,부설,0.9,False,False,False
30000-29391-60976-00-1,미영팰리스,30,,,부설,0.9,True,False,False
30000-29391-63176-00-1,늘샘타운,2,,,부설,0.9,True,False,False
30000-29391-64111-00-1,,2,,,부설,0.9,False,False,False
30000-29391-70365-00-1,다뉴브,8,,,애매,0.3,False,False,False
30000-29391-70414-00-1,두산명학 아너비즈타워,318,,,부설,0.9,True,False,False
30000-29391-71330-00-1,,3,,,부설,0.9,False,False,False
30000-29392-20154-00-1,,12,37.397803767,126.9250647874,애매,0.3,False,False,False
30000-29392-20156-00-1,원평노블레스,28,37.3964673394,126.9261593176,애매,0.3,False,False,False
30000-29392-20172-00-1,한주빌딩,98,37.3969521584,126.9234348599,부설,0.9,True,False,False
30000-29392-20173-00-1,,90,37.3953204151,126.92485043,애매,0.3,False,False,False
30000-29392-20182-00-1,,97,37.3958034514,126.9249899845,애매,0.3,False,False,False
30000-29392-20183-00-1,,5,37.3947657719,126.9254608128,부설,0.9,False,False,False
30000-29392-20185-00-1,,16,37.3959416536,126.9269819861,애매,0.3,False,False,False
30000-29392-20194-00-1,,8,37.3725983527,126.9573109763,부설,0.9,False,False,False
30000-29392-20223-00-1,세르누비앙3차,31,37.3958528248,126.9233004587,애매,0.3,False,False,False
30000-29392-20231-00-1,,3,37.3947025855,126.9224794915,부설,0.9,False,False,False
30000-29392-20268-00-1,,19,37.3996376027,126.9240555491,애매,0.3,False,False,False
30000-29392-20270-00-1,대성빌딩,18,37.4016362641,126.9215959227,부설,0.9,True,False,False
30000-29392-20271-00-1,VON PLAZA,75,37.4005291327,126.9205806166,애매,0.3,False,False,False
30000-29392-20274-00-1,,19,37.4001617283,126.9208972347,애매,0.3,False,False,False
30000-29392-20275-00-1,,5,37.3996431019,126.9214398851,부설,0.9,False,False,False
30000-29392-20276-00-1,더존 아카데미,48,37.3998775111,126.9216564833,애매,0.3,False,False,False
30000-29392-20300-00-1,,4,37.369841159,126.9571590029,부설,0.9,False,False,False
30000-29392-20301-00-1,,6,37.369985447,126.9575021191,부설,0.9,False,False,False
30000-29392-20302-00-1,우양빌딩,23,37.3698376982,126.9575563915,부설,0.9,True,False,False
30000-29392-20305-00-1,,14,37.3694232393,126.9575927509,애매,0.3,False,False,False
30000-29392-20306-00-1,,9,37.3691601122,126.9575161318,부설,0.9,False,False,False
30000-29392-20307-00-1,안양시 호계동 웰빙센터,31,37.3698700522,126.9573260695,애매,0.3,False,False,False
30000-29392-20308-00-1,,8,,,부설,0.9,False,False,False
30000-29392-20314-00-1,,6,37.3996408632,126.9235224755,부설,0.9,False,False,False
30000-29392-20315-00-1,,25,37.3993161291,126.9229581149,애매,0.3,False,False,False
30000-29392-20316-00-1,,10,37.3984435836,126.9224123939,부설,0.9,False,False,False
30000-29392-20319-00-1,스타프라자,9,37.4001876803,126.9219859435,부설,0.9,True,False,False
30000-29392-20320-00-1,,19,37.3998096406,126.9225781351,애매,0.3,False,False,False
30000-29392-20323-00-1,,14,37.3984618465,126.9227828079,애매,0.3,False,False,False
30000-29392-20327-00-1,안양 메쎄 포스빌,232,37.39881733,126.9207857103,부설,0.9,True,False,False
30000-29392-20328-00-1,,42,37.3975422655,126.9219615811,애매,0.3,False,False,False
30000-29392-20329-00-1,,34,37.3971815491,126.9214966633,애매,0.3,False,False,False
30000-29392-20335-00-1,경륭빌딩,36,37.3679663127,126.9552364039,부설,0.9,True,False,False
30000-29392-20355-00-1,안양불교문화원 불교대학,13,37.4037720968,126.9195290662,부설,0.9,True,True,False
30000-29392-20383-00-1,행복움트빌딩,33,37.3751067725,126.9572147173,부설,0.9,True,False,False
30000-29392-20404-00-1,,4,37.4032494898,126.9195070363,부설,0.9,False,False,False
30000-29392-20410-00-1,,2,37.4029454244,126.9175873208,부설,0.9,False,False,False
30000-29392-20438-00-1,안양남부새마을금고,141,37.3727644767,126.9582501963,애매,0.3,False,False,False
30000-29392-20448-00-1,,6,37.371358877,126.9582509752,부설,0.9,False,False,False
30000-29392-20509-00-1,,9,37.3950241775,126.9183548952,부설,0.9,False,False,False
30000-29392-20514-00-1,,3,37.395176388,126.919578912,부설,0.9,False,False,False
30000-29392-20542-00-1,,49,37.3711250993,126.9596600453,애매,0.3,False,False,False
30000-29392-20562-00-1,,13,37.3952951381,126.9193077481,애매,0.3,False,False,False
30000-29392-20629-00-1,,3,37.396603467,126.919374106,부설,0.9,False,False,False
30000-29392-20656-00-1,명성빌딩,15,37.3910243119,126.952620889,부설,0.9,True,False,False
30000-29392-20658-00-1,세종상가,13,37.3914969881,126.9539892596,부설,0.9,True,False,False
30000-29392-20660-00-1,다가구주택,2,37.395806189,126.9182456314,부설,0.9,True,False,False
30000-29392-20679-00-1,,13,37.3970565244,126.9178377083,애매,0.3,False,False,False
30000-29392-20718-00-1,,4,37.3956294763,126.9180832004,부설,0.9,False,False,False
30000-29392-20731-00-1,,3,37.394298265,126.9162235529,부설,0.9,False,False,False
30000-29392-20766-00-1,,3,37.3936052965,126.9148465836,부설,0.9,False,False,False
30000-29392-20810-00-1,,3,37.3924956297,126.9104978567,부설,0.9,False,False,False
30000-29392-20811-00-1,,8,37.3924157251,126.9096893889,부설,0.9,False,False,False
30000-29392-20817-00-1,현진빌딩,35,37.3997138862,126.9195108179,부설,0.9,True,False,False
30000-29392-20820-00-1,우남 리치빌,62,37.3992737715,126.918901423,부설,0.9,True,False,False
30000-29392-20821-00-1,유일 보노빌,41,37.3991006048,126.9186531465,부설,0.9,True,False,False
30000-29392-20822-00-1,PROJECT 240 TOWER,53,37.3999447991,126.9198810111,애매,0.3,False,False,False
30000-29392-20824-00-1,,4,37.397948591,126.9153611758,부설,0.9,False,False,False
30000-29392-20862-00-1,한양 하이츠빌,56,37.4036177876,126.9205141079,부설,0.9,True,False,False
30000-29392-21135-00-1,마인빌,186,37.405141493,126.919301708,부설,0.9,True,False,False
30000-29392-21237-00-1,,3,37.3998967378,126.9130685821,부설,0.9,False,False,False
30000-29392-21303-00-1,,4,37.3923029872,126.908375047,부설,0.9,False,False,False
30000-29392-21354-00-1,태광하이츠빌라,11,37.3832978423,126.9012588679,부설,0.9,True,False,False
30000-29392-21371-00-1,,12,37.3991939399,126.918115461,애매,0.3,False,False,False
30000-29392-21632-00-1,,24,37.4132215836,126.9090228087,애매,0.3,False,False,False
30000-29392-21690-00-1,럭키유치원,8,37.4093282773,126.9078573224,부설,0.9,True,False,False
30000-29392-21697-00-1,,6,37.4111312244,126.9090298549,부설,0.9,False,False,False
30000-29392-21851-00-1,,96,37.3980331026,126.9714542391,애매,0.3,False,False,False
30000-29392-21866-00-1,인덕원 근린상가,15,37.3937423267,126.9796410174,부설,0.9,True,False,False
30000-29392-21883-00-1,,25,37.3835055309,126.96070126,애매,0.3,False,False,False
30000-29392-21887-00-1,,2,37.3883580074,126.9319488622,부설,0.9,False,False,False
30000-29392-21888-00-1,,2,37.3884193444,126.9320662454,부설,0.9,False,False,False
30000-29392-21896-00-1,,2,37.3827566813,126.9631947766,부설,0.9,False,False,False
30000-29392-21900-00-1,,2,37.3832616888,126.964617247,부설,0.9,False,False,False
30000-29392-21907-00-1,,4,37.3876482322,126.9323515011,부설,0.9,False,False,False
30000-29392-21944-00-1,,1,37.3851419201,126.9298334483,부설,0.9,False,False,False
30000-29392-21957-00-1,안양동 533-21 근린생활시설 (유형석),11,37.3857424859,126.9337985608,부설,0.9,True,False,False
30000-29399-20272-00-1,,2,37.4002709424,126.9225460374,부설,0.9,False,False,False
30004-29391-00157-00-1,베아르시,28,,,애매,0.3,False,False,False
30011-29391-00056-00-1,,7,37.4102055519,126.9097809919,부설,0.9,False,False,False
30016-29391-00221-00-1,,2,37.3960171353,126.926652148,부설,0.9,False,False,False
30016-29391-00223-00-1,,14,37.3765513932,126.9555248528,애매,0.3,False,False,False
30016-29391-00224-00-1,,5,37.3967688217,126.9241668607,부설,0.9,False,False,False
30016-29392-00217-00-1,,52,37.3939370933,126.925877216,애매,0.3,False,False,False
30016-29392-00218-00-1,그라하씨티,14,37.3980737515,126.9245585641,애매,0.3,False,False,False
30016-29392-00219-00-1,,5,37.3976778554,126.9254308243,부설,0.9,False,False,False
30016-29392-00220-00-1,원평 노블레스,39,37.3965324381,126.9265206424,애매,0.3,False,False,False
30018-29391-00023-00-1,,30,37.3731308819,126.9549443141,애매,0.3,False,False,False
30018-29391-00034-00-1,,6,37.3713441611,126.9574110357,부설,0.9,False,False,False
30018-29391-00035-00-1,호계빌딩,8,37.3712143303,126.9571808012,부설,0.9,True,False,False
30018-29391-00041-00-1,로데오빌딩,7,37.3935897337,126.9237273797,부설,0.9,True,False,False
30018-29391-00042-00-1,,9,37.3945004627,126.9220324933,부설,0.9,False,False,False
30018-29391-00043-00-1,,7,37.394252763,126.9235369845,부설,0.9,False,False,False
30018-29391-00044-00-1,동성주택,5,37.3952065527,126.921561965,부설,0.9,True,False,False
30018-29391-00045-00-1,우리은행 안양중앙지점,13,37.3961662981,126.9231736538,애매,0.3,False,False,False
30018-29391-00046-00-1,,6,37.395013368,126.923757558,부설,0.9,False,False,False
30018-29391-00047-00-1,,2,37.3951346923,126.9218963182,부설,0.9,False,False,False
30018-29391-00048-00-1,벽산,133,37.3967606422,126.9226671015,애매,0.3,False,False,False
30018-29391-00049-00-1,,3,37.394226997,126.9227103595,부설,0.9,False,False,False
30018-29391-00050-00-1,,2,37.3992990418,126.9244037401,부설,0.9,False,False,False
30018-29391-00051-00-1,,3,37.3997960806,126.9238972748,부설,0.9,False,False,False
30018-29391-00052-00-1,,2,37.4017333823,126.9213066906,부설,0.9,False,False,False
30018-29391-00053-00-1,,37,37.4007708786,126.9209869466,애매,0.3,False,False,False
30018-29391-00054-00-1,(주)대동문고,8,37.4005614145,126.920350185,부설,0.9,True,False,False
30018-29391-00055-00-1,,5,37.4005299726,126.9218410256,부설,0.9,False,False,False
30018-29391-00056-00-1,일번가지하쇼핑몰빌딩,12,37.4005010293,126.9216739046,부설,0.9,True,False,False
30018-29391-00057-00-1,,5,37.400032084,126.9210509683,부설,0.9,False,False,False
30018-29391-00058-00-1,원광한의원,1,37.3997344757,126.9233778188,부설,0.9,True,False,False
30018-29391-00060-00-1,신탁은행,12,37.3988612854,126.921847276,애매,0.3,False,False,False
30018-29391-00061-00-1,두하빌딩,15,37.3987618337,126.9240925727,부설,0.9,True,False,False
30018-29391-00062-00-1,,7,37.3985564647,126.9241921644,부설,0.9,False,False,False
30018-29391-00063-00-1,,3,37.3991437504,126.923911487,부설,0.9,False,False,False
30018-29392-00036-00-1,,76,37.3709476969,126.9573751332,애매,0.3,False,False,False
30018-29392-00037-00-1,태성빌딩,22,37.370522455,126.9574927846,부설,0.9,True,False,False
30018-29392-00059-00-1,,44,37.3991745652,126.9214313392,애매,0.3,False,False,False
30019-29391-00067-00-1,,2,37.3833744831,126.947996219,부설,0.9,False,False,False
30019-29391-00068-00-1,,60,37.3842840647,126.9511617441,애매,0.3,False,False,False
30019-29391-00069-00-1,,8,37.3841688119,126.9513515168,부설,0.9,False,False,False
30019-29391-00070-00-1,,5,37.3831923736,126.9520160816,부설,0.9,False,False,False
30019-29391-00071-00-1,LD범계마을아파트,113,37.3828595381,126.9490082792,부설,0.9,True,False,False
30019-29391-00072-00-1,안양시립호계도서관,45,37.3830548152,126.9505528071,비부설,0.9,False,True,False
30019-29391-00073-00-1,호계교회,17,37.3836319223,126.9516454416,부설,0.9,True,False,False
30019-29391-00074-00-1,현대아이츠빌,7,37.3823155792,126.9496138593,부설,0.9,True,False,False
30019-29391-00075-00-1,,2,37.382178838,126.9501197985,부설,0.9,False,False,False
30019-29391-00076-00-1,,3,37.3822400466,126.9499752299,부설,0.9,False,False,False
30019-29391-00077-00-1,.,2,37.3821462118,126.949672687,애매,0.3,False,False,False
30019-29391-00078-00-1,,4,37.3822010259,126.9299129691,부설,0.9,False,False,False
30019-29391-00079-00-1,승원그린빌A,7,37.3833365102,126.9302416216,부설,0.9,True,False,False
30019-29391-00080-00-1,,1,37.3830730905,126.9296998795,부설,0.9,False,False,False
30019-29391-00081-00-1,,1,37.3828210155,126.9300569212,부설,0.9,False,False,False
30019-29391-00082-00-1,승원그린빌,7,37.3832356462,126.9303275297,부설,0.9,True,False,False
30019-29391-00104-00-1,,8,37.3969781446,126.9246138709,부설,0.9,False,False,False
30019-29391-00105-00-1,,11,37.3971909064,126.9248033885,애매,0.3,False,False,False
30019-29391-00106-00-1,,2,37.3979434859,126.9237500724,부설,0.9,False,False,False
30019-29391-00107-00-1,안양제일교회 비전센터,40,37.3977524519,126.9237231614,부설,0.9,True,False,False
30019-29391-00108-00-1,씨티블레스,48,37.3956555117,126.9247190936,비부설,0.9,False,False,True
30019-29391-00109-00-1,,3,37.3976883704,126.9249610014,부설,0.9,False,False,False
30019-29391-00110-00-1,위너스빌,8,37.3952198667,126.9254287422,부설,0.9,True,False,False
30019-29391-00111-00-1,근린생활시설신축공사,5,37.3971434374,126.9238412308,부설,0.9,True,False,False
30019-29391-00112-00-1,,3,37.3949969008,126.9262059328,부설,0.9,False,False,False
30019-29391-00113-00-1,,8,37.395328595,126.9263953336,부설,0.9,False,False,False
30019-29391-00114-00-1,,5,37.3956424754,126.926919034,부설,0.9,False,False,False
30019-29391-00115-00-1,성우상가,2,37.3962253495,126.9253373992,부설,0.9,True,False,False
30019-29391-00116-00-1,,1,37.3947624035,126.925835748,부설,0.9,False,False,False
30019-29391-00117-00-1,,1,37.3959007101,126.9249085758,부설,0.9,False,False,False
30019-29391-00118-00-1,,3,37.3949067451,126.9261201932,부설,0.9,False,False,False
30019-29391-00119-00-1,,2,37.3980380267,126.9250555193,부설,0.9,False,False,False
30019-29391-00120-00-1,,1,37.3958442902,126.9268962515,부설,0.9,False,False,False
30019-29391-00127-00-1,,2,37.3731749501,126.9571480751,부설,0.9,False,False,False
30019-29391-00128-00-1,,15,37.3728578399,126.9572882496,애매,0.3,False,False,False
30019-29391-00129-00-1,,4,37.3724469854,126.9573246098,부설,0.9,False,False,False
30019-29391-00130-00-1,상명에버빌,10,37.372709967,126.9569993139,부설,0.9,True,False,False
30024-29391-00057-00-1,,8,,,부설,0.9,False,False,False
30046-29391-00034-00-1,마르빌빌리지,24,37.3961344265,126.913551765,부설,0.9,True,False,False
30057-29391-00001-00-1,안양카센터,2,37.3695280501,126.9584145564,애매,0.3,False,False,False
30057-29391-00002-00-1,,8,37.3949393748,126.920848516,부설,0.9,False,False,False
30057-29391-00003-00-1,,2,37.3945609126,126.9207992243,부설,0.9,False,False,False
30057-29391-00004-00-1,,1,37.394474263,126.9205734537,부설,0.9,False,False,False
30057-29391-00005-00-1,안양5동사무소,12,37.3943410906,126.9208401106,애매,0.3,False,False,False
30057-29391-00006-00-1,훼밀리타운,6,37.3937500386,126.9208678353,부설,0.9,True,False,False
30057-29391-00007-00-1,,1,37.3941142414,126.9211520369,부설,0.9,False,False,False
30057-29391-00008-00-1,만안노인복지회관,8,37.3937288236,126.9214821954,애매,0.3,False,False,False
30057-29391-00009-00-1,,5,37.3935416744,126.9218799023,부설,0.9,False,False,False
30057-29391-00010-00-1,,4,37.3932863039,126.9226706709,부설,0.9,False,False,False
30057-29391-00011-00-1,,5,37.3946716376,126.919317451,부설,0.9,False,False,False
30057-29391-00012-00-1,,2,37.3951302914,126.9206992452,부설,0.9,False,False,False
30057-29391-00013-00-1,,9,37.3930516707,126.9221107855,부설,0.9,False,False,False
30057-29391-00014-00-1,,2,37.39297271,126.9226122702,부설,0.9,False,False,False
30057-29391-00015-00-1,,2,37.3947655499,126.9196200062,부설,0.9,False,False,False
30057-29391-00016-00-1,,6,37.395587813,126.9204051386,부설,0.9,False,False,False
30057-29391-00017-00-1,프라임하우스,12,37.3943956395,126.9215718445,부설,0.9,True,False,False
30057-29391-00018-00-1,,4,37.3941723118,126.9217618002,부설,0.9,False,False,False
30057-29391-00019-00-1,,2,37.3935378371,126.9215275664,부설,0.9,False,False,False
30057-29391-00020-00-1,,6,37.3690991856,126.9584825288,부설,0.9,False,False,False
30057-29391-00021-00-1,명성카센타,1,37.3685045148,126.9585009192,애매,0.3,False,False,False
30057-29391-00022-00-1,,4,37.3683424375,126.9588080739,부설,0.9,False,False,False
30057-29391-00023-00-1,,3,37.3684036031,126.9585100061,부설,0.9,False,False,False
30058-29391-00002-00-1,,12,37.3988333114,126.9231573789,애매,0.3,False,False,False
30058-29391-00003-00-1,,24,37.3983425238,126.9221911422,애매,0.3,False,False,False
30058-29391-00005-00-1,로데오호텔,9,37.3982963206,126.923185032,부설,0.9,True,False,False
30058-29391-00006-00-1,,1,37.3986644364,126.9239571464,부설,0.9,False,False,False
30058-29391-00008-00-1,중앙시장,16,37.3979085535,126.9199735275,비부설,0.9,False,True,False
30058-29391-00009-00-1,중앙빌딩,8,37.3982951329,126.9213780477,부설,0.9,True,False,False
30058-29391-00010-00-1,,11,37.3977656888,126.9219161752,애매,0.3,False,False,False
30058-29391-00012-00-1,,1,37.3992489258,126.9194616224,부설,0.9,False,False,False
30058-29391-00013-00-1,동남주택,13,37.3686948632,126.9566358347,부설,0.9,True,False,False
30058-29391-00014-00-1,,8,37.3678117631,126.9563789517,부설,0.9,False,False,False
30058-29391-00015-00-1,광진신세대 다동,6,37.3687130091,126.9569790167,애매,0.3,False,False,False
30058-29391-00016-00-1,,4,37.3681068335,126.9551324604,부설,0.9,False,False,False
30058-29391-00017-00-1,,12,37.3674007211,126.9559095661,애매,0.3,False,False,False
30058-29391-00018-00-1,,6,37.3685215199,126.955701189,부설,0.9,False,False,False
30058-29391-00019-00-1,,4,37.368330499,126.95569227,부설,0.9,False,False,False
30058-29391-00021-00-1,알프스모텔,17,37.3667126191,126.9566731001,부설,0.9,True,False,False
30058-29391-00022-00-1,양우 내안애 팰리스,151,37.3665217317,126.957029939,부설,0.9,True,False,False
30058-29391-00023-00-1,,6,37.3669937657,126.9567451878,부설,0.9,False,False,False
30058-29391-00024-00-1,,4,37.3670947827,126.9570250966,부설,0.9,False,False,False
30058-29391-00025-00-1,호계동 근린생활시설,4,37.3668427798,126.9578154665,부설,0.9,True,False,False
30058-29391-00026-00-1,안양대우디오슈페리움,278,37.3659381333,126.9577708178,애매,0.3,False,False,False
30058-29391-00027-00-1,,6,37.3767823418,126.956292466,부설,0.9,False,False,False
30058-29391-00028-00-1,,3,37.3763823651,126.9565049571,부설,0.9,False,False,False
30058-29391-00029-00-1,창대빌딩,6,37.3759823863,126.9567129299,부설,0.9,True,False,False
30058-29391-00030-00-1,,6,37.3765769482,126.9564009731,부설,0.9,False,False,False
30058-29391-00032-00-1,안양동 근린생활시설 및 단독주택,2,37.3973282838,126.9199560749,부설,0.9,True,False,False
30058-29391-00033-00-1,진명목재,2,37.3742887751,126.9575854959,애매,0.3,False,False,False
30058-29391-00034-00-1,,1,37.3742420026,126.9578113233,부설,0.9,False,False,False
30058-29391-00035-00-1,,1,37.3742852968,126.9579377477,부설,0.9,False,False,False
30058-29391-00036-00-1,,3,37.3738491621,126.9578296073,부설,0.9,False,False,False
30058-29391-00049-00-1,목양하우스,7,37.4018263587,126.9202178336,부설,0.9,True,False,False
30058-29391-00050-00-1,,12,37.4031773005,126.919348992,애매,0.3,False,False,False
30058-29391-00051-00-1,,8,37.4028238969,126.9190512002,부설,0.9,False,False,False
30058-29391-00052-00-1,,1,37.4027154363,126.9185588844,부설,0.9,False,False,False
30058-29391-00053-00-1,,4,37.4031523026,126.9196878504,부설,0.9,False,False,False
30058-29391-00055-00-1,,7,37.4029343661,126.917234949,부설,0.9,False,False,False
30058-29391-00056-00-1,,5,37.402937599,126.9167063696,부설,0.9,False,False,False
30058-29391-00057-00-1,,1,37.4028498435,126.9149400316,부설,0.9,False,False,False
30058-29391-00058-00-1,,17,37.4024191247,126.9174388127,애매,0.3,False,False,False
30058-29391-00059-00-1,성우빌라,4,37.4021108183,126.9146788408,부설,0.9,True,False,False
30058-29391-00060-00-1,다가구주택,3,37.4019885008,126.914986182,부설,0.9,True,False,False
30058-29391-00061-00-1,안양성결교회,87,37.4023674242,126.9156769633,부설,0.9,True,False,False
30058-29391-00062-00-1,다가구주택,2,37.4022884269,126.9160881628,부설,0.9,True,False,False
30058-29391-00063-00-1,다가구주택,2,37.4022995972,126.9165941332,부설,0.9,True,False,False
30058-29391-00064-00-1,안양동 695-82 공동주택 (경명인),6,37.4023105272,126.9167612762,부설,0.9,True,False,False
30058-29391-00070-00-1,,4,37.4017978311,126.9154697885,부설,0.9,False,False,False
30058-29391-00071-00-1,행운빌라,4,37.4017799752,126.9157002099,부설,0.9,True,False,False
30058-29391-00072-00-1,미소빌,8,37.4017802323,126.9160616234,부설,0.9,True,False,False
30058-29391-00073-00-1,성우파크빌,7,37.4017915587,126.9167889562,부설,0.9,True,False,False
30058-29391-00074-00-1,,4,37.4017952707,126.916942553,부설,0.9,False,False,False
30058-29391-00075-00-1,청와프레미어,5,37.4016912139,126.9176022473,애매,0.3,False,False,False
30058-29391-00076-00-1,에버그린,32,37.4019223141,126.9182344697,애매,0.3,False,False,False
30058-29391-00078-00-1,00 도시형생활주택,6,37.4006174427,126.9179557961,부설,0.9,True,False,False
30058-29391-00079-00-1,다가구주택,3,37.4006250382,126.9185159706,부설,0.9,True,False,False
30058-29391-00080-00-1,보석빌,6,37.4002893426,126.9177709328,부설,0.9,True,False,False
30058-29391-00081-00-1,가동,5,37.4002930691,126.9179471145,애매,0.3,False,False,False
30058-29391-00082-00-1,,8,37.4002825164,126.9183220854,부설,0.9,False,False,False
30058-29391-00083-00-1,,6,37.3718923382,126.9584042196,부설,0.9,False,False,False
30058-29391-00084-00-1,형제빌딩,7,37.3719032155,126.9585893647,부설,0.9,True,False,False
30058-29391-00085-00-1,,1,37.371874771,126.9597138344,부설,0.9,False,False,False
30058-29391-00086-00-1,,3,37.3717809656,126.9594248686,부설,0.9,False,False,False
30058-29391-00087-00-1,호계동 997-36 공동주택 (송정찬),5,37.3715069043,126.9589914939,부설,0.9,True,False,False
30058-29391-00088-00-1,동남빌리지,6,37.3721917944,126.9593117499,부설,0.9,True,False,False
30058-29391-00101-00-1,성심파크빌라,5,37.4001492558,126.9184532397,부설,0.9,True,False,False
30058-29391-00102-00-1,,7,37.4000157738,126.9182636465,부설,0.9,False,False,False
30058-29391-00103-00-1,,2,37.4000264234,126.9180287215,부설,0.9,False,False,False
30058-29391-00104-00-1,,6,37.3998425777,126.917974711,부설,0.9,False,False,False
30058-29391-00105-00-1,,38,37.4014396446,126.9186370652,애매,0.3,False,False,False
30058-29391-00109-00-1,호계동근생,5,37.371745641,126.9615699269,부설,0.9,True,False,False
30058-29391-00110-00-1,스위트홈,6,37.371399287,126.9604772675,애매,0.3,False,False,False
30058-29391-00111-00-1,,4,37.3714061823,126.9595515143,부설,0.9,False,False,False
30058-29391-00112-00-1,,8,37.3712799161,126.9591948304,부설,0.9,False,False,False
30058-29391-00113-00-1,호계동00상가주택,2,37.3716443176,126.9603326313,부설,0.9,True,False,False
30058-29391-00115-00-1,,3,37.3710128912,126.9582737461,부설,0.9,False,False,False
30058-29391-00116-00-1,,3,37.3700290077,126.9583781537,부설,0.9,False,False,False
30058-29391-00117-00-1,윤충선 건물,7,37.3698415975,126.9583872888,애매,0.3,False,False,False
30058-29392-00004-00-1,,11,37.3995680871,126.92245641,애매,0.3,False,False,False
30058-29392-00007-00-1,PROJECT 500 TOWER,149,37.3997432209,126.9202516648,애매,0.3,False,False,False
30058-29392-00011-00-1,중앙프라자,14,37.3974624181,126.921121425,부설,0.9,True,False,False
30058-29392-00031-00-1,온누리베일리,19,37.3988418395,126.9197195553,애매,0.3,False,False,False
30058-29392-00048-00-1,리치빌2,22,37.402525526,126.9201809506,부설,0.9,True,False,False
30058-29392-00054-00-1,안양리치빌1,33,37.4017466313,126.9195718912,부설,0.9,True,False,False
30058-29392-00065-00-1,금산빌딩,5,37.4020480305,126.9176199274,부설,0.9,True,False,False
30058-29392-00077-00-1,,2,37.4009923893,126.9181315747,부설,0.9,False,False,False
30058-29392-00106-00-1,교보생명안양영업국,92,37.4011947068,126.9188406237,애매,0.3,False,False,False
30058-29392-00114-00-1,,12,37.3711534464,126.9582601208,애매,0.3,False,False,False
30059-29391-00001-00-1,,19,37.3701091574,126.9511980289,애매,0.3,False,False,False
30059-29391-00002-00-1,동국철강,5,37.3687651669,126.952029787,애매,0.3,False,False,False
30060-29391-00001-00-1,,6,37.3946415991,126.9175693096,부설,0.9,False,False,False
30060-29391-00002-00-1,,2,37.3945052609,126.9184593545,부설,0.9,False,False,False
30066-29391-00017-00-1,,14,37.393464139,126.9140201005,애매,0.3,False,False,False
30066-29391-00018-00-1,,5,37.3935829916,126.9139070353,부설,0.9,False,False,False
30066-29391-00019-00-1,,1,37.3932257549,126.913315696,부설,0.9,False,False,False
30067-29391-00006-00-1,다가구주택,2,37.3960044199,126.9182544508,부설,0.9,True,False,False
30067-29391-00007-00-1,용일빌딩,4,37.3969223641,126.9166814051,부설,0.9,True,False,False
30067-29391-00008-00-1,베스트빌라,6,37.3974778463,126.9173267805,부설,0.9,True,False,False
30067-29391-00009-00-1,,3,37.3957699573,126.9179701147,부설,0.9,False,False,False
30067-29391-00010-00-1,,3,37.3965267366,126.917856356,부설,0.9,False,False,False
30067-29391-00011-00-1,대한예수교장로회 신일교회,29,37.3965150548,126.9166140957,부설,0.9,True,False,False
30067-29391-00012-00-1,신일빌라,4,37.3961003362,126.9162622032,부설,0.9,True,False,False
30067-29391-00013-00-1,,6,37.3960641159,126.916009273,부설,0.9,False,False,False
30067-29391-00014-00-1,,8,37.3952708246,126.9154590498,부설,0.9,False,False,False
30067-29391-00015-00-1,한솔씨티빌,8,37.3951345853,126.9164665549,부설,0.9,True,False,False
30067-29391-00016-00-1,황영복씨근린주택,2,37.3954128954,126.917600086,부설,0.9,True,False,False
30067-29391-00017-00-1,,5,37.395174688,126.9171169982,부설,0.9,False,False,False
30067-29391-00018-00-1,상상빌라,6,37.3952496025,126.9160237338,부설,0.9,True,False,False
30067-29391-00019-00-1,,1,37.3948899304,126.9170676219,부설,0.9,False,False,False
30067-29391-00020-00-1,다가구주택,1,37.396248062,126.9162033134,부설,0.9,True,False,False
30067-29391-00021-00-1,,5,37.3965220332,126.9162888382,부설,0.9,False,False,False
30067-29391-00022-00-1,,1,37.3948065593,126.9163901256,부설,0.9,False,False,False
30067-29391-00023-00-1,안양시 율목종합사회복지관 행복나눔센터,2,37.3952644567,126.9166425848,애매,0.3,False,False,False
30067-29391-00035-00-1,다가구주택,1,37.39234282,126.9134070548,부설,0.9,True,False,False
30067-29391-00037-00-1,다가구주택,1,37.3926744125,126.913429259,부설,0.9,True,False,False
30067-29391-00038-00-1,,1,37.3926820524,126.9140209938,부설,0.9,False,False,False
30067-29391-00039-00-1,안양동 주택,2,37.393096394,126.9138443516,부설,0.9,True,False,False
30067-29391-00040-00-1,,1,37.39327306,126.9139344927,부설,0.9,False,False,False
30068-29391-00001-00-1,우일유통공장,4,37.368670982,126.9508647996,부설,0.9,True,False,False
30068-29391-00002-00-1,케이티엠(주)공장,7,37.3691394647,126.9507425698,부설,0.9,True,False,False
30068-29391-00003-00-1,범계뉴코아,600,37.3891820394,126.9511901855,애매,0.3,False,False,False
30068-29391-00006-00-1,에머랄드빌딩,119,37.3914643499,126.9534743353,부설,0.9,True,False,False
30068-29391-00008-00-1,한화생명보험(주)평촌사옥,175,37.3917746344,126.9543278704,부설,0.9,True,False,False
30068-29391-00009-00-1,,5,37.3960232279,126.9194018315,부설,0.9,False,False,False
30068-29391-00010-00-1,,2,37.3958855693,126.9183765474,부설,0.9,False,False,False
30068-29391-00011-00-1,,4,37.3965090634,126.9183578019,부설,0.9,False,False,False
30068-29391-00012-00-1,,2,37.3969011993,126.9173364487,부설,0.9,False,False,False
30068-29391-00013-00-1,안양근생,2,37.39771226,126.9175388422,부설,0.9,True,False,False
30068-29391-00014-00-1,,4,37.3973083089,126.9171191661,부설,0.9,False,False,False
30068-29391-00015-00-1,,3,37.3966918458,126.9168849418,부설,0.9,False,False,False
30068-29391-00016-00-1,,7,37.3965947921,126.9172509553,부설,0.9,False,False,False
30068-29392-00005-00-1,,23,37.3910856537,126.9528015316,애매,0.3,False,False,False
30068-29392-00007-00-1,THE HUB,17,37.3914356499,126.953813132,애매,0.3,False,False,False
30069-29391-00004-00-1,,6,37.39305628,126.9132029624,부설,0.9,False,False,False
30069-29391-00005-00-1,,3,37.3928614701,126.9129457102,부설,0.9,False,False,False
30069-29391-00006-00-1,마르빌,11,37.3926112334,126.910859089,부설,0.9,True,False,False
30069-29391-00007-00-1,,3,37.3934505652,126.9103024829,부설,0.9,False,False,False
30069-29391-00008-00-1,,4,37.3926392198,126.9097433263,부설,0.9,False,False,False
30069-29391-00009-00-1,,2,37.3931979633,126.9098872054,부설,0.9,False,False,False
30069-29391-00010-00-1,다가구주택,1,37.3927620305,126.9101000324,부설,0.9,True,False,False
30069-29391-00011-00-1,명품하이츠,16,37.3937464386,126.9107493322,비부설,0.9,False,False,True
30069-29391-00012-00-1,안양동 765-13 단독주택 (이정규),1,37.3945807118,126.9130702046,부설,0.9,True,False,False
30069-29391-00013-00-1,안양3차성원상떼빌,291,37.3940813925,126.9153429382,부설,0.9,True,False,False
30069-29392-00014-00-1,안양주차빌딩,52,37.4000311959,126.9197318393,부설,0.9,True,False,False
30071-29391-00003-00-1,,5,37.4009503238,126.9147072622,부설,0.9,False,False,False
30071-29391-00004-00-1,주원베르빌,8,37.4009579671,126.9153126151,부설,0.9,True,False,False
30071-29391-00005-00-1,미래빌,8,37.4010986265,126.9154525034,부설,0.9,True,False,False
30071-29391-00006-00-1,,4,37.4011025078,126.9158410154,부설,0.9,False,False,False
30071-29391-00007-00-1,행운빌라,4,37.4011100014,126.9162430763,부설,0.9,True,False,False
30071-29391-00008-00-1,,6,37.4009732986,126.9166001208,부설,0.9,False,False,False
30071-29391-00009-00-1,은하수빌라,8,37.4011139501,126.9167309763,부설,0.9,True,False,False
30071-29391-00010-00-1,은성빌라,6,37.4011253669,126.9175938316,부설,0.9,True,False,False
30071-29391-00011-00-1,,4,37.4011435821,126.917873905,부설,0.9,False,False,False
30071-29391-00012-00-1,명성하이츠빌라,8,37.4007118191,126.9138311165,부설,0.9,True,False,False
30071-29391-00013-00-1,한솔빌라,4,37.4007159314,126.9145313411,부설,0.9,True,False,False
30071-29391-00014-00-1,다가구주택,3,37.4005791067,126.9147122005,부설,0.9,True,False,False
30071-29391-00015-00-1,이화빌리지,5,37.4005867532,126.915322068,부설,0.9,True,False,False
30071-29391-00016-00-1,다원맨션,5,37.4007310522,126.9155116453,부설,0.9,True,False,False
30071-29391-00017-00-1,,1,37.4007350681,126.9160898949,부설,0.9,False,False,False
30071-29391-00019-00-1,안양동 873-175 (구선회),6,37.4006173046,126.9177570217,애매,0.3,False,False,False
30071-29391-00035-00-1,,6,37.3997800953,126.9162445564,부설,0.9,False,False,False
30071-29391-00036-00-1,행운아트맨션,4,37.4002416701,126.9166009316,부설,0.9,True,False,False
30071-29391-00037-00-1,제이빌,8,37.4000829884,126.9164565451,부설,0.9,True,False,False
30071-29391-00038-00-1,,4,37.4003968015,126.9168221216,부설,0.9,False,False,False
30071-29392-00018-00-1,다가구주택,2,37.4005983529,126.9164288674,부설,0.9,True,False,False
30072-29391-00001-00-1,,3,37.4106335026,126.9133498601,부설,0.9,False,False,False
30073-29391-00018-00-1,,5,37.4002382219,126.9168222968,부설,0.9,False,False,False
30073-29391-00019-00-1,뉴현대빌라,4,37.4000760414,126.9168269936,부설,0.9,True,False,False
30073-29391-00020-00-1,현대빌라,4,37.3999139688,126.9169852874,부설,0.9,True,False,False
30073-29391-00021-00-1,,4,37.40013409,126.9173735559,부설,0.9,False,False,False
30073-29391-00022-00-1,,6,37.3999971348,126.9173737063,부설,0.9,False,False,False
30073-29391-00023-00-1,현대빌라,4,37.4004225741,126.9175991188,부설,0.9,True,False,False
30073-29391-00024-00-1,,4,37.4004262789,126.9177436777,부설,0.9,False,False,False
30073-29391-00025-00-1,,4,37.399770229,126.9175907979,부설,0.9,False,False,False
30073-29391-00026-00-1,,2,37.3983520734,126.9151167788,부설,0.9,False,False,False
30073-29391-00027-00-1,,1,37.4007077922,126.9132528672,부설,0.9,False,False,False
30073-29391-00028-00-1,,7,37.4003616577,126.9130590099,부설,0.9,False,False,False
30073-29391-00029-00-1,대농주택,3,37.4000120651,126.9130639313,부설,0.9,True,False,False
30073-29391-00030-00-1,초원맨션,8,37.40036925,126.9135830414,부설,0.9,True,False,False
30073-29391-00032-00-1,,5,37.4010719897,126.9135054347,부설,0.9,False,False,False
30073-29391-00033-00-1,삼성빌라,6,37.4021099087,126.913427441,부설,0.9,True,False,False
30073-29391-00034-00-1,,6,37.4012765271,126.9122899538,부설,0.9,False,False,False
30073-29391-00035-00-1,장미아트빌,6,37.4010172206,126.9125432431,부설,0.9,True,False,False
30073-29391-00036-00-1,,3,37.3999648857,126.9126212646,부설,0.9,False,False,False
30073-29391-00037-00-1,,4,37.4013011665,126.9114993374,부설,0.9,False,False,False
30073-29391-00038-00-1,,5,37.4012220524,126.9117343477,부설,0.9,False,False,False
30073-29391-00039-00-1,,4,37.4012654159,126.9118878966,부설,0.9,False,False,False
30073-29391-00040-00-1,삼신맨션,6,37.4007433138,126.912548079,부설,0.9,True,False,False
30073-29391-00041-00-1,에이스빌라,8,37.4005595257,126.9125753982,부설,0.9,True,False,False
30073-29391-00042-00-1,성우캐슬,17,37.3994488815,126.9117861201,부설,0.9,True,False,False
30073-29391-00043-00-1,나은캐슬,8,37.3994672582,126.9122649572,부설,0.9,True,False,False
30073-29391-00044-00-1,,1,37.3987788886,126.9122793121,부설,0.9,False,False,False
30073-29391-00045-00-1,,2,37.3980228042,126.9133282411,부설,0.9,False,False,False
30073-29391-00046-00-1,,5,37.397160622,126.9122360243,부설,0.9,False,False,False
30073-29391-00047-00-1,화랑빌라,7,37.397121091,126.9123896617,부설,0.9,True,False,False
30073-29391-00048-00-1,,3,37.3982431874,126.9140598159,부설,0.9,False,False,False
30073-29391-00049-00-1,다가구주택,1,37.397771295,126.9143946447,부설,0.9,True,False,False
30073-29392-00031-00-1,,4,37.4014246153,126.9127234757,부설,0.9,False,False,False
30074-29391-00002-00-1,현대베스트빌,11,37.4052481692,126.9172098146,부설,0.9,True,False,False
30074-29391-00003-00-1,환경미화원복지회관,2,37.4053927421,126.9177969812,애매,0.3,False,False,False
30074-29391-00004-00-1,,14,37.4046570116,126.9170839654,애매,0.3,False,False,False
30074-29391-00005-00-1,,5,37.4040157447,126.9174551322,부설,0.9,False,False,False
30074-29391-00006-00-1,MG안양북부,11,37.4041923352,126.917441385,애매,0.3,False,False,False
30074-29391-00007-00-1,,2,37.4056727215,126.9161747469,부설,0.9,False,False,False
30074-29391-00008-00-1,다가구주택,2,37.4069085443,126.9156447663,부설,0.9,True,False,False
30074-29391-00009-00-1,,2,37.4075575804,126.9160687325,부설,0.9,False,False,False
30074-29391-00010-00-1,다가구주택,1,37.4073737981,126.9161050816,부설,0.9,True,False,False
30074-29391-00011-00-1,휴(休)캐슬,12,37.4070892904,126.9164081042,부설,0.9,True,False,False
30074-29391-00012-00-1,다가구주택,2,37.4069701959,126.9161823373,부설,0.9,True,False,False
30074-29391-00013-00-1,럭키빌라,4,37.4068258404,126.9159114196,부설,0.9,True,False,False
30074-29391-00014-00-1,,5,37.4075829915,126.9163262313,부설,0.9,False,False,False
30074-29391-00015-00-1,으뜸하우스,5,37.4073130904,126.9169003181,부설,0.9,True,False,False
30074-29391-00016-00-1,,1,37.4078237473,126.9153184416,부설,0.9,False,False,False
30074-29391-00017-00-1,,4,37.4074740515,126.9151787768,부설,0.9,False,False,False
30075-29391-00001-00-1,,6,37.4117010199,126.9143245764,부설,0.9,False,False,False
30075-29391-00002-00-1,,9,37.4117798396,126.9136783736,부설,0.9,False,False,False
30075-29391-00003-00-1,코칩빌딩,12,37.410720505,126.9140410459,부설,0.9,True,False,False
30075-29391-00004-00-1,,5,37.4108570247,126.9134444852,부설,0.9,False,False,False
30075-29391-00005-00-1,,5,37.4107139081,126.9148859586,부설,0.9,False,False,False
30075-29391-00006-00-1,안양구분소,4,37.4106457292,126.9153017106,애매,0.3,False,False,False
30075-29391-00007-00-1,,5,37.410433011,126.9151935135,부설,0.9,False,False,False
30075-29391-00008-00-1,,3,37.4080233085,126.9122098003,부설,0.9,False,False,False
30075-29391-00009-00-1,영인아트빌,8,37.4075946845,126.9125627061,부설,0.9,True,False,False
30075-29391-00010-00-1,,6,37.407309466,126.9118943729,부설,0.9,False,False,False
30075-29391-00011-00-1,,10,37.4075044655,126.9124046804,부설,0.9,False,False,False
30075-29391-00012-00-1,조양주택,8,37.4072196061,126.9122197741,부설,0.9,True,False,False
30075-29391-00013-00-1,광명빌라,6,37.4078102,126.9115820421,부설,0.9,True,False,False
30075-29391-00029-00-1,우림연립,6,37.4039853135,126.915196263,애매,0.3,False,False,False
30075-29391-00030-00-1,다가구주택,3,37.4035960697,126.9151921838,부설,0.9,True,False,False
30075-29391-00031-00-1,한덕빌라,6,37.4037801719,126.9156030955,부설,0.9,True,False,False
30075-29391-00032-00-1,,2,37.4048215796,126.9153624811,부설,0.9,False,False,False
30075-29391-00033-00-1,대림맨션,6,37.4044498529,126.9146581173,부설,0.9,True,False,False
30075-29391-00034-00-1,,6,37.4044865715,126.9156023032,부설,0.9,False,False,False
30075-29391-00035-00-1,럭키맨션,3,37.405307444,126.914408661,부설,0.9,True,False,False
30075-29391-00036-00-1,미소빌,11,37.4050195577,126.9150189005,부설,0.9,True,False,False
30075-29391-00037-00-1,,4,37.4064893095,126.9140323262,부설,0.9,False,False,False
30075-29391-00038-00-1,이팰리스,15,37.4051345234,126.9145127688,부설,0.9,True,False,False
30075-29391-00039-00-1,다가구주택,3,37.4057508045,126.914489479,부설,0.9,True,False,False
30075-29391-00040-00-1,다가구주택,2,37.4053979534,126.9149732943,부설,0.9,True,False,False
30075-29391-00041-00-1,다가구주택,1,37.4055523969,126.9142367022,부설,0.9,True,False,False
30075-29391-00042-00-1,다가구주택,2,37.4072457207,126.9134215318,부설,0.9,True,False,False
30075-29391-00043-00-1,,3,37.4073573875,126.9133400792,부설,0.9,False,False,False
30075-29391-00044-00-1,안양동 836-10 제2종근린생활시설,2,37.4073253799,126.9139274568,부설,0.9,True,False,False
30075-29391-00045-00-1,그라시아빌,10,37.4070766591,126.9138735255,부설,0.9,True,False,False
30075-29391-00046-00-1,,3,37.4080925761,126.9132804977,부설,0.9,False,False,False
30075-29391-00047-00-1,중앙정형외과,9,37.4078764805,126.9134840585,애매,0.3,False,False,False
30075-29391-00066-00-1,휴(休)캐슬,8,37.4059132586,126.9148642818,부설,0.9,True,False,False
30075-29391-00067-00-1,,14,37.4052073904,126.9156060126,애매,0.3,False,False,False
30075-29391-00077-00-1,,6,37.4058286469,126.91752543,부설,0.9,False,False,False
30075-29391-00078-00-1,,1,37.4049595289,126.9167628637,부설,0.9,False,False,False
30075-29392-00068-00-1,,5,37.4063096583,126.9147960641,부설,0.9,False,False,False
30076-29391-00011-00-1,다가구주택,1,37.4041142515,126.9140757,부설,0.9,True,False,False
30076-29391-00012-00-1,,1,37.4037355797,126.913741816,부설,0.9,False,False,False
30076-29391-00013-00-1,베아누체,11,37.4033858025,126.9134937396,애매,0.3,False,False,False
30076-29391-00014-00-1,조양주택,10,37.4034043069,126.9141578306,부설,0.9,True,False,False
30076-29391-00015-00-1,,17,37.403393665,126.9143927667,애매,0.3,False,False,False
30076-29391-00016-00-1,한빛아트빌라,6,37.4030149054,126.9139369052,부설,0.9,True,False,False
30076-29391-00017-00-1,갤럭시빌,12,37.4030224808,126.9144428842,부설,0.9,True,False,False
30076-29391-00018-00-1,,6,37.403256497,126.9140992683,부설,0.9,False,False,False
30076-29391-00019-00-1,중앙하이츠타운B동,6,37.4030409831,126.91511149,부설,0.9,True,False,False
30076-29391-00020-00-1,,2,37.4032970541,126.9153641959,부설,0.9,False,False,False
30076-29391-00021-00-1,조양주택,10,37.4032787095,126.9149124402,부설,0.9,True,False,False
30076-29391-00022-00-1,그린파크빌,12,37.4040714442,126.9146856533,부설,0.9,True,False,False
30076-29391-00023-00-1,동호빌라,3,37.4039815732,126.9150065194,부설,0.9,True,False,False
30076-29391-00024-00-1,다가구주택,1,37.4054841223,126.9145168895,부설,0.9,True,False,False
30076-29391-00035-00-1,,4,37.4088361652,126.9148609744,부설,0.9,False,False,False
30076-29391-00036-00-1,,6,37.4088871148,126.9155476678,부설,0.9,False,False,False
30076-29391-00037-00-1,,1,37.4081616013,126.9140304154,부설,0.9,False,False,False
30076-29391-00039-00-1,,8,37.4075259212,126.9171711641,부설,0.9,False,False,False
30076-29391-00040-00-1,,1,37.4088552338,126.9163293345,부설,0.9,False,False,False
30076-29391-00041-00-1,미소빌,4,37.4080483888,126.916994385,부설,0.9,True,False,False
30076-29391-00042-00-1,,2,37.4085561082,126.9163477395,부설,0.9,False,False,False
30076-29391-00043-00-1,,7,37.4057285586,126.9187182679,부설,0.9,False,False,False
30076-29391-00044-00-1,임순임씨건물,2,37.4062150066,126.9185686505,애매,0.3,False,False,False
30076-29391-00064-00-1,안양동 871-12 공동주택 (강민서),8,37.4012847229,126.9136316842,부설,0.9,True,False,False
30076-29391-00065-00-1,,8,37.4015912247,126.9138436625,부설,0.9,False,False,False
30076-29391-00066-00-1,,3,37.401443556,126.9139793611,부설,0.9,False,False,False
30076-29391-00067-00-1,,7,37.4012885806,126.9139795383,부설,0.9,False,False,False
30076-29391-00068-00-1,,4,37.4012852225,126.9143183654,부설,0.9,False,False,False
30076-29391-00069-00-1,,8,37.4014586815,126.9149596746,부설,0.9,False,False,False
30076-29391-00070-00-1,안양3동 개나리놀이터 지하주차장,58,37.4014121492,126.9154069746,비부설,0.9,False,False,True
30076-29391-00071-00-1,,4,37.4013078471,126.9157097741,부설,0.9,False,False,False
30077-29391-00006-00-1,,1,37.3918118164,126.9070747274,부설,0.9,False,False,False
30077-29391-00007-00-1,다가구주택,1,37.3920166434,126.9063065698,부설,0.9,True,False,False
30077-29391-00008-00-1,다가구주택,1,37.3919837831,126.9057735948,부설,0.9,True,False,False
30077-29391-00009-00-1,다가구주택,2,37.3916232268,126.9055888465,부설,0.9,True,False,False
30077-29391-00010-00-1,,5,37.3924031416,126.9073992293,부설,0.9,False,False,False
30077-29391-00011-00-1,양지하우스,9,37.3918050823,126.9076800236,부설,0.9,True,False,False
30077-29391-00012-00-1,다가구주택,1,37.3917399049,126.9072916355,부설,0.9,True,False,False
30077-29391-00013-00-1,,1,37.3921121455,126.9086011338,부설,0.9,False,False,False
30077-29391-00014-00-1,다가구주택,1,37.3919240101,126.9076708436,부설,0.9,True,False,False
30077-29391-00015-00-1,,3,37.3925087518,126.9088039225,부설,0.9,False,False,False
30077-29391-00016-00-1,,1,37.3926598966,126.9085101263,부설,0.9,False,False,False
30077-29391-00017-00-1,,3,37.3921630447,126.9091747432,부설,0.9,False,False,False
30077-29391-00018-00-1,다가구주택,1,37.3909691948,126.9080153084,부설,0.9,True,False,False
30077-29391-00019-00-1,다가구주택,3,37.3904325679,126.9085083161,부설,0.9,True,False,False
30077-29391-00020-00-1,,3,37.390248714,126.9084498188,부설,0.9,False,False,False
30077-29391-00021-00-1,,3,37.3912975975,126.9085705035,부설,0.9,False,False,False
30077-29391-00022-00-1,,3,37.3910058061,126.9087515389,부설,0.9,False,False,False
30077-29391-00023-00-1,지니어스빌,8,37.3910060358,126.9090496623,부설,0.9,True,False,False
30078-29391-00001-00-1,,4,37.3978542379,126.9144623119,부설,0.9,False,False,False
30078-29391-00002-00-1,,4,37.3978471473,126.9146249477,부설,0.9,False,False,False
30078-29391-00018-00-1,,6,37.3972411702,126.913948025,부설,0.9,False,False,False
30078-29392-00019-00-1,,1,37.3965528001,126.9139623641,부설,0.9,False,False,False
30079-29391-00001-00-1,,5,37.4142212137,126.9107295623,부설,0.9,False,False,False
30079-29391-00002-00-1,,7,37.4139548119,126.911127498,부설,0.9,False,False,False
30079-29391-00003-00-1,,7,37.4142861791,126.9108514826,부설,0.9,False,False,False
30079-29391-00004-00-1,다가구주택,1,37.4142755438,126.9110864532,부설,0.9,True,False,False
30079-29391-00005-00-1,,8,37.4145135653,126.9112895015,부설,0.9,False,False,False
30079-29391-00006-00-1,,5,37.4144235313,126.9113799764,부설,0.9,False,False,False
30079-29391-00007-00-1,해동3차,6,37.4139974398,126.9103050977,애매,0.3,False,False,False
30079-29391-00008-00-1,,2,37.4140768458,126.910458629,부설,0.9,False,False,False
30079-29391-00009-00-1,,5,37.414138204,126.9105760347,부설,0.9,False,False,False
30079-29391-00010-00-1,안양석수교회,11,37.4149277142,126.9108642777,부설,0.9,True,False,False
30079-29391-00015-00-1,,2,37.4145457336,126.9109325069,부설,0.9,False,False,False
30079-29391-00016-00-1,,4,37.4143934889,126.9097804875,부설,0.9,False,False,False
30079-29391-00017-00-1,,6,37.4155940746,126.9103438602,부설,0.9,False,False,False
30079-29391-00018-00-1,,2,37.4150706499,126.9092510142,부설,0.9,False,False,False
30079-29391-00019-00-1,경은빌딩,3,37.4149878117,126.9093234096,부설,0.9,True,False,False
30079-29391-00020-00-1,,2,37.4151572724,126.9094135748,부설,0.9,False,False,False
30079-29391-00021-00-1,석수2동주민센터,24,37.413870577,126.9093609036,비부설,0.9,False,True,False
30080-29391-00006-00-1,신흥아파트,14,37.4161889926,126.9106684858,부설,0.9,True,False,False
30080-29391-00007-00-1,,14,37.4154614058,126.9112477172,애매,0.3,False,False,False
30081-29391-00001-00-1,,7,37.4172655466,126.909270959,부설,0.9,False,False,False
30081-29391-00002-00-1,석수동 268-21 공동주택 (강정자외1인),8,37.4176223946,126.9093292706,부설,0.9,True,False,False
30081-29391-00003-00-1,,5,37.4169778148,126.9100485027,부설,0.9,False,False,False
30082-29391-00009-00-1,산들에빌,8,37.4201476075,126.917473579,부설,0.9,True,False,False
30082-29391-00010-00-1,,5,37.4193222565,126.9174473723,부설,0.9,False,False,False
30082-29391-00011-00-1,휴캐슬,4,37.4203097843,126.9174643635,부설,0.9,True,False,False
30083-29391-00001-00-1,,1,37.3889157624,126.9091786607,부설,0.9,False,False,False
30083-29391-00002-00-1,,14,37.3888421695,126.9072319673,애매,0.3,False,False,False
30083-29391-00003-00-1,,4,37.3883559887,126.9077068373,부설,0.9,False,False,False
30083-29391-00004-00-1,안양동금용아파트,114,37.3881732786,126.9091253541,부설,0.9,True,False,False
30083-29391-00005-00-1,다가구주택,2,37.3873547572,126.9086159428,부설,0.9,True,False,False
30083-29391-00006-00-1,,1,37.3858646339,126.9065265111,부설,0.9,False,False,False
30083-29391-00007-00-1,,3,37.3855181865,126.9059533208,부설,0.9,False,False,False
30083-29391-00008-00-1,,4,37.385420973,126.9060753928,부설,0.9,False,False,False
30083-29391-00009-00-1,,6,37.3860591547,126.9063998013,부설,0.9,False,False,False
30083-29391-00010-00-1,,4,37.3847880037,126.9032803743,부설,0.9,False,False,False
30083-29391-00011-00-1,52사단간부숙소,45,37.3849181259,126.8994094291,애매,0.3,False,False,False
30083-29391-00012-00-1,다가구주택,3,37.3839572172,126.9010502396,부설,0.9,True,False,False
30083-29391-00031-00-1,청송아트빌,6,37.3840044625,126.9015199045,부설,0.9,True,False,False
30083-29391-00032-00-1,현대하이빌,8,37.3839825893,126.9012218372,부설,0.9,True,False,False
30083-29391-00033-00-1,행운아트홀,16,37.3836185988,126.9012494142,애매,0.3,False,False,False
30083-29391-00034-00-1,동산빌딩,14,37.3835547819,126.902523173,부설,0.9,True,False,False
30083-29391-00035-00-1,포커스라인프라자,22,37.3842217134,126.9027345908,부설,0.9,True,False,False
30083-29391-00036-00-1,청운홈타운,11,37.3832867316,126.900902074,부설,0.9,True,False,False
30083-29391-00037-00-1,다가구주택,3,37.3831104786,126.9013178288,부설,0.9,True,False,False
30083-29391-00046-00-1,,3,37.3807606641,126.9058057042,부설,0.9,False,False,False
30083-29391-00047-00-1,돌석도예전시장,14,37.3790804448,126.9049180924,비부설,0.9,False,True,False
30083-29391-00048-00-1,,2,37.3733217077,126.9012674297,부설,0.9,False,False,False
30083-29391-00049-00-1,,2,37.3718146822,126.9050446762,부설,0.9,False,False,False
30083-29391-00050-00-1,,1,37.4021689138,126.9204659437,부설,0.9,False,False,False
30083-29391-00051-00-1,안양3동청사/다목적복지회관,7,37.3962722443,126.9147396677,비부설,0.9,False,True,False
30083-29391-00052-00-1,,2,37.4016787527,126.9204574264,부설,0.9,False,False,False
30083-29391-00053-00-1,,7,37.3994321835,126.9186573056,부설,0.9,False,False,False
30083-29391-00054-00-1,홀인원모텔,6,37.399341957,126.9184767021,부설,0.9,True,False,False
30083-29391-00055-00-1,,3,37.4003986341,126.9194694272,부설,0.9,False,False,False
30083-29391-00056-00-1,스카이파크빌,3,37.3983348103,126.9161784028,부설,0.9,True,False,False
30083-29391-00057-00-1,,4,37.3975631542,126.9156416893,부설,0.9,False,False,False
30083-29391-00058-00-1,,5,37.4018159564,126.9208277307,부설,0.9,False,False,False
30083-29391-00059-00-1,,4,37.3775811168,126.9373012902,부설,0.9,False,False,False
30083-29391-00060-00-1,다가구주택,3,37.3777794568,126.9375179043,부설,0.9,True,False,False
30083-29391-00061-00-1,다가구주택,2,37.3778552548,126.9377301046,부설,0.9,True,False,False
30083-29391-00062-00-1,다가구주택,2,37.377765264,126.937942442,부설,0.9,True,False,False
30083-29391-00063-00-1,안양8동 다목적 복지회관,4,37.377844644,126.9381139936,애매,0.3,False,False,False
30083-29391-00076-00-1,,2,37.4170286327,126.9206174205,부설,0.9,False,False,False
30083-29391-00077-00-1,,2,37.4169133328,126.920662728,부설,0.9,False,False,False
30083-29391-00078-00-1,,4,37.4172987497,126.9203369819,부설,0.9,False,False,False
30083-29391-00079-00-1,,2,37.4173927289,126.9207435573,부설,0.9,False,False,False
30083-29391-00098-00-1,,2,37.4172232587,126.9206262523,부설,0.9,False,False,False
30083-29391-00099-00-1,,2,37.4171907158,126.9204681357,부설,0.9,False,False,False
30083-29391-00100-00-1,,2,37.4174136612,126.9197178104,부설,0.9,False,False,False
30083-29391-00101-00-1,,2,37.4174282307,126.9199437255,부설,0.9,False,False,False
30083-29391-00102-00-1,,2,37.4174824507,126.9201786358,부설,0.9,False,False,False
30083-29391-00103-00-1,,2,37.417533063,126.9204090316,부설,0.9,False,False,False
30083-29391-00104-00-1,,2,37.4175909013,126.9206665319,부설,0.9,False,False,False
30083-29391-00105-00-1,,3,37.4176920935,126.921082139,부설,0.9,False,False,False
30083-29391-00106-00-1,,1,37.4178820645,126.9195320462,부설,0.9,False,False,False
30083-29391-00107-00-1,,8,37.4182356741,126.9201371684,부설,0.9,False,False,False
30083-29391-00108-00-1,안양동 1319-15 제1종근린생활시설 (김경숙),2,37.4183331242,126.9203449236,부설,0.9,True,False,False
30083-29391-00109-00-1,,5,37.4183664305,126.921646265,부설,0.9,False,False,False
30083-29391-00110-00-1,,6,37.4184639556,126.921971508,부설,0.9,False,False,False
30083-29391-00116-00-1,,4,37.4184755903,126.9232276878,부설,0.9,False,False,False
30083-29391-00117-00-1,,5,37.4187422093,126.9231008923,부설,0.9,False,False,False
30083-29391-00118-00-1,,2,37.4188468536,126.9232950893,부설,0.9,False,False,False
30083-29391-00119-00-1,,3,37.4189553205,126.9238281858,부설,0.9,False,False,False
30083-29391-00120-00-1,,3,37.4190419722,126.9240675896,부설,0.9,False,False,False
30083-29391-00121-00-1,안양 파빌리온,7,37.4194682351,126.9256125668,부설,0.9,True,False,False
30083-29391-00122-00-1,.,4,37.4199518355,126.9266604418,애매,0.3,False,False,False
30083-29391-00123-00-1,라마나욧빌딩,5,37.4199807577,126.9268050141,부설,0.9,True,False,False
30083-29391-00124-00-1,,5,37.4201041386,126.9281786012,부설,0.9,False,False,False
30083-29391-00125-00-1,,3,37.4201079836,126.9285762496,부설,0.9,False,False,False
30083-29391-00126-00-1,,4,37.4197073187,126.9275689489,부설,0.9,False,False,False
30083-29391-00127-00-1,,4,37.41976173,126.9281427782,부설,0.9,False,False,False
30083-29391-00128-00-1,진영빌딩,5,37.4198016021,126.9285177968,부설,0.9,True,False,False
30083-29391-00129-00-1,예술공원빌,7,37.4196435795,126.9294442899,부설,0.9,True,True,False
30083-29391-00130-00-1,,4,37.4194888169,126.9298014153,부설,0.9,False,False,False
30083-29391-00131-00-1,,13,37.4193160543,126.9301947058,애매,0.3,False,False,False
30083-29391-00132-00-1,,6,37.418159885,126.9314564842,부설,0.9,False,False,False
30083-29391-00146-00-1,,2,37.4160828217,126.9132893602,부설,0.9,False,False,False
30083-29391-00147-00-1,,1,37.4161082785,126.9136011097,부설,0.9,False,False,False
30083-29391-00148-00-1,,7,37.4161727509,126.9130542926,부설,0.9,False,False,False
30083-29391-00149-00-1,,5,37.4159303746,126.9118345718,부설,0.9,False,False,False
30083-29391-00152-00-1,,1,37.4137192994,126.9094830824,부설,0.9,False,False,False
30083-29391-00153-00-1,,1,37.413773678,126.9098987091,부설,0.9,False,False,False
30083-29391-00154-00-1,,3,37.4132582233,126.9098044409,부설,0.9,False,False,False
30083-29391-00155-00-1,,7,37.413542179,126.9088055387,부설,0.9,False,False,False
30083-29391-00156-00-1,,4,37.4128468191,126.9091000736,부설,0.9,False,False,False
30083-29391-00157-00-1,,16,37.4130667092,126.9091540281,애매,0.3,False,False,False
30083-29391-00158-00-1,,12,37.4146622816,126.9078191595,애매,0.3,False,False,False
30083-29391-00159-00-1,,3,37.413453867,126.9064832018,부설,0.9,False,False,False
30083-29391-00160-00-1,삼화연립,5,37.4134180903,126.9068176058,애매,0.3,False,False,False
30083-29391-00161-00-1,,4,37.4133098041,126.9066098951,부설,0.9,False,False,False
30083-29391-00162-00-1,,4,37.4131189167,126.9067727928,부설,0.9,False,False,False
30084-29391-00015-00-1,영원 해밀리지,12,37.4129349127,126.906524512,애매,0.3,False,False,False
30086-29391-00011-00-1,,1,37.4127007943,126.9067100544,부설,0.9,False,False,False
30086-29391-00012-00-1,아남맨션,4,37.4124737555,126.9067329276,부설,0.9,True,False,False
30086-29391-00013-00-1,석수골든빌,8,37.4122501781,126.9065750642,부설,0.9,True,False,False
30086-29391-00014-00-1,원진아파트,17,37.4128230721,126.9063800643,부설,0.9,True,False,False
30086-29391-00015-00-1,석수동 292-26 단독주택,4,37.412624823,126.9063486827,부설,0.9,True,False,False
30086-29391-00016-00-1,,5,37.412949211,126.9063753889,부설,0.9,False,False,False
30086-29391-00017-00-1,황토하우스2차,10,37.4119726573,126.9065663723,부설,0.9,True,False,False
30086-29391-00018-00-1,,3,37.4115618857,126.9066843573,부설,0.9,False,False,False
30086-29391-00019-00-1,,1,37.4106752086,126.9065905748,부설,0.9,False,False,False
30086-29391-00020-00-1,,1,37.4106575869,126.9070966357,부설,0.9,False,False,False
30086-29391-00021-00-1,다가구주택,1,37.4107835126,126.9068208692,부설,0.9,True,False,False
30086-29391-00022-00-1,다가구주택,1,37.4109277183,126.9068749092,부설,0.9,True,False,False
30086-29391-00023-00-1,다가구주택,1,37.4110285612,126.9067844198,부설,0.9,True,False,False
30086-29391-00024-00-1,,3,37.4110935662,126.9069515139,부설,0.9,False,False,False
30086-29391-00025-00-1,,1,37.4104203894,126.907955385,부설,0.9,False,False,False
30086-29391-00026-00-1,,10,37.4097577164,126.9085706643,부설,0.9,False,False,False
30086-29391-00027-00-1,동신벨로스,77,37.4092432155,126.9097188923,애매,0.3,False,False,False
30086-29391-00028-00-1,해동빌라트,3,37.4095244024,126.9098089176,부설,0.9,True,False,False
30087-29391-00006-00-1,,3,37.423820276,126.912625184,부설,0.9,False,False,False
30087-29391-00007-00-1,봉빌딩,2,37.4237156779,126.9125168497,부설,0.9,True,False,False
30087-29391-00008-00-1,,1,37.4230848959,126.9124226856,부설,0.9,False,False,False
30087-29391-00009-00-1,창흥빌딩,4,37.4229293561,126.9116636843,부설,0.9,True,False,False
30087-29391-00010-00-1,효빌딩,4,37.4219950633,126.9105486168,부설,0.9,True,False,False
30087-29391-00011-00-1,,2,37.4219265073,126.9104447641,부설,0.9,False,False,False
30087-29391-00012-00-1,,1,37.421789402,126.9102460969,부설,0.9,False,False,False
30087-29391-00013-00-1,,4,37.4219920211,126.9112942367,부설,0.9,False,False,False
30087-29391-00014-00-1,,2,37.4207642256,126.9081370349,부설,0.9,False,False,False
30087-29391-00015-00-1,,2,37.4214031429,126.9094286458,부설,0.9,False,False,False
30087-29391-00016-00-1,,1,37.4213778001,126.9092795543,부설,0.9,False,False,False
30087-29391-00017-00-1,,2,37.4221448465,126.9084742655,부설,0.9,False,False,False
30087-29391-00018-00-1,,2,37.422029921,126.9089985965,부설,0.9,False,False,False
30087-29391-00019-00-1,안양원예농업협동조합 빌딩,7,37.4202492814,126.9087025116,부설,0.9,True,False,False
30087-29391-00020-00-1,,3,37.4201123652,126.9087523844,부설,0.9,False,False,False
30087-29391-00021-00-1,석수동다가구주택,2,37.4199899488,126.9089106897,부설,0.9,True,False,False
30087-29391-00022-00-1,,7,37.4195218295,126.9094444678,부설,0.9,False,False,False
30087-29391-00023-00-1,,1,37.4192802806,126.9093453467,부설,0.9,False,False,False
30087-29391-00026-00-1,,5,37.4243512782,126.9142694933,부설,0.9,False,False,False
30087-29391-00027-00-1,,6,37.4245062563,126.9142738356,부설,0.9,False,False,False
30087-29391-00028-00-1,석수동 152-5 단독주택,1,37.4239369611,126.9144778398,부설,0.9,True,False,False
30087-29391-00029-00-1,,2,37.4238540315,126.9144282252,부설,0.9,False,False,False
30087-29391-00030-00-1,,1,37.4241601051,126.9140527984,부설,0.9,False,False,False
30087-29391-00031-00-1,,8,37.4241347352,126.9138585098,부설,0.9,False,False,False
30087-29391-00032-00-1,,2,37.423612451,126.9142793736,부설,0.9,False,False,False
30087-29391-00033-00-1,,2,37.4227068027,126.9128750189,부설,0.9,False,False,False
30087-29391-00034-00-1,,1,37.4228833653,126.912825106,부설,0.9,False,False,False
30087-29391-00035-00-1,,1,37.4224112392,126.9128346911,부설,0.9,False,False,False
30087-29391-00036-00-1,,1,37.4223712704,126.9123964033,부설,0.9,False,False,False
30087-29391-00037-00-1,,16,37.4184388585,126.9118994113,애매,0.3,False,False,False
30087-29391-00038-00-1,,1,37.4167564275,126.9128050965,부설,0.9,False,False,False
30087-29391-00039-00-1,다가구주택,2,37.4165540741,126.9120959171,부설,0.9,True,False,False
30088-29391-00003-00-1,석수동 75 상가,3,37.4235604819,126.9122187776,부설,0.9,True,False,False
30088-29391-00034-00-1,,1,37.4162740592,126.9135918822,부설,0.9,False,False,False
30088-29391-00035-00-1,,2,37.416248546,126.9132033169,부설,0.9,False,False,False
30089-29391-00001-00-1,,4,37.4195092883,126.9169049185,부설,0.9,False,False,False
30089-29391-00002-00-1,,3,37.4200106465,126.9174646918,부설,0.9,False,False,False
30089-29391-00003-00-1,석수동 221-60 근생주택 (오은영),3,37.4194302396,126.9172484296,부설,0.9,True,False,False
30089-29391-00004-00-1,,1,37.4221583775,126.9170420771,부설,0.9,False,False,False
30089-29391-00005-00-1,서광사,3,37.4216792042,126.9172821057,애매,0.3,False,False,False
30089-29391-00006-00-1,,6,37.4222581112,126.9058441264,부설,0.9,False,False,False
30089-29391-00007-00-1,,4,37.4207810671,126.9066322493,부설,0.9,False,False,False
30089-29391-00008-00-1,,34,37.4194150537,126.9065435706,애매,0.3,False,False,False
30089-29391-00009-00-1,개성하이뷰 제1동,31,37.4195453624,126.9072573695,애매,0.3,False,False,False
30089-29391-00010-00-1,석수동관악아파트,8,37.4190589901,126.9074839048,부설,0.9,True,False,False
30089-29391-00011-00-1,석수동 관악맨션,5,37.4193545556,126.9075242098,부설,0.9,True,False,False
30089-29391-00012-00-1,대영산업,4,37.4197043198,126.9077406797,부설,0.9,True,False,False
30089-29391-00013-00-1,,9,37.4190808123,126.9077369258,부설,0.9,False,False,False
30089-29391-00014-00-1,,3,37.4188862842,126.9078546507,부설,0.9,False,False,False
30089-29391-00015-00-1,,5,37.4188540024,126.9080535129,부설,0.9,False,False,False
30089-29391-00025-00-1,영지빌딩,5,37.4172206453,126.9071427526,부설,0.9,True,False,False
30089-29391-00026-00-1,,6,37.4171053221,126.9071519322,부설,0.9,False,False,False
30089-29391-00027-00-1,써니빌Ⅱ,7,37.4177583687,126.908059371,부설,0.9,True,False,False
30089-29391-00028-00-1,,2,37.4173184327,126.9077526436,부설,0.9,False,False,False
30089-29391-00029-00-1,,4,37.417588738,126.9077523121,부설,0.9,False,False,False
30106-29391-00001-00-1,제이앤제이,8,37.394015734,126.9193768777,애매,0.3,False,False,False
30128-29391-00027-00-1,다스하임,8,,,애매,0.3,False,False,False
30130-29391-00067-00-1,,4,,,부설,0.9,False,False,False
30137-29391-00001-00-1,,7,37.3996309185,126.9194024856,부설,0.9,False,False,False
30137-29391-00004-00-1,다가구주택,19,37.3969496555,126.9145220659,부설,0.9,True,False,False
30137-29391-00005-00-1,안양동 784-24 노유자시설,3,37.3979015339,126.91507663,애매,0.3,False,False,False
30137-29391-00006-00-1,,15,37.3971914353,126.9149464267,애매,0.3,False,False,False
30137-29391-00007-00-1,,1,37.3970184263,126.9149285527,부설,0.9,False,False,False
30137-29391-00008-00-1,안양 미래엠피아,180,37.4042373572,126.9200210111,애매,0.3,False,False,False
30152-29391-00011-00-1,그랜드지오,6,,,애매,0.3,False,False,False
31003-29391-00049-00-1,(주)유도 Creation Tower R&D센터,124,37.4013977335,126.9655077342,부설,0.9,True,False,False
31009-29391-00127-00-1,디에스세미콘,64,37.400010485,126.9666377619,애매,0.3,False,False,False
31010-29391-00018-00-1,호계동 효성아파트,395,37.3854285849,126.9474708641,부설,0.9,True,False,False
31027-29391-00123-00-1,,5,37.39983043,126.9671709135,부설,0.9,False,False,False
31029-29391-00081-00-1,썬팰리스,24,37.4067089262,126.9089086989,부설,0.9,True,False,False
31056-29391-00110-00-1,코리아타운연립 A동,16,37.4122867547,126.9119698732,부설,0.9,True,False,False
31065-29391-00175-00-1,평촌 이편한세상,486,37.3956808568,126.9770746622,애매,0.3,False,False,False
31070-29391-00140-00-1,영진캐슬,11,37.4112102009,126.9134124512,부설,0.9,True,False,False
31071-29399-00009-00-1,,0,37.3992826951,126.9674828616,부설,0.9,False,False,False
31075-29391-00020-00-1,베아누체,24,37.38257863,126.9495007702,애매,0.3,False,False,False
31123-29391-00149-00-1,,5,,,부설,0.9,False,False,False
31150-29391-00071-00-1,안양남초등학교,15,37.3797129142,126.9691171987,부설,0.9,True,False,False
31156-29391-00004-00-1,제나시티,22,37.3874749922,126.9319270762,애매,0.3,False,False,False
31156-29391-00258-00-1,미소빌딩,6,,,부설,0.9,True,False,False
31197-29391-00180-00-1,,1,37.4070656028,126.9611452746,부설,0.9,False,False,False
31198-29391-00086-00-1,송가호계타워,16,37.3678506484,126.9543649544,부설,0.9,True,False,False
31201-29391-00024-00-1,성결대학교(신유관),12,,,부설,0.9,True,False,False
31204-29391-00166-00-1,,6,37.4098236632,126.885026478,부설,0.9,False,False,False
31210-29391-00037-00-1,,1,37.396833811,126.9243474903,부설,0.9,False,False,False
31214-29391-00178-00-1,BMW 삼천리모터스 안양지점,43,,,애매,0.3,False,False,False
31243-29391-00080-00-1,,5,,,부설,0.9,False,False,False
31245-29391-00138-00-1,,8,,,부설,0.9,False,False,False
31260-29391-00019-00-1,수리산흥화브라운빌,228,37.3848586452,126.9059631778,부설,0.9,True,False,False
31261-29391-00054-00-1,주공뜨란채,1115,37.4003631814,126.9258799224,애매,0.3,False,False,False
31261-29391-00092-00-1,미영팰리스,36,,,부설,0.9,True,False,False
31401-29391-00151-00-1,이레하우스,8,37.4130537529,126.9110743424,부설,0.9,True,False,False
31407-29391-00165-00-1,그라시아,10,,,애매,0.3,False,False,False
31407-29391-00243-00-1,세강파크빌4차,8,,,부설,0.9,True,False,False
31409-29391-00227-00-1,,8,37.3825657626,126.9376403959,부설,0.9,False,False,False
31411-29392-00166-00-1,렉스타운,86,,,부설,0.9,True,False,False
31413-29391-00143-00-1,,2,,,부설,0.9,False,False,False
31413-29391-00159-00-1,우석팰리스5차,14,,,부설,0.9,True,False,False
31419-29391-00042-00-1,우성빌라,10,37.4016420232,126.9143134414,부설,0.9,True,False,False
31419-29391-00077-00-1,비산동 1017-1 단독주택,2,,,부설,0.9,True,False,False
31420-29391-00060-00-1,대한예수교장로회금천교회,9,37.4364040877,126.9014422477,부설,0.9,True,False,False
31436-29391-00060-00-1,"아카데미테마타운1동,2동,3동",10,37.4015081244,126.8998570942,부설,0.9,True,False,False
31436-29391-00083-00-1,프라임벨루체,22,,,애매,0.3,False,False,False
31480-29391-00068-00-1,,8,,,부설,0.9,False,False,False
31493-29391-00014-00-1,서조산업,483,37.3961363589,126.8938019802,부설,0.9,True,False,False
31523-29391-00002-00-1,대덕엠티아이,15,37.3909665985,126.9370642928,애매,0.3,False,False,False
31529-29391-00031-00-1,안양 국제 유통단지,3342,37.3716052345,126.9521137801,애매,0.3,False,False,False
31531-29391-00017-00-1,안양해솔학교,50,37.434787738,126.9130146857,부설,0.9,True,False,False
31555-29391-00083-00-1,효성리더스빌,8,37.4046856874,126.9118838917,부설,0.9,True,False,False
31555-29391-00173-00-1,웰링턴뷰,72,,,애매,0.3,False,False,False
31559-29391-00126-00-1,M파크,8,,,부설,0.9,True,False,False
31574-29391-00067-00-1,타운하우스,7,,,부설,0.9,True,False,False
31730-29391-00001-00-1,더 퍼스트힐 A,8,,,애매,0.3,False,False,False
31758-29391-00026-00-1,SK 석수동주유소,10,37.4200932872,126.907392257,애매,0.3,False,False,False
31785-29391-00049-00-1,목련아파트,642,37.3852631285,126.9572405638,부설,0.9,True,False,False
31812-29391-00077-00-1,아르젠뷰,8,37.4054918163,126.9649772636,애매,0.3,False,False,False
31813-29391-00044-00-1,학운교통(주),4,37.3778589247,126.9451412486,부설,0.9,True,False,False
31911-29391-00032-00-1,주연퍼스티지,22,37.4030438651,126.9624394277,애매,0.3,False,False,False
31931-29391-00108-00-1,삼성원시티,22,,,애매,0.3,False,False,False
31936-29391-00016-00-1,대창그린빌,8,37.3926133293,126.9300478239,부설,0.9,True,False,False
31975-29391-00028-00-1,원유주택,2,37.414616029,126.9184465953,부설,0.9,True,False,False
31993-29391-00107-00-1,U-포그니,29,,,애매,0.3,False,False,False
32164-29391-00145-00-1,안차랑 THE CLASS C동,12,,,애매,0.3,False,False,False
32204-29391-00078-00-1,이룸라테라스,8,,,애매,0.3,False,False,False
32218-29391-00114-00-1,,4,,,부설,0.9,False,False,False
32251-29391-00109-00-1,,4,,,부설,0.9,False,False,False
32272-29391-00001-00-1,,8,,,부설,0.9,False,False,False
32288-29391-00052-00-1,석수동 324-19 (변금자),3,,,애매,0.3,False,False,False
32406-29391-00183-00-1,,6,37.3947751276,126.9719568898,부설,0.9,False,False,False
32406-29391-00238-00-1,알파타워,31,,,부설,0.9,True,False,False
32415-29391-00036-00-1,,1,37.4222522764,126.9173176266,부설,0.9,False,False,False
32415-29391-00077-00-1,평촌역 하이필드 지식산업센터,754,,,부설,0.9,True,False,False
32431-29391-00056-00-1,,6,37.4251717976,126.9126190944,부설,0.9,False,False,False
32525-29391-00014-00-1,,15,37.4191651707,126.8924138551,애매,0.3,False,False,False
32533-29391-00010-00-1,퍼스트 프리미엄 A,12,37.4048101639,126.9196634917,애매,0.3,False,False,False
32752-29391-00012-00-1,석수동 서조마을,247,,,애매,0.3,False,False,False
32806-29391-00070-00-1,에프알텍타워,142,37.3969533843,126.9637976824,부설,0.9,True,False,False
33010-29391-00041-00-1,,7,,,부설,0.9,False,False,False
33014-29391-00048-00-1,해든팰리스,8,,,부설,0.9,True,False,False
33158-29391-00019-00-1,헤나하우스,7,,,부설,0.9,True,False,False
33166-29391-00046-00-1,,1,37.388732571,126.938028258,부설,0.9,False,False,False
33198-29391-00005-00-1,,16,37.4140187677,126.9053031952,애매,0.3,False,False,False
33301-29391-00045-00-1,바우하우스,7,,,부설,0.9,True,False,False
33304-29391-00043-00-1,,3,37.4084549733,126.8859141118,부설,0.9,False,False,False
33305-29391-00034-00-1,,5,37.3933015667,126.9239761157,부설,0.9,False,False,False
33350-29391-00040-00-1,벽산아파트,353,37.4033767713,126.9063692292,부설,0.9,True,False,False
33362-29391-00058-00-1,플러스빌,7,,,부설,0.9,True,False,False
33471-29391-00014-00-1,미영팰리스,7,37.4004152052,126.9173687297,부설,0.9,True,False,False
33517-29391-00010-00-1,관악아파트,626,37.3964885841,126.9453625759,부설,0.9,True,False,False
34016-29391-00009-00-1,베아누체,19,37.4052850391,126.9184024952,애매,0.3,False,False,False
34037-29391-00025-00-1,샛별아파트동,1514,37.3983361586,126.9505472866,부설,0.9,True,False,False
34076-29391-00005-00-1,목련아파트,607,37.3866469014,126.9566932493,부설,0.9,True,False,False
34160-29391-00024-00-1,,3,37.397867856,126.9184331244,부설,0.9,False,False,False
34190-29391-00163-00-1,다온하우스,15,,,부설,0.9,True,False,False
34209-29391-00029-00-1,미섬시스텍,38,37.3983996668,126.9673838587,애매,0.3,False,False,False
34231-29391-00003-00-1,미영팰리스,15,,,부설,0.9,True,False,False
34301-29391-00053-00-1,현대아파트,1363,37.4165947546,126.9087069479,부설,0.9,True,False,False
34316-29391-00076-00-1,청담 캐슬,39,,,부설,0.9,True,False,False
34329-29391-00086-00-1,레존텍 사옥,30,,,부설,0.9,True,False,False
34332-29391-00095-00-1,,6,,,부설,0.9,False,False,False
34362-29391-00014-00-1,한마음선원,86,37.4216367534,126.9085788178,애매,0.3,False,False,False
34427-29391-00074-00-1,,2,,,부설,0.9,False,False,False
34552-29391-00074-00-1,신호안차랑17차,8,,,애매,0.3,False,False,False
34583-29391-00001-00-1,귀인초등학교,44,37.3865130416,126.9661875509,부설,0.9,True,False,False
34679-29391-00056-00-1,인덕원마을삼성아파트,1349,37.3984564123,126.9792873792,부설,0.9,True,False,False
34893-29391-00021-00-1,,15,37.3830160329,126.9371838517,애매,0.3,False,False,False
35011-29391-00092-00-1,아랑,8,,,애매,0.3,False,False,False
35043-29391-00022-00-1,더라움빌리지,8,,,부설,0.9,True,False,False
35059-29391-00040-00-1,덕천스카이빌딩,18,,,부설,0.9,True,False,False
35068-29391-00014-00-1,박달동 928-7 단독주택 (박영우),3,37.4091403212,126.8865094635,부설,0.9,True,False,False
35282-29391-00003-00-1,목련아파트,646,37.3841804802,126.9534788361,부설,0.9,True,False,False
35315-29391-00036-00-1,,1,37.3909406054,126.9426473548,부설,0.9,False,False,False
35335-29391-00080-00-1,,5,37.4001037074,126.9319066197,부설,0.9,False,False,False
35412-29391-00144-00-1,나은캐슬,14,,,부설,0.9,True,False,False
36044-29391-00083-00-1,원평노블레스12차,60,,,애매,0.3,False,False,False
36093-29391-00010-00-1,매곡어린이집,3,,,부설,0.9,True,False,False
36316-29391-00112-00-1,,14,37.4169292827,126.9176352608,애매,0.3,False,False,False
36370-29391-00168-00-1,설원복지재단,28,,,애매,0.3,False,False,False
36401-29391-00015-00-1,,6,,,부설,0.9,False,False,False
36610-29391-00003-00-1,,3,37.4143770015,126.9167840725,부설,0.9,False,False,False
36622-29391-00025-00-1,,12,,,애매,0.3,False,False,False
36632-29391-00100-00-1,미영팰리스,8,,,부설,0.9,True,False,False
36679-29391-00112-00-1,안양 센트럴 헤센,654,,,애매,0.3,False,False,False
36751-29391-00191-00-1,,2,37.3910154994,126.9342049737,부설,0.9,False,False,False
36759-29391-00111-00-1,,15,,,애매,0.3,False,False,False
36819-29391-00024-00-1,,2,37.4143380665,126.9080138492,부설,0.9,False,False,False
36828-29391-00070-00-1,,6,,,부설,0.9,False,False,False
36917-29391-00122-00-1,석수역푸르지오아파트,593,37.4331233743,126.9045966796,부설,0.9,True,False,False
37119-29391-00004-00-1,신일해피트리,82,37.4025144377,126.9636323694,애매,0.3,False,False,False
37139-29391-00064-00-1,안양공업고등학교,125,37.3990471533,126.9144112635,부설,0.9,True,False,False
37216-29391-00035-00-1,6번길 하이츠,10,37.4095976525,126.9113540343,애매,0.3,False,False,False
37327-29391-00010-00-1,일진기계,18,37.3859766509,126.94038374,애매,0.3,False,False,False
37339-29391-00061-00-1,삼성초등학교,57,37.4198045681,126.9115860173,부설,0.9,True,False,False
37363-29391-00061-00-1,,3,37.4082637262,126.8856749446,부설,0.9,False,False,False
37517-29391-00091-00-1,,4,,,부설,0.9,False,False,False
37522-29391-00036-00-1,M카페,4,,,애매,0.3,False,False,False
37580-29391-00067-00-1,"박달동 928-8 단독주택 (김기만,허기은)",3,37.4090286817,126.8865999941,부설,0.9,True,False,False
37583-29391-00189-00-1,삼아아파트,49,37.3914095381,126.9747541985,부설,0.9,True,False,False
37586-29391-00080-00-1,,5,37.421371927,126.9063694225,부설,0.9,False,False,False
37777-29391-00035-00-1,뉴데시앙아파트,27,,,부설,0.9,True,False,False
37845-29391-00031-00-1,안양시 농수산물도매시장,1393,37.3825027152,126.9700103251,비부설,0.9,False,True,False
37867-29391-00071-00-1,주공아파트,328,37.3938537241,126.9096470089,부설,0.9,True,False,False
37883-29391-00044-00-1,삼성캐슬,15,37.4031665511,126.9094777067,부설,0.9,True,False,False
37885-29391-00143-00-1,W타워,25,37.3898179352,126.9465011732,부설,0.9,True,False,False
37885-29391-00165-00-1,,5,,,부설,0.9,False,False,False
37900-29391-00022-00-1,,5,,,부설,0.9,False,False,False
37913-29391-00032-00-1,서원빌라,7,37.404135024,126.9081483043,부설,0.9,True,False,False
38033-29391-00081-00-1,정우팰리스,18,37.4071371128,126.9177905574,부설,0.9,True,False,False
38036-29391-00055-00-1,뉴팰리스아파트,16,,,부설,0.9,True,False,False
38125-29391-00152-00-1,석수 코오롱하늘채,726,37.4085849715,126.8980223705,애매,0.3,False,False,False
38127-29391-00195-00-1,해든빌,20,37.4097632722,126.9472324881,부설,0.9,True,False,False
38174-29391-00061-00-1,,5,37.3922811639,126.929058887,부설,0.9,False,False,False
38183-29391-00020-00-1,,1,37.3920344458,126.9263759691,부설,0.9,False,False,False
38183-29391-00039-00-1,안양박달119안전센터,6,,,애매,0.3,False,False,False
38187-29391-00110-00-1,안차랑 THE CLASS,28,,,애매,0.3,False,False,False
38191-29391-00009-00-1,,2,37.3680031997,126.957530331,부설,0.9,False,False,False
38198-29391-00040-00-1,샘안양병원,146,37.3935470121,126.9245495495,부설,0.9,True,False,False
38201-29391-00018-00-1,안양우편집중국,158,37.3914224345,126.9569976618,애매,0.3,False,False,False
38204-29391-00264-00-1,"신성중,고등학교",122,37.384411377,126.920182089,부설,0.9,True,False,False
38210-29391-00135-00-1,경기도혁신교육연수원,37,37.3863968635,126.9144979132,부설,0.9,True,False,False
38362-29391-00040-00-1,,4,37.4010333357,126.905387302,부설,0.9,False,False,False
38422-29391-00028-00-1,,9,,,부설,0.9,False,False,False
38427-29391-00030-00-1,하이트캐슬아파트,30,37.3932100566,126.9274724889,부설,0.9,True,False,False
38452-29391-00157-00-1,우미아트빌,8,,,부설,0.9,True,False,False
38605-29391-00056-00-1,파크에비뉴B타워,86,37.4059407917,126.9728472777,부설,0.9,True,False,False
38615-29392-00043-00-1,,18,,,애매,0.3,False,False,False
38616-29391-00049-00-1,평촌트루엘파크,228,,,부설,0.9,True,False,False
38695-29391-00129-00-1,,3,37.4143013891,126.9168880799,부설,0.9,False,False,False
38805-29391-00004-00-1,우석펠리스6차,8,,,애매,0.3,False,False,False
38846-29391-00014-00-1,평촌대성유니드,227,,,애매,0.3,False,False,False
38907-29391-00041-00-1,,7,,,부설,0.9,False,False,False
39026-29391-00039-00-1,대림베스트빌,11,,,부설,0.9,True,False,False
39034-29391-00128-00-1,,6,37.4103679074,126.9100067066,부설,0.9,False,False,False
39052-29391-00031-00-1,삼운타운빌,20,,,부설,0.9,True,False,False
39060-29391-00040-00-1,신호안차랑20차,20,,,애매,0.3,False,False,False
39133-29391-00032-00-1,안양 블루몬테,28,37.4207573208,126.9295833282,애매,0.3,False,False,False
39155-29391-00073-00-1,에이치에이빌딩,14,,,부설,0.9,True,False,False
39195-29391-00029-00-1,,3,37.3967654688,126.9368606799,부설,0.9,False,False,False
39203-29391-00059-00-1,,11,,,애매,0.3,False,False,False
39232-29391-00119-00-1,안양복지관,21,37.4206891906,126.9188783341,애매,0.3,False,False,False
39245-29391-00037-00-1,힐스테이트 석수,250,37.430312505,126.9049708366,부설,0.9,True,False,False
39246-29391-00030-00-1,해든빌딩,6,,,부설,0.9,True,False,False
39302-29392-00061-00-1,원평 노블레스 6차,78,37.3918796749,126.9267058672,애매,0.3,False,False,False
39351-29391-00073-00-1,,2,37.3883696782,126.9334574857,부설,0.9,False,False,False
39544-29391-00044-00-1,중앙리더스빌,12,37.3791560087,126.9371148102,부설,0.9,True,False,False
39574-29391-00068-00-1,,3,37.3954996714,126.972476109,부설,0.9,False,False,False
39660-29391-00147-00-1,그린빌,5,37.3863299886,126.9070679429,부설,0.9,True,False,False
39660-29391-00171-00-1,베아누체7차,32,37.3914371687,126.9073010424,애매,0.3,False,False,False
39684-29391-00002-00-1,목련아파트,244,37.3892702224,126.9554586204,부설,0.9,True,False,False
39802-29391-00071-00-1,그린하이빌,8,37.4131750657,126.9194196044,부설,0.9,True,False,False
39827-29391-00103-00-1,브라운스톤 하나마을,402,37.3994573341,126.8997785075,애매,0.3,False,False,False
39842-29391-00031-00-1,어반휴플러스,34,37.3793177606,126.9515036891,애매,0.3,False,False,False
39849-29391-00283-00-1,,4,37.4002358461,126.9135109133,부설,0.9,False,False,False
39850-29391-00214-00-1,,5,,,부설,0.9,False,False,False
39855-29391-00298-00-1,,4,37.4007598539,126.8782774641,부설,0.9,False,False,False
39855-29391-00531-00-1,청담밸리체3,23,,,애매,0.3,False,False,False
39858-29391-00058-00-1,초원아파트,695,37.3911844304,126.9679290295,부설,0.9,True,False,False
39867-29391-00135-00-1,,2,37.4109751702,126.9076384304,부설,0.9,False,False,False
39879-29391-00044-00-1,비산2동 행정복지센터,24,,,비부설,0.9,False,True,False
39909-29391-00272-00-1,,85,37.4079543767,126.9218333135,애매,0.3,False,False,False
39912-29391-00067-00-1,삼성타운2,16,37.4249713739,126.9145399302,부설,0.9,True,False,False
39915-29391-00158-00-1,,270,37.4075915498,126.9507987311,애매,0.3,False,False,False
40015-29391-00027-00-1,,54,37.3953758631,126.9562952235,애매,0.3,False,False,False
40017-29391-00032-00-1,,6,,,부설,0.9,False,False,False
40028-29391-00025-00-1,KD하이빌,12,37.4038379543,126.9663966218,부설,0.9,True,False,False
40029-29391-00048-00-1,평촌경영고등학교,33,37.4008479438,126.9593143321,부설,0.9,True,False,False
40051-29391-00073-00-1,(주)휴비츠 평촌공장,253,37.3990551767,126.9658476211,부설,0.9,True,False,False
40053-29391-00063-00-1,원평 노블레스 5차,38,37.4039275864,126.9202878906,애매,0.3,False,False,False
40057-29391-00037-00-1,,10,37.4111736867,126.9080132004,부설,0.9,False,False,False
40113-29391-00161-00-1,푸른마을삼성아파트,206,37.3802403537,126.9513676036,부설,0.9,True,False,False
40128-29391-00014-00-1,박달동 68-7 공동주택,8,37.4022871385,126.9094561761,부설,0.9,True,False,False
40141-29391-00057-00-1,로체그랑,8,,,애매,0.3,False,False,False
40237-29391-00008-00-1,한스빌2,14,,,부설,0.9,True,False,False
41001-29391-00262-00-1,대흥양행 평촌 주건축물제1동,6,,,애매,0.3,False,False,False
41017-29391-00061-00-1,안양역한양수자인리버파크,427,,,부설,0.9,True,False,False
41066-29391-00066-00-1,석수지웰아파트,95,37.4336183177,126.9060784753,부설,0.9,True,False,False
41077-29391-00057-00-1,꿈마을아파트,678,37.384123566,126.9663241223,부설,0.9,True,False,False
41079-29391-00028-00-1,,6,37.4072122161,126.9694989809,부설,0.9,False,False,False
41492-29391-00014-00-1,,19,37.4033071674,126.9529384355,애매,0.3,False,False,False
41494-29391-00168-00-1,수리산 힐스테이트 아파트,444,37.3851077715,126.9020694955,부설,0.9,True,False,False
41555-29391-00056-00-1,,5,37.4028856372,126.9051410153,부설,0.9,False,False,False
41560-29391-00029-00-1,노블리앙비씨 4차,6,,,애매,0.3,False,False,False
41578-29391-00033-00-1,세진빌딩,1,37.3995352847,126.9219007866,부설,0.9,True,False,False
41754-29391-00116-00-1,,6,37.3896418583,126.9333434377,부설,0.9,False,False,False
41932-29391-00007-00-1,,3,,,부설,0.9,False,False,False
41939-29391-00004-00-1,,5,37.36221005,126.9643562152,부설,0.9,False,False,False
42163-29391-00054-00-1,,6,37.4071048599,126.972629994,부설,0.9,False,False,False
42186-29391-00047-00-1,평촌디지털엠파이어,425,,,애매,0.3,False,False,False
42250-29391-00119-00-1,영원해밀리지6차,6,37.4038984745,126.9535389332,애매,0.3,False,False,False
42264-29391-00023-00-1,신호안차랑 7차,8,37.4043386912,126.9154443451,애매,0.3,False,False,False
42282-29391-00024-00-1,이너스 내안에아파트,120,37.4056128323,126.9181446193,부설,0.9,True,False,False
42452-29391-00126-00-1,,4,,,부설,0.9,False,False,False
42453-29391-00112-00-1,한솔씨티빌,14,,,부설,0.9,True,False,False
42505-29391-00063-00-1,관양도서관,22,37.4110320108,126.9675094113,비부설,0.9,False,True,False
42653-29391-00043-00-1,서정 플레이스 (Seo Jeong Place),8,,,애매,0.3,False,False,False
42699-29391-00193-00-1,,5,,,부설,0.9,False,False,False
42786-29391-00085-00-1,두림 야스카와 안양사옥,164,,,부설,0.9,True,False,False
42829-29391-00022-00-1,디스퀘어큐브,100,,,애매,0.3,False,False,False
42905-29391-00169-00-1,리체타운빌,34,37.3843852345,126.9043739157,부설,0.9,True,False,False
42921-29391-00117-00-1,대한예수교장로회 안양강남교회,7,,,부설,0.9,True,False,False
42934-29391-00024-00-1,신호안차랑 6차,8,37.4017928917,126.9136220656,애매,0.3,False,False,False
42940-29391-00220-00-1,해누리어린이집,2,,,부설,0.9,True,False,False
42945-29391-00048-00-1,,6,37.4079987341,126.913095366,부설,0.9,False,False,False
42975-29391-00165-00-1,우명빌리지,6,37.4058817844,126.9675251891,부설,0.9,True,False,False
42990-29391-00001-00-1,,4,,,부설,0.9,False,False,False
42990-29391-00030-00-1,안양관양 행복주택,52,,,부설,0.9,True,False,False
43018-29391-00008-00-1,삼성아트빌,8,,,부설,0.9,True,False,False
43018-29391-00017-00-1,서진주유소,3,,,애매,0.3,False,False,False
43019-29391-00006-00-1,아이비유치원,3,,,부설,0.9,True,False,False
44222-29391-00085-00-1,현대캐슬,19,37.3921048122,126.9294746257,부설,0.9,True,False,False
44225-29391-00208-00-1,,6,,,부설,0.9,False,False,False
44416-29391-00139-00-1,,5,37.3978680675,126.91874031,부설,0.9,False,False,False
44424-29391-00131-00-1,한국OSG 안양사옥,69,37.4184908847,126.8920578443,부설,0.9,True,False,False
44431-29391-00044-00-1,관양스카이뷰,10,,,애매,0.3,False,False,False
44466-29391-00039-00-1,다원하우스,7,,,부설,0.9,True,False,False
44781-29391-00098-00-1,석수중앙교회,6,37.4166793577,126.9158687746,부설,0.9,True,False,False
44900-29391-00128-00-1,,16,37.4193209341,126.9207821938,애매,0.3,False,False,False
44901-29391-00383-00-1,비산1동 행정복지센터,28,,,비부설,0.9,False,True,False
44915-29391-00121-00-1,안양동 562-9 공동주택 (이재욱),8,37.3829652086,126.9301064692,부설,0.9,True,False,False
44916-29391-00293-00-1,,6,37.4005866302,126.9151503993,부설,0.9,False,False,False
44924-29391-00148-00-1,,5,,,부설,0.9,False,False,False
44930-29391-00046-00-1,안정빌딩,5,,,부설,0.9,True,False,False
44962-29391-00054-00-1,,2,37.4131474708,126.9064203257,부설,0.9,False,False,False
44962-29391-00055-00-1,조은빌라,6,37.4140711398,126.9077249973,부설,0.9,True,False,False
44962-29391-00056-00-1,,4,37.4139231538,126.9074450379,부설,0.9,False,False,False
44962-29391-00057-00-1,,4,37.4138473586,126.9073050609,부설,0.9,False,False,False
44962-29391-00058-00-1,청아람,8,37.413764355,126.907165093,애매,0.3,False,False,False
44962-29391-00059-00-1,,3,37.4139881296,126.9075759917,부설,0.9,False,False,False
44962-29391-00060-00-1,더파인캐슬,28,37.4132489513,126.9071386189,부설,0.9,True,False,False
44962-29391-00061-00-1,다가구주택,8,37.4134148699,126.9073055938,부설,0.9,True,False,False
44962-29391-00062-00-1,,8,37.4136491558,126.9073324154,부설,0.9,False,False,False
44962-29391-00063-00-1,다가구주택,1,37.4137863122,126.9075897949,부설,0.9,True,False,False
44962-29391-00064-00-1,다미안1동,14,37.4126298343,126.9081424511,애매,0.3,False,False,False
44962-29391-00065-00-1,해치빌,11,37.4127525481,126.9083682179,부설,0.9,True,False,False
44962-29391-00067-00-1,,3,37.4127529253,126.9088561972,부설,0.9,False,False,False
44962-29391-00068-00-1,,6,37.4128066862,126.9084675553,부설,0.9,False,False,False
44962-29391-00069-00-1,,6,37.412875265,126.9085985037,부설,0.9,False,False,False
44962-29391-00071-00-1,,5,37.4125651818,126.9084271843,부설,0.9,False,False,False
44962-29391-00072-00-1,다미안2동,14,37.4124497464,126.9082917754,애매,0.3,False,False,False
44962-29391-00073-00-1,,1,37.412041402,126.9069051586,부설,0.9,False,False,False
44962-29391-00074-00-1,예다음,12,37.4119045077,126.9069821388,애매,0.3,False,False,False
44962-29391-00075-00-1,,1,37.411702708,126.9070185344,부설,0.9,False,False,False
44962-29391-00076-00-1,,8,37.4121063678,126.9070225538,부설,0.9,False,False,False
44962-29391-00077-00-1,,5,37.4121177675,126.9077725764,부설,0.9,False,False,False
44962-29391-00078-00-1,해든누리,20,37.4122724743,126.9074289957,애매,0.3,False,False,False
44962-29391-00079-00-1,,6,37.4129065608,126.9071345233,부설,0.9,False,False,False
44962-29391-00080-00-1,펠리체,8,37.4127625185,126.9072883244,애매,0.3,False,False,False
44962-29391-00081-00-1,석수그린타운A동,7,37.4124668,126.9070537365,부설,0.9,True,False,False
44962-29391-00082-00-1,,3,37.4122540495,126.906913932,부설,0.9,False,False,False
44962-29391-00083-00-1,사랑채,8,37.4126220021,126.9073427174,애매,0.3,False,False,False
44962-29391-00084-00-1,,10,37.412589271,126.9069677371,부설,0.9,False,False,False
44962-29391-00085-00-1,석수동 291-19 단독주택,3,37.4124345443,126.9072842103,부설,0.9,True,False,False
44962-29392-00066-00-1,,7,37.4126049455,126.9085807588,부설,0.9,False,False,False
44962-29392-00070-00-1,,5,37.412485464,126.9078760468,부설,0.9,False,False,False
44963-29391-00005-00-1,한호주택,5,37.4073623672,126.9152376368,부설,0.9,True,False,False
44963-29391-00006-00-1,,1,37.4078312138,126.9156798761,부설,0.9,False,False,False
44963-29391-00007-00-1,다가구주택,3,37.4083246136,126.9151778179,부설,0.9,True,False,False
44963-29391-00008-00-1,,3,37.4083144013,126.9160181895,부설,0.9,False,False,False
44963-29391-00009-00-1,,5,37.408227958,126.916095093,부설,0.9,False,False,False
44963-29391-00010-00-1,다가구주택,2,37.4081269026,126.9158964113,부설,0.9,True,False,False
44963-29391-00011-00-1,,3,37.4081662898,126.9155349228,부설,0.9,False,False,False
44963-29391-00012-00-1,안양동 856-1 제2종근린생활시설 ((주)신한은행),5,37.4078662442,126.914274727,부설,0.9,True,False,False
44963-29391-00013-00-1,,4,37.4072649177,126.9150434725,부설,0.9,False,False,False
44963-29391-00016-00-1,다가구주택,1,37.4078628396,126.9145503312,부설,0.9,True,False,False
44963-29391-00017-00-1,,4,37.4090095855,126.9154526501,부설,0.9,False,False,False
44963-29391-00018-00-1,,4,37.4082520505,126.9145092266,부설,0.9,False,False,False
44963-29391-00019-00-1,,5,37.4088218691,126.9150281601,부설,0.9,False,False,False
44963-29391-00020-00-1,,8,37.4013115541,126.9158543345,부설,0.9,False,False,False
44963-29391-00021-00-1,대명빌리지,8,37.4016145503,126.9162108911,부설,0.9,True,False,False
44963-29391-00022-00-1,,5,37.4013117082,126.9160711813,부설,0.9,False,False,False
44963-29391-00023-00-1,,6,37.4013118075,126.9162112282,부설,0.9,False,False,False
44963-29391-00024-00-1,,4,37.4016078617,126.9169472775,부설,0.9,False,False,False
44963-29391-00025-00-1,대호프라자빌라,5,37.401481722,126.9169519344,부설,0.9,True,False,False
44963-29391-00026-00-1,,6,37.4013194304,126.9167985136,부설,0.9,False,False,False
44963-29391-00027-00-1,,8,37.4014640055,126.9173856487,부설,0.9,False,False,False
44963-29391-00028-00-1,다가구주택,3,37.4014569203,126.917561845,부설,0.9,True,False,False
44963-29391-00029-00-1,101,6,37.401312842,126.9176839792,애매,0.3,False,False,False
44963-29391-00030-00-1,대현빌라,6,37.4010757126,126.9136680651,부설,0.9,True,False,False
44963-29391-00031-00-1,,4,37.4009387542,126.9136637046,부설,0.9,False,False,False
44963-29391-00032-00-1,,6,37.401079557,126.9139978477,부설,0.9,False,False,False
44963-29391-00033-00-1,,6,37.4010796817,126.9141695176,부설,0.9,False,False,False
44963-29391-00034-00-1,,1,37.4009427234,126.9141651561,부설,0.9,False,False,False
44963-29391-00035-00-1,다가구주택,3,37.4010834136,126.9143457009,부설,0.9,True,False,False
44963-29391-00036-00-1,원평노블레스,8,37.4010871452,126.9145218843,애매,0.3,False,False,False
44963-29391-00037-00-1,청림빌,8,37.4009465893,126.9145265615,부설,0.9,True,False,False
44963-29392-00014-00-1,,4,37.4077113638,126.9144059263,부설,0.9,False,False,False
44963-29392-00015-00-1,,5,37.4074448189,126.9146230941,부설,0.9,False,False,False
44963-29392-00094-00-1,라움한스2,46,,,애매,0.3,False,False,False
44965-29391-00014-00-1,아르떼빌,7,37.3998794045,126.9140082543,부설,0.9,True,False,False
44965-29391-00015-00-1,용암로얄맨션,5,37.4003624926,126.9142019586,부설,0.9,True,False,False
44965-29391-00016-00-1,미소지움,11,37.4002040145,126.9143421842,애매,0.3,False,False,False
44965-29391-00017-00-1,,3,37.4000453367,126.9142068378,부설,0.9,False,False,False
44965-29391-00018-00-1,,7,37.4000454349,126.9143423647,부설,0.9,False,False,False
44965-29391-00019-00-1,우성빌라,5,37.4003663583,126.9145633612,부설,0.9,True,False,False
44965-29391-00020-00-1,우성빌라,5,37.4003664757,126.9147259943,부설,0.9,True,False,False
44965-29391-00021-00-1,우림빌라,4,37.4001969665,126.9145635535,부설,0.9,True,False,False
44965-29391-00022-00-1,,4,37.400031182,126.9145682593,부설,0.9,False,False,False
44965-29391-00023-00-1,우림빌라5차,5,37.4000745516,126.9147353602,부설,0.9,True,False,False
44965-29391-00024-00-1,,6,37.400413511,126.9149789261,부설,0.9,False,False,False
44965-29391-00025-00-1,,5,37.4003703658,126.9151235376,부설,0.9,False,False,False
44965-29391-00026-00-1,,6,37.400240515,126.9149791215,부설,0.9,False,False,False
44965-29391-00027-00-1,,7,37.4000242734,126.9149838834,부설,0.9,False,False,False
44965-29391-00028-00-1,,6,37.3998440758,126.914993122,부설,0.9,False,False,False
44965-29391-00029-00-1,우성빌라,4,37.4003849441,126.9153494006,부설,0.9,True,False,False
44965-29391-00030-00-1,,4,37.400388658,126.9155029945,부설,0.9,False,False,False
44965-29391-00031-00-1,다원맨션,5,37.4002407808,126.9153495628,부설,0.9,True,False,False
44965-29391-00032-00-1,초원맨션,4,37.4000930167,126.9153542466,부설,0.9,True,False,False
44965-29391-00033-00-1,안양동 873-215 단독주택 (한문호),8,37.4000967339,126.9155123574,부설,0.9,True,False,False
44965-29391-00034-00-1,,4,37.3998011992,126.9155126892,부설,0.9,False,False,False
44965-29391-00035-00-1,,5,37.3999420225,126.9158829712,부설,0.9,False,False,False
44965-29391-00036-00-1,윤정아트빌,4,37.3997905481,126.9157385788,부설,0.9,True,False,False
44965-29391-00037-00-1,김광수씨 건물,6,37.4003963869,126.9162348353,애매,0.3,False,False,False
44965-29391-00038-00-1,다가구주택,2,37.4002522269,126.9162395134,부설,0.9,True,False,False
44965-29391-00039-00-1,,4,37.4000971488,126.9160951237,부설,0.9,False,False,False
44965-29391-00041-00-1,안양동K씨다가구주택,7,37.3999457774,126.9160952925,부설,0.9,True,False,False
44965-29391-00042-00-1,금지게빌라,4,37.3999458831,126.9162443719,부설,0.9,True,False,False
44965-29391-00043-00-1,우정타운,5,37.4014244784,126.9125382522,부설,0.9,True,False,False
44965-29391-00080-00-1,,6,37.4012875234,126.9125384113,부설,0.9,False,False,False
44965-29391-00081-00-1,이대원씨 다가구주택,1,37.3963434799,126.9135741116,부설,0.9,True,False,False
44965-29391-00082-00-1,,7,37.3964297629,126.9132803847,부설,0.9,False,False,False
44965-29391-00083-00-1,,8,37.396515625,126.9124174706,부설,0.9,False,False,False
44965-29391-00084-00-1,,1,37.3963319538,126.9126028955,부설,0.9,False,False,False
44965-29391-00085-00-1,,6,37.3961160385,126.9130503621,부설,0.9,False,False,False
44965-29391-00086-00-1,수현빌라,4,37.3956907931,126.9131005438,부설,0.9,True,False,False
44965-29391-00087-00-1,예지원 빌,9,37.395921481,126.913136416,부설,0.9,True,False,False
44965-29391-00088-00-1,,1,37.3954960795,126.9129742843,부설,0.9,False,False,False
44965-29391-00089-00-1,삼성아트빌라,4,37.3956258,126.9129379959,부설,0.9,True,False,False
44965-29391-00090-00-1,,1,37.3954024365,126.9130602211,부설,0.9,False,False,False
44965-29391-00091-00-1,한국기독교장로회 새빛교회,2,37.3960480638,126.9137370746,부설,0.9,True,False,False
44965-29391-00092-00-1,,4,37.3959835157,126.9141843638,부설,0.9,False,False,False
44965-29391-00093-00-1,,1,37.3926159628,126.9076293408,부설,0.9,False,False,False
44965-29391-00094-00-1,,1,37.3925367963,126.9077875371,부설,0.9,False,False,False
44965-29391-00095-00-1,다가구주택,2,37.3925367082,126.9076746092,부설,0.9,True,False,False
44965-29391-00096-00-1,계현하이츠,6,37.3931637308,126.9075609113,애매,0.3,False,False,False
44965-29391-00097-00-1,,1,37.3932755739,126.9077098403,부설,0.9,False,False,False
44965-29391-00098-00-1,,4,37.3934054759,126.9079084365,부설,0.9,False,False,False
44965-29391-00099-00-1,,7,37.3935318051,126.9081476924,부설,0.9,False,False,False
44965-29391-00100-00-1,,1,37.3932608927,126.9073710712,부설,0.9,False,False,False
44965-29391-00101-00-1,문원빌리지,8,37.3930190322,126.9068789999,부설,0.9,True,False,False
44965-29391-00102-00-1,,4,37.3929504407,126.9067345361,부설,0.9,False,False,False
44965-29391-00103-00-1,,2,37.393407924,126.9064358361,부설,0.9,False,False,False
44965-29391-00104-00-1,,3,37.3934476939,126.9065938877,부설,0.9,False,False,False
44965-29391-00105-00-1,그라스빌,8,37.3934484853,126.9076012162,부설,0.9,True,False,False
44965-29391-00106-00-1,지앤팰리스,12,37.3927776403,126.9069831925,부설,0.9,True,False,False
44965-29391-00107-00-1,다가구주택,2,37.392738187,126.9072271663,부설,0.9,True,False,False
44965-29391-00108-00-1,,2,37.3921600984,126.9054165236,부설,0.9,False,False,False
44965-29391-00109-00-1,다가구주택,1,37.3923560014,126.9070334017,부설,0.9,True,False,False
44965-29391-00110-00-1,다가구주택,1,37.3923986514,126.9062744746,부설,0.9,True,False,False
44965-29391-00111-00-1,,1,37.3921499909,126.9063018868,부설,0.9,False,False,False
44965-29391-00112-00-1,다가구주택,1,37.3923081364,126.9057551204,부설,0.9,True,False,False
44965-29391-00147-00-1,,4,37.3905951699,126.9090501587,부설,0.9,False,False,False
44965-29391-00148-00-1,,6,37.3904582285,126.9090683921,부설,0.9,False,False,False
44965-29391-00149-00-1,,4,37.3904508011,126.9087838305,부설,0.9,False,False,False
44965-29391-00150-00-1,안양동근린시설,2,37.3902922318,126.9087975736,애매,0.3,False,False,False
44965-29391-00151-00-1,수림빌라,8,37.3897154453,126.9086266283,부설,0.9,True,False,False
44965-29391-00152-00-1,,2,37.3896076604,126.9090649025,부설,0.9,False,False,False
44965-29391-00153-00-1,다가구주택,2,37.3894959164,126.9090424528,부설,0.9,True,False,False
44965-29391-00154-00-1,,1,37.3898921886,126.9088116091,부설,0.9,False,False,False
44965-29391-00155-00-1,,1,37.389683155,126.9088163792,부설,0.9,False,False,False
44965-29391-00156-00-1,창조빌라,5,37.389088376,126.9086815923,부설,0.9,True,False,False
44965-29391-00157-00-1,다가구주택,2,37.3889694306,126.9086681858,부설,0.9,True,False,False
44965-29391-00158-00-1,,2,37.3893662629,126.9091645665,부설,0.9,False,False,False
44965-29391-00159-00-1,,7,37.3830742037,126.9010378502,부설,0.9,False,False,False
44965-29391-00160-00-1,,7,37.3829479206,126.9008709041,부설,0.9,False,False,False
44965-29391-00161-00-1,,5,37.3832480237,126.9020267485,부설,0.9,False,False,False
44965-29391-00162-00-1,한빛터,9,37.3827824234,126.9012188949,애매,0.3,False,False,False
44965-29391-00163-00-1,해피펠리스,11,37.3826453207,126.9010429303,애매,0.3,False,False,False
44965-29391-00164-00-1,,6,37.3823642961,126.9011562123,부설,0.9,False,False,False
44965-29391-00165-00-1,우성홈타운,11,37.3824577605,126.9008670328,부설,0.9,True,False,False
44965-29391-00166-00-1,삼성 빌리지,6,37.3820579294,126.901134032,부설,0.9,True,False,False
44965-29391-00167-00-1,힐 하우스,8,37.3818991188,126.9008587352,부설,0.9,True,False,False
44965-29391-00168-00-1,묘정사연화회,3,37.3817585895,126.900895052,애매,0.3,False,False,False
44965-29391-00169-00-1,,1,37.381714942,126.9004208803,부설,0.9,False,False,False
44965-29391-00171-00-1,창박로 57(이명희),4,37.3839965783,126.9007114425,애매,0.3,False,False,False
44965-29391-00172-00-1,휴타운숲,7,37.3829558487,126.9017335533,부설,0.9,True,False,False
44965-29391-00173-00-1,,5,37.3831397961,126.9019004258,부설,0.9,False,False,False
44965-29391-00174-00-1,삼성 빌리지,6,37.3819353412,126.9010754787,부설,0.9,True,False,False
44965-29391-00175-00-1,안양동 1088-98 공동주택,12,37.3824761549,126.9013141435,부설,0.9,True,False,False
44965-29391-00176-00-1,대한예수교장로회참빛교회,6,37.3837998005,126.9024505904,부설,0.9,True,False,False
44965-29391-00177-00-1,병목안배수지,4,37.3831010082,126.9029392832,애매,0.3,False,False,False
44965-29391-00178-00-1,수리산그린빌,12,37.3842658454,126.9038140063,부설,0.9,True,False,False
44965-29391-00179-00-1,수리산그린빌,12,37.384200832,126.9036424579,부설,0.9,True,False,False
44965-29391-00208-00-1,,2,37.3763637779,126.9389190847,부설,0.9,False,False,False
44965-29391-00209-00-1,,2,37.3764431216,126.9390228919,부설,0.9,False,False,False
44965-29391-00210-00-1,,2,37.3762594219,126.9392352993,부설,0.9,False,False,False
44965-29391-00211-00-1,효성빌라,4,37.3761800806,126.9391360083,부설,0.9,True,False,False
44965-29391-00212-00-1,다가구주택,3,37.3767962766,126.9389322825,부설,0.9,True,False,False
44965-29391-00213-00-1,다가구주택,2,37.3768648313,126.9390812609,부설,0.9,True,False,False
44965-29391-00214-00-1,다가구주택,2,37.3769225619,126.9392076673,부설,0.9,True,False,False
44965-29391-00215-00-1,다가구주택,2,37.3769875099,126.9393521328,부설,0.9,True,False,False
44965-29391-00216-00-1,양지하이츠빌라,5,37.3768722227,126.939438033,부설,0.9,True,False,False
44965-29391-00217-00-1,다가구주택,2,37.3768036708,126.9392935705,부설,0.9,True,False,False
44965-29391-00218-00-1,다가구주택,2,37.3767459403,126.9391671643,부설,0.9,True,False,False
44965-29391-00219-00-1,,3,37.376691809,126.9390317229,부설,0.9,False,False,False
44965-29391-00220-00-1,명궁빌라,4,37.3765261158,126.9392170195,부설,0.9,True,False,False
44965-29391-00221-00-1,영화빌라,5,37.3766199104,126.9393885581,부설,0.9,True,False,False
44965-29391-00222-00-1,다가구주택,2,37.3767137141,126.9395781617,부설,0.9,True,False,False
44965-29391-00223-00-1,,2,37.3766092436,126.939673085,부설,0.9,False,False,False
44965-29391-00224-00-1,,2,37.3765262917,126.9395602474,부설,0.9,False,False,False
44965-29391-00225-00-1,,2,37.3764541566,126.9394564338,부설,0.9,False,False,False
44965-29391-00226-00-1,다가구주택,2,37.3763964402,126.9393571249,부설,0.9,True,False,False
44965-29391-00227-00-1,안양유원지 음식점,8,37.4179033867,126.9190891965,애매,0.3,False,False,False
44965-29391-00231-00-1,,2,37.4166751264,126.9201614183,부설,0.9,False,False,False
44965-29391-00232-00-1,,2,37.4169744289,126.9204051042,부설,0.9,False,False,False
44965-29391-00233-00-1,,2,37.4168483229,126.9204594606,부설,0.9,False,False,False
44965-29391-00234-00-1,,1,37.4166321272,126.9205319863,부설,0.9,False,False,False
44965-29391-00235-00-1,,4,37.4167656113,126.9207306624,부설,0.9,False,False,False
44965-29391-00236-00-1,,2,37.4185289748,126.9221928558,부설,0.9,False,False,False
44965-29391-00237-00-1,,2,37.4186048236,126.922441305,부설,0.9,False,False,False
44965-29391-00238-00-1,안양동빌딩,2,37.4186373343,126.9225542386,부설,0.9,True,False,False
44965-29391-00239-00-1,,2,37.4186734549,126.9226762059,부설,0.9,False,False,False
44965-29391-00240-00-1,,4,37.418579873,126.9228660868,부설,0.9,False,False,False
44965-29391-00241-00-1,그린아트빌,7,37.4184245608,126.9223511174,부설,0.9,True,False,False
44965-29391-00242-00-1,,3,37.4184285904,126.9230018021,부설,0.9,False,False,False
44965-29391-00244-00-1,,3,37.4173259179,126.9232695288,부설,0.9,False,False,False
44965-29391-00245-00-1,대성사,2,37.4171926815,126.9234458901,애매,0.3,False,False,False
44965-29391-00246-00-1,,4,37.417037867,126.9236945701,부설,0.9,False,False,False
44965-29391-00247-00-1,,3,37.4166488281,126.9240067458,부설,0.9,False,False,False
44965-29391-00384-00-1,쉐르빌,14,37.4071847407,126.9617686968,부설,0.9,True,False,False
44965-29392-00040-00-1,,4,37.4001008554,126.9162396819,부설,0.9,False,False,False
44965-29399-00243-00-1,,0,37.4175205143,126.9232331813,부설,0.9,False,False,False
44967-29391-00016-00-1,(주)나눔건설,1,37.4185189222,126.9081804456,부설,0.9,True,False,False
44967-29391-00017-00-1,,3,37.4183966186,126.9084833458,부설,0.9,False,False,False
44967-29391-00018-00-1,해피투게더,5,37.4183244357,126.9083523923,애매,0.3,False,False,False
44967-29391-00019-00-1,,3,37.4187710279,126.9079496844,부설,0.9,False,False,False
44967-29391-00020-00-1,,3,37.418612315,126.9077781687,부설,0.9,False,False,False
44967-29391-00021-00-1,,6,37.4185223471,126.9079499888,부설,0.9,False,False,False
44967-29391-00022-00-1,,3,37.4184862043,126.9078189915,부설,0.9,False,False,False
44967-29391-00023-00-1,,5,37.4183925302,126.9078597743,부설,0.9,False,False,False
44967-29391-00024-00-1,써니빌,8,37.4182267042,126.9078102722,부설,0.9,True,False,False
44967-29391-00025-00-1,,2,37.4181078861,126.9079595334,부설,0.9,False,False,False
44967-29391-00026-00-1,,6,37.4182592922,126.9080045347,부설,0.9,False,False,False
44967-29391-00027-00-1,아트파크,8,37.4182990283,126.9081219714,부설,0.9,True,False,False
44967-29391-00028-00-1,,5,37.4188356156,126.907583591,부설,0.9,False,False,False
44967-29391-00029-00-1,동아제약(주)관악지점,30,37.4182515228,126.907286077,부설,0.9,True,False,False
44967-29391-00030-00-1,,5,37.4188100579,126.9071633837,부설,0.9,False,False,False
44967-29391-00031-00-1,,6,37.4185184045,126.9075162006,부설,0.9,False,False,False
44967-29391-00032-00-1,,5,37.4188029844,126.9073351028,부설,0.9,False,False,False
44967-29391-00033-00-1,관악 Lashile,5,37.4177756331,126.9070923624,애매,0.3,False,False,False
44967-29391-00034-00-1,,2,37.4175777422,126.9075173573,부설,0.9,False,False,False
44967-29391-00035-00-1,,12,37.4170658935,126.9074276149,애매,0.3,False,False,False
44967-29391-00036-00-1,다가구주택(5가구용),1,37.414177403,126.9099885939,부설,0.9,True,False,False
44967-29391-00037-00-1,,2,37.4147363534,126.9104081409,부설,0.9,False,False,False
44967-29391-00038-00-1,휴드림,5,37.4146282997,126.9104986385,애매,0.3,False,False,False
44967-29391-00039-00-1,,2,37.4146576298,126.9111582967,부설,0.9,False,False,False
44967-29391-00040-00-1,,3,37.4142962582,126.9098845279,부설,0.9,False,False,False
44967-29391-00041-00-1,,6,37.4144440355,126.9098979061,부설,0.9,False,False,False
44967-29391-00043-00-1,,4,37.4144843758,126.9108151002,부설,0.9,False,False,False
44967-29391-00044-00-1,,4,37.4144230179,126.9106976938,부설,0.9,False,False,False
44967-29391-00045-00-1,,3,37.4143616633,126.9105848059,부설,0.9,False,False,False
44967-29391-00046-00-1,,4,37.4142822574,126.9104312739,부설,0.9,False,False,False
44967-29391-00073-00-1,,7,37.4040017327,126.9082252697,부설,0.9,False,False,False
44967-29392-00042-00-1,다가구주택,1,37.4145130651,126.9106252919,부설,0.9,True,False,False
44968-29391-00060-00-1,,5,37.4180954468,126.932211158,부설,0.9,False,False,False
44968-29391-00061-00-1,,5,37.4180704405,126.9325997845,부설,0.9,False,False,False
44968-29391-00062-00-1,우정식당,6,37.418056281,126.9330516623,애매,0.3,False,False,False
44968-29391-00063-00-1,삼성골드프라자,3,37.4008200396,126.9245196702,부설,0.9,True,False,False
44968-29391-00064-00-1,센타프라자,21,37.4010582252,126.9250163706,부설,0.9,True,False,False
44968-29391-00065-00-1,,15,37.4012386921,126.9254318137,애매,0.3,False,False,False
44968-29391-00066-00-1,,1,37.3995092567,126.9262692716,부설,0.9,False,False,False
44968-29391-00067-00-1,안양1동사무소,20,37.399134226,126.9259398605,애매,0.3,False,False,False
44968-29391-00068-00-1,청솔프라자,23,37.3989430451,126.9256780334,부설,0.9,True,False,False
44968-29391-00069-00-1,대한예수교 장로회 안양성은교회,9,37.3987196657,126.9257957087,부설,0.9,True,False,False
44968-29391-00070-00-1,,23,,,애매,0.3,False,False,False
44968-29391-00071-00-1,,2,37.4320136631,126.9144596128,부설,0.9,False,False,False
44968-29391-00072-00-1,,1,37.4360782159,126.9237791977,부설,0.9,False,False,False
44968-29391-00075-00-1,,2,37.4249779186,126.9136270714,부설,0.9,False,False,False
44968-29391-00076-00-1,,1,37.424656746,126.9130670785,부설,0.9,False,False,False
44968-29391-00077-00-1,,2,37.4256264819,126.913395852,부설,0.9,False,False,False
44968-29391-00078-00-1,,4,37.4254174395,126.9133870546,부설,0.9,False,False,False
44968-29391-00079-00-1,,5,37.4252010994,126.9132562505,부설,0.9,False,False,False
44968-29391-00080-00-1,,1,37.4251463449,126.9123163458,부설,0.9,False,False,False
44968-29391-00081-00-1,,2,37.4243718384,126.9128143423,부설,0.9,False,False,False
44968-29391-00082-00-1,,3,37.4246415877,126.9120638679,부설,0.9,False,False,False
44968-29391-00083-00-1,,4,37.4240797855,126.9126474775,부설,0.9,False,False,False
44968-29391-00084-00-1,,4,37.4242670332,126.9124258278,부설,0.9,False,False,False
44968-29391-00085-00-1,,9,37.4244649044,126.9119510986,부설,0.9,False,False,False
44968-29391-00086-00-1,,4,37.4241334715,126.9121412854,부설,0.9,False,False,False
44968-29391-00087-00-1,,4,37.4239533453,126.912245433,부설,0.9,False,False,False
44968-29391-00088-00-1,,5,37.4243350839,126.911851832,부설,0.9,False,False,False
44968-29391-00089-00-1,제2종근린생활시설 (김순기),8,37.4242052802,126.9117751609,부설,0.9,True,False,False
44968-29391-00090-00-1,포레스트9,8,37.4239024035,126.9115947562,애매,0.3,False,False,False
44968-29391-00091-00-1,,8,37.4236249174,126.9116312343,부설,0.9,False,False,False
44968-29391-00092-00-1,유하우스,7,37.4234843791,126.9116585133,부설,0.9,True,False,False
44968-29391-00093-00-1,,2,37.4233294751,126.9117535936,부설,0.9,False,False,False
44968-29391-00127-00-1,,2,37.419374073,126.9094582019,부설,0.9,False,False,False
44968-29391-00128-00-1,,9,37.4269036575,126.9152382071,부설,0.9,False,False,False
44968-29391-00129-00-1,,1,37.4263383034,126.9159167167,부설,0.9,False,False,False
44968-29391-00130-00-1,삼막마을다목적복지회관,5,37.425234376,126.9144085779,애매,0.3,False,False,False
44968-29391-00131-00-1,,3,37.4258078399,126.914986372,부설,0.9,False,False,False
44968-29391-00132-00-1,삼성타운3차,23,37.4254054897,126.9168215782,부설,0.9,True,False,False
44968-29391-00133-00-1,,6,37.425048563,126.9166457293,부설,0.9,False,False,False
44968-29391-00134-00-1,문화빌라,4,37.4159628887,126.9119384597,부설,0.9,True,True,False
44968-29391-00135-00-1,,6,37.4155306219,126.9122371867,부설,0.9,False,False,False
44968-29391-00136-00-1,,1,37.4160170372,126.912055878,부설,0.9,False,False,False
44968-29391-00137-00-1,,2,37.4159848689,126.9124173977,부설,0.9,False,False,False
44968-29391-00138-00-1,,3,37.4164951727,126.9153403095,부설,0.9,False,False,False
44968-29391-00139-00-1,,3,37.416873852,126.9156923324,부설,0.9,False,False,False
44968-29391-00140-00-1,다가구주택,1,37.4169636469,126.9152629662,부설,0.9,True,False,False
44968-29391-00141-00-1,,1,37.4167620581,126.9155975677,부설,0.9,False,False,False
44968-29391-00142-00-1,산장빌라,7,37.4171837667,126.9156422805,부설,0.9,True,False,False
44968-29391-00143-00-1,일창빌라,7,37.4172489936,126.9161392535,부설,0.9,True,False,False
44968-29391-00144-00-1,,5,37.4173172494,126.9158273936,부설,0.9,False,False,False
44968-29391-00145-00-1,,6,37.4172886993,126.9162250627,부설,0.9,False,False,False
44968-29391-00146-00-1,,1,37.4181719172,126.9165358663,부설,0.9,False,False,False
44968-29391-00147-00-1,,1,37.4173577407,126.9170247795,부설,0.9,False,False,False
44968-29391-00148-00-1,,4,37.4174800471,126.9166947856,부설,0.9,False,False,False
44968-29391-00149-00-1,,2,37.4174801235,126.9168032323,부설,0.9,False,False,False
44968-29391-00150-00-1,,1,37.4174151069,126.9165999667,부설,0.9,False,False,False
44968-29391-00151-00-1,,4,37.4180062256,126.9166716095,부설,0.9,False,False,False
44968-29391-00152-00-1,"삼성산경로당,청소년공부방",3,37.4180750237,126.9171279171,비부설,0.9,False,True,False
44968-29391-00153-00-1,,1,37.4176571917,126.9174717931,부설,0.9,False,False,False
44968-29391-00154-00-1,다가구주택,2,37.4183880241,126.9163413236,부설,0.9,True,False,False
44968-29391-00155-00-1,로체그랑,16,37.4183918261,126.9166214769,애매,0.3,False,False,False
44968-29391-00156-00-1,,5,37.4189724151,126.9170952973,부설,0.9,False,False,False
44968-29391-00157-00-1,오성주택,5,37.4191850584,126.9170995816,부설,0.9,True,False,False
44973-29391-00261-00-1,,2,,,부설,0.9,False,False,False
44984-29391-00043-00-1,,5,,,부설,0.9,False,False,False
44985-29391-00075-00-1,아트리움,11,,,애매,0.3,False,False,False
45005-29391-00186-00-1,에이스평촌타워,409,37.3967388559,126.9699233411,부설,0.9,True,False,False
45011-29391-00027-00-1,,8,37.4060428523,126.9636893972,부설,0.9,False,False,False
45012-29391-00132-00-1,성우상가,6,37.3964093769,126.9256850527,부설,0.9,True,False,False
45012-29391-00133-00-1,프라임힐,18,37.3967911794,126.9253187684,애매,0.3,False,False,False
45012-29391-00134-00-1,뉴캐슬,8,37.3969317272,126.9253005595,부설,0.9,True,False,False
45012-29391-00135-00-1,,17,37.3965492556,126.9246097831,애매,0.3,False,False,False
45012-29391-00136-00-1,,12,37.3782446845,126.9538663849,애매,0.3,False,False,False
45012-29391-00137-00-1,,3,37.378342261,126.9545527978,부설,0.9,False,False,False
45012-29391-00140-00-1,안양시호남향우회 회관,6,37.3774090032,126.9550862739,애매,0.3,False,False,False
45012-29391-00141-00-1,율곡문화회관,32,37.3770630799,126.955271644,비부설,0.9,False,True,False
45012-29391-00144-00-1,(주)한국타이어,4,37.3772828854,126.9551540921,부설,0.9,True,False,False
45012-29391-00150-00-1,호계동상가,2,37.3762334331,126.9534476157,부설,0.9,True,False,False
45012-29391-00201-00-1,,4,37.4112802488,126.9106788334,부설,0.9,False,False,False
45012-29392-00142-00-1,건축허가번호:280호,6,37.3768829108,126.9553665907,부설,0.9,True,False,False
45013-29391-00176-00-1,창성빌리지,4,37.3823982393,126.9490673062,부설,0.9,True,False,False
45013-29391-00177-00-1,탑빌라,10,37.3825973411,126.9511447719,부설,0.9,True,False,False
45013-29391-00178-00-1,,1,37.3827379641,126.9512982427,부설,0.9,False,False,False
45013-29391-00179-00-1,,7,37.3828787439,126.9518356199,부설,0.9,False,False,False
45013-29391-00180-00-1,,7,37.382702112,126.9517589519,부설,0.9,False,False,False
45013-29391-00181-00-1,인스빌투,9,37.38292926,126.9519801169,부설,0.9,True,False,False
45013-29391-00182-00-1,호계동 925-49 제1종근린생활시설 (인영수),5,37.3829905974,126.95214719,부설,0.9,True,False,False
45013-29391-00188-00-1,,3,37.3841726358,126.9302001975,부설,0.9,False,False,False
45013-29391-00189-00-1,유림에이스,11,37.3837655675,126.930530286,애매,0.3,False,False,False
45013-29391-00190-00-1,,4,37.3842263196,126.9295633043,부설,0.9,False,False,False
45013-29391-00191-00-1,우성빌라,4,37.3841074437,126.929662781,부설,0.9,True,False,False
45013-29391-00192-00-1,,1,37.3837576717,126.9293695292,부설,0.9,False,False,False
45013-29391-00193-00-1,,8,37.3838983875,126.9296313601,부설,0.9,False,False,False
45013-29391-00194-00-1,,2,37.3841649746,126.9294368965,부설,0.9,False,False,False
45013-29391-00195-00-1,,1,37.38364247,126.9295864334,부설,0.9,False,False,False
45013-29391-00196-00-1,씨티캐슬3차,11,37.3837579272,126.9297986052,부설,0.9,True,False,False
45013-29391-00197-00-1,,1,37.383285732,126.929699681,부설,0.9,False,False,False
45013-29391-00198-00-1,,2,37.3832243925,126.9295823077,부설,0.9,False,False,False
45013-29391-00199-00-1,,2,37.3834625308,126.9300337425,부설,0.9,False,False,False
45013-29391-00200-00-1,,2,37.3835952549,126.9289812555,부설,0.9,False,False,False
45013-29391-00201-00-1,,1,37.3832098307,126.9293384272,부설,0.9,False,False,False
45013-29391-00202-00-1,,2,37.3831233729,126.9294062566,부설,0.9,False,False,False
45013-29391-00203-00-1,대흥빌라,4,37.3831016566,126.9292527142,부설,0.9,True,False,False
45013-29391-00204-00-1,,2,37.3835948078,126.9282405365,부설,0.9,False,False,False
45013-29391-00205-00-1,진흥빌라,8,37.3834505535,126.9280916271,부설,0.9,True,False,False
45013-29391-00206-00-1,파인힐,6,37.3832271958,126.9282499199,애매,0.3,False,False,False
45013-29391-00207-00-1,,7,37.3831769217,126.9285525772,부설,0.9,False,False,False
45013-29391-00208-00-1,,1,37.3832309066,126.9284260623,부설,0.9,False,False,False
45013-29391-00209-00-1,리보빌딩,11,37.3825032933,126.9291132643,부설,0.9,True,False,False
45013-29391-00210-00-1,탑맨션,6,37.3822113454,126.9290864401,부설,0.9,True,False,False
45013-29391-00211-00-1,"수원지방법원 안양,안산지원 독신자숙소",40,37.3821718248,126.9292942362,애매,0.3,False,False,False
45013-29391-00212-00-1,성결대학교 기숙사,3,37.3818872146,126.9294841956,부설,0.9,True,False,False
45013-29391-00213-00-1,다원빌,8,37.382936057,126.9295690277,부설,0.9,True,False,False
45013-29391-00214-00-1,안양농협 안일지점,6,37.395155714,126.926580711,애매,0.3,False,False,False
45013-29391-00215-00-1,미화아트빌,8,37.3952095222,126.9261741034,부설,0.9,True,False,False
45013-29391-00216-00-1,드림빌,8,37.3953604574,126.925478293,부설,0.9,True,False,False
45013-29391-00217-00-1,,2,37.3955627958,126.9262912067,부설,0.9,False,False,False
46019-29391-00064-00-1,에코하임,15,37.4055189426,126.9501766164,애매,0.3,False,False,False
46020-29391-00105-00-1,,6,37.408731458,126.9145990436,부설,0.9,False,False,False
46028-29391-00166-00-1,하이트타운아파트,42,,,부설,0.9,True,False,False
46029-29391-00074-00-1,,22,37.3882125176,126.9738744828,애매,0.3,False,False,False
46036-29391-00072-00-1,수리산 현대홈타운,228,37.3847744543,126.9043463215,부설,0.9,True,False,False
46045-29391-00042-00-1,,41,,,애매,0.3,False,False,False
46049-29391-00054-00-1,박달동 925-5 단독주택 (박정현),6,37.4096034231,126.8846247,부설,0.9,True,False,False
46051-29391-00077-00-1,,5,37.3857294532,126.9434056149,부설,0.9,False,False,False
46056-29391-00137-00-1,청명에이스,38,,,애매,0.3,False,False,False
46208-29391-00135-00-1,석수마이바움,8,37.4146971523,126.9109955859,애매,0.3,False,False,False
46240-29391-00041-00-1,"아카데미테마타운10동,11동",9,37.4013027837,126.8999657908,부설,0.9,True,False,False
46271-29391-00104-00-1,대한스마트타워,157,37.3962763317,126.9655236333,부설,0.9,True,False,False
46271-29391-00122-00-1,,4,,,부설,0.9,False,False,False
46334-29391-00038-00-1,한가람아파트,338,37.3970267224,126.9568047298,부설,0.9,True,False,False
46539-29392-00004-00-1,성지빌딩,17,37.3960526455,126.9202646098,부설,0.9,True,False,False
46623-29391-00050-00-1,,3,37.3871620872,126.9269769508,부설,0.9,False,False,False
46700-29391-00250-00-1,,2,37.4009990162,126.9122947948,부설,0.9,False,False,False
46701-29391-00159-00-1,신호안차랑8차,10,37.39254561,126.9098699178,애매,0.3,False,False,False
46702-29391-00343-00-1,안양동 1349-9 제1종근린생활시설,3,37.4190780738,126.9241624461,부설,0.9,True,False,False
46702-29391-00501-00-1,,1,,,부설,0.9,False,False,False
46706-29391-00553-00-1,현진그린빌,26,37.3846480602,126.9296667927,부설,0.9,True,False,False
46708-29391-00275-00-1,상가,2,37.4028572139,126.9151659101,부설,0.9,True,False,False
46717-29391-00221-00-1,초원아파트,661,37.3885819674,126.9668099514,부설,0.9,True,False,False
46719-29391-00178-00-1,,12,37.4061064429,126.8873001599,애매,0.3,False,False,False
46720-29391-00306-00-1,한솔씨티빌,8,37.4003962844,126.9160902726,부설,0.9,True,False,False
46720-29391-00346-00-1,다온빌,8,,,부설,0.9,True,False,False
46723-29391-00628-00-1,냉천동현대아파트/상가동,287,37.3934857329,126.919083829,부설,0.9,True,False,False
46723-29391-00763-00-1,엘아이에스 공장,55,,,부설,0.9,True,False,False
46748-29391-00017-00-1,,4,37.392118634,126.9708015033,부설,0.9,False,False,False
46751-29391-00088-00-1,관악역우방유쉘아파트,170,37.414616318,126.9089669004,부설,0.9,True,False,False
46758-29391-00007-00-1,경기게임마이스터고등학교,78,37.3976681122,126.9475526716,부설,0.9,True,False,False
46770-29391-00126-00-1,,5,,,부설,0.9,False,False,False
46944-29391-00094-00-1,,2,37.4000676295,126.9151329142,부설,0.9,False,False,False
46985-29391-00044-00-1,민백초등학교,38,37.3862762057,126.9700223725,부설,0.9,True,False,False
47006-29391-00095-00-1,나린하우징6차,8,,,애매,0.3,False,False,False
47023-29391-00063-00-1,감나무집,2,37.4252471456,126.9171561655,애매,0.3,False,False,False
47026-29391-00050-00-1,관악아파트,1300,37.3948081338,126.9433536172,부설,0.9,True,False,False
47033-29391-00091-00-1,관양고등학교,69,37.4085753693,126.9601143722,부설,0.9,True,False,False
47101-29391-00034-00-1,대림타운,6,,,부설,0.9,True,False,False
47113-29391-00010-00-1,금호빌라,8,37.4016350959,126.9147019684,부설,0.9,True,False,False
47209-29391-00089-00-1,FULL HOUSE,8,37.4030916831,126.9656108661,애매,0.3,False,False,False
47527-29391-00006-00-1,동안구청사,175,37.3925231404,126.9514545292,비부설,0.9,False,True,False
47813-29391-00031-00-1,석수2동경로당,2,37.4105645348,126.9079326176,비부설,0.9,False,True,False
47824-29391-00025-00-1,삼성캐슬,11,,,부설,0.9,True,False,False
48018-29391-00028-00-1,,3,,,부설,0.9,False,False,False
48055-29391-00163-00-1,,10,37.3925144461,126.9068615556,부설,0.9,False,False,False
48287-29391-00016-00-1,해피하우스,7,,,부설,0.9,True,False,False
48429-29391-00069-00-1,,1,,,부설,0.9,False,False,False
49013-29391-00011-00-1,꿈마을아파트,606,37.3873790204,126.9698728787,부설,0.9,True,False,False
49127-29391-00012-00-1,,5,,,부설,0.9,False,False,False
49463-29391-00007-00-1,순흥빌딩,7,,,부설,0.9,True,False,False
49470-29391-00006-00-1,서동에이스빌,26,,,부설,0.9,True,False,False
50042-29391-00050-00-1,우석팰리스4차,10,,,부설,0.9,True,False,False
50055-29391-00020-00-1,아트빌딩,3,,,부설,0.9,True,False,False
50325-29391-00028-00-1,제네스빌,8,37.4014205662,126.9121226328,부설,0.9,True,False,False
50331-29391-00027-00-1,정보통신연구동,816,37.3729284093,126.9532870842,애매,0.3,False,False,False
50341-29391-00020-00-1,,47,37.3792709397,126.9241438356,애매,0.3,False,False,False
50367-29391-00024-00-1,로체그랑,3,,,애매,0.3,False,False,False
50422-29391-00232-00-1,이호드림파크빌,54,,,부설,0.9,True,False,False
50506-29391-00060-00-1,,2,37.394579776,126.9167788602,부설,0.9,False,False,False
50508-29391-00092-00-1,,49,37.3861777252,126.9463321237,애매,0.3,False,False,False
50509-29391-00072-00-1,,16,37.406657943,126.9180395691,애매,0.3,False,False,False
50539-29391-00042-00-1,,27,37.3966491735,126.9716219065,애매,0.3,False,False,False
50586-29391-00034-00-1,,8,37.4197629968,126.9090465272,부설,0.9,False,False,False
50600-29391-00414-00-1,우진아트빌,13,37.3722676166,126.9597091084,부설,0.9,True,False,False
50600-29391-00466-00-1,그랑메종,8,,,애매,0.3,False,False,False
50603-29391-00250-00-1,대성빌,7,,,부설,0.9,True,False,False
50652-29391-00123-00-1,),8,,,애매,0.3,False,False,False
50800-29391-00414-00-1,,7,,,부설,0.9,False,False,False
50820-29391-00080-00-1,(주)삼진,23,37.387540644,126.9400211561,부설,0.9,True,False,False
50849-29391-00181-00-1,수리산 현대홈타운,218,37.3854115961,126.9033834572,부설,0.9,True,False,False
50850-29391-00399-00-1,무궁화아파트,299,37.3829849608,126.9562030518,부설,0.9,True,False,False
50851-29391-00274-00-1,쉐르빌,26,37.4076706834,126.9129873123,부설,0.9,True,False,False
50857-29391-00169-00-1,경남아파트,507,37.3836522996,126.9578015351,부설,0.9,True,False,False
50875-29391-00743-00-1,그린빌,16,37.3911041362,126.9256496367,부설,0.9,True,False,False
50875-29391-00745-00-1,,12,37.4026832775,126.9618794094,애매,0.3,False,False,False
50876-29391-00106-00-1,,1,37.4224946914,126.9240957357,부설,0.9,False,False,False
50877-29391-00499-00-1,범계중학교,42,37.3844695523,126.9554117773,부설,0.9,True,False,False
50877-29391-00535-00-1,평촌고등학교,44,37.3861740208,126.9547061569,부설,0.9,True,False,False
50969-29391-00149-00-1,만안감리교회,9,37.4070071497,126.9124685112,부설,0.9,True,False,False
50985-29391-00002-00-1,,13,37.3862053164,126.9436627113,애매,0.3,False,False,False
51012-29391-00171-00-1,스타빌리지,8,37.4111383737,126.9137604379,부설,0.9,True,False,False
51102-29391-00049-00-1,석수e-편한세상아파트,2201,37.414984226,126.914176246,부설,0.9,True,False,False
51112-29391-00081-00-1,안양동 755-2 단독주택 (정경아),5,37.3926222565,126.9111391376,부설,0.9,True,False,False
51115-29391-00067-00-1,꿈마을아파트,539,37.3848412876,126.9681530475,부설,0.9,True,False,False
51162-29391-00080-00-1,,20,37.3931202844,126.969662792,애매,0.3,False,False,False
51229-29391-00090-00-1,조양타운,12,37.4059883592,126.9140554882,부설,0.9,True,False,False
51390-29391-00032-00-1,공작아파트,460,37.3993375052,126.958375503,부설,0.9,True,False,False
51735-29391-00014-00-1,삼막뜰,6,,,애매,0.3,False,False,False
51782-29391-00017-00-1,"안양여자상업,안양외국어고등학교",78,37.3954789553,126.9093695031,부설,0.9,True,False,False
51791-29391-00031-00-1,,26,37.3871465954,126.9376953205,애매,0.3,False,False,False
52000-29391-00041-00-1,청명조은빌,8,,,부설,0.9,True,False,False
52003-29391-00026-00-1,최동근차량검사장,6,37.3827619217,126.9483037662,애매,0.3,False,False,False
52003-29391-00035-00-1,리더스파크,8,37.4194168507,126.929995788,부설,0.9,True,False,False
52007-29391-00033-00-1,(주)휴비츠,35,37.3703426476,126.9493509205,부설,0.9,True,False,False
52059-29391-00032-00-1,한신휴플러스 타운,193,37.4047724351,126.9074924377,부설,0.9,True,False,False
52061-29391-00097-00-1,구외직업훈련장,15,37.3716492353,126.9644646464,애매,0.3,False,False,False
52062-29399-00063-00-1,,0,37.3964163434,126.9197989374,부설,0.9,False,False,False
52063-29391-00060-00-1,수자인,20,37.4069153747,126.9647958817,애매,0.3,False,False,False
52073-29391-00056-00-1,아리랑1차아파트,6,37.4068458338,126.9613893589,부설,0.9,True,False,False
52073-29391-00078-00-1,,6,,,부설,0.9,False,False,False
52104-29391-00022-00-1,,2,,,부설,0.9,False,False,False
52248-29391-00022-00-1,안차랑12차,12,,,애매,0.3,False,False,False
52412-29391-00001-00-1,관악산현대홈타운,381,37.4207600809,126.9121678207,부설,0.9,True,False,False
52413-29391-00035-00-1,가야에이스9차,12,,,애매,0.3,False,False,False
52510-29391-00076-00-1,향촌아파트,645,37.3869695249,126.962108689,부설,0.9,True,False,False
52532-29391-00080-00-1,청담벨리체,12,37.4165451439,126.9098095365,애매,0.3,False,False,False
52539-29391-00071-00-1,안양감리교회,161,37.3901080036,126.9425305478,부설,0.9,True,False,False
52547-29391-00152-00-1,안양서초등학교,24,37.397228154,126.9109710737,부설,0.9,True,False,False
52547-29391-00209-00-1,메가빌딩,11,,,부설,0.9,True,False,False
52562-29391-00168-00-1,하이트타운아파트,42,,,부설,0.9,True,False,False
52648-29391-00124-00-1,호계동 1006-10 근린생활시설,1,37.3680612811,126.9587043676,부설,0.9,True,False,False
52648-29391-00132-00-1,한솔씨티빌,10,37.3984877308,126.9133277057,부설,0.9,True,False,False
52703-29391-00084-00-1,로체 그랑,6,37.4166536544,126.9103200044,애매,0.3,False,False,False
52727-29391-00054-00-1,가야에이스빌7차,8,37.4141317111,126.9164816101,부설,0.9,True,False,False
52757-29391-00026-00-1,훼미리타운,10,37.3836306344,126.9278882088,부설,0.9,True,False,False
52812-29391-00053-00-1,농림축산검역본부,40,37.3902811354,126.9294627832,부설,0.9,True,False,False
52850-29391-00067-00-1,우일산업(주),32,37.3882344717,126.9366419918,부설,0.9,True,False,False
53020-29391-00052-00-1,신우메르디앙아파트,12,,,부설,0.9,True,False,False
53023-29391-00047-00-1,티엔엘 하우스,3,37.4169345799,126.9201024013,부설,0.9,True,False,False
53025-29391-00082-00-1,"안양여자중,고등학교",24,37.4034530174,126.9167554946,부설,0.9,True,False,False
53040-29391-00037-00-1,편안한집,7,,,애매,0.3,False,False,False
53042-29391-00042-00-1,,3,37.3995854106,126.91121675,부설,0.9,False,False,False
53057-29391-00017-00-1,풍경채,12,37.3919154385,126.9059408123,애매,0.3,False,False,False
53064-29391-00074-00-1,우성팰리스,16,37.3885511923,126.9084563999,부설,0.9,True,False,False
53072-29391-00042-00-1,,1,,,부설,0.9,False,False,False
53209-29391-00138-00-1,호림빌,4,37.4050838897,126.9142688613,부설,0.9,True,False,False
53227-29391-00006-00-1,에디스,20,37.4019618363,126.9130119844,애매,0.3,False,False,False
53237-29391-00064-00-1,(주)두비원,27,37.389107808,126.9388184088,부설,0.9,True,False,False
53243-29391-00030-00-1,유 앤 어스 빌,20,,,부설,0.9,True,False,False
53261-29391-00013-00-1,,1,37.4003115446,126.961126174,부설,0.9,False,False,False
53329-29391-00145-00-1,안양퍼스트프리미엄B,11,37.4046732825,126.9197720661,애매,0.3,False,False,False
54002-29391-00289-00-1,점포주택,5,,,부설,0.9,True,False,False
54002-29391-00312-00-1,,56,,,애매,0.3,False,False,False
54031-29391-00013-00-1,호계동 현대아파트,206,37.3642320221,126.9645810299,부설,0.9,True,False,False
54053-29391-00008-00-1,,7,37.4153086918,126.9094766513,부설,0.9,False,False,False
54065-29391-00091-00-1,신호안차랑16차,8,,,애매,0.3,False,False,False
54070-29391-00014-00-1,,2,37.4013585367,126.9212754591,부설,0.9,False,False,False
54072-29391-00022-00-1,진영빌,2,,,부설,0.9,True,False,False
54093-29391-00006-00-1,세전사,19,37.3849087102,126.9381849716,애매,0.3,False,False,False
54150-29391-00044-00-1,궁전빌라,5,37.4013459121,126.9041716622,부설,0.9,True,False,False
54151-29391-00096-00-1,,6,,,부설,0.9,False,False,False
54179-29391-00012-00-1,두온 연립주택,19,,,부설,0.9,True,False,False
54347-29391-00098-00-1,로체그랑,13,,,애매,0.3,False,False,False
54509-29391-00010-00-1,이룸렉스힐,28,,,애매,0.3,False,False,False
54520-29391-00061-00-1,,11,,,애매,0.3,False,False,False
54540-29391-00035-00-1,영원해밀리지7차,14,37.4038691781,126.9523733592,애매,0.3,False,False,False
54553-29391-00098-00-1,,8,,,부설,0.9,False,False,False
54571-29391-00013-00-1,휴리움,19,,,애매,0.3,False,False,False
54582-29391-00081-00-1,라온캐슬,8,,,부설,0.9,True,False,False
54601-29391-00031-00-1,예다인,12,37.4017546453,126.9106539996,애매,0.3,False,False,False
54610-29391-00017-00-1,비산팰리스,19,37.4000526435,126.9445423083,부설,0.9,True,False,False
54645-29391-00150-00-1,,3,37.4097593552,126.8856094177,부설,0.9,False,False,False
54803-29391-00026-00-1,평촌자이엘라,428,,,애매,0.3,False,False,False
54810-29391-00074-00-1,,4,37.3874927657,126.9453420036,부설,0.9,False,False,False
54846-29391-00042-00-1,새안양주유소,3,37.3956553101,126.9754890954,애매,0.3,False,False,False
54846-29391-00044-00-1,,39,37.3776972657,126.9549144853,애매,0.3,False,False,False
54847-29391-00031-00-1,현대캐슬2차,10,37.3941332534,126.9283750423,부설,0.9,True,False,False
54862-29391-00018-00-1,박달동 923-1 단독주택,6,37.410458037,126.885084245,부설,0.9,True,False,False
54869-29391-00118-00-1,옵틱빌딩,5,,,부설,0.9,True,False,False
54869-29391-00126-00-1,샤르망,8,,,애매,0.3,False,False,False
54965-29391-00230-00-1,베스트빌B동,6,37.3947590888,126.9207267398,부설,0.9,True,False,False
54974-29391-00146-00-1,지앤에코타운,21,,,부설,0.9,True,False,False
55000-29391-00057-00-1,삼성I파크,20,37.4065186269,126.9098441464,부설,0.9,True,False,False
55003-29391-00017-00-1,좋은집,20,37.411379934,126.9189787389,애매,0.3,False,False,False
55019-29391-00215-00-1,,4,,,부설,0.9,False,False,False
55043-29391-00058-00-1,중촌경로당,4,,,비부설,0.9,False,True,False
55047-29391-00023-00-1,미영팰리스,8,37.4076437572,126.910710259,부설,0.9,True,False,False
55064-29391-00002-00-1,주식회사 노루페인트,165,37.4059636495,126.8926450768,부설,0.9,True,False,False
55072-29391-00101-00-1,미담채,8,,,애매,0.3,False,False,False
55098-29391-00018-00-1,써니하우스,16,37.3914447407,126.9077662895,부설,0.9,True,False,False
55126-29391-00087-00-1,수성빌라,8,37.4059600304,126.9535918754,부설,0.9,True,False,False
55126-29391-00092-00-1,,155,37.4049892485,126.8873741191,애매,0.3,False,False,False
55319-29391-00224-00-1,넥센타이어 안양  석수점,2,37.4297212278,126.9047094616,애매,0.3,False,False,False
55331-29391-00058-00-1,삼성산터널 시점부 전기실,4,,,애매,0.3,False,False,False
55335-29391-00127-00-1,그라시아빌,10,37.3840845181,126.9275083788,부설,0.9,True,False,False
55364-29391-00077-00-1,,22,37.3827330994,126.927699374,애매,0.3,False,False,False
55413-29391-00016-00-1,석수3동 행정복지센터 및 충훈공영주차장,122,,,비부설,0.9,False,True,False
55602-29391-00019-00-1,,8,37.4060897542,126.9147195083,부설,0.9,False,False,False
55617-29391-00008-00-1,에이치에이치아이 브라운빌 3차,152,37.3766516854,126.9538989738,부설,0.9,True,False,False
55631-29391-00043-00-1,가온누리아파트,18,,,부설,0.9,True,False,False
55736-29391-00068-00-1,,3,,,부설,0.9,False,False,False
55766-29391-00039-00-1,,28,37.3875599665,126.9083266173,애매,0.3,False,False,False
55766-29391-00049-00-1,,7,37.4239258835,126.9141118132,부설,0.9,False,False,False
55766-29391-00061-00-1,태양당인쇄(주),24,37.4317718743,126.9002596996,부설,0.9,True,False,False
55771-29391-00028-00-1,,36,37.4031521684,126.9630131286,애매,0.3,False,False,False
55805-29391-00012-00-1,안디옥교회,7,37.4046886724,126.9110571221,부설,0.9,True,False,False
55907-29391-00002-00-1,무궁화아파트,500,37.3801591409,126.9556446645,부설,0.9,True,False,False
56013-29391-00013-00-1,제이디바움,15,37.4160409315,126.9102800682,애매,0.3,False,False,False
56021-29391-00007-00-1,도담 빌,7,,,부설,0.9,True,False,False
56032-29391-00025-00-1,,1,37.4003730872,126.9303161848,부설,0.9,False,False,False
56138-29391-00005-00-1,노블리앙비씨,8,37.3952924471,126.9262237122,애매,0.3,False,False,False
56140-29391-00021-00-1,관양동 1701 (대한예수교장로회안양교회),55,,,부설,0.9,True,False,False
56155-29391-00060-00-1,엘엠디지털(주),33,37.3849587948,126.94471151,부설,0.9,True,False,False
56189-29391-00068-00-1,그랑뷰Villa,8,,,애매,0.3,False,False,False
56301-29391-00091-00-1,,6,37.3969480079,126.9122724112,부설,0.9,False,False,False
56327-29391-00011-00-1,관양1동 행정복지센터,28,,,비부설,0.9,False,True,False
56428-29391-00059-00-1,,4,37.4138756589,126.916251456,부설,0.9,False,False,False
56441-29391-00027-00-1,현진에버빌,162,37.4305085473,126.902295105,부설,0.9,True,False,False
57024-29391-00008-00-1,이룸빌리지,26,37.426756375,126.9159162491,부설,0.9,True,False,False
57031-29391-00014-00-1,은하수아파트,318,37.394013936,126.9483909011,부설,0.9,True,False,False
57126-29391-00011-00-1,세봉자동차공업사,7,37.4010900016,126.9610489721,애매,0.3,False,False,False
57167-29391-00006-00-1,호산아파트,119,37.3861962366,126.9474251612,부설,0.9,True,False,False
57207-29391-00011-00-1,비산초등학교,35,37.405331911,126.9430384791,부설,0.9,True,False,False
57248-29391-00178-00-1,,7,,,부설,0.9,False,False,False
57346-29391-00009-00-1,,270,37.4082835875,126.9509293024,애매,0.3,False,False,False
57527-29391-00013-00-1,훼미리타운,8,,,부설,0.9,True,False,False
57537-29391-00023-00-1,은탑빌라,7,37.400663622,126.8985119716,부설,0.9,True,False,False
57604-29391-00033-00-1,파크에비뉴A타워,95,37.4058073434,126.9724271597,부설,0.9,True,False,False
57648-29391-00042-00-1,관양중학교,21,37.4054579111,126.9603283658,부설,0.9,True,False,False
57660-29391-00038-00-1,단독주택,5,37.409714344,126.8838022269,부설,0.9,True,False,False
57707-29391-00061-00-1,태하메카트로닉스(주),50,37.4022861528,126.8993229699,부설,0.9,True,False,False
57777-29391-00100-00-1,안양양지초등학교,56,,,부설,0.9,True,False,False
57778-29391-00015-00-1,삼성타운,24,37.4248306714,126.9143412516,부설,0.9,True,False,False
57816-29391-00032-00-1,,4,,,부설,0.9,False,False,False
57907-29391-00015-00-1,덕영,7,,,애매,0.3,False,False,False
57919-29391-00162-00-1,삼성I파크,14,,,부설,0.9,True,False,False
57925-29391-00028-00-1,씨제이프레시웨이주식회사,40,37.4090720939,126.8905984557,부설,0.9,True,False,False
57938-29391-00069-00-1,평촌공업고등학교,72,37.3746040789,126.9627742522,부설,0.9,True,False,False
57945-29391-00064-00-1,영신빌딩,13,,,부설,0.9,True,False,False
57956-29391-00082-00-1,대안여자중학교/안양샘유치원/평,60,37.3772466198,126.9651891143,부설,0.9,True,False,False
57999-29391-00096-00-1,,3,,,부설,0.9,False,False,False
58011-29391-00050-00-1,하이원빌5차,27,,,부설,0.9,True,False,False
58013-29391-00046-00-1,,10,37.3830695856,126.9298669952,부설,0.9,False,False,False
58023-29391-00023-00-1,제이스하우스,1,,,부설,0.9,True,False,False
58027-29391-00190-00-1,,3,37.394019975,126.9203164523,부설,0.9,False,False,False
58027-29391-00286-00-1,평촌더샵아이파크,1535,,,부설,0.9,True,False,False
58132-29391-00054-00-1,꿈에그린,8,37.4039818616,126.9154086037,애매,0.3,False,False,False
58148-29391-00151-00-1,,5,37.4179936861,126.9193782927,부설,0.9,False,False,False
58160-29391-00014-00-1,호계 금정역 SK V1 center,430,,,애매,0.3,False,False,False
58208-29391-00113-00-1,안양본당 부속동,4,,,애매,0.3,False,False,False
58214-29391-00090-00-1,,3,37.4088439164,126.8856062915,부설,0.9,False,False,False
58227-29391-00100-00-1,삼막빌딩,5,37.4234485104,126.9118890232,부설,0.9,True,False,False
58242-29391-00054-00-1,스타25,5,,,애매,0.3,False,False,False
58264-29391-00011-00-1,대산자동차정비공장,13,37.3964102395,126.9674886199,부설,0.9,True,False,False
58313-29391-00017-00-1,,2,,,부설,0.9,False,False,False
58425-29391-00002-00-1,비산동 42-2 제2종근린생활시설 (조영연),2,,,부설,0.9,True,False,False
58427-29391-00031-00-1,,6,37.4061563864,126.9701499917,부설,0.9,False,False,False
58521-29391-00080-00-1,제이하우스,13,,,부설,0.9,True,False,False
58557-29391-00004-00-1,마이바움,8,,,애매,0.3,False,False,False
58559-29391-00022-00-1,,22,37.405197352,126.9687995264,애매,0.3,False,False,False
58578-29391-00075-00-1,뉴캐슬,18,37.4237076588,126.9114277825,부설,0.9,True,False,False
58604-29391-00047-00-1,골든클래스,8,37.4031087749,126.9525184085,애매,0.3,False,False,False
58607-29391-00027-00-1,,7,37.4044130936,126.9614357855,부설,0.9,False,False,False
58674-29391-00126-00-1,이화,6,37.3992535475,126.9326121223,애매,0.3,False,False,False
58733-29391-00067-00-1,미영팰리스,10,37.4066142564,126.9076663738,부설,0.9,True,False,False
58762-29391-00027-00-1,승승빌딩,4,,,부설,0.9,True,False,False
58763-29391-00098-00-1,미라벨파크B,12,,,부설,0.9,True,False,False
58824-29391-00063-00-1,,32,,,애매,0.3,False,False,False
58918-29391-00012-00-1,동편마을,1173,37.4130834836,126.9703731608,애매,0.3,False,False,False
58936-29391-00011-00-1,지안주택,5,,,부설,0.9,True,False,False
58952-29391-00002-00-1,대림 한숲타운 아파트,684,37.4039705871,126.8926388847,부설,0.9,True,False,False
59016-29391-00019-00-1,꿀향기 하우스,9,,,부설,0.9,True,False,False
59049-29391-00036-00-1,.,3,37.379692281,126.9357413927,애매,0.3,False,False,False
59049-29391-00050-00-1,가야빌리지,21,,,부설,0.9,True,False,False
59116-29391-00109-00-1,양지캐슬,17,37.3929725269,126.9073217375,부설,0.9,True,False,False
59158-29391-00042-00-1,엠투아이코퍼레이션 사옥,126,,,부설,0.9,True,False,False
59227-29391-00053-00-1,만안택시쉼터,1,,,애매,0.3,False,False,False
59233-29391-00027-00-1,라인 빌,7,37.3999291758,126.9181191786,부설,0.9,True,False,False
59340-29391-00008-00-1,꿈마을 아파트,517,37.3865963981,126.9678451653,부설,0.9,True,False,False
59455-29391-00052-00-1,B&G,18,,,애매,0.3,False,False,False
59538-29391-00036-00-1,하늘채,11,,,애매,0.3,False,False,False
59619-29391-00202-00-1,관양그랜드지오,24,,,애매,0.3,False,False,False
59619-29392-00160-00-1,관양동 1603-8 한솔프라자 (김연경),57,37.393402785,126.961974453,부설,0.9,True,False,False
59621-29391-00064-00-1,베아누체,8,,,애매,0.3,False,False,False
59624-29391-00086-00-1,세강파크빌3차,8,,,부설,0.9,True,False,False
59632-29391-00023-00-1,비산롯데캐슬,1008,37.398421342,126.9399266542,부설,0.9,True,False,False
59640-29391-00225-00-1,,1,,,부설,0.9,False,False,False
59654-29391-00109-00-1,우리하우스,6,,,부설,0.9,True,False,False
59715-29391-00019-00-1,동서아리따움,21,37.3912105666,126.9078840194,애매,0.3,False,False,False
59724-29391-00018-00-1,(주)이엠텍 안양 평촌공장,120,37.3977582262,126.9677003569,부설,0.9,True,False,False
59747-29391-00030-00-1,신호안차랑 10차,14,,,애매,0.3,False,False,False
59754-29391-00032-00-1,,6,,,부설,0.9,False,False,False
59769-29391-00240-00-1,대경아트빌라,8,37.3908219252,126.9134494573,부설,0.9,True,False,False
59771-29391-00069-00-1,,4,37.4027740964,126.9537835851,부설,0.9,False,False,False
61015-29391-00032-00-1,삼덕빌딩,31,,,부설,0.9,True,False,False
61016-29391-00026-00-1,남영라끄빌,28,37.4064994543,126.9181707625,부설,0.9,True,False,False
61035-29391-00164-00-1,그린힐빌리지A동,11,,,부설,0.9,True,False,False
61075-29391-00044-00-1,꿈에그린5차,10,,,애매,0.3,False,False,False
61111-29391-00036-00-1,,11,37.408892824,126.8840158464,애매,0.3,False,False,False
61122-29391-00115-00-1,한진주유소,3,37.3946021307,126.9289482859,애매,0.3,False,False,False
61402-29391-00011-00-1,하이원빌6차,42,,,부설,0.9,True,False,False
61491-29391-00009-00-1,삼성래미안 아파트,505,37.3930610352,126.978963629,부설,0.9,True,False,False
61492-29391-00028-00-1,GS 금성주유소,6,37.3961215361,126.9661470963,애매,0.3,False,False,False
61635-29391-00021-00-1,우석팰리스3차,11,,,부설,0.9,True,False,False
61639-29391-00062-00-1,팰리세이드,20,,,애매,0.3,False,False,False
61665-29391-00039-00-1,,4,,,부설,0.9,False,False,False
61688-29391-00017-00-1,안양시노인종합복지관,17,,,애매,0.3,False,False,False
61761-29391-00026-00-1,미영팰리스,8,37.388328596,126.9309506614,부설,0.9,True,False,False
61965-29391-00045-00-1,,7,37.4023117702,126.9134723858,부설,0.9,False,False,False
61998-29391-00070-00-1,로얄팰리스,12,,,부설,0.9,True,False,False
62071-29391-00052-00-1,,9,37.3990361067,126.9762875936,부설,0.9,False,False,False
62253-29391-00053-00-1,,1,37.3991502441,126.9228092067,부설,0.9,False,False,False
62298-29391-00132-00-1,,3,,,부설,0.9,False,False,False
62301-29391-00033-00-1,신기중학교,48,37.3787331575,126.9590824018,부설,0.9,True,False,False
62316-29391-00047-00-1,,1,37.4047748976,126.889380366,부설,0.9,False,False,False
62334-29391-00034-00-1,병진빌딩,7,,,부설,0.9,True,False,False
62411-29391-00002-00-1,호계1차 현대홈타운,692,37.3860490928,126.9488480337,부설,0.9,True,False,False
62415-29392-00100-00-1,카토릭복지센터,39,37.3968709339,126.920503164,애매,0.3,False,False,False
62420-29391-00114-00-1,,2,,,부설,0.9,False,False,False
62420-29391-00124-00-1,,3,,,부설,0.9,False,False,False
62465-29391-00022-00-1,지앤팰리스,24,37.3925935043,126.9065678449,부설,0.9,True,False,False
63003-29391-00060-00-1,효성아파트,357,37.3929922399,126.9049140749,부설,0.9,True,False,False
63007-29391-00038-00-1,정지윤 근생 및 주택,4,37.3941994323,126.9763433239,부설,0.9,True,False,False
63012-29391-00090-00-1,,3,,,부설,0.9,False,False,False
63035-29391-00121-00-1,,5,,,부설,0.9,False,False,False
63036-29391-00161-00-1,알파돔,71,37.3888869414,126.9304578073,애매,0.3,False,False,False
63037-29391-00129-00-1,드림캐슬,8,,,부설,0.9,True,False,False
63050-29391-00139-00-1,,1,,,부설,0.9,False,False,False
63053-29391-00047-00-1,삼성아파트,288,37.4133201043,126.9155110626,부설,0.9,True,False,False
63056-29391-00094-00-1,박달중학교,47,37.3992603381,126.897014047,부설,0.9,True,False,False
63065-29391-00077-00-1,해피타운빌,8,,,부설,0.9,True,False,False
63070-29391-00182-00-1,경인교육대학교 경기캠퍼스,579,37.4336483482,126.9173322102,부설,0.9,True,False,False
63077-29391-00228-00-1,일곡숲연립주택,60,,,부설,0.9,True,False,False
63083-29391-00032-00-1,영원해밀리지5차,8,37.3876142182,126.973784354,애매,0.3,False,False,False
63098-29391-00084-00-1,이레빌리지,8,37.4131618037,126.9109793291,부설,0.9,True,False,False
63113-29391-00089-00-1,거성아우룸팰리스,113,37.4063083716,126.972689017,부설,0.9,True,False,False
63114-29391-00046-00-1,,20,37.3942405888,126.9214590755,애매,0.3,False,False,False
63118-29391-00019-00-1,안양 비산 대주파크빌,131,37.3997322315,126.9452969754,부설,0.9,True,False,False
63118-29391-00059-00-1,벌말초등학교,43,37.3936776244,126.9806619193,부설,0.9,True,False,False
63123-29391-00096-00-1,,2,37.3957196663,126.973108452,부설,0.9,False,False,False
63132-29391-00020-00-1,신안초등학교,33,37.3899474276,126.9152391799,부설,0.9,True,False,False
63132-29391-00021-00-1,한가람아파트,341,37.3985185142,126.9559907276,부설,0.9,True,False,False
63142-29391-00040-00-1,,6,37.3925853585,126.9315204315,부설,0.9,False,False,False
63142-29391-00041-00-1,,8,37.383313018,126.947553638,부설,0.9,False,False,False
63142-29391-00042-00-1,무궁화아파트,642,37.3822491155,126.9545865722,부설,0.9,True,False,False
63145-29391-00171-00-1,,2,37.3957159888,126.9727877243,부설,0.9,False,False,False
63147-29391-00157-00-1,,8,,,부설,0.9,False,False,False
63148-29391-00095-00-1,,2,37.371305612,126.9605721494,부설,0.9,False,False,False
63153-29391-00037-00-1,,3,37.3762731279,126.9535740431,부설,0.9,False,False,False
63209-29391-00024-00-1,,4,,,부설,0.9,False,False,False
63213-29391-00041-00-1,지앤팰리스 4차,4,37.3927342633,126.9068206294,부설,0.9,True,False,False
63230-29391-00127-00-1,예가빌,8,,,부설,0.9,True,False,False
63231-29391-00113-00-1,"아카데미테마타운5동,6동",8,37.4014476169,126.9007607051,부설,0.9,True,False,False
63240-29391-00109-00-1,,1,37.3842922707,126.9379189968,부설,0.9,False,False,False
63240-29391-00183-00-1,미담채,8,,,애매,0.3,False,False,False
63247-29391-00128-00-1,조양위너스,7,,,애매,0.3,False,False,False
63300-29391-00061-00-1,,197,,,애매,0.3,False,False,False
63306-29391-00028-00-1,해피하우스,8,,,부설,0.9,True,False,False
63325-29391-00072-00-1,로체타운,14,37.3869534429,126.9337658786,부설,0.9,True,False,False
63334-29391-00002-00-1,,10,37.4137209615,126.9166447282,부설,0.9,False,False,False
63336-29391-00077-00-1,햇살마을,8,37.3868962708,126.9284270949,애매,0.3,False,False,False
63336-29391-00086-00-1,신용빌딩,7,37.387790607,126.9292934768,부설,0.9,True,False,False
63336-29391-00144-00-1,명도에코빌,12,,,부설,0.9,True,False,False
63341-29391-00162-00-1,,5,,,부설,0.9,False,False,False
63343-29391-00009-00-1,(주)케미코스 안양공장,23,37.3858026994,126.9385184746,부설,0.9,True,False,False
63343-29391-00010-00-1,,13,37.4074055499,126.892941208,애매,0.3,False,False,False
63343-29391-00011-00-1,안양제일교회,121,37.397468072,126.9242565045,부설,0.9,True,False,False
63343-29391-00012-00-1,부림중학교,43,37.3977102055,126.9533981958,부설,0.9,True,False,False
63343-29391-00014-00-1,,20,37.3854457683,126.9456190078,애매,0.3,False,False,False
63343-29391-00165-00-1,,6,,,부설,0.9,False,False,False
63355-29391-00036-00-1,,1,37.3906883651,126.9427424041,부설,0.9,False,False,False
63357-29391-00028-00-1,인덕원대림아파트,175,37.3933667715,126.9757699051,부설,0.9,True,False,False
63357-29391-00104-00-1,덕천디스퀘어,29,,,애매,0.3,False,False,False
63363-29391-00027-00-1,,2,37.4000097757,126.9793005044,부설,0.9,False,False,False
63363-29391-00114-00-1,디어스 빌딩,220,,,부설,0.9,True,False,False
63500-29391-00019-00-1,호성초등학교,32,37.3662462632,126.9630944697,부설,0.9,True,False,False
63500-29391-00071-00-1,로체그랑,11,,,애매,0.3,False,False,False
63501-29391-00087-00-1,청명리버빌,29,37.3936739328,126.9101892871,부설,0.9,True,False,False
63504-29391-00023-00-1,삼성빌리지,20,37.4257192117,126.917060744,부설,0.9,True,False,False
63525-29391-00008-00-1,,2,37.403504446,126.9181469128,부설,0.9,False,False,False
63530-29391-00058-00-1,한신휴플러스타운,471,37.4049083327,126.9061504661,부설,0.9,True,False,False
63536-29391-00025-00-1,명학꿈에그린아파트,22,,,부설,0.9,True,False,False
63537-29391-00020-00-1,수리산성원상떼빌2차,447,37.3927603671,126.9177159179,부설,0.9,True,False,False
63537-29391-00081-00-1,,19,,,애매,0.3,False,False,False
63556-29391-00038-00-1,벨라지오,8,,,애매,0.3,False,False,False
63569-29391-00124-00-1,주식회사 신기원,13,37.3871703363,126.9418507538,부설,0.9,True,False,False
63569-29391-00203-00-1,시그니처,47,,,애매,0.3,False,False,False
63571-29391-00050-00-1,삼륙인쇄(주),17,37.3821011567,126.9382550236,부설,0.9,True,False,False
63578-29391-00088-00-1,(주)빅솔,11,37.3813622535,126.9381336853,부설,0.9,True,False,False
63579-29391-00102-00-1,,4,,,부설,0.9,False,False,False
63588-29391-00114-00-1,더샤인빌,16,,,부설,0.9,True,False,False
63606-29391-00118-00-1,리치하우스,24,,,부설,0.9,True,False,False
63610-29391-00106-00-1,로체샤르빌,11,,,부설,0.9,True,False,False
63610-29391-00120-00-1,미영팰리스,22,,,부설,0.9,True,False,False
63615-29391-00050-00-1,,23,37.4188586768,126.8922516204,애매,0.3,False,False,False
63617-29391-00146-00-1,귀인동주민센터 별관,9,,,비부설,0.9,False,True,False
63619-29391-00064-00-1,,4,37.3920248198,126.9703678992,부설,0.9,False,False,False
63624-29391-00181-00-1,안양시노인종합복지관,17,,,애매,0.3,False,False,False
63625-29391-00096-00-1,,15,37.4141704847,126.9204442187,애매,0.3,False,False,False
63626-29391-00056-00-1,석수2차e-편한세상,238,37.4315556844,126.9046935779,애매,0.3,False,False,False
63626-29391-00104-00-1,안양 YMCA 회관,13,,,애매,0.3,False,False,False
63630-29391-00052-00-1,W 에이스타워,156,37.396640766,126.9670006449,부설,0.9,True,False,False
63630-29391-00072-00-1,로체샤르빌,10,37.4029817894,126.9599818048,부설,0.9,True,False,False
63632-29391-00064-00-1,신호안차랑9차,8,37.4023079044,126.9131154916,애매,0.3,False,False,False
63632-29391-00066-00-1,어반케슬,8,37.4314627474,126.9056518203,애매,0.3,False,False,False
63633-29391-00179-00-1,,7,,,부설,0.9,False,False,False
63634-29391-00064-00-1,베네치아,13,37.40234084,126.9617259808,애매,0.3,False,False,False
63637-29391-00074-00-1,헤아교회(헤븐관),2,,,부설,0.9,True,False,False
10030-29391-00253-00-1,새중앙교회,245,37.389134765,126.9721215998,부설,0.9,True,False,False
10043-29391-00166-00-1,평촌동 87-5 방송통신시설(주식회사 케이티),60,37.3937629913,126.9746720997,부설,0.9,True,False,False
10045-29391-00164-00-1,알프스타운,8,,,부설,0.9,True,False,False
10049-29391-00448-00-1,,1,37.383248322,126.9335658924,부설,0.9,False,False,False
10049-29391-00666-00-1,삼성원시티,33,,,애매,0.3,False,False,False
10064-29391-00211-00-1,정원빌딩,8,,,부설,0.9,True,False,False
10065-29391-00142-00-1,라움캐슬,8,,,부설,0.9,True,False,False
10068-29391-00064-00-1,로얄팰리스2차,8,,,부설,0.9,True,False,False
10068-29391-00201-00-1,00부대 독신숙소,35,,,애매,0.3,False,False,False
10069-29391-00120-00-1,엘림하우스 2단지,49,,,부설,0.9,True,False,False
10072-29391-00171-00-1,안양초등학교,77,37.3944787781,126.9276067835,부설,0.9,True,False,False
10086-29391-00023-00-1,삼성팰리스,8,,,부설,0.9,True,False,False
10095-29391-00033-00-1,,6,,,부설,0.9,False,False,False
10110-29391-00059-00-1,BK전자공장,134,37.3912502549,126.971651044,부설,0.9,True,False,False
10121-29391-00167-00-1,(주)프로텍이노션 알앤디센터,27,,,부설,0.9,True,False,False
10123-29391-00089-00-1,덕현초등학교,22,37.3757824189,126.9621414139,부설,0.9,True,False,False
10123-29391-00106-00-1,,8,,,부설,0.9,False,False,False
10126-29391-00070-00-1,신호안차랑 11차,8,,,애매,0.3,False,False,False
10202-29391-00113-00-1,한마음아파트,656,37.3901849693,126.9452271247,부설,0.9,True,False,False
10204-29391-00118-00-1,,8,37.4010666373,126.9472656924,부설,0.9,False,False,False
10205-29391-00230-00-1,대안중학교,30,37.3778671005,126.9672030702,부설,0.9,True,False,False
10206-29391-00056-00-1,안양복음교회,9,37.3845370397,126.9049112028,부설,0.9,True,False,False
10245-29391-00056-00-1,안양평강교회,19,37.3849690575,126.9300594426,부설,0.9,True,False,False
10246-29391-00286-00-1,라온캐슬6차,8,,,부설,0.9,True,False,False
10252-29391-00357-00-1,,5,37.4020562277,126.919052026,부설,0.9,False,False,False
10253-29391-00145-00-1,박달1차 한신휴플러스,179,37.4047345511,126.9051657916,애매,0.3,False,False,False
10259-29391-00124-00-1,효성안양공장,407,37.38227293,126.9429972109,부설,0.9,True,False,False
10264-29391-00333-00-1,(주)이오테크닉스,14,37.3972826724,126.9683872064,부설,0.9,True,False,False
10274-29391-00043-00-1,,2,37.3663778648,126.9578563668,부설,0.9,False,False,False
10307-29391-00020-00-1,관악역 이안,339,37.4230421367,126.9083150101,애매,0.3,False,False,False
10312-29391-00150-00-1,초원아파트,784,37.3919728209,126.9647486656,부설,0.9,True,False,False
10325-29391-00086-00-1,금강빌리지,9,,,부설,0.9,True,False,False
10396-29391-00007-00-1,써니하우스,8,37.4024460866,126.9199596669,부설,0.9,True,False,False
10411-29391-00261-00-1,센트럴타워2,46,,,부설,0.9,True,False,False
10440-29391-00124-00-1,,10,,,부설,0.9,False,False,False
10519-29391-00001-00-1,석수초등학교,67,37.4062773311,126.9010525195,부설,0.9,True,False,False
10521-29391-00003-00-1,,6,37.4003229623,126.9049274015,부설,0.9,False,False,False
10551-29391-00121-00-1,화이트빌,7,37.4188628776,126.9317992646,부설,0.9,True,False,False
10554-29391-00099-00-1,다온빌리지,8,37.4059874276,126.9178144032,부설,0.9,True,False,False
10565-29391-00017-00-1,커뮤니티뷰,14,37.4052944915,126.916455277,애매,0.3,False,False,False
10596-29391-00148-00-1,,8,,,부설,0.9,False,False,False
10800-29391-00041-00-1,향촌아파트,385,37.3862083621,126.9599862045,부설,0.9,True,False,False
10801-29391-00360-00-1,,2,,,부설,0.9,False,False,False
10801-29391-00373-00-1,알프스타운,8,,,부설,0.9,True,False,False
10802-29391-00129-00-1,아트리움,7,,,애매,0.3,False,False,False
10804-29391-00160-00-1,,11,37.4057032175,126.9512969359,애매,0.3,False,False,False
10808-29391-00197-00-1,연리지,5,,,애매,0.3,False,False,False
10809-29391-00145-00-1,박달동한일유앤아이 아파트,377,37.4023750345,126.897899773,부설,0.9,True,False,False
10809-29391-00232-00-1,미담채,10,,,애매,0.3,False,False,False
10826-29391-00225-00-1,관양동 915-2 공장,8,37.3956973999,126.9704206612,부설,0.9,True,False,False
10827-29391-00105-00-1,"중앙하이츠빌라다,라동",8,37.3785112931,126.9379056971,부설,0.9,True,False,False
10829-29391-00040-00-1,,5,37.3717335409,126.9486771206,부설,0.9,False,False,False
10835-29391-00133-00-1,,4,37.386742627,126.9306630425,부설,0.9,False,False,False
10839-29391-00374-00-1,안양 센트럴 헤센 2차,690,,,애매,0.3,False,False,False
10843-29391-00052-00-1,,10,37.4015805134,126.9045869882,부설,0.9,False,False,False
10846-29391-00330-00-1,아트리움,7,,,애매,0.3,False,False,False
10846-29391-00360-00-1,우석팰리스5차,14,,,부설,0.9,True,False,False
10847-29391-00174-00-1,,3,,,부설,0.9,False,False,False
10858-29391-00533-00-1,더 파크,11,37.3914417354,126.9296017244,부설,0.9,True,False,False
10860-29391-00168-00-1,연성대학교,566,37.3974827008,126.9092044635,부설,0.9,True,False,False
10860-29391-00237-00-1,정우팰리스,8,37.4075101135,126.9544357886,부설,0.9,True,False,False
10863-29391-00638-00-1,해든팰리스,26,,,부설,0.9,True,False,False
10863-29392-00534-00-1,블루오션,72,,,애매,0.3,False,False,False
10864-29391-00281-00-1,삼성산터널 종점부 전기실,4,,,애매,0.3,False,False,False
10866-29391-00141-00-1,위너스,8,,,애매,0.3,False,False,False
10866-29391-00215-00-1,기둥팰리스,8,,,부설,0.9,True,False,False
10880-29391-00227-00-1,인덕원 대림2차 아파트,866,37.3915685478,126.9768545785,부설,0.9,True,False,False
10880-29391-00343-00-1,평촌더샵아이파크,15,,,부설,0.9,True,False,False
10880-29391-00359-00-1,은성빌리지,16,,,부설,0.9,True,False,False
10883-29391-00116-00-1,J하우스,24,37.4026069663,126.9726361477,부설,0.9,True,False,False
