ts_kst,parking_id,cell_cnt,park_count,compet_occ_500,compet_n_500,target_occ_pct
2026-09-04 09:45:34+09:00,3,88,88,19.642857142857142,1,100.0
2026-09-04 09:50:33+09:00,3,88,88,19.642857142857142,1,100.0
2026-09-04 09:55:33+09:00,3,88,88,19.642857142857142,1,100.0
2026-09-04 10:00:32+09:00,3,88,88,,0,100.0
2026-09-04 10:05:32+09:00,3,88,88,,0,100.0
2026-09-04 10:10:32+09:00,3,88,88,,0,100.0
2026-09-04 10:15:32+09:00,3,88,88,,0,100.0
2026-09-04 10:20:32+09:00,3,88,88,,0,100.0
2026-09-04 10:25:32+09:00,3,88,88,,0,100.0
2026-09-04 10:30:32+09:00,3,88,88,,0,100.0
2026-09-04 10:35:32+09:00,3,88,88,,0,100.0
2026-09-04 10:40:32+09:00,3,88,88,,0,100.0
2026-09-04 10:45:32+09:00,3,88,88,,0,100.0
2026-09-04 10:50:32+09:00,3,88,88,,0,100.0
2026-09-04 10:55:32+09:00,3,88,88,,0,100.0
2026-09-04 11:00:32+09:00,3,88,88,,0,100.0
2026-09-04 11:05:32+09:00,3,88,88,,0,100.0
2026-09-04 11:10:32+09:00,3,88,88,,0,100.0
2026-09-04 11:15:32+09:00,3,88,88,,0,100.0
2026-09-04 11:20:32+09:00,3,88,88,,0,100.0
2026-09-04 11:25:32+09:00,3,88,88,,0,100.0
2026-09-04 11:30:32+09:00,3,88,88,,0,100.0
2026-09-04 11:35:32+09:00,3,88,88,,0,100.0
2026-09-04 11:40:35+09:00,3,88,88,,0,100.0
2026-09-04 11:45:32+09:00,3,88,88,,0,100.0
2026-09-04 11:50:32+09:00,3,88,88,,0,100.0
2026-09-04 11:55:33+09:00,3,88,88,,0,100.0
2026-09-04 12:00:32+09:00,3,88,88,,0,100.0
2026-09-04 12:05:32+09:00,3,88,88,,0,100.0
2026-09-04 12:10:32+09:00,3,88,88,,0,100.0
2026-09-04 12:15:33+09:00,3,88,88,,0,100.0
2026-09-04 12:20:32+09:00,3,88,88,,0,100.0
2026-09-04 12:25:32+09:00,3,88,88,,0,100.0
2026-09-04 12:30:32+09:00,3,88,88,,0,100.0
2026-09-04 12:35:32+09:00,3,88,88,,0,100.0
2026-09-04 12:40:33+09:00,3,88,88,,0,100.0
2026-09-04 12:45:32+09:00,3,88,88,,0,100.0
2026-09-04 12:50:32+09:00,3,88,88,,0,100.0
2026-09-04 12:55:32+09:00,3,88,88,,0,100.0
2026-09-04 13:00:32+09:00,3,88,88,,0,100.0
2026-09-04 13:05:32+09:00,3,88,88,,0,100.0
2026-09-04 13:10:32+09:00,3,88,88,,0,100.0
2026-09-04 13:15:32+09:00,3,88,88,,0,100.0
2026-09-04 13:20:32+09:00,3,88,88,,0,100.0
2026-09-04 13:25:32+09:00,3,88,88,,0,100.0
2026-09-04 13:30:32+09:00,3,88,88,,0,100.0
2026-09-04 13:35:32+09:00,3,88,88,,0,100.0
2026-09-04 13:40:32+09:00,3,88,88,,0,100.0
2026-09-04 13:45:33+09:00,3,88,88,,0,100.0
2026-09-04 13:50:32+09:00,3,88,88,,0,100.0
2026-09-04 13:55:33+09:00,3,88,88,,0,100.0
2026-09-04 14:00:32+09:00,3,88,88,,0,100.0
2026-09-04 14:05:33+09:00,3,88,88,39.285714285714285,1,100.0
2026-09-04 14:10:32+09:00,3,88,88,37.5,1,100.0
2026-09-04 14:15:34+09:00,3,88,88,37.5,1,100.0
2026-09-04 14:20:34+09:00,3,88,88,37.5,1,100.0
2026-09-04 14:25:34+09:00,3,88,88,37.5,1,100.0
2026-09-04 14:30:32+09:00,3,88,88,37.5,1,100.0
2026-09-04 14:35:33+09:00,3,88,88,33.92857142857143,1,100.0
2026-09-04 14:40:32+09:00,3,88,88,33.92857142857143,1,100.0
2026-09-04 14:45:35+09:00,3,88,88,32.142857142857146,1,100.0
2026-09-04 14:50:34+09:00,3,88,88,26.785714285714285,1,100.0
2026-09-04 14:55:34+09:00,3,88,88,25.0,1,100.0
2026-09-04 15:00:32+09:00,3,88,88,26.785714285714285,1,100.0
2026-09-04 15:05:33+09:00,3,88,88,25.0,1,100.0
2026-09-04 15:10:33+09:00,3,88,88,26.785714285714285,1,100.0
2026-09-04 15:15:33+09:00,3,88,88,26.785714285714285,1,100.0
2026-09-04 15:20:32+09:00,3,88,88,25.0,1,100.0
2026-09-04 15:25:32+09:00,3,88,88,23.214285714285715,1,100.0
2026-09-04 15:30:32+09:00,3,88,88,25.0,1,100.0
2026-09-04 15:35:32+09:00,3,88,88,26.785714285714285,1,100.0
2026-09-04 15:40:32+09:00,3,88,88,25.0,1,100.0
2026-09-04 15:45:34+09:00,3,88,88,21.428571428571427,1,100.0
2026-09-04 15:50:34+09:00,3,88,88,21.428571428571427,1,100.0
2026-09-04 15:55:33+09:00,3,88,88,21.428571428571427,1,100.0
2026-09-04 16:00:34+09:00,3,88,88,21.428571428571427,1,100.0
2026-09-04 16:05:34+09:00,3,88,88,23.214285714285715,1,100.0
2026-09-04 16:10:35+09:00,3,88,88,25.0,1,100.0
2026-09-04 16:15:35+09:00,3,88,88,26.785714285714285,1,100.0
2026-09-04 16:20:33+09:00,3,88,88,26.785714285714285,1,100.0
2026-09-04 16:25:32+09:00,3,88,88,28.57142857142857,1,100.0
2026-09-04 16:30:33+09:00,3,88,88,28.57142857142857,1,100.0
2026-09-04 16:35:32+09:00,3,88,88,30.357142857142854,1,100.0
2026-09-04 16:40:32+09:00,3,88,88,32.142857142857146,1,100.0
2026-09-04 16:45:32+09:00,3,88,88,32.142857142857146,1,100.0
2026-09-04 16:50:32+09:00,3,88,88,26.785714285714285,1,100.0
2026-09-04 16:55:32+09:00,3,88,88,26.785714285714285,1,100.0
2026-09-04 17:00:32+09:00,3,88,88,26.785714285714285,1,100.0
2026-09-04 17:05:33+09:00,3,88,88,30.357142857142854,1,100.0
2026-09-04 17:10:33+09:00,3,88,88,32.142857142857146,1,100.0
2026-09-04 17:15:32+09:00,3,88,88,39.285714285714285,1,100.0
2026-09-04 17:20:32+09:00,3,88,88,46.42857142857143,1,100.0
2026-09-04 17:25:32+09:00,3,88,88,44.642857142857146,1,100.0
2026-09-04 17:30:34+09:00,3,88,88,46.42857142857143,1,100.0
2026-09-04 17:35:35+09:00,3,88,88,51.78571428571429,1,100.0
2026-09-04 17:40:35+09:00,3,88,88,55.35714285714286,1,100.0
2026-09-04 17:45:34+09:00,3,88,88,55.35714285714286,1,100.0
2026-09-04 17:50:32+09:00,3,88,88,55.35714285714286,1,100.0
2026-09-04 17:55:33+09:00,3,88,88,55.35714285714286,1,100.0
2026-09-04 18:00:32+09:00,3,88,88,57.14285714285714,1,100.0
2026-09-04 18:05:32+09:00,3,88,88,57.14285714285714,1,100.0
2026-09-04 18:10:34+09:00,3,88,88,58.92857142857143,1,100.0
2026-09-04 18:15:32+09:00,3,88,88,58.92857142857143,1,100.0
2026-09-04 18:20:32+09:00,3,88,88,60.71428571428571,1,100.0
2026-09-04 18:25:32+09:00,3,88,88,60.71428571428571,1,100.0
2026-09-04 18:30:32+09:00,3,88,88,60.71428571428571,1,100.0
2026-09-04 18:35:32+09:00,3,88,88,58.92857142857143,1,100.0
2026-09-04 18:40:35+09:00,3,88,88,58.92857142857143,1,100.0
2026-09-04 18:45:35+09:00,3,88,88,57.14285714285714,1,100.0
2026-09-04 18:50:33+09:00,3,88,88,60.71428571428571,1,100.0
2026-09-04 18:55:34+09:00,3,88,88,58.92857142857143,1,100.0
2026-09-04 19:00:34+09:00,3,88,88,58.92857142857143,1,100.0
2026-09-04 19:05:32+09:00,3,88,88,58.92857142857143,1,100.0
2026-09-04 19:10:33+09:00,3,88,88,58.92857142857143,1,100.0
2026-09-04 19:15:32+09:00,3,88,88,58.92857142857143,1,100.0
2026-09-04 19:20:32+09:00,3,88,88,60.71428571428571,1,100.0
2026-09-04 19:25:32+09:00,3,88,88,64.28571428571429,1,100.0
2026-09-04 19:30:32+09:00,3,88,88,64.28571428571429,1,100.0
2026-09-04 19:35:33+09:00,3,88,88,66.07142857142857,1,100.0
2026-09-04 19:40:35+09:00,3,88,88,67.85714285714286,1,100.0
2026-09-04 19:45:32+09:00,3,88,88,69.64285714285714,1,100.0
2026-09-04 19:50:33+09:00,3,88,88,71.42857142857143,1,100.0
2026-09-04 19:55:34+09:00,3,88,88,69.64285714285714,1,100.0
2026-09-04 20:00:32+09:00,3,88,88,67.85714285714286,1,100.0
2026-09-04 20:05:33+09:00,3,88,88,69.64285714285714,1,100.0
2026-09-04 20:10:32+09:00,3,88,88,69.64285714285714,1,100.0
2026-09-04 20:15:32+09:00,3,88,88,69.64285714285714,1,100.0
2026-09-04 20:20:33+09:00,3,88,88,71.42857142857143,1,100.0
2026-09-04 20:25:33+09:00,3,88,88,69.64285714285714,1,100.0
2026-09-04 20:30:33+09:00,3,88,88,62.5,1,100.0
2026-09-04 20:35:32+09:00,3,88,88,64.28571428571429,1,100.0
2026-09-04 20:40:32+09:00,3,88,88,66.07142857142857,1,100.0
2026-09-04 20:45:32+09:00,3,88,88,67.85714285714286,1,100.0
2026-09-04 20:50:32+09:00,3,88,88,66.07142857142857,1,100.0
2026-09-04 20:55:33+09:00,3,88,88,66.07142857142857,1,100.0
2026-09-04 21:00:33+09:00,3,88,88,64.28571428571429,1,100.0
2026-09-04 21:05:33+09:00,3,88,88,64.28571428571429,1,100.0
2026-09-04 21:10:34+09:00,3,88,88,62.5,1,100.0
2026-09-04 21:15:36+09:00,3,88,88,60.71428571428571,1,100.0
2026-09-04 21:20:34+09:00,3,88,88,58.92857142857143,1,100.0
2026-09-04 21:25:32+09:00,3,88,88,58.92857142857143,1,100.0
2026-09-04 21:30:32+09:00,3,88,88,60.71428571428571,1,100.0
2026-09-04 21:35:32+09:00,3,88,88,60.71428571428571,1,100.0
2026-09-04 21:40:32+09:00,3,88,88,58.92857142857143,1,100.0
2026-09-04 21:45:34+09:00,3,88,88,55.35714285714286,1,100.0
2026-09-04 21:50:33+09:00,3,88,88,55.35714285714286,1,100.0
2026-09-04 21:55:32+09:00,3,88,88,55.35714285714286,1,100.0
2026-09-04 22:00:32+09:00,3,88,88,57.14285714285714,1,100.0
2026-09-04 22:05:32+09:00,3,88,88,58.92857142857143,1,100.0
2026-09-04 22:10:33+09:00,3,88,88,58.92857142857143,1,100.0
2026-09-04 22:15:33+09:00,3,88,88,60.71428571428571,1,100.0
2026-09-04 22:20:32+09:00,3,88,88,58.92857142857143,1,100.0
2026-09-04 22:25:33+09:00,3,88,88,58.92857142857143,1,100.0
2026-09-04 22:30:33+09:00,3,88,88,58.92857142857143,1,100.0
2026-09-04 22:35:32+09:00,3,88,88,60.71428571428571,1,100.0
2026-09-04 22:40:33+09:00,3,88,88,60.71428571428571,1,100.0
2026-09-04 22:45:33+09:00,3,88,88,60.71428571428571,1,100.0
2026-09-04 22:50:32+09:00,3,88,88,60.71428571428571,1,100.0
2026-09-04 22:55:32+09:00,3,88,88,60.71428571428571,1,100.0
2026-09-04 23:00:33+09:00,3,88,88,60.71428571428571,1,100.0
2026-09-04 23:05:32+09:00,3,88,88,60.71428571428571,1,100.0
2026-09-04 23:10:34+09:00,3,88,88,60.71428571428571,1,100.0
2026-09-04 23:15:36+09:00,3,88,88,58.92857142857143,1,100.0
2026-09-04 23:20:32+09:00,3,88,88,58.92857142857143,1,100.0
2026-09-04 23:25:32+09:00,3,88,88,58.92857142857143,1,100.0
2026-09-04 23:30:32+09:00,3,88,88,58.92857142857143,1,100.0
2026-09-04 23:35:32+09:00,3,88,88,58.92857142857143,1,100.0
2026-09-04 23:40:32+09:00,3,88,88,58.92857142857143,1,100.0
2026-09-04 23:45:32+09:00,3,88,88,57.14285714285714,1,100.0
2026-09-04 23:50:33+09:00,3,88,88,57.14285714285714,1,100.0
2026-09-04 23:55:32+09:00,3,88,88,55.35714285714286,1,100.0
2026-09-04 09:45:34+09:00,6,87,87,28.57142857142857,2,100.0
2026-09-04 09:50:33+09:00,6,87,87,28.57142857142857,2,100.0
2026-09-04 09:55:33+09:00,6,87,87,28.57142857142857,2,100.0
2026-09-04 10:00:32+09:00,6,87,87,,0,100.0
2026-09-04 10:05:32+09:00,6,87,87,,0,100.0
2026-09-04 10:10:32+09:00,6,87,87,,0,100.0
2026-09-04 10:15:32+09:00,6,87,87,,0,100.0
2026-09-04 10:20:32+09:00,6,87,87,,0,100.0
2026-09-04 10:25:32+09:00,6,87,87,,0,100.0
2026-09-04 10:30:32+09:00,6,87,87,,0,100.0
2026-09-04 10:35:32+09:00,6,87,87,,0,100.0
2026-09-04 10:40:32+09:00,6,87,87,,0,100.0
2026-09-04 10:45:32+09:00,6,87,87,,0,100.0
2026-09-04 10:50:32+09:00,6,87,87,,0,100.0
2026-09-04 10:55:32+09:00,6,87,87,,0,100.0
2026-09-04 11:00:32+09:00,6,87,87,,0,100.0
2026-09-04 11:05:32+09:00,6,87,87,,0,100.0
2026-09-04 11:10:32+09:00,6,87,87,,0,100.0
2026-09-04 11:15:32+09:00,6,87,87,,0,100.0
2026-09-04 11:20:32+09:00,6,87,87,,0,100.0
2026-09-04 11:25:32+09:00,6,87,87,,0,100.0
2026-09-04 11:30:32+09:00,6,87,87,,0,100.0
2026-09-04 11:35:32+09:00,6,87,87,,0,100.0
2026-09-04 11:40:35+09:00,6,87,87,,0,100.0
2026-09-04 11:45:32+09:00,6,87,87,,0,100.0
2026-09-04 11:50:32+09:00,6,87,87,,0,100.0
2026-09-04 11:55:33+09:00,6,87,87,,0,100.0
2026-09-04 12:00:32+09:00,6,87,87,,0,100.0
2026-09-04 12:05:32+09:00,6,87,87,,0,100.0
2026-09-04 12:10:32+09:00,6,87,87,,0,100.0
2026-09-04 12:15:33+09:00,6,87,87,,0,100.0
2026-09-04 12:20:32+09:00,6,87,87,,0,100.0
2026-09-04 12:25:32+09:00,6,87,87,,0,100.0
2026-09-04 12:30:32+09:00,6,87,87,,0,100.0
2026-09-04 12:35:32+09:00,6,87,87,,0,100.0
2026-09-04 12:40:33+09:00,6,87,87,,0,100.0
2026-09-04 12:45:32+09:00,6,87,87,,0,100.0
2026-09-04 12:50:32+09:00,6,87,87,,0,100.0
2026-09-04 12:55:32+09:00,6,87,87,,0,100.0
2026-09-04 13:00:32+09:00,6,87,87,,0,100.0
2026-09-04 13:05:32+09:00,6,87,87,,0,100.0
2026-09-04 13:10:32+09:00,6,87,87,,0,100.0
2026-09-04 13:15:32+09:00,6,87,87,,0,100.0
2026-09-04 13:20:32+09:00,6,87,87,,0,100.0
2026-09-04 13:25:32+09:00,6,87,87,,0,100.0
2026-09-04 13:30:32+09:00,6,87,87,,0,100.0
2026-09-04 13:35:32+09:00,6,87,87,,0,100.0
2026-09-04 13:40:32+09:00,6,87,87,,0,100.0
2026-09-04 13:45:33+09:00,6,87,87,,0,100.0
2026-09-04 13:50:32+09:00,6,87,87,,0,100.0
2026-09-04 13:55:33+09:00,6,87,87,,0,100.0
2026-09-04 14:00:32+09:00,6,87,87,,0,100.0
2026-09-04 14:05:33+09:00,6,87,87,26.190476190476193,2,100.0
2026-09-04 14:10:32+09:00,6,87,87,26.190476190476193,2,100.0
2026-09-04 14:15:34+09:00,6,87,87,26.190476190476193,2,100.0
2026-09-04 14:20:34+09:00,6,87,87,26.190476190476193,2,100.0
2026-09-04 14:25:34+09:00,6,87,87,26.190476190476193,2,100.0
2026-09-04 14:30:32+09:00,6,87,87,25.0,2,100.0
2026-09-04 14:35:33+09:00,6,87,87,25.0,2,100.0
2026-09-04 14:40:32+09:00,6,87,87,25.0,2,100.0
2026-09-04 14:45:35+09:00,6,87,87,25.0,2,100.0
2026-09-04 14:50:34+09:00,6,87,87,25.0,2,100.0
2026-09-04 14:55:34+09:00,6,87,87,25.0,2,100.0
2026-09-04 15:00:32+09:00,6,87,87,25.0,2,100.0
2026-09-04 15:05:33+09:00,6,87,87,25.0,2,100.0
2026-09-04 15:10:33+09:00,6,87,87,25.0,2,100.0
2026-09-04 15:15:33+09:00,6,87,87,25.0,2,100.0
2026-09-04 15:20:32+09:00,6,87,87,25.0,2,100.0
2026-09-04 15:25:32+09:00,6,87,87,25.0,2,100.0
2026-09-04 15:30:32+09:00,6,87,87,23.809523809523807,2,100.0
2026-09-04 15:35:32+09:00,6,87,87,23.809523809523807,2,100.0
2026-09-04 15:40:32+09:00,6,87,87,23.809523809523807,2,100.0
2026-09-04 15:45:34+09:00,6,87,87,23.809523809523807,2,100.0
2026-09-04 15:50:34+09:00,6,87,87,22.61904761904762,2,100.0
2026-09-04 15:55:33+09:00,6,87,87,22.61904761904762,2,100.0
2026-09-04 16:00:34+09:00,6,87,87,20.238095238095237,2,100.0
2026-09-04 16:05:34+09:00,6,87,87,20.238095238095237,2,100.0
2026-09-04 16:10:35+09:00,6,87,87,20.238095238095237,2,100.0
2026-09-04 16:15:35+09:00,6,87,87,20.238095238095237,2,100.0
2026-09-04 16:20:33+09:00,6,87,87,20.238095238095237,2,100.0
2026-09-04 16:25:32+09:00,6,87,87,3.571428571428571,2,100.0
2026-09-04 16:30:33+09:00,6,87,87,3.571428571428571,2,100.0
2026-09-04 16:35:32+09:00,6,87,87,3.571428571428571,2,100.0
2026-09-04 16:40:32+09:00,6,87,87,3.571428571428571,2,100.0
2026-09-04 16:45:32+09:00,6,87,87,3.571428571428571,2,100.0
2026-09-04 16:50:32+09:00,6,87,87,3.571428571428571,2,100.0
2026-09-04 16:55:32+09:00,6,87,87,3.571428571428571,2,100.0
2026-09-04 17:00:32+09:00,6,87,87,3.571428571428571,2,100.0
2026-09-04 17:05:33+09:00,6,87,87,3.571428571428571,2,100.0
2026-09-04 17:10:33+09:00,6,87,87,3.571428571428571,2,100.0
2026-09-04 17:15:32+09:00,6,87,87,3.571428571428571,2,100.0
2026-09-04 17:20:32+09:00,6,87,87,3.571428571428571,2,100.0
2026-09-04 17:25:32+09:00,6,87,87,3.571428571428571,2,100.0
2026-09-04 17:30:34+09:00,6,87,87,3.571428571428571,2,100.0
2026-09-04 17:35:35+09:00,6,87,87,3.571428571428571,2,100.0
2026-09-04 17:40:35+09:00,6,87,87,3.571428571428571,2,100.0
2026-09-04 17:45:34+09:00,6,87,87,3.571428571428571,2,100.0
2026-09-04 17:50:32+09:00,6,87,87,3.571428571428571,2,100.0
2026-09-04 17:55:33+09:00,6,87,87,3.571428571428571,2,100.0
2026-09-04 18:00:32+09:00,6,87,87,3.571428571428571,2,100.0
2026-09-04 18:05:32+09:00,6,87,87,3.571428571428571,2,100.0
2026-09-04 18:10:34+09:00,6,87,87,3.571428571428571,2,100.0
2026-09-04 18:15:32+09:00,6,87,87,3.571428571428571,2,100.0
2026-09-04 18:20:32+09:00,6,87,87,3.571428571428571,2,100.0
2026-09-04 18:25:32+09:00,6,87,87,3.571428571428571,2,100.0
2026-09-04 18:30:32+09:00,6,87,87,3.571428571428571,2,100.0
2026-09-04 18:35:32+09:00,6,87,87,3.571428571428571,2,100.0
2026-09-04 18:40:35+09:00,6,87,87,3.571428571428571,2,100.0
2026-09-04 18:45:35+09:00,6,87,87,3.571428571428571,2,100.0
2026-09-04 18:50:33+09:00,6,87,87,3.571428571428571,2,100.0
2026-09-04 18:55:34+09:00,6,87,87,3.571428571428571,2,100.0
2026-09-04 19:00:34+09:00,6,87,87,3.571428571428571,2,100.0
2026-09-04 19:05:32+09:00,6,87,87,3.571428571428571,2,100.0
2026-09-04 19:10:33+09:00,6,87,87,3.571428571428571,2,100.0
2026-09-04 19:15:32+09:00,6,87,87,3.571428571428571,2,100.0
2026-09-04 19:20:32+09:00,6,87,87,3.571428571428571,2,100.0
2026-09-04 19:25:32+09:00,6,87,87,3.571428571428571,2,100.0
2026-09-04 19:30:32+09:00,6,87,87,3.571428571428571,2,100.0
2026-09-04 19:35:33+09:00,6,87,87,3.571428571428571,2,100.0
2026-09-04 19:40:35+09:00,6,87,87,3.571428571428571,2,100.0
2026-09-04 19:45:32+09:00,6,87,87,3.571428571428571,2,100.0
2026-09-04 19:50:33+09:00,6,87,87,3.571428571428571,2,100.0
2026-09-04 19:55:34+09:00,6,87,87,3.571428571428571,2,100.0
2026-09-04 20:00:32+09:00,6,87,87,3.571428571428571,2,100.0
2026-09-04 20:05:33+09:00,6,87,87,3.571428571428571,2,100.0
2026-09-04 20:10:32+09:00,6,87,87,3.571428571428571,2,100.0
2026-09-04 20:15:32+09:00,6,87,87,3.571428571428571,2,100.0
2026-09-04 20:20:33+09:00,6,87,87,3.571428571428571,2,100.0
2026-09-04 20:25:33+09:00,6,87,87,3.571428571428571,2,100.0
2026-09-04 20:30:33+09:00,6,87,87,3.571428571428571,2,100.0
2026-09-04 20:35:32+09:00,6,87,87,3.571428571428571,2,100.0
2026-09-04 20:40:32+09:00,6,87,87,3.571428571428571,2,100.0
2026-09-04 20:45:32+09:00,6,87,87,3.571428571428571,2,100.0
2026-09-04 20:50:32+09:00,6,87,87,3.571428571428571,2,100.0
2026-09-04 20:55:33+09:00,6,87,87,3.571428571428571,2,100.0
2026-09-04 21:00:33+09:00,6,87,87,3.571428571428571,2,100.0
2026-09-04 21:05:33+09:00,6,87,87,3.571428571428571,2,100.0
2026-09-04 21:10:34+09:00,6,87,87,3.571428571428571,2,100.0
2026-09-04 21:15:36+09:00,6,87,87,3.571428571428571,2,100.0
2026-09-04 21:20:34+09:00,6,87,87,3.571428571428571,2,100.0
2026-09-04 21:25:32+09:00,6,87,87,3.571428571428571,2,100.0
2026-09-04 21:30:32+09:00,6,87,87,3.571428571428571,2,100.0
2026-09-04 21:35:32+09:00,6,87,87,3.571428571428571,2,100.0
2026-09-04 21:40:32+09:00,6,87,87,3.571428571428571,2,100.0
2026-09-04 21:45:34+09:00,6,87,87,3.571428571428571,2,100.0
2026-09-04 21:50:33+09:00,6,87,87,3.571428571428571,2,100.0
2026-09-04 21:55:32+09:00,6,87,87,3.571428571428571,2,100.0
2026-09-04 22:00:32+09:00,6,87,87,3.571428571428571,2,100.0
2026-09-04 22:05:32+09:00,6,87,87,3.571428571428571,2,100.0
2026-09-04 22:10:33+09:00,6,87,87,3.571428571428571,2,100.0
2026-09-04 22:15:33+09:00,6,87,87,3.571428571428571,2,100.0
2026-09-04 22:20:32+09:00,6,87,87,3.571428571428571,2,100.0
2026-09-04 22:25:33+09:00,6,87,87,3.571428571428571,2,100.0
2026-09-04 22:30:33+09:00,6,87,87,3.571428571428571,2,100.0
2026-09-04 22:35:32+09:00,6,87,87,3.571428571428571,2,100.0
2026-09-04 22:40:33+09:00,6,87,87,3.571428571428571,2,100.0
2026-09-04 22:45:33+09:00,6,87,87,3.571428571428571,2,100.0
2026-09-04 22:50:32+09:00,6,87,87,3.571428571428571,2,100.0
2026-09-04 22:55:32+09:00,6,87,87,3.571428571428571,2,100.0
2026-09-04 23:00:33+09:00,6,87,87,3.571428571428571,2,100.0
2026-09-04 23:05:32+09:00,6,87,87,0.0,2,100.0
2026-09-04 23:10:34+09:00,6,87,87,0.0,2,100.0
2026-09-04 23:15:36+09:00,6,87,87,0.0,2,100.0
2026-09-04 23:20:32+09:00,6,87,87,0.0,2,100.0
2026-09-04 23:25:32+09:00,6,87,87,0.0,2,100.0
2026-09-04 23:30:32+09:00,6,87,87,0.0,2,100.0
2026-09-04 23:35:32+09:00,6,87,87,0.0,2,100.0
2026-09-04 23:40:32+09:00,6,87,87,0.0,2,100.0
2026-09-04 23:45:32+09:00,6,87,87,0.0,2,100.0
2026-09-04 23:50:33+09:00,6,87,87,0.0,2,100.0
2026-09-04 23:55:32+09:00,6,87,87,0.0,2,100.0
2026-09-04 09:45:34+09:00,7,40,11,64.28571428571429,1,27.500000000000004
2026-09-04 09:50:33+09:00,7,40,11,64.28571428571429,1,27.500000000000004
2026-09-04 09:55:33+09:00,7,40,11,64.28571428571429,1,27.500000000000004
2026-09-04 10:00:32+09:00,7,40,11,,0,27.500000000000004
2026-09-04 10:05:32+09:00,7,40,11,,0,27.500000000000004
2026-09-04 10:10:32+09:00,7,40,11,,0,27.500000000000004
2026-09-04 10:15:32+09:00,7,40,11,,0,27.500000000000004
2026-09-04 10:20:32+09:00,7,40,11,,0,27.500000000000004
2026-09-04 10:25:32+09:00,7,40,11,,0,27.500000000000004
2026-09-04 10:30:32+09:00,7,40,11,,0,27.500000000000004
2026-09-04 10:35:32+09:00,7,40,10,,0,25.0
2026-09-04 10:40:32+09:00,7,40,10,,0,25.0
2026-09-04 10:45:32+09:00,7,40,10,,0,25.0
2026-09-04 10:50:32+09:00,7,40,10,,0,25.0
2026-09-04 10:55:32+09:00,7,40,10,,0,25.0
2026-09-04 11:00:32+09:00,7,40,10,,0,25.0
2026-09-04 11:05:32+09:00,7,40,10,,0,25.0
2026-09-04 11:10:32+09:00,7,40,10,,0,25.0
2026-09-04 11:15:32+09:00,7,40,10,,0,25.0
2026-09-04 11:20:32+09:00,7,40,10,,0,25.0
2026-09-04 11:25:32+09:00,7,40,10,,0,25.0
2026-09-04 11:30:32+09:00,7,40,10,,0,25.0
2026-09-04 11:35:32+09:00,7,40,9,,0,22.5
2026-09-04 11:40:35+09:00,7,40,9,,0,22.5
2026-09-04 11:45:32+09:00,7,40,9,,0,22.5
2026-09-04 11:50:32+09:00,7,40,9,,0,22.5
2026-09-04 11:55:33+09:00,7,40,8,,0,20.0
2026-09-04 12:00:32+09:00,7,40,8,,0,20.0
2026-09-04 12:05:32+09:00,7,40,7,,0,17.5
2026-09-04 12:10:32+09:00,7,40,7,,0,17.5
2026-09-04 12:15:33+09:00,7,40,7,,0,17.5
2026-09-04 12:20:32+09:00,7,40,7,,0,17.5
2026-09-04 12:25:32+09:00,7,40,7,,0,17.5
2026-09-04 12:30:32+09:00,7,40,7,,0,17.5
2026-09-04 12:35:32+09:00,7,40,7,,0,17.5
2026-09-04 12:40:33+09:00,7,40,6,,0,15.0
2026-09-04 12:45:32+09:00,7,40,6,,0,15.0
2026-09-04 12:50:32+09:00,7,40,6,,0,15.0
2026-09-04 12:55:32+09:00,7,40,6,,0,15.0
2026-09-04 13:00:32+09:00,7,40,6,,0,15.0
2026-09-04 13:05:32+09:00,7,40,6,,0,15.0
2026-09-04 13:10:32+09:00,7,40,5,,0,12.5
2026-09-04 13:15:32+09:00,7,40,4,,0,10.0
2026-09-04 13:20:32+09:00,7,40,4,,0,10.0
2026-09-04 13:25:32+09:00,7,40,4,,0,10.0
2026-09-04 13:30:32+09:00,7,40,3,,0,7.5
2026-09-04 13:35:32+09:00,7,40,2,,0,5.0
2026-09-04 13:40:32+09:00,7,40,2,,0,5.0
2026-09-04 13:45:33+09:00,7,40,1,,0,2.5
2026-09-04 13:50:32+09:00,7,40,1,,0,2.5
2026-09-04 13:55:33+09:00,7,40,1,,0,2.5
2026-09-04 14:00:32+09:00,7,40,1,,0,2.5
2026-09-04 14:05:33+09:00,7,40,1,71.42857142857143,1,2.5
2026-09-04 14:10:32+09:00,7,40,0,67.85714285714286,1,0.0
2026-09-04 14:15:34+09:00,7,40,0,66.07142857142857,1,0.0
2026-09-04 14:20:34+09:00,7,40,0,66.07142857142857,1,0.0
2026-09-04 14:25:34+09:00,7,40,0,67.85714285714286,1,0.0
2026-09-04 14:30:32+09:00,7,40,0,66.07142857142857,1,0.0
2026-09-04 14:35:33+09:00,7,40,0,66.07142857142857,1,0.0
2026-09-04 14:40:32+09:00,7,40,0,66.07142857142857,1,0.0
2026-09-04 14:45:35+09:00,7,40,0,67.85714285714286,1,0.0
2026-09-04 14:50:34+09:00,7,40,0,67.85714285714286,1,0.0
2026-09-04 14:55:34+09:00,7,40,0,66.07142857142857,1,0.0
2026-09-04 15:00:32+09:00,7,40,0,66.07142857142857,1,0.0
2026-09-04 15:05:33+09:00,7,40,0,66.07142857142857,1,0.0
2026-09-04 15:10:33+09:00,7,40,0,67.85714285714286,1,0.0
2026-09-04 15:15:33+09:00,7,40,0,71.42857142857143,1,0.0
2026-09-04 15:20:32+09:00,7,40,0,69.64285714285714,1,0.0
2026-09-04 15:25:32+09:00,7,40,0,69.64285714285714,1,0.0
2026-09-04 15:30:32+09:00,7,40,0,69.64285714285714,1,0.0
2026-09-04 15:35:32+09:00,7,40,0,69.64285714285714,1,0.0
2026-09-04 15:40:32+09:00,7,40,0,66.07142857142857,1,0.0
2026-09-04 15:45:34+09:00,7,40,0,66.07142857142857,1,0.0
2026-09-04 15:50:34+09:00,7,40,0,66.07142857142857,1,0.0
2026-09-04 15:55:33+09:00,7,40,0,69.64285714285714,1,0.0
2026-09-04 16:00:34+09:00,7,40,0,69.64285714285714,1,0.0
2026-09-04 16:05:34+09:00,7,40,0,69.64285714285714,1,0.0
2026-09-04 16:10:35+09:00,7,40,0,69.64285714285714,1,0.0
2026-09-04 16:15:35+09:00,7,40,0,69.64285714285714,1,0.0
2026-09-04 16:20:33+09:00,7,40,0,71.42857142857143,1,0.0
2026-09-04 16:25:32+09:00,7,40,0,69.64285714285714,1,0.0
2026-09-04 16:30:33+09:00,7,40,0,67.85714285714286,1,0.0
2026-09-04 16:35:32+09:00,7,40,0,67.85714285714286,1,0.0
2026-09-04 16:40:32+09:00,7,40,0,67.85714285714286,1,0.0
2026-09-04 16:45:32+09:00,7,40,0,67.85714285714286,1,0.0
2026-09-04 16:50:32+09:00,7,40,0,64.28571428571429,1,0.0
2026-09-04 16:55:32+09:00,7,40,0,67.85714285714286,1,0.0
2026-09-04 17:00:32+09:00,7,40,0,67.85714285714286,1,0.0
2026-09-04 17:05:33+09:00,7,40,0,66.07142857142857,1,0.0
2026-09-04 17:10:33+09:00,7,40,0,66.07142857142857,1,0.0
2026-09-04 17:15:32+09:00,7,40,0,66.07142857142857,1,0.0
2026-09-04 17:20:32+09:00,7,40,0,66.07142857142857,1,0.0
2026-09-04 17:25:32+09:00,7,40,0,66.07142857142857,1,0.0
2026-09-04 17:30:34+09:00,7,40,0,67.85714285714286,1,0.0
2026-09-04 17:35:35+09:00,7,40,0,69.64285714285714,1,0.0
2026-09-04 17:40:35+09:00,7,40,0,69.64285714285714,1,0.0
2026-09-04 17:45:34+09:00,7,40,0,69.64285714285714,1,0.0
2026-09-04 17:50:32+09:00,7,40,0,71.42857142857143,1,0.0
2026-09-04 17:55:33+09:00,7,40,0,73.21428571428571,1,0.0
2026-09-04 18:00:32+09:00,7,40,0,73.21428571428571,1,0.0
2026-09-04 18:05:32+09:00,7,40,0,73.21428571428571,1,0.0
2026-09-04 18:10:34+09:00,7,40,0,73.21428571428571,1,0.0
2026-09-04 18:15:32+09:00,7,40,0,73.21428571428571,1,0.0
2026-09-04 18:20:32+09:00,7,40,0,71.42857142857143,1,0.0
2026-09-04 18:25:32+09:00,7,40,0,71.42857142857143,1,0.0
2026-09-04 18:30:32+09:00,7,40,0,69.64285714285714,1,0.0
2026-09-04 18:35:32+09:00,7,40,0,73.21428571428571,1,0.0
2026-09-04 18:40:35+09:00,7,40,0,71.42857142857143,1,0.0
2026-09-04 18:45:35+09:00,7,40,0,71.42857142857143,1,0.0
2026-09-04 18:50:33+09:00,7,40,0,75.0,1,0.0
2026-09-04 18:55:34+09:00,7,40,0,75.0,1,0.0
2026-09-04 19:00:34+09:00,7,40,0,75.0,1,0.0
2026-09-04 19:05:32+09:00,7,40,0,75.0,1,0.0
2026-09-04 19:10:33+09:00,7,40,0,78.57142857142857,1,0.0
2026-09-04 19:15:32+09:00,7,40,0,82.14285714285714,1,0.0
2026-09-04 19:20:32+09:00,7,40,0,80.35714285714286,1,0.0
2026-09-04 19:25:32+09:00,7,40,0,82.14285714285714,1,0.0
2026-09-04 19:30:32+09:00,7,40,0,83.92857142857143,1,0.0
2026-09-04 19:35:33+09:00,7,40,0,85.71428571428571,1,0.0
2026-09-04 19:40:35+09:00,7,40,0,87.5,1,0.0
2026-09-04 19:45:32+09:00,7,40,0,91.07142857142857,1,0.0
2026-09-04 19:50:33+09:00,7,40,0,91.07142857142857,1,0.0
2026-09-04 19:55:34+09:00,7,40,0,91.07142857142857,1,0.0
2026-09-04 20:00:32+09:00,7,40,0,87.5,1,0.0
2026-09-04 20:05:33+09:00,7,40,0,87.5,1,0.0
2026-09-04 20:10:32+09:00,7,40,0,87.5,1,0.0
2026-09-04 20:15:32+09:00,7,40,0,87.5,1,0.0
2026-09-04 20:20:33+09:00,7,40,0,87.5,1,0.0
2026-09-04 20:25:33+09:00,7,40,0,85.71428571428571,1,0.0
2026-09-04 20:30:33+09:00,7,40,0,87.5,1,0.0
2026-09-04 20:35:32+09:00,7,40,0,87.5,1,0.0
2026-09-04 20:40:32+09:00,7,40,0,87.5,1,0.0
2026-09-04 20:45:32+09:00,7,40,0,87.5,1,0.0
2026-09-04 20:50:32+09:00,7,40,0,87.5,1,0.0
2026-09-04 20:55:33+09:00,7,40,0,85.71428571428571,1,0.0
2026-09-04 21:00:33+09:00,7,40,0,89.28571428571429,1,0.0
2026-09-04 21:05:33+09:00,7,40,0,89.28571428571429,1,0.0
2026-09-04 21:10:34+09:00,7,40,0,89.28571428571429,1,0.0
2026-09-04 21:15:36+09:00,7,40,0,89.28571428571429,1,0.0
2026-09-04 21:20:34+09:00,7,40,0,89.28571428571429,1,0.0
2026-09-04 21:25:32+09:00,7,40,0,87.5,1,0.0
2026-09-04 21:30:32+09:00,7,40,0,85.71428571428571,1,0.0
2026-09-04 21:35:32+09:00,7,40,0,85.71428571428571,1,0.0
2026-09-04 21:40:32+09:00,7,40,0,85.71428571428571,1,0.0
2026-09-04 21:45:34+09:00,7,40,0,83.92857142857143,1,0.0
2026-09-04 21:50:33+09:00,7,40,0,83.92857142857143,1,0.0
2026-09-04 21:55:32+09:00,7,40,0,83.92857142857143,1,0.0
2026-09-04 22:00:32+09:00,7,40,0,83.92857142857143,1,0.0
2026-09-04 22:05:32+09:00,7,40,0,85.71428571428571,1,0.0
2026-09-04 22:10:33+09:00,7,40,0,87.5,1,0.0
2026-09-04 22:15:33+09:00,7,40,0,87.5,1,0.0
2026-09-04 22:20:32+09:00,7,40,0,87.5,1,0.0
2026-09-04 22:25:33+09:00,7,40,0,87.5,1,0.0
2026-09-04 22:30:33+09:00,7,40,0,87.5,1,0.0
2026-09-04 22:35:32+09:00,7,40,0,87.5,1,0.0
2026-09-04 22:40:33+09:00,7,40,0,87.5,1,0.0
2026-09-04 22:45:33+09:00,7,40,0,87.5,1,0.0
2026-09-04 22:50:32+09:00,7,40,0,87.5,1,0.0
2026-09-04 22:55:32+09:00,7,40,0,89.28571428571429,1,0.0
2026-09-04 23:00:33+09:00,7,40,40,89.28571428571429,1,100.0
2026-09-04 23:05:32+09:00,7,40,40,89.28571428571429,1,100.0
2026-09-04 23:10:34+09:00,7,40,40,89.28571428571429,1,100.0
2026-09-04 23:15:36+09:00,7,40,40,89.28571428571429,1,100.0
2026-09-04 23:20:32+09:00,7,40,40,89.28571428571429,1,100.0
2026-09-04 23:25:32+09:00,7,40,40,89.28571428571429,1,100.0
2026-09-04 23:30:32+09:00,7,40,40,89.28571428571429,1,100.0
2026-09-04 23:35:32+09:00,7,40,40,89.28571428571429,1,100.0
2026-09-04 23:40:32+09:00,7,40,40,87.5,1,100.0
2026-09-04 23:45:32+09:00,7,40,40,87.5,1,100.0
2026-09-04 23:50:33+09:00,7,40,40,87.5,1,100.0
2026-09-04 23:55:32+09:00,7,40,40,89.28571428571429,1,100.0
2026-09-04 09:45:34+09:00,8,149,43,36.88181018311005,5,28.859060402684566
2026-09-04 09:50:33+09:00,8,149,35,36.88181018311005,5,23.48993288590604
2026-09-04 09:55:33+09:00,8,149,30,36.88181018311005,5,20.13422818791946
2026-09-04 10:00:32+09:00,8,149,31,,0,20.80536912751678
2026-09-04 10:05:32+09:00,8,149,26,,0,17.449664429530202
2026-09-04 10:10:32+09:00,8,149,22,,0,14.76510067114094
2026-09-04 10:15:32+09:00,8,149,19,,0,12.751677852348994
2026-09-04 10:20:32+09:00,8,149,11,,0,7.38255033557047
2026-09-04 10:25:32+09:00,8,149,9,,0,6.0402684563758395
2026-09-04 10:30:32+09:00,8,149,6,,0,4.026845637583892
2026-09-04 10:35:32+09:00,8,149,7,,0,4.697986577181208
2026-09-04 10:40:32+09:00,8,149,7,,0,4.697986577181208
2026-09-04 10:45:32+09:00,8,149,4,,0,2.684563758389262
2026-09-04 10:50:32+09:00,8,149,5,,0,3.3557046979865772
2026-09-04 10:55:32+09:00,8,149,6,,0,4.026845637583892
2026-09-04 11:00:32+09:00,8,149,8,,0,5.369127516778524
2026-09-04 11:05:32+09:00,8,149,8,,0,5.369127516778524
2026-09-04 11:10:32+09:00,8,149,4,,0,2.684563758389262
2026-09-04 11:15:32+09:00,8,149,7,,0,4.697986577181208
2026-09-04 11:20:32+09:00,8,149,4,,0,2.684563758389262
2026-09-04 11:25:32+09:00,8,149,3,,0,2.013422818791946
2026-09-04 11:30:32+09:00,8,149,1,,0,0.6711409395973155
2026-09-04 11:35:32+09:00,8,149,4,,0,2.684563758389262
2026-09-04 11:40:35+09:00,8,149,3,,0,2.013422818791946
2026-09-04 11:45:32+09:00,8,149,3,,0,2.013422818791946
2026-09-04 11:50:32+09:00,8,149,3,,0,2.013422818791946
2026-09-04 11:55:33+09:00,8,149,3,,0,2.013422818791946
2026-09-04 12:00:32+09:00,8,149,6,,0,4.026845637583892
2026-09-04 12:05:32+09:00,8,149,3,,0,2.013422818791946
2026-09-04 12:10:32+09:00,8,149,1,,0,0.6711409395973155
2026-09-04 12:15:33+09:00,8,149,3,,0,2.013422818791946
2026-09-04 12:20:32+09:00,8,149,6,,0,4.026845637583892
2026-09-04 12:25:32+09:00,8,149,3,,0,2.013422818791946
2026-09-04 12:30:32+09:00,8,149,2,,0,1.342281879194631
2026-09-04 12:35:32+09:00,8,149,2,,0,1.342281879194631
2026-09-04 12:40:33+09:00,8,149,2,,0,1.342281879194631
2026-09-04 12:45:32+09:00,8,149,1,,0,0.6711409395973155
2026-09-04 12:50:32+09:00,8,149,1,,0,0.6711409395973155
2026-09-04 12:55:32+09:00,8,149,5,,0,3.3557046979865772
2026-09-04 13:00:32+09:00,8,149,7,,0,4.697986577181208
2026-09-04 13:05:32+09:00,8,149,4,,0,2.684563758389262
2026-09-04 13:10:32+09:00,8,149,4,,0,2.684563758389262
2026-09-04 13:15:32+09:00,8,149,5,,0,3.3557046979865772
2026-09-04 13:20:32+09:00,8,149,5,,0,3.3557046979865772
2026-09-04 13:25:32+09:00,8,149,7,,0,4.697986577181208
2026-09-04 13:30:32+09:00,8,149,4,,0,2.684563758389262
2026-09-04 13:35:32+09:00,8,149,2,,0,1.342281879194631
2026-09-04 13:40:32+09:00,8,149,4,,0,2.684563758389262
2026-09-04 13:45:33+09:00,8,149,5,,0,3.3557046979865772
2026-09-04 13:50:32+09:00,8,149,6,,0,4.026845637583892
2026-09-04 13:55:33+09:00,8,149,5,,0,3.3557046979865772
2026-09-04 14:00:32+09:00,8,149,7,,0,4.697986577181208
2026-09-04 14:05:33+09:00,8,149,0,46.50402576489533,4,0.0
2026-09-04 14:10:32+09:00,8,149,12,45.96054750402577,4,8.053691275167784
2026-09-04 14:15:34+09:00,8,149,9,45.20692431561997,4,6.0402684563758395
2026-09-04 14:20:34+09:00,8,149,4,44.54025764895331,4,2.684563758389262
2026-09-04 14:25:34+09:00,8,149,4,44.68880837359098,4,2.684563758389262
2026-09-04 14:30:32+09:00,8,149,8,42.68880837359098,4,5.369127516778524
2026-09-04 14:35:33+09:00,8,149,4,42.4170692431562,4,2.684563758389262
2026-09-04 14:40:32+09:00,8,149,1,43.750402576489535,4,0.6711409395973155
2026-09-04 14:45:35+09:00,8,149,1,45.96054750402577,4,0.6711409395973155
2026-09-04 14:50:34+09:00,8,149,6,46.50402576489533,4,4.026845637583892
2026-09-04 14:55:34+09:00,8,149,8,46.23228663446055,4,5.369127516778524
2026-09-04 15:00:32+09:00,8,149,8,30.005367686527105,3,5.369127516778524
2026-09-04 15:05:33+09:00,8,149,9,46.08373590982287,4,6.0402684563758395
2026-09-04 15:10:33+09:00,8,149,6,43.873590982286636,4,4.026845637583892
2026-09-04 15:15:33+09:00,8,149,5,44.14533011272142,4,3.3557046979865772
2026-09-04 15:20:32+09:00,8,149,5,43.81199677938808,4,3.3557046979865772
2026-09-04 15:25:32+09:00,8,149,7,44.873590982286636,4,4.697986577181208
2026-09-04 15:30:32+09:00,8,149,5,42.54025764895331,4,3.3557046979865772
2026-09-04 15:35:32+09:00,8,149,7,40.873590982286636,4,4.697986577181208
2026-09-04 15:40:32+09:00,8,149,10,42.26851851851852,4,6.7114093959731544
2026-09-04 15:45:34+09:00,8,149,4,41.601851851851855,4,2.684563758389262
2026-09-04 15:50:34+09:00,8,149,5,53.563895944353135,5,3.3557046979865772
2026-09-04 15:55:33+09:00,8,149,4,53.129113335657486,5,2.684563758389262
2026-09-04 16:00:34+09:00,8,149,4,50.30765808390193,5,2.684563758389262
2026-09-04 16:05:34+09:00,8,149,5,50.68408121254379,5,3.3557046979865772
2026-09-04 16:10:35+09:00,8,149,7,49.453840662715606,5,4.697986577181208
2026-09-04 16:15:35+09:00,8,149,5,49.689101382870994,5,3.3557046979865772
2026-09-04 16:20:33+09:00,8,149,5,49.91315636568886,5,3.3557046979865772
2026-09-04 16:25:32+09:00,8,149,6,49.2721881899829,5,4.026845637583892
2026-09-04 16:30:33+09:00,8,149,8,49.32146355230174,5,5.369127516778524
2026-09-04 16:35:32+09:00,8,149,8,49.12648372262895,5,5.369127516778524
2026-09-04 16:40:32+09:00,8,149,7,49.33266928963926,5,4.697986577181208
2026-09-04 16:45:32+09:00,8,149,4,50.260295167422015,5,2.684563758389262
2026-09-04 16:50:32+09:00,8,149,6,51.58030114381527,5,4.026845637583892
2026-09-04 16:55:32+09:00,8,149,11,52.095765061341034,5,7.38255033557047
2026-09-04 17:00:32+09:00,8,149,17,52.36243172800771,5,11.409395973154362
2026-09-04 17:05:33+09:00,8,149,17,52.82407822434716,5,11.409395973154362
2026-09-04 17:10:33+09:00,8,149,16,52.4721881899829,5,10.738255033557047
2026-09-04 17:15:32+09:00,8,149,15,51.98358816010093,5,10.06711409395973
2026-09-04 17:20:32+09:00,8,149,20,51.058083901920746,5,13.422818791946309
2026-09-04 17:25:32+09:00,8,149,19,51.627365240632834,5,12.751677852348994
2026-09-04 17:30:34+09:00,8,149,17,51.403310257814965,5,11.409395973154362
2026-09-04 17:35:35+09:00,8,149,17,50.6928665106164,5,11.409395973154362
2026-09-04 17:40:35+09:00,8,149,18,51.284559324003524,5,12.080536912751679
2026-09-04 17:45:34+09:00,8,149,10,51.156724272457126,5,6.7114093959731544
2026-09-04 17:50:32+09:00,8,149,10,52.90697079867856,5,6.7114093959731544
2026-09-04 17:55:33+09:00,8,149,10,51.4100635821837,5,6.7114093959731544
2026-09-04 18:00:32+09:00,8,149,18,52.06890117369723,5,12.080536912751679
2026-09-04 18:05:32+09:00,8,149,23,52.725527499709486,5,15.436241610738255
2026-09-04 18:10:34+09:00,8,149,26,53.31267825422913,5,17.449664429530202
2026-09-04 18:15:32+09:00,8,149,21,53.93132460115876,5,14.093959731543624
2026-09-04 18:20:32+09:00,8,149,24,53.034895496123646,5,16.10738255033557
2026-09-04 18:25:32+09:00,8,149,28,53.236539004266476,5,18.79194630872483
2026-09-04 18:30:32+09:00,8,149,36,53.81914769991865,5,24.161073825503358
2026-09-04 18:35:32+09:00,8,149,29,53.8527649119312,5,19.463087248322147
2026-09-04 18:40:35+09:00,8,149,29,55.45730697079868,5,19.463087248322147
2026-09-04 18:45:35+09:00,8,149,25,55.251121403788375,5,16.778523489932887
2026-09-04 18:50:33+09:00,8,149,18,55.99518236299949,5,12.080536912751679
2026-09-04 18:55:34+09:00,8,149,20,45.48419160980793,4,13.422818791946309
2026-09-04 19:00:34+09:00,8,149,25,46.44228215216561,4,16.778523489932887
2026-09-04 19:05:32+09:00,8,149,28,46.856894433653736,4,18.79194630872483
2026-09-04 19:10:33+09:00,8,149,34,46.4843036671813,4,22.818791946308725
2026-09-04 19:15:32+09:00,8,149,33,46.64118398990654,4,22.14765100671141
2026-09-04 19:20:32+09:00,8,149,36,46.22657170841842,4,24.161073825503358
2026-09-04 19:25:32+09:00,8,149,44,45.94082540631174,4,29.53020134228188
2026-09-04 19:30:32+09:00,8,149,47,45.39734714544217,4,31.543624161073826
2026-09-04 19:35:33+09:00,8,149,52,45.94082540631174,4,34.899328859060404
2026-09-04 19:40:35+09:00,8,149,60,45.54022029649551,4,40.26845637583892
2026-09-04 19:45:32+09:00,8,149,68,45.92681823463984,4,45.63758389261745
2026-09-04 19:50:33+09:00,8,149,69,45.52621312482361,4,46.308724832214764
2026-09-04 19:55:34+09:00,8,149,75,45.68309344754885,4,50.33557046979866
2026-09-04 20:00:32+09:00,8,149,78,45.82596659860219,4,52.348993288590606
2026-09-04 20:05:33+09:00,8,149,83,46.083698557365075,4,55.70469798657718
2026-09-04 20:10:32+09:00,8,149,83,44.25156050268108,4,55.70469798657718
2026-09-04 20:15:32+09:00,8,149,84,45.42536148878597,4,56.375838926174495
2026-09-04 20:20:33+09:00,8,149,84,44.53730680478776,4,56.375838926174495
2026-09-04 20:25:33+09:00,8,149,87,44.27957484602487,4,58.38926174496645
2026-09-04 20:30:33+09:00,8,149,89,44.27957484602487,4,59.73154362416108
2026-09-04 20:35:32+09:00,8,149,87,42.534281255706624,4,58.38926174496645
2026-09-04 20:40:32+09:00,8,149,89,42.00481016650896,4,59.73154362416108
2026-09-04 20:45:32+09:00,8,149,89,40.93186081644172,4,59.73154362416108
2026-09-04 20:50:32+09:00,8,149,88,41.61821222836463,4,59.06040268456376
2026-09-04 20:55:33+09:00,8,149,91,41.48934624898318,4,61.07382550335571
2026-09-04 21:00:33+09:00,8,149,91,40.831009180404074,4,61.07382550335571
2026-09-04 21:05:33+09:00,8,149,94,40.43040407058785,4,63.08724832214765
2026-09-04 21:10:34+09:00,8,149,97,39.88692580971828,4,65.1006711409396
2026-09-04 21:15:36+09:00,8,149,99,39.343447548848715,4,66.44295302013423
2026-09-04 21:20:34+09:00,8,149,101,39.085715590085826,4,67.78523489932886
2026-09-04 21:25:32+09:00,8,149,102,38.42737852150672,4,68.45637583892618
2026-09-04 21:30:32+09:00,8,149,101,50.546922987532575,5,67.78523489932886
2026-09-04 21:35:32+09:00,8,149,104,50.23764463701711,5,69.79865771812081
2026-09-04 21:40:32+09:00,8,149,103,49.298603848133205,5,69.12751677852349
2026-09-04 21:45:34+09:00,8,149,104,48.67338346863224,5,69.79865771812081
2026-09-04 21:50:33+09:00,8,149,105,49.05434865614158,5,70.46979865771812
2026-09-04 21:55:32+09:00,8,149,105,48.14671381376895,5,70.46979865771812
2026-09-04 22:00:32+09:00,8,149,106,45.737629696034,5,71.14093959731544
2026-09-04 22:05:32+09:00,8,149,105,44.097139631787776,5,70.46979865771812
2026-09-04 22:10:33+09:00,8,149,105,42.45452794793898,5,70.46979865771812
2026-09-04 22:15:33+09:00,8,149,105,41.71046698872786,5,70.46979865771812
2026-09-04 22:20:32+09:00,8,149,106,41.280226438899675,5,71.14093959731544
2026-09-04 22:25:33+09:00,8,149,105,40.11046698872786,5,70.46979865771812
2026-09-04 22:30:33+09:00,8,149,106,39.263313246011585,5,71.14093959731544
2026-09-04 22:35:32+09:00,8,149,106,38.30640304132012,5,71.14093959731544
2026-09-04 22:40:33+09:00,8,149,106,37.017803011438154,5,71.14093959731544
2026-09-04 22:45:33+09:00,8,149,108,37.12089579494331,5,72.48322147651007
2026-09-04 22:50:32+09:00,8,149,108,36.12137390640304,5,72.48322147651007
2026-09-04 22:55:32+09:00,8,149,107,35.9197303982602,5,71.81208053691275
2026-09-04 23:00:33+09:00,8,149,107,35.76736225243621,5,71.81208053691275
2026-09-04 23:05:32+09:00,8,149,107,35.66426946893105,5,71.81208053691275
2026-09-04 23:10:34+09:00,8,149,107,35.29451001875923,5,71.81208053691275
2026-09-04 23:15:36+09:00,8,149,107,35.41547221807195,5,71.81208053691275
2026-09-04 23:20:32+09:00,8,149,107,35.52977073891462,5,71.81208053691275
2026-09-04 23:25:32+09:00,8,149,107,35.52977073891462,5,71.81208053691275
2026-09-04 23:30:32+09:00,8,149,108,35.68213888473861,5,72.48322147651007
2026-09-04 23:35:32+09:00,8,149,109,35.31237943456679,5,73.15436241610739
2026-09-04 23:40:32+09:00,8,149,107,35.74716204326244,5,71.81208053691275
2026-09-04 23:45:32+09:00,8,149,107,35.16455334761027,5,71.81208053691275
2026-09-04 23:50:33+09:00,8,149,106,33.994793897438456,5,71.14093959731544
2026-09-04 23:55:32+09:00,8,149,105,34.26146056410512,5,70.46979865771812
2026-09-04 09:45:34+09:00,9,168,147,,0,87.5
2026-09-04 09:50:33+09:00,9,168,145,,0,86.30952380952381
2026-09-04 09:55:33+09:00,9,168,144,,0,85.71428571428571
2026-09-04 10:00:32+09:00,9,168,146,,0,86.90476190476191
2026-09-04 10:05:32+09:00,9,168,142,,0,84.52380952380952
2026-09-04 10:10:32+09:00,9,168,142,,0,84.52380952380952
2026-09-04 10:15:32+09:00,9,168,142,,0,84.52380952380952
2026-09-04 10:20:32+09:00,9,168,141,,0,83.92857142857143
2026-09-04 10:25:32+09:00,9,168,140,,0,83.33333333333334
2026-09-04 10:30:32+09:00,9,168,141,,0,83.92857142857143
2026-09-04 10:35:32+09:00,9,168,139,,0,82.73809523809523
2026-09-04 10:40:32+09:00,9,168,138,,0,82.14285714285714
2026-09-04 10:45:32+09:00,9,168,135,,0,80.35714285714286
2026-09-04 10:50:32+09:00,9,168,134,,0,79.76190476190477
2026-09-04 10:55:32+09:00,9,168,135,,0,80.35714285714286
2026-09-04 11:00:32+09:00,9,168,134,,0,79.76190476190477
2026-09-04 11:05:32+09:00,9,168,131,,0,77.97619047619048
2026-09-04 11:10:32+09:00,9,168,128,,0,76.19047619047619
2026-09-04 11:15:32+09:00,9,168,127,,0,75.59523809523809
2026-09-04 11:20:32+09:00,9,168,121,,0,72.02380952380952
2026-09-04 11:25:32+09:00,9,168,119,,0,70.83333333333334
2026-09-04 11:30:32+09:00,9,168,117,,0,69.64285714285714
2026-09-04 11:35:32+09:00,9,168,116,,0,69.04761904761905
2026-09-04 11:40:35+09:00,9,168,113,,0,67.26190476190477
2026-09-04 11:45:32+09:00,9,168,106,,0,63.095238095238095
2026-09-04 11:50:32+09:00,9,168,105,,0,62.5
2026-09-04 11:55:33+09:00,9,168,102,,0,60.71428571428571
2026-09-04 12:00:32+09:00,9,168,100,,0,59.523809523809526
2026-09-04 12:05:32+09:00,9,168,95,,0,56.547619047619044
2026-09-04 12:10:32+09:00,9,168,93,,0,55.35714285714286
2026-09-04 12:15:33+09:00,9,168,86,,0,51.19047619047619
2026-09-04 12:20:32+09:00,9,168,89,,0,52.976190476190474
2026-09-04 12:25:32+09:00,9,168,88,,0,52.38095238095239
2026-09-04 12:30:32+09:00,9,168,87,,0,51.78571428571429
2026-09-04 12:35:32+09:00,9,168,86,,0,51.19047619047619
2026-09-04 12:40:33+09:00,9,168,87,,0,51.78571428571429
2026-09-04 12:45:32+09:00,9,168,84,,0,50.0
2026-09-04 12:50:32+09:00,9,168,85,,0,50.595238095238095
2026-09-04 12:55:32+09:00,9,168,84,,0,50.0
2026-09-04 13:00:32+09:00,9,168,87,,0,51.78571428571429
2026-09-04 13:05:32+09:00,9,168,86,,0,51.19047619047619
2026-09-04 13:10:32+09:00,9,168,86,,0,51.19047619047619
2026-09-04 13:15:32+09:00,9,168,82,,0,48.80952380952381
2026-09-04 13:20:32+09:00,9,168,86,,0,51.19047619047619
2026-09-04 13:25:32+09:00,9,168,87,,0,51.78571428571429
2026-09-04 13:30:32+09:00,9,168,82,,0,48.80952380952381
2026-09-04 13:35:32+09:00,9,168,85,,0,50.595238095238095
2026-09-04 13:40:32+09:00,9,168,85,,0,50.595238095238095
2026-09-04 13:45:33+09:00,9,168,86,,0,51.19047619047619
2026-09-04 13:50:32+09:00,9,168,88,,0,52.38095238095239
2026-09-04 13:55:33+09:00,9,168,87,,0,51.78571428571429
2026-09-04 14:00:32+09:00,9,168,86,,0,51.19047619047619
2026-09-04 14:05:33+09:00,9,168,87,,0,51.78571428571429
2026-09-04 14:10:32+09:00,9,168,91,,0,54.166666666666664
2026-09-04 14:15:34+09:00,9,168,94,,0,55.952380952380956
2026-09-04 14:20:34+09:00,9,168,95,,0,56.547619047619044
2026-09-04 14:25:34+09:00,9,168,94,,0,55.952380952380956
2026-09-04 14:30:32+09:00,9,168,98,,0,58.333333333333336
2026-09-04 14:35:33+09:00,9,168,105,,0,62.5
2026-09-04 14:40:32+09:00,9,168,103,,0,61.30952380952381
2026-09-04 14:45:35+09:00,9,168,102,,0,60.71428571428571
2026-09-04 14:50:34+09:00,9,168,102,,0,60.71428571428571
2026-09-04 14:55:34+09:00,9,168,103,,0,61.30952380952381
2026-09-04 15:00:32+09:00,9,168,97,,0,57.738095238095234
2026-09-04 15:05:33+09:00,9,168,98,,0,58.333333333333336
2026-09-04 15:10:33+09:00,9,168,104,,0,61.904761904761905
2026-09-04 15:15:33+09:00,9,168,107,,0,63.69047619047619
2026-09-04 15:20:32+09:00,9,168,110,,0,65.47619047619048
2026-09-04 15:25:32+09:00,9,168,110,,0,65.47619047619048
2026-09-04 15:30:32+09:00,9,168,115,,0,68.45238095238095
2026-09-04 15:35:32+09:00,9,168,112,,0,66.66666666666666
2026-09-04 15:40:32+09:00,9,168,114,,0,67.85714285714286
2026-09-04 15:45:34+09:00,9,168,111,,0,66.07142857142857
2026-09-04 15:50:34+09:00,9,168,108,,0,64.28571428571429
2026-09-04 15:55:33+09:00,9,168,110,,0,65.47619047619048
2026-09-04 16:00:34+09:00,9,168,111,,0,66.07142857142857
2026-09-04 16:05:34+09:00,9,168,113,,0,67.26190476190477
2026-09-04 16:10:35+09:00,9,168,113,,0,67.26190476190477
2026-09-04 16:15:35+09:00,9,168,111,,0,66.07142857142857
2026-09-04 16:20:33+09:00,9,168,111,,0,66.07142857142857
2026-09-04 16:25:32+09:00,9,168,111,,0,66.07142857142857
2026-09-04 16:30:33+09:00,9,168,115,,0,68.45238095238095
2026-09-04 16:35:32+09:00,9,168,112,,0,66.66666666666666
2026-09-04 16:40:32+09:00,9,168,113,,0,67.26190476190477
2026-09-04 16:45:32+09:00,9,168,113,,0,67.26190476190477
2026-09-04 16:50:32+09:00,9,168,113,,0,67.26190476190477
2026-09-04 16:55:32+09:00,9,168,113,,0,67.26190476190477
2026-09-04 17:00:32+09:00,9,168,113,,0,67.26190476190477
2026-09-04 17:05:33+09:00,9,168,111,,0,66.07142857142857
2026-09-04 17:10:33+09:00,9,168,111,,0,66.07142857142857
2026-09-04 17:15:32+09:00,9,168,109,,0,64.88095238095238
2026-09-04 17:20:32+09:00,9,168,109,,0,64.88095238095238
2026-09-04 17:25:32+09:00,9,168,115,,0,68.45238095238095
2026-09-04 17:30:34+09:00,9,168,115,,0,68.45238095238095
2026-09-04 17:35:35+09:00,9,168,114,,0,67.85714285714286
2026-09-04 17:40:35+09:00,9,168,114,,0,67.85714285714286
2026-09-04 17:45:34+09:00,9,168,112,,0,66.66666666666666
2026-09-04 17:50:32+09:00,9,168,111,,0,66.07142857142857
2026-09-04 17:55:33+09:00,9,168,113,,0,67.26190476190477
2026-09-04 18:00:32+09:00,9,168,112,,0,66.66666666666666
2026-09-04 18:05:32+09:00,9,168,111,,0,66.07142857142857
2026-09-04 18:10:34+09:00,9,168,111,,0,66.07142857142857
2026-09-04 18:15:32+09:00,9,168,110,,0,65.47619047619048
2026-09-04 18:20:32+09:00,9,168,112,,0,66.66666666666666
2026-09-04 18:25:32+09:00,9,168,112,,0,66.66666666666666
2026-09-04 18:30:32+09:00,9,168,112,,0,66.66666666666666
2026-09-04 18:35:32+09:00,9,168,113,,0,67.26190476190477
2026-09-04 18:40:35+09:00,9,168,108,,0,64.28571428571429
2026-09-04 18:45:35+09:00,9,168,110,,0,65.47619047619048
2026-09-04 18:50:33+09:00,9,168,108,,0,64.28571428571429
2026-09-04 18:55:34+09:00,9,168,108,,0,64.28571428571429
2026-09-04 19:00:34+09:00,9,168,108,,0,64.28571428571429
2026-09-04 19:05:32+09:00,9,168,107,,0,63.69047619047619
2026-09-04 19:10:33+09:00,9,168,101,,0,60.11904761904761
2026-09-04 19:15:32+09:00,9,168,97,,0,57.738095238095234
2026-09-04 19:20:32+09:00,9,168,96,,0,57.14285714285714
2026-09-04 19:25:32+09:00,9,168,93,,0,55.35714285714286
2026-09-04 19:30:32+09:00,9,168,95,,0,56.547619047619044
2026-09-04 19:35:33+09:00,9,168,98,,0,58.333333333333336
2026-09-04 19:40:35+09:00,9,168,97,,0,57.738095238095234
2026-09-04 19:45:32+09:00,9,168,97,,0,57.738095238095234
2026-09-04 19:50:33+09:00,9,168,93,,0,55.35714285714286
2026-09-04 19:55:34+09:00,9,168,94,,0,55.952380952380956
2026-09-04 20:00:32+09:00,9,168,96,,0,57.14285714285714
2026-09-04 20:05:33+09:00,9,168,94,,0,55.952380952380956
2026-09-04 20:10:32+09:00,9,168,93,,0,55.35714285714286
2026-09-04 20:15:32+09:00,9,168,96,,0,57.14285714285714
2026-09-04 20:20:33+09:00,9,168,98,,0,58.333333333333336
2026-09-04 20:25:33+09:00,9,168,101,,0,60.11904761904761
2026-09-04 20:30:33+09:00,9,168,101,,0,60.11904761904761
2026-09-04 20:35:32+09:00,9,168,102,,0,60.71428571428571
2026-09-04 20:40:32+09:00,9,168,108,,0,64.28571428571429
2026-09-04 20:45:32+09:00,9,168,106,,0,63.095238095238095
2026-09-04 20:50:32+09:00,9,168,108,,0,64.28571428571429
2026-09-04 20:55:33+09:00,9,168,109,,0,64.88095238095238
2026-09-04 21:00:33+09:00,9,168,112,,0,66.66666666666666
2026-09-04 21:05:33+09:00,9,168,110,,0,65.47619047619048
2026-09-04 21:10:34+09:00,9,168,114,,0,67.85714285714286
2026-09-04 21:15:36+09:00,9,168,116,,0,69.04761904761905
2026-09-04 21:20:34+09:00,9,168,114,,0,67.85714285714286
2026-09-04 21:25:32+09:00,9,168,116,,0,69.04761904761905
2026-09-04 21:30:32+09:00,9,168,120,,0,71.42857142857143
2026-09-04 21:35:32+09:00,9,168,121,,0,72.02380952380952
2026-09-04 21:40:32+09:00,9,168,119,,0,70.83333333333334
2026-09-04 21:45:34+09:00,9,168,120,,0,71.42857142857143
2026-09-04 21:50:33+09:00,9,168,125,,0,74.40476190476191
2026-09-04 21:55:32+09:00,9,168,125,,0,74.40476190476191
2026-09-04 22:00:32+09:00,9,168,122,,0,72.61904761904762
2026-09-04 22:05:32+09:00,9,168,128,,0,76.19047619047619
2026-09-04 22:10:33+09:00,9,168,134,,0,79.76190476190477
2026-09-04 22:15:33+09:00,9,168,137,,0,81.54761904761905
2026-09-04 22:20:32+09:00,9,168,136,,0,80.95238095238095
2026-09-04 22:25:33+09:00,9,168,135,,0,80.35714285714286
2026-09-04 22:30:33+09:00,9,168,135,,0,80.35714285714286
2026-09-04 22:35:32+09:00,9,168,135,,0,80.35714285714286
2026-09-04 22:40:33+09:00,9,168,136,,0,80.95238095238095
2026-09-04 22:45:33+09:00,9,168,134,,0,79.76190476190477
2026-09-04 22:50:32+09:00,9,168,133,,0,79.16666666666666
2026-09-04 22:55:32+09:00,9,168,136,,0,80.95238095238095
2026-09-04 23:00:33+09:00,9,168,137,,0,81.54761904761905
2026-09-04 23:05:32+09:00,9,168,140,,0,83.33333333333334
2026-09-04 23:10:34+09:00,9,168,140,,0,83.33333333333334
2026-09-04 23:15:36+09:00,9,168,140,,0,83.33333333333334
2026-09-04 23:20:32+09:00,9,168,142,,0,84.52380952380952
2026-09-04 23:25:32+09:00,9,168,141,,0,83.92857142857143
2026-09-04 23:30:32+09:00,9,168,141,,0,83.92857142857143
2026-09-04 23:35:32+09:00,9,168,141,,0,83.92857142857143
2026-09-04 23:40:32+09:00,9,168,141,,0,83.92857142857143
2026-09-04 23:45:32+09:00,9,168,139,,0,82.73809523809523
2026-09-04 23:50:33+09:00,9,168,140,,0,83.33333333333334
2026-09-04 23:55:32+09:00,9,168,140,,0,83.33333333333334
2026-09-04 09:45:34+09:00,10,182,119,30.78817733990148,4,65.38461538461539
2026-09-04 09:50:33+09:00,10,182,117,30.78817733990148,4,64.28571428571429
2026-09-04 09:55:33+09:00,10,182,114,30.78817733990148,4,62.637362637362635
2026-09-04 10:00:32+09:00,10,182,110,,0,60.43956043956044
2026-09-04 10:05:32+09:00,10,182,109,,0,59.89010989010989
2026-09-04 10:10:32+09:00,10,182,108,,0,59.34065934065934
2026-09-04 10:15:32+09:00,10,182,106,,0,58.24175824175825
2026-09-04 10:20:32+09:00,10,182,103,,0,56.59340659340659
2026-09-04 10:25:32+09:00,10,182,99,,0,54.395604395604394
2026-09-04 10:30:32+09:00,10,182,102,,0,56.043956043956044
2026-09-04 10:35:32+09:00,10,182,102,,0,56.043956043956044
2026-09-04 10:40:32+09:00,10,182,102,,0,56.043956043956044
2026-09-04 10:45:32+09:00,10,182,102,,0,56.043956043956044
2026-09-04 10:50:32+09:00,10,182,104,,0,57.14285714285714
2026-09-04 10:55:32+09:00,10,182,105,,0,57.692307692307686
2026-09-04 11:00:32+09:00,10,182,105,,0,57.692307692307686
2026-09-04 11:05:32+09:00,10,182,105,,0,57.692307692307686
2026-09-04 11:10:32+09:00,10,182,102,,0,56.043956043956044
2026-09-04 11:15:32+09:00,10,182,104,,0,57.14285714285714
2026-09-04 11:20:32+09:00,10,182,102,,0,56.043956043956044
2026-09-04 11:25:32+09:00,10,182,103,,0,56.59340659340659
2026-09-04 11:30:32+09:00,10,182,104,,0,57.14285714285714
2026-09-04 11:35:32+09:00,10,182,104,,0,57.14285714285714
2026-09-04 11:40:35+09:00,10,182,105,,0,57.692307692307686
2026-09-04 11:45:32+09:00,10,182,100,,0,54.94505494505495
2026-09-04 11:50:32+09:00,10,182,99,,0,54.395604395604394
2026-09-04 11:55:33+09:00,10,182,99,,0,54.395604395604394
2026-09-04 12:00:32+09:00,10,182,93,,0,51.098901098901095
2026-09-04 12:05:32+09:00,10,182,90,,0,49.45054945054945
2026-09-04 12:10:32+09:00,10,182,89,,0,48.9010989010989
2026-09-04 12:15:33+09:00,10,182,87,,0,47.8021978021978
2026-09-04 12:20:32+09:00,10,182,90,,0,49.45054945054945
2026-09-04 12:25:32+09:00,10,182,95,,0,52.197802197802204
2026-09-04 12:30:32+09:00,10,182,98,,0,53.84615384615385
2026-09-04 12:35:32+09:00,10,182,100,,0,54.94505494505495
2026-09-04 12:40:33+09:00,10,182,100,,0,54.94505494505495
2026-09-04 12:45:32+09:00,10,182,104,,0,57.14285714285714
2026-09-04 12:50:32+09:00,10,182,105,,0,57.692307692307686
2026-09-04 12:55:32+09:00,10,182,108,,0,59.34065934065934
2026-09-04 13:00:32+09:00,10,182,104,,0,57.14285714285714
2026-09-04 13:05:32+09:00,10,182,101,,0,55.494505494505496
2026-09-04 13:10:32+09:00,10,182,98,,0,53.84615384615385
2026-09-04 13:15:32+09:00,10,182,94,,0,51.64835164835166
2026-09-04 13:20:32+09:00,10,182,94,,0,51.64835164835166
2026-09-04 13:25:32+09:00,10,182,93,,0,51.098901098901095
2026-09-04 13:30:32+09:00,10,182,92,,0,50.54945054945055
2026-09-04 13:35:32+09:00,10,182,92,,0,50.54945054945055
2026-09-04 13:40:32+09:00,10,182,87,,0,47.8021978021978
2026-09-04 13:45:33+09:00,10,182,86,,0,47.25274725274725
2026-09-04 13:50:32+09:00,10,182,86,,0,47.25274725274725
2026-09-04 13:55:33+09:00,10,182,88,,0,48.35164835164835
2026-09-04 14:00:32+09:00,10,182,84,,0,46.15384615384615
2026-09-04 14:05:33+09:00,10,182,86,31.1576354679803,4,47.25274725274725
2026-09-04 14:10:32+09:00,10,182,86,31.03448275862069,4,47.25274725274725
2026-09-04 14:15:34+09:00,10,182,84,31.03448275862069,4,46.15384615384615
2026-09-04 14:20:34+09:00,10,182,83,31.2807881773399,4,45.604395604395606
2026-09-04 14:25:34+09:00,10,182,82,31.52709359605911,4,45.05494505494506
2026-09-04 14:30:32+09:00,10,182,81,31.40394088669951,4,44.505494505494504
2026-09-04 14:35:33+09:00,10,182,83,31.40394088669951,4,45.604395604395606
2026-09-04 14:40:32+09:00,10,182,83,32.01970443349754,4,45.604395604395606
2026-09-04 14:45:35+09:00,10,182,84,32.389162561576356,4,46.15384615384615
2026-09-04 14:50:34+09:00,10,182,83,32.512315270935964,4,45.604395604395606
2026-09-04 14:55:34+09:00,10,182,84,32.88177339901478,4,46.15384615384615
2026-09-04 15:00:32+09:00,10,182,85,32.88177339901478,4,46.7032967032967
2026-09-04 15:05:33+09:00,10,182,88,33.12807881773399,4,48.35164835164835
2026-09-04 15:10:33+09:00,10,182,88,33.3743842364532,4,48.35164835164835
2026-09-04 15:15:33+09:00,10,182,88,33.3743842364532,4,48.35164835164835
2026-09-04 15:20:32+09:00,10,182,89,33.3743842364532,4,48.9010989010989
2026-09-04 15:25:32+09:00,10,182,93,11.49425287356322,3,51.098901098901095
2026-09-04 15:30:32+09:00,10,182,93,33.62068965517241,4,51.098901098901095
2026-09-04 15:35:32+09:00,10,182,94,33.62068965517241,4,51.64835164835166
2026-09-04 15:40:32+09:00,10,182,95,33.12807881773399,4,52.197802197802204
2026-09-04 15:45:34+09:00,10,182,98,33.004926108374384,4,53.84615384615385
2026-09-04 15:50:34+09:00,10,182,101,33.12807881773399,4,55.494505494505496
2026-09-04 15:55:33+09:00,10,182,101,33.251231527093594,4,55.494505494505496
2026-09-04 16:00:34+09:00,10,182,101,33.251231527093594,4,55.494505494505496
2026-09-04 16:05:34+09:00,10,182,101,33.004926108374384,4,55.494505494505496
2026-09-04 16:10:35+09:00,10,182,102,33.3743842364532,4,56.043956043956044
2026-09-04 16:15:35+09:00,10,182,102,33.004926108374384,4,56.043956043956044
2026-09-04 16:20:33+09:00,10,182,104,33.004926108374384,4,57.14285714285714
2026-09-04 16:25:32+09:00,10,182,104,33.62068965517241,4,57.14285714285714
2026-09-04 16:30:33+09:00,10,182,101,33.62068965517241,4,55.494505494505496
2026-09-04 16:35:32+09:00,10,182,103,33.62068965517241,4,56.59340659340659
2026-09-04 16:40:32+09:00,10,182,100,11.49425287356322,3,54.94505494505495
2026-09-04 16:45:32+09:00,10,182,100,11.49425287356322,3,54.94505494505495
2026-09-04 16:50:32+09:00,10,182,98,11.49425287356322,3,53.84615384615385
2026-09-04 16:55:32+09:00,10,182,95,11.49425287356322,3,52.197802197802204
2026-09-04 17:00:32+09:00,10,182,93,11.49425287356322,3,51.098901098901095
2026-09-04 17:05:33+09:00,10,182,96,11.49425287356322,3,52.74725274725275
2026-09-04 17:10:33+09:00,10,182,97,11.49425287356322,3,53.2967032967033
2026-09-04 17:15:32+09:00,10,182,98,33.62068965517241,4,53.84615384615385
2026-09-04 17:20:32+09:00,10,182,101,33.62068965517241,4,55.494505494505496
2026-09-04 17:25:32+09:00,10,182,103,33.62068965517241,4,56.59340659340659
2026-09-04 17:30:34+09:00,10,182,103,11.49425287356322,3,56.59340659340659
2026-09-04 17:35:35+09:00,10,182,103,11.49425287356322,3,56.59340659340659
2026-09-04 17:40:35+09:00,10,182,106,11.49425287356322,3,58.24175824175825
2026-09-04 17:45:34+09:00,10,182,107,11.49425287356322,3,58.791208791208796
2026-09-04 17:50:32+09:00,10,182,104,11.49425287356322,3,57.14285714285714
2026-09-04 17:55:33+09:00,10,182,107,11.49425287356322,3,58.791208791208796
2026-09-04 18:00:32+09:00,10,182,107,11.49425287356322,3,58.791208791208796
2026-09-04 18:05:32+09:00,10,182,108,11.49425287356322,3,59.34065934065934
2026-09-04 18:10:34+09:00,10,182,109,11.49425287356322,3,59.89010989010989
2026-09-04 18:15:32+09:00,10,182,111,11.49425287356322,3,60.98901098901099
2026-09-04 18:20:32+09:00,10,182,112,11.49425287356322,3,61.53846153846154
2026-09-04 18:25:32+09:00,10,182,113,11.49425287356322,3,62.08791208791209
2026-09-04 18:30:32+09:00,10,182,116,11.49425287356322,3,63.73626373626373
2026-09-04 18:35:32+09:00,10,182,113,11.49425287356322,3,62.08791208791209
2026-09-04 18:40:35+09:00,10,182,115,11.49425287356322,3,63.18681318681318
2026-09-04 18:45:35+09:00,10,182,114,11.49425287356322,3,62.637362637362635
2026-09-04 18:50:33+09:00,10,182,114,11.49425287356322,3,62.637362637362635
2026-09-04 18:55:34+09:00,10,182,116,11.49425287356322,3,63.73626373626373
2026-09-04 19:00:34+09:00,10,182,115,11.49425287356322,3,63.18681318681318
2026-09-04 19:05:32+09:00,10,182,113,11.49425287356322,3,62.08791208791209
2026-09-04 19:10:33+09:00,10,182,113,11.49425287356322,3,62.08791208791209
2026-09-04 19:15:32+09:00,10,182,112,11.49425287356322,3,61.53846153846154
2026-09-04 19:20:32+09:00,10,182,113,11.49425287356322,3,62.08791208791209
2026-09-04 19:25:32+09:00,10,182,114,11.49425287356322,3,62.637362637362635
2026-09-04 19:30:32+09:00,10,182,115,11.49425287356322,3,63.18681318681318
2026-09-04 19:35:33+09:00,10,182,113,11.49425287356322,3,62.08791208791209
2026-09-04 19:40:35+09:00,10,182,114,11.49425287356322,3,62.637362637362635
2026-09-04 19:45:32+09:00,10,182,114,11.49425287356322,3,62.637362637362635
2026-09-04 19:50:33+09:00,10,182,116,11.49425287356322,3,63.73626373626373
2026-09-04 19:55:34+09:00,10,182,114,11.49425287356322,3,62.637362637362635
2026-09-04 20:00:32+09:00,10,182,114,11.49425287356322,3,62.637362637362635
2026-09-04 20:05:33+09:00,10,182,114,11.49425287356322,3,62.637362637362635
2026-09-04 20:10:32+09:00,10,182,115,11.49425287356322,3,63.18681318681318
2026-09-04 20:15:32+09:00,10,182,114,11.49425287356322,3,62.637362637362635
2026-09-04 20:20:33+09:00,10,182,116,11.49425287356322,3,63.73626373626373
2026-09-04 20:25:33+09:00,10,182,115,11.49425287356322,3,63.18681318681318
2026-09-04 20:30:33+09:00,10,182,116,11.49425287356322,3,63.73626373626373
2026-09-04 20:35:32+09:00,10,182,117,11.49425287356322,3,64.28571428571429
2026-09-04 20:40:32+09:00,10,182,120,32.26600985221675,4,65.93406593406593
2026-09-04 20:45:32+09:00,10,182,121,32.01970443349754,4,66.48351648351648
2026-09-04 20:50:32+09:00,10,182,119,31.65024630541872,4,65.38461538461539
2026-09-04 20:55:33+09:00,10,182,117,31.40394088669951,4,64.28571428571429
2026-09-04 21:00:33+09:00,10,182,116,31.40394088669951,4,63.73626373626373
2026-09-04 21:05:33+09:00,10,182,117,31.2807881773399,4,64.28571428571429
2026-09-04 21:10:34+09:00,10,182,117,31.1576354679803,4,64.28571428571429
2026-09-04 21:15:36+09:00,10,182,120,30.665024630541872,4,65.93406593406593
2026-09-04 21:20:34+09:00,10,182,121,31.03448275862069,4,66.48351648351648
2026-09-04 21:25:32+09:00,10,182,125,30.911330049261082,4,68.68131868131869
2026-09-04 21:30:32+09:00,10,182,127,30.665024630541872,4,69.78021978021978
2026-09-04 21:35:32+09:00,10,182,127,30.54187192118227,4,69.78021978021978
2026-09-04 21:40:32+09:00,10,182,128,30.665024630541872,4,70.32967032967034
2026-09-04 21:45:34+09:00,10,182,129,29.926108374384235,4,70.87912087912088
2026-09-04 21:50:33+09:00,10,182,130,29.802955665024633,4,71.42857142857143
2026-09-04 21:55:32+09:00,10,182,129,29.310344827586206,4,70.87912087912088
2026-09-04 22:00:32+09:00,10,182,130,29.064039408866996,4,71.42857142857143
2026-09-04 22:05:32+09:00,10,182,131,28.940886699507388,4,71.97802197802197
2026-09-04 22:10:33+09:00,10,182,133,28.817733990147786,4,73.07692307692307
2026-09-04 22:15:33+09:00,10,182,131,28.57142857142857,4,71.97802197802197
2026-09-04 22:20:32+09:00,10,182,131,28.57142857142857,4,71.97802197802197
2026-09-04 22:25:33+09:00,10,182,130,28.32512315270936,4,71.42857142857143
2026-09-04 22:30:33+09:00,10,182,131,27.832512315270932,4,71.97802197802197
2026-09-04 22:35:32+09:00,10,182,131,27.586206896551722,4,71.97802197802197
2026-09-04 22:40:33+09:00,10,182,132,27.586206896551722,4,72.52747252747253
2026-09-04 22:45:33+09:00,10,182,135,27.216748768472904,4,74.17582417582418
2026-09-04 22:50:32+09:00,10,182,134,26.847290640394093,4,73.62637362637363
2026-09-04 22:55:32+09:00,10,182,134,26.354679802955665,4,73.62637362637363
2026-09-04 23:00:33+09:00,10,182,134,26.108374384236456,4,73.62637362637363
2026-09-04 23:05:32+09:00,10,182,134,25.61576354679803,4,73.62637362637363
2026-09-04 23:10:34+09:00,10,182,137,25.49261083743842,4,75.27472527472527
2026-09-04 23:15:36+09:00,10,182,137,25.24630541871921,4,75.27472527472527
2026-09-04 23:20:32+09:00,10,182,138,25.24630541871921,4,75.82417582417582
2026-09-04 23:25:32+09:00,10,182,138,25.0,4,75.82417582417582
2026-09-04 23:30:32+09:00,10,182,139,24.63054187192118,4,76.37362637362637
2026-09-04 23:35:32+09:00,10,182,139,24.75369458128079,4,76.37362637362637
2026-09-04 23:40:32+09:00,10,182,140,24.13793103448276,4,76.92307692307693
2026-09-04 23:45:32+09:00,10,182,142,24.014778325123153,4,78.02197802197803
2026-09-04 23:50:33+09:00,10,182,144,23.891625615763548,4,79.12087912087912
2026-09-04 23:55:32+09:00,10,182,146,23.645320197044335,4,80.21978021978022
2026-09-04 09:45:34+09:00,11,99,65,19.414177618478693,6,65.65656565656566
2026-09-04 09:50:33+09:00,11,99,61,19.414177618478693,6,61.61616161616161
2026-09-04 09:55:33+09:00,11,99,62,19.414177618478693,6,62.62626262626263
2026-09-04 10:00:32+09:00,11,99,59,,0,59.59595959595959
2026-09-04 10:05:32+09:00,11,99,60,,0,60.60606060606061
2026-09-04 10:10:32+09:00,11,99,58,,0,58.58585858585859
2026-09-04 10:15:32+09:00,11,99,59,,0,59.59595959595959
2026-09-04 10:20:32+09:00,11,99,61,,0,61.61616161616161
2026-09-04 10:25:32+09:00,11,99,63,,0,63.63636363636363
2026-09-04 10:30:32+09:00,11,99,64,,0,64.64646464646465
2026-09-04 10:35:32+09:00,11,99,63,,0,63.63636363636363
2026-09-04 10:40:32+09:00,11,99,64,,0,64.64646464646465
2026-09-04 10:45:32+09:00,11,99,64,,0,64.64646464646465
2026-09-04 10:50:32+09:00,11,99,64,,0,64.64646464646465
2026-09-04 10:55:32+09:00,11,99,65,,0,65.65656565656566
2026-09-04 11:00:32+09:00,11,99,63,,0,63.63636363636363
2026-09-04 11:05:32+09:00,11,99,62,,0,62.62626262626263
2026-09-04 11:10:32+09:00,11,99,61,,0,61.61616161616161
2026-09-04 11:15:32+09:00,11,99,58,,0,58.58585858585859
2026-09-04 11:20:32+09:00,11,99,55,,0,55.55555555555556
2026-09-04 11:25:32+09:00,11,99,54,,0,54.54545454545454
2026-09-04 11:30:32+09:00,11,99,53,,0,53.535353535353536
2026-09-04 11:35:32+09:00,11,99,49,,0,49.494949494949495
2026-09-04 11:40:35+09:00,11,99,49,,0,49.494949494949495
2026-09-04 11:45:32+09:00,11,99,46,,0,46.464646464646464
2026-09-04 11:50:32+09:00,11,99,43,,0,43.43434343434344
2026-09-04 11:55:33+09:00,11,99,40,,0,40.4040404040404
2026-09-04 12:00:32+09:00,11,99,36,,0,36.36363636363637
2026-09-04 12:05:32+09:00,11,99,37,,0,37.37373737373738
2026-09-04 12:10:32+09:00,11,99,34,,0,34.34343434343434
2026-09-04 12:15:33+09:00,11,99,33,,0,33.33333333333333
2026-09-04 12:20:32+09:00,11,99,33,,0,33.33333333333333
2026-09-04 12:25:32+09:00,11,99,33,,0,33.33333333333333
2026-09-04 12:30:32+09:00,11,99,31,,0,31.313131313131315
2026-09-04 12:35:32+09:00,11,99,27,,0,27.27272727272727
2026-09-04 12:40:33+09:00,11,99,29,,0,29.292929292929294
2026-09-04 12:45:32+09:00,11,99,33,,0,33.33333333333333
2026-09-04 12:50:32+09:00,11,99,38,,0,38.38383838383838
2026-09-04 12:55:32+09:00,11,99,39,,0,39.39393939393939
2026-09-04 13:00:32+09:00,11,99,37,,0,37.37373737373738
2026-09-04 13:05:32+09:00,11,99,39,,0,39.39393939393939
2026-09-04 13:10:32+09:00,11,99,39,,0,39.39393939393939
2026-09-04 13:15:32+09:00,11,99,35,,0,35.35353535353536
2026-09-04 13:20:32+09:00,11,99,31,,0,31.313131313131315
2026-09-04 13:25:32+09:00,11,99,34,,0,34.34343434343434
2026-09-04 13:30:32+09:00,11,99,34,,0,34.34343434343434
2026-09-04 13:35:32+09:00,11,99,35,,0,35.35353535353536
2026-09-04 13:40:32+09:00,11,99,35,,0,35.35353535353536
2026-09-04 13:45:33+09:00,11,99,41,,0,41.41414141414141
2026-09-04 13:50:32+09:00,11,99,37,,0,37.37373737373738
2026-09-04 13:55:33+09:00,11,99,37,,0,37.37373737373738
2026-09-04 14:00:32+09:00,11,99,37,,0,37.37373737373738
2026-09-04 14:05:33+09:00,11,99,36,65.96714456391875,6,36.36363636363637
2026-09-04 14:10:32+09:00,11,99,32,67.00444408240106,6,32.323232323232325
2026-09-04 14:15:34+09:00,11,99,33,67.57264400275153,6,33.33333333333333
2026-09-04 14:20:34+09:00,11,99,34,66.125113138554,6,34.34343434343434
2026-09-04 14:25:34+09:00,11,99,34,68.33023786249593,6,34.34343434343434
2026-09-04 14:30:32+09:00,11,99,34,64.42698490279135,6,34.34343434343434
2026-09-04 14:35:33+09:00,11,99,34,64.30999963795664,6,34.34343434343434
2026-09-04 14:40:32+09:00,11,99,34,64.88463487925854,6,34.34343434343434
2026-09-04 14:45:35+09:00,11,99,35,66.14757792983599,6,35.35353535353536
2026-09-04 14:50:34+09:00,11,99,34,66.1930143731219,6,34.34343434343434
2026-09-04 14:55:34+09:00,11,99,35,64.69211831577422,6,35.35353535353536
2026-09-04 15:00:32+09:00,11,99,37,59.38481590094493,5,37.37373737373738
2026-09-04 15:05:33+09:00,11,99,37,66.31759349770103,6,37.37373737373738
2026-09-04 15:10:33+09:00,11,99,37,63.43491365265559,6,37.37373737373738
2026-09-04 15:15:33+09:00,11,99,38,62.202834799608986,6,38.38383838383838
2026-09-04 15:20:32+09:00,11,99,38,60.93770138662611,6,38.38383838383838
2026-09-04 15:25:32+09:00,11,99,38,62.40404945512472,6,38.38383838383838
2026-09-04 15:30:32+09:00,11,99,36,60.19138517794431,6,36.36363636363637
2026-09-04 15:35:32+09:00,11,99,37,59.385793418051485,6,37.37373737373738
2026-09-04 15:40:32+09:00,11,99,38,62.11478585134498,6,38.38383838383838
2026-09-04 15:45:34+09:00,11,99,38,63.3386372687448,6,38.38383838383838
2026-09-04 15:50:34+09:00,11,99,38,61.96710835958148,6,38.38383838383838
2026-09-04 15:55:33+09:00,11,99,39,61.34172368849787,6,39.39393939393939
2026-09-04 16:00:34+09:00,11,99,38,59.19019043481409,6,38.38383838383838
2026-09-04 16:05:34+09:00,11,99,36,60.66828681075992,6,36.36363636363637
2026-09-04 16:10:35+09:00,11,99,39,58.593914050903294,6,39.39393939393939
2026-09-04 16:15:35+09:00,11,99,41,57.09196806777452,6,41.41414141414141
2026-09-04 16:20:33+09:00,11,99,41,54.56946707215525,6,41.41414141414141
2026-09-04 16:25:32+09:00,11,99,38,57.7629158973245,6,38.38383838383838
2026-09-04 16:30:33+09:00,11,99,39,56.287607255349194,6,39.39393939393939
2026-09-04 16:35:32+09:00,11,99,39,57.790992360884836,6,39.39393939393939
2026-09-04 16:40:32+09:00,11,99,41,59.22531769305963,6,41.41414141414141
2026-09-04 16:45:32+09:00,11,99,36,61.515142464067196,6,36.36363636363637
2026-09-04 16:50:32+09:00,11,99,38,60.16243075920496,6,38.38383838383838
2026-09-04 16:55:32+09:00,11,99,32,62.00618189059049,6,32.323232323232325
2026-09-04 17:00:32+09:00,11,99,31,61.22531769305963,6,31.313131313131315
2026-09-04 17:05:33+09:00,11,99,31,60.17563629122768,6,31.313131313131315
2026-09-04 17:10:33+09:00,11,99,29,58.31452518011658,6,29.292929292929294
2026-09-04 17:15:32+09:00,11,99,29,55.147297346222075,6,29.292929292929294
2026-09-04 17:20:32+09:00,11,99,33,54.21742514753267,6,33.33333333333333
2026-09-04 17:25:32+09:00,11,99,33,54.30384490061909,6,33.33333333333333
2026-09-04 17:30:34+09:00,11,99,32,50.16583396690924,6,32.323232323232325
2026-09-04 17:35:35+09:00,11,99,33,50.019613699721226,6,33.33333333333333
2026-09-04 17:40:35+09:00,11,99,33,46.83809420368561,6,33.33333333333333
2026-09-04 17:45:34+09:00,11,99,31,47.78416784330762,6,31.313131313131315
2026-09-04 17:50:32+09:00,11,99,32,49.334446616704675,6,32.323232323232325
2026-09-04 17:55:33+09:00,11,99,32,48.50390101734188,6,32.323232323232325
2026-09-04 18:00:32+09:00,11,99,37,48.13691575250715,6,37.37373737373738
2026-09-04 18:05:32+09:00,11,99,37,47.97333550559356,6,37.37373737373738
2026-09-04 18:10:34+09:00,11,99,35,50.31871583215669,6,35.35353535353536
2026-09-04 18:15:32+09:00,11,99,38,49.578011295753235,6,38.38383838383838
2026-09-04 18:20:32+09:00,11,99,39,49.82124108468195,6,39.39393939393939
2026-09-04 18:25:32+09:00,11,99,34,50.92030520256326,6,34.34343434343434
2026-09-04 18:30:32+09:00,11,99,38,52.16443104883965,6,38.38383838383838
2026-09-04 18:35:32+09:00,11,99,33,53.593144708736105,6,33.33333333333333
2026-09-04 18:40:35+09:00,11,99,28,53.864749647007706,6,28.28282828282828
2026-09-04 18:45:35+09:00,11,99,24,54.133566851308785,6,24.242424242424242
2026-09-04 18:50:33+09:00,11,99,20,52.28420404764491,6,20.2020202020202
2026-09-04 18:55:34+09:00,11,99,15,39.68035190615835,5,15.151515151515152
2026-09-04 19:00:34+09:00,11,99,13,39.86255023351798,5,13.131313131313133
2026-09-04 19:05:32+09:00,11,99,11,38.706636255023355,5,11.11111111111111
2026-09-04 19:10:33+09:00,11,99,7,39.07700662539372,5,7.07070707070707
2026-09-04 19:15:32+09:00,11,99,7,39.58775931356576,5,7.07070707070707
2026-09-04 19:20:32+09:00,11,99,10,39.63554903877484,5,10.1010101010101
2026-09-04 19:25:32+09:00,11,99,8,38.8500054306506,5,8.080808080808081
2026-09-04 19:30:32+09:00,11,99,5,35.65705441511893,5,5.05050505050505
2026-09-04 19:35:33+09:00,11,99,5,38.10926468990985,5,5.05050505050505
2026-09-04 19:40:35+09:00,11,99,6,37.32372108178559,5,6.0606060606060606
2026-09-04 19:45:32+09:00,11,99,7,36.953350711415226,5,7.07070707070707
2026-09-04 19:50:33+09:00,11,99,6,37.00114043662431,5,6.0606060606060606
2026-09-04 19:55:34+09:00,11,99,4,37.00114043662431,5,4.040404040404041
2026-09-04 20:00:32+09:00,11,99,4,36.63077006625394,5,4.040404040404041
2026-09-04 20:05:33+09:00,11,99,4,36.678559791463016,5,4.040404040404041
2026-09-04 20:10:32+09:00,11,99,7,35.5226458129684,5,7.07070707070707
2026-09-04 20:15:32+09:00,11,99,7,33.53339850114044,5,7.07070707070707
2026-09-04 20:20:33+09:00,11,99,10,33.9963614641034,5,10.1010101010101
2026-09-04 20:25:33+09:00,11,99,11,31.451558596719885,5,11.11111111111111
2026-09-04 20:30:33+09:00,11,99,10,30.758607581188226,5,10.1010101010101
2026-09-04 20:35:32+09:00,11,99,11,28.76936026936027,5,11.11111111111111
2026-09-04 20:40:32+09:00,11,99,12,27.613446290865646,5,12.121212121212121
2026-09-04 20:45:32+09:00,11,99,5,26.87270555012491,5,5.05050505050505
2026-09-04 20:50:32+09:00,11,99,7,22.894210926468993,5,7.07070707070707
2026-09-04 20:55:33+09:00,11,99,8,20.86314760508309,5,8.080808080808081
2026-09-04 21:00:33+09:00,11,99,8,19.755023351797544,5,8.080808080808081
2026-09-04 21:05:33+09:00,11,99,9,20.125393722167917,5,9.090909090909092
2026-09-04 21:10:34+09:00,11,99,12,18.59910937330292,5,12.121212121212121
2026-09-04 21:15:36+09:00,11,99,13,17.2132073422396,5,13.131313131313133
2026-09-04 21:20:34+09:00,11,99,12,17.58357771260997,5,12.121212121212121
2026-09-04 21:25:32+09:00,11,99,11,17.58357771260997,5,11.11111111111111
2026-09-04 21:30:32+09:00,11,99,13,29.70674486803519,6,13.131313131313133
2026-09-04 21:35:32+09:00,11,99,10,27.785199666920096,6,10.1010101010101
2026-09-04 21:40:32+09:00,11,99,11,32.697078309981535,5,11.11111111111111
2026-09-04 21:45:34+09:00,11,99,13,31.51858368632562,5,13.131313131313133
2026-09-04 21:50:33+09:00,11,99,14,31.51045943304008,5,14.14141414141414
2026-09-04 21:55:32+09:00,11,99,13,31.24379276637341,5,13.131313131313133
2026-09-04 22:00:32+09:00,11,99,13,29.169718692299334,5,13.131313131313133
2026-09-04 22:05:32+09:00,11,99,17,28.903052025632668,5,17.17171717171717
2026-09-04 22:10:33+09:00,11,99,16,27.199348321928966,5,16.161616161616163
2026-09-04 22:15:33+09:00,11,99,20,27.569718692299336,5,20.2020202020202
2026-09-04 22:20:32+09:00,11,99,27,27.406755729336375,5,27.27272727272727
2026-09-04 22:25:33+09:00,11,99,27,26.71045943304008,5,27.27272727272727
2026-09-04 22:30:33+09:00,11,99,28,27.82157054415119,5,28.28282828282828
2026-09-04 22:35:32+09:00,11,99,29,27.288237210817858,5,29.292929292929294
2026-09-04 22:40:33+09:00,11,99,33,26.754903877484526,5,33.33333333333333
2026-09-04 22:45:33+09:00,11,99,32,26.384533507114156,5,32.323232323232325
2026-09-04 22:50:32+09:00,11,99,33,26.117866840447487,5,33.33333333333333
2026-09-04 22:55:32+09:00,11,99,33,25.584533507114152,5,33.33333333333333
2026-09-04 23:00:33+09:00,11,99,33,26.058607581188227,5,33.33333333333333
2026-09-04 23:05:32+09:00,11,99,33,20.234567901234566,6,33.33333333333333
2026-09-04 23:10:34+09:00,11,99,35,20.012345679012345,6,35.35353535353536
2026-09-04 23:15:36+09:00,11,99,37,20.456790123456788,6,37.37373737373738
2026-09-04 23:20:32+09:00,11,99,37,20.456790123456788,6,37.37373737373738
2026-09-04 23:25:32+09:00,11,99,39,20.456790123456788,6,39.39393939393939
2026-09-04 23:30:32+09:00,11,99,40,20.67901234567901,6,40.4040404040404
2026-09-04 23:35:32+09:00,11,99,41,20.456790123456788,6,41.41414141414141
2026-09-04 23:40:32+09:00,11,99,41,20.456790123456788,6,41.41414141414141
2026-09-04 23:45:32+09:00,11,99,41,19.790123456790123,6,41.41414141414141
2026-09-04 23:50:33+09:00,11,99,42,18.901234567901238,6,42.42424242424242
2026-09-04 23:55:32+09:00,11,99,45,18.814814814814813,6,45.45454545454545
2026-09-04 09:45:34+09:00,12,44,26,57.12944198804552,3,59.09090909090909
2026-09-04 09:50:33+09:00,12,44,26,57.12944198804552,3,59.09090909090909
2026-09-04 09:55:33+09:00,12,44,26,57.12944198804552,3,59.09090909090909
2026-09-04 10:00:32+09:00,12,44,26,,0,59.09090909090909
2026-09-04 10:05:32+09:00,12,44,26,,0,59.09090909090909
2026-09-04 10:10:32+09:00,12,44,25,,0,56.81818181818182
2026-09-04 10:15:32+09:00,12,44,25,,0,56.81818181818182
2026-09-04 10:20:32+09:00,12,44,24,,0,54.54545454545454
2026-09-04 10:25:32+09:00,12,44,24,,0,54.54545454545454
2026-09-04 10:30:32+09:00,12,44,24,,0,54.54545454545454
2026-09-04 10:35:32+09:00,12,44,24,,0,54.54545454545454
2026-09-04 10:40:32+09:00,12,44,24,,0,54.54545454545454
2026-09-04 10:45:32+09:00,12,44,24,,0,54.54545454545454
2026-09-04 10:50:32+09:00,12,44,24,,0,54.54545454545454
2026-09-04 10:55:32+09:00,12,44,24,,0,54.54545454545454
2026-09-04 11:00:32+09:00,12,44,24,,0,54.54545454545454
2026-09-04 11:05:32+09:00,12,44,24,,0,54.54545454545454
2026-09-04 11:10:32+09:00,12,44,24,,0,54.54545454545454
2026-09-04 11:15:32+09:00,12,44,24,,0,54.54545454545454
2026-09-04 11:20:32+09:00,12,44,24,,0,54.54545454545454
2026-09-04 11:25:32+09:00,12,44,24,,0,54.54545454545454
2026-09-04 11:30:32+09:00,12,44,24,,0,54.54545454545454
2026-09-04 11:35:32+09:00,12,44,24,,0,54.54545454545454
2026-09-04 11:40:35+09:00,12,44,24,,0,54.54545454545454
2026-09-04 11:45:32+09:00,12,44,24,,0,54.54545454545454
2026-09-04 11:50:32+09:00,12,44,24,,0,54.54545454545454
2026-09-04 11:55:33+09:00,12,44,24,,0,54.54545454545454
2026-09-04 12:00:32+09:00,12,44,24,,0,54.54545454545454
2026-09-04 12:05:32+09:00,12,44,24,,0,54.54545454545454
2026-09-04 12:10:32+09:00,12,44,24,,0,54.54545454545454
2026-09-04 12:15:33+09:00,12,44,24,,0,54.54545454545454
2026-09-04 12:20:32+09:00,12,44,24,,0,54.54545454545454
2026-09-04 12:25:32+09:00,12,44,24,,0,54.54545454545454
2026-09-04 12:30:32+09:00,12,44,25,,0,56.81818181818182
2026-09-04 12:35:32+09:00,12,44,26,,0,59.09090909090909
2026-09-04 12:40:33+09:00,12,44,26,,0,59.09090909090909
2026-09-04 12:45:32+09:00,12,44,26,,0,59.09090909090909
2026-09-04 12:50:32+09:00,12,44,26,,0,59.09090909090909
2026-09-04 12:55:32+09:00,12,44,26,,0,59.09090909090909
2026-09-04 13:00:32+09:00,12,44,26,,0,59.09090909090909
2026-09-04 13:05:32+09:00,12,44,26,,0,59.09090909090909
2026-09-04 13:10:32+09:00,12,44,27,,0,61.36363636363637
2026-09-04 13:15:32+09:00,12,44,27,,0,61.36363636363637
2026-09-04 13:20:32+09:00,12,44,27,,0,61.36363636363637
2026-09-04 13:25:32+09:00,12,44,27,,0,61.36363636363637
2026-09-04 13:30:32+09:00,12,44,28,,0,63.63636363636363
2026-09-04 13:35:32+09:00,12,44,28,,0,63.63636363636363
2026-09-04 13:40:32+09:00,12,44,28,,0,63.63636363636363
2026-09-04 13:45:33+09:00,12,44,28,,0,63.63636363636363
2026-09-04 13:50:32+09:00,12,44,28,,0,63.63636363636363
2026-09-04 13:55:33+09:00,12,44,28,,0,63.63636363636363
2026-09-04 14:00:32+09:00,12,44,29,,0,65.9090909090909
2026-09-04 14:05:33+09:00,12,44,29,68.48798411528698,3,65.9090909090909
2026-09-04 14:10:32+09:00,12,44,29,67.76334643412757,3,65.9090909090909
2026-09-04 14:15:34+09:00,12,44,29,67.32119462867436,3,65.9090909090909
2026-09-04 14:20:34+09:00,12,44,29,67.32119462867436,3,65.9090909090909
2026-09-04 14:25:34+09:00,12,44,29,67.38593097519038,3,65.9090909090909
2026-09-04 14:30:32+09:00,12,44,29,68.04583230983378,3,65.9090909090909
2026-09-04 14:35:33+09:00,12,44,29,68.89328993695243,3,65.9090909090909
2026-09-04 14:40:32+09:00,12,44,29,69.24051215917466,3,65.9090909090909
2026-09-04 14:45:35+09:00,12,44,29,69.24051215917466,3,65.9090909090909
2026-09-04 14:50:34+09:00,12,44,29,69.24051215917466,3,65.9090909090909
2026-09-04 14:55:34+09:00,12,44,29,69.58773438139687,3,65.9090909090909
2026-09-04 15:00:32+09:00,12,44,29,69.58773438139687,3,65.9090909090909
2026-09-04 15:05:33+09:00,12,44,29,69.5575411446819,3,65.9090909090909
2026-09-04 15:10:33+09:00,12,44,29,68.55041758781626,3,65.9090909090909
2026-09-04 15:15:33+09:00,12,44,30,69.8400270203881,3,68.18181818181817
2026-09-04 15:20:32+09:00,12,44,30,71.19437279947597,3,68.18181818181817
2026-09-04 15:25:32+09:00,12,44,30,70.81695734053876,3,68.18181818181817
2026-09-04 15:30:32+09:00,12,44,30,71.7593445508884,3,68.18181818181817
2026-09-04 15:35:32+09:00,12,44,30,71.47685867518219,3,68.18181818181817
2026-09-04 15:40:32+09:00,12,44,30,71.12963645295996,3,68.18181818181817
2026-09-04 15:45:34+09:00,12,44,30,71.12963645295996,3,68.18181818181817
2026-09-04 15:50:34+09:00,12,44,30,69.21031892245968,3,68.18181818181817
2026-09-04 15:55:33+09:00,12,44,30,69.14558257594366,3,68.18181818181817
2026-09-04 16:00:34+09:00,12,44,30,69.24051215917466,3,68.18181818181817
2026-09-04 16:05:34+09:00,12,44,30,69.30524850569066,3,68.18181818181817
2026-09-04 16:10:35+09:00,12,44,30,67.82143003357079,3,68.18181818181817
2026-09-04 16:15:35+09:00,12,44,29,68.03917956276099,3,65.9090909090909
2026-09-04 16:20:33+09:00,12,44,29,68.3216654384672,3,65.9090909090909
2026-09-04 16:25:32+09:00,12,44,28,69.45826168836486,3,63.63636363636363
2026-09-04 16:30:33+09:00,12,44,28,70.68313477442071,3,63.63636363636363
2026-09-04 16:35:32+09:00,12,44,28,70.33591255219848,3,63.63636363636363
2026-09-04 16:40:32+09:00,12,44,28,71.03035699664292,3,63.63636363636363
2026-09-04 16:45:32+09:00,12,44,28,70.58820519118972,3,63.63636363636363
2026-09-04 16:50:32+09:00,12,44,28,72.63264554163597,3,63.63636363636363
2026-09-04 16:55:32+09:00,12,44,29,73.82732539097684,3,65.9090909090909
2026-09-04 17:00:32+09:00,12,44,29,74.67478301809548,3,65.9090909090909
2026-09-04 17:05:33+09:00,12,44,29,74.67478301809548,3,65.9090909090909
2026-09-04 17:10:33+09:00,12,44,29,75.36922746253992,3,65.9090909090909
2026-09-04 17:15:32+09:00,12,44,29,65.84569209039547,2,65.9090909090909
2026-09-04 17:20:32+09:00,12,44,29,65.84569209039547,2,65.9090909090909
2026-09-04 17:25:32+09:00,12,44,29,68.44985875706215,2,65.9090909090909
2026-09-04 17:30:34+09:00,12,44,29,69.29731638418079,2,65.9090909090909
2026-09-04 17:35:35+09:00,12,44,29,69.72104519774012,2,65.9090909090909
2026-09-04 17:40:35+09:00,12,44,29,69.0677966101695,2,65.9090909090909
2026-09-04 17:45:34+09:00,12,44,29,68.87358757062148,2,65.9090909090909
2026-09-04 17:50:32+09:00,12,44,29,70.99223163841808,2,65.9090909090909
2026-09-04 17:55:33+09:00,12,44,29,70.66560734463278,2,65.9090909090909
2026-09-04 18:00:32+09:00,12,44,29,79.74929378531074,3,65.9090909090909
2026-09-04 18:05:32+09:00,12,44,30,79.46680790960453,3,68.18181818181817
2026-09-04 18:10:34+09:00,12,44,30,79.18432203389831,3,68.18181818181817
2026-09-04 18:15:32+09:00,12,44,31,67.9290254237288,2,70.45454545454545
2026-09-04 18:20:32+09:00,12,44,31,68.97069209039547,2,70.45454545454545
2026-09-04 18:25:32+09:00,12,44,31,68.54696327683615,2,70.45454545454545
2026-09-04 18:30:32+09:00,12,44,31,68.54696327683615,2,70.45454545454545
2026-09-04 18:35:32+09:00,12,44,29,66.98446327683615,2,65.9090909090909
2026-09-04 18:40:35+09:00,12,44,29,65.32485875706215,2,65.9090909090909
2026-09-04 18:45:35+09:00,12,44,28,66.3665254237288,2,63.63636363636363
2026-09-04 18:50:33+09:00,12,44,27,64.8040254237288,2,61.36363636363637
2026-09-04 18:55:34+09:00,12,44,27,66.69314971751413,2,61.36363636363637
2026-09-04 19:00:34+09:00,12,44,27,65.74858757062148,2,61.36363636363637
2026-09-04 19:05:32+09:00,12,44,27,64.4774011299435,2,61.36363636363637
2026-09-04 19:10:33+09:00,12,44,27,67.34639830508475,2,61.36363636363637
2026-09-04 19:15:32+09:00,12,44,27,65.78389830508475,2,61.36363636363637
2026-09-04 19:20:32+09:00,12,44,27,66.82556497175142,2,61.36363636363637
2026-09-04 19:25:32+09:00,12,44,27,39.58333333333333,1,61.36363636363637
2026-09-04 19:30:32+09:00,12,44,27,35.41666666666667,1,61.36363636363637
2026-09-04 19:35:33+09:00,12,44,27,67.70833333333334,2,61.36363636363637
2026-09-04 19:40:35+09:00,12,44,27,66.76377118644068,2,61.36363636363637
2026-09-04 19:45:32+09:00,12,44,27,66.9579802259887,2,61.36363636363637
2026-09-04 19:50:33+09:00,12,44,27,64.64512711864407,2,61.36363636363637
2026-09-04 19:55:34+09:00,12,44,27,65.49258474576271,2,61.36363636363637
2026-09-04 20:00:32+09:00,12,44,27,65.49258474576271,2,61.36363636363637
2026-09-04 20:05:33+09:00,12,44,27,64.45091807909606,2,61.36363636363637
2026-09-04 20:10:32+09:00,12,44,27,64.02718926553672,2,61.36363636363637
2026-09-04 20:15:32+09:00,12,44,27,63.603460451977405,2,61.36363636363637
2026-09-04 20:20:33+09:00,12,44,27,63.603460451977405,2,61.36363636363637
2026-09-04 20:25:33+09:00,12,44,27,63.30626177024482,3,61.36363636363637
2026-09-04 20:30:33+09:00,12,44,27,63.02377589453861,3,61.36363636363637
2026-09-04 20:35:32+09:00,12,44,27,63.78295668549905,3,61.36363636363637
2026-09-04 20:40:32+09:00,12,44,27,45.25070621468927,2,61.36363636363637
2026-09-04 20:45:32+09:00,12,44,27,46.09816384180792,2,61.36363636363637
2026-09-04 20:50:32+09:00,12,44,26,45.67443502824859,2,59.09090909090909
2026-09-04 20:55:33+09:00,12,44,26,45.15360169491525,2,59.09090909090909
2026-09-04 21:00:33+09:00,12,44,26,63.43573446327684,3,59.09090909090909
2026-09-04 21:05:33+09:00,12,44,26,63.78295668549905,3,59.09090909090909
2026-09-04 21:10:34+09:00,12,44,26,63.78295668549905,3,59.09090909090909
2026-09-04 21:15:36+09:00,12,44,26,63.21798493408662,3,59.09090909090909
2026-09-04 21:20:34+09:00,12,44,26,62.21086137722099,3,59.09090909090909
2026-09-04 21:25:32+09:00,12,44,26,62.558083599443215,3,59.09090909090909
2026-09-04 21:30:32+09:00,12,44,26,61.92837550151478,3,59.09090909090909
2026-09-04 21:35:32+09:00,12,44,26,61.58115327929255,3,59.09090909090909
2026-09-04 21:40:32+09:00,12,44,26,60.2268075002047,3,59.09090909090909
2026-09-04 21:45:34+09:00,12,44,26,58.84226848440187,3,59.09090909090909
2026-09-04 21:50:33+09:00,12,44,26,58.84226848440187,3,59.09090909090909
2026-09-04 21:55:32+09:00,12,44,25,58.84226848440187,3,56.81818181818182
2026-09-04 22:00:32+09:00,12,44,25,57.99481085728322,3,56.81818181818182
2026-09-04 22:05:32+09:00,12,44,25,55.322965282895275,3,56.81818181818182
2026-09-04 22:10:33+09:00,12,44,25,56.047602964054704,3,56.81818181818182
2026-09-04 22:15:33+09:00,12,44,25,55.322965282895275,3,56.81818181818182
2026-09-04 22:20:32+09:00,12,44,25,54.186369032997625,3,56.81818181818182
2026-09-04 22:25:33+09:00,12,44,26,53.71632686481618,3,59.09090909090909
2026-09-04 22:30:33+09:00,12,44,26,51.60715016785392,3,59.09090909090909
2026-09-04 22:35:32+09:00,12,44,26,51.60715016785392,3,59.09090909090909
2026-09-04 22:40:33+09:00,12,44,26,52.23685826578236,3,59.09090909090909
2026-09-04 22:45:33+09:00,12,44,26,51.512220584622945,3,59.09090909090909
2026-09-04 22:50:32+09:00,12,44,26,52.01245598951937,3,59.09090909090909
2026-09-04 22:55:32+09:00,12,44,26,51.382747891590924,3,59.09090909090909
2026-09-04 23:00:33+09:00,12,44,26,51.382747891590924,3,59.09090909090909
2026-09-04 23:05:32+09:00,12,44,26,51.0355256693687,3,59.09090909090909
2026-09-04 23:10:34+09:00,12,44,26,50.75303979366249,3,59.09090909090909
2026-09-04 23:15:36+09:00,12,44,26,50.47055391795627,3,59.09090909090909
2026-09-04 23:20:32+09:00,12,44,26,51.195191599115695,3,59.09090909090909
2026-09-04 23:25:32+09:00,12,44,26,51.195191599115695,3,59.09090909090909
2026-09-04 23:30:32+09:00,12,44,25,51.195191599115695,3,56.81818181818182
2026-09-04 23:35:32+09:00,12,44,25,51.195191599115695,3,56.81818181818182
2026-09-04 23:40:32+09:00,12,44,25,50.47055391795627,3,56.81818181818182
2026-09-04 23:45:32+09:00,12,44,25,50.12333169573406,3,56.81818181818182
2026-09-04 23:50:33+09:00,12,44,25,49.840845820027845,3,56.81818181818182
2026-09-04 23:55:32+09:00,12,44,25,49.840845820027845,3,56.81818181818182
2026-09-04 09:45:34+09:00,13,46,12,46.12812446498887,3,26.08695652173913
2026-09-04 09:50:33+09:00,13,46,11,46.12812446498887,3,23.91304347826087
2026-09-04 09:55:33+09:00,13,46,11,46.12812446498887,3,23.91304347826087
2026-09-04 10:00:32+09:00,13,46,10,,0,21.73913043478261
2026-09-04 10:05:32+09:00,13,46,9,,0,19.565217391304348
2026-09-04 10:10:32+09:00,13,46,9,,0,19.565217391304348
2026-09-04 10:15:32+09:00,13,46,9,,0,19.565217391304348
2026-09-04 10:20:32+09:00,13,46,10,,0,21.73913043478261
2026-09-04 10:25:32+09:00,13,46,10,,0,21.73913043478261
2026-09-04 10:30:32+09:00,13,46,10,,0,21.73913043478261
2026-09-04 10:35:32+09:00,13,46,9,,0,19.565217391304348
2026-09-04 10:40:32+09:00,13,46,8,,0,17.391304347826086
2026-09-04 10:45:32+09:00,13,46,7,,0,15.217391304347828
2026-09-04 10:50:32+09:00,13,46,7,,0,15.217391304347828
2026-09-04 10:55:32+09:00,13,46,8,,0,17.391304347826086
2026-09-04 11:00:32+09:00,13,46,8,,0,17.391304347826086
2026-09-04 11:05:32+09:00,13,46,7,,0,15.217391304347828
2026-09-04 11:10:32+09:00,13,46,7,,0,15.217391304347828
2026-09-04 11:15:32+09:00,13,46,8,,0,17.391304347826086
2026-09-04 11:20:32+09:00,13,46,8,,0,17.391304347826086
2026-09-04 11:25:32+09:00,13,46,8,,0,17.391304347826086
2026-09-04 11:30:32+09:00,13,46,8,,0,17.391304347826086
2026-09-04 11:35:32+09:00,13,46,8,,0,17.391304347826086
2026-09-04 11:40:35+09:00,13,46,7,,0,15.217391304347828
2026-09-04 11:45:32+09:00,13,46,7,,0,15.217391304347828
2026-09-04 11:50:32+09:00,13,46,6,,0,13.043478260869565
2026-09-04 11:55:33+09:00,13,46,7,,0,15.217391304347828
2026-09-04 12:00:32+09:00,13,46,7,,0,15.217391304347828
2026-09-04 12:05:32+09:00,13,46,8,,0,17.391304347826086
2026-09-04 12:10:32+09:00,13,46,11,,0,23.91304347826087
2026-09-04 12:15:33+09:00,13,46,11,,0,23.91304347826087
2026-09-04 12:20:32+09:00,13,46,10,,0,21.73913043478261
2026-09-04 12:25:32+09:00,13,46,9,,0,19.565217391304348
2026-09-04 12:30:32+09:00,13,46,9,,0,19.565217391304348
2026-09-04 12:35:32+09:00,13,46,7,,0,15.217391304347828
2026-09-04 12:40:33+09:00,13,46,7,,0,15.217391304347828
2026-09-04 12:45:32+09:00,13,46,7,,0,15.217391304347828
2026-09-04 12:50:32+09:00,13,46,7,,0,15.217391304347828
2026-09-04 12:55:32+09:00,13,46,7,,0,15.217391304347828
2026-09-04 13:00:32+09:00,13,46,6,,0,13.043478260869565
2026-09-04 13:05:32+09:00,13,46,6,,0,13.043478260869565
2026-09-04 13:10:32+09:00,13,46,6,,0,13.043478260869565
2026-09-04 13:15:32+09:00,13,46,6,,0,13.043478260869565
2026-09-04 13:20:32+09:00,13,46,6,,0,13.043478260869565
2026-09-04 13:25:32+09:00,13,46,5,,0,10.869565217391305
2026-09-04 13:30:32+09:00,13,46,5,,0,10.869565217391305
2026-09-04 13:35:32+09:00,13,46,5,,0,10.869565217391305
2026-09-04 13:40:32+09:00,13,46,5,,0,10.869565217391305
2026-09-04 13:45:33+09:00,13,46,5,,0,10.869565217391305
2026-09-04 13:50:32+09:00,13,46,4,,0,8.695652173913043
2026-09-04 13:55:33+09:00,13,46,4,,0,8.695652173913043
2026-09-04 14:00:32+09:00,13,46,6,,0,13.043478260869565
2026-09-04 14:05:33+09:00,13,46,4,49.4168378702277,3,8.695652173913043
2026-09-04 14:10:32+09:00,13,46,6,49.4168378702277,3,13.043478260869565
2026-09-04 14:15:34+09:00,13,46,6,49.69932374593392,3,13.043478260869565
2026-09-04 14:20:34+09:00,13,46,6,49.69932374593392,3,13.043478260869565
2026-09-04 14:25:34+09:00,13,46,5,49.76406009244992,3,10.869565217391305
2026-09-04 14:30:32+09:00,13,46,5,49.69932374593392,3,10.869565217391305
2026-09-04 14:35:33+09:00,13,46,5,50.54678137305256,3,10.869565217391305
2026-09-04 14:40:32+09:00,13,46,5,50.894003595274775,3,10.869565217391305
2026-09-04 14:45:35+09:00,13,46,5,50.894003595274775,3,10.869565217391305
2026-09-04 14:50:34+09:00,13,46,5,50.894003595274775,3,10.869565217391305
2026-09-04 14:55:34+09:00,13,46,5,51.241225817497,3,10.869565217391305
2026-09-04 15:00:32+09:00,13,46,6,51.241225817497,3,13.043478260869565
2026-09-04 15:05:33+09:00,13,46,6,51.935670261941446,3,13.043478260869565
2026-09-04 15:10:33+09:00,13,46,6,51.65318438623523,3,13.043478260869565
2026-09-04 15:15:33+09:00,13,46,6,51.460580380071896,3,13.043478260869565
2026-09-04 15:20:32+09:00,13,46,5,52.09028847800034,3,10.869565217391305
2026-09-04 15:25:32+09:00,13,46,5,52.43751070022256,3,10.869565217391305
2026-09-04 15:30:32+09:00,13,46,5,52.65526022941278,3,10.869565217391305
2026-09-04 15:35:32+09:00,13,46,5,52.37277435370655,3,10.869565217391305
2026-09-04 15:40:32+09:00,13,46,5,52.025552131484325,3,10.869565217391305
2026-09-04 15:45:34+09:00,13,46,5,52.025552131484325,3,10.869565217391305
2026-09-04 15:50:34+09:00,13,46,6,50.83087228214347,3,13.043478260869565
2026-09-04 15:55:33+09:00,13,46,5,50.76613593562746,3,10.869565217391305
2026-09-04 16:00:34+09:00,13,46,5,50.136427837699024,3,10.869565217391305
2026-09-04 16:05:34+09:00,13,46,5,50.20116418421503,3,10.869565217391305
2026-09-04 16:10:35+09:00,13,46,6,49.44198339325458,3,13.043478260869565
2026-09-04 16:15:35+09:00,13,46,6,50.41730868002054,3,13.043478260869565
2026-09-04 16:20:33+09:00,13,46,6,50.699794555726754,3,13.043478260869565
2026-09-04 16:25:32+09:00,13,46,5,51.86932888204075,3,10.869565217391305
2026-09-04 16:30:33+09:00,13,46,4,52.36956428693717,3,8.695652173913043
2026-09-04 16:35:32+09:00,13,46,4,52.022342064714955,3,8.695652173913043
2026-09-04 16:40:32+09:00,13,46,4,52.71678650915939,3,8.695652173913043
2026-09-04 16:45:32+09:00,13,46,4,52.999272384865606,3,8.695652173913043
2026-09-04 16:50:32+09:00,13,46,2,52.869799691833585,3,4.3478260869565215
2026-09-04 16:55:32+09:00,13,46,1,54.06447954117446,3,2.1739130434782608
2026-09-04 17:00:32+09:00,13,46,1,54.15436141071734,3,2.1739130434782608
2026-09-04 17:05:33+09:00,13,46,0,54.15436141071734,3,0.0
2026-09-04 17:10:33+09:00,13,46,0,54.84880585516179,3,0.0
2026-09-04 17:15:32+09:00,13,46,0,55.260764423900014,3,0.0
2026-09-04 17:20:32+09:00,13,46,0,55.260764423900014,3,0.0
2026-09-04 17:25:32+09:00,13,46,0,56.99687553501113,3,0.0
2026-09-04 17:30:34+09:00,13,46,0,57.56184728642356,3,0.0
2026-09-04 17:35:35+09:00,13,46,0,57.84433316212977,3,0.0
2026-09-04 17:40:35+09:00,13,46,0,57.40883410374935,3,0.0
2026-09-04 17:45:34+09:00,13,46,0,57.27936141071734,3,0.0
2026-09-04 17:50:32+09:00,13,46,0,58.691790789248415,3,0.0
2026-09-04 17:55:33+09:00,13,46,0,58.47404126005821,3,0.0
2026-09-04 18:00:32+09:00,13,46,0,57.779596815613765,3,0.0
2026-09-04 18:05:32+09:00,13,46,0,57.49711093990755,3,0.0
2026-09-04 18:10:34+09:00,13,46,0,56.45704930662558,3,0.0
2026-09-04 18:15:32+09:00,13,46,0,55.13450179763739,3,0.0
2026-09-04 18:20:32+09:00,13,46,0,55.82894624208183,3,0.0
2026-09-04 18:25:32+09:00,13,46,0,55.54646036637562,3,0.0
2026-09-04 18:30:32+09:00,13,46,0,55.54646036637562,3,0.0
2026-09-04 18:35:32+09:00,13,46,0,56.01994521486046,3,0.0
2026-09-04 18:40:35+09:00,13,46,0,54.91354220167779,3,0.0
2026-09-04 18:45:35+09:00,13,46,0,55.607986646122235,3,0.0
2026-09-04 18:50:33+09:00,13,46,0,55.32389573703133,3,0.0
2026-09-04 18:55:34+09:00,13,46,0,57.340887690463965,3,0.0
2026-09-04 19:00:34+09:00,13,46,0,56.71117959253553,3,0.0
2026-09-04 19:05:32+09:00,13,46,0,55.863721965416886,3,0.0
2026-09-04 19:10:33+09:00,13,46,0,57.776386748844374,3,0.0
2026-09-04 19:15:32+09:00,13,46,0,56.73472008217771,3,0.0
2026-09-04 19:20:32+09:00,13,46,0,57.42916452662215,3,0.0
2026-09-04 19:25:32+09:00,13,46,0,39.109848484848484,2,0.0
2026-09-04 19:30:32+09:00,13,46,0,37.026515151515156,2,0.0
2026-09-04 19:35:33+09:00,13,46,0,58.01767676767677,3,0.0
2026-09-04 19:40:35+09:00,13,46,0,57.387968669748325,3,0.0
2026-09-04 19:45:32+09:00,13,46,0,57.517441362780346,3,0.0
2026-09-04 19:50:33+09:00,13,46,0,55.97553929121725,3,0.0
2026-09-04 19:55:34+09:00,13,46,0,56.54051104262968,3,0.0
2026-09-04 20:00:32+09:00,13,46,0,56.54051104262968,3,0.0
2026-09-04 20:05:33+09:00,13,46,0,55.846066598185246,3,0.0
2026-09-04 20:10:32+09:00,13,46,0,55.56358072247903,3,0.0
2026-09-04 20:15:32+09:00,13,46,0,54.52351908919706,3,0.0
2026-09-04 20:20:33+09:00,13,46,0,55.28109484677282,3,0.0
2026-09-04 20:25:33+09:00,13,46,0,42.85171631569937,3,0.0
2026-09-04 20:30:33+09:00,13,46,0,42.569230439993156,3,0.0
2026-09-04 20:35:32+09:00,13,46,0,43.328411230953606,3,0.0
2026-09-04 20:40:32+09:00,13,46,0,43.04592535524739,3,0.0
2026-09-04 20:45:32+09:00,13,46,0,43.61089710665982,3,0.0
2026-09-04 20:50:32+09:00,13,46,0,43.328411230953606,3,0.0
2026-09-04 20:55:33+09:00,13,46,0,43.738764766307135,3,0.0
2026-09-04 21:00:33+09:00,13,46,0,43.738764766307135,3,0.0
2026-09-04 21:05:33+09:00,13,46,0,44.08598698852936,3,0.0
2026-09-04 21:10:34+09:00,13,46,0,44.08598698852936,3,0.0
2026-09-04 21:15:36+09:00,13,46,0,43.521015237116934,3,0.0
2026-09-04 21:20:34+09:00,13,46,1,43.23852936141072,3,2.1739130434782608
2026-09-04 21:25:32+09:00,13,46,1,43.58575158363294,3,2.1739130434782608
2026-09-04 21:30:32+09:00,13,46,1,42.956043485704505,3,2.1739130434782608
2026-09-04 21:35:32+09:00,13,46,2,42.608821263482284,3,4.3478260869565215
2026-09-04 21:40:32+09:00,13,46,3,41.97911316555385,3,6.521739130434782
2026-09-04 21:45:34+09:00,13,46,4,42.04384951206985,3,8.695652173913043
2026-09-04 21:50:33+09:00,13,46,4,42.04384951206985,3,8.695652173913043
2026-09-04 21:55:32+09:00,13,46,4,42.80142526964561,3,8.695652173913043
2026-09-04 22:00:32+09:00,13,46,4,41.95396764252697,3,8.695652173913043
2026-09-04 22:05:32+09:00,13,46,3,39.28212206813902,3,6.521739130434782
2026-09-04 22:10:33+09:00,13,46,3,39.28212206813902,3,6.521739130434782
2026-09-04 22:15:33+09:00,13,46,5,39.28212206813902,3,10.869565217391305
2026-09-04 22:20:32+09:00,13,46,5,38.87016349940079,3,10.869565217391305
2026-09-04 22:25:33+09:00,13,46,5,36.917907892484166,3,10.869565217391305
2026-09-04 22:30:33+09:00,13,46,7,36.98264423900017,3,15.217391304347828
2026-09-04 22:35:32+09:00,13,46,7,36.98264423900017,3,15.217391304347828
2026-09-04 22:40:33+09:00,13,46,8,37.61235233692861,3,17.391304347826086
2026-09-04 22:45:33+09:00,13,46,7,37.61235233692861,3,15.217391304347828
2026-09-04 22:50:32+09:00,13,46,8,38.11258774182503,3,17.391304347826086
2026-09-04 22:55:32+09:00,13,46,8,37.482879643896595,3,17.391304347826086
2026-09-04 23:00:33+09:00,13,46,8,37.482879643896595,3,17.391304347826086
2026-09-04 23:05:32+09:00,13,46,8,37.135657421674374,3,17.391304347826086
2026-09-04 23:10:34+09:00,13,46,8,36.85317154596816,3,17.391304347826086
2026-09-04 23:15:36+09:00,13,46,7,36.570685670261945,3,15.217391304347828
2026-09-04 23:20:32+09:00,13,46,7,36.570685670261945,3,15.217391304347828
2026-09-04 23:25:32+09:00,13,46,7,36.570685670261945,3,15.217391304347828
2026-09-04 23:30:32+09:00,13,46,7,37.3282614278377,3,15.217391304347828
2026-09-04 23:35:32+09:00,13,46,7,37.3282614278377,3,15.217391304347828
2026-09-04 23:40:32+09:00,13,46,8,37.3282614278377,3,17.391304347826086
2026-09-04 23:45:32+09:00,13,46,8,36.98103920561548,3,17.391304347826086
2026-09-04 23:50:33+09:00,13,46,8,36.69855332990926,3,17.391304347826086
2026-09-04 23:55:32+09:00,13,46,8,36.69855332990926,3,17.391304347826086
2026-09-04 09:45:34+09:00,14,43,43,26.666666666666668,1,100.0
2026-09-04 09:50:33+09:00,14,43,43,26.666666666666668,1,100.0
2026-09-04 09:55:33+09:00,14,43,43,26.666666666666668,1,100.0
2026-09-04 10:00:32+09:00,14,43,43,,0,100.0
2026-09-04 10:05:32+09:00,14,43,43,,0,100.0
2026-09-04 10:10:32+09:00,14,43,43,,0,100.0
2026-09-04 10:15:32+09:00,14,43,43,,0,100.0
2026-09-04 10:20:32+09:00,14,43,43,,0,100.0
2026-09-04 10:25:32+09:00,14,43,43,,0,100.0
2026-09-04 10:30:32+09:00,14,43,43,,0,100.0
2026-09-04 10:35:32+09:00,14,43,43,,0,100.0
2026-09-04 10:40:32+09:00,14,43,43,,0,100.0
2026-09-04 10:45:32+09:00,14,43,43,,0,100.0
2026-09-04 10:50:32+09:00,14,43,43,,0,100.0
2026-09-04 10:55:32+09:00,14,43,43,,0,100.0
2026-09-04 11:00:32+09:00,14,43,43,,0,100.0
2026-09-04 11:05:32+09:00,14,43,43,,0,100.0
2026-09-04 11:10:32+09:00,14,43,43,,0,100.0
2026-09-04 11:15:32+09:00,14,43,43,,0,100.0
2026-09-04 11:20:32+09:00,14,43,43,,0,100.0
2026-09-04 11:25:32+09:00,14,43,43,,0,100.0
2026-09-04 11:30:32+09:00,14,43,43,,0,100.0
2026-09-04 11:35:32+09:00,14,43,43,,0,100.0
2026-09-04 11:40:35+09:00,14,43,43,,0,100.0
2026-09-04 11:45:32+09:00,14,43,43,,0,100.0
2026-09-04 11:50:32+09:00,14,43,43,,0,100.0
2026-09-04 11:55:33+09:00,14,43,43,,0,100.0
2026-09-04 12:00:32+09:00,14,43,43,,0,100.0
2026-09-04 12:05:32+09:00,14,43,43,,0,100.0
2026-09-04 12:10:32+09:00,14,43,43,,0,100.0
2026-09-04 12:15:33+09:00,14,43,43,,0,100.0
2026-09-04 12:20:32+09:00,14,43,43,,0,100.0
2026-09-04 12:25:32+09:00,14,43,43,,0,100.0
2026-09-04 12:30:32+09:00,14,43,43,,0,100.0
2026-09-04 12:35:32+09:00,14,43,43,,0,100.0
2026-09-04 12:40:33+09:00,14,43,43,,0,100.0
2026-09-04 12:45:32+09:00,14,43,43,,0,100.0
2026-09-04 12:50:32+09:00,14,43,43,,0,100.0
2026-09-04 12:55:32+09:00,14,43,43,,0,100.0
2026-09-04 13:00:32+09:00,14,43,43,,0,100.0
2026-09-04 13:05:32+09:00,14,43,43,,0,100.0
2026-09-04 13:10:32+09:00,14,43,43,,0,100.0
2026-09-04 13:15:32+09:00,14,43,43,,0,100.0
2026-09-04 13:20:32+09:00,14,43,43,,0,100.0
2026-09-04 13:25:32+09:00,14,43,43,,0,100.0
2026-09-04 13:30:32+09:00,14,43,43,,0,100.0
2026-09-04 13:35:32+09:00,14,43,43,,0,100.0
2026-09-04 13:40:32+09:00,14,43,43,,0,100.0
2026-09-04 13:45:33+09:00,14,43,43,,0,100.0
2026-09-04 13:50:32+09:00,14,43,43,,0,100.0
2026-09-04 13:55:33+09:00,14,43,43,,0,100.0
2026-09-04 14:00:32+09:00,14,43,43,,0,100.0
2026-09-04 14:05:33+09:00,14,43,43,26.666666666666668,1,100.0
2026-09-04 14:10:32+09:00,14,43,43,26.666666666666668,1,100.0
2026-09-04 14:15:34+09:00,14,43,43,26.666666666666668,1,100.0
2026-09-04 14:20:34+09:00,14,43,43,26.666666666666668,1,100.0
2026-09-04 14:25:34+09:00,14,43,43,26.666666666666668,1,100.0
2026-09-04 14:30:32+09:00,14,43,43,26.666666666666668,1,100.0
2026-09-04 14:35:33+09:00,14,43,43,26.666666666666668,1,100.0
2026-09-04 14:40:32+09:00,14,43,43,26.666666666666668,1,100.0
2026-09-04 14:45:35+09:00,14,43,43,26.666666666666668,1,100.0
2026-09-04 14:50:34+09:00,14,43,43,26.666666666666668,1,100.0
2026-09-04 14:55:34+09:00,14,43,43,26.666666666666668,1,100.0
2026-09-04 15:00:32+09:00,14,43,43,26.666666666666668,1,100.0
2026-09-04 15:05:33+09:00,14,43,43,26.666666666666668,1,100.0
2026-09-04 15:10:33+09:00,14,43,43,26.666666666666668,1,100.0
2026-09-04 15:15:33+09:00,14,43,43,26.666666666666668,1,100.0
2026-09-04 15:20:32+09:00,14,43,43,26.666666666666668,1,100.0
2026-09-04 15:25:32+09:00,14,43,43,26.666666666666668,1,100.0
2026-09-04 15:30:32+09:00,14,43,43,26.666666666666668,1,100.0
2026-09-04 15:35:32+09:00,14,43,43,26.666666666666668,1,100.0
2026-09-04 15:40:32+09:00,14,43,43,26.666666666666668,1,100.0
2026-09-04 15:45:34+09:00,14,43,43,26.666666666666668,1,100.0
2026-09-04 15:50:34+09:00,14,43,43,26.666666666666668,1,100.0
2026-09-04 15:55:33+09:00,14,43,43,26.666666666666668,1,100.0
2026-09-04 16:00:34+09:00,14,43,43,26.666666666666668,1,100.0
2026-09-04 16:05:34+09:00,14,43,43,26.666666666666668,1,100.0
2026-09-04 16:10:35+09:00,14,43,43,26.666666666666668,1,100.0
2026-09-04 16:15:35+09:00,14,43,43,26.666666666666668,1,100.0
2026-09-04 16:20:33+09:00,14,43,43,26.666666666666668,1,100.0
2026-09-04 16:25:32+09:00,14,43,43,26.666666666666668,1,100.0
2026-09-04 16:30:33+09:00,14,43,43,26.666666666666668,1,100.0
2026-09-04 16:35:32+09:00,14,43,43,26.666666666666668,1,100.0
2026-09-04 16:40:32+09:00,14,43,43,26.666666666666668,1,100.0
2026-09-04 16:45:32+09:00,14,43,43,26.666666666666668,1,100.0
2026-09-04 16:50:32+09:00,14,43,43,26.666666666666668,1,100.0
2026-09-04 16:55:32+09:00,14,43,43,26.666666666666668,1,100.0
2026-09-04 17:00:32+09:00,14,43,43,26.666666666666668,1,100.0
2026-09-04 17:05:33+09:00,14,43,43,26.666666666666668,1,100.0
2026-09-04 17:10:33+09:00,14,43,43,26.666666666666668,1,100.0
2026-09-04 17:15:32+09:00,14,43,43,26.666666666666668,1,100.0
2026-09-04 17:20:32+09:00,14,43,43,26.666666666666668,1,100.0
2026-09-04 17:25:32+09:00,14,43,43,26.666666666666668,1,100.0
2026-09-04 17:30:34+09:00,14,43,43,26.666666666666668,1,100.0
2026-09-04 17:35:35+09:00,14,43,43,26.666666666666668,1,100.0
2026-09-04 17:40:35+09:00,14,43,43,26.666666666666668,1,100.0
2026-09-04 17:45:34+09:00,14,43,43,26.666666666666668,1,100.0
2026-09-04 17:50:32+09:00,14,43,43,26.666666666666668,1,100.0
2026-09-04 17:55:33+09:00,14,43,43,26.666666666666668,1,100.0
2026-09-04 18:00:32+09:00,14,43,43,26.666666666666668,1,100.0
2026-09-04 18:05:32+09:00,14,43,43,26.666666666666668,1,100.0
2026-09-04 18:10:34+09:00,14,43,43,26.666666666666668,1,100.0
2026-09-04 18:15:32+09:00,14,43,43,26.666666666666668,1,100.0
2026-09-04 18:20:32+09:00,14,43,43,26.666666666666668,1,100.0
2026-09-04 18:25:32+09:00,14,43,43,26.666666666666668,1,100.0
2026-09-04 18:30:32+09:00,14,43,43,26.666666666666668,1,100.0
2026-09-04 18:35:32+09:00,14,43,43,26.666666666666668,1,100.0
2026-09-04 18:40:35+09:00,14,43,43,26.666666666666668,1,100.0
2026-09-04 18:45:35+09:00,14,43,43,26.666666666666668,1,100.0
2026-09-04 18:50:33+09:00,14,43,43,26.666666666666668,1,100.0
2026-09-04 18:55:34+09:00,14,43,43,26.666666666666668,1,100.0
2026-09-04 19:00:34+09:00,14,43,43,26.666666666666668,1,100.0
2026-09-04 19:05:32+09:00,14,43,43,26.666666666666668,1,100.0
2026-09-04 19:10:33+09:00,14,43,43,26.666666666666668,1,100.0
2026-09-04 19:15:32+09:00,14,43,43,26.666666666666668,1,100.0
2026-09-04 19:20:32+09:00,14,43,43,26.666666666666668,1,100.0
2026-09-04 19:25:32+09:00,14,43,43,26.666666666666668,1,100.0
2026-09-04 19:30:32+09:00,14,43,43,26.666666666666668,1,100.0
2026-09-04 19:35:33+09:00,14,43,43,26.666666666666668,1,100.0
2026-09-04 19:40:35+09:00,14,43,43,26.666666666666668,1,100.0
2026-09-04 19:45:32+09:00,14,43,43,26.666666666666668,1,100.0
2026-09-04 19:50:33+09:00,14,43,43,26.666666666666668,1,100.0
2026-09-04 19:55:34+09:00,14,43,43,26.666666666666668,1,100.0
2026-09-04 20:00:32+09:00,14,43,43,26.666666666666668,1,100.0
2026-09-04 20:05:33+09:00,14,43,43,26.666666666666668,1,100.0
2026-09-04 20:10:32+09:00,14,43,43,26.666666666666668,1,100.0
2026-09-04 20:15:32+09:00,14,43,43,26.666666666666668,1,100.0
2026-09-04 20:20:33+09:00,14,43,43,26.666666666666668,1,100.0
2026-09-04 20:25:33+09:00,14,43,43,26.666666666666668,1,100.0
2026-09-04 20:30:33+09:00,14,43,43,26.666666666666668,1,100.0
2026-09-04 20:35:32+09:00,14,43,43,26.666666666666668,1,100.0
2026-09-04 20:40:32+09:00,14,43,43,26.666666666666668,1,100.0
2026-09-04 20:45:32+09:00,14,43,43,26.666666666666668,1,100.0
2026-09-04 20:50:32+09:00,14,43,43,26.666666666666668,1,100.0
2026-09-04 20:55:33+09:00,14,43,43,26.666666666666668,1,100.0
2026-09-04 21:00:33+09:00,14,43,43,26.666666666666668,1,100.0
2026-09-04 21:05:33+09:00,14,43,43,26.666666666666668,1,100.0
2026-09-04 21:10:34+09:00,14,43,43,26.666666666666668,1,100.0
2026-09-04 21:15:36+09:00,14,43,43,26.666666666666668,1,100.0
2026-09-04 21:20:34+09:00,14,43,43,26.666666666666668,1,100.0
2026-09-04 21:25:32+09:00,14,43,43,26.666666666666668,1,100.0
2026-09-04 21:30:32+09:00,14,43,43,26.666666666666668,1,100.0
2026-09-04 21:35:32+09:00,14,43,43,26.666666666666668,1,100.0
2026-09-04 21:40:32+09:00,14,43,43,26.666666666666668,1,100.0
2026-09-04 21:45:34+09:00,14,43,43,26.666666666666668,1,100.0
2026-09-04 21:50:33+09:00,14,43,43,26.666666666666668,1,100.0
2026-09-04 21:55:32+09:00,14,43,43,26.666666666666668,1,100.0
2026-09-04 22:00:32+09:00,14,43,43,26.666666666666668,1,100.0
2026-09-04 22:05:32+09:00,14,43,43,26.666666666666668,1,100.0
2026-09-04 22:10:33+09:00,14,43,43,26.666666666666668,1,100.0
2026-09-04 22:15:33+09:00,14,43,43,26.666666666666668,1,100.0
2026-09-04 22:20:32+09:00,14,43,43,26.666666666666668,1,100.0
2026-09-04 22:25:33+09:00,14,43,43,26.666666666666668,1,100.0
2026-09-04 22:30:33+09:00,14,43,43,26.666666666666668,1,100.0
2026-09-04 22:35:32+09:00,14,43,43,26.666666666666668,1,100.0
2026-09-04 22:40:33+09:00,14,43,43,26.666666666666668,1,100.0
2026-09-04 22:45:33+09:00,14,43,43,26.666666666666668,1,100.0
2026-09-04 22:50:32+09:00,14,43,43,26.666666666666668,1,100.0
2026-09-04 22:55:32+09:00,14,43,43,26.666666666666668,1,100.0
2026-09-04 23:00:33+09:00,14,43,43,26.666666666666668,1,100.0
2026-09-04 23:05:32+09:00,14,43,43,26.666666666666668,1,100.0
2026-09-04 23:10:34+09:00,14,43,43,26.666666666666668,1,100.0
2026-09-04 23:15:36+09:00,14,43,43,26.666666666666668,1,100.0
2026-09-04 23:20:32+09:00,14,43,43,26.666666666666668,1,100.0
2026-09-04 23:25:32+09:00,14,43,43,26.666666666666668,1,100.0
2026-09-04 23:30:32+09:00,14,43,43,26.666666666666668,1,100.0
2026-09-04 23:35:32+09:00,14,43,43,26.666666666666668,1,100.0
2026-09-04 23:40:32+09:00,14,43,43,26.666666666666668,1,100.0
2026-09-04 23:45:32+09:00,14,43,43,26.666666666666668,1,100.0
2026-09-04 23:50:33+09:00,14,43,43,26.666666666666668,1,100.0
2026-09-04 23:55:32+09:00,14,43,43,26.666666666666668,1,100.0
2026-09-04 09:45:34+09:00,15,74,18,,0,24.324324324324326
2026-09-04 09:50:33+09:00,15,74,18,,0,24.324324324324326
2026-09-04 09:55:33+09:00,15,74,18,,0,24.324324324324326
2026-09-04 10:00:32+09:00,15,74,18,,0,24.324324324324326
2026-09-04 10:05:32+09:00,15,74,18,,0,24.324324324324326
2026-09-04 10:10:32+09:00,15,74,18,,0,24.324324324324326
2026-09-04 10:15:32+09:00,15,74,18,,0,24.324324324324326
2026-09-04 10:20:32+09:00,15,74,18,,0,24.324324324324326
2026-09-04 10:25:32+09:00,15,74,18,,0,24.324324324324326
2026-09-04 10:30:32+09:00,15,74,18,,0,24.324324324324326
2026-09-04 10:35:32+09:00,15,74,18,,0,24.324324324324326
2026-09-04 10:40:32+09:00,15,74,18,,0,24.324324324324326
2026-09-04 10:45:32+09:00,15,74,18,,0,24.324324324324326
2026-09-04 10:50:32+09:00,15,74,18,,0,24.324324324324326
2026-09-04 10:55:32+09:00,15,74,18,,0,24.324324324324326
2026-09-04 11:00:32+09:00,15,74,18,,0,24.324324324324326
2026-09-04 11:05:32+09:00,15,74,18,,0,24.324324324324326
2026-09-04 11:10:32+09:00,15,74,18,,0,24.324324324324326
2026-09-04 11:15:32+09:00,15,74,18,,0,24.324324324324326
2026-09-04 11:20:32+09:00,15,74,18,,0,24.324324324324326
2026-09-04 11:25:32+09:00,15,74,18,,0,24.324324324324326
2026-09-04 11:30:32+09:00,15,74,18,,0,24.324324324324326
2026-09-04 11:35:32+09:00,15,74,18,,0,24.324324324324326
2026-09-04 11:40:35+09:00,15,74,18,,0,24.324324324324326
2026-09-04 11:45:32+09:00,15,74,18,,0,24.324324324324326
2026-09-04 11:50:32+09:00,15,74,18,,0,24.324324324324326
2026-09-04 11:55:33+09:00,15,74,18,,0,24.324324324324326
2026-09-04 12:00:32+09:00,15,74,18,,0,24.324324324324326
2026-09-04 12:05:32+09:00,15,74,18,,0,24.324324324324326
2026-09-04 12:10:32+09:00,15,74,18,,0,24.324324324324326
2026-09-04 12:15:33+09:00,15,74,18,,0,24.324324324324326
2026-09-04 12:20:32+09:00,15,74,18,,0,24.324324324324326
2026-09-04 12:25:32+09:00,15,74,18,,0,24.324324324324326
2026-09-04 12:30:32+09:00,15,74,18,,0,24.324324324324326
2026-09-04 12:35:32+09:00,15,74,18,,0,24.324324324324326
2026-09-04 12:40:33+09:00,15,74,18,,0,24.324324324324326
2026-09-04 12:45:32+09:00,15,74,18,,0,24.324324324324326
2026-09-04 12:50:32+09:00,15,74,18,,0,24.324324324324326
2026-09-04 12:55:32+09:00,15,74,18,,0,24.324324324324326
2026-09-04 13:00:32+09:00,15,74,18,,0,24.324324324324326
2026-09-04 13:05:32+09:00,15,74,18,,0,24.324324324324326
2026-09-04 13:10:32+09:00,15,74,18,,0,24.324324324324326
2026-09-04 13:15:32+09:00,15,74,18,,0,24.324324324324326
2026-09-04 13:20:32+09:00,15,74,18,,0,24.324324324324326
2026-09-04 13:25:32+09:00,15,74,18,,0,24.324324324324326
2026-09-04 13:30:32+09:00,15,74,18,,0,24.324324324324326
2026-09-04 13:35:32+09:00,15,74,18,,0,24.324324324324326
2026-09-04 13:40:32+09:00,15,74,18,,0,24.324324324324326
2026-09-04 13:45:33+09:00,15,74,18,,0,24.324324324324326
2026-09-04 13:50:32+09:00,15,74,18,,0,24.324324324324326
2026-09-04 13:55:33+09:00,15,74,18,,0,24.324324324324326
2026-09-04 14:00:32+09:00,15,74,18,,0,24.324324324324326
2026-09-04 14:05:33+09:00,15,74,18,,0,24.324324324324326
2026-09-04 14:10:32+09:00,15,74,18,,0,24.324324324324326
2026-09-04 14:15:34+09:00,15,74,18,,0,24.324324324324326
2026-09-04 14:20:34+09:00,15,74,18,,0,24.324324324324326
2026-09-04 14:25:34+09:00,15,74,18,,0,24.324324324324326
2026-09-04 14:30:32+09:00,15,74,18,,0,24.324324324324326
2026-09-04 14:35:33+09:00,15,74,18,,0,24.324324324324326
2026-09-04 14:40:32+09:00,15,74,18,,0,24.324324324324326
2026-09-04 14:45:35+09:00,15,74,18,,0,24.324324324324326
2026-09-04 14:50:34+09:00,15,74,18,,0,24.324324324324326
2026-09-04 14:55:34+09:00,15,74,18,,0,24.324324324324326
2026-09-04 15:00:32+09:00,15,74,18,,0,24.324324324324326
2026-09-04 15:05:33+09:00,15,74,18,,0,24.324324324324326
2026-09-04 15:10:33+09:00,15,74,18,,0,24.324324324324326
2026-09-04 15:15:33+09:00,15,74,18,,0,24.324324324324326
2026-09-04 15:20:32+09:00,15,74,18,,0,24.324324324324326
2026-09-04 15:25:32+09:00,15,74,18,,0,24.324324324324326
2026-09-04 15:30:32+09:00,15,74,18,,0,24.324324324324326
2026-09-04 15:35:32+09:00,15,74,18,,0,24.324324324324326
2026-09-04 15:40:32+09:00,15,74,18,,0,24.324324324324326
2026-09-04 15:45:34+09:00,15,74,18,,0,24.324324324324326
2026-09-04 15:50:34+09:00,15,74,18,,0,24.324324324324326
2026-09-04 15:55:33+09:00,15,74,18,,0,24.324324324324326
2026-09-04 16:00:34+09:00,15,74,18,,0,24.324324324324326
2026-09-04 16:05:34+09:00,15,74,18,,0,24.324324324324326
2026-09-04 16:10:35+09:00,15,74,18,,0,24.324324324324326
2026-09-04 16:15:35+09:00,15,74,18,,0,24.324324324324326
2026-09-04 16:20:33+09:00,15,74,18,,0,24.324324324324326
2026-09-04 16:25:32+09:00,15,74,18,,0,24.324324324324326
2026-09-04 16:30:33+09:00,15,74,18,,0,24.324324324324326
2026-09-04 16:35:32+09:00,15,74,18,,0,24.324324324324326
2026-09-04 16:40:32+09:00,15,74,18,,0,24.324324324324326
2026-09-04 16:45:32+09:00,15,74,18,,0,24.324324324324326
2026-09-04 16:50:32+09:00,15,74,18,,0,24.324324324324326
2026-09-04 16:55:32+09:00,15,74,18,,0,24.324324324324326
2026-09-04 17:00:32+09:00,15,74,18,,0,24.324324324324326
2026-09-04 17:05:33+09:00,15,74,18,,0,24.324324324324326
2026-09-04 17:10:33+09:00,15,74,18,,0,24.324324324324326
2026-09-04 17:15:32+09:00,15,74,18,,0,24.324324324324326
2026-09-04 17:20:32+09:00,15,74,18,,0,24.324324324324326
2026-09-04 17:25:32+09:00,15,74,18,,0,24.324324324324326
2026-09-04 17:30:34+09:00,15,74,18,,0,24.324324324324326
2026-09-04 17:35:35+09:00,15,74,18,,0,24.324324324324326
2026-09-04 17:40:35+09:00,15,74,18,,0,24.324324324324326
2026-09-04 17:45:34+09:00,15,74,18,,0,24.324324324324326
2026-09-04 17:50:32+09:00,15,74,18,,0,24.324324324324326
2026-09-04 17:55:33+09:00,15,74,18,,0,24.324324324324326
2026-09-04 18:00:32+09:00,15,74,18,,0,24.324324324324326
2026-09-04 18:05:32+09:00,15,74,18,,0,24.324324324324326
2026-09-04 18:10:34+09:00,15,74,18,,0,24.324324324324326
2026-09-04 18:15:32+09:00,15,74,18,,0,24.324324324324326
2026-09-04 18:20:32+09:00,15,74,18,,0,24.324324324324326
2026-09-04 18:25:32+09:00,15,74,18,,0,24.324324324324326
2026-09-04 18:30:32+09:00,15,74,18,,0,24.324324324324326
2026-09-04 18:35:32+09:00,15,74,18,,0,24.324324324324326
2026-09-04 18:40:35+09:00,15,74,18,,0,24.324324324324326
2026-09-04 18:45:35+09:00,15,74,18,,0,24.324324324324326
2026-09-04 18:50:33+09:00,15,74,18,,0,24.324324324324326
2026-09-04 18:55:34+09:00,15,74,18,,0,24.324324324324326
2026-09-04 19:00:34+09:00,15,74,18,,0,24.324324324324326
2026-09-04 19:05:32+09:00,15,74,18,,0,24.324324324324326
2026-09-04 19:10:33+09:00,15,74,18,,0,24.324324324324326
2026-09-04 19:15:32+09:00,15,74,18,,0,24.324324324324326
2026-09-04 19:20:32+09:00,15,74,18,,0,24.324324324324326
2026-09-04 19:25:32+09:00,15,74,18,,0,24.324324324324326
2026-09-04 19:30:32+09:00,15,74,18,,0,24.324324324324326
2026-09-04 19:35:33+09:00,15,74,18,,0,24.324324324324326
2026-09-04 19:40:35+09:00,15,74,18,,0,24.324324324324326
2026-09-04 19:45:32+09:00,15,74,18,,0,24.324324324324326
2026-09-04 19:50:33+09:00,15,74,18,,0,24.324324324324326
2026-09-04 19:55:34+09:00,15,74,18,,0,24.324324324324326
2026-09-04 20:00:32+09:00,15,74,18,,0,24.324324324324326
2026-09-04 20:05:33+09:00,15,74,18,,0,24.324324324324326
2026-09-04 20:10:32+09:00,15,74,18,,0,24.324324324324326
2026-09-04 20:15:32+09:00,15,74,18,,0,24.324324324324326
2026-09-04 20:20:33+09:00,15,74,18,,0,24.324324324324326
2026-09-04 20:25:33+09:00,15,74,18,,0,24.324324324324326
2026-09-04 20:30:33+09:00,15,74,18,,0,24.324324324324326
2026-09-04 20:35:32+09:00,15,74,18,,0,24.324324324324326
2026-09-04 20:40:32+09:00,15,74,18,,0,24.324324324324326
2026-09-04 20:45:32+09:00,15,74,18,,0,24.324324324324326
2026-09-04 20:50:32+09:00,15,74,18,,0,24.324324324324326
2026-09-04 20:55:33+09:00,15,74,18,,0,24.324324324324326
2026-09-04 21:00:33+09:00,15,74,18,,0,24.324324324324326
2026-09-04 21:05:33+09:00,15,74,18,,0,24.324324324324326
2026-09-04 21:10:34+09:00,15,74,18,,0,24.324324324324326
2026-09-04 21:15:36+09:00,15,74,18,,0,24.324324324324326
2026-09-04 21:20:34+09:00,15,74,18,,0,24.324324324324326
2026-09-04 21:25:32+09:00,15,74,18,,0,24.324324324324326
2026-09-04 21:30:32+09:00,15,74,18,,0,24.324324324324326
2026-09-04 21:35:32+09:00,15,74,18,,0,24.324324324324326
2026-09-04 21:40:32+09:00,15,74,18,,0,24.324324324324326
2026-09-04 21:45:34+09:00,15,74,18,,0,24.324324324324326
2026-09-04 21:50:33+09:00,15,74,18,,0,24.324324324324326
2026-09-04 21:55:32+09:00,15,74,18,,0,24.324324324324326
2026-09-04 22:00:32+09:00,15,74,18,,0,24.324324324324326
2026-09-04 22:05:32+09:00,15,74,18,,0,24.324324324324326
2026-09-04 22:10:33+09:00,15,74,18,,0,24.324324324324326
2026-09-04 22:15:33+09:00,15,74,18,,0,24.324324324324326
2026-09-04 22:20:32+09:00,15,74,18,,0,24.324324324324326
2026-09-04 22:25:33+09:00,15,74,18,,0,24.324324324324326
2026-09-04 22:30:33+09:00,15,74,18,,0,24.324324324324326
2026-09-04 22:35:32+09:00,15,74,18,,0,24.324324324324326
2026-09-04 22:40:33+09:00,15,74,18,,0,24.324324324324326
2026-09-04 22:45:33+09:00,15,74,18,,0,24.324324324324326
2026-09-04 22:50:32+09:00,15,74,18,,0,24.324324324324326
2026-09-04 22:55:32+09:00,15,74,18,,0,24.324324324324326
2026-09-04 23:00:33+09:00,15,74,18,,0,24.324324324324326
2026-09-04 23:05:32+09:00,15,74,18,,0,24.324324324324326
2026-09-04 23:10:34+09:00,15,74,18,,0,24.324324324324326
2026-09-04 23:15:36+09:00,15,74,18,,0,24.324324324324326
2026-09-04 23:20:32+09:00,15,74,18,,0,24.324324324324326
2026-09-04 23:25:32+09:00,15,74,18,,0,24.324324324324326
2026-09-04 23:30:32+09:00,15,74,18,,0,24.324324324324326
2026-09-04 23:35:32+09:00,15,74,18,,0,24.324324324324326
2026-09-04 23:40:32+09:00,15,74,18,,0,24.324324324324326
2026-09-04 23:45:32+09:00,15,74,18,,0,24.324324324324326
2026-09-04 23:50:33+09:00,15,74,18,,0,24.324324324324326
2026-09-04 23:55:32+09:00,15,74,18,,0,24.324324324324326
2026-09-04 09:45:34+09:00,16,793,129,27.705114083711756,4,16.26733921815889
2026-09-04 09:50:33+09:00,16,793,125,27.705114083711756,4,15.762925598991174
2026-09-04 09:55:33+09:00,16,793,121,27.705114083711756,4,15.258511979823455
2026-09-04 10:00:32+09:00,16,793,119,,0,15.006305170239598
2026-09-04 10:05:32+09:00,16,793,116,,0,14.627994955863807
2026-09-04 10:10:32+09:00,16,793,114,,0,14.37578814627995
2026-09-04 10:15:32+09:00,16,793,109,,0,13.745271122320302
2026-09-04 10:20:32+09:00,16,793,106,,0,13.366960907944513
2026-09-04 10:25:32+09:00,16,793,103,,0,12.988650693568726
2026-09-04 10:30:32+09:00,16,793,102,,0,12.862547288776796
2026-09-04 10:35:32+09:00,16,793,97,,0,12.23203026481715
2026-09-04 10:40:32+09:00,16,793,90,,0,11.349306431273645
2026-09-04 10:45:32+09:00,16,793,91,,0,11.475409836065573
2026-09-04 10:50:32+09:00,16,793,88,,0,11.097099621689786
2026-09-04 10:55:32+09:00,16,793,86,,0,10.844892812105927
2026-09-04 11:00:32+09:00,16,793,84,,0,10.592686002522068
2026-09-04 11:05:32+09:00,16,793,85,,0,10.718789407313997
2026-09-04 11:10:32+09:00,16,793,83,,0,10.466582597730138
2026-09-04 11:15:32+09:00,16,793,82,,0,10.34047919293821
2026-09-04 11:20:32+09:00,16,793,78,,0,9.836065573770492
2026-09-04 11:25:32+09:00,16,793,77,,0,9.709962168978564
2026-09-04 11:30:32+09:00,16,793,75,,0,9.457755359394703
2026-09-04 11:35:32+09:00,16,793,69,,0,8.701134930643127
2026-09-04 11:40:35+09:00,16,793,76,,0,9.583858764186633
2026-09-04 11:45:32+09:00,16,793,75,,0,9.457755359394703
2026-09-04 11:50:32+09:00,16,793,74,,0,9.331651954602775
2026-09-04 11:55:33+09:00,16,793,78,,0,9.836065573770492
2026-09-04 12:00:32+09:00,16,793,83,,0,10.466582597730138
2026-09-04 12:05:32+09:00,16,793,87,,0,10.970996216897856
2026-09-04 12:10:32+09:00,16,793,88,,0,11.097099621689786
2026-09-04 12:15:33+09:00,16,793,90,,0,11.349306431273645
2026-09-04 12:20:32+09:00,16,793,92,,0,11.601513240857503
2026-09-04 12:25:32+09:00,16,793,90,,0,11.349306431273645
2026-09-04 12:30:32+09:00,16,793,92,,0,11.601513240857503
2026-09-04 12:35:32+09:00,16,793,93,,0,11.727616645649434
2026-09-04 12:40:33+09:00,16,793,88,,0,11.097099621689786
2026-09-04 12:45:32+09:00,16,793,87,,0,10.970996216897856
2026-09-04 12:50:32+09:00,16,793,85,,0,10.718789407313997
2026-09-04 12:55:32+09:00,16,793,87,,0,10.970996216897856
2026-09-04 13:00:32+09:00,16,793,94,,0,11.853720050441362
2026-09-04 13:05:32+09:00,16,793,96,,0,12.105926860025221
2026-09-04 13:10:32+09:00,16,793,99,,0,12.484237074401008
2026-09-04 13:15:32+09:00,16,793,103,,0,12.988650693568726
2026-09-04 13:20:32+09:00,16,793,101,,0,12.736443883984869
2026-09-04 13:25:32+09:00,16,793,103,,0,12.988650693568726
2026-09-04 13:30:32+09:00,16,793,107,,0,13.493064312736443
2026-09-04 13:35:32+09:00,16,793,107,,0,13.493064312736443
2026-09-04 13:40:32+09:00,16,793,111,,0,13.997477931904163
2026-09-04 13:45:33+09:00,16,793,118,,0,14.880201765447667
2026-09-04 13:50:32+09:00,16,793,121,,0,15.258511979823455
2026-09-04 13:55:33+09:00,16,793,124,,0,15.636822194199244
2026-09-04 14:00:32+09:00,16,793,125,,0,15.762925598991174
2026-09-04 14:05:33+09:00,16,793,125,27.705114083711756,4,15.762925598991174
2026-09-04 14:10:32+09:00,16,793,123,27.705114083711756,4,15.510718789407314
2026-09-04 14:15:34+09:00,16,793,125,27.705114083711756,4,15.762925598991174
2026-09-04 14:20:34+09:00,16,793,133,27.705114083711756,4,16.77175283732661
2026-09-04 14:25:34+09:00,16,793,133,27.705114083711756,4,16.77175283732661
2026-09-04 14:30:32+09:00,16,793,130,27.705114083711756,4,16.39344262295082
2026-09-04 14:35:33+09:00,16,793,136,27.705114083711756,4,17.150063051702396
2026-09-04 14:40:32+09:00,16,793,142,27.705114083711756,4,17.90668348045397
2026-09-04 14:45:35+09:00,16,793,138,27.705114083711756,4,17.402269861286253
2026-09-04 14:50:34+09:00,16,793,138,27.705114083711756,4,17.402269861286253
2026-09-04 14:55:34+09:00,16,793,138,27.705114083711756,4,17.402269861286253
2026-09-04 15:00:32+09:00,16,793,143,27.705114083711756,4,18.0327868852459
2026-09-04 15:05:33+09:00,16,793,141,27.705114083711756,4,17.78058007566204
2026-09-04 15:10:33+09:00,16,793,145,27.705114083711756,4,18.28499369482976
2026-09-04 15:15:33+09:00,16,793,147,27.705114083711756,4,18.53720050441362
2026-09-04 15:20:32+09:00,16,793,149,27.705114083711756,4,18.78940731399748
2026-09-04 15:25:32+09:00,16,793,152,27.705114083711756,4,19.167717528373267
2026-09-04 15:30:32+09:00,16,793,149,27.705114083711756,4,18.78940731399748
2026-09-04 15:35:32+09:00,16,793,148,27.705114083711756,4,18.66330390920555
2026-09-04 15:40:32+09:00,16,793,150,27.705114083711756,4,18.915510718789406
2026-09-04 15:45:34+09:00,16,793,153,27.705114083711756,4,19.293820933165197
2026-09-04 15:50:34+09:00,16,793,150,27.705114083711756,4,18.915510718789406
2026-09-04 15:55:33+09:00,16,793,154,27.705114083711756,4,19.419924337957127
2026-09-04 16:00:34+09:00,16,793,157,27.705114083711756,4,19.798234552332914
2026-09-04 16:05:34+09:00,16,793,158,27.705114083711756,4,19.924337957124845
2026-09-04 16:10:35+09:00,16,793,161,27.705114083711756,4,20.302648171500632
2026-09-04 16:15:35+09:00,16,793,167,27.705114083711756,4,21.059268600252206
2026-09-04 16:20:33+09:00,16,793,170,27.705114083711756,4,21.437578814627994
2026-09-04 16:25:32+09:00,16,793,176,27.705114083711756,4,22.194199243379572
2026-09-04 16:30:33+09:00,16,793,178,27.705114083711756,4,22.44640605296343
2026-09-04 16:35:32+09:00,16,793,186,27.705114083711756,4,23.455233291298867
2026-09-04 16:40:32+09:00,16,793,199,27.705114083711756,4,25.09457755359395
2026-09-04 16:45:32+09:00,16,793,210,27.705114083711756,4,26.48171500630517
2026-09-04 16:50:32+09:00,16,793,217,27.705114083711756,4,27.364438839848678
2026-09-04 16:55:32+09:00,16,793,227,27.705114083711756,4,28.625472887767973
2026-09-04 17:00:32+09:00,16,793,225,27.705114083711756,4,28.373266078184113
2026-09-04 17:05:33+09:00,16,793,236,27.705114083711756,4,29.760403530895335
2026-09-04 17:10:33+09:00,16,793,247,27.705114083711756,4,31.147540983606557
2026-09-04 17:15:32+09:00,16,793,252,27.705114083711756,4,31.778058007566205
2026-09-04 17:20:32+09:00,16,793,260,27.705114083711756,4,32.78688524590164
2026-09-04 17:25:32+09:00,16,793,264,27.705114083711756,4,33.29129886506936
2026-09-04 17:30:34+09:00,16,793,268,27.705114083711756,4,33.79571248423707
2026-09-04 17:35:35+09:00,16,793,272,27.705114083711756,4,34.30012610340479
2026-09-04 17:40:35+09:00,16,793,287,27.705114083711756,4,36.19167717528373
2026-09-04 17:45:34+09:00,16,793,292,27.705114083711756,4,36.82219419924338
2026-09-04 17:50:32+09:00,16,793,305,27.705114083711756,4,38.46153846153847
2026-09-04 17:55:33+09:00,16,793,313,27.705114083711756,4,39.470365699873895
2026-09-04 18:00:32+09:00,16,793,317,27.705114083711756,4,39.974779319041616
2026-09-04 18:05:32+09:00,16,793,324,27.705114083711756,4,40.85750315258512
2026-09-04 18:10:34+09:00,16,793,357,27.705114083711756,4,45.018915510718784
2026-09-04 18:15:32+09:00,16,793,369,27.705114083711756,4,46.53215636822195
2026-09-04 18:20:32+09:00,16,793,386,27.705114083711756,4,48.675914249684745
2026-09-04 18:25:32+09:00,16,793,395,27.705114083711756,4,49.810844892812106
2026-09-04 18:30:32+09:00,16,793,396,27.705114083711756,4,49.93694829760403
2026-09-04 18:35:32+09:00,16,793,390,27.705114083711756,4,49.18032786885246
2026-09-04 18:40:35+09:00,16,793,393,27.705114083711756,4,49.558638083228246
2026-09-04 18:45:35+09:00,16,793,395,27.705114083711756,4,49.810844892812106
2026-09-04 18:50:33+09:00,16,793,389,27.705114083711756,4,49.05422446406053
2026-09-04 18:55:34+09:00,16,793,390,27.705114083711756,4,49.18032786885246
2026-09-04 19:00:34+09:00,16,793,384,27.705114083711756,4,48.423707440100884
2026-09-04 19:05:32+09:00,16,793,387,27.705114083711756,4,48.80201765447667
2026-09-04 19:10:33+09:00,16,793,377,27.705114083711756,4,47.540983606557376
2026-09-04 19:15:32+09:00,16,793,372,27.705114083711756,4,46.910466582597735
2026-09-04 19:20:32+09:00,16,793,377,27.705114083711756,4,47.540983606557376
2026-09-04 19:25:32+09:00,16,793,374,27.705114083711756,4,47.16267339218159
2026-09-04 19:30:32+09:00,16,793,377,27.705114083711756,4,47.540983606557376
2026-09-04 19:35:33+09:00,16,793,373,27.705114083711756,4,47.03656998738966
2026-09-04 19:40:35+09:00,16,793,378,27.705114083711756,4,47.66708701134931
2026-09-04 19:45:32+09:00,16,793,380,27.705114083711756,4,47.91929382093317
2026-09-04 19:50:33+09:00,16,793,386,27.705114083711756,4,48.675914249684745
2026-09-04 19:55:34+09:00,16,793,380,27.705114083711756,4,47.91929382093317
2026-09-04 20:00:32+09:00,16,793,375,27.705114083711756,4,47.28877679697352
2026-09-04 20:05:33+09:00,16,793,372,27.705114083711756,4,46.910466582597735
2026-09-04 20:10:32+09:00,16,793,377,27.705114083711756,4,47.540983606557376
2026-09-04 20:15:32+09:00,16,793,373,27.705114083711756,4,47.03656998738966
2026-09-04 20:20:33+09:00,16,793,370,27.705114083711756,4,46.658259773013874
2026-09-04 20:25:33+09:00,16,793,368,27.705114083711756,4,46.406052963430014
2026-09-04 20:30:33+09:00,16,793,374,27.705114083711756,4,47.16267339218159
2026-09-04 20:35:32+09:00,16,793,374,27.705114083711756,4,47.16267339218159
2026-09-04 20:40:32+09:00,16,793,374,27.705114083711756,4,47.16267339218159
2026-09-04 20:45:32+09:00,16,793,388,27.705114083711756,4,48.9281210592686
2026-09-04 20:50:32+09:00,16,793,390,27.705114083711756,4,49.18032786885246
2026-09-04 20:55:33+09:00,16,793,389,27.705114083711756,4,49.05422446406053
2026-09-04 21:00:33+09:00,16,793,392,27.705114083711756,4,49.43253467843632
2026-09-04 21:05:33+09:00,16,793,395,27.705114083711756,4,49.810844892812106
2026-09-04 21:10:34+09:00,16,793,406,27.705114083711756,4,51.19798234552333
2026-09-04 21:15:36+09:00,16,793,407,27.705114083711756,4,51.32408575031526
2026-09-04 21:20:34+09:00,16,793,414,27.705114083711756,4,52.20680958385876
2026-09-04 21:25:32+09:00,16,793,419,27.705114083711756,4,52.83732660781841
2026-09-04 21:30:32+09:00,16,793,424,27.705114083711756,4,53.46784363177805
2026-09-04 21:35:32+09:00,16,793,433,27.705114083711756,4,54.60277427490542
2026-09-04 21:40:32+09:00,16,793,430,27.705114083711756,4,54.224464060529634
2026-09-04 21:45:34+09:00,16,793,436,27.705114083711756,4,54.98108448928121
2026-09-04 21:50:33+09:00,16,793,443,27.705114083711756,4,55.86380832282472
2026-09-04 21:55:32+09:00,16,793,442,27.705114083711756,4,55.73770491803278
2026-09-04 22:00:32+09:00,16,793,447,27.705114083711756,4,56.36822194199244
2026-09-04 22:05:32+09:00,16,793,457,27.705114083711756,4,57.629255989911734
2026-09-04 22:10:33+09:00,16,793,465,27.705114083711756,4,58.63808322824716
2026-09-04 22:15:33+09:00,16,793,473,27.705114083711756,4,59.64691046658259
2026-09-04 22:20:32+09:00,16,793,478,27.705114083711756,4,60.277427490542244
2026-09-04 22:25:33+09:00,16,793,486,27.705114083711756,4,61.28625472887768
2026-09-04 22:30:33+09:00,16,793,490,27.705114083711756,4,61.79066834804539
2026-09-04 22:35:32+09:00,16,793,494,27.705114083711756,4,62.295081967213115
2026-09-04 22:40:33+09:00,16,793,498,27.705114083711756,4,62.79949558638083
2026-09-04 22:45:33+09:00,16,793,504,27.705114083711756,4,63.55611601513241
2026-09-04 22:50:32+09:00,16,793,509,27.705114083711756,4,64.18663303909206
2026-09-04 22:55:32+09:00,16,793,517,27.705114083711756,4,65.19546027742749
2026-09-04 23:00:33+09:00,16,793,523,27.705114083711756,4,65.95208070617906
2026-09-04 23:05:32+09:00,16,793,525,27.705114083711756,4,66.20428751576293
2026-09-04 23:10:34+09:00,16,793,528,27.705114083711756,4,66.58259773013872
2026-09-04 23:15:36+09:00,16,793,531,27.705114083711756,4,66.9609079445145
2026-09-04 23:20:32+09:00,16,793,530,27.705114083711756,4,66.83480453972257
2026-09-04 23:25:32+09:00,16,793,534,27.705114083711756,4,67.33921815889029
2026-09-04 23:30:32+09:00,16,793,537,27.705114083711756,4,67.71752837326608
2026-09-04 23:35:32+09:00,16,793,542,27.705114083711756,4,68.34804539722572
2026-09-04 23:40:32+09:00,16,793,546,27.705114083711756,4,68.85245901639344
2026-09-04 23:45:32+09:00,16,793,546,27.705114083711756,4,68.85245901639344
2026-09-04 23:50:33+09:00,16,793,547,27.705114083711756,4,68.97856242118537
2026-09-04 23:55:32+09:00,16,793,550,27.705114083711756,4,69.35687263556116
2026-09-04 09:45:34+09:00,17,109,41,,0,37.61467889908257
2026-09-04 09:50:33+09:00,17,109,42,,0,38.53211009174312
2026-09-04 09:55:33+09:00,17,109,42,,0,38.53211009174312
2026-09-04 10:00:32+09:00,17,109,40,,0,36.69724770642202
2026-09-04 10:05:32+09:00,17,109,39,,0,35.77981651376147
2026-09-04 10:10:32+09:00,17,109,39,,0,35.77981651376147
2026-09-04 10:15:32+09:00,17,109,38,,0,34.862385321100916
2026-09-04 10:20:32+09:00,17,109,39,,0,35.77981651376147
2026-09-04 10:25:32+09:00,17,109,41,,0,37.61467889908257
2026-09-04 10:30:32+09:00,17,109,43,,0,39.44954128440367
2026-09-04 10:35:32+09:00,17,109,43,,0,39.44954128440367
2026-09-04 10:40:32+09:00,17,109,43,,0,39.44954128440367
2026-09-04 10:45:32+09:00,17,109,43,,0,39.44954128440367
2026-09-04 10:50:32+09:00,17,109,43,,0,39.44954128440367
2026-09-04 10:55:32+09:00,17,109,41,,0,37.61467889908257
2026-09-04 11:00:32+09:00,17,109,41,,0,37.61467889908257
2026-09-04 11:05:32+09:00,17,109,41,,0,37.61467889908257
2026-09-04 11:10:32+09:00,17,109,41,,0,37.61467889908257
2026-09-04 11:15:32+09:00,17,109,41,,0,37.61467889908257
2026-09-04 11:20:32+09:00,17,109,41,,0,37.61467889908257
2026-09-04 11:25:32+09:00,17,109,42,,0,38.53211009174312
2026-09-04 11:30:32+09:00,17,109,42,,0,38.53211009174312
2026-09-04 11:35:32+09:00,17,109,42,,0,38.53211009174312
2026-09-04 11:40:35+09:00,17,109,41,,0,37.61467889908257
2026-09-04 11:45:32+09:00,17,109,41,,0,37.61467889908257
2026-09-04 11:50:32+09:00,17,109,40,,0,36.69724770642202
2026-09-04 11:55:33+09:00,17,109,41,,0,37.61467889908257
2026-09-04 12:00:32+09:00,17,109,40,,0,36.69724770642202
2026-09-04 12:05:32+09:00,17,109,40,,0,36.69724770642202
2026-09-04 12:10:32+09:00,17,109,40,,0,36.69724770642202
2026-09-04 12:15:33+09:00,17,109,40,,0,36.69724770642202
2026-09-04 12:20:32+09:00,17,109,40,,0,36.69724770642202
2026-09-04 12:25:32+09:00,17,109,41,,0,37.61467889908257
2026-09-04 12:30:32+09:00,17,109,41,,0,37.61467889908257
2026-09-04 12:35:32+09:00,17,109,41,,0,37.61467889908257
2026-09-04 12:40:33+09:00,17,109,41,,0,37.61467889908257
2026-09-04 12:45:32+09:00,17,109,42,,0,38.53211009174312
2026-09-04 12:50:32+09:00,17,109,42,,0,38.53211009174312
2026-09-04 12:55:32+09:00,17,109,42,,0,38.53211009174312
2026-09-04 13:00:32+09:00,17,109,44,,0,40.36697247706422
2026-09-04 13:05:32+09:00,17,109,43,,0,39.44954128440367
2026-09-04 13:10:32+09:00,17,109,42,,0,38.53211009174312
2026-09-04 13:15:32+09:00,17,109,42,,0,38.53211009174312
2026-09-04 13:20:32+09:00,17,109,41,,0,37.61467889908257
2026-09-04 13:25:32+09:00,17,109,41,,0,37.61467889908257
2026-09-04 13:30:32+09:00,17,109,41,,0,37.61467889908257
2026-09-04 13:35:32+09:00,17,109,42,,0,38.53211009174312
2026-09-04 13:40:32+09:00,17,109,40,,0,36.69724770642202
2026-09-04 13:45:33+09:00,17,109,40,,0,36.69724770642202
2026-09-04 13:50:32+09:00,17,109,40,,0,36.69724770642202
2026-09-04 13:55:33+09:00,17,109,40,,0,36.69724770642202
2026-09-04 14:00:32+09:00,17,109,41,,0,37.61467889908257
2026-09-04 14:05:33+09:00,17,109,40,,0,36.69724770642202
2026-09-04 14:10:32+09:00,17,109,40,,0,36.69724770642202
2026-09-04 14:15:34+09:00,17,109,40,,0,36.69724770642202
2026-09-04 14:20:34+09:00,17,109,40,,0,36.69724770642202
2026-09-04 14:25:34+09:00,17,109,40,,0,36.69724770642202
2026-09-04 14:30:32+09:00,17,109,38,,0,34.862385321100916
2026-09-04 14:35:33+09:00,17,109,38,,0,34.862385321100916
2026-09-04 14:40:32+09:00,17,109,37,,0,33.94495412844037
2026-09-04 14:45:35+09:00,17,109,38,,0,34.862385321100916
2026-09-04 14:50:34+09:00,17,109,39,,0,35.77981651376147
2026-09-04 14:55:34+09:00,17,109,40,,0,36.69724770642202
2026-09-04 15:00:32+09:00,17,109,40,,0,36.69724770642202
2026-09-04 15:05:33+09:00,17,109,40,,0,36.69724770642202
2026-09-04 15:10:33+09:00,17,109,39,,0,35.77981651376147
2026-09-04 15:15:33+09:00,17,109,39,,0,35.77981651376147
2026-09-04 15:20:32+09:00,17,109,39,,0,35.77981651376147
2026-09-04 15:25:32+09:00,17,109,39,,0,35.77981651376147
2026-09-04 15:30:32+09:00,17,109,39,,0,35.77981651376147
2026-09-04 15:35:32+09:00,17,109,39,,0,35.77981651376147
2026-09-04 15:40:32+09:00,17,109,42,,0,38.53211009174312
2026-09-04 15:45:34+09:00,17,109,42,,0,38.53211009174312
2026-09-04 15:50:34+09:00,17,109,42,,0,38.53211009174312
2026-09-04 15:55:33+09:00,17,109,42,,0,38.53211009174312
2026-09-04 16:00:34+09:00,17,109,41,,0,37.61467889908257
2026-09-04 16:05:34+09:00,17,109,41,,0,37.61467889908257
2026-09-04 16:10:35+09:00,17,109,41,,0,37.61467889908257
2026-09-04 16:15:35+09:00,17,109,40,,0,36.69724770642202
2026-09-04 16:20:33+09:00,17,109,40,,0,36.69724770642202
2026-09-04 16:25:32+09:00,17,109,41,,0,37.61467889908257
2026-09-04 16:30:33+09:00,17,109,41,,0,37.61467889908257
2026-09-04 16:35:32+09:00,17,109,44,,0,40.36697247706422
2026-09-04 16:40:32+09:00,17,109,48,,0,44.03669724770643
2026-09-04 16:45:32+09:00,17,109,52,,0,47.706422018348626
2026-09-04 16:50:32+09:00,17,109,52,,0,47.706422018348626
2026-09-04 16:55:32+09:00,17,109,53,,0,48.62385321100918
2026-09-04 17:00:32+09:00,17,109,51,,0,46.788990825688074
2026-09-04 17:05:33+09:00,17,109,51,,0,46.788990825688074
2026-09-04 17:10:33+09:00,17,109,49,,0,44.95412844036697
2026-09-04 17:15:32+09:00,17,109,49,,0,44.95412844036697
2026-09-04 17:20:32+09:00,17,109,49,,0,44.95412844036697
2026-09-04 17:25:32+09:00,17,109,49,,0,44.95412844036697
2026-09-04 17:30:34+09:00,17,109,49,,0,44.95412844036697
2026-09-04 17:35:35+09:00,17,109,51,,0,46.788990825688074
2026-09-04 17:40:35+09:00,17,109,49,,0,44.95412844036697
2026-09-04 17:45:34+09:00,17,109,47,,0,43.11926605504588
2026-09-04 17:50:32+09:00,17,109,47,,0,43.11926605504588
2026-09-04 17:55:33+09:00,17,109,43,,0,39.44954128440367
2026-09-04 18:00:32+09:00,17,109,43,,0,39.44954128440367
2026-09-04 18:05:32+09:00,17,109,44,,0,40.36697247706422
2026-09-04 18:10:34+09:00,17,109,44,,0,40.36697247706422
2026-09-04 18:15:32+09:00,17,109,44,,0,40.36697247706422
2026-09-04 18:20:32+09:00,17,109,44,,0,40.36697247706422
2026-09-04 18:25:32+09:00,17,109,42,,0,38.53211009174312
2026-09-04 18:30:32+09:00,17,109,41,,0,37.61467889908257
2026-09-04 18:35:32+09:00,17,109,41,,0,37.61467889908257
2026-09-04 18:40:35+09:00,17,109,41,,0,37.61467889908257
2026-09-04 18:45:35+09:00,17,109,41,,0,37.61467889908257
2026-09-04 18:50:33+09:00,17,109,41,,0,37.61467889908257
2026-09-04 18:55:34+09:00,17,109,44,,0,40.36697247706422
2026-09-04 19:00:34+09:00,17,109,47,,0,43.11926605504588
2026-09-04 19:05:32+09:00,17,109,48,,0,44.03669724770643
2026-09-04 19:10:33+09:00,17,109,47,,0,43.11926605504588
2026-09-04 19:15:32+09:00,17,109,47,,0,43.11926605504588
2026-09-04 19:20:32+09:00,17,109,47,,0,43.11926605504588
2026-09-04 19:25:32+09:00,17,109,47,,0,43.11926605504588
2026-09-04 19:30:32+09:00,17,109,46,,0,42.201834862385326
2026-09-04 19:35:33+09:00,17,109,44,,0,40.36697247706422
2026-09-04 19:40:35+09:00,17,109,45,,0,41.284403669724774
2026-09-04 19:45:32+09:00,17,109,45,,0,41.284403669724774
2026-09-04 19:50:33+09:00,17,109,45,,0,41.284403669724774
2026-09-04 19:55:34+09:00,17,109,45,,0,41.284403669724774
2026-09-04 20:00:32+09:00,17,109,45,,0,41.284403669724774
2026-09-04 20:05:33+09:00,17,109,46,,0,42.201834862385326
2026-09-04 20:10:32+09:00,17,109,45,,0,41.284403669724774
2026-09-04 20:15:32+09:00,17,109,46,,0,42.201834862385326
2026-09-04 20:20:33+09:00,17,109,46,,0,42.201834862385326
2026-09-04 20:25:33+09:00,17,109,48,,0,44.03669724770643
2026-09-04 20:30:33+09:00,17,109,48,,0,44.03669724770643
2026-09-04 20:35:32+09:00,17,109,48,,0,44.03669724770643
2026-09-04 20:40:32+09:00,17,109,48,,0,44.03669724770643
2026-09-04 20:45:32+09:00,17,109,48,,0,44.03669724770643
2026-09-04 20:50:32+09:00,17,109,48,,0,44.03669724770643
2026-09-04 20:55:33+09:00,17,109,50,,0,45.87155963302752
2026-09-04 21:00:33+09:00,17,109,49,,0,44.95412844036697
2026-09-04 21:05:33+09:00,17,109,49,,0,44.95412844036697
2026-09-04 21:10:34+09:00,17,109,49,,0,44.95412844036697
2026-09-04 21:15:36+09:00,17,109,49,,0,44.95412844036697
2026-09-04 21:20:34+09:00,17,109,47,,0,43.11926605504588
2026-09-04 21:25:32+09:00,17,109,48,,0,44.03669724770643
2026-09-04 21:30:32+09:00,17,109,48,,0,44.03669724770643
2026-09-04 21:35:32+09:00,17,109,48,,0,44.03669724770643
2026-09-04 21:40:32+09:00,17,109,48,,0,44.03669724770643
2026-09-04 21:45:34+09:00,17,109,49,,0,44.95412844036697
2026-09-04 21:50:33+09:00,17,109,48,,0,44.03669724770643
2026-09-04 21:55:32+09:00,17,109,48,,0,44.03669724770643
2026-09-04 22:00:32+09:00,17,109,48,,0,44.03669724770643
2026-09-04 22:05:32+09:00,17,109,48,,0,44.03669724770643
2026-09-04 22:10:33+09:00,17,109,48,,0,44.03669724770643
2026-09-04 22:15:33+09:00,17,109,48,,0,44.03669724770643
2026-09-04 22:20:32+09:00,17,109,48,,0,44.03669724770643
2026-09-04 22:25:33+09:00,17,109,47,,0,43.11926605504588
2026-09-04 22:30:33+09:00,17,109,46,,0,42.201834862385326
2026-09-04 22:35:32+09:00,17,109,46,,0,42.201834862385326
2026-09-04 22:40:33+09:00,17,109,46,,0,42.201834862385326
2026-09-04 22:45:33+09:00,17,109,46,,0,42.201834862385326
2026-09-04 22:50:32+09:00,17,109,46,,0,42.201834862385326
2026-09-04 22:55:32+09:00,17,109,46,,0,42.201834862385326
2026-09-04 23:00:33+09:00,17,109,46,,0,42.201834862385326
2026-09-04 23:05:32+09:00,17,109,46,,0,42.201834862385326
2026-09-04 23:10:34+09:00,17,109,46,,0,42.201834862385326
2026-09-04 23:15:36+09:00,17,109,46,,0,42.201834862385326
2026-09-04 23:20:32+09:00,17,109,46,,0,42.201834862385326
2026-09-04 23:25:32+09:00,17,109,46,,0,42.201834862385326
2026-09-04 23:30:32+09:00,17,109,46,,0,42.201834862385326
2026-09-04 23:35:32+09:00,17,109,46,,0,42.201834862385326
2026-09-04 23:40:32+09:00,17,109,46,,0,42.201834862385326
2026-09-04 23:45:32+09:00,17,109,46,,0,42.201834862385326
2026-09-04 23:50:33+09:00,17,109,46,,0,42.201834862385326
2026-09-04 23:55:32+09:00,17,109,46,,0,42.201834862385326
2026-09-04 09:45:34+09:00,18,56,20,55.94524799854781,4,35.714285714285715
2026-09-04 09:50:33+09:00,18,56,19,55.94524799854781,4,33.92857142857143
2026-09-04 09:55:33+09:00,18,56,19,55.94524799854781,4,33.92857142857143
2026-09-04 10:00:32+09:00,18,56,19,,0,33.92857142857143
2026-09-04 10:05:32+09:00,18,56,19,,0,33.92857142857143
2026-09-04 10:10:32+09:00,18,56,20,,0,35.714285714285715
2026-09-04 10:15:32+09:00,18,56,21,,0,37.5
2026-09-04 10:20:32+09:00,18,56,21,,0,37.5
2026-09-04 10:25:32+09:00,18,56,20,,0,35.714285714285715
2026-09-04 10:30:32+09:00,18,56,21,,0,37.5
2026-09-04 10:35:32+09:00,18,56,22,,0,39.285714285714285
2026-09-04 10:40:32+09:00,18,56,22,,0,39.285714285714285
2026-09-04 10:45:32+09:00,18,56,21,,0,37.5
2026-09-04 10:50:32+09:00,18,56,21,,0,37.5
2026-09-04 10:55:32+09:00,18,56,22,,0,39.285714285714285
2026-09-04 11:00:32+09:00,18,56,21,,0,37.5
2026-09-04 11:05:32+09:00,18,56,21,,0,37.5
2026-09-04 11:10:32+09:00,18,56,20,,0,35.714285714285715
2026-09-04 11:15:32+09:00,18,56,19,,0,33.92857142857143
2026-09-04 11:20:32+09:00,18,56,20,,0,35.714285714285715
2026-09-04 11:25:32+09:00,18,56,20,,0,35.714285714285715
2026-09-04 11:30:32+09:00,18,56,20,,0,35.714285714285715
2026-09-04 11:35:32+09:00,18,56,20,,0,35.714285714285715
2026-09-04 11:40:35+09:00,18,56,19,,0,33.92857142857143
2026-09-04 11:45:32+09:00,18,56,19,,0,33.92857142857143
2026-09-04 11:50:32+09:00,18,56,19,,0,33.92857142857143
2026-09-04 11:55:33+09:00,18,56,19,,0,33.92857142857143
2026-09-04 12:00:32+09:00,18,56,17,,0,30.357142857142854
2026-09-04 12:05:32+09:00,18,56,16,,0,28.57142857142857
2026-09-04 12:10:32+09:00,18,56,16,,0,28.57142857142857
2026-09-04 12:15:33+09:00,18,56,17,,0,30.357142857142854
2026-09-04 12:20:32+09:00,18,56,17,,0,30.357142857142854
2026-09-04 12:25:32+09:00,18,56,17,,0,30.357142857142854
2026-09-04 12:30:32+09:00,18,56,17,,0,30.357142857142854
2026-09-04 12:35:32+09:00,18,56,17,,0,30.357142857142854
2026-09-04 12:40:33+09:00,18,56,17,,0,30.357142857142854
2026-09-04 12:45:32+09:00,18,56,16,,0,28.57142857142857
2026-09-04 12:50:32+09:00,18,56,16,,0,28.57142857142857
2026-09-04 12:55:32+09:00,18,56,15,,0,26.785714285714285
2026-09-04 13:00:32+09:00,18,56,15,,0,26.785714285714285
2026-09-04 13:05:32+09:00,18,56,16,,0,28.57142857142857
2026-09-04 13:10:32+09:00,18,56,16,,0,28.57142857142857
2026-09-04 13:15:32+09:00,18,56,16,,0,28.57142857142857
2026-09-04 13:20:32+09:00,18,56,16,,0,28.57142857142857
2026-09-04 13:25:32+09:00,18,56,16,,0,28.57142857142857
2026-09-04 13:30:32+09:00,18,56,16,,0,28.57142857142857
2026-09-04 13:35:32+09:00,18,56,16,,0,28.57142857142857
2026-09-04 13:40:32+09:00,18,56,17,,0,30.357142857142854
2026-09-04 13:45:33+09:00,18,56,17,,0,30.357142857142854
2026-09-04 13:50:32+09:00,18,56,17,,0,30.357142857142854
2026-09-04 13:55:33+09:00,18,56,17,,0,30.357142857142854
2026-09-04 14:00:32+09:00,18,56,17,,0,30.357142857142854
2026-09-04 14:05:33+09:00,18,56,16,63.38443634891723,3,28.57142857142857
2026-09-04 14:10:32+09:00,18,56,19,63.93088443634892,3,33.92857142857143
2026-09-04 14:15:34+09:00,18,56,19,64.47733252378062,3,33.92857142857143
2026-09-04 14:20:34+09:00,18,56,18,49.605343047965995,2,32.142857142857146
2026-09-04 14:25:34+09:00,18,56,19,47.96599878567091,2,33.92857142857143
2026-09-04 14:30:32+09:00,18,56,19,50.425015179113544,2,33.92857142857143
2026-09-04 14:35:33+09:00,18,56,19,50.425015179113544,2,33.92857142857143
2026-09-04 14:40:32+09:00,18,56,19,52.88403157255616,2,33.92857142857143
2026-09-04 14:45:35+09:00,18,56,18,52.88403157255616,2,32.142857142857146
2026-09-04 14:50:34+09:00,18,56,18,52.06435944140862,2,32.142857142857146
2026-09-04 14:55:34+09:00,18,56,19,52.06435944140862,2,33.92857142857143
2026-09-04 15:00:32+09:00,18,56,19,52.88403157255616,2,33.92857142857143
2026-09-04 15:05:33+09:00,18,56,19,50.425015179113544,2,33.92857142857143
2026-09-04 15:10:33+09:00,18,56,18,49.605343047965995,2,32.142857142857146
2026-09-04 15:15:33+09:00,18,56,16,48.785670916818454,2,28.57142857142857
2026-09-04 15:20:32+09:00,18,56,17,46.32665452337583,2,30.357142857142854
2026-09-04 15:25:32+09:00,18,56,17,46.32665452337583,2,30.357142857142854
2026-09-04 15:30:32+09:00,18,56,17,47.14632665452337,2,30.357142857142854
2026-09-04 15:35:32+09:00,18,56,17,47.14632665452337,2,30.357142857142854
2026-09-04 15:40:32+09:00,18,56,19,47.14632665452337,2,33.92857142857143
2026-09-04 15:45:34+09:00,18,56,19,50.425015179113544,2,33.92857142857143
2026-09-04 15:50:34+09:00,18,56,18,65.68529263870371,3,32.142857142857146
2026-09-04 15:55:33+09:00,18,56,17,66.23174072613541,3,30.357142857142854
2026-09-04 16:00:34+09:00,18,56,18,64.65436480365217,3,32.142857142857146
2026-09-04 16:05:34+09:00,18,56,17,63.76427410453663,3,30.357142857142854
2026-09-04 16:10:35+09:00,18,56,17,63.38964732294685,3,30.357142857142854
2026-09-04 16:15:35+09:00,18,56,16,63.62343696860062,3,28.57142857142857
2026-09-04 16:20:33+09:00,18,56,17,65.29376540080163,3,30.357142857142854
2026-09-04 16:25:32+09:00,18,56,17,63.857226614254394,3,30.357142857142854
2026-09-04 16:30:33+09:00,18,56,18,64.95012278911777,3,32.142857142857146
2026-09-04 16:35:32+09:00,18,56,18,64.26283756575008,3,32.142857142857146
2026-09-04 16:40:32+09:00,18,56,19,64.60648017743394,3,33.92857142857143
2026-09-04 16:45:32+09:00,18,56,19,46.744940817105764,2,33.92857142857143
2026-09-04 16:50:32+09:00,18,56,20,48.291332569683085,2,35.714285714285715
2026-09-04 16:55:32+09:00,18,56,18,49.57999236349752,2,32.142857142857146
2026-09-04 17:00:32+09:00,18,56,19,66.38666157566502,3,33.92857142857143
2026-09-04 17:05:33+09:00,18,56,19,65.98105062416933,3,33.92857142857143
2026-09-04 17:10:33+09:00,18,56,19,62.764330439390996,3,33.92857142857143
2026-09-04 17:15:32+09:00,18,56,19,63.138957220980764,3,33.92857142857143
2026-09-04 17:20:32+09:00,18,56,19,62.56152496364316,3,33.92857142857143
2026-09-04 17:25:32+09:00,18,56,19,65.77824514842148,3,33.92857142857143
2026-09-04 17:30:34+09:00,18,56,17,67.93305332824234,3,30.357142857142854
2026-09-04 17:35:35+09:00,18,56,17,66.38666157566502,3,30.357142857142854
2026-09-04 17:40:35+09:00,18,56,17,66.73030418734886,3,30.357142857142854
2026-09-04 17:45:34+09:00,18,56,17,47.77586865215731,2,30.357142857142854
2026-09-04 17:50:32+09:00,18,56,16,49.064528445971746,2,28.57142857142857
2026-09-04 17:55:33+09:00,18,56,16,49.32226040473463,2,28.57142857142857
2026-09-04 18:00:32+09:00,18,56,15,64.60648017743394,3,26.785714285714285
2026-09-04 18:05:32+09:00,18,56,15,66.52749871160101,3,26.785714285714285
2026-09-04 18:10:34+09:00,18,56,15,66.15287193001124,3,26.785714285714285
2026-09-04 18:15:32+09:00,18,56,14,66.52749871160101,3,25.0
2026-09-04 18:20:32+09:00,18,56,16,65.84021348823332,3,28.57142857142857
2026-09-04 18:25:32+09:00,18,56,17,66.01203479407525,3,30.357142857142854
2026-09-04 18:30:32+09:00,18,56,16,49.83772432226041,2,28.57142857142857
2026-09-04 18:35:32+09:00,18,56,15,48.291332569683085,2,26.785714285714285
2026-09-04 18:40:35+09:00,18,56,16,48.549064528445975,2,28.57142857142857
2026-09-04 18:45:35+09:00,18,56,15,48.033600610920196,2,26.785714285714285
2026-09-04 18:50:33+09:00,18,56,15,48.80679648720886,2,26.785714285714285
2026-09-04 18:55:34+09:00,18,56,14,48.033600610920196,2,25.0
2026-09-04 19:00:34+09:00,18,56,14,47.77586865215731,2,25.0
2026-09-04 19:05:32+09:00,18,56,14,47.518136693394425,2,25.0
2026-09-04 19:10:33+09:00,18,56,12,46.22947689957999,2,21.428571428571427
2026-09-04 19:15:32+09:00,18,56,11,45.45628102329133,2,19.642857142857142
2026-09-04 19:20:32+09:00,18,56,11,45.71401298205422,2,19.642857142857142
2026-09-04 19:25:32+09:00,18,56,10,46.22947689957999,2,17.857142857142858
2026-09-04 19:30:32+09:00,18,56,9,46.22947689957999,2,16.071428571428573
2026-09-04 19:35:33+09:00,18,56,8,46.22947689957999,2,14.285714285714285
2026-09-04 19:40:35+09:00,18,56,7,45.9717449408171,2,12.5
2026-09-04 19:45:32+09:00,18,56,5,46.744940817105764,2,8.928571428571429
2026-09-04 19:50:33+09:00,18,56,5,46.487208858342875,2,8.928571428571429
2026-09-04 19:55:34+09:00,18,56,6,45.71401298205422,2,10.714285714285714
2026-09-04 20:00:32+09:00,18,56,7,45.45628102329133,2,12.5
2026-09-04 20:05:33+09:00,18,56,8,45.9717449408171,2,14.285714285714285
2026-09-04 20:10:32+09:00,18,56,7,43.39442535318824,2,12.5
2026-09-04 20:15:32+09:00,18,56,7,45.19854906452845,2,12.5
2026-09-04 20:20:33+09:00,18,56,6,42.87896143566247,2,10.714285714285714
2026-09-04 20:25:33+09:00,18,56,8,42.3634975181367,2,14.285714285714285
2026-09-04 20:30:33+09:00,18,56,7,42.3634975181367,2,12.5
2026-09-04 20:35:32+09:00,18,56,7,41.59030164184803,2,12.5
2026-09-04 20:40:32+09:00,18,56,7,41.07483772432226,2,12.5
2026-09-04 20:45:32+09:00,18,56,7,60.372915871197655,3,12.5
2026-09-04 20:50:32+09:00,18,56,7,60.20109456535573,3,12.5
2026-09-04 20:55:33+09:00,18,56,7,60.02927325951381,3,12.5
2026-09-04 21:00:33+09:00,18,56,6,58.967361254556344,3,10.714285714285714
2026-09-04 21:05:33+09:00,18,56,6,58.79553994871441,3,10.714285714285714
2026-09-04 21:10:34+09:00,18,56,6,58.79553994871441,3,10.714285714285714
2026-09-04 21:15:36+09:00,18,56,6,59.34198803614611,3,10.714285714285714
2026-09-04 21:20:34+09:00,18,56,6,58.998345424462265,3,10.714285714285714
2026-09-04 21:25:32+09:00,18,56,7,58.48288150693649,3,12.5
2026-09-04 21:30:32+09:00,18,56,8,57.2491481961371,3,14.285714285714285
2026-09-04 21:35:32+09:00,18,56,8,55.640788103747944,3,14.285714285714285
2026-09-04 21:40:32+09:00,18,56,9,53.89159087542277,3,16.071428571428573
2026-09-04 21:45:34+09:00,18,56,9,52.8296788704653,3,16.071428571428573
2026-09-04 21:50:33+09:00,18,56,9,52.657857564623384,3,16.071428571428573
2026-09-04 21:55:32+09:00,18,56,9,52.86066304037123,3,16.071428571428573
2026-09-04 22:00:32+09:00,18,56,9,53.063468516119066,3,16.071428571428573
2026-09-04 22:05:32+09:00,18,56,8,51.31427128779391,3,14.285714285714285
2026-09-04 22:10:33+09:00,18,56,7,51.34525545769983,3,12.5
2026-09-04 22:15:33+09:00,18,56,7,50.82979154017406,3,12.5
2026-09-04 22:20:32+09:00,18,56,7,50.45516475858429,3,12.5
2026-09-04 22:25:33+09:00,18,56,7,50.82979154017406,3,12.5
2026-09-04 22:30:33+09:00,18,56,7,50.142506316806355,3,12.5
2026-09-04 22:35:32+09:00,18,56,7,49.252415617690815,3,12.5
2026-09-04 22:40:33+09:00,18,56,7,49.62704239928058,3,12.5
2026-09-04 22:45:33+09:00,18,56,7,49.79886370512251,3,12.5
2026-09-04 22:50:32+09:00,18,56,7,48.393309088481196,3,12.5
2026-09-04 22:55:32+09:00,18,56,6,47.12859160777588,3,10.714285714285714
2026-09-04 23:00:33+09:00,18,56,6,47.50321838936565,3,10.714285714285714
2026-09-04 23:05:32+09:00,18,56,6,35.90838387821657,4,10.714285714285714
2026-09-04 23:10:34+09:00,18,56,6,35.779517898835124,4,10.714285714285714
2026-09-04 23:15:36+09:00,18,56,5,34.854217915735575,4,8.928571428571429
2026-09-04 23:20:32+09:00,18,56,6,34.72535193635413,4,10.714285714285714
2026-09-04 23:25:32+09:00,18,56,6,34.72535193635413,4,10.714285714285714
2026-09-04 23:30:32+09:00,18,56,6,35.26405398130935,4,10.714285714285714
2026-09-04 23:35:32+09:00,18,56,6,34.72535193635413,4,10.714285714285714
2026-09-04 23:40:32+09:00,18,56,7,35.13518800192791,4,12.5
2026-09-04 23:45:32+09:00,18,56,7,35.13518800192791,4,12.5
2026-09-04 23:50:33+09:00,18,56,7,35.00632202254646,4,12.5
2026-09-04 23:55:32+09:00,18,56,6,35.00632202254646,4,10.714285714285714
2026-09-04 09:45:34+09:00,19,101,101,44.42890877454636,4,100.0
2026-09-04 09:50:33+09:00,19,101,101,44.42890877454636,4,100.0
2026-09-04 09:55:33+09:00,19,101,101,44.42890877454636,4,100.0
2026-09-04 10:00:32+09:00,19,101,101,,0,100.0
2026-09-04 10:05:32+09:00,19,101,101,,0,100.0
2026-09-04 10:10:32+09:00,19,101,101,,0,100.0
2026-09-04 10:15:32+09:00,19,101,101,,0,100.0
2026-09-04 10:20:32+09:00,19,101,101,,0,100.0
2026-09-04 10:25:32+09:00,19,101,101,,0,100.0
2026-09-04 10:30:32+09:00,19,101,101,,0,100.0
2026-09-04 10:35:32+09:00,19,101,101,,0,100.0
2026-09-04 10:40:32+09:00,19,101,101,,0,100.0
2026-09-04 10:45:32+09:00,19,101,101,,0,100.0
2026-09-04 10:50:32+09:00,19,101,101,,0,100.0
2026-09-04 10:55:32+09:00,19,101,101,,0,100.0
2026-09-04 11:00:32+09:00,19,101,101,,0,100.0
2026-09-04 11:05:32+09:00,19,101,101,,0,100.0
2026-09-04 11:10:32+09:00,19,101,101,,0,100.0
2026-09-04 11:15:32+09:00,19,101,101,,0,100.0
2026-09-04 11:20:32+09:00,19,101,101,,0,100.0
2026-09-04 11:25:32+09:00,19,101,101,,0,100.0
2026-09-04 11:30:32+09:00,19,101,101,,0,100.0
2026-09-04 11:35:32+09:00,19,101,101,,0,100.0
2026-09-04 11:40:35+09:00,19,101,101,,0,100.0
2026-09-04 11:45:32+09:00,19,101,101,,0,100.0
2026-09-04 11:50:32+09:00,19,101,101,,0,100.0
2026-09-04 11:55:33+09:00,19,101,101,,0,100.0
2026-09-04 12:00:32+09:00,19,101,101,,0,100.0
2026-09-04 12:05:32+09:00,19,101,101,,0,100.0
2026-09-04 12:10:32+09:00,19,101,101,,0,100.0
2026-09-04 12:15:33+09:00,19,101,101,,0,100.0
2026-09-04 12:20:32+09:00,19,101,101,,0,100.0
2026-09-04 12:25:32+09:00,19,101,101,,0,100.0
2026-09-04 12:30:32+09:00,19,101,101,,0,100.0
2026-09-04 12:35:32+09:00,19,101,101,,0,100.0
2026-09-04 12:40:33+09:00,19,101,101,,0,100.0
2026-09-04 12:45:32+09:00,19,101,101,,0,100.0
2026-09-04 12:50:32+09:00,19,101,101,,0,100.0
2026-09-04 12:55:32+09:00,19,101,101,,0,100.0
2026-09-04 13:00:32+09:00,19,101,101,,0,100.0
2026-09-04 13:05:32+09:00,19,101,101,,0,100.0
2026-09-04 13:10:32+09:00,19,101,101,,0,100.0
2026-09-04 13:15:32+09:00,19,101,101,,0,100.0
2026-09-04 13:20:32+09:00,19,101,101,,0,100.0
2026-09-04 13:25:32+09:00,19,101,101,,0,100.0
2026-09-04 13:30:32+09:00,19,101,101,,0,100.0
2026-09-04 13:35:32+09:00,19,101,101,,0,100.0
2026-09-04 13:40:32+09:00,19,101,101,,0,100.0
2026-09-04 13:45:33+09:00,19,101,101,,0,100.0
2026-09-04 13:50:32+09:00,19,101,101,,0,100.0
2026-09-04 13:55:33+09:00,19,101,101,,0,100.0
2026-09-04 14:00:32+09:00,19,101,101,,0,100.0
2026-09-04 14:05:33+09:00,19,101,101,83.21605314893905,4,100.0
2026-09-04 14:10:32+09:00,19,101,101,83.29633019230334,4,100.0
2026-09-04 14:15:34+09:00,19,101,101,82.11787901385217,4,100.0
2026-09-04 14:20:34+09:00,19,101,101,82.24301177321311,4,100.0
2026-09-04 14:25:34+09:00,19,101,101,82.68913971934106,4,100.0
2026-09-04 14:30:32+09:00,19,101,101,79.25310148464511,4,100.0
2026-09-04 14:35:33+09:00,19,101,101,79.38049397780941,4,100.0
2026-09-04 14:40:32+09:00,19,101,101,78.82437348880302,4,100.0
2026-09-04 14:45:35+09:00,19,101,101,79.28733645176598,4,100.0
2026-09-04 14:50:34+09:00,19,101,101,80.43155266309628,4,100.0
2026-09-04 14:55:34+09:00,19,101,101,79.75871692314647,4,100.0
2026-09-04 15:00:32+09:00,19,101,101,79.40631143651278,4,100.0
2026-09-04 15:05:33+09:00,19,101,101,77.93494226380133,4,100.0
2026-09-04 15:10:33+09:00,19,101,101,77.31035184055318,4,100.0
2026-09-04 15:15:33+09:00,19,101,101,77.4764422751,4,100.0
2026-09-04 15:20:32+09:00,19,101,101,75.79463539195082,4,100.0
2026-09-04 15:25:32+09:00,19,101,101,76.3423383725397,4,100.0
2026-09-04 15:30:32+09:00,19,101,101,75.3737599710754,4,100.0
2026-09-04 15:35:32+09:00,19,101,101,77.17680157277472,4,100.0
2026-09-04 15:40:32+09:00,19,101,101,77.04940907961043,4,100.0
2026-09-04 15:45:34+09:00,19,101,101,76.3423383725397,4,100.0
2026-09-04 15:50:34+09:00,19,101,101,75.84514044245589,4,100.0
2026-09-04 15:55:33+09:00,19,101,101,77.39170225747407,4,100.0
2026-09-04 16:00:34+09:00,19,101,101,77.81427247870201,4,100.0
2026-09-04 16:05:34+09:00,19,101,101,78.44445574311345,4,100.0
2026-09-04 16:10:35+09:00,19,101,101,77.85636002078955,4,100.0
2026-09-04 16:15:35+09:00,19,101,101,75.320995186767,4,100.0
2026-09-04 16:20:33+09:00,19,101,101,71.2396334711771,4,100.0
2026-09-04 16:25:32+09:00,19,101,101,72.84008993740537,4,100.0
2026-09-04 16:30:33+09:00,19,101,101,72.04155650464375,4,100.0
2026-09-04 16:35:32+09:00,19,101,101,73.8934083564956,4,100.0
2026-09-04 16:40:32+09:00,19,101,101,73.6055182699478,4,100.0
2026-09-04 16:45:32+09:00,19,101,101,76.00394323548686,4,100.0
2026-09-04 16:50:32+09:00,19,101,101,73.99498339095655,4,100.0
2026-09-04 16:55:32+09:00,19,101,101,76.00563803583938,4,100.0
2026-09-04 17:00:32+09:00,19,101,101,74.95796895125754,4,100.0
2026-09-04 17:05:33+09:00,19,101,101,74.07469550087,4,100.0
2026-09-04 17:10:33+09:00,19,101,101,74.5797460059205,4,100.0
2026-09-04 17:15:32+09:00,19,101,101,74.41811854563532,4,100.0
2026-09-04 17:20:32+09:00,19,101,101,72.49446365218176,4,100.0
2026-09-04 17:25:32+09:00,19,101,101,72.78794657989289,4,100.0
2026-09-04 17:30:34+09:00,19,101,101,67.36650622556662,4,100.0
2026-09-04 17:35:35+09:00,19,101,101,66.32386504869726,4,100.0
2026-09-04 17:40:35+09:00,19,101,101,59.93497615980838,4,100.0
2026-09-04 17:45:34+09:00,19,101,101,60.73966736718414,4,100.0
2026-09-04 17:50:32+09:00,19,101,101,60.654362416107375,4,100.0
2026-09-04 17:55:33+09:00,19,101,101,59.80978690710234,4,100.0
2026-09-04 18:00:32+09:00,19,101,101,58.510157503446095,4,100.0
2026-09-04 18:05:32+09:00,19,101,101,57.964714256660564,4,100.0
2026-09-04 18:10:34+09:00,19,101,101,57.92601631527806,4,100.0
2026-09-04 18:15:32+09:00,19,101,101,55.91536167039523,4,100.0
2026-09-04 18:20:32+09:00,19,101,101,56.79694032043025,4,100.0
2026-09-04 18:25:32+09:00,19,101,101,56.16788692292048,4,100.0
2026-09-04 18:30:32+09:00,19,101,101,55.541093259214065,4,100.0
2026-09-04 18:35:32+09:00,19,101,101,56.67689196212686,4,100.0
2026-09-04 18:40:35+09:00,19,101,101,57.43220798589926,4,100.0
2026-09-04 18:45:35+09:00,19,101,101,59.113449935597586,4,100.0
2026-09-04 18:50:33+09:00,19,101,101,60.12129121189524,4,100.0
2026-09-04 18:55:34+09:00,19,101,101,60.83621449393261,4,100.0
2026-09-04 19:00:34+09:00,19,101,101,61.721182744672674,4,100.0
2026-09-04 19:05:32+09:00,19,101,101,61.63813752739927,4,100.0
2026-09-04 19:10:33+09:00,19,101,101,62.189230108693195,4,100.0
2026-09-04 19:15:32+09:00,19,101,101,62.779020631369626,4,100.0
2026-09-04 19:20:32+09:00,19,101,101,61.89631211443292,4,100.0
2026-09-04 19:25:32+09:00,19,101,101,61.1864732334531,4,100.0
2026-09-04 19:30:32+09:00,19,101,101,60.4726798183174,4,100.0
2026-09-04 19:35:33+09:00,19,101,101,59.25553069848372,4,100.0
2026-09-04 19:40:35+09:00,19,101,101,59.047352721849364,4,100.0
2026-09-04 19:45:32+09:00,19,101,101,56.48622692246853,4,100.0
2026-09-04 19:50:33+09:00,19,101,101,56.78140465053217,4,100.0
2026-09-04 19:55:34+09:00,19,101,101,57.12036472103586,4,100.0
2026-09-04 20:00:32+09:00,19,101,101,56.15404605337491,4,100.0
2026-09-04 20:05:33+09:00,19,101,101,54.93746186699207,4,100.0
2026-09-04 20:10:32+09:00,19,101,101,55.35607755406413,4,100.0
2026-09-04 20:15:32+09:00,19,101,101,54.43241136194156,4,100.0
2026-09-04 20:20:33+09:00,19,101,101,52.961042189230106,4,100.0
2026-09-04 20:25:33+09:00,19,101,101,49.340948636250644,4,100.0
2026-09-04 20:30:33+09:00,19,101,101,48.544110003841546,4,100.0
2026-09-04 20:35:32+09:00,19,101,101,49.21525094343886,4,100.0
2026-09-04 20:40:32+09:00,19,101,101,48.45936998621562,4,100.0
2026-09-04 20:45:32+09:00,19,101,101,48.71302510564256,4,100.0
2026-09-04 20:50:32+09:00,19,101,101,49.13164079271462,4,100.0
2026-09-04 20:55:33+09:00,19,101,101,47.70235916209071,4,100.0
2026-09-04 21:00:33+09:00,19,101,101,47.49248638510383,4,100.0
2026-09-04 21:05:33+09:00,19,101,101,47.367353625742886,4,100.0
2026-09-04 21:10:34+09:00,19,101,101,45.728199218132104,4,100.0
2026-09-04 21:15:36+09:00,19,101,101,44.54974803968092,4,100.0
2026-09-04 21:20:34+09:00,19,101,101,44.172090027794724,4,100.0
2026-09-04 21:25:32+09:00,19,101,101,44.17378482814724,4,100.0
2026-09-04 21:30:32+09:00,19,101,101,44.08904481052132,4,100.0
2026-09-04 21:35:32+09:00,19,101,101,43.62777664791087,4,100.0
2026-09-04 21:40:32+09:00,19,101,101,43.54303663028495,4,100.0
2026-09-04 21:45:34+09:00,19,101,101,43.795561882810205,4,100.0
2026-09-04 21:50:33+09:00,19,101,101,43.165378618398755,4,100.0
2026-09-04 21:55:32+09:00,19,101,101,43.165378618398755,4,100.0
2026-09-04 22:00:32+09:00,19,101,101,42.74450319752333,4,100.0
2026-09-04 22:05:32+09:00,19,101,101,41.98692743994757,4,100.0
2026-09-04 22:10:33+09:00,19,101,101,41.27143922445936,4,100.0
2026-09-04 22:15:33+09:00,19,101,101,41.22935168237182,4,100.0
2026-09-04 22:20:32+09:00,19,101,101,39.50432739023343,4,100.0
2026-09-04 22:25:33+09:00,19,101,101,39.63002508304522,4,100.0
2026-09-04 22:30:33+09:00,19,101,101,40.85112873703478,4,100.0
2026-09-04 22:35:32+09:00,19,101,101,40.598603484509525,4,100.0
2026-09-04 22:40:33+09:00,19,101,101,39.588502474408514,4,100.0
2026-09-04 22:45:33+09:00,19,101,101,39.12553951144555,4,100.0
2026-09-04 22:50:32+09:00,19,101,101,38.78996904164689,4,100.0
2026-09-04 22:55:32+09:00,19,101,101,38.70522902402097,4,100.0
2026-09-04 23:00:33+09:00,19,101,101,39.88368020247214,4,100.0
2026-09-04 23:05:32+09:00,19,101,101,38.48580887171491,4,100.0
2026-09-04 23:10:34+09:00,19,101,101,37.560447879239824,4,100.0
2026-09-04 23:15:36+09:00,19,101,101,37.30792262671457,4,100.0
2026-09-04 23:20:32+09:00,19,101,101,37.05539737418932,4,100.0
2026-09-04 23:25:32+09:00,19,101,101,36.550346869138814,4,100.0
2026-09-04 23:30:32+09:00,19,101,101,36.130036381714234,4,100.0
2026-09-04 23:35:32+09:00,19,101,101,35.709725894289654,4,100.0
2026-09-04 23:40:32+09:00,19,101,101,36.04529636408831,4,100.0
2026-09-04 23:45:32+09:00,19,101,101,36.04529636408831,4,100.0
2026-09-04 23:50:33+09:00,19,101,101,35.96055634646238,4,100.0
2026-09-04 23:55:32+09:00,19,101,101,35.16032811334825,4,100.0
2026-09-04 09:45:34+09:00,20,170,155,,0,91.17647058823529
2026-09-04 09:50:33+09:00,20,170,156,,0,91.76470588235294
2026-09-04 09:55:33+09:00,20,170,156,,0,91.76470588235294
2026-09-04 10:00:32+09:00,20,170,156,,0,91.76470588235294
2026-09-04 10:05:32+09:00,20,170,152,,0,89.41176470588236
2026-09-04 10:10:32+09:00,20,170,152,,0,89.41176470588236
2026-09-04 10:15:32+09:00,20,170,152,,0,89.41176470588236
2026-09-04 10:20:32+09:00,20,170,152,,0,89.41176470588236
2026-09-04 10:25:32+09:00,20,170,152,,0,89.41176470588236
2026-09-04 10:30:32+09:00,20,170,151,,0,88.8235294117647
2026-09-04 10:35:32+09:00,20,170,150,,0,88.23529411764706
2026-09-04 10:40:32+09:00,20,170,147,,0,86.47058823529412
2026-09-04 10:45:32+09:00,20,170,147,,0,86.47058823529412
2026-09-04 10:50:32+09:00,20,170,147,,0,86.47058823529412
2026-09-04 10:55:32+09:00,20,170,147,,0,86.47058823529412
2026-09-04 11:00:32+09:00,20,170,150,,0,88.23529411764706
2026-09-04 11:05:32+09:00,20,170,150,,0,88.23529411764706
2026-09-04 11:10:32+09:00,20,170,150,,0,88.23529411764706
2026-09-04 11:15:32+09:00,20,170,150,,0,88.23529411764706
2026-09-04 11:20:32+09:00,20,170,150,,0,88.23529411764706
2026-09-04 11:25:32+09:00,20,170,151,,0,88.8235294117647
2026-09-04 11:30:32+09:00,20,170,150,,0,88.23529411764706
2026-09-04 11:35:32+09:00,20,170,152,,0,89.41176470588236
2026-09-04 11:40:35+09:00,20,170,153,,0,90.0
2026-09-04 11:45:32+09:00,20,170,152,,0,89.41176470588236
2026-09-04 11:50:32+09:00,20,170,151,,0,88.8235294117647
2026-09-04 11:55:33+09:00,20,170,149,,0,87.6470588235294
2026-09-04 12:00:32+09:00,20,170,149,,0,87.6470588235294
2026-09-04 12:05:32+09:00,20,170,150,,0,88.23529411764706
2026-09-04 12:10:32+09:00,20,170,149,,0,87.6470588235294
2026-09-04 12:15:33+09:00,20,170,149,,0,87.6470588235294
2026-09-04 12:20:32+09:00,20,170,149,,0,87.6470588235294
2026-09-04 12:25:32+09:00,20,170,149,,0,87.6470588235294
2026-09-04 12:30:32+09:00,20,170,149,,0,87.6470588235294
2026-09-04 12:35:32+09:00,20,170,150,,0,88.23529411764706
2026-09-04 12:40:33+09:00,20,170,150,,0,88.23529411764706
2026-09-04 12:45:32+09:00,20,170,149,,0,87.6470588235294
2026-09-04 12:50:32+09:00,20,170,149,,0,87.6470588235294
2026-09-04 12:55:32+09:00,20,170,150,,0,88.23529411764706
2026-09-04 13:00:32+09:00,20,170,150,,0,88.23529411764706
2026-09-04 13:05:32+09:00,20,170,150,,0,88.23529411764706
2026-09-04 13:10:32+09:00,20,170,152,,0,89.41176470588236
2026-09-04 13:15:32+09:00,20,170,154,,0,90.58823529411765
2026-09-04 13:20:32+09:00,20,170,155,,0,91.17647058823529
2026-09-04 13:25:32+09:00,20,170,155,,0,91.17647058823529
2026-09-04 13:30:32+09:00,20,170,155,,0,91.17647058823529
2026-09-04 13:35:32+09:00,20,170,153,,0,90.0
2026-09-04 13:40:32+09:00,20,170,152,,0,89.41176470588236
2026-09-04 13:45:33+09:00,20,170,152,,0,89.41176470588236
2026-09-04 13:50:32+09:00,20,170,150,,0,88.23529411764706
2026-09-04 13:55:33+09:00,20,170,150,,0,88.23529411764706
2026-09-04 14:00:32+09:00,20,170,149,,0,87.6470588235294
2026-09-04 14:05:33+09:00,20,170,150,,0,88.23529411764706
2026-09-04 14:10:32+09:00,20,170,150,,0,88.23529411764706
2026-09-04 14:15:34+09:00,20,170,149,,0,87.6470588235294
2026-09-04 14:20:34+09:00,20,170,149,,0,87.6470588235294
2026-09-04 14:25:34+09:00,20,170,148,,0,87.05882352941177
2026-09-04 14:30:32+09:00,20,170,146,,0,85.88235294117646
2026-09-04 14:35:33+09:00,20,170,145,,0,85.29411764705883
2026-09-04 14:40:32+09:00,20,170,144,,0,84.70588235294117
2026-09-04 14:45:35+09:00,20,170,141,,0,82.94117647058825
2026-09-04 14:50:34+09:00,20,170,140,,0,82.35294117647058
2026-09-04 14:55:34+09:00,20,170,139,,0,81.76470588235294
2026-09-04 15:00:32+09:00,20,170,142,,0,83.52941176470588
2026-09-04 15:05:33+09:00,20,170,140,,0,82.35294117647058
2026-09-04 15:10:33+09:00,20,170,140,,0,82.35294117647058
2026-09-04 15:15:33+09:00,20,170,137,,0,80.58823529411765
2026-09-04 15:20:32+09:00,20,170,138,,0,81.17647058823529
2026-09-04 15:25:32+09:00,20,170,138,,0,81.17647058823529
2026-09-04 15:30:32+09:00,20,170,139,,0,81.76470588235294
2026-09-04 15:35:32+09:00,20,170,136,,0,80.0
2026-09-04 15:40:32+09:00,20,170,137,,0,80.58823529411765
2026-09-04 15:45:34+09:00,20,170,137,,0,80.58823529411765
2026-09-04 15:50:34+09:00,20,170,137,,0,80.58823529411765
2026-09-04 15:55:33+09:00,20,170,136,,0,80.0
2026-09-04 16:00:34+09:00,20,170,139,,0,81.76470588235294
2026-09-04 16:05:34+09:00,20,170,141,,0,82.94117647058825
2026-09-04 16:10:35+09:00,20,170,142,,0,83.52941176470588
2026-09-04 16:15:35+09:00,20,170,141,,0,82.94117647058825
2026-09-04 16:20:33+09:00,20,170,143,,0,84.11764705882354
2026-09-04 16:25:32+09:00,20,170,142,,0,83.52941176470588
2026-09-04 16:30:33+09:00,20,170,144,,0,84.70588235294117
2026-09-04 16:35:32+09:00,20,170,147,,0,86.47058823529412
2026-09-04 16:40:32+09:00,20,170,148,,0,87.05882352941177
2026-09-04 16:45:32+09:00,20,170,148,,0,87.05882352941177
2026-09-04 16:50:32+09:00,20,170,147,,0,86.47058823529412
2026-09-04 16:55:32+09:00,20,170,147,,0,86.47058823529412
2026-09-04 17:00:32+09:00,20,170,142,,0,83.52941176470588
2026-09-04 17:05:33+09:00,20,170,143,,0,84.11764705882354
2026-09-04 17:10:33+09:00,20,170,144,,0,84.70588235294117
2026-09-04 17:15:32+09:00,20,170,144,,0,84.70588235294117
2026-09-04 17:20:32+09:00,20,170,142,,0,83.52941176470588
2026-09-04 17:25:32+09:00,20,170,141,,0,82.94117647058825
2026-09-04 17:30:34+09:00,20,170,141,,0,82.94117647058825
2026-09-04 17:35:35+09:00,20,170,143,,0,84.11764705882354
2026-09-04 17:40:35+09:00,20,170,143,,0,84.11764705882354
2026-09-04 17:45:34+09:00,20,170,140,,0,82.35294117647058
2026-09-04 17:50:32+09:00,20,170,140,,0,82.35294117647058
2026-09-04 17:55:33+09:00,20,170,139,,0,81.76470588235294
2026-09-04 18:00:32+09:00,20,170,140,,0,82.35294117647058
2026-09-04 18:05:32+09:00,20,170,141,,0,82.94117647058825
2026-09-04 18:10:34+09:00,20,170,140,,0,82.35294117647058
2026-09-04 18:15:32+09:00,20,170,138,,0,81.17647058823529
2026-09-04 18:20:32+09:00,20,170,138,,0,81.17647058823529
2026-09-04 18:25:32+09:00,20,170,139,,0,81.76470588235294
2026-09-04 18:30:32+09:00,20,170,141,,0,82.94117647058825
2026-09-04 18:35:32+09:00,20,170,137,,0,80.58823529411765
2026-09-04 18:40:35+09:00,20,170,133,,0,78.23529411764706
2026-09-04 18:45:35+09:00,20,170,132,,0,77.64705882352942
2026-09-04 18:50:33+09:00,20,170,133,,0,78.23529411764706
2026-09-04 18:55:34+09:00,20,170,136,,0,80.0
2026-09-04 19:00:34+09:00,20,170,136,,0,80.0
2026-09-04 19:05:32+09:00,20,170,134,,0,78.82352941176471
2026-09-04 19:10:33+09:00,20,170,135,,0,79.41176470588235
2026-09-04 19:15:32+09:00,20,170,133,,0,78.23529411764706
2026-09-04 19:20:32+09:00,20,170,133,,0,78.23529411764706
2026-09-04 19:25:32+09:00,20,170,133,,0,78.23529411764706
2026-09-04 19:30:32+09:00,20,170,132,,0,77.64705882352942
2026-09-04 19:35:33+09:00,20,170,127,,0,74.70588235294117
2026-09-04 19:40:35+09:00,20,170,130,,0,76.47058823529412
2026-09-04 19:45:32+09:00,20,170,129,,0,75.88235294117646
2026-09-04 19:50:33+09:00,20,170,128,,0,75.29411764705883
2026-09-04 19:55:34+09:00,20,170,127,,0,74.70588235294117
2026-09-04 20:00:32+09:00,20,170,127,,0,74.70588235294117
2026-09-04 20:05:33+09:00,20,170,128,,0,75.29411764705883
2026-09-04 20:10:32+09:00,20,170,130,,0,76.47058823529412
2026-09-04 20:15:32+09:00,20,170,130,,0,76.47058823529412
2026-09-04 20:20:33+09:00,20,170,136,,0,80.0
2026-09-04 20:25:33+09:00,20,170,139,,0,81.76470588235294
2026-09-04 20:30:33+09:00,20,170,139,,0,81.76470588235294
2026-09-04 20:35:32+09:00,20,170,136,,0,80.0
2026-09-04 20:40:32+09:00,20,170,139,,0,81.76470588235294
2026-09-04 20:45:32+09:00,20,170,138,,0,81.17647058823529
2026-09-04 20:50:32+09:00,20,170,136,,0,80.0
2026-09-04 20:55:33+09:00,20,170,134,,0,78.82352941176471
2026-09-04 21:00:33+09:00,20,170,133,,0,78.23529411764706
2026-09-04 21:05:33+09:00,20,170,134,,0,78.82352941176471
2026-09-04 21:10:34+09:00,20,170,134,,0,78.82352941176471
2026-09-04 21:15:36+09:00,20,170,133,,0,78.23529411764706
2026-09-04 21:20:34+09:00,20,170,134,,0,78.82352941176471
2026-09-04 21:25:32+09:00,20,170,136,,0,80.0
2026-09-04 21:30:32+09:00,20,170,137,,0,80.58823529411765
2026-09-04 21:35:32+09:00,20,170,136,,0,80.0
2026-09-04 21:40:32+09:00,20,170,138,,0,81.17647058823529
2026-09-04 21:45:34+09:00,20,170,137,,0,80.58823529411765
2026-09-04 21:50:33+09:00,20,170,139,,0,81.76470588235294
2026-09-04 21:55:32+09:00,20,170,142,,0,83.52941176470588
2026-09-04 22:00:32+09:00,20,170,140,,0,82.35294117647058
2026-09-04 22:05:32+09:00,20,170,140,,0,82.35294117647058
2026-09-04 22:10:33+09:00,20,170,141,,0,82.94117647058825
2026-09-04 22:15:33+09:00,20,170,144,,0,84.70588235294117
2026-09-04 22:20:32+09:00,20,170,144,,0,84.70588235294117
2026-09-04 22:25:33+09:00,20,170,147,,0,86.47058823529412
2026-09-04 22:30:33+09:00,20,170,147,,0,86.47058823529412
2026-09-04 22:35:32+09:00,20,170,147,,0,86.47058823529412
2026-09-04 22:40:33+09:00,20,170,150,,0,88.23529411764706
2026-09-04 22:45:33+09:00,20,170,150,,0,88.23529411764706
2026-09-04 22:50:32+09:00,20,170,149,,0,87.6470588235294
2026-09-04 22:55:32+09:00,20,170,148,,0,87.05882352941177
2026-09-04 23:00:33+09:00,20,170,147,,0,86.47058823529412
2026-09-04 23:05:32+09:00,20,170,151,,0,88.8235294117647
2026-09-04 23:10:34+09:00,20,170,150,,0,88.23529411764706
2026-09-04 23:15:36+09:00,20,170,151,,0,88.8235294117647
2026-09-04 23:20:32+09:00,20,170,151,,0,88.8235294117647
2026-09-04 23:25:32+09:00,20,170,152,,0,89.41176470588236
2026-09-04 23:30:32+09:00,20,170,152,,0,89.41176470588236
2026-09-04 23:35:32+09:00,20,170,151,,0,88.8235294117647
2026-09-04 23:40:32+09:00,20,170,151,,0,88.8235294117647
2026-09-04 23:45:32+09:00,20,170,151,,0,88.8235294117647
2026-09-04 23:50:33+09:00,20,170,152,,0,89.41176470588236
2026-09-04 23:55:32+09:00,20,170,153,,0,90.0
2026-09-04 09:45:34+09:00,21,76,40,52.38095238095238,3,52.63157894736842
2026-09-04 09:50:33+09:00,21,76,41,52.38095238095238,3,53.94736842105263
2026-09-04 09:55:33+09:00,21,76,42,52.38095238095238,3,55.26315789473685
2026-09-04 10:00:32+09:00,21,76,44,,0,57.89473684210527
2026-09-04 10:05:32+09:00,21,76,44,,0,57.89473684210527
2026-09-04 10:10:32+09:00,21,76,44,,0,57.89473684210527
2026-09-04 10:15:32+09:00,21,76,44,,0,57.89473684210527
2026-09-04 10:20:32+09:00,21,76,44,,0,57.89473684210527
2026-09-04 10:25:32+09:00,21,76,44,,0,57.89473684210527
2026-09-04 10:30:32+09:00,21,76,44,,0,57.89473684210527
2026-09-04 10:35:32+09:00,21,76,44,,0,57.89473684210527
2026-09-04 10:40:32+09:00,21,76,44,,0,57.89473684210527
2026-09-04 10:45:32+09:00,21,76,44,,0,57.89473684210527
2026-09-04 10:50:32+09:00,21,76,44,,0,57.89473684210527
2026-09-04 10:55:32+09:00,21,76,42,,0,55.26315789473685
2026-09-04 11:00:32+09:00,21,76,42,,0,55.26315789473685
2026-09-04 11:05:32+09:00,21,76,43,,0,56.57894736842105
2026-09-04 11:10:32+09:00,21,76,43,,0,56.57894736842105
2026-09-04 11:15:32+09:00,21,76,43,,0,56.57894736842105
2026-09-04 11:20:32+09:00,21,76,43,,0,56.57894736842105
2026-09-04 11:25:32+09:00,21,76,44,,0,57.89473684210527
2026-09-04 11:30:32+09:00,21,76,44,,0,57.89473684210527
2026-09-04 11:35:32+09:00,21,76,44,,0,57.89473684210527
2026-09-04 11:40:35+09:00,21,76,44,,0,57.89473684210527
2026-09-04 11:45:32+09:00,21,76,44,,0,57.89473684210527
2026-09-04 11:50:32+09:00,21,76,44,,0,57.89473684210527
2026-09-04 11:55:33+09:00,21,76,44,,0,57.89473684210527
2026-09-04 12:00:32+09:00,21,76,44,,0,57.89473684210527
2026-09-04 12:05:32+09:00,21,76,45,,0,59.210526315789465
2026-09-04 12:10:32+09:00,21,76,46,,0,60.526315789473685
2026-09-04 12:15:33+09:00,21,76,45,,0,59.210526315789465
2026-09-04 12:20:32+09:00,21,76,45,,0,59.210526315789465
2026-09-04 12:25:32+09:00,21,76,45,,0,59.210526315789465
2026-09-04 12:30:32+09:00,21,76,45,,0,59.210526315789465
2026-09-04 12:35:32+09:00,21,76,45,,0,59.210526315789465
2026-09-04 12:40:33+09:00,21,76,45,,0,59.210526315789465
2026-09-04 12:45:32+09:00,21,76,46,,0,60.526315789473685
2026-09-04 12:50:32+09:00,21,76,46,,0,60.526315789473685
2026-09-04 12:55:32+09:00,21,76,46,,0,60.526315789473685
2026-09-04 13:00:32+09:00,21,76,46,,0,60.526315789473685
2026-09-04 13:05:32+09:00,21,76,46,,0,60.526315789473685
2026-09-04 13:10:32+09:00,21,76,46,,0,60.526315789473685
2026-09-04 13:15:32+09:00,21,76,46,,0,60.526315789473685
2026-09-04 13:20:32+09:00,21,76,46,,0,60.526315789473685
2026-09-04 13:25:32+09:00,21,76,46,,0,60.526315789473685
2026-09-04 13:30:32+09:00,21,76,46,,0,60.526315789473685
2026-09-04 13:35:32+09:00,21,76,46,,0,60.526315789473685
2026-09-04 13:40:32+09:00,21,76,46,,0,60.526315789473685
2026-09-04 13:45:33+09:00,21,76,46,,0,60.526315789473685
2026-09-04 13:50:32+09:00,21,76,46,,0,60.526315789473685
2026-09-04 13:55:33+09:00,21,76,46,,0,60.526315789473685
2026-09-04 14:00:32+09:00,21,76,46,,0,60.526315789473685
2026-09-04 14:05:33+09:00,21,76,46,27.73109243697479,2,60.526315789473685
2026-09-04 14:10:32+09:00,21,76,45,27.521008403361346,2,59.210526315789465
2026-09-04 14:15:34+09:00,21,76,45,27.521008403361346,2,59.210526315789465
2026-09-04 14:20:34+09:00,21,76,46,27.941176470588236,2,60.526315789473685
2026-09-04 14:25:34+09:00,21,76,46,28.15126050420168,2,60.526315789473685
2026-09-04 14:30:32+09:00,21,76,46,27.73109243697479,2,60.526315789473685
2026-09-04 14:35:33+09:00,21,76,46,27.310924369747898,2,60.526315789473685
2026-09-04 14:40:32+09:00,21,76,46,51.40056022408964,3,60.526315789473685
2026-09-04 14:45:35+09:00,21,76,47,51.260504201680675,3,61.8421052631579
2026-09-04 14:50:34+09:00,21,76,47,44.45378151260504,3,61.8421052631579
2026-09-04 14:55:34+09:00,21,76,46,44.45378151260504,3,60.526315789473685
2026-09-04 15:00:32+09:00,21,76,46,51.260504201680675,3,60.526315789473685
2026-09-04 15:05:33+09:00,21,76,46,51.120448179271705,3,60.526315789473685
2026-09-04 15:10:33+09:00,21,76,47,51.260504201680675,3,61.8421052631579
2026-09-04 15:15:33+09:00,21,76,47,51.260504201680675,3,61.8421052631579
2026-09-04 15:20:32+09:00,21,76,47,51.120448179271705,3,61.8421052631579
2026-09-04 15:25:32+09:00,21,76,47,50.98039215686274,3,61.8421052631579
2026-09-04 15:30:32+09:00,21,76,48,25.840336134453786,2,63.1578947368421
2026-09-04 15:35:32+09:00,21,76,48,26.47058823529412,2,63.1578947368421
2026-09-04 15:40:32+09:00,21,76,48,26.260504201680675,2,63.1578947368421
2026-09-04 15:45:34+09:00,21,76,47,27.100840336134453,2,61.8421052631579
2026-09-04 15:50:34+09:00,21,76,47,26.680672268907564,2,61.8421052631579
2026-09-04 15:55:33+09:00,21,76,46,26.680672268907564,2,60.526315789473685
2026-09-04 16:00:34+09:00,21,76,44,26.89075630252101,2,57.89473684210527
2026-09-04 16:05:34+09:00,21,76,44,51.260504201680675,3,57.89473684210527
2026-09-04 16:10:35+09:00,21,76,44,51.260504201680675,3,57.89473684210527
2026-09-04 16:15:35+09:00,21,76,44,51.260504201680675,3,57.89473684210527
2026-09-04 16:20:33+09:00,21,76,44,50.840336134453786,3,57.89473684210527
2026-09-04 16:25:32+09:00,21,76,44,50.840336134453786,3,57.89473684210527
2026-09-04 16:30:33+09:00,21,76,44,26.89075630252101,2,57.89473684210527
2026-09-04 16:35:32+09:00,21,76,44,27.100840336134453,2,57.89473684210527
2026-09-04 16:40:32+09:00,21,76,44,51.680672268907564,3,57.89473684210527
2026-09-04 16:45:32+09:00,21,76,44,51.680672268907564,3,57.89473684210527
2026-09-04 16:50:32+09:00,21,76,44,51.96078431372549,3,57.89473684210527
2026-09-04 16:55:32+09:00,21,76,44,28.57142857142857,2,57.89473684210527
2026-09-04 17:00:32+09:00,21,76,44,28.991596638655466,2,57.89473684210527
2026-09-04 17:05:33+09:00,21,76,44,29.20168067226891,2,57.89473684210527
2026-09-04 17:10:33+09:00,21,76,45,28.781512605042014,2,59.210526315789465
2026-09-04 17:15:32+09:00,21,76,45,28.15126050420168,2,59.210526315789465
2026-09-04 17:20:32+09:00,21,76,45,52.100840336134446,3,59.210526315789465
2026-09-04 17:25:32+09:00,21,76,45,52.38095238095238,3,59.210526315789465
2026-09-04 17:30:34+09:00,21,76,45,52.52100840336134,3,59.210526315789465
2026-09-04 17:35:35+09:00,21,76,45,52.52100840336134,3,59.210526315789465
2026-09-04 17:40:35+09:00,21,76,44,51.540616246498594,3,57.89473684210527
2026-09-04 17:45:34+09:00,21,76,43,51.680672268907564,3,56.57894736842105
2026-09-04 17:50:32+09:00,21,76,43,51.540616246498594,3,56.57894736842105
2026-09-04 17:55:33+09:00,21,76,43,44.73389355742297,3,56.57894736842105
2026-09-04 18:00:32+09:00,21,76,42,51.540616246498594,3,55.26315789473685
2026-09-04 18:05:32+09:00,21,76,41,31.680672268907568,3,53.94736842105263
2026-09-04 18:10:34+09:00,21,76,41,32.38095238095238,3,53.94736842105263
2026-09-04 18:15:32+09:00,21,76,41,32.38095238095238,3,53.94736842105263
2026-09-04 18:20:32+09:00,21,76,41,32.66106442577031,3,53.94736842105263
2026-09-04 18:25:32+09:00,21,76,39,32.66106442577031,3,51.31578947368421
2026-09-04 18:30:32+09:00,21,76,38,33.0812324929972,3,50.0
2026-09-04 18:35:32+09:00,21,76,38,33.221288515406165,3,50.0
2026-09-04 18:40:35+09:00,21,76,38,33.641456582633054,3,50.0
2026-09-04 18:45:35+09:00,21,76,38,34.20168067226891,3,50.0
2026-09-04 18:50:33+09:00,21,76,37,34.761904761904766,3,48.68421052631579
2026-09-04 18:55:34+09:00,21,76,37,35.462184873949575,3,48.68421052631579
2026-09-04 19:00:34+09:00,21,76,36,35.602240896358545,3,47.368421052631575
2026-09-04 19:05:32+09:00,21,76,35,35.88235294117647,3,46.05263157894737
2026-09-04 19:10:33+09:00,21,76,35,36.1624649859944,3,46.05263157894737
2026-09-04 19:15:32+09:00,21,76,34,36.022408963585434,3,44.73684210526316
2026-09-04 19:20:32+09:00,21,76,34,36.1624649859944,3,44.73684210526316
2026-09-04 19:25:32+09:00,21,76,33,36.44257703081232,3,43.42105263157895
2026-09-04 19:30:32+09:00,21,76,33,36.582633053221286,3,43.42105263157895
2026-09-04 19:35:33+09:00,21,76,33,36.582633053221286,3,43.42105263157895
2026-09-04 19:40:35+09:00,21,76,31,36.72268907563025,3,40.78947368421053
2026-09-04 19:45:32+09:00,21,76,31,37.42296918767507,3,40.78947368421053
2026-09-04 19:50:33+09:00,21,76,31,37.56302521008403,3,40.78947368421053
2026-09-04 19:55:34+09:00,21,76,32,37.84313725490196,3,42.10526315789473
2026-09-04 20:00:32+09:00,21,76,32,37.983193277310924,3,42.10526315789473
2026-09-04 20:05:33+09:00,21,76,32,37.983193277310924,3,42.10526315789473
2026-09-04 20:10:32+09:00,21,76,32,38.12324929971989,3,42.10526315789473
2026-09-04 20:15:32+09:00,21,76,32,38.12324929971989,3,42.10526315789473
2026-09-04 20:20:33+09:00,21,76,30,38.12324929971989,3,39.473684210526315
2026-09-04 20:25:33+09:00,21,76,30,37.2829131652661,3,39.473684210526315
2026-09-04 20:30:33+09:00,21,76,29,37.2829131652661,3,38.15789473684211
2026-09-04 20:35:32+09:00,21,76,28,37.2829131652661,3,36.84210526315789
2026-09-04 20:40:32+09:00,21,76,28,37.703081232493,3,36.84210526315789
2026-09-04 20:45:32+09:00,21,76,32,37.983193277310924,3,42.10526315789473
2026-09-04 20:50:32+09:00,21,76,32,38.12324929971989,3,42.10526315789473
2026-09-04 20:55:33+09:00,21,76,32,38.26330532212885,3,42.10526315789473
2026-09-04 21:00:33+09:00,21,76,32,38.403361344537814,3,42.10526315789473
2026-09-04 21:05:33+09:00,21,76,31,38.68347338935574,3,40.78947368421053
2026-09-04 21:10:34+09:00,21,76,31,38.68347338935574,3,40.78947368421053
2026-09-04 21:15:36+09:00,21,76,31,38.96358543417367,3,40.78947368421053
2026-09-04 21:20:34+09:00,21,76,30,38.96358543417367,3,39.473684210526315
2026-09-04 21:25:32+09:00,21,76,29,38.96358543417367,3,38.15789473684211
2026-09-04 21:30:32+09:00,21,76,30,39.103641456582636,3,39.473684210526315
2026-09-04 21:35:32+09:00,21,76,27,39.38375350140056,3,35.526315789473685
2026-09-04 21:40:32+09:00,21,76,26,39.2436974789916,3,34.21052631578947
2026-09-04 21:45:34+09:00,21,76,26,39.523809523809526,3,34.21052631578947
2026-09-04 21:50:33+09:00,21,76,26,39.38375350140056,3,34.21052631578947
2026-09-04 21:55:32+09:00,21,76,26,39.80392156862745,3,34.21052631578947
2026-09-04 22:00:32+09:00,21,76,25,39.80392156862745,3,32.89473684210527
2026-09-04 22:05:32+09:00,21,76,25,39.943977591036415,3,32.89473684210527
2026-09-04 22:10:33+09:00,21,76,25,40.364145658263304,3,32.89473684210527
2026-09-04 22:15:33+09:00,21,76,24,40.64425770308123,3,31.57894736842105
2026-09-04 22:20:32+09:00,21,76,24,40.924369747899156,3,31.57894736842105
2026-09-04 22:25:33+09:00,21,76,25,41.484593837535016,3,32.89473684210527
2026-09-04 22:30:33+09:00,21,76,25,41.62464985994398,3,32.89473684210527
2026-09-04 22:35:32+09:00,21,76,25,42.04481792717087,3,32.89473684210527
2026-09-04 22:40:33+09:00,21,76,25,42.18487394957983,3,32.89473684210527
2026-09-04 22:45:33+09:00,21,76,24,42.18487394957983,3,31.57894736842105
2026-09-04 22:50:32+09:00,21,76,24,42.324929971988794,3,31.57894736842105
2026-09-04 22:55:32+09:00,21,76,24,42.46498599439776,3,31.57894736842105
2026-09-04 23:00:33+09:00,21,76,23,42.324929971988794,3,30.263157894736842
2026-09-04 23:05:32+09:00,21,76,23,29.41176470588235,3,30.263157894736842
2026-09-04 23:10:34+09:00,21,76,23,29.831932773109244,3,30.263157894736842
2026-09-04 23:15:36+09:00,21,76,23,29.97198879551821,3,30.263157894736842
2026-09-04 23:20:32+09:00,21,76,23,30.252100840336137,3,30.263157894736842
2026-09-04 23:25:32+09:00,21,76,23,30.11204481792717,3,30.263157894736842
2026-09-04 23:30:32+09:00,21,76,22,30.252100840336137,3,28.947368421052634
2026-09-04 23:35:32+09:00,21,76,22,30.392156862745097,3,28.947368421052634
2026-09-04 23:40:32+09:00,21,76,22,30.532212885154063,3,28.947368421052634
2026-09-04 23:45:32+09:00,21,76,22,30.532212885154063,3,28.947368421052634
2026-09-04 23:50:33+09:00,21,76,22,30.532212885154063,3,28.947368421052634
2026-09-04 23:55:32+09:00,21,76,22,30.672268907563023,3,28.947368421052634
2026-09-04 09:45:34+09:00,22,28,10,73.77049180327869,1,35.714285714285715
2026-09-04 09:50:33+09:00,22,28,10,73.77049180327869,1,35.714285714285715
2026-09-04 09:55:33+09:00,22,28,8,73.77049180327869,1,28.57142857142857
2026-09-04 10:00:32+09:00,22,28,6,,0,21.428571428571427
2026-09-04 10:05:32+09:00,22,28,4,,0,14.285714285714285
2026-09-04 10:10:32+09:00,22,28,4,,0,14.285714285714285
2026-09-04 10:15:32+09:00,22,28,7,,0,25.0
2026-09-04 10:20:32+09:00,22,28,7,,0,25.0
2026-09-04 10:25:32+09:00,22,28,7,,0,25.0
2026-09-04 10:30:32+09:00,22,28,7,,0,25.0
2026-09-04 10:35:32+09:00,22,28,8,,0,28.57142857142857
2026-09-04 10:40:32+09:00,22,28,9,,0,32.142857142857146
2026-09-04 10:45:32+09:00,22,28,9,,0,32.142857142857146
2026-09-04 10:50:32+09:00,22,28,9,,0,32.142857142857146
2026-09-04 10:55:32+09:00,22,28,9,,0,32.142857142857146
2026-09-04 11:00:32+09:00,22,28,9,,0,32.142857142857146
2026-09-04 11:05:32+09:00,22,28,9,,0,32.142857142857146
2026-09-04 11:10:32+09:00,22,28,10,,0,35.714285714285715
2026-09-04 11:15:32+09:00,22,28,10,,0,35.714285714285715
2026-09-04 11:20:32+09:00,22,28,10,,0,35.714285714285715
2026-09-04 11:25:32+09:00,22,28,10,,0,35.714285714285715
2026-09-04 11:30:32+09:00,22,28,10,,0,35.714285714285715
2026-09-04 11:35:32+09:00,22,28,10,,0,35.714285714285715
2026-09-04 11:40:35+09:00,22,28,10,,0,35.714285714285715
2026-09-04 11:45:32+09:00,22,28,10,,0,35.714285714285715
2026-09-04 11:50:32+09:00,22,28,7,,0,25.0
2026-09-04 11:55:33+09:00,22,28,5,,0,17.857142857142858
2026-09-04 12:00:32+09:00,22,28,6,,0,21.428571428571427
2026-09-04 12:05:32+09:00,22,28,4,,0,14.285714285714285
2026-09-04 12:10:32+09:00,22,28,3,,0,10.714285714285714
2026-09-04 12:15:33+09:00,22,28,4,,0,14.285714285714285
2026-09-04 12:20:32+09:00,22,28,5,,0,17.857142857142858
2026-09-04 12:25:32+09:00,22,28,5,,0,17.857142857142858
2026-09-04 12:30:32+09:00,22,28,5,,0,17.857142857142858
2026-09-04 12:35:32+09:00,22,28,6,,0,21.428571428571427
2026-09-04 12:40:33+09:00,22,28,6,,0,21.428571428571427
2026-09-04 12:45:32+09:00,22,28,7,,0,25.0
2026-09-04 12:50:32+09:00,22,28,5,,0,17.857142857142858
2026-09-04 12:55:32+09:00,22,28,5,,0,17.857142857142858
2026-09-04 13:00:32+09:00,22,28,3,,0,10.714285714285714
2026-09-04 13:05:32+09:00,22,28,3,,0,10.714285714285714
2026-09-04 13:10:32+09:00,22,28,3,,0,10.714285714285714
2026-09-04 13:15:32+09:00,22,28,3,,0,10.714285714285714
2026-09-04 13:20:32+09:00,22,28,5,,0,17.857142857142858
2026-09-04 13:25:32+09:00,22,28,5,,0,17.857142857142858
2026-09-04 13:30:32+09:00,22,28,5,,0,17.857142857142858
2026-09-04 13:35:32+09:00,22,28,5,,0,17.857142857142858
2026-09-04 13:40:32+09:00,22,28,5,,0,17.857142857142858
2026-09-04 13:45:33+09:00,22,28,5,,0,17.857142857142858
2026-09-04 13:50:32+09:00,22,28,4,,0,14.285714285714285
2026-09-04 13:55:33+09:00,22,28,4,,0,14.285714285714285
2026-09-04 14:00:32+09:00,22,28,5,,0,17.857142857142858
2026-09-04 14:05:33+09:00,22,28,5,85.24590163934425,1,17.857142857142858
2026-09-04 14:10:32+09:00,22,28,5,86.88524590163934,1,17.857142857142858
2026-09-04 14:15:34+09:00,22,28,6,88.52459016393442,1,21.428571428571427
2026-09-04 14:20:34+09:00,22,28,6,91.80327868852459,1,21.428571428571427
2026-09-04 14:25:34+09:00,22,28,6,88.52459016393442,1,21.428571428571427
2026-09-04 14:30:32+09:00,22,28,8,93.44262295081968,1,28.57142857142857
2026-09-04 14:35:33+09:00,22,28,8,93.44262295081968,1,28.57142857142857
2026-09-04 14:40:32+09:00,22,28,9,98.36065573770492,1,32.142857142857146
2026-09-04 14:45:35+09:00,22,28,9,98.36065573770492,1,32.142857142857146
2026-09-04 14:50:34+09:00,22,28,9,96.72131147540983,1,32.142857142857146
2026-09-04 14:55:34+09:00,22,28,9,96.72131147540983,1,32.142857142857146
2026-09-04 15:00:32+09:00,22,28,9,98.36065573770492,1,32.142857142857146
2026-09-04 15:05:33+09:00,22,28,9,93.44262295081968,1,32.142857142857146
2026-09-04 15:10:33+09:00,22,28,9,91.80327868852459,1,32.142857142857146
2026-09-04 15:15:33+09:00,22,28,9,90.1639344262295,1,32.142857142857146
2026-09-04 15:20:32+09:00,22,28,10,85.24590163934425,1,35.714285714285715
2026-09-04 15:25:32+09:00,22,28,9,85.24590163934425,1,32.142857142857146
2026-09-04 15:30:32+09:00,22,28,9,86.88524590163934,1,32.142857142857146
2026-09-04 15:35:32+09:00,22,28,9,86.88524590163934,1,32.142857142857146
2026-09-04 15:40:32+09:00,22,28,9,86.88524590163934,1,32.142857142857146
2026-09-04 15:45:34+09:00,22,28,8,93.44262295081968,1,28.57142857142857
2026-09-04 15:50:34+09:00,22,28,7,90.1639344262295,1,25.0
2026-09-04 15:55:33+09:00,22,28,7,91.80327868852459,1,25.0
2026-09-04 16:00:34+09:00,22,28,7,90.1639344262295,1,25.0
2026-09-04 16:05:34+09:00,22,28,7,88.52459016393442,1,25.0
2026-09-04 16:10:35+09:00,22,28,7,86.88524590163934,1,25.0
2026-09-04 16:15:35+09:00,22,28,8,90.1639344262295,1,28.57142857142857
2026-09-04 16:20:33+09:00,22,28,8,96.72131147540983,1,28.57142857142857
2026-09-04 16:25:32+09:00,22,28,9,93.44262295081968,1,32.142857142857146
2026-09-04 16:30:33+09:00,22,28,9,96.72131147540983,1,32.142857142857146
2026-09-04 16:35:32+09:00,22,28,9,96.72131147540983,1,32.142857142857146
2026-09-04 16:40:32+09:00,22,28,10,96.72131147540983,1,35.714285714285715
2026-09-04 16:45:32+09:00,22,28,10,,0,35.714285714285715
2026-09-04 16:50:32+09:00,22,28,10,,0,35.714285714285715
2026-09-04 16:55:32+09:00,22,28,10,,0,35.714285714285715
2026-09-04 17:00:32+09:00,22,28,10,100.0,1,35.714285714285715
2026-09-04 17:05:33+09:00,22,28,10,96.72131147540983,1,35.714285714285715
2026-09-04 17:10:33+09:00,22,28,10,90.1639344262295,1,35.714285714285715
2026-09-04 17:15:32+09:00,22,28,11,91.80327868852459,1,39.285714285714285
2026-09-04 17:20:32+09:00,22,28,11,88.52459016393442,1,39.285714285714285
2026-09-04 17:25:32+09:00,22,28,11,95.08196721311475,1,39.285714285714285
2026-09-04 17:30:34+09:00,22,28,11,100.0,1,39.285714285714285
2026-09-04 17:35:35+09:00,22,28,11,100.0,1,39.285714285714285
2026-09-04 17:40:35+09:00,22,28,11,100.0,1,39.285714285714285
2026-09-04 17:45:34+09:00,22,28,28,,0,100.0
2026-09-04 17:50:32+09:00,22,28,28,,0,100.0
2026-09-04 17:55:33+09:00,22,28,28,,0,100.0
2026-09-04 18:00:32+09:00,22,28,28,96.72131147540983,1,100.0
2026-09-04 18:05:32+09:00,22,28,28,98.36065573770492,1,100.0
2026-09-04 18:10:34+09:00,22,28,28,96.72131147540983,1,100.0
2026-09-04 18:15:32+09:00,22,28,28,98.36065573770492,1,100.0
2026-09-04 18:20:32+09:00,22,28,28,98.36065573770492,1,100.0
2026-09-04 18:25:32+09:00,22,28,28,98.36065573770492,1,100.0
2026-09-04 18:30:32+09:00,22,28,28,,0,100.0
2026-09-04 18:35:32+09:00,22,28,28,,0,100.0
2026-09-04 18:40:35+09:00,22,28,28,,0,100.0
2026-09-04 18:45:35+09:00,22,28,28,,0,100.0
2026-09-04 18:50:33+09:00,22,28,28,,0,100.0
2026-09-04 18:55:34+09:00,22,28,28,,0,100.0
2026-09-04 19:00:34+09:00,22,28,28,,0,100.0
2026-09-04 19:05:32+09:00,22,28,28,,0,100.0
2026-09-04 19:10:33+09:00,22,28,28,,0,100.0
2026-09-04 19:15:32+09:00,22,28,28,,0,100.0
2026-09-04 19:20:32+09:00,22,28,28,,0,100.0
2026-09-04 19:25:32+09:00,22,28,28,,0,100.0
2026-09-04 19:30:32+09:00,22,28,28,,0,100.0
2026-09-04 19:35:33+09:00,22,28,28,,0,100.0
2026-09-04 19:40:35+09:00,22,28,28,,0,100.0
2026-09-04 19:45:32+09:00,22,28,28,,0,100.0
2026-09-04 19:50:33+09:00,22,28,28,,0,100.0
2026-09-04 19:55:34+09:00,22,28,28,,0,100.0
2026-09-04 20:00:32+09:00,22,28,28,,0,100.0
2026-09-04 20:05:33+09:00,22,28,28,,0,100.0
2026-09-04 20:10:32+09:00,22,28,28,,0,100.0
2026-09-04 20:15:32+09:00,22,28,28,,0,100.0
2026-09-04 20:20:33+09:00,22,28,28,,0,100.0
2026-09-04 20:25:33+09:00,22,28,28,,0,100.0
2026-09-04 20:30:33+09:00,22,28,28,,0,100.0
2026-09-04 20:35:32+09:00,22,28,28,,0,100.0
2026-09-04 20:40:32+09:00,22,28,28,,0,100.0
2026-09-04 20:45:32+09:00,22,28,28,100.0,1,100.0
2026-09-04 20:50:32+09:00,22,28,28,100.0,1,100.0
2026-09-04 20:55:33+09:00,22,28,28,100.0,1,100.0
2026-09-04 21:00:33+09:00,22,28,28,98.36065573770492,1,100.0
2026-09-04 21:05:33+09:00,22,28,28,98.36065573770492,1,100.0
2026-09-04 21:10:34+09:00,22,28,28,98.36065573770492,1,100.0
2026-09-04 21:15:36+09:00,22,28,28,100.0,1,100.0
2026-09-04 21:20:34+09:00,22,28,28,100.0,1,100.0
2026-09-04 21:25:32+09:00,22,28,28,100.0,1,100.0
2026-09-04 21:30:32+09:00,22,28,28,98.36065573770492,1,100.0
2026-09-04 21:35:32+09:00,22,28,28,95.08196721311475,1,100.0
2026-09-04 21:40:32+09:00,22,28,28,93.44262295081968,1,100.0
2026-09-04 21:45:34+09:00,22,28,28,91.80327868852459,1,100.0
2026-09-04 21:50:33+09:00,22,28,28,91.80327868852459,1,100.0
2026-09-04 21:55:32+09:00,22,28,28,93.44262295081968,1,100.0
2026-09-04 22:00:32+09:00,22,28,28,95.08196721311475,1,100.0
2026-09-04 22:05:32+09:00,22,28,28,93.44262295081968,1,100.0
2026-09-04 22:10:33+09:00,22,28,28,95.08196721311475,1,100.0
2026-09-04 22:15:33+09:00,22,28,28,95.08196721311475,1,100.0
2026-09-04 22:20:32+09:00,22,28,28,93.44262295081968,1,100.0
2026-09-04 22:25:33+09:00,22,28,28,95.08196721311475,1,100.0
2026-09-04 22:30:33+09:00,22,28,28,95.08196721311475,1,100.0
2026-09-04 22:35:32+09:00,22,28,28,93.44262295081968,1,100.0
2026-09-04 22:40:33+09:00,22,28,28,95.08196721311475,1,100.0
2026-09-04 22:45:33+09:00,22,28,28,95.08196721311475,1,100.0
2026-09-04 22:50:32+09:00,22,28,28,93.44262295081968,1,100.0
2026-09-04 22:55:32+09:00,22,28,28,90.1639344262295,1,100.0
2026-09-04 23:00:33+09:00,22,28,28,91.80327868852459,1,100.0
2026-09-04 23:05:32+09:00,22,28,28,93.44262295081968,1,100.0
2026-09-04 23:10:34+09:00,22,28,28,93.44262295081968,1,100.0
2026-09-04 23:15:36+09:00,22,28,28,91.80327868852459,1,100.0
2026-09-04 23:20:32+09:00,22,28,28,91.80327868852459,1,100.0
2026-09-04 23:25:32+09:00,22,28,28,91.80327868852459,1,100.0
2026-09-04 23:30:32+09:00,22,28,28,93.44262295081968,1,100.0
2026-09-04 23:35:32+09:00,22,28,28,91.80327868852459,1,100.0
2026-09-04 23:40:32+09:00,22,28,28,93.44262295081968,1,100.0
2026-09-04 23:45:32+09:00,22,28,28,93.44262295081968,1,100.0
2026-09-04 23:50:33+09:00,22,28,28,93.44262295081968,1,100.0
2026-09-04 23:55:32+09:00,22,28,28,93.44262295081968,1,100.0
2026-09-04 09:45:34+09:00,23,42,18,23.948934837092732,7,42.857142857142854
2026-09-04 09:50:33+09:00,23,42,17,23.948934837092732,7,40.476190476190474
2026-09-04 09:55:33+09:00,23,42,17,23.948934837092732,7,40.476190476190474
2026-09-04 10:00:32+09:00,23,42,17,,0,40.476190476190474
2026-09-04 10:05:32+09:00,23,42,18,,0,42.857142857142854
2026-09-04 10:10:32+09:00,23,42,18,,0,42.857142857142854
2026-09-04 10:15:32+09:00,23,42,18,,0,42.857142857142854
2026-09-04 10:20:32+09:00,23,42,18,,0,42.857142857142854
2026-09-04 10:25:32+09:00,23,42,19,,0,45.23809523809524
2026-09-04 10:30:32+09:00,23,42,19,,0,45.23809523809524
2026-09-04 10:35:32+09:00,23,42,19,,0,45.23809523809524
2026-09-04 10:40:32+09:00,23,42,19,,0,45.23809523809524
2026-09-04 10:45:32+09:00,23,42,17,,0,40.476190476190474
2026-09-04 10:50:32+09:00,23,42,16,,0,38.095238095238095
2026-09-04 10:55:32+09:00,23,42,16,,0,38.095238095238095
2026-09-04 11:00:32+09:00,23,42,16,,0,38.095238095238095
2026-09-04 11:05:32+09:00,23,42,17,,0,40.476190476190474
2026-09-04 11:10:32+09:00,23,42,17,,0,40.476190476190474
2026-09-04 11:15:32+09:00,23,42,17,,0,40.476190476190474
2026-09-04 11:20:32+09:00,23,42,17,,0,40.476190476190474
2026-09-04 11:25:32+09:00,23,42,17,,0,40.476190476190474
2026-09-04 11:30:32+09:00,23,42,17,,0,40.476190476190474
2026-09-04 11:35:32+09:00,23,42,17,,0,40.476190476190474
2026-09-04 11:40:35+09:00,23,42,17,,0,40.476190476190474
2026-09-04 11:45:32+09:00,23,42,17,,0,40.476190476190474
2026-09-04 11:50:32+09:00,23,42,17,,0,40.476190476190474
2026-09-04 11:55:33+09:00,23,42,17,,0,40.476190476190474
2026-09-04 12:00:32+09:00,23,42,17,,0,40.476190476190474
2026-09-04 12:05:32+09:00,23,42,17,,0,40.476190476190474
2026-09-04 12:10:32+09:00,23,42,17,,0,40.476190476190474
2026-09-04 12:15:33+09:00,23,42,19,,0,45.23809523809524
2026-09-04 12:20:32+09:00,23,42,19,,0,45.23809523809524
2026-09-04 12:25:32+09:00,23,42,19,,0,45.23809523809524
2026-09-04 12:30:32+09:00,23,42,19,,0,45.23809523809524
2026-09-04 12:35:32+09:00,23,42,19,,0,45.23809523809524
2026-09-04 12:40:33+09:00,23,42,19,,0,45.23809523809524
2026-09-04 12:45:32+09:00,23,42,19,,0,45.23809523809524
2026-09-04 12:50:32+09:00,23,42,19,,0,45.23809523809524
2026-09-04 12:55:32+09:00,23,42,19,,0,45.23809523809524
2026-09-04 13:00:32+09:00,23,42,19,,0,45.23809523809524
2026-09-04 13:05:32+09:00,23,42,19,,0,45.23809523809524
2026-09-04 13:10:32+09:00,23,42,19,,0,45.23809523809524
2026-09-04 13:15:32+09:00,23,42,19,,0,45.23809523809524
2026-09-04 13:20:32+09:00,23,42,19,,0,45.23809523809524
2026-09-04 13:25:32+09:00,23,42,19,,0,45.23809523809524
2026-09-04 13:30:32+09:00,23,42,20,,0,47.61904761904761
2026-09-04 13:35:32+09:00,23,42,20,,0,47.61904761904761
2026-09-04 13:40:32+09:00,23,42,20,,0,47.61904761904761
2026-09-04 13:45:33+09:00,23,42,20,,0,47.61904761904761
2026-09-04 13:50:32+09:00,23,42,20,,0,47.61904761904761
2026-09-04 13:55:33+09:00,23,42,20,,0,47.61904761904761
2026-09-04 14:00:32+09:00,23,42,20,,0,47.61904761904761
2026-09-04 14:05:33+09:00,23,42,20,26.451620121732905,7,47.61904761904761
2026-09-04 14:10:32+09:00,23,42,20,26.66644289294665,7,47.61904761904761
2026-09-04 14:15:34+09:00,23,42,20,26.55903150733978,7,47.61904761904761
2026-09-04 14:20:34+09:00,23,42,20,27.035221983530253,7,47.61904761904761
2026-09-04 14:25:34+09:00,23,42,20,27.142633369137126,7,47.61904761904761
2026-09-04 14:30:32+09:00,23,42,21,27.142633369137126,7,50.0
2026-09-04 14:35:33+09:00,23,42,21,27.035221983530253,7,50.0
2026-09-04 14:40:32+09:00,23,42,21,26.820399212316506,7,50.0
2026-09-04 14:45:35+09:00,23,42,21,26.605576441102755,7,50.0
2026-09-04 14:50:34+09:00,23,42,21,26.605576441102755,7,50.0
2026-09-04 14:55:34+09:00,23,42,21,27.427273540995344,7,50.0
2026-09-04 15:00:32+09:00,23,42,21,26.843671679197996,7,50.0
2026-09-04 15:05:33+09:00,23,42,21,26.843671679197996,7,50.0
2026-09-04 15:10:33+09:00,23,42,21,26.628848907984246,7,50.0
2026-09-04 15:15:33+09:00,23,42,21,27.366407089151448,7,50.0
2026-09-04 15:20:32+09:00,23,42,21,26.890216612960973,7,50.0
2026-09-04 15:25:32+09:00,23,42,22,26.28334228428213,7,52.38095238095239
2026-09-04 15:30:32+09:00,23,42,22,26.28334228428213,7,52.38095238095239
2026-09-04 15:35:32+09:00,23,42,22,26.28334228428213,7,52.38095238095239
2026-09-04 15:40:32+09:00,23,42,22,25.569056569996416,7,52.38095238095239
2026-09-04 15:45:34+09:00,23,42,22,26.045247046186894,7,52.38095238095239
2026-09-04 15:50:34+09:00,23,42,23,26.52143752237737,7,54.761904761904766
2026-09-04 15:55:33+09:00,23,42,23,26.75953276047261,7,54.761904761904766
2026-09-04 16:00:34+09:00,23,42,25,28.51033834586466,7,59.523809523809526
2026-09-04 16:05:34+09:00,23,42,25,28.14155925528106,7,59.523809523809526
2026-09-04 16:10:35+09:00,23,42,25,27.29658968850698,7,59.523809523809526
2026-09-04 16:15:35+09:00,23,42,25,26.367481203007518,7,59.523809523809526
2026-09-04 16:20:33+09:00,23,42,25,26.367481203007518,7,59.523809523809526
2026-09-04 16:25:32+09:00,23,42,39,26.47489258861439,7,92.85714285714286
2026-09-04 16:30:33+09:00,23,42,39,26.47489258861439,7,92.85714285714286
2026-09-04 16:35:32+09:00,23,42,39,26.260069817400645,7,92.85714285714286
2026-09-04 16:40:32+09:00,23,42,39,26.47489258861439,7,92.85714285714286
2026-09-04 16:45:32+09:00,23,42,39,26.843671679197996,7,92.85714285714286
2026-09-04 16:50:32+09:00,23,42,39,28.379654493376297,7,92.85714285714286
2026-09-04 16:55:32+09:00,23,42,39,29.67754206945936,7,92.85714285714286
2026-09-04 17:00:32+09:00,23,42,39,29.570130683852486,7,92.85714285714286
2026-09-04 17:05:33+09:00,23,42,39,29.247896527031862,7,92.85714285714286
2026-09-04 17:10:33+09:00,23,42,39,29.35530791263874,7,92.85714285714286
2026-09-04 17:15:32+09:00,23,42,39,29.14048514142499,7,92.85714285714286
2026-09-04 17:20:32+09:00,23,42,39,29.14048514142499,7,92.85714285714286
2026-09-04 17:25:32+09:00,23,42,39,29.747359470103827,7,92.85714285714286
2026-09-04 17:30:34+09:00,23,42,39,30.008727175080562,7,92.85714285714286
2026-09-04 17:35:35+09:00,23,42,39,30.723012889366277,7,92.85714285714286
2026-09-04 17:40:35+09:00,23,42,39,30.055272108843536,7,92.85714285714286
2026-09-04 17:45:34+09:00,23,42,39,29.84044933762979,7,92.85714285714286
2026-09-04 17:50:32+09:00,23,42,39,29.625626566416038,7,92.85714285714286
2026-09-04 17:55:33+09:00,23,42,39,30.62455245255997,7,92.85714285714286
2026-09-04 18:00:32+09:00,23,42,39,31.05419799498747,7,92.85714285714286
2026-09-04 18:05:32+09:00,23,42,39,32.137262799856785,7,92.85714285714286
2026-09-04 18:10:34+09:00,23,42,39,32.02985141424991,7,92.85714285714286
2026-09-04 18:15:32+09:00,23,42,39,31.968984962406015,7,92.85714285714286
2026-09-04 18:20:32+09:00,23,42,39,33.052049767275335,7,92.85714285714286
2026-09-04 18:25:32+09:00,23,42,39,31.86157357679914,7,92.85714285714286
2026-09-04 18:30:32+09:00,23,42,39,34.373209810239885,7,92.85714285714286
2026-09-04 18:35:32+09:00,23,42,39,34.718716433942,7,92.85714285714286
2026-09-04 18:40:35+09:00,23,42,39,34.718716433942,7,92.85714285714286
2026-09-04 18:45:35+09:00,23,42,39,34.718716433942,7,92.85714285714286
2026-09-04 18:50:33+09:00,23,42,39,34.718716433942,7,92.85714285714286
2026-09-04 18:55:34+09:00,23,42,39,34.933539205155746,7,92.85714285714286
2026-09-04 19:00:34+09:00,23,42,39,36.07747046186896,7,92.85714285714286
2026-09-04 19:05:32+09:00,23,42,39,36.768483709273184,7,92.85714285714286
2026-09-04 19:10:33+09:00,23,42,39,36.96003401360544,7,92.85714285714286
2026-09-04 19:15:32+09:00,23,42,39,37.22140171858217,7,92.85714285714286
2026-09-04 19:20:32+09:00,23,42,39,38.281194056569994,7,92.85714285714286
2026-09-04 19:25:32+09:00,23,42,39,38.281194056569994,7,92.85714285714286
2026-09-04 19:30:32+09:00,23,42,39,38.99547977085571,7,92.85714285714286
2026-09-04 19:35:33+09:00,23,42,39,38.99547977085571,7,92.85714285714286
2026-09-04 19:40:35+09:00,23,42,39,37.67431972789115,7,92.85714285714286
2026-09-04 19:45:32+09:00,23,42,39,38.04309881847475,7,92.85714285714286
2026-09-04 19:50:33+09:00,23,42,39,38.51928929466523,7,92.85714285714286
2026-09-04 19:55:34+09:00,23,42,39,38.41187790905836,7,92.85714285714286
2026-09-04 20:00:32+09:00,23,42,39,38.19705513784461,7,92.85714285714286
2026-09-04 20:05:33+09:00,23,42,39,38.19705513784461,7,92.85714285714286
2026-09-04 20:10:32+09:00,23,42,39,39.04202470461869,7,92.85714285714286
2026-09-04 20:15:32+09:00,23,42,39,40.36318474758325,7,92.85714285714286
2026-09-04 20:20:33+09:00,23,42,39,39.7563104189044,7,92.85714285714286
2026-09-04 20:25:33+09:00,23,42,39,39.7563104189044,7,92.85714285714286
2026-09-04 20:30:33+09:00,23,42,39,39.434076262083785,7,92.85714285714286
2026-09-04 20:35:32+09:00,23,42,39,39.434076262083785,7,92.85714285714286
2026-09-04 20:40:32+09:00,23,42,39,36.431928034371644,7,92.85714285714286
2026-09-04 20:45:32+09:00,23,42,39,25.962562656641605,6,92.85714285714286
2026-09-04 20:50:32+09:00,23,42,39,26.795895989974937,6,92.85714285714286
2026-09-04 20:55:33+09:00,23,42,39,27.171835839598998,6,92.85714285714286
2026-09-04 21:00:33+09:00,23,42,39,27.297149122807017,6,92.85714285714286
2026-09-04 21:05:33+09:00,23,42,39,27.297149122807017,6,92.85714285714286
2026-09-04 21:10:34+09:00,23,42,39,27.547775689223055,6,92.85714285714286
2026-09-04 21:15:36+09:00,23,42,39,27.673088972431078,6,92.85714285714286
2026-09-04 21:20:34+09:00,23,42,39,27.547775689223055,6,92.85714285714286
2026-09-04 21:25:32+09:00,23,42,39,27.297149122807017,6,92.85714285714286
2026-09-04 21:30:32+09:00,23,42,39,27.42246240601504,6,92.85714285714286
2026-09-04 21:35:32+09:00,23,42,39,27.42246240601504,6,92.85714285714286
2026-09-04 21:40:32+09:00,23,42,39,27.42246240601504,6,92.85714285714286
2026-09-04 21:45:34+09:00,23,42,39,27.42246240601504,6,92.85714285714286
2026-09-04 21:50:33+09:00,23,42,39,27.42246240601504,6,92.85714285714286
2026-09-04 21:55:32+09:00,23,42,39,27.42246240601504,6,92.85714285714286
2026-09-04 22:00:32+09:00,23,42,39,27.297149122807017,6,92.85714285714286
2026-09-04 22:05:32+09:00,23,42,39,27.42246240601504,6,92.85714285714286
2026-09-04 22:10:33+09:00,23,42,39,27.42246240601504,6,92.85714285714286
2026-09-04 22:15:33+09:00,23,42,39,27.297149122807017,6,92.85714285714286
2026-09-04 22:20:32+09:00,23,42,39,27.171835839598998,6,92.85714285714286
2026-09-04 22:25:33+09:00,23,42,39,27.297149122807017,6,92.85714285714286
2026-09-04 22:30:33+09:00,23,42,39,27.42246240601504,6,92.85714285714286
2026-09-04 22:35:32+09:00,23,42,39,27.297149122807017,6,92.85714285714286
2026-09-04 22:40:33+09:00,23,42,39,27.42246240601504,6,92.85714285714286
2026-09-04 22:45:33+09:00,23,42,39,27.42246240601504,6,92.85714285714286
2026-09-04 22:50:32+09:00,23,42,39,27.297149122807017,6,92.85714285714286
2026-09-04 22:55:32+09:00,23,42,39,27.171835839598998,6,92.85714285714286
2026-09-04 23:00:33+09:00,23,42,42,26.921209273182956,6,100.0
2026-09-04 23:05:32+09:00,23,42,42,26.921209273182956,6,100.0
2026-09-04 23:10:34+09:00,23,42,42,26.921209273182956,6,100.0
2026-09-04 23:15:36+09:00,23,42,42,26.795895989974937,6,100.0
2026-09-04 23:20:32+09:00,23,42,42,26.921209273182956,6,100.0
2026-09-04 23:25:32+09:00,23,42,42,26.67058270676692,6,100.0
2026-09-04 23:30:32+09:00,23,42,42,26.67058270676692,6,100.0
2026-09-04 23:35:32+09:00,23,42,42,26.67058270676692,6,100.0
2026-09-04 23:40:32+09:00,23,42,42,26.545269423558896,6,100.0
2026-09-04 23:45:32+09:00,23,42,42,26.545269423558896,6,100.0
2026-09-04 23:50:33+09:00,23,42,42,26.545269423558896,6,100.0
2026-09-04 23:55:32+09:00,23,42,42,26.419956140350877,6,100.0
2026-09-04 09:45:34+09:00,24,96,61,58.61302784663138,3,63.541666666666664
2026-09-04 09:50:33+09:00,24,96,61,58.61302784663138,3,63.541666666666664
2026-09-04 09:55:33+09:00,24,96,61,58.61302784663138,3,63.541666666666664
2026-09-04 10:00:32+09:00,24,96,61,,0,63.541666666666664
2026-09-04 10:05:32+09:00,24,96,61,,0,63.541666666666664
2026-09-04 10:10:32+09:00,24,96,60,,0,62.5
2026-09-04 10:15:32+09:00,24,96,59,,0,61.458333333333336
2026-09-04 10:20:32+09:00,24,96,59,,0,61.458333333333336
2026-09-04 10:25:32+09:00,24,96,58,,0,60.416666666666664
2026-09-04 10:30:32+09:00,24,96,58,,0,60.416666666666664
2026-09-04 10:35:32+09:00,24,96,56,,0,58.333333333333336
2026-09-04 10:40:32+09:00,24,96,57,,0,59.375
2026-09-04 10:45:32+09:00,24,96,58,,0,60.416666666666664
2026-09-04 10:50:32+09:00,24,96,58,,0,60.416666666666664
2026-09-04 10:55:32+09:00,24,96,59,,0,61.458333333333336
2026-09-04 11:00:32+09:00,24,96,60,,0,62.5
2026-09-04 11:05:32+09:00,24,96,60,,0,62.5
2026-09-04 11:10:32+09:00,24,96,60,,0,62.5
2026-09-04 11:15:32+09:00,24,96,60,,0,62.5
2026-09-04 11:20:32+09:00,24,96,60,,0,62.5
2026-09-04 11:25:32+09:00,24,96,61,,0,63.541666666666664
2026-09-04 11:30:32+09:00,24,96,61,,0,63.541666666666664
2026-09-04 11:35:32+09:00,24,96,60,,0,62.5
2026-09-04 11:40:35+09:00,24,96,60,,0,62.5
2026-09-04 11:45:32+09:00,24,96,60,,0,62.5
2026-09-04 11:50:32+09:00,24,96,60,,0,62.5
2026-09-04 11:55:33+09:00,24,96,60,,0,62.5
2026-09-04 12:00:32+09:00,24,96,60,,0,62.5
2026-09-04 12:05:32+09:00,24,96,60,,0,62.5
2026-09-04 12:10:32+09:00,24,96,61,,0,63.541666666666664
2026-09-04 12:15:33+09:00,24,96,61,,0,63.541666666666664
2026-09-04 12:20:32+09:00,24,96,61,,0,63.541666666666664
2026-09-04 12:25:32+09:00,24,96,60,,0,62.5
2026-09-04 12:30:32+09:00,24,96,62,,0,64.58333333333334
2026-09-04 12:35:32+09:00,24,96,62,,0,64.58333333333334
2026-09-04 12:40:33+09:00,24,96,62,,0,64.58333333333334
2026-09-04 12:45:32+09:00,24,96,62,,0,64.58333333333334
2026-09-04 12:50:32+09:00,24,96,62,,0,64.58333333333334
2026-09-04 12:55:32+09:00,24,96,61,,0,63.541666666666664
2026-09-04 13:00:32+09:00,24,96,60,,0,62.5
2026-09-04 13:05:32+09:00,24,96,61,,0,63.541666666666664
2026-09-04 13:10:32+09:00,24,96,60,,0,62.5
2026-09-04 13:15:32+09:00,24,96,60,,0,62.5
2026-09-04 13:20:32+09:00,24,96,60,,0,62.5
2026-09-04 13:25:32+09:00,24,96,57,,0,59.375
2026-09-04 13:30:32+09:00,24,96,57,,0,59.375
2026-09-04 13:35:32+09:00,24,96,58,,0,60.416666666666664
2026-09-04 13:40:32+09:00,24,96,57,,0,59.375
2026-09-04 13:45:33+09:00,24,96,58,,0,60.416666666666664
2026-09-04 13:50:32+09:00,24,96,58,,0,60.416666666666664
2026-09-04 13:55:33+09:00,24,96,58,,0,60.416666666666664
2026-09-04 14:00:32+09:00,24,96,58,,0,60.416666666666664
2026-09-04 14:05:33+09:00,24,96,58,66.65717603447891,3,60.416666666666664
2026-09-04 14:10:32+09:00,24,96,58,65.93253835331949,3,60.416666666666664
2026-09-04 14:15:34+09:00,24,96,58,65.49038654786628,3,60.416666666666664
2026-09-04 14:20:34+09:00,24,96,57,65.49038654786628,3,59.375
2026-09-04 14:25:34+09:00,24,96,57,65.20790067216006,3,59.375
2026-09-04 14:30:32+09:00,24,96,58,66.2150242290257,3,60.416666666666664
2026-09-04 14:35:33+09:00,24,96,58,67.06248185614434,3,60.416666666666664
2026-09-04 14:40:32+09:00,24,96,57,67.06248185614434,3,59.375
2026-09-04 14:45:35+09:00,24,96,57,67.06248185614434,3,59.375
2026-09-04 14:50:34+09:00,24,96,56,67.06248185614434,3,58.333333333333336
2026-09-04 14:55:34+09:00,24,96,55,67.06248185614434,3,57.291666666666664
2026-09-04 15:00:32+09:00,24,96,56,67.06248185614434,3,58.333333333333336
2026-09-04 15:05:33+09:00,24,96,54,66.33784417498492,3,56.25
2026-09-04 15:10:33+09:00,24,96,54,65.33072061811929,3,56.25
2026-09-04 15:15:33+09:00,24,96,54,65.86275429311539,3,56.25
2026-09-04 15:20:32+09:00,24,96,53,66.86987784998102,3,55.208333333333336
2026-09-04 15:25:32+09:00,24,96,53,66.1452401688216,3,55.208333333333336
2026-09-04 15:30:32+09:00,24,96,53,67.43484960139345,3,55.208333333333336
2026-09-04 15:35:32+09:00,24,96,52,67.15236372568724,3,54.166666666666664
2026-09-04 15:40:32+09:00,24,96,54,67.15236372568724,3,56.25
2026-09-04 15:45:34+09:00,24,96,54,67.15236372568724,3,56.25
2026-09-04 15:50:34+09:00,24,96,55,65.58026841740917,3,57.291666666666664
2026-09-04 15:55:33+09:00,24,96,56,65.86275429311539,3,58.333333333333336
2026-09-04 16:00:34+09:00,24,96,57,66.3049060985686,3,59.375
2026-09-04 16:05:34+09:00,24,96,56,66.02242022286238,3,58.333333333333336
2026-09-04 16:10:35+09:00,24,96,58,65.58026841740917,3,60.416666666666664
2026-09-04 16:15:35+09:00,24,96,60,66.90281592639735,3,62.5
2026-09-04 16:20:33+09:00,24,96,60,67.18530180210357,3,62.5
2026-09-04 16:25:32+09:00,24,96,58,68.38502936513252,3,60.416666666666664
2026-09-04 16:30:33+09:00,24,96,59,69.9571246734106,3,61.458333333333336
2026-09-04 16:35:32+09:00,24,96,60,69.9571246734106,3,62.5
2026-09-04 16:40:32+09:00,24,96,58,69.9571246734106,3,60.416666666666664
2026-09-04 16:45:32+09:00,24,96,59,69.51497286795738,3,61.458333333333336
2026-09-04 16:50:32+09:00,24,96,59,72.25385766284809,3,61.458333333333336
2026-09-04 16:55:32+09:00,24,96,59,73.10131528996673,3,61.458333333333336
2026-09-04 17:00:32+09:00,24,96,60,73.19119715950961,3,62.5
2026-09-04 17:05:33+09:00,24,96,58,73.19119715950961,3,60.416666666666664
2026-09-04 17:10:33+09:00,24,96,56,73.19119715950961,3,58.333333333333336
2026-09-04 17:15:32+09:00,24,96,55,61.53697996918335,2,57.291666666666664
2026-09-04 17:20:32+09:00,24,96,52,61.53697996918335,2,54.166666666666664
2026-09-04 17:25:32+09:00,24,96,50,61.53697996918335,2,52.083333333333336
2026-09-04 17:30:34+09:00,24,96,50,62.38443759630201,2,52.083333333333336
2026-09-04 17:35:35+09:00,24,96,49,62.80816640986133,2,51.041666666666664
2026-09-04 17:40:35+09:00,24,96,48,61.11325115562403,2,50.0
2026-09-04 17:45:34+09:00,24,96,50,61.960708782742685,2,52.083333333333336
2026-09-04 17:50:32+09:00,24,96,50,64.0793528505393,2,52.083333333333336
2026-09-04 17:55:33+09:00,24,96,49,63.23189522342065,2,51.041666666666664
2026-09-04 18:00:32+09:00,24,96,50,75.4879301489471,3,52.083333333333336
2026-09-04 18:05:32+09:00,24,96,51,75.20544427324089,3,53.125
2026-09-04 18:10:34+09:00,24,96,51,74.1653826399589,3,53.125
2026-09-04 18:15:32+09:00,24,96,49,59.26425269645608,2,51.041666666666664
2026-09-04 18:20:32+09:00,24,96,49,59.26425269645608,2,51.041666666666664
2026-09-04 18:25:32+09:00,24,96,49,58.84052388289676,2,51.041666666666664
2026-09-04 18:30:32+09:00,24,96,51,58.84052388289676,2,53.125
2026-09-04 18:35:32+09:00,24,96,54,61.11325115562403,2,56.25
2026-09-04 18:40:35+09:00,24,96,56,61.53697996918335,2,58.333333333333336
2026-09-04 18:45:35+09:00,24,96,55,61.53697996918335,2,57.291666666666664
2026-09-04 18:50:33+09:00,24,96,56,62.67334360554699,2,58.333333333333336
2026-09-04 18:55:34+09:00,24,96,56,64.65716486902927,2,58.333333333333336
2026-09-04 19:00:34+09:00,24,96,55,64.23343605546995,2,57.291666666666664
2026-09-04 19:05:32+09:00,24,96,56,62.962249614791986,2,58.333333333333336
2026-09-04 19:10:33+09:00,24,96,58,66.35208012326656,2,60.416666666666664
2026-09-04 19:15:32+09:00,24,96,60,66.35208012326656,2,62.5
2026-09-04 19:20:32+09:00,24,96,57,66.35208012326656,2,59.375
2026-09-04 19:25:32+09:00,24,96,58,38.63636363636363,1,60.416666666666664
2026-09-04 19:30:32+09:00,24,96,62,38.63636363636363,1,64.58333333333334
2026-09-04 19:35:33+09:00,24,96,63,69.31818181818181,2,65.625
2026-09-04 19:40:35+09:00,24,96,62,68.89445300462249,2,64.58333333333334
2026-09-04 19:45:32+09:00,24,96,61,68.04699537750385,2,63.541666666666664
2026-09-04 19:50:33+09:00,24,96,63,66.77580893682588,2,65.625
2026-09-04 19:55:34+09:00,24,96,62,67.62326656394453,2,64.58333333333334
2026-09-04 20:00:32+09:00,24,96,64,67.62326656394453,2,66.66666666666666
2026-09-04 20:05:33+09:00,24,96,65,67.62326656394453,2,67.70833333333334
2026-09-04 20:10:32+09:00,24,96,65,67.1995377503852,2,67.70833333333334
2026-09-04 20:15:32+09:00,24,96,64,65.63944530046226,2,66.66666666666666
2026-09-04 20:20:33+09:00,24,96,66,66.77580893682588,2,68.75
2026-09-04 20:25:33+09:00,24,96,65,65.4211607601438,3,67.70833333333334
2026-09-04 20:30:33+09:00,24,96,64,65.13867488443759,3,66.66666666666666
2026-09-04 20:35:32+09:00,24,96,61,64.85618900873138,3,63.541666666666664
2026-09-04 20:40:32+09:00,24,96,62,46.860554699537744,2,64.58333333333334
2026-09-04 20:45:32+09:00,24,96,62,47.708012326656394,2,64.58333333333334
2026-09-04 20:50:32+09:00,24,96,62,47.284283513097066,2,64.58333333333334
2026-09-04 20:55:33+09:00,24,96,63,48.420647149460706,2,65.625
2026-09-04 21:00:33+09:00,24,96,63,65.61376476630714,3,65.625
2026-09-04 21:05:33+09:00,24,96,63,65.61376476630714,3,65.625
2026-09-04 21:10:34+09:00,24,96,62,65.61376476630714,3,64.58333333333334
2026-09-04 21:15:36+09:00,24,96,62,65.04879301489471,3,64.58333333333334
2026-09-04 21:20:34+09:00,24,96,62,64.04166945802908,3,64.58333333333334
2026-09-04 21:25:32+09:00,24,96,62,64.04166945802908,3,64.58333333333334
2026-09-04 21:30:32+09:00,24,96,62,63.75918358232286,3,64.58333333333334
2026-09-04 21:35:32+09:00,24,96,63,63.75918358232286,3,65.625
2026-09-04 21:40:32+09:00,24,96,64,62.75206002545723,3,66.66666666666666
2026-09-04 21:45:34+09:00,24,96,63,61.020298787432175,3,65.625
2026-09-04 21:50:33+09:00,24,96,63,61.020298787432175,3,65.625
2026-09-04 21:55:32+09:00,24,96,63,61.777874545007926,3,65.625
2026-09-04 22:00:32+09:00,24,96,63,60.93041691788928,3,65.625
2026-09-04 22:05:32+09:00,24,96,65,58.95301578794578,3,67.70833333333334
2026-09-04 22:10:33+09:00,24,96,66,59.6776534691052,3,68.75
2026-09-04 22:15:33+09:00,24,96,66,58.95301578794578,3,68.75
2026-09-04 22:20:32+09:00,24,96,68,58.51086398249257,3,70.83333333333334
2026-09-04 22:25:33+09:00,24,96,67,57.6304682789576,3,69.79166666666666
2026-09-04 22:30:33+09:00,24,96,66,55.17406935977312,3,68.75
2026-09-04 22:35:32+09:00,24,96,67,55.17406935977312,3,69.79166666666666
2026-09-04 22:40:33+09:00,24,96,66,55.456555235479335,3,68.75
2026-09-04 22:45:33+09:00,24,96,66,54.731917554319914,3,68.75
2026-09-04 22:50:32+09:00,24,96,67,55.57937518143856,3,69.79166666666666
2026-09-04 22:55:32+09:00,24,96,68,55.29688930573234,3,70.83333333333334
2026-09-04 23:00:33+09:00,24,96,68,55.29688930573234,3,70.83333333333334
2026-09-04 23:05:32+09:00,24,96,69,55.29688930573234,3,71.875
2026-09-04 23:10:34+09:00,24,96,69,55.01440343002613,3,71.875
2026-09-04 23:15:36+09:00,24,96,69,54.731917554319914,3,71.875
2026-09-04 23:20:32+09:00,24,96,69,55.456555235479335,3,71.875
2026-09-04 23:25:32+09:00,24,96,69,55.456555235479335,3,71.875
2026-09-04 23:30:32+09:00,24,96,69,56.214130993055086,3,71.875
2026-09-04 23:35:32+09:00,24,96,69,56.214130993055086,3,71.875
2026-09-04 23:40:32+09:00,24,96,70,55.48949331189567,3,72.91666666666666
2026-09-04 23:45:32+09:00,24,96,70,55.48949331189567,3,72.91666666666666
2026-09-04 23:50:33+09:00,24,96,70,55.20700743618946,3,72.91666666666666
2026-09-04 23:55:32+09:00,24,96,70,55.20700743618946,3,72.91666666666666
2026-09-04 09:45:34+09:00,25,118,46,50.4268225735617,3,38.983050847457626
2026-09-04 09:50:33+09:00,25,118,46,50.4268225735617,3,38.983050847457626
2026-09-04 09:55:33+09:00,25,118,45,50.4268225735617,3,38.13559322033898
2026-09-04 10:00:32+09:00,25,118,45,,0,38.13559322033898
2026-09-04 10:05:32+09:00,25,118,46,,0,38.983050847457626
2026-09-04 10:10:32+09:00,25,118,43,,0,36.440677966101696
2026-09-04 10:15:32+09:00,25,118,38,,0,32.20338983050847
2026-09-04 10:20:32+09:00,25,118,38,,0,32.20338983050847
2026-09-04 10:25:32+09:00,25,118,37,,0,31.35593220338983
2026-09-04 10:30:32+09:00,25,118,34,,0,28.8135593220339
2026-09-04 10:35:32+09:00,25,118,34,,0,28.8135593220339
2026-09-04 10:40:32+09:00,25,118,35,,0,29.66101694915254
2026-09-04 10:45:32+09:00,25,118,34,,0,28.8135593220339
2026-09-04 10:50:32+09:00,25,118,33,,0,27.966101694915253
2026-09-04 10:55:32+09:00,25,118,33,,0,27.966101694915253
2026-09-04 11:00:32+09:00,25,118,33,,0,27.966101694915253
2026-09-04 11:05:32+09:00,25,118,32,,0,27.11864406779661
2026-09-04 11:10:32+09:00,25,118,30,,0,25.423728813559322
2026-09-04 11:15:32+09:00,25,118,29,,0,24.576271186440678
2026-09-04 11:20:32+09:00,25,118,29,,0,24.576271186440678
2026-09-04 11:25:32+09:00,25,118,27,,0,22.88135593220339
2026-09-04 11:30:32+09:00,25,118,28,,0,23.728813559322035
2026-09-04 11:35:32+09:00,25,118,28,,0,23.728813559322035
2026-09-04 11:40:35+09:00,25,118,27,,0,22.88135593220339
2026-09-04 11:45:32+09:00,25,118,26,,0,22.033898305084744
2026-09-04 11:50:32+09:00,25,118,29,,0,24.576271186440678
2026-09-04 11:55:33+09:00,25,118,29,,0,24.576271186440678
2026-09-04 12:00:32+09:00,25,118,29,,0,24.576271186440678
2026-09-04 12:05:32+09:00,25,118,30,,0,25.423728813559322
2026-09-04 12:10:32+09:00,25,118,31,,0,26.27118644067797
2026-09-04 12:15:33+09:00,25,118,31,,0,26.27118644067797
2026-09-04 12:20:32+09:00,25,118,31,,0,26.27118644067797
2026-09-04 12:25:32+09:00,25,118,31,,0,26.27118644067797
2026-09-04 12:30:32+09:00,25,118,30,,0,25.423728813559322
2026-09-04 12:35:32+09:00,25,118,31,,0,26.27118644067797
2026-09-04 12:40:33+09:00,25,118,31,,0,26.27118644067797
2026-09-04 12:45:32+09:00,25,118,30,,0,25.423728813559322
2026-09-04 12:50:32+09:00,25,118,30,,0,25.423728813559322
2026-09-04 12:55:32+09:00,25,118,33,,0,27.966101694915253
2026-09-04 13:00:32+09:00,25,118,33,,0,27.966101694915253
2026-09-04 13:05:32+09:00,25,118,29,,0,24.576271186440678
2026-09-04 13:10:32+09:00,25,118,28,,0,23.728813559322035
2026-09-04 13:15:32+09:00,25,118,28,,0,23.728813559322035
2026-09-04 13:20:32+09:00,25,118,27,,0,22.88135593220339
2026-09-04 13:25:32+09:00,25,118,28,,0,23.728813559322035
2026-09-04 13:30:32+09:00,25,118,29,,0,24.576271186440678
2026-09-04 13:35:32+09:00,25,118,30,,0,25.423728813559322
2026-09-04 13:40:32+09:00,25,118,31,,0,26.27118644067797
2026-09-04 13:45:33+09:00,25,118,30,,0,25.423728813559322
2026-09-04 13:50:32+09:00,25,118,31,,0,26.27118644067797
2026-09-04 13:55:33+09:00,25,118,31,,0,26.27118644067797
2026-09-04 14:00:32+09:00,25,118,32,,0,27.11864406779661
2026-09-04 14:05:33+09:00,25,118,30,54.99286341677646,3,25.423728813559322
2026-09-04 14:10:32+09:00,25,118,30,54.26822573561703,3,25.423728813559322
2026-09-04 14:15:34+09:00,25,118,29,53.543588054457615,3,24.576271186440678
2026-09-04 14:20:34+09:00,25,118,30,53.543588054457615,3,25.423728813559322
2026-09-04 14:25:34+09:00,25,118,30,53.890810276679844,3,25.423728813559322
2026-09-04 14:30:32+09:00,25,118,28,54.26822573561703,3,23.728813559322035
2026-09-04 14:35:33+09:00,25,118,26,54.26822573561703,3,22.033898305084744
2026-09-04 14:40:32+09:00,25,118,26,54.61544795783926,3,22.033898305084744
2026-09-04 14:45:35+09:00,25,118,26,54.61544795783926,3,22.033898305084744
2026-09-04 14:50:34+09:00,25,118,26,54.61544795783926,3,22.033898305084744
2026-09-04 14:55:34+09:00,25,118,25,54.96267018006148,3,21.1864406779661
2026-09-04 15:00:32+09:00,25,118,26,54.96267018006148,3,22.033898305084744
2026-09-04 15:05:33+09:00,25,118,27,54.93247694334651,3,22.88135593220339
2026-09-04 15:10:33+09:00,25,118,26,54.207839262187086,3,22.033898305084744
2026-09-04 15:15:33+09:00,25,118,25,54.17490118577075,3,21.1864406779661
2026-09-04 15:20:32+09:00,25,118,24,55.24676108915239,3,20.33898305084746
2026-09-04 15:25:32+09:00,25,118,24,54.869345630215186,3,20.33898305084746
2026-09-04 15:30:32+09:00,25,118,22,55.24676108915239,3,18.64406779661017
2026-09-04 15:35:32+09:00,25,118,23,55.24676108915239,3,19.491525423728813
2026-09-04 15:40:32+09:00,25,118,23,54.899538866930165,3,19.491525423728813
2026-09-04 15:45:34+09:00,25,118,23,54.899538866930165,3,19.491525423728813
2026-09-04 15:50:34+09:00,25,118,26,53.82767896354852,3,22.033898305084744
2026-09-04 15:55:33+09:00,25,118,24,53.480456741326314,3,20.33898305084746
2026-09-04 16:00:34+09:00,25,118,25,53.8578722002635,3,21.1864406779661
2026-09-04 16:05:34+09:00,25,118,26,54.20509442248573,3,22.033898305084744
2026-09-04 16:10:35+09:00,25,118,26,52.43879007465964,3,22.033898305084744
2026-09-04 16:15:35+09:00,25,118,24,52.84914361001318,3,20.33898305084746
2026-09-04 16:20:33+09:00,25,118,24,52.84914361001318,3,20.33898305084746
2026-09-04 16:25:32+09:00,25,118,23,55.025801493192795,3,19.491525423728813
2026-09-04 16:30:33+09:00,25,118,21,55.40321695213,3,17.796610169491526
2026-09-04 16:35:32+09:00,25,118,20,55.05599472990777,3,16.94915254237288
2026-09-04 16:40:32+09:00,25,118,21,55.750439174352216,3,17.796610169491526
2026-09-04 16:45:32+09:00,25,118,19,55.025801493192795,3,16.101694915254235
2026-09-04 16:50:32+09:00,25,118,18,56.50527009222662,3,15.254237288135593
2026-09-04 16:55:32+09:00,25,118,14,56.852492314448845,3,11.864406779661017
2026-09-04 17:00:32+09:00,25,118,12,56.09491655687308,3,10.16949152542373
2026-09-04 17:05:33+09:00,25,118,12,56.09491655687308,3,10.16949152542373
2026-09-04 17:10:33+09:00,25,118,13,56.78936100131752,3,11.016949152542372
2026-09-04 17:15:32+09:00,25,118,13,38.399621212121204,2,11.016949152542372
2026-09-04 17:20:32+09:00,25,118,13,38.399621212121204,2,11.016949152542372
2026-09-04 17:25:32+09:00,25,118,13,41.003787878787875,2,11.016949152542372
2026-09-04 17:30:34+09:00,25,118,11,41.003787878787875,2,9.322033898305085
2026-09-04 17:35:35+09:00,25,118,13,41.003787878787875,2,11.016949152542372
2026-09-04 17:40:35+09:00,25,118,12,42.04545454545455,2,10.16949152542373
2026-09-04 17:45:34+09:00,25,118,11,41.003787878787875,2,9.322033898305085
2026-09-04 17:50:32+09:00,25,118,8,41.003787878787875,2,6.779661016949152
2026-09-04 17:55:33+09:00,25,118,10,41.524621212121204,2,8.47457627118644
2026-09-04 18:00:32+09:00,25,118,9,60.321969696969695,3,7.627118644067797
2026-09-04 18:05:32+09:00,25,118,11,60.321969696969695,3,9.322033898305085
2026-09-04 18:10:34+09:00,25,118,10,59.56439393939394,3,8.47457627118644
2026-09-04 18:15:32+09:00,25,118,14,38.21022727272727,2,11.864406779661017
2026-09-04 18:20:32+09:00,25,118,12,39.25189393939394,2,10.16949152542373
2026-09-04 18:25:32+09:00,25,118,13,39.25189393939394,2,11.016949152542372
2026-09-04 18:30:32+09:00,25,118,13,39.25189393939394,2,11.016949152542372
2026-09-04 18:35:32+09:00,25,118,13,39.962121212121204,2,11.016949152542372
2026-09-04 18:40:35+09:00,25,118,13,37.878787878787875,2,11.016949152542372
2026-09-04 18:45:35+09:00,25,118,15,38.92045454545455,2,12.711864406779661
2026-09-04 18:50:33+09:00,25,118,14,38.49431818181819,2,11.864406779661017
2026-09-04 18:55:34+09:00,25,118,10,40.672348484848484,2,8.47457627118644
2026-09-04 19:00:34+09:00,25,118,12,40.151515151515156,2,10.16949152542373
2026-09-04 19:05:32+09:00,25,118,13,40.151515151515156,2,11.016949152542372
2026-09-04 19:10:33+09:00,25,118,0,39.63068181818181,2,0.0
2026-09-04 19:15:32+09:00,25,118,0,38.06818181818181,2,0.0
2026-09-04 19:20:32+09:00,25,118,0,39.109848484848484,2,0.0
2026-09-04 19:25:32+09:00,25,118,0,39.109848484848484,2,0.0
2026-09-04 19:30:32+09:00,25,118,0,37.026515151515156,2,0.0
2026-09-04 19:35:33+09:00,25,118,0,37.026515151515156,2,0.0
2026-09-04 19:40:35+09:00,25,118,0,36.50568181818181,2,0.0
2026-09-04 19:45:32+09:00,25,118,4,37.547348484848484,2,3.389830508474576
2026-09-04 19:50:33+09:00,25,118,7,36.50568181818181,2,5.932203389830509
2026-09-04 19:55:34+09:00,25,118,4,36.50568181818181,2,3.389830508474576
2026-09-04 20:00:32+09:00,25,118,4,36.50568181818181,2,3.389830508474576
2026-09-04 20:05:33+09:00,25,118,5,35.464015151515156,2,4.23728813559322
2026-09-04 20:10:32+09:00,25,118,5,35.464015151515156,2,4.23728813559322
2026-09-04 20:15:32+09:00,25,118,6,34.327651515151516,2,5.084745762711865
2026-09-04 20:20:33+09:00,25,118,6,35.464015151515156,2,5.084745762711865
2026-09-04 20:25:33+09:00,25,118,50,56.976010101010104,3,42.3728813559322
2026-09-04 20:30:33+09:00,25,118,51,56.976010101010104,3,43.22033898305085
2026-09-04 20:35:32+09:00,25,118,53,58.01767676767677,3,44.91525423728814
2026-09-04 20:40:32+09:00,25,118,51,37.026515151515156,2,43.22033898305085
2026-09-04 20:45:32+09:00,25,118,51,37.026515151515156,2,43.22033898305085
2026-09-04 20:50:32+09:00,25,118,52,37.026515151515156,2,44.06779661016949
2026-09-04 20:55:33+09:00,25,118,52,37.64204545454545,2,44.06779661016949
2026-09-04 21:00:33+09:00,25,118,52,58.428030303030305,3,44.06779661016949
2026-09-04 21:05:33+09:00,25,118,52,58.77525252525253,3,44.06779661016949
2026-09-04 21:10:34+09:00,25,118,52,58.77525252525253,3,44.06779661016949
2026-09-04 21:15:36+09:00,25,118,54,58.77525252525253,3,45.76271186440678
2026-09-04 21:20:34+09:00,25,118,55,58.050614844093104,3,46.61016949152542
2026-09-04 21:25:32+09:00,25,118,55,58.397837066315326,3,46.61016949152542
2026-09-04 21:30:32+09:00,25,118,56,58.050614844093104,3,47.45762711864407
2026-09-04 21:35:32+09:00,25,118,56,57.70339262187088,3,47.45762711864407
2026-09-04 21:40:32+09:00,25,118,56,56.63153271848924,3,47.45762711864407
2026-09-04 21:45:34+09:00,25,118,58,55.529479578392625,3,49.152542372881356
2026-09-04 21:50:33+09:00,25,118,60,55.529479578392625,3,50.847457627118644
2026-09-04 21:55:32+09:00,25,118,59,56.287055335968375,3,50.0
2026-09-04 22:00:32+09:00,25,118,65,56.287055335968375,3,55.08474576271186
2026-09-04 22:05:32+09:00,25,118,68,55.59261089152394,3,57.6271186440678
2026-09-04 22:10:33+09:00,25,118,68,56.317248572683354,3,57.6271186440678
2026-09-04 22:15:33+09:00,25,118,68,55.59261089152394,3,57.6271186440678
2026-09-04 22:20:32+09:00,25,118,67,54.17352876592006,3,56.779661016949156
2026-09-04 22:25:33+09:00,25,118,71,53.79336846728151,3,60.16949152542372
2026-09-04 22:30:33+09:00,25,118,71,51.96667764602547,3,60.16949152542372
2026-09-04 22:35:32+09:00,25,118,71,51.96667764602547,3,60.16949152542372
2026-09-04 22:40:33+09:00,25,118,70,52.313899868247695,3,59.32203389830508
2026-09-04 22:45:33+09:00,25,118,70,51.58926218708827,3,59.32203389830508
2026-09-04 22:50:32+09:00,25,118,68,51.24203996486605,3,57.6271186440678
2026-09-04 22:55:32+09:00,25,118,68,50.89481774264383,3,57.6271186440678
2026-09-04 23:00:33+09:00,25,118,68,50.89481774264383,3,57.6271186440678
2026-09-04 23:05:32+09:00,25,118,68,50.5475955204216,3,57.6271186440678
2026-09-04 23:10:34+09:00,25,118,69,50.5475955204216,3,58.47457627118644
2026-09-04 23:15:36+09:00,25,118,70,50.5475955204216,3,59.32203389830508
2026-09-04 23:20:32+09:00,25,118,70,51.27223320158103,3,59.32203389830508
2026-09-04 23:25:32+09:00,25,118,70,51.27223320158103,3,59.32203389830508
2026-09-04 23:30:32+09:00,25,118,70,52.02980895915678,3,59.32203389830508
2026-09-04 23:35:32+09:00,25,118,70,52.02980895915678,3,59.32203389830508
2026-09-04 23:40:32+09:00,25,118,70,51.30517127799737,3,59.32203389830508
2026-09-04 23:45:32+09:00,25,118,70,50.95794905577514,3,59.32203389830508
2026-09-04 23:50:33+09:00,25,118,71,50.95794905577514,3,60.16949152542372
2026-09-04 23:55:32+09:00,25,118,71,50.95794905577514,3,60.16949152542372
2026-09-04 09:45:34+09:00,26,44,34,,0,77.27272727272727
2026-09-04 09:50:33+09:00,26,44,34,,0,77.27272727272727
2026-09-04 09:55:33+09:00,26,44,33,,0,75.0
2026-09-04 10:00:32+09:00,26,44,34,,0,77.27272727272727
2026-09-04 10:05:32+09:00,26,44,33,,0,75.0
2026-09-04 10:10:32+09:00,26,44,30,,0,68.18181818181817
2026-09-04 10:15:32+09:00,26,44,31,,0,70.45454545454545
2026-09-04 10:20:32+09:00,26,44,31,,0,70.45454545454545
2026-09-04 10:25:32+09:00,26,44,30,,0,68.18181818181817
2026-09-04 10:30:32+09:00,26,44,30,,0,68.18181818181817
2026-09-04 10:35:32+09:00,26,44,29,,0,65.9090909090909
2026-09-04 10:40:32+09:00,26,44,31,,0,70.45454545454545
2026-09-04 10:45:32+09:00,26,44,32,,0,72.72727272727273
2026-09-04 10:50:32+09:00,26,44,32,,0,72.72727272727273
2026-09-04 10:55:32+09:00,26,44,31,,0,70.45454545454545
2026-09-04 11:00:32+09:00,26,44,31,,0,70.45454545454545
2026-09-04 11:05:32+09:00,26,44,31,,0,70.45454545454545
2026-09-04 11:10:32+09:00,26,44,31,,0,70.45454545454545
2026-09-04 11:15:32+09:00,26,44,31,,0,70.45454545454545
2026-09-04 11:20:32+09:00,26,44,30,,0,68.18181818181817
2026-09-04 11:25:32+09:00,26,44,31,,0,70.45454545454545
2026-09-04 11:30:32+09:00,26,44,30,,0,68.18181818181817
2026-09-04 11:35:32+09:00,26,44,31,,0,70.45454545454545
2026-09-04 11:40:35+09:00,26,44,31,,0,70.45454545454545
2026-09-04 11:45:32+09:00,26,44,32,,0,72.72727272727273
2026-09-04 11:50:32+09:00,26,44,32,,0,72.72727272727273
2026-09-04 11:55:33+09:00,26,44,32,,0,72.72727272727273
2026-09-04 12:00:32+09:00,26,44,32,,0,72.72727272727273
2026-09-04 12:05:32+09:00,26,44,31,,0,70.45454545454545
2026-09-04 12:10:32+09:00,26,44,30,,0,68.18181818181817
2026-09-04 12:15:33+09:00,26,44,27,,0,61.36363636363637
2026-09-04 12:20:32+09:00,26,44,28,,0,63.63636363636363
2026-09-04 12:25:32+09:00,26,44,28,,0,63.63636363636363
2026-09-04 12:30:32+09:00,26,44,28,,0,63.63636363636363
2026-09-04 12:35:32+09:00,26,44,29,,0,65.9090909090909
2026-09-04 12:40:33+09:00,26,44,29,,0,65.9090909090909
2026-09-04 12:45:32+09:00,26,44,28,,0,63.63636363636363
2026-09-04 12:50:32+09:00,26,44,27,,0,61.36363636363637
2026-09-04 12:55:32+09:00,26,44,29,,0,65.9090909090909
2026-09-04 13:00:32+09:00,26,44,24,,0,54.54545454545454
2026-09-04 13:05:32+09:00,26,44,24,,0,54.54545454545454
2026-09-04 13:10:32+09:00,26,44,23,,0,52.27272727272727
2026-09-04 13:15:32+09:00,26,44,21,,0,47.72727272727273
2026-09-04 13:20:32+09:00,26,44,21,,0,47.72727272727273
2026-09-04 13:25:32+09:00,26,44,23,,0,52.27272727272727
2026-09-04 13:30:32+09:00,26,44,22,,0,50.0
2026-09-04 13:35:32+09:00,26,44,21,,0,47.72727272727273
2026-09-04 13:40:32+09:00,26,44,23,,0,52.27272727272727
2026-09-04 13:45:33+09:00,26,44,21,,0,47.72727272727273
2026-09-04 13:50:32+09:00,26,44,20,,0,45.45454545454545
2026-09-04 13:55:33+09:00,26,44,17,,0,38.63636363636363
2026-09-04 14:00:32+09:00,26,44,19,,0,43.18181818181818
2026-09-04 14:05:33+09:00,26,44,19,,0,43.18181818181818
2026-09-04 14:10:32+09:00,26,44,17,,0,38.63636363636363
2026-09-04 14:15:34+09:00,26,44,15,,0,34.090909090909086
2026-09-04 14:20:34+09:00,26,44,16,,0,36.36363636363637
2026-09-04 14:25:34+09:00,26,44,15,,0,34.090909090909086
2026-09-04 14:30:32+09:00,26,44,15,,0,34.090909090909086
2026-09-04 14:35:33+09:00,26,44,12,,0,27.27272727272727
2026-09-04 14:40:32+09:00,26,44,14,,0,31.818181818181817
2026-09-04 14:45:35+09:00,26,44,15,,0,34.090909090909086
2026-09-04 14:50:34+09:00,26,44,14,,0,31.818181818181817
2026-09-04 14:55:34+09:00,26,44,15,,0,34.090909090909086
2026-09-04 15:00:32+09:00,26,44,17,,0,38.63636363636363
2026-09-04 15:05:33+09:00,26,44,19,,0,43.18181818181818
2026-09-04 15:10:33+09:00,26,44,22,,0,50.0
2026-09-04 15:15:33+09:00,26,44,24,,0,54.54545454545454
2026-09-04 15:20:32+09:00,26,44,25,,0,56.81818181818182
2026-09-04 15:25:32+09:00,26,44,25,,0,56.81818181818182
2026-09-04 15:30:32+09:00,26,44,25,,0,56.81818181818182
2026-09-04 15:35:32+09:00,26,44,22,,0,50.0
2026-09-04 15:40:32+09:00,26,44,23,,0,52.27272727272727
2026-09-04 15:45:34+09:00,26,44,23,,0,52.27272727272727
2026-09-04 15:50:34+09:00,26,44,24,,0,54.54545454545454
2026-09-04 15:55:33+09:00,26,44,26,,0,59.09090909090909
2026-09-04 16:00:34+09:00,26,44,28,,0,63.63636363636363
2026-09-04 16:05:34+09:00,26,44,29,,0,65.9090909090909
2026-09-04 16:10:35+09:00,26,44,30,,0,68.18181818181817
2026-09-04 16:15:35+09:00,26,44,32,,0,72.72727272727273
2026-09-04 16:20:33+09:00,26,44,33,,0,75.0
2026-09-04 16:25:32+09:00,26,44,34,,0,77.27272727272727
2026-09-04 16:30:33+09:00,26,44,35,,0,79.54545454545455
2026-09-04 16:35:32+09:00,26,44,34,,0,77.27272727272727
2026-09-04 16:40:32+09:00,26,44,31,,0,70.45454545454545
2026-09-04 16:45:32+09:00,26,44,29,,0,65.9090909090909
2026-09-04 16:50:32+09:00,26,44,29,,0,65.9090909090909
2026-09-04 16:55:32+09:00,26,44,30,,0,68.18181818181817
2026-09-04 17:00:32+09:00,26,44,31,,0,70.45454545454545
2026-09-04 17:05:33+09:00,26,44,30,,0,68.18181818181817
2026-09-04 17:10:33+09:00,26,44,30,,0,68.18181818181817
2026-09-04 17:15:32+09:00,26,44,30,,0,68.18181818181817
2026-09-04 17:20:32+09:00,26,44,33,,0,75.0
2026-09-04 17:25:32+09:00,26,44,34,,0,77.27272727272727
2026-09-04 17:30:34+09:00,26,44,36,,0,81.81818181818183
2026-09-04 17:35:35+09:00,26,44,37,,0,84.0909090909091
2026-09-04 17:40:35+09:00,26,44,37,,0,84.0909090909091
2026-09-04 17:45:34+09:00,26,44,37,,0,84.0909090909091
2026-09-04 17:50:32+09:00,26,44,37,,0,84.0909090909091
2026-09-04 17:55:33+09:00,26,44,39,,0,88.63636363636364
2026-09-04 18:00:32+09:00,26,44,39,,0,88.63636363636364
2026-09-04 18:05:32+09:00,26,44,39,,0,88.63636363636364
2026-09-04 18:10:34+09:00,26,44,39,,0,88.63636363636364
2026-09-04 18:15:32+09:00,26,44,39,,0,88.63636363636364
2026-09-04 18:20:32+09:00,26,44,39,,0,88.63636363636364
2026-09-04 18:25:32+09:00,26,44,39,,0,88.63636363636364
2026-09-04 18:30:32+09:00,26,44,38,,0,86.36363636363636
2026-09-04 18:35:32+09:00,26,44,38,,0,86.36363636363636
2026-09-04 18:40:35+09:00,26,44,38,,0,86.36363636363636
2026-09-04 18:45:35+09:00,26,44,39,,0,88.63636363636364
2026-09-04 18:50:33+09:00,26,44,40,,0,90.9090909090909
2026-09-04 18:55:34+09:00,26,44,40,,0,90.9090909090909
2026-09-04 19:00:34+09:00,26,44,40,,0,90.9090909090909
2026-09-04 19:05:32+09:00,26,44,39,,0,88.63636363636364
2026-09-04 19:10:33+09:00,26,44,39,,0,88.63636363636364
2026-09-04 19:15:32+09:00,26,44,38,,0,86.36363636363636
2026-09-04 19:20:32+09:00,26,44,39,,0,88.63636363636364
2026-09-04 19:25:32+09:00,26,44,39,,0,88.63636363636364
2026-09-04 19:30:32+09:00,26,44,40,,0,90.9090909090909
2026-09-04 19:35:33+09:00,26,44,39,,0,88.63636363636364
2026-09-04 19:40:35+09:00,26,44,39,,0,88.63636363636364
2026-09-04 19:45:32+09:00,26,44,40,,0,90.9090909090909
2026-09-04 19:50:33+09:00,26,44,39,,0,88.63636363636364
2026-09-04 19:55:34+09:00,26,44,40,,0,90.9090909090909
2026-09-04 20:00:32+09:00,26,44,40,,0,90.9090909090909
2026-09-04 20:05:33+09:00,26,44,39,,0,88.63636363636364
2026-09-04 20:10:32+09:00,26,44,38,,0,86.36363636363636
2026-09-04 20:15:32+09:00,26,44,39,,0,88.63636363636364
2026-09-04 20:20:33+09:00,26,44,39,,0,88.63636363636364
2026-09-04 20:25:33+09:00,26,44,39,,0,88.63636363636364
2026-09-04 20:30:33+09:00,26,44,40,,0,90.9090909090909
2026-09-04 20:35:32+09:00,26,44,40,,0,90.9090909090909
2026-09-04 20:40:32+09:00,26,44,42,,0,95.45454545454545
2026-09-04 20:45:32+09:00,26,44,42,,0,95.45454545454545
2026-09-04 20:50:32+09:00,26,44,42,,0,95.45454545454545
2026-09-04 20:55:33+09:00,26,44,41,,0,93.18181818181817
2026-09-04 21:00:33+09:00,26,44,41,,0,93.18181818181817
2026-09-04 21:05:33+09:00,26,44,40,,0,90.9090909090909
2026-09-04 21:10:34+09:00,26,44,40,,0,90.9090909090909
2026-09-04 21:15:36+09:00,26,44,40,,0,90.9090909090909
2026-09-04 21:20:34+09:00,26,44,40,,0,90.9090909090909
2026-09-04 21:25:32+09:00,26,44,38,,0,86.36363636363636
2026-09-04 21:30:32+09:00,26,44,39,,0,88.63636363636364
2026-09-04 21:35:32+09:00,26,44,39,,0,88.63636363636364
2026-09-04 21:40:32+09:00,26,44,39,,0,88.63636363636364
2026-09-04 21:45:34+09:00,26,44,39,,0,88.63636363636364
2026-09-04 21:50:33+09:00,26,44,39,,0,88.63636363636364
2026-09-04 21:55:32+09:00,26,44,39,,0,88.63636363636364
2026-09-04 22:00:32+09:00,26,44,40,,0,90.9090909090909
2026-09-04 22:05:32+09:00,26,44,40,,0,90.9090909090909
2026-09-04 22:10:33+09:00,26,44,41,,0,93.18181818181817
2026-09-04 22:15:33+09:00,26,44,41,,0,93.18181818181817
2026-09-04 22:20:32+09:00,26,44,41,,0,93.18181818181817
2026-09-04 22:25:33+09:00,26,44,40,,0,90.9090909090909
2026-09-04 22:30:33+09:00,26,44,41,,0,93.18181818181817
2026-09-04 22:35:32+09:00,26,44,40,,0,90.9090909090909
2026-09-04 22:40:33+09:00,26,44,41,,0,93.18181818181817
2026-09-04 22:45:33+09:00,26,44,41,,0,93.18181818181817
2026-09-04 22:50:32+09:00,26,44,41,,0,93.18181818181817
2026-09-04 22:55:32+09:00,26,44,41,,0,93.18181818181817
2026-09-04 23:00:33+09:00,26,44,42,,0,95.45454545454545
2026-09-04 23:05:32+09:00,26,44,42,,0,95.45454545454545
2026-09-04 23:10:34+09:00,26,44,42,,0,95.45454545454545
2026-09-04 23:15:36+09:00,26,44,42,,0,95.45454545454545
2026-09-04 23:20:32+09:00,26,44,42,,0,95.45454545454545
2026-09-04 23:25:32+09:00,26,44,42,,0,95.45454545454545
2026-09-04 23:30:32+09:00,26,44,42,,0,95.45454545454545
2026-09-04 23:35:32+09:00,26,44,42,,0,95.45454545454545
2026-09-04 23:40:32+09:00,26,44,42,,0,95.45454545454545
2026-09-04 23:45:32+09:00,26,44,42,,0,95.45454545454545
2026-09-04 23:50:33+09:00,26,44,42,,0,95.45454545454545
2026-09-04 23:55:32+09:00,26,44,42,,0,95.45454545454545
2026-09-04 09:45:34+09:00,27,203,22,24.949926920370267,5,10.83743842364532
2026-09-04 09:50:33+09:00,27,203,19,24.949926920370267,5,9.35960591133005
2026-09-04 09:55:33+09:00,27,203,18,24.949926920370267,5,8.866995073891626
2026-09-04 10:00:32+09:00,27,203,18,,0,8.866995073891626
2026-09-04 10:05:32+09:00,27,203,18,,0,8.866995073891626
2026-09-04 10:10:32+09:00,27,203,15,,0,7.389162561576355
2026-09-04 10:15:32+09:00,27,203,16,,0,7.8817733990147785
2026-09-04 10:20:32+09:00,27,203,15,,0,7.389162561576355
2026-09-04 10:25:32+09:00,27,203,17,,0,8.374384236453201
2026-09-04 10:30:32+09:00,27,203,17,,0,8.374384236453201
2026-09-04 10:35:32+09:00,27,203,15,,0,7.389162561576355
2026-09-04 10:40:32+09:00,27,203,15,,0,7.389162561576355
2026-09-04 10:45:32+09:00,27,203,15,,0,7.389162561576355
2026-09-04 10:50:32+09:00,27,203,15,,0,7.389162561576355
2026-09-04 10:55:32+09:00,27,203,14,,0,6.896551724137931
2026-09-04 11:00:32+09:00,27,203,14,,0,6.896551724137931
2026-09-04 11:05:32+09:00,27,203,15,,0,7.389162561576355
2026-09-04 11:10:32+09:00,27,203,15,,0,7.389162561576355
2026-09-04 11:15:32+09:00,27,203,17,,0,8.374384236453201
2026-09-04 11:20:32+09:00,27,203,14,,0,6.896551724137931
2026-09-04 11:25:32+09:00,27,203,14,,0,6.896551724137931
2026-09-04 11:30:32+09:00,27,203,15,,0,7.389162561576355
2026-09-04 11:35:32+09:00,27,203,13,,0,6.403940886699508
2026-09-04 11:40:35+09:00,27,203,14,,0,6.896551724137931
2026-09-04 11:45:32+09:00,27,203,14,,0,6.896551724137931
2026-09-04 11:50:32+09:00,27,203,13,,0,6.403940886699508
2026-09-04 11:55:33+09:00,27,203,15,,0,7.389162561576355
2026-09-04 12:00:32+09:00,27,203,15,,0,7.389162561576355
2026-09-04 12:05:32+09:00,27,203,13,,0,6.403940886699508
2026-09-04 12:10:32+09:00,27,203,13,,0,6.403940886699508
2026-09-04 12:15:33+09:00,27,203,12,,0,5.911330049261084
2026-09-04 12:20:32+09:00,27,203,9,,0,4.433497536945813
2026-09-04 12:25:32+09:00,27,203,9,,0,4.433497536945813
2026-09-04 12:30:32+09:00,27,203,11,,0,5.41871921182266
2026-09-04 12:35:32+09:00,27,203,12,,0,5.911330049261084
2026-09-04 12:40:33+09:00,27,203,11,,0,5.41871921182266
2026-09-04 12:45:32+09:00,27,203,9,,0,4.433497536945813
2026-09-04 12:50:32+09:00,27,203,10,,0,4.926108374384237
2026-09-04 12:55:32+09:00,27,203,10,,0,4.926108374384237
2026-09-04 13:00:32+09:00,27,203,14,,0,6.896551724137931
2026-09-04 13:05:32+09:00,27,203,13,,0,6.403940886699508
2026-09-04 13:10:32+09:00,27,203,15,,0,7.389162561576355
2026-09-04 13:15:32+09:00,27,203,17,,0,8.374384236453201
2026-09-04 13:20:32+09:00,27,203,21,,0,10.344827586206897
2026-09-04 13:25:32+09:00,27,203,21,,0,10.344827586206897
2026-09-04 13:30:32+09:00,27,203,22,,0,10.83743842364532
2026-09-04 13:35:32+09:00,27,203,21,,0,10.344827586206897
2026-09-04 13:40:32+09:00,27,203,19,,0,9.35960591133005
2026-09-04 13:45:33+09:00,27,203,17,,0,8.374384236453201
2026-09-04 13:50:32+09:00,27,203,17,,0,8.374384236453201
2026-09-04 13:55:33+09:00,27,203,16,,0,7.8817733990147785
2026-09-04 14:00:32+09:00,27,203,19,,0,9.35960591133005
2026-09-04 14:05:33+09:00,27,203,20,28.686190656634004,5,9.852216748768473
2026-09-04 14:10:32+09:00,27,203,20,28.46641043685379,5,9.852216748768473
2026-09-04 14:15:34+09:00,27,203,21,28.686190656634004,5,10.344827586206897
2026-09-04 14:20:34+09:00,27,203,18,28.796080766524113,5,8.866995073891626
2026-09-04 14:25:34+09:00,27,203,18,28.796080766524113,5,8.866995073891626
2026-09-04 14:30:32+09:00,27,203,18,29.125751096194442,5,8.866995073891626
2026-09-04 14:35:33+09:00,27,203,18,28.905970876414226,5,8.866995073891626
2026-09-04 14:40:32+09:00,27,203,12,28.796080766524113,5,5.911330049261084
2026-09-04 14:45:35+09:00,27,203,8,28.796080766524113,5,3.9408866995073892
2026-09-04 14:50:34+09:00,27,203,9,28.796080766524113,5,4.433497536945813
2026-09-04 14:55:34+09:00,27,203,6,28.686190656634004,5,2.955665024630542
2026-09-04 15:00:32+09:00,27,203,5,28.46641043685379,5,2.4630541871921183
2026-09-04 15:05:33+09:00,27,203,3,40.29710027246973,6,1.477832512315271
2026-09-04 15:10:33+09:00,27,203,0,40.113950089319545,6,0.0
2026-09-04 15:15:33+09:00,27,203,0,40.113950089319545,6,0.0
2026-09-04 15:20:32+09:00,27,203,0,40.085621104156026,6,0.0
2026-09-04 15:25:32+09:00,27,203,0,39.41626647796687,6,0.0
2026-09-04 15:30:32+09:00,27,203,0,39.41626647796687,6,0.0
2026-09-04 15:35:32+09:00,27,203,0,39.41626647796687,6,0.0
2026-09-04 15:40:32+09:00,27,203,6,27.367509337952686,5,2.955665024630542
2026-09-04 15:45:34+09:00,27,203,5,27.257619228062577,5,2.4630541871921183
2026-09-04 15:50:34+09:00,27,203,4,37.18815885417579,6,1.9704433497536946
2026-09-04 15:55:33+09:00,27,203,3,37.12491274776422,6,1.477832512315271
2026-09-04 16:00:34+09:00,27,203,4,37.3080629309144,6,1.9704433497536946
2026-09-04 16:05:34+09:00,27,203,4,37.3080629309144,6,1.9704433497536946
2026-09-04 16:10:35+09:00,27,203,3,37.33639191607792,6,1.477832512315271
2026-09-04 16:15:35+09:00,27,203,6,37.005008671025614,6,2.955665024630542
2026-09-04 16:20:33+09:00,27,203,0,37.061666641352645,6,0.0
2026-09-04 16:25:32+09:00,27,203,0,37.301474794829865,6,0.0
2026-09-04 16:30:33+09:00,27,203,0,37.576200069555135,6,0.0
2026-09-04 16:35:32+09:00,27,203,0,37.576200069555135,6,0.0
2026-09-04 16:40:32+09:00,27,203,0,37.12491274776422,6,0.0
2026-09-04 16:45:32+09:00,27,203,0,36.85677560912348,6,0.0
2026-09-04 16:50:32+09:00,27,203,0,36.948350700698576,6,0.0
2026-09-04 16:55:32+09:00,27,203,0,37.43455514373755,6,0.0
2026-09-04 17:00:32+09:00,27,203,0,37.37789717341052,6,0.0
2026-09-04 17:05:33+09:00,27,203,0,37.2579930966719,6,0.0
2026-09-04 17:10:33+09:00,27,203,0,36.86336374520803,6,0.0
2026-09-04 17:15:32+09:00,27,203,0,36.77178865363293,6,0.0
2026-09-04 17:20:32+09:00,27,203,0,36.28558421059395,6,0.0
2026-09-04 17:25:32+09:00,27,203,0,36.04577605711673,6,0.0
2026-09-04 17:30:34+09:00,27,203,0,34.27554389120112,6,0.0
2026-09-04 17:35:35+09:00,27,203,0,30.53018852714072,6,0.0
2026-09-04 17:40:35+09:00,27,203,0,27.229532348786694,6,0.0
2026-09-04 17:45:34+09:00,27,203,0,25.396054076459507,6,0.0
2026-09-04 17:50:32+09:00,27,203,0,25.55087527444617,6,0.0
2026-09-04 17:55:33+09:00,27,203,0,25.036341846243676,6,0.0
2026-09-04 18:00:32+09:00,27,203,0,25.036341846243676,6,0.0
2026-09-04 18:05:32+09:00,27,203,0,25.036341846243676,6,0.0
2026-09-04 18:10:34+09:00,27,203,0,24.761616571518402,6,0.0
2026-09-04 18:15:32+09:00,27,203,0,24.761616571518402,6,0.0
2026-09-04 18:20:32+09:00,27,203,0,24.48689129679313,6,0.0
2026-09-04 18:25:32+09:00,27,203,0,24.395316205218037,6,0.0
2026-09-04 18:30:32+09:00,27,203,0,24.395316205218037,6,0.0
2026-09-04 18:35:32+09:00,27,203,0,24.395316205218037,6,0.0
2026-09-04 18:40:35+09:00,27,203,0,24.303741113642946,6,0.0
2026-09-04 18:45:35+09:00,27,203,0,24.303741113642946,6,0.0
2026-09-04 18:50:33+09:00,27,203,0,24.395316205218037,6,0.0
2026-09-04 18:55:34+09:00,27,203,0,24.21216602206785,6,0.0
2026-09-04 19:00:34+09:00,27,203,0,24.21216602206785,6,0.0
2026-09-04 19:05:32+09:00,27,203,0,24.578466388368224,6,0.0
2026-09-04 19:10:33+09:00,27,203,0,24.275412128479427,6,0.0
2026-09-04 19:15:32+09:00,27,203,0,24.5501374032047,6,0.0
2026-09-04 19:20:32+09:00,27,203,0,24.366987220054522,6,0.0
2026-09-04 19:25:32+09:00,27,203,0,24.366987220054522,6,0.0
2026-09-04 19:30:32+09:00,27,203,0,24.183837036904336,6,0.0
2026-09-04 19:35:33+09:00,27,203,0,24.275412128479427,6,0.0
2026-09-04 19:40:35+09:00,27,203,0,24.366987220054522,6,0.0
2026-09-04 19:45:32+09:00,27,203,0,24.275412128479427,6,0.0
2026-09-04 19:50:33+09:00,27,203,0,23.972357868590635,6,0.0
2026-09-04 19:55:34+09:00,27,203,0,24.15550805174082,6,0.0
2026-09-04 20:00:32+09:00,27,203,0,23.9156998982636,6,0.0
2026-09-04 20:05:33+09:00,27,203,0,23.9156998982636,6,0.0
2026-09-04 20:10:32+09:00,27,203,0,23.9156998982636,6,0.0
2026-09-04 20:15:32+09:00,27,203,0,23.824124806688513,6,0.0
2026-09-04 20:20:33+09:00,27,203,0,23.824124806688513,6,0.0
2026-09-04 20:25:33+09:00,27,203,0,23.732549715113418,6,0.0
2026-09-04 20:30:33+09:00,27,203,0,23.824124806688513,6,0.0
2026-09-04 20:35:32+09:00,27,203,0,23.640974623538327,6,0.0
2026-09-04 20:40:32+09:00,27,203,10,23.640974623538327,6,4.926108374384237
2026-09-04 20:45:32+09:00,27,203,14,23.274674257237958,6,6.896551724137931
2026-09-04 20:50:32+09:00,27,203,19,23.274674257237958,6,9.35960591133005
2026-09-04 20:55:33+09:00,27,203,18,23.640974623538327,6,8.866995073891626
2026-09-04 21:00:33+09:00,27,203,20,23.732549715113418,6,9.852216748768473
2026-09-04 21:05:33+09:00,27,203,19,23.640974623538327,6,9.35960591133005
2026-09-04 21:10:34+09:00,27,203,22,23.640974623538327,6,10.83743842364532
2026-09-04 21:15:36+09:00,27,203,24,23.549399531963235,6,11.822660098522167
2026-09-04 21:20:34+09:00,27,203,20,23.274674257237958,6,9.852216748768473
2026-09-04 21:25:32+09:00,27,203,24,22.908373890937593,6,11.822660098522167
2026-09-04 21:30:32+09:00,27,203,24,22.72522370778741,6,11.822660098522167
2026-09-04 21:35:32+09:00,27,203,25,22.633648616212316,6,12.31527093596059
2026-09-04 21:40:32+09:00,27,203,25,22.72522370778741,6,12.31527093596059
2026-09-04 21:45:34+09:00,27,203,31,22.542073524637228,6,15.270935960591133
2026-09-04 21:50:33+09:00,27,203,34,22.450498433062137,6,16.748768472906402
2026-09-04 21:55:32+09:00,27,203,36,22.542073524637228,6,17.733990147783253
2026-09-04 22:00:32+09:00,27,203,37,22.542073524637228,6,18.226600985221676
2026-09-04 22:05:32+09:00,27,203,38,22.26734824991195,6,18.7192118226601
2026-09-04 22:10:33+09:00,27,203,41,22.26734824991195,6,20.19704433497537
2026-09-04 22:15:33+09:00,27,203,41,22.26734824991195,6,20.19704433497537
2026-09-04 22:20:32+09:00,27,203,43,22.358923341487042,6,21.182266009852217
2026-09-04 22:25:33+09:00,27,203,45,22.450498433062137,6,22.167487684729064
2026-09-04 22:30:33+09:00,27,203,46,22.358923341487042,6,22.660098522167488
2026-09-04 22:35:32+09:00,27,203,49,22.358923341487042,6,24.137931034482758
2026-09-04 22:40:33+09:00,27,203,51,22.26734824991195,6,25.12315270935961
2026-09-04 22:45:33+09:00,27,203,52,22.08419806676177,6,25.615763546798032
2026-09-04 22:50:32+09:00,27,203,57,22.08419806676177,6,28.078817733990146
2026-09-04 22:55:32+09:00,27,203,58,22.08419806676177,6,28.57142857142857
2026-09-04 23:00:33+09:00,27,203,63,22.08419806676177,6,31.03448275862069
2026-09-04 23:05:32+09:00,27,203,66,19.32640430177376,6,32.51231527093596
2026-09-04 23:10:34+09:00,27,203,67,19.143254118623574,6,33.004926108374384
2026-09-04 23:15:36+09:00,27,203,67,19.051679027048483,6,33.004926108374384
2026-09-04 23:20:32+09:00,27,203,69,18.960103935473395,6,33.99014778325123
2026-09-04 23:25:32+09:00,27,203,71,18.960103935473395,6,34.97536945812808
2026-09-04 23:30:32+09:00,27,203,73,18.960103935473395,6,35.960591133004925
2026-09-04 23:35:32+09:00,27,203,74,18.8685288438983,6,36.45320197044335
2026-09-04 23:40:32+09:00,27,203,77,18.77695375232321,6,37.93103448275862
2026-09-04 23:45:32+09:00,27,203,79,18.593803569173026,6,38.91625615763547
2026-09-04 23:50:33+09:00,27,203,79,18.410653386022844,6,38.91625615763547
2026-09-04 23:55:32+09:00,27,203,81,18.410653386022844,6,39.90147783251231
2026-09-04 09:45:34+09:00,28,92,28,48.65562534327958,3,30.434782608695656
2026-09-04 09:50:33+09:00,28,92,29,48.65562534327958,3,31.521739130434785
2026-09-04 09:55:33+09:00,28,92,30,48.65562534327958,3,32.608695652173914
2026-09-04 10:00:32+09:00,28,92,32,,0,34.78260869565217
2026-09-04 10:05:32+09:00,28,92,31,,0,33.69565217391305
2026-09-04 10:10:32+09:00,28,92,32,,0,34.78260869565217
2026-09-04 10:15:32+09:00,28,92,29,,0,31.521739130434785
2026-09-04 10:20:32+09:00,28,92,31,,0,33.69565217391305
2026-09-04 10:25:32+09:00,28,92,31,,0,33.69565217391305
2026-09-04 10:30:32+09:00,28,92,29,,0,31.521739130434785
2026-09-04 10:35:32+09:00,28,92,29,,0,31.521739130434785
2026-09-04 10:40:32+09:00,28,92,31,,0,33.69565217391305
2026-09-04 10:45:32+09:00,28,92,29,,0,31.521739130434785
2026-09-04 10:50:32+09:00,28,92,29,,0,31.521739130434785
2026-09-04 10:55:32+09:00,28,92,28,,0,30.434782608695656
2026-09-04 11:00:32+09:00,28,92,28,,0,30.434782608695656
2026-09-04 11:05:32+09:00,28,92,28,,0,30.434782608695656
2026-09-04 11:10:32+09:00,28,92,28,,0,30.434782608695656
2026-09-04 11:15:32+09:00,28,92,28,,0,30.434782608695656
2026-09-04 11:20:32+09:00,28,92,26,,0,28.26086956521739
2026-09-04 11:25:32+09:00,28,92,29,,0,31.521739130434785
2026-09-04 11:30:32+09:00,28,92,29,,0,31.521739130434785
2026-09-04 11:35:32+09:00,28,92,31,,0,33.69565217391305
2026-09-04 11:40:35+09:00,28,92,32,,0,34.78260869565217
2026-09-04 11:45:32+09:00,28,92,32,,0,34.78260869565217
2026-09-04 11:50:32+09:00,28,92,32,,0,34.78260869565217
2026-09-04 11:55:33+09:00,28,92,31,,0,33.69565217391305
2026-09-04 12:00:32+09:00,28,92,33,,0,35.869565217391305
2026-09-04 12:05:32+09:00,28,92,31,,0,33.69565217391305
2026-09-04 12:10:32+09:00,28,92,29,,0,31.521739130434785
2026-09-04 12:15:33+09:00,28,92,26,,0,28.26086956521739
2026-09-04 12:20:32+09:00,28,92,25,,0,27.173913043478258
2026-09-04 12:25:32+09:00,28,92,26,,0,28.26086956521739
2026-09-04 12:30:32+09:00,28,92,26,,0,28.26086956521739
2026-09-04 12:35:32+09:00,28,92,26,,0,28.26086956521739
2026-09-04 12:40:33+09:00,28,92,23,,0,25.0
2026-09-04 12:45:32+09:00,28,92,21,,0,22.82608695652174
2026-09-04 12:50:32+09:00,28,92,19,,0,20.652173913043477
2026-09-04 12:55:32+09:00,28,92,19,,0,20.652173913043477
2026-09-04 13:00:32+09:00,28,92,19,,0,20.652173913043477
2026-09-04 13:05:32+09:00,28,92,23,,0,25.0
2026-09-04 13:10:32+09:00,28,92,22,,0,23.91304347826087
2026-09-04 13:15:32+09:00,28,92,21,,0,22.82608695652174
2026-09-04 13:20:32+09:00,28,92,19,,0,20.652173913043477
2026-09-04 13:25:32+09:00,28,92,20,,0,21.73913043478261
2026-09-04 13:30:32+09:00,28,92,19,,0,20.652173913043477
2026-09-04 13:35:32+09:00,28,92,22,,0,23.91304347826087
2026-09-04 13:40:32+09:00,28,92,20,,0,21.73913043478261
2026-09-04 13:45:33+09:00,28,92,19,,0,20.652173913043477
2026-09-04 13:50:32+09:00,28,92,20,,0,21.73913043478261
2026-09-04 13:55:33+09:00,28,92,19,,0,20.652173913043477
2026-09-04 14:00:32+09:00,28,92,20,,0,21.73913043478261
2026-09-04 14:05:33+09:00,28,92,17,53.36813323390505,2,18.478260869565215
2026-09-04 14:10:32+09:00,28,92,19,50.68356947551578,2,20.652173913043477
2026-09-04 14:15:34+09:00,28,92,21,50.68356947551578,2,22.82608695652174
2026-09-04 14:20:34+09:00,28,92,21,51.3547104151131,2,22.82608695652174
2026-09-04 14:25:34+09:00,28,92,18,51.3547104151131,2,19.565217391304348
2026-09-04 14:30:32+09:00,28,92,19,52.36142182450907,2,20.652173913043477
2026-09-04 14:35:33+09:00,28,92,19,51.69028088491175,2,20.652173913043477
2026-09-04 14:40:32+09:00,28,92,20,52.02585135471042,2,21.73913043478261
2026-09-04 14:45:35+09:00,28,92,18,52.02585135471042,2,19.565217391304348
2026-09-04 14:50:34+09:00,28,92,15,52.36142182450907,2,16.304347826086957
2026-09-04 14:55:34+09:00,28,92,18,52.02585135471042,2,19.565217391304348
2026-09-04 15:00:32+09:00,28,92,18,51.3547104151131,2,19.565217391304348
2026-09-04 15:05:33+09:00,28,92,21,50.34799900571713,2,22.82608695652174
2026-09-04 15:10:33+09:00,28,92,19,51.3547104151131,2,20.652173913043477
2026-09-04 15:15:33+09:00,28,92,21,52.696992294307734,2,22.82608695652174
2026-09-04 15:20:32+09:00,28,92,21,51.69028088491175,2,22.82608695652174
2026-09-04 15:25:32+09:00,28,92,22,51.3547104151131,2,23.91304347826087
2026-09-04 15:30:32+09:00,28,92,21,51.69028088491175,2,22.82608695652174
2026-09-04 15:35:32+09:00,28,92,22,50.68356947551578,2,23.91304347826087
2026-09-04 15:40:32+09:00,28,92,23,51.3547104151131,2,25.0
2026-09-04 15:45:34+09:00,28,92,22,51.3547104151131,2,23.91304347826087
2026-09-04 15:50:34+09:00,28,92,21,67.62169928409925,3,22.82608695652174
2026-09-04 15:55:33+09:00,28,92,24,68.516553870229,3,26.08695652173913
2026-09-04 16:00:34+09:00,28,92,27,66.81448509558014,3,29.347826086956523
2026-09-04 16:05:34+09:00,28,92,27,66.91826977696117,3,29.347826086956523
2026-09-04 16:10:35+09:00,28,92,27,66.64266378973822,3,29.347826086956523
2026-09-04 16:15:35+09:00,28,92,26,66.45469820012592,3,28.26086956521739
2026-09-04 16:20:33+09:00,28,92,28,65.49180698953526,3,30.434782608695656
2026-09-04 16:25:32+09:00,28,92,28,64.70073708478652,3,30.434782608695656
2026-09-04 16:30:33+09:00,28,92,29,64.25330979172166,3,31.521739130434785
2026-09-04 16:35:32+09:00,28,92,28,63.56602456835395,3,30.434782608695656
2026-09-04 16:40:32+09:00,28,92,28,64.58080811963514,3,30.434782608695656
2026-09-04 16:45:32+09:00,28,92,28,63.601772625274094,3,30.434782608695656
2026-09-04 16:50:32+09:00,28,92,26,63.514132227663445,3,28.26086956521739
2026-09-04 16:55:32+09:00,28,92,26,64.82066604993794,3,28.26086956521739
2026-09-04 17:00:32+09:00,28,92,27,63.03095687767844,3,29.347826086956523
2026-09-04 17:05:33+09:00,28,92,27,63.4945284545137,3,29.347826086956523
2026-09-04 17:10:33+09:00,28,92,29,62.46360061946215,3,31.521739130434785
2026-09-04 17:15:32+09:00,28,92,31,62.96292025321754,3,33.69565217391305
2026-09-04 17:20:32+09:00,28,92,32,61.91238864501624,3,34.78260869565217
2026-09-04 17:25:32+09:00,28,92,32,63.39074377313266,3,34.78260869565217
2026-09-04 17:30:34+09:00,28,92,31,64.12992133719088,3,33.69565217391305
2026-09-04 17:35:35+09:00,28,92,29,62.13610229154869,3,31.521739130434785
2026-09-04 17:40:35+09:00,28,92,28,62.47974490323253,3,30.434782608695656
2026-09-04 17:45:34+09:00,28,92,27,62.27563502984984,3,29.347826086956523
2026-09-04 17:50:32+09:00,28,92,26,63.58216885212434,3,28.26086956521739
2026-09-04 17:55:33+09:00,28,92,24,64.87255839062846,3,26.08695652173913
2026-09-04 18:00:32+09:00,28,92,23,62.34367165431075,3,25.0
2026-09-04 18:05:32+09:00,28,92,25,63.047101161448815,3,27.173913043478258
2026-09-04 18:10:34+09:00,28,92,24,61.87664058809611,3,26.08695652173913
2026-09-04 18:15:32+09:00,28,92,18,61.25739198918931,3,19.565217391304348
2026-09-04 18:20:32+09:00,28,92,20,61.46496135195137,3,21.73913043478261
2026-09-04 18:25:32+09:00,28,92,23,60.741928071663544,3,25.0
2026-09-04 18:30:32+09:00,28,92,22,58.95221889940404,3,23.91304347826087
2026-09-04 18:35:32+09:00,28,92,18,58.145004710884926,3,19.565217391304348
2026-09-04 18:40:35+09:00,28,92,17,59.2116806028566,3,18.478260869565215
2026-09-04 18:45:35+09:00,28,92,15,59.7628925773025,3,16.304347826086957
2026-09-04 18:50:33+09:00,28,92,14,61.17321108095803,3,15.217391304347828
2026-09-04 18:55:34+09:00,28,92,13,60.88146080996469,3,14.130434782608695
2026-09-04 19:00:34+09:00,28,92,9,60.26221221105789,3,9.782608695652174
2026-09-04 19:05:32+09:00,28,92,8,59.6429636121511,3,8.695652173913043
2026-09-04 19:10:33+09:00,28,92,4,57.217861557214405,3,4.3478260869565215
2026-09-04 19:15:32+09:00,28,92,4,56.47868399315619,3,4.3478260869565215
2026-09-04 19:20:32+09:00,28,92,5,56.20307800593324,3,5.434782608695652
2026-09-04 19:25:32+09:00,28,92,9,54.3095841522927,3,9.782608695652174
2026-09-04 19:30:32+09:00,28,92,9,53.63844321269539,3,9.782608695652174
2026-09-04 19:35:33+09:00,28,92,8,52.296161333500756,3,8.695652173913043
2026-09-04 19:40:35+09:00,28,92,8,51.22948544152908,3,8.695652173913043
2026-09-04 19:45:32+09:00,28,92,10,49.284099247198036,3,10.869565217391305
2026-09-04 19:50:33+09:00,28,92,9,48.88856429482366,3,9.782608695652174
2026-09-04 19:55:34+09:00,28,92,6,47.47824579116814,3,6.521739130434782
2026-09-04 20:00:32+09:00,28,92,6,46.6352835457289,3,6.521739130434782
2026-09-04 20:05:33+09:00,28,92,7,45.412930631685676,3,7.608695652173914
2026-09-04 20:10:32+09:00,28,92,8,44.58957215939619,3,8.695652173913043
2026-09-04 20:15:32+09:00,28,92,8,44.89746671415991,3,8.695652173913043
2026-09-04 20:20:33+09:00,28,92,7,42.679934021985275,3,7.608695652173914
2026-09-04 20:25:33+09:00,28,92,7,42.56000505683386,3,7.608695652173914
2026-09-04 20:30:33+09:00,28,92,8,41.44143682417167,3,8.695652173913043
2026-09-04 20:35:32+09:00,28,92,12,41.82082749277564,3,13.043478260869565
2026-09-04 20:40:32+09:00,28,92,13,40.80604394149448,3,14.130434782608695
2026-09-04 20:45:32+09:00,28,92,15,40.014974036745755,3,16.304347826086957
2026-09-04 20:50:32+09:00,28,92,13,40.738007317033585,3,14.130434782608695
2026-09-04 20:55:33+09:00,28,92,12,39.895045071594346,3,13.043478260869565
2026-09-04 21:00:33+09:00,28,92,14,39.155867507536136,3,15.217391304347828
2026-09-04 21:05:33+09:00,28,92,16,38.53661890862933,3,17.391304347826086
2026-09-04 21:10:34+09:00,28,92,18,37.641764322499576,3,19.565217391304348
2026-09-04 21:15:36+09:00,28,92,19,37.641764322499576,3,20.652173913043477
2026-09-04 21:20:34+09:00,28,92,19,36.85069441775085,3,20.652173913043477
2026-09-04 21:25:32+09:00,28,92,19,35.664089560627765,3,20.652173913043477
2026-09-04 21:30:32+09:00,28,92,19,35.2005179837925,3,20.652173913043477
2026-09-04 21:35:32+09:00,28,92,20,34.013913126669415,3,21.73913043478261
2026-09-04 21:40:32+09:00,28,92,20,33.03487763230839,3,21.73913043478261
2026-09-04 21:45:34+09:00,28,92,19,32.519413714782615,3,20.652173913043477
2026-09-04 21:50:33+09:00,28,92,19,31.90016511587581,3,20.652173913043477
2026-09-04 21:55:32+09:00,28,92,23,31.55652250419196,3,25.0
2026-09-04 22:00:32+09:00,28,92,26,31.212879892508113,3,28.26086956521739
2026-09-04 22:05:32+09:00,28,92,27,30.010130751614643,3,29.347826086956523
2026-09-04 22:10:33+09:00,28,92,27,29.49466683408887,3,29.347826086956523
2026-09-04 22:15:33+09:00,28,92,29,28.979202916563096,3,31.521739130434785
2026-09-04 22:20:32+09:00,28,92,29,28.927310575872582,3,31.521739130434785
2026-09-04 22:25:33+09:00,28,92,29,28.979202916563096,3,31.521739130434785
2026-09-04 22:30:33+09:00,28,92,32,28.06820404666296,3,34.78260869565217
2026-09-04 22:35:32+09:00,28,92,32,27.72456143497911,3,34.78260869565217
2026-09-04 22:40:33+09:00,28,92,35,27.552740129137188,3,38.04347826086957
2026-09-04 22:45:33+09:00,28,92,35,27.72456143497911,3,38.04347826086957
2026-09-04 22:50:32+09:00,28,92,35,26.41802761270461,3,38.04347826086957
2026-09-04 22:55:32+09:00,28,92,34,26.469919953395124,3,36.95652173913043
2026-09-04 23:00:33+09:00,28,92,33,26.298098647553203,3,35.869565217391305
2026-09-04 23:05:32+09:00,28,92,33,26.349990988243714,3,35.869565217391305
2026-09-04 23:10:34+09:00,28,92,33,25.954456035869352,3,35.869565217391305
2026-09-04 23:15:36+09:00,28,92,33,25.267170812501657,3,35.869565217391305
2026-09-04 23:20:32+09:00,28,92,32,25.09534950665973,3,34.78260869565217
2026-09-04 23:25:32+09:00,28,92,33,25.09534950665973,3,35.869565217391305
2026-09-04 23:30:32+09:00,28,92,33,25.043457165969215,3,35.869565217391305
2026-09-04 23:35:32+09:00,28,92,32,24.647922213594853,3,34.78260869565217
2026-09-04 23:40:32+09:00,28,92,30,25.09534950665973,3,32.608695652173914
2026-09-04 23:45:32+09:00,28,92,30,25.09534950665973,3,32.608695652173914
2026-09-04 23:50:33+09:00,28,92,30,25.147241847350244,3,32.608695652173914
2026-09-04 23:55:32+09:00,28,92,30,25.370955493882686,3,32.608695652173914
2026-09-04 09:45:34+09:00,29,54,13,11.111111111111109,3,24.074074074074073
2026-09-04 09:50:33+09:00,29,54,15,11.111111111111109,3,27.77777777777778
2026-09-04 09:55:33+09:00,29,54,17,11.111111111111109,3,31.48148148148148
2026-09-04 10:00:32+09:00,29,54,20,,0,37.03703703703704
2026-09-04 10:05:32+09:00,29,54,19,,0,35.18518518518518
2026-09-04 10:10:32+09:00,29,54,18,,0,33.33333333333333
2026-09-04 10:15:32+09:00,29,54,20,,0,37.03703703703704
2026-09-04 10:20:32+09:00,29,54,22,,0,40.74074074074074
2026-09-04 10:25:32+09:00,29,54,20,,0,37.03703703703704
2026-09-04 10:30:32+09:00,29,54,19,,0,35.18518518518518
2026-09-04 10:35:32+09:00,29,54,19,,0,35.18518518518518
2026-09-04 10:40:32+09:00,29,54,16,,0,29.629629629629626
2026-09-04 10:45:32+09:00,29,54,14,,0,25.925925925925924
2026-09-04 10:50:32+09:00,29,54,13,,0,24.074074074074073
2026-09-04 10:55:32+09:00,29,54,10,,0,18.51851851851852
2026-09-04 11:00:32+09:00,29,54,8,,0,14.814814814814813
2026-09-04 11:05:32+09:00,29,54,6,,0,11.11111111111111
2026-09-04 11:10:32+09:00,29,54,7,,0,12.962962962962962
2026-09-04 11:15:32+09:00,29,54,6,,0,11.11111111111111
2026-09-04 11:20:32+09:00,29,54,7,,0,12.962962962962962
2026-09-04 11:25:32+09:00,29,54,4,,0,7.4074074074074066
2026-09-04 11:30:32+09:00,29,54,4,,0,7.4074074074074066
2026-09-04 11:35:32+09:00,29,54,9,,0,16.666666666666664
2026-09-04 11:40:35+09:00,29,54,8,,0,14.814814814814813
2026-09-04 11:45:32+09:00,29,54,6,,0,11.11111111111111
2026-09-04 11:50:32+09:00,29,54,8,,0,14.814814814814813
2026-09-04 11:55:33+09:00,29,54,6,,0,11.11111111111111
2026-09-04 12:00:32+09:00,29,54,7,,0,12.962962962962962
2026-09-04 12:05:32+09:00,29,54,7,,0,12.962962962962962
2026-09-04 12:10:32+09:00,29,54,5,,0,9.25925925925926
2026-09-04 12:15:33+09:00,29,54,4,,0,7.4074074074074066
2026-09-04 12:20:32+09:00,29,54,4,,0,7.4074074074074066
2026-09-04 12:25:32+09:00,29,54,6,,0,11.11111111111111
2026-09-04 12:30:32+09:00,29,54,8,,0,14.814814814814813
2026-09-04 12:35:32+09:00,29,54,8,,0,14.814814814814813
2026-09-04 12:40:33+09:00,29,54,8,,0,14.814814814814813
2026-09-04 12:45:32+09:00,29,54,10,,0,18.51851851851852
2026-09-04 12:50:32+09:00,29,54,12,,0,22.22222222222222
2026-09-04 12:55:32+09:00,29,54,8,,0,14.814814814814813
2026-09-04 13:00:32+09:00,29,54,8,,0,14.814814814814813
2026-09-04 13:05:32+09:00,29,54,8,,0,14.814814814814813
2026-09-04 13:10:32+09:00,29,54,6,,0,11.11111111111111
2026-09-04 13:15:32+09:00,29,54,8,,0,14.814814814814813
2026-09-04 13:20:32+09:00,29,54,7,,0,12.962962962962962
2026-09-04 13:25:32+09:00,29,54,8,,0,14.814814814814813
2026-09-04 13:30:32+09:00,29,54,10,,0,18.51851851851852
2026-09-04 13:35:32+09:00,29,54,10,,0,18.51851851851852
2026-09-04 13:40:32+09:00,29,54,10,,0,18.51851851851852
2026-09-04 13:45:33+09:00,29,54,11,,0,20.37037037037037
2026-09-04 13:50:32+09:00,29,54,14,,0,25.925925925925924
2026-09-04 13:55:33+09:00,29,54,13,,0,24.074074074074073
2026-09-04 14:00:32+09:00,29,54,8,,0,14.814814814814813
2026-09-04 14:05:33+09:00,29,54,5,48.21548821548822,3,9.25925925925926
2026-09-04 14:10:32+09:00,29,54,6,49.4949494949495,3,11.11111111111111
2026-09-04 14:15:34+09:00,29,54,7,49.15824915824916,3,12.962962962962962
2026-09-04 14:20:34+09:00,29,54,6,49.4949494949495,3,11.11111111111111
2026-09-04 14:25:34+09:00,29,54,10,50.707070707070706,3,18.51851851851852
2026-09-04 14:30:32+09:00,29,54,14,49.15824915824916,3,25.925925925925924
2026-09-04 14:35:33+09:00,29,54,15,49.15824915824916,3,27.77777777777778
2026-09-04 14:40:32+09:00,29,54,16,49.42760942760943,3,29.629629629629626
2026-09-04 14:45:35+09:00,29,54,15,49.42760942760943,3,27.77777777777778
2026-09-04 14:50:34+09:00,29,54,13,49.4949494949495,3,24.074074074074073
2026-09-04 14:55:34+09:00,29,54,13,48.821548821548824,3,24.074074074074073
2026-09-04 15:00:32+09:00,29,54,17,50.033670033670035,3,31.48148148148148
2026-09-04 15:05:33+09:00,29,54,17,49.36026936026936,3,31.48148148148148
2026-09-04 15:10:33+09:00,29,54,18,49.090909090909086,3,33.33333333333333
2026-09-04 15:15:33+09:00,29,54,18,48.41750841750841,3,33.33333333333333
2026-09-04 15:20:32+09:00,29,54,20,48.08080808080808,3,37.03703703703704
2026-09-04 15:25:32+09:00,29,54,20,48.41750841750841,3,37.03703703703704
2026-09-04 15:30:32+09:00,29,54,21,48.754208754208754,3,38.88888888888889
2026-09-04 15:35:32+09:00,29,54,19,49.36026936026936,3,35.18518518518518
2026-09-04 15:40:32+09:00,29,54,19,49.36026936026936,3,35.18518518518518
2026-09-04 15:45:34+09:00,29,54,19,48.41750841750841,3,35.18518518518518
2026-09-04 15:50:34+09:00,29,54,17,48.14814814814815,3,31.48148148148148
2026-09-04 15:55:33+09:00,29,54,17,48.08080808080808,3,31.48148148148148
2026-09-04 16:00:34+09:00,29,54,16,48.08080808080808,3,29.629629629629626
2026-09-04 16:05:34+09:00,29,54,18,49.090909090909086,3,33.33333333333333
2026-09-04 16:10:35+09:00,29,54,17,48.754208754208754,3,31.48148148148148
2026-09-04 16:15:35+09:00,29,54,21,45.31986531986532,3,38.88888888888889
2026-09-04 16:20:33+09:00,29,54,25,44.64646464646464,3,46.2962962962963
2026-09-04 16:25:32+09:00,29,54,23,45.99326599326599,3,42.592592592592595
2026-09-04 16:30:33+09:00,29,54,21,45.99326599326599,3,38.88888888888889
2026-09-04 16:35:32+09:00,29,54,21,45.99326599326599,3,38.88888888888889
2026-09-04 16:40:32+09:00,29,54,17,43.7037037037037,3,31.48148148148148
2026-09-04 16:45:32+09:00,29,54,18,46.06060606060606,3,33.33333333333333
2026-09-04 16:50:32+09:00,29,54,17,45.11784511784512,3,31.48148148148148
2026-09-04 16:55:32+09:00,29,54,17,46.73400673400673,3,31.48148148148148
2026-09-04 17:00:32+09:00,29,54,18,47.74410774410774,3,33.33333333333333
2026-09-04 17:05:33+09:00,29,54,18,47.40740740740741,3,33.33333333333333
2026-09-04 17:10:33+09:00,29,54,20,48.08080808080808,3,37.03703703703704
2026-09-04 17:15:32+09:00,29,54,20,47.81144781144781,3,37.03703703703704
2026-09-04 17:20:32+09:00,29,54,18,46.1952861952862,3,33.33333333333333
2026-09-04 17:25:32+09:00,29,54,17,45.52188552188553,3,31.48148148148148
2026-09-04 17:30:34+09:00,29,54,17,36.83501683501683,3,31.48148148148148
2026-09-04 17:35:35+09:00,29,54,18,35.892255892255896,3,33.33333333333333
2026-09-04 17:40:35+09:00,29,54,13,25.521885521885523,3,24.074074074074073
2026-09-04 17:45:34+09:00,29,54,13,25.25252525252525,3,24.074074074074073
2026-09-04 17:50:32+09:00,29,54,17,25.925925925925924,3,31.48148148148148
2026-09-04 17:55:33+09:00,29,54,17,24.915824915824917,3,31.48148148148148
2026-09-04 18:00:32+09:00,29,54,16,24.57912457912458,3,29.629629629629626
2026-09-04 18:05:32+09:00,29,54,14,23.905723905723907,3,25.925925925925924
2026-09-04 18:10:34+09:00,29,54,14,24.57912457912458,3,25.925925925925924
2026-09-04 18:15:32+09:00,29,54,14,22.962962962962962,3,25.925925925925924
2026-09-04 18:20:32+09:00,29,54,13,22.626262626262626,3,24.074074074074073
2026-09-04 18:25:32+09:00,29,54,15,23.299663299663298,3,27.77777777777778
2026-09-04 18:30:32+09:00,29,54,13,23.636363636363637,3,24.074074074074073
2026-09-04 18:35:32+09:00,29,54,13,24.309764309764308,3,24.074074074074073
2026-09-04 18:40:35+09:00,29,54,13,25.656565656565657,3,24.074074074074073
2026-09-04 18:45:35+09:00,29,54,15,27.003367003367,3,27.77777777777778
2026-09-04 18:50:33+09:00,29,54,17,28.68686868686868,3,31.48148148148148
2026-09-04 18:55:34+09:00,29,54,17,30.03367003367003,3,31.48148148148148
2026-09-04 19:00:34+09:00,29,54,16,31.04377104377104,3,29.629629629629626
2026-09-04 19:05:32+09:00,29,54,17,31.38047138047138,3,31.48148148148148
2026-09-04 19:10:33+09:00,29,54,16,33.06397306397306,3,29.629629629629626
2026-09-04 19:15:32+09:00,29,54,16,34.07407407407407,3,29.629629629629626
2026-09-04 19:20:32+09:00,29,54,14,32.72727272727273,3,25.925925925925924
2026-09-04 19:25:32+09:00,29,54,14,33.4006734006734,3,25.925925925925924
2026-09-04 19:30:32+09:00,29,54,16,33.73737373737374,3,29.629629629629626
2026-09-04 19:35:33+09:00,29,54,16,34.07407407407407,3,29.629629629629626
2026-09-04 19:40:35+09:00,29,54,15,34.07407407407407,3,27.77777777777778
2026-09-04 19:45:32+09:00,29,54,16,33.73737373737374,3,29.629629629629626
2026-09-04 19:50:33+09:00,29,54,15,33.73737373737374,3,27.77777777777778
2026-09-04 19:55:34+09:00,29,54,15,35.08417508417508,3,27.77777777777778
2026-09-04 20:00:32+09:00,29,54,15,35.08417508417508,3,27.77777777777778
2026-09-04 20:05:33+09:00,29,54,16,34.41077441077441,3,29.629629629629626
2026-09-04 20:10:32+09:00,29,54,15,34.07407407407407,3,27.77777777777778
2026-09-04 20:15:32+09:00,29,54,15,33.73737373737374,3,27.77777777777778
2026-09-04 20:20:33+09:00,29,54,16,33.06397306397306,3,29.629629629629626
2026-09-04 20:25:33+09:00,29,54,23,31.717171717171713,3,42.592592592592595
2026-09-04 20:30:33+09:00,29,54,23,32.39057239057239,3,42.592592592592595
2026-09-04 20:35:32+09:00,29,54,23,32.39057239057239,3,42.592592592592595
2026-09-04 20:40:32+09:00,29,54,24,32.05387205387205,3,44.44444444444444
2026-09-04 20:45:32+09:00,29,54,25,34.07407407407407,3,46.2962962962963
2026-09-04 20:50:32+09:00,29,54,25,33.73737373737374,3,46.2962962962963
2026-09-04 20:55:33+09:00,29,54,27,33.73737373737374,3,50.0
2026-09-04 21:00:33+09:00,29,54,26,33.06397306397306,3,48.148148148148145
2026-09-04 21:05:33+09:00,29,54,25,32.72727272727273,3,46.2962962962963
2026-09-04 21:10:34+09:00,29,54,27,32.05387205387205,3,50.0
2026-09-04 21:15:36+09:00,29,54,28,31.717171717171713,3,51.85185185185185
2026-09-04 21:20:34+09:00,29,54,27,31.04377104377104,3,50.0
2026-09-04 21:25:32+09:00,29,54,27,31.717171717171713,3,50.0
2026-09-04 21:30:32+09:00,29,54,27,31.38047138047138,3,50.0
2026-09-04 21:35:32+09:00,29,54,28,32.05387205387205,3,51.85185185185185
2026-09-04 21:40:32+09:00,29,54,28,31.717171717171713,3,51.85185185185185
2026-09-04 21:45:34+09:00,29,54,27,32.05387205387205,3,50.0
2026-09-04 21:50:33+09:00,29,54,27,31.04377104377104,3,50.0
2026-09-04 21:55:32+09:00,29,54,27,31.04377104377104,3,50.0
2026-09-04 22:00:32+09:00,29,54,29,31.717171717171713,3,53.70370370370371
2026-09-04 22:05:32+09:00,29,54,29,30.707070707070702,3,53.70370370370371
2026-09-04 22:10:33+09:00,29,54,30,30.370370370370367,3,55.55555555555556
2026-09-04 22:15:33+09:00,29,54,28,29.6969696969697,3,51.85185185185185
2026-09-04 22:20:32+09:00,29,54,28,27.003367003367,3,51.85185185185185
2026-09-04 22:25:33+09:00,29,54,26,26.329966329966325,3,48.148148148148145
2026-09-04 22:30:33+09:00,29,54,24,26.329966329966325,3,44.44444444444444
2026-09-04 22:35:32+09:00,29,54,24,25.993265993265993,3,44.44444444444444
2026-09-04 22:40:33+09:00,29,54,24,24.64646464646464,3,44.44444444444444
2026-09-04 22:45:33+09:00,29,54,25,24.64646464646464,3,46.2962962962963
2026-09-04 22:50:32+09:00,29,54,25,24.64646464646464,3,46.2962962962963
2026-09-04 22:55:32+09:00,29,54,23,24.309764309764308,3,42.592592592592595
2026-09-04 23:00:33+09:00,29,54,23,24.64646464646464,3,42.592592592592595
2026-09-04 23:05:32+09:00,29,54,23,22.55892255892256,3,42.592592592592595
2026-09-04 23:10:34+09:00,29,54,23,21.54882154882155,3,42.592592592592595
2026-09-04 23:15:36+09:00,29,54,23,21.21212121212121,3,42.592592592592595
2026-09-04 23:20:32+09:00,29,54,23,20.875420875420875,3,42.592592592592595
2026-09-04 23:25:32+09:00,29,54,23,20.202020202020204,3,42.592592592592595
2026-09-04 23:30:32+09:00,29,54,23,19.865319865319865,3,42.592592592592595
2026-09-04 23:35:32+09:00,29,54,23,19.52861952861953,3,42.592592592592595
2026-09-04 23:40:32+09:00,29,54,23,19.52861952861953,3,42.592592592592595
2026-09-04 23:45:32+09:00,29,54,23,19.52861952861953,3,42.592592592592595
2026-09-04 23:50:33+09:00,29,54,23,19.191919191919194,3,42.592592592592595
2026-09-04 23:55:32+09:00,29,54,24,18.51851851851852,3,44.44444444444444
2026-09-04 09:45:34+09:00,30,57,9,,0,15.789473684210526
2026-09-04 09:50:33+09:00,30,57,10,,0,17.543859649122805
2026-09-04 09:55:33+09:00,30,57,6,,0,10.526315789473683
2026-09-04 10:00:32+09:00,30,57,4,,0,7.017543859649122
2026-09-04 10:05:32+09:00,30,57,5,,0,8.771929824561402
2026-09-04 10:10:32+09:00,30,57,4,,0,7.017543859649122
2026-09-04 10:15:32+09:00,30,57,3,,0,5.263157894736842
2026-09-04 10:20:32+09:00,30,57,3,,0,5.263157894736842
2026-09-04 10:25:32+09:00,30,57,2,,0,3.508771929824561
2026-09-04 10:30:32+09:00,30,57,1,,0,1.7543859649122806
2026-09-04 10:35:32+09:00,30,57,1,,0,1.7543859649122806
2026-09-04 10:40:32+09:00,30,57,0,,0,0.0
2026-09-04 10:45:32+09:00,30,57,1,,0,1.7543859649122806
2026-09-04 10:50:32+09:00,30,57,0,,0,0.0
2026-09-04 10:55:32+09:00,30,57,0,,0,0.0
2026-09-04 11:00:32+09:00,30,57,3,,0,5.263157894736842
2026-09-04 11:05:32+09:00,30,57,4,,0,7.017543859649122
2026-09-04 11:10:32+09:00,30,57,5,,0,8.771929824561402
2026-09-04 11:15:32+09:00,30,57,7,,0,12.280701754385964
2026-09-04 11:20:32+09:00,30,57,7,,0,12.280701754385964
2026-09-04 11:25:32+09:00,30,57,8,,0,14.035087719298245
2026-09-04 11:30:32+09:00,30,57,8,,0,14.035087719298245
2026-09-04 11:35:32+09:00,30,57,7,,0,12.280701754385964
2026-09-04 11:40:35+09:00,30,57,7,,0,12.280701754385964
2026-09-04 11:45:32+09:00,30,57,7,,0,12.280701754385964
2026-09-04 11:50:32+09:00,30,57,9,,0,15.789473684210526
2026-09-04 11:55:33+09:00,30,57,9,,0,15.789473684210526
2026-09-04 12:00:32+09:00,30,57,9,,0,15.789473684210526
2026-09-04 12:05:32+09:00,30,57,9,,0,15.789473684210526
2026-09-04 12:10:32+09:00,30,57,9,,0,15.789473684210526
2026-09-04 12:15:33+09:00,30,57,8,,0,14.035087719298245
2026-09-04 12:20:32+09:00,30,57,8,,0,14.035087719298245
2026-09-04 12:25:32+09:00,30,57,7,,0,12.280701754385964
2026-09-04 12:30:32+09:00,30,57,7,,0,12.280701754385964
2026-09-04 12:35:32+09:00,30,57,7,,0,12.280701754385964
2026-09-04 12:40:33+09:00,30,57,6,,0,10.526315789473683
2026-09-04 12:45:32+09:00,30,57,6,,0,10.526315789473683
2026-09-04 12:50:32+09:00,30,57,4,,0,7.017543859649122
2026-09-04 12:55:32+09:00,30,57,4,,0,7.017543859649122
2026-09-04 13:00:32+09:00,30,57,4,,0,7.017543859649122
2026-09-04 13:05:32+09:00,30,57,4,,0,7.017543859649122
2026-09-04 13:10:32+09:00,30,57,5,,0,8.771929824561402
2026-09-04 13:15:32+09:00,30,57,4,,0,7.017543859649122
2026-09-04 13:20:32+09:00,30,57,2,,0,3.508771929824561
2026-09-04 13:25:32+09:00,30,57,4,,0,7.017543859649122
2026-09-04 13:30:32+09:00,30,57,4,,0,7.017543859649122
2026-09-04 13:35:32+09:00,30,57,5,,0,8.771929824561402
2026-09-04 13:40:32+09:00,30,57,5,,0,8.771929824561402
2026-09-04 13:45:33+09:00,30,57,5,,0,8.771929824561402
2026-09-04 13:50:32+09:00,30,57,5,,0,8.771929824561402
2026-09-04 13:55:33+09:00,30,57,8,,0,14.035087719298245
2026-09-04 14:00:32+09:00,30,57,9,,0,15.789473684210526
2026-09-04 14:05:33+09:00,30,57,9,,0,15.789473684210526
2026-09-04 14:10:32+09:00,30,57,9,,0,15.789473684210526
2026-09-04 14:15:34+09:00,30,57,9,,0,15.789473684210526
2026-09-04 14:20:34+09:00,30,57,10,,0,17.543859649122805
2026-09-04 14:25:34+09:00,30,57,8,,0,14.035087719298245
2026-09-04 14:30:32+09:00,30,57,8,,0,14.035087719298245
2026-09-04 14:35:33+09:00,30,57,9,,0,15.789473684210526
2026-09-04 14:40:32+09:00,30,57,13,,0,22.807017543859647
2026-09-04 14:45:35+09:00,30,57,12,,0,21.052631578947366
2026-09-04 14:50:34+09:00,30,57,11,,0,19.298245614035086
2026-09-04 14:55:34+09:00,30,57,10,,0,17.543859649122805
2026-09-04 15:00:32+09:00,30,57,9,,0,15.789473684210526
2026-09-04 15:05:33+09:00,30,57,6,,0,10.526315789473683
2026-09-04 15:10:33+09:00,30,57,5,,0,8.771929824561402
2026-09-04 15:15:33+09:00,30,57,6,,0,10.526315789473683
2026-09-04 15:20:32+09:00,30,57,5,,0,8.771929824561402
2026-09-04 15:25:32+09:00,30,57,5,,0,8.771929824561402
2026-09-04 15:30:32+09:00,30,57,6,,0,10.526315789473683
2026-09-04 15:35:32+09:00,30,57,6,,0,10.526315789473683
2026-09-04 15:40:32+09:00,30,57,7,,0,12.280701754385964
2026-09-04 15:45:34+09:00,30,57,5,,0,8.771929824561402
2026-09-04 15:50:34+09:00,30,57,6,,0,10.526315789473683
2026-09-04 15:55:33+09:00,30,57,7,,0,12.280701754385964
2026-09-04 16:00:34+09:00,30,57,8,,0,14.035087719298245
2026-09-04 16:05:34+09:00,30,57,8,,0,14.035087719298245
2026-09-04 16:10:35+09:00,30,57,7,,0,12.280701754385964
2026-09-04 16:15:35+09:00,30,57,7,,0,12.280701754385964
2026-09-04 16:20:33+09:00,30,57,9,,0,15.789473684210526
2026-09-04 16:25:32+09:00,30,57,11,,0,19.298245614035086
2026-09-04 16:30:33+09:00,30,57,12,,0,21.052631578947366
2026-09-04 16:35:32+09:00,30,57,13,,0,22.807017543859647
2026-09-04 16:40:32+09:00,30,57,17,,0,29.82456140350877
2026-09-04 16:45:32+09:00,30,57,18,,0,31.57894736842105
2026-09-04 16:50:32+09:00,30,57,24,,0,42.10526315789473
2026-09-04 16:55:32+09:00,30,57,28,,0,49.122807017543856
2026-09-04 17:00:32+09:00,30,57,27,,0,47.368421052631575
2026-09-04 17:05:33+09:00,30,57,27,,0,47.368421052631575
2026-09-04 17:10:33+09:00,30,57,25,,0,43.859649122807014
2026-09-04 17:15:32+09:00,30,57,27,,0,47.368421052631575
2026-09-04 17:20:32+09:00,30,57,25,,0,43.859649122807014
2026-09-04 17:25:32+09:00,30,57,27,,0,47.368421052631575
2026-09-04 17:30:34+09:00,30,57,27,,0,47.368421052631575
2026-09-04 17:35:35+09:00,30,57,27,,0,47.368421052631575
2026-09-04 17:40:35+09:00,30,57,28,,0,49.122807017543856
2026-09-04 17:45:34+09:00,30,57,26,,0,45.614035087719294
2026-09-04 17:50:32+09:00,30,57,26,,0,45.614035087719294
2026-09-04 17:55:33+09:00,30,57,26,,0,45.614035087719294
2026-09-04 18:00:32+09:00,30,57,27,,0,47.368421052631575
2026-09-04 18:05:32+09:00,30,57,27,,0,47.368421052631575
2026-09-04 18:10:34+09:00,30,57,27,,0,47.368421052631575
2026-09-04 18:15:32+09:00,30,57,30,,0,52.63157894736842
2026-09-04 18:20:32+09:00,30,57,30,,0,52.63157894736842
2026-09-04 18:25:32+09:00,30,57,30,,0,52.63157894736842
2026-09-04 18:30:32+09:00,30,57,30,,0,52.63157894736842
2026-09-04 18:35:32+09:00,30,57,30,,0,52.63157894736842
2026-09-04 18:40:35+09:00,30,57,29,,0,50.877192982456144
2026-09-04 18:45:35+09:00,30,57,29,,0,50.877192982456144
2026-09-04 18:50:33+09:00,30,57,30,,0,52.63157894736842
2026-09-04 18:55:34+09:00,30,57,31,,0,54.385964912280706
2026-09-04 19:00:34+09:00,30,57,31,,0,54.385964912280706
2026-09-04 19:05:32+09:00,30,57,31,,0,54.385964912280706
2026-09-04 19:10:33+09:00,30,57,31,,0,54.385964912280706
2026-09-04 19:15:32+09:00,30,57,32,,0,56.14035087719298
2026-09-04 19:20:32+09:00,30,57,32,,0,56.14035087719298
2026-09-04 19:25:32+09:00,30,57,32,,0,56.14035087719298
2026-09-04 19:30:32+09:00,30,57,32,,0,56.14035087719298
2026-09-04 19:35:33+09:00,30,57,35,,0,61.40350877192983
2026-09-04 19:40:35+09:00,30,57,35,,0,61.40350877192983
2026-09-04 19:45:32+09:00,30,57,35,,0,61.40350877192983
2026-09-04 19:50:33+09:00,30,57,36,,0,63.1578947368421
2026-09-04 19:55:34+09:00,30,57,36,,0,63.1578947368421
2026-09-04 20:00:32+09:00,30,57,36,,0,63.1578947368421
2026-09-04 20:05:33+09:00,30,57,36,,0,63.1578947368421
2026-09-04 20:10:32+09:00,30,57,36,,0,63.1578947368421
2026-09-04 20:15:32+09:00,30,57,36,,0,63.1578947368421
2026-09-04 20:20:33+09:00,30,57,36,,0,63.1578947368421
2026-09-04 20:25:33+09:00,30,57,36,,0,63.1578947368421
2026-09-04 20:30:33+09:00,30,57,36,,0,63.1578947368421
2026-09-04 20:35:32+09:00,30,57,39,,0,68.42105263157895
2026-09-04 20:40:32+09:00,30,57,39,,0,68.42105263157895
2026-09-04 20:45:32+09:00,30,57,39,,0,68.42105263157895
2026-09-04 20:50:32+09:00,30,57,39,,0,68.42105263157895
2026-09-04 20:55:33+09:00,30,57,39,,0,68.42105263157895
2026-09-04 21:00:33+09:00,30,57,41,,0,71.9298245614035
2026-09-04 21:05:33+09:00,30,57,40,,0,70.17543859649122
2026-09-04 21:10:34+09:00,30,57,41,,0,71.9298245614035
2026-09-04 21:15:36+09:00,30,57,41,,0,71.9298245614035
2026-09-04 21:20:34+09:00,30,57,41,,0,71.9298245614035
2026-09-04 21:25:32+09:00,30,57,41,,0,71.9298245614035
2026-09-04 21:30:32+09:00,30,57,41,,0,71.9298245614035
2026-09-04 21:35:32+09:00,30,57,41,,0,71.9298245614035
2026-09-04 21:40:32+09:00,30,57,41,,0,71.9298245614035
2026-09-04 21:45:34+09:00,30,57,41,,0,71.9298245614035
2026-09-04 21:50:33+09:00,30,57,41,,0,71.9298245614035
2026-09-04 21:55:32+09:00,30,57,41,,0,71.9298245614035
2026-09-04 22:00:32+09:00,30,57,41,,0,71.9298245614035
2026-09-04 22:05:32+09:00,30,57,41,,0,71.9298245614035
2026-09-04 22:10:33+09:00,30,57,42,,0,73.68421052631578
2026-09-04 22:15:33+09:00,30,57,42,,0,73.68421052631578
2026-09-04 22:20:32+09:00,30,57,42,,0,73.68421052631578
2026-09-04 22:25:33+09:00,30,57,42,,0,73.68421052631578
2026-09-04 22:30:33+09:00,30,57,42,,0,73.68421052631578
2026-09-04 22:35:32+09:00,30,57,42,,0,73.68421052631578
2026-09-04 22:40:33+09:00,30,57,42,,0,73.68421052631578
2026-09-04 22:45:33+09:00,30,57,42,,0,73.68421052631578
2026-09-04 22:50:32+09:00,30,57,42,,0,73.68421052631578
2026-09-04 22:55:32+09:00,30,57,42,,0,73.68421052631578
2026-09-04 23:00:33+09:00,30,57,42,,0,73.68421052631578
2026-09-04 23:05:32+09:00,30,57,42,,0,73.68421052631578
2026-09-04 23:10:34+09:00,30,57,44,,0,77.19298245614034
2026-09-04 23:15:36+09:00,30,57,44,,0,77.19298245614034
2026-09-04 23:20:32+09:00,30,57,45,,0,78.94736842105263
2026-09-04 23:25:32+09:00,30,57,45,,0,78.94736842105263
2026-09-04 23:30:32+09:00,30,57,45,,0,78.94736842105263
2026-09-04 23:35:32+09:00,30,57,45,,0,78.94736842105263
2026-09-04 23:40:32+09:00,30,57,45,,0,78.94736842105263
2026-09-04 23:45:32+09:00,30,57,45,,0,78.94736842105263
2026-09-04 23:50:33+09:00,30,57,45,,0,78.94736842105263
2026-09-04 23:55:32+09:00,30,57,45,,0,78.94736842105263
2026-09-04 09:45:34+09:00,31,170,3,,0,1.7647058823529411
2026-09-04 09:50:33+09:00,31,170,3,,0,1.7647058823529411
2026-09-04 09:55:33+09:00,31,170,3,,0,1.7647058823529411
2026-09-04 10:00:32+09:00,31,170,3,,0,1.7647058823529411
2026-09-04 10:05:32+09:00,31,170,4,,0,2.3529411764705883
2026-09-04 10:10:32+09:00,31,170,5,,0,2.941176470588235
2026-09-04 10:15:32+09:00,31,170,5,,0,2.941176470588235
2026-09-04 10:20:32+09:00,31,170,5,,0,2.941176470588235
2026-09-04 10:25:32+09:00,31,170,5,,0,2.941176470588235
2026-09-04 10:30:32+09:00,31,170,5,,0,2.941176470588235
2026-09-04 10:35:32+09:00,31,170,6,,0,3.5294117647058822
2026-09-04 10:40:32+09:00,31,170,7,,0,4.117647058823529
2026-09-04 10:45:32+09:00,31,170,5,,0,2.941176470588235
2026-09-04 10:50:32+09:00,31,170,6,,0,3.5294117647058822
2026-09-04 10:55:32+09:00,31,170,5,,0,2.941176470588235
2026-09-04 11:00:32+09:00,31,170,5,,0,2.941176470588235
2026-09-04 11:05:32+09:00,31,170,5,,0,2.941176470588235
2026-09-04 11:10:32+09:00,31,170,5,,0,2.941176470588235
2026-09-04 11:15:32+09:00,31,170,5,,0,2.941176470588235
2026-09-04 11:20:32+09:00,31,170,5,,0,2.941176470588235
2026-09-04 11:25:32+09:00,31,170,5,,0,2.941176470588235
2026-09-04 11:30:32+09:00,31,170,5,,0,2.941176470588235
2026-09-04 11:35:32+09:00,31,170,5,,0,2.941176470588235
2026-09-04 11:40:35+09:00,31,170,7,,0,4.117647058823529
2026-09-04 11:45:32+09:00,31,170,8,,0,4.705882352941177
2026-09-04 11:50:32+09:00,31,170,10,,0,5.88235294117647
2026-09-04 11:55:33+09:00,31,170,10,,0,5.88235294117647
2026-09-04 12:00:32+09:00,31,170,11,,0,6.470588235294119
2026-09-04 12:05:32+09:00,31,170,13,,0,7.647058823529412
2026-09-04 12:10:32+09:00,31,170,11,,0,6.470588235294119
2026-09-04 12:15:33+09:00,31,170,11,,0,6.470588235294119
2026-09-04 12:20:32+09:00,31,170,11,,0,6.470588235294119
2026-09-04 12:25:32+09:00,31,170,11,,0,6.470588235294119
2026-09-04 12:30:32+09:00,31,170,10,,0,5.88235294117647
2026-09-04 12:35:32+09:00,31,170,10,,0,5.88235294117647
2026-09-04 12:40:33+09:00,31,170,10,,0,5.88235294117647
2026-09-04 12:45:32+09:00,31,170,10,,0,5.88235294117647
2026-09-04 12:50:32+09:00,31,170,8,,0,4.705882352941177
2026-09-04 12:55:32+09:00,31,170,8,,0,4.705882352941177
2026-09-04 13:00:32+09:00,31,170,7,,0,4.117647058823529
2026-09-04 13:05:32+09:00,31,170,6,,0,3.5294117647058822
2026-09-04 13:10:32+09:00,31,170,6,,0,3.5294117647058822
2026-09-04 13:15:32+09:00,31,170,8,,0,4.705882352941177
2026-09-04 13:20:32+09:00,31,170,9,,0,5.294117647058823
2026-09-04 13:25:32+09:00,31,170,9,,0,5.294117647058823
2026-09-04 13:30:32+09:00,31,170,9,,0,5.294117647058823
2026-09-04 13:35:32+09:00,31,170,9,,0,5.294117647058823
2026-09-04 13:40:32+09:00,31,170,10,,0,5.88235294117647
2026-09-04 13:45:33+09:00,31,170,10,,0,5.88235294117647
2026-09-04 13:50:32+09:00,31,170,9,,0,5.294117647058823
2026-09-04 13:55:33+09:00,31,170,8,,0,4.705882352941177
2026-09-04 14:00:32+09:00,31,170,7,,0,4.117647058823529
2026-09-04 14:05:33+09:00,31,170,7,,0,4.117647058823529
2026-09-04 14:10:32+09:00,31,170,9,,0,5.294117647058823
2026-09-04 14:15:34+09:00,31,170,9,,0,5.294117647058823
2026-09-04 14:20:34+09:00,31,170,9,,0,5.294117647058823
2026-09-04 14:25:34+09:00,31,170,7,,0,4.117647058823529
2026-09-04 14:30:32+09:00,31,170,8,,0,4.705882352941177
2026-09-04 14:35:33+09:00,31,170,7,,0,4.117647058823529
2026-09-04 14:40:32+09:00,31,170,7,,0,4.117647058823529
2026-09-04 14:45:35+09:00,31,170,8,,0,4.705882352941177
2026-09-04 14:50:34+09:00,31,170,8,,0,4.705882352941177
2026-09-04 14:55:34+09:00,31,170,8,,0,4.705882352941177
2026-09-04 15:00:32+09:00,31,170,8,,0,4.705882352941177
2026-09-04 15:05:33+09:00,31,170,8,,0,4.705882352941177
2026-09-04 15:10:33+09:00,31,170,7,,0,4.117647058823529
2026-09-04 15:15:33+09:00,31,170,9,,0,5.294117647058823
2026-09-04 15:20:32+09:00,31,170,9,,0,5.294117647058823
2026-09-04 15:25:32+09:00,31,170,11,,0,6.470588235294119
2026-09-04 15:30:32+09:00,31,170,11,,0,6.470588235294119
2026-09-04 15:35:32+09:00,31,170,11,,0,6.470588235294119
2026-09-04 15:40:32+09:00,31,170,10,,0,5.88235294117647
2026-09-04 15:45:34+09:00,31,170,11,,0,6.470588235294119
2026-09-04 15:50:34+09:00,31,170,11,,0,6.470588235294119
2026-09-04 15:55:33+09:00,31,170,10,,0,5.88235294117647
2026-09-04 16:00:34+09:00,31,170,8,,0,4.705882352941177
2026-09-04 16:05:34+09:00,31,170,8,,0,4.705882352941177
2026-09-04 16:10:35+09:00,31,170,8,,0,4.705882352941177
2026-09-04 16:15:35+09:00,31,170,10,,0,5.88235294117647
2026-09-04 16:20:33+09:00,31,170,13,,0,7.647058823529412
2026-09-04 16:25:32+09:00,31,170,16,,0,9.411764705882353
2026-09-04 16:30:33+09:00,31,170,19,,0,11.176470588235295
2026-09-04 16:35:32+09:00,31,170,21,,0,12.352941176470589
2026-09-04 16:40:32+09:00,31,170,23,,0,13.529411764705882
2026-09-04 16:45:32+09:00,31,170,26,,0,15.294117647058824
2026-09-04 16:50:32+09:00,31,170,27,,0,15.88235294117647
2026-09-04 16:55:32+09:00,31,170,32,,0,18.823529411764707
2026-09-04 17:00:32+09:00,31,170,36,,0,21.176470588235293
2026-09-04 17:05:33+09:00,31,170,40,,0,23.52941176470588
2026-09-04 17:10:33+09:00,31,170,55,,0,32.35294117647059
2026-09-04 17:15:32+09:00,31,170,67,,0,39.411764705882355
2026-09-04 17:20:32+09:00,31,170,76,,0,44.70588235294118
2026-09-04 17:25:32+09:00,31,170,88,,0,51.76470588235295
2026-09-04 17:30:34+09:00,31,170,90,,0,52.94117647058824
2026-09-04 17:35:35+09:00,31,170,91,,0,53.529411764705884
2026-09-04 17:40:35+09:00,31,170,97,,0,57.05882352941176
2026-09-04 17:45:34+09:00,31,170,101,,0,59.411764705882355
2026-09-04 17:50:32+09:00,31,170,104,,0,61.1764705882353
2026-09-04 17:55:33+09:00,31,170,110,,0,64.70588235294117
2026-09-04 18:00:32+09:00,31,170,110,,0,64.70588235294117
2026-09-04 18:05:32+09:00,31,170,113,,0,66.47058823529412
2026-09-04 18:10:34+09:00,31,170,116,,0,68.23529411764706
2026-09-04 18:15:32+09:00,31,170,121,,0,71.17647058823529
2026-09-04 18:20:32+09:00,31,170,128,,0,75.29411764705883
2026-09-04 18:25:32+09:00,31,170,129,,0,75.88235294117646
2026-09-04 18:30:32+09:00,31,170,130,,0,76.47058823529412
2026-09-04 18:35:32+09:00,31,170,130,,0,76.47058823529412
2026-09-04 18:40:35+09:00,31,170,127,,0,74.70588235294117
2026-09-04 18:45:35+09:00,31,170,128,,0,75.29411764705883
2026-09-04 18:50:33+09:00,31,170,130,,0,76.47058823529412
2026-09-04 18:55:34+09:00,31,170,131,,0,77.05882352941177
2026-09-04 19:00:34+09:00,31,170,131,,0,77.05882352941177
2026-09-04 19:05:32+09:00,31,170,131,,0,77.05882352941177
2026-09-04 19:10:33+09:00,31,170,133,,0,78.23529411764706
2026-09-04 19:15:32+09:00,31,170,131,,0,77.05882352941177
2026-09-04 19:20:32+09:00,31,170,133,,0,78.23529411764706
2026-09-04 19:25:32+09:00,31,170,133,,0,78.23529411764706
2026-09-04 19:30:32+09:00,31,170,133,,0,78.23529411764706
2026-09-04 19:35:33+09:00,31,170,133,,0,78.23529411764706
2026-09-04 19:40:35+09:00,31,170,131,,0,77.05882352941177
2026-09-04 19:45:32+09:00,31,170,132,,0,77.64705882352942
2026-09-04 19:50:33+09:00,31,170,133,,0,78.23529411764706
2026-09-04 19:55:34+09:00,31,170,131,,0,77.05882352941177
2026-09-04 20:00:32+09:00,31,170,132,,0,77.64705882352942
2026-09-04 20:05:33+09:00,31,170,133,,0,78.23529411764706
2026-09-04 20:10:32+09:00,31,170,132,,0,77.64705882352942
2026-09-04 20:15:32+09:00,31,170,131,,0,77.05882352941177
2026-09-04 20:20:33+09:00,31,170,132,,0,77.64705882352942
2026-09-04 20:25:33+09:00,31,170,131,,0,77.05882352941177
2026-09-04 20:30:33+09:00,31,170,130,,0,76.47058823529412
2026-09-04 20:35:32+09:00,31,170,134,,0,78.82352941176471
2026-09-04 20:40:32+09:00,31,170,134,,0,78.82352941176471
2026-09-04 20:45:32+09:00,31,170,134,,0,78.82352941176471
2026-09-04 20:50:32+09:00,31,170,134,,0,78.82352941176471
2026-09-04 20:55:33+09:00,31,170,135,,0,79.41176470588235
2026-09-04 21:00:33+09:00,31,170,135,,0,79.41176470588235
2026-09-04 21:05:33+09:00,31,170,138,,0,81.17647058823529
2026-09-04 21:10:34+09:00,31,170,141,,0,82.94117647058825
2026-09-04 21:15:36+09:00,31,170,142,,0,83.52941176470588
2026-09-04 21:20:34+09:00,31,170,143,,0,84.11764705882354
2026-09-04 21:25:32+09:00,31,170,143,,0,84.11764705882354
2026-09-04 21:30:32+09:00,31,170,143,,0,84.11764705882354
2026-09-04 21:35:32+09:00,31,170,143,,0,84.11764705882354
2026-09-04 21:40:32+09:00,31,170,143,,0,84.11764705882354
2026-09-04 21:45:34+09:00,31,170,144,,0,84.70588235294117
2026-09-04 21:50:33+09:00,31,170,145,,0,85.29411764705883
2026-09-04 21:55:32+09:00,31,170,145,,0,85.29411764705883
2026-09-04 22:00:32+09:00,31,170,145,,0,85.29411764705883
2026-09-04 22:05:32+09:00,31,170,145,,0,85.29411764705883
2026-09-04 22:10:33+09:00,31,170,145,,0,85.29411764705883
2026-09-04 22:15:33+09:00,31,170,145,,0,85.29411764705883
2026-09-04 22:20:32+09:00,31,170,145,,0,85.29411764705883
2026-09-04 22:25:33+09:00,31,170,145,,0,85.29411764705883
2026-09-04 22:30:33+09:00,31,170,145,,0,85.29411764705883
2026-09-04 22:35:32+09:00,31,170,145,,0,85.29411764705883
2026-09-04 22:40:33+09:00,31,170,145,,0,85.29411764705883
2026-09-04 22:45:33+09:00,31,170,145,,0,85.29411764705883
2026-09-04 22:50:32+09:00,31,170,145,,0,85.29411764705883
2026-09-04 22:55:32+09:00,31,170,146,,0,85.88235294117646
2026-09-04 23:00:33+09:00,31,170,145,,0,85.29411764705883
2026-09-04 23:05:32+09:00,31,170,146,,0,85.88235294117646
2026-09-04 23:10:34+09:00,31,170,146,,0,85.88235294117646
2026-09-04 23:15:36+09:00,31,170,146,,0,85.88235294117646
2026-09-04 23:20:32+09:00,31,170,147,,0,86.47058823529412
2026-09-04 23:25:32+09:00,31,170,147,,0,86.47058823529412
2026-09-04 23:30:32+09:00,31,170,147,,0,86.47058823529412
2026-09-04 23:35:32+09:00,31,170,147,,0,86.47058823529412
2026-09-04 23:40:32+09:00,31,170,147,,0,86.47058823529412
2026-09-04 23:45:32+09:00,31,170,147,,0,86.47058823529412
2026-09-04 23:50:33+09:00,31,170,148,,0,87.05882352941177
2026-09-04 23:55:32+09:00,31,170,150,,0,88.23529411764706
2026-09-04 09:45:34+09:00,33,61,16,64.28571428571429,2,26.229508196721312
2026-09-04 09:50:33+09:00,33,61,15,64.28571428571429,2,24.59016393442623
2026-09-04 09:55:33+09:00,33,61,18,64.28571428571429,2,29.508196721311474
2026-09-04 10:00:32+09:00,33,61,15,,0,24.59016393442623
2026-09-04 10:05:32+09:00,33,61,14,,0,22.950819672131146
2026-09-04 10:10:32+09:00,33,61,14,,0,22.950819672131146
2026-09-04 10:15:32+09:00,33,61,11,,0,18.0327868852459
2026-09-04 10:20:32+09:00,33,61,9,,0,14.754098360655737
2026-09-04 10:25:32+09:00,33,61,7,,0,11.475409836065573
2026-09-04 10:30:32+09:00,33,61,7,,0,11.475409836065573
2026-09-04 10:35:32+09:00,33,61,3,,0,4.918032786885246
2026-09-04 10:40:32+09:00,33,61,1,,0,1.639344262295082
2026-09-04 10:45:32+09:00,33,61,2,,0,3.278688524590164
2026-09-04 10:50:32+09:00,33,61,3,,0,4.918032786885246
2026-09-04 10:55:32+09:00,33,61,0,,0,0.0
2026-09-04 11:00:32+09:00,33,61,0,,0,0.0
2026-09-04 11:05:32+09:00,33,61,0,,0,0.0
2026-09-04 11:10:32+09:00,33,61,0,,0,0.0
2026-09-04 11:15:32+09:00,33,61,0,,0,0.0
2026-09-04 11:20:32+09:00,33,61,0,,0,0.0
2026-09-04 11:25:32+09:00,33,61,1,,0,1.639344262295082
2026-09-04 11:30:32+09:00,33,61,1,,0,1.639344262295082
2026-09-04 11:35:32+09:00,33,61,0,,0,0.0
2026-09-04 11:40:35+09:00,33,61,0,,0,0.0
2026-09-04 11:45:32+09:00,33,61,0,,0,0.0
2026-09-04 11:50:32+09:00,33,61,0,,0,0.0
2026-09-04 11:55:33+09:00,33,61,0,,0,0.0
2026-09-04 12:00:32+09:00,33,61,4,,0,6.557377049180328
2026-09-04 12:05:32+09:00,33,61,4,,0,6.557377049180328
2026-09-04 12:10:32+09:00,33,61,3,,0,4.918032786885246
2026-09-04 12:15:33+09:00,33,61,3,,0,4.918032786885246
2026-09-04 12:20:32+09:00,33,61,3,,0,4.918032786885246
2026-09-04 12:25:32+09:00,33,61,5,,0,8.19672131147541
2026-09-04 12:30:32+09:00,33,61,2,,0,3.278688524590164
2026-09-04 12:35:32+09:00,33,61,0,,0,0.0
2026-09-04 12:40:33+09:00,33,61,0,,0,0.0
2026-09-04 12:45:32+09:00,33,61,1,,0,1.639344262295082
2026-09-04 12:50:32+09:00,33,61,2,,0,3.278688524590164
2026-09-04 12:55:32+09:00,33,61,0,,0,0.0
2026-09-04 13:00:32+09:00,33,61,0,,0,0.0
2026-09-04 13:05:32+09:00,33,61,0,,0,0.0
2026-09-04 13:10:32+09:00,33,61,4,,0,6.557377049180328
2026-09-04 13:15:32+09:00,33,61,5,,0,8.19672131147541
2026-09-04 13:20:32+09:00,33,61,4,,0,6.557377049180328
2026-09-04 13:25:32+09:00,33,61,6,,0,9.836065573770492
2026-09-04 13:30:32+09:00,33,61,8,,0,13.114754098360656
2026-09-04 13:35:32+09:00,33,61,7,,0,11.475409836065573
2026-09-04 13:40:32+09:00,33,61,6,,0,9.836065573770492
2026-09-04 13:45:33+09:00,33,61,4,,0,6.557377049180328
2026-09-04 13:50:32+09:00,33,61,3,,0,4.918032786885246
2026-09-04 13:55:33+09:00,33,61,6,,0,9.836065573770492
2026-09-04 14:00:32+09:00,33,61,7,,0,11.475409836065573
2026-09-04 14:05:33+09:00,33,61,8,76.78571428571428,2,13.114754098360656
2026-09-04 14:10:32+09:00,33,61,8,75.0,2,13.114754098360656
2026-09-04 14:15:34+09:00,33,61,5,72.32142857142857,2,8.19672131147541
2026-09-04 14:20:34+09:00,33,61,5,72.32142857142857,2,8.19672131147541
2026-09-04 14:25:34+09:00,33,61,6,73.21428571428572,2,9.836065573770492
2026-09-04 14:30:32+09:00,33,61,4,70.53571428571428,2,6.557377049180328
2026-09-04 14:35:33+09:00,33,61,3,68.75,2,4.918032786885246
2026-09-04 14:40:32+09:00,33,61,1,66.96428571428572,2,1.639344262295082
2026-09-04 14:45:35+09:00,33,61,2,67.85714285714286,2,3.278688524590164
2026-09-04 14:50:34+09:00,33,61,3,67.85714285714286,2,4.918032786885246
2026-09-04 14:55:34+09:00,33,61,3,66.96428571428572,2,4.918032786885246
2026-09-04 15:00:32+09:00,33,61,0,66.96428571428572,2,0.0
2026-09-04 15:05:33+09:00,33,61,5,66.96428571428572,2,8.19672131147541
2026-09-04 15:10:33+09:00,33,61,5,67.85714285714286,2,8.19672131147541
2026-09-04 15:15:33+09:00,33,61,6,69.64285714285714,2,9.836065573770492
2026-09-04 15:20:32+09:00,33,61,9,66.96428571428572,2,14.754098360655737
2026-09-04 15:25:32+09:00,33,61,8,68.75,2,13.114754098360656
2026-09-04 15:30:32+09:00,33,61,8,68.75,2,13.114754098360656
2026-09-04 15:35:32+09:00,33,61,8,68.75,2,13.114754098360656
2026-09-04 15:40:32+09:00,33,61,5,66.96428571428572,2,8.19672131147541
2026-09-04 15:45:34+09:00,33,61,5,66.96428571428572,2,8.19672131147541
2026-09-04 15:50:34+09:00,33,61,5,70.53571428571428,2,8.19672131147541
2026-09-04 15:55:33+09:00,33,61,6,70.53571428571428,2,9.836065573770492
2026-09-04 16:00:34+09:00,33,61,4,72.32142857142857,2,6.557377049180328
2026-09-04 16:05:34+09:00,33,61,8,72.32142857142857,2,13.114754098360656
2026-09-04 16:10:35+09:00,33,61,9,70.53571428571428,2,14.754098360655737
2026-09-04 16:15:35+09:00,33,61,3,70.53571428571428,2,4.918032786885246
2026-09-04 16:20:33+09:00,33,61,5,71.42857142857143,2,8.19672131147541
2026-09-04 16:25:32+09:00,33,61,4,68.75,2,6.557377049180328
2026-09-04 16:30:33+09:00,33,61,1,67.85714285714286,2,1.639344262295082
2026-09-04 16:35:32+09:00,33,61,1,67.85714285714286,2,1.639344262295082
2026-09-04 16:40:32+09:00,33,61,0,67.85714285714286,2,0.0
2026-09-04 16:45:32+09:00,33,61,0,66.07142857142858,2,0.0
2026-09-04 16:50:32+09:00,33,61,0,64.28571428571429,2,0.0
2026-09-04 16:55:32+09:00,33,61,0,66.07142857142858,2,0.0
2026-09-04 17:00:32+09:00,33,61,1,66.07142857142858,2,1.639344262295082
2026-09-04 17:05:33+09:00,33,61,3,65.17857142857143,2,4.918032786885246
2026-09-04 17:10:33+09:00,33,61,5,65.17857142857143,2,8.19672131147541
2026-09-04 17:15:32+09:00,33,61,7,65.17857142857143,2,11.475409836065573
2026-09-04 17:20:32+09:00,33,61,7,63.39285714285714,2,11.475409836065573
2026-09-04 17:25:32+09:00,33,61,1,63.39285714285714,2,1.639344262295082
2026-09-04 17:30:34+09:00,33,61,0,64.28571428571428,2,0.0
2026-09-04 17:35:35+09:00,33,61,0,65.17857142857142,2,0.0
2026-09-04 17:40:35+09:00,33,61,0,65.17857142857142,2,0.0
2026-09-04 17:45:34+09:00,33,61,0,34.82142857142857,2,0.0
2026-09-04 17:50:32+09:00,33,61,0,35.714285714285715,2,0.0
2026-09-04 17:55:33+09:00,33,61,0,36.607142857142854,2,0.0
2026-09-04 18:00:32+09:00,33,61,2,36.607142857142854,2,3.278688524590164
2026-09-04 18:05:32+09:00,33,61,1,36.607142857142854,2,1.639344262295082
2026-09-04 18:10:34+09:00,33,61,4,36.607142857142854,2,6.557377049180328
2026-09-04 18:15:32+09:00,33,61,0,36.607142857142854,2,0.0
2026-09-04 18:20:32+09:00,33,61,0,35.714285714285715,2,0.0
2026-09-04 18:25:32+09:00,33,61,0,35.714285714285715,2,0.0
2026-09-04 18:30:32+09:00,33,61,0,34.82142857142857,2,0.0
2026-09-04 18:35:32+09:00,33,61,0,36.607142857142854,2,0.0
2026-09-04 18:40:35+09:00,33,61,0,35.714285714285715,2,0.0
2026-09-04 18:45:35+09:00,33,61,0,35.714285714285715,2,0.0
2026-09-04 18:50:33+09:00,33,61,0,37.5,2,0.0
2026-09-04 18:55:34+09:00,33,61,0,37.5,2,0.0
2026-09-04 19:00:34+09:00,33,61,0,37.5,2,0.0
2026-09-04 19:05:32+09:00,33,61,0,37.5,2,0.0
2026-09-04 19:10:33+09:00,33,61,0,39.285714285714285,2,0.0
2026-09-04 19:15:32+09:00,33,61,0,41.07142857142857,2,0.0
2026-09-04 19:20:32+09:00,33,61,0,40.17857142857143,2,0.0
2026-09-04 19:25:32+09:00,33,61,0,41.07142857142857,2,0.0
2026-09-04 19:30:32+09:00,33,61,0,41.964285714285715,2,0.0
2026-09-04 19:35:33+09:00,33,61,0,42.857142857142854,2,0.0
2026-09-04 19:40:35+09:00,33,61,0,43.75,2,0.0
2026-09-04 19:45:32+09:00,33,61,0,45.535714285714285,2,0.0
2026-09-04 19:50:33+09:00,33,61,0,45.535714285714285,2,0.0
2026-09-04 19:55:34+09:00,33,61,0,45.535714285714285,2,0.0
2026-09-04 20:00:32+09:00,33,61,0,43.75,2,0.0
2026-09-04 20:05:33+09:00,33,61,0,43.75,2,0.0
2026-09-04 20:10:32+09:00,33,61,0,43.75,2,0.0
2026-09-04 20:15:32+09:00,33,61,0,43.75,2,0.0
2026-09-04 20:20:33+09:00,33,61,0,43.75,2,0.0
2026-09-04 20:25:33+09:00,33,61,0,42.857142857142854,2,0.0
2026-09-04 20:30:33+09:00,33,61,0,43.75,2,0.0
2026-09-04 20:35:32+09:00,33,61,0,43.75,2,0.0
2026-09-04 20:40:32+09:00,33,61,0,43.75,2,0.0
2026-09-04 20:45:32+09:00,33,61,0,43.75,2,0.0
2026-09-04 20:50:32+09:00,33,61,0,43.75,2,0.0
2026-09-04 20:55:33+09:00,33,61,0,42.857142857142854,2,0.0
2026-09-04 21:00:33+09:00,33,61,1,44.642857142857146,2,1.639344262295082
2026-09-04 21:05:33+09:00,33,61,2,44.642857142857146,2,3.278688524590164
2026-09-04 21:10:34+09:00,33,61,1,44.642857142857146,2,1.639344262295082
2026-09-04 21:15:36+09:00,33,61,0,44.642857142857146,2,0.0
2026-09-04 21:20:34+09:00,33,61,0,44.642857142857146,2,0.0
2026-09-04 21:25:32+09:00,33,61,0,43.75,2,0.0
2026-09-04 21:30:32+09:00,33,61,2,42.857142857142854,2,3.278688524590164
2026-09-04 21:35:32+09:00,33,61,3,42.857142857142854,2,4.918032786885246
2026-09-04 21:40:32+09:00,33,61,5,42.857142857142854,2,8.19672131147541
2026-09-04 21:45:34+09:00,33,61,5,41.964285714285715,2,8.19672131147541
2026-09-04 21:50:33+09:00,33,61,5,41.964285714285715,2,8.19672131147541
2026-09-04 21:55:32+09:00,33,61,3,41.964285714285715,2,4.918032786885246
2026-09-04 22:00:32+09:00,33,61,4,41.964285714285715,2,6.557377049180328
2026-09-04 22:05:32+09:00,33,61,3,42.857142857142854,2,4.918032786885246
2026-09-04 22:10:33+09:00,33,61,3,43.75,2,4.918032786885246
2026-09-04 22:15:33+09:00,33,61,3,43.75,2,4.918032786885246
2026-09-04 22:20:32+09:00,33,61,4,43.75,2,6.557377049180328
2026-09-04 22:25:33+09:00,33,61,4,43.75,2,6.557377049180328
2026-09-04 22:30:33+09:00,33,61,3,43.75,2,4.918032786885246
2026-09-04 22:35:32+09:00,33,61,4,43.75,2,6.557377049180328
2026-09-04 22:40:33+09:00,33,61,3,43.75,2,4.918032786885246
2026-09-04 22:45:33+09:00,33,61,3,43.75,2,4.918032786885246
2026-09-04 22:50:32+09:00,33,61,4,43.75,2,6.557377049180328
2026-09-04 22:55:32+09:00,33,61,6,44.642857142857146,2,9.836065573770492
2026-09-04 23:00:33+09:00,33,61,4,44.642857142857146,2,6.557377049180328
2026-09-04 23:05:32+09:00,33,61,4,44.642857142857146,2,6.557377049180328
2026-09-04 23:10:34+09:00,33,61,4,44.642857142857146,2,6.557377049180328
2026-09-04 23:15:36+09:00,33,61,5,44.642857142857146,2,8.19672131147541
2026-09-04 23:20:32+09:00,33,61,5,44.642857142857146,2,8.19672131147541
2026-09-04 23:25:32+09:00,33,61,4,44.642857142857146,2,6.557377049180328
2026-09-04 23:30:32+09:00,33,61,5,44.642857142857146,2,8.19672131147541
2026-09-04 23:35:32+09:00,33,61,5,44.642857142857146,2,8.19672131147541
2026-09-04 23:40:32+09:00,33,61,4,43.75,2,6.557377049180328
2026-09-04 23:45:32+09:00,33,61,4,43.75,2,6.557377049180328
2026-09-04 23:50:33+09:00,33,61,4,43.75,2,6.557377049180328
2026-09-04 23:55:32+09:00,33,61,4,44.642857142857146,2,6.557377049180328
2026-09-04 09:45:34+09:00,34,163,37,0.0,1,22.699386503067483
2026-09-04 09:50:33+09:00,34,163,32,0.0,1,19.631901840490798
2026-09-04 09:55:33+09:00,34,163,33,0.0,1,20.245398773006134
2026-09-04 10:00:32+09:00,34,163,30,,0,18.404907975460123
2026-09-04 10:05:32+09:00,34,163,30,,0,18.404907975460123
2026-09-04 10:10:32+09:00,34,163,29,,0,17.791411042944784
2026-09-04 10:15:32+09:00,34,163,30,,0,18.404907975460123
2026-09-04 10:20:32+09:00,34,163,29,,0,17.791411042944784
2026-09-04 10:25:32+09:00,34,163,29,,0,17.791411042944784
2026-09-04 10:30:32+09:00,34,163,27,,0,16.56441717791411
2026-09-04 10:35:32+09:00,34,163,26,,0,15.950920245398773
2026-09-04 10:40:32+09:00,34,163,26,,0,15.950920245398773
2026-09-04 10:45:32+09:00,34,163,24,,0,14.723926380368098
2026-09-04 10:50:32+09:00,34,163,23,,0,14.11042944785276
2026-09-04 10:55:32+09:00,34,163,22,,0,13.496932515337424
2026-09-04 11:00:32+09:00,34,163,20,,0,12.269938650306749
2026-09-04 11:05:32+09:00,34,163,19,,0,11.65644171779141
2026-09-04 11:10:32+09:00,34,163,16,,0,9.815950920245399
2026-09-04 11:15:32+09:00,34,163,16,,0,9.815950920245399
2026-09-04 11:20:32+09:00,34,163,15,,0,9.202453987730062
2026-09-04 11:25:32+09:00,34,163,13,,0,7.975460122699387
2026-09-04 11:30:32+09:00,34,163,12,,0,7.361963190184049
2026-09-04 11:35:32+09:00,34,163,10,,0,6.134969325153374
2026-09-04 11:40:35+09:00,34,163,6,,0,3.6809815950920246
2026-09-04 11:45:32+09:00,34,163,4,,0,2.4539877300613497
2026-09-04 11:50:32+09:00,34,163,6,,0,3.6809815950920246
2026-09-04 11:55:33+09:00,34,163,4,,0,2.4539877300613497
2026-09-04 12:00:32+09:00,34,163,2,,0,1.2269938650306749
2026-09-04 12:05:32+09:00,34,163,1,,0,0.6134969325153374
2026-09-04 12:10:32+09:00,34,163,2,,0,1.2269938650306749
2026-09-04 12:15:33+09:00,34,163,3,,0,1.8404907975460123
2026-09-04 12:20:32+09:00,34,163,2,,0,1.2269938650306749
2026-09-04 12:25:32+09:00,34,163,3,,0,1.8404907975460123
2026-09-04 12:30:32+09:00,34,163,2,,0,1.2269938650306749
2026-09-04 12:35:32+09:00,34,163,0,,0,0.0
2026-09-04 12:40:33+09:00,34,163,5,,0,3.067484662576687
2026-09-04 12:45:32+09:00,34,163,7,,0,4.294478527607362
2026-09-04 12:50:32+09:00,34,163,5,,0,3.067484662576687
2026-09-04 12:55:32+09:00,34,163,6,,0,3.6809815950920246
2026-09-04 13:00:32+09:00,34,163,8,,0,4.9079754601226995
2026-09-04 13:05:32+09:00,34,163,7,,0,4.294478527607362
2026-09-04 13:10:32+09:00,34,163,7,,0,4.294478527607362
2026-09-04 13:15:32+09:00,34,163,10,,0,6.134969325153374
2026-09-04 13:20:32+09:00,34,163,12,,0,7.361963190184049
2026-09-04 13:25:32+09:00,34,163,13,,0,7.975460122699387
2026-09-04 13:30:32+09:00,34,163,12,,0,7.361963190184049
2026-09-04 13:35:32+09:00,34,163,12,,0,7.361963190184049
2026-09-04 13:40:32+09:00,34,163,15,,0,9.202453987730062
2026-09-04 13:45:33+09:00,34,163,17,,0,10.429447852760736
2026-09-04 13:50:32+09:00,34,163,17,,0,10.429447852760736
2026-09-04 13:55:33+09:00,34,163,16,,0,9.815950920245399
2026-09-04 14:00:32+09:00,34,163,17,,0,10.429447852760736
2026-09-04 14:05:33+09:00,34,163,18,0.0,1,11.042944785276074
2026-09-04 14:10:32+09:00,34,163,18,0.0,1,11.042944785276074
2026-09-04 14:15:34+09:00,34,163,21,0.0,1,12.883435582822086
2026-09-04 14:20:34+09:00,34,163,23,0.0,1,14.11042944785276
2026-09-04 14:25:34+09:00,34,163,25,0.0,1,15.337423312883436
2026-09-04 14:30:32+09:00,34,163,24,0.0,1,14.723926380368098
2026-09-04 14:35:33+09:00,34,163,25,0.0,1,15.337423312883436
2026-09-04 14:40:32+09:00,34,163,26,0.0,1,15.950920245398773
2026-09-04 14:45:35+09:00,34,163,26,0.0,1,15.950920245398773
2026-09-04 14:50:34+09:00,34,163,26,0.0,1,15.950920245398773
2026-09-04 14:55:34+09:00,34,163,26,0.0,1,15.950920245398773
2026-09-04 15:00:32+09:00,34,163,28,0.0,1,17.177914110429448
2026-09-04 15:05:33+09:00,34,163,28,0.0,1,17.177914110429448
2026-09-04 15:10:33+09:00,34,163,27,0.0,1,16.56441717791411
2026-09-04 15:15:33+09:00,34,163,26,0.0,1,15.950920245398773
2026-09-04 15:20:32+09:00,34,163,27,0.0,1,16.56441717791411
2026-09-04 15:25:32+09:00,34,163,28,0.0,1,17.177914110429448
2026-09-04 15:30:32+09:00,34,163,26,0.0,1,15.950920245398773
2026-09-04 15:35:32+09:00,34,163,25,0.0,1,15.337423312883436
2026-09-04 15:40:32+09:00,34,163,26,0.0,1,15.950920245398773
2026-09-04 15:45:34+09:00,34,163,26,0.0,1,15.950920245398773
2026-09-04 15:50:34+09:00,34,163,27,0.0,1,16.56441717791411
2026-09-04 15:55:33+09:00,34,163,28,0.0,1,17.177914110429448
2026-09-04 16:00:34+09:00,34,163,28,0.0,1,17.177914110429448
2026-09-04 16:05:34+09:00,34,163,29,0.0,1,17.791411042944784
2026-09-04 16:10:35+09:00,34,163,31,0.0,1,19.018404907975462
2026-09-04 16:15:35+09:00,34,163,32,0.0,1,19.631901840490798
2026-09-04 16:20:33+09:00,34,163,34,0.0,1,20.858895705521473
2026-09-04 16:25:32+09:00,34,163,36,0.0,1,22.085889570552148
2026-09-04 16:30:33+09:00,34,163,39,0.0,1,23.92638036809816
2026-09-04 16:35:32+09:00,34,163,39,0.0,1,23.92638036809816
2026-09-04 16:40:32+09:00,34,163,47,0.0,1,28.834355828220858
2026-09-04 16:45:32+09:00,34,163,49,0.0,1,30.061349693251532
2026-09-04 16:50:32+09:00,34,163,49,0.0,1,30.061349693251532
2026-09-04 16:55:32+09:00,34,163,49,0.0,1,30.061349693251532
2026-09-04 17:00:32+09:00,34,163,50,0.0,1,30.67484662576687
2026-09-04 17:05:33+09:00,34,163,51,0.0,1,31.28834355828221
2026-09-04 17:10:33+09:00,34,163,50,0.0,1,30.67484662576687
2026-09-04 17:15:32+09:00,34,163,50,0.0,1,30.67484662576687
2026-09-04 17:20:32+09:00,34,163,50,0.0,1,30.67484662576687
2026-09-04 17:25:32+09:00,34,163,53,0.0,1,32.515337423312886
2026-09-04 17:30:34+09:00,34,163,53,0.0,1,32.515337423312886
2026-09-04 17:35:35+09:00,34,163,54,0.0,1,33.12883435582822
2026-09-04 17:40:35+09:00,34,163,51,0.0,1,31.28834355828221
2026-09-04 17:45:34+09:00,34,163,53,0.0,1,32.515337423312886
2026-09-04 17:50:32+09:00,34,163,50,0.0,1,30.67484662576687
2026-09-04 17:55:33+09:00,34,163,49,0.0,1,30.061349693251532
2026-09-04 18:00:32+09:00,34,163,49,0.0,1,30.061349693251532
2026-09-04 18:05:32+09:00,34,163,43,0.0,1,26.380368098159508
2026-09-04 18:10:34+09:00,34,163,45,0.0,1,27.607361963190186
2026-09-04 18:15:32+09:00,34,163,42,0.0,1,25.766871165644172
2026-09-04 18:20:32+09:00,34,163,41,0.0,1,25.153374233128833
2026-09-04 18:25:32+09:00,34,163,36,0.0,1,22.085889570552148
2026-09-04 18:30:32+09:00,34,163,36,0.0,1,22.085889570552148
2026-09-04 18:35:32+09:00,34,163,36,0.0,1,22.085889570552148
2026-09-04 18:40:35+09:00,34,163,36,0.0,1,22.085889570552148
2026-09-04 18:45:35+09:00,34,163,36,0.0,1,22.085889570552148
2026-09-04 18:50:33+09:00,34,163,33,0.0,1,20.245398773006134
2026-09-04 18:55:34+09:00,34,163,35,0.0,1,21.472392638036812
2026-09-04 19:00:34+09:00,34,163,33,0.0,1,20.245398773006134
2026-09-04 19:05:32+09:00,34,163,31,0.0,1,19.018404907975462
2026-09-04 19:10:33+09:00,34,163,34,0.0,1,20.858895705521473
2026-09-04 19:15:32+09:00,34,163,37,0.0,1,22.699386503067483
2026-09-04 19:20:32+09:00,34,163,36,0.0,1,22.085889570552148
2026-09-04 19:25:32+09:00,34,163,38,0.0,1,23.31288343558282
2026-09-04 19:30:32+09:00,34,163,36,0.0,1,22.085889570552148
2026-09-04 19:35:33+09:00,34,163,36,0.0,1,22.085889570552148
2026-09-04 19:40:35+09:00,34,163,36,0.0,1,22.085889570552148
2026-09-04 19:45:32+09:00,34,163,39,0.0,1,23.92638036809816
2026-09-04 19:50:33+09:00,34,163,39,0.0,1,23.92638036809816
2026-09-04 19:55:34+09:00,34,163,37,0.0,1,22.699386503067483
2026-09-04 20:00:32+09:00,34,163,39,0.0,1,23.92638036809816
2026-09-04 20:05:33+09:00,34,163,39,0.0,1,23.92638036809816
2026-09-04 20:10:32+09:00,34,163,42,0.0,1,25.766871165644172
2026-09-04 20:15:32+09:00,34,163,43,0.0,1,26.380368098159508
2026-09-04 20:20:33+09:00,34,163,43,0.0,1,26.380368098159508
2026-09-04 20:25:33+09:00,34,163,51,0.0,1,31.28834355828221
2026-09-04 20:30:33+09:00,34,163,55,0.0,1,33.74233128834356
2026-09-04 20:35:32+09:00,34,163,61,0.0,1,37.423312883435585
2026-09-04 20:40:32+09:00,34,163,69,0.0,1,42.331288343558285
2026-09-04 20:45:32+09:00,34,163,70,0.0,1,42.944785276073624
2026-09-04 20:50:32+09:00,34,163,75,0.0,1,46.012269938650306
2026-09-04 20:55:33+09:00,34,163,75,0.0,1,46.012269938650306
2026-09-04 21:00:33+09:00,34,163,77,0.0,1,47.239263803680984
2026-09-04 21:05:33+09:00,34,163,77,0.0,1,47.239263803680984
2026-09-04 21:10:34+09:00,34,163,78,0.0,1,47.85276073619632
2026-09-04 21:15:36+09:00,34,163,80,0.0,1,49.079754601226995
2026-09-04 21:20:34+09:00,34,163,81,0.0,1,49.693251533742334
2026-09-04 21:25:32+09:00,34,163,82,0.0,1,50.306748466257666
2026-09-04 21:30:32+09:00,34,163,82,0.0,1,50.306748466257666
2026-09-04 21:35:32+09:00,34,163,85,0.0,1,52.14723926380368
2026-09-04 21:40:32+09:00,34,163,84,0.0,1,51.533742331288344
2026-09-04 21:45:34+09:00,34,163,86,0.0,1,52.760736196319016
2026-09-04 21:50:33+09:00,34,163,86,0.0,1,52.760736196319016
2026-09-04 21:55:32+09:00,34,163,86,0.0,1,52.760736196319016
2026-09-04 22:00:32+09:00,34,163,87,0.0,1,53.37423312883436
2026-09-04 22:05:32+09:00,34,163,85,0.0,1,52.14723926380368
2026-09-04 22:10:33+09:00,34,163,86,0.0,1,52.760736196319016
2026-09-04 22:15:33+09:00,34,163,87,0.0,1,53.37423312883436
2026-09-04 22:20:32+09:00,34,163,89,0.0,1,54.601226993865026
2026-09-04 22:25:33+09:00,34,163,90,0.0,1,55.21472392638037
2026-09-04 22:30:33+09:00,34,163,92,0.0,1,56.44171779141104
2026-09-04 22:35:32+09:00,34,163,92,0.0,1,56.44171779141104
2026-09-04 22:40:33+09:00,34,163,92,0.0,1,56.44171779141104
2026-09-04 22:45:33+09:00,34,163,93,0.0,1,57.05521472392638
2026-09-04 22:50:32+09:00,34,163,93,0.0,1,57.05521472392638
2026-09-04 22:55:32+09:00,34,163,93,0.0,1,57.05521472392638
2026-09-04 23:00:33+09:00,34,163,93,0.0,1,57.05521472392638
2026-09-04 23:05:32+09:00,34,163,93,0.0,1,57.05521472392638
2026-09-04 23:10:34+09:00,34,163,93,0.0,1,57.05521472392638
2026-09-04 23:15:36+09:00,34,163,94,0.0,1,57.668711656441715
2026-09-04 23:20:32+09:00,34,163,95,0.0,1,58.282208588957054
2026-09-04 23:25:32+09:00,34,163,95,0.0,1,58.282208588957054
2026-09-04 23:30:32+09:00,34,163,95,0.0,1,58.282208588957054
2026-09-04 23:35:32+09:00,34,163,95,0.0,1,58.282208588957054
2026-09-04 23:40:32+09:00,34,163,97,0.0,1,59.50920245398773
2026-09-04 23:45:32+09:00,34,163,97,0.0,1,59.50920245398773
2026-09-04 23:50:33+09:00,34,163,97,0.0,1,59.50920245398773
2026-09-04 23:55:32+09:00,34,163,96,0.0,1,58.895705521472394
2026-09-04 09:45:34+09:00,35,49,22,41.05090311986864,3,44.89795918367347
2026-09-04 09:50:33+09:00,35,49,22,41.05090311986864,3,44.89795918367347
2026-09-04 09:55:33+09:00,35,49,22,41.05090311986864,3,44.89795918367347
2026-09-04 10:00:32+09:00,35,49,22,,0,44.89795918367347
2026-09-04 10:05:32+09:00,35,49,22,,0,44.89795918367347
2026-09-04 10:10:32+09:00,35,49,22,,0,44.89795918367347
2026-09-04 10:15:32+09:00,35,49,22,,0,44.89795918367347
2026-09-04 10:20:32+09:00,35,49,22,,0,44.89795918367347
2026-09-04 10:25:32+09:00,35,49,22,,0,44.89795918367347
2026-09-04 10:30:32+09:00,35,49,22,,0,44.89795918367347
2026-09-04 10:35:32+09:00,35,49,22,,0,44.89795918367347
2026-09-04 10:40:32+09:00,35,49,22,,0,44.89795918367347
2026-09-04 10:45:32+09:00,35,49,22,,0,44.89795918367347
2026-09-04 10:50:32+09:00,35,49,22,,0,44.89795918367347
2026-09-04 10:55:32+09:00,35,49,22,,0,44.89795918367347
2026-09-04 11:00:32+09:00,35,49,22,,0,44.89795918367347
2026-09-04 11:05:32+09:00,35,49,22,,0,44.89795918367347
2026-09-04 11:10:32+09:00,35,49,22,,0,44.89795918367347
2026-09-04 11:15:32+09:00,35,49,22,,0,44.89795918367347
2026-09-04 11:20:32+09:00,35,49,22,,0,44.89795918367347
2026-09-04 11:25:32+09:00,35,49,22,,0,44.89795918367347
2026-09-04 11:30:32+09:00,35,49,22,,0,44.89795918367347
2026-09-04 11:35:32+09:00,35,49,22,,0,44.89795918367347
2026-09-04 11:40:35+09:00,35,49,22,,0,44.89795918367347
2026-09-04 11:45:32+09:00,35,49,22,,0,44.89795918367347
2026-09-04 11:50:32+09:00,35,49,22,,0,44.89795918367347
2026-09-04 11:55:33+09:00,35,49,22,,0,44.89795918367347
2026-09-04 12:00:32+09:00,35,49,22,,0,44.89795918367347
2026-09-04 12:05:32+09:00,35,49,22,,0,44.89795918367347
2026-09-04 12:10:32+09:00,35,49,22,,0,44.89795918367347
2026-09-04 12:15:33+09:00,35,49,22,,0,44.89795918367347
2026-09-04 12:20:32+09:00,35,49,22,,0,44.89795918367347
2026-09-04 12:25:32+09:00,35,49,22,,0,44.89795918367347
2026-09-04 12:30:32+09:00,35,49,22,,0,44.89795918367347
2026-09-04 12:35:32+09:00,35,49,22,,0,44.89795918367347
2026-09-04 12:40:33+09:00,35,49,22,,0,44.89795918367347
2026-09-04 12:45:32+09:00,35,49,22,,0,44.89795918367347
2026-09-04 12:50:32+09:00,35,49,22,,0,44.89795918367347
2026-09-04 12:55:32+09:00,35,49,22,,0,44.89795918367347
2026-09-04 13:00:32+09:00,35,49,22,,0,44.89795918367347
2026-09-04 13:05:32+09:00,35,49,22,,0,44.89795918367347
2026-09-04 13:10:32+09:00,35,49,22,,0,44.89795918367347
2026-09-04 13:15:32+09:00,35,49,22,,0,44.89795918367347
2026-09-04 13:20:32+09:00,35,49,22,,0,44.89795918367347
2026-09-04 13:25:32+09:00,35,49,22,,0,44.89795918367347
2026-09-04 13:30:32+09:00,35,49,22,,0,44.89795918367347
2026-09-04 13:35:32+09:00,35,49,22,,0,44.89795918367347
2026-09-04 13:40:32+09:00,35,49,22,,0,44.89795918367347
2026-09-04 13:45:33+09:00,35,49,22,,0,44.89795918367347
2026-09-04 13:50:32+09:00,35,49,22,,0,44.89795918367347
2026-09-04 13:55:33+09:00,35,49,22,,0,44.89795918367347
2026-09-04 14:00:32+09:00,35,49,22,,0,44.89795918367347
2026-09-04 14:05:33+09:00,35,49,22,41.54351395730706,3,44.89795918367347
2026-09-04 14:10:32+09:00,35,49,22,41.37931034482759,3,44.89795918367347
2026-09-04 14:15:34+09:00,35,49,22,41.37931034482759,3,44.89795918367347
2026-09-04 14:20:34+09:00,35,49,22,41.70771756978653,3,44.89795918367347
2026-09-04 14:25:34+09:00,35,49,22,42.03612479474548,3,44.89795918367347
2026-09-04 14:30:32+09:00,35,49,22,41.871921182266014,3,44.89795918367347
2026-09-04 14:35:33+09:00,35,49,22,41.871921182266014,3,44.89795918367347
2026-09-04 14:40:32+09:00,35,49,22,42.692939244663386,3,44.89795918367347
2026-09-04 14:45:35+09:00,35,49,22,43.185550082101805,3,44.89795918367347
2026-09-04 14:50:34+09:00,35,49,22,43.34975369458129,3,44.89795918367347
2026-09-04 14:55:34+09:00,35,49,22,43.84236453201971,3,44.89795918367347
2026-09-04 15:00:32+09:00,35,49,22,43.84236453201971,3,44.89795918367347
2026-09-04 15:05:33+09:00,35,49,22,44.17077175697866,3,44.89795918367347
2026-09-04 15:10:33+09:00,35,49,22,44.499178981937604,3,44.89795918367347
2026-09-04 15:15:33+09:00,35,49,22,44.499178981937604,3,44.89795918367347
2026-09-04 15:20:32+09:00,35,49,22,44.499178981937604,3,44.89795918367347
2026-09-04 15:25:32+09:00,35,49,22,17.24137931034483,2,44.89795918367347
2026-09-04 15:30:32+09:00,35,49,22,44.82758620689655,3,44.89795918367347
2026-09-04 15:35:32+09:00,35,49,22,44.82758620689655,3,44.89795918367347
2026-09-04 15:40:32+09:00,35,49,22,44.17077175697866,3,44.89795918367347
2026-09-04 15:45:34+09:00,35,49,22,44.00656814449918,3,44.89795918367347
2026-09-04 15:50:34+09:00,35,49,22,44.17077175697866,3,44.89795918367347
2026-09-04 15:55:33+09:00,35,49,22,44.33497536945813,3,44.89795918367347
2026-09-04 16:00:34+09:00,35,49,22,44.33497536945813,3,44.89795918367347
2026-09-04 16:05:34+09:00,35,49,22,44.00656814449918,3,44.89795918367347
2026-09-04 16:10:35+09:00,35,49,22,44.499178981937604,3,44.89795918367347
2026-09-04 16:15:35+09:00,35,49,22,44.00656814449918,3,44.89795918367347
2026-09-04 16:20:33+09:00,35,49,22,44.00656814449918,3,44.89795918367347
2026-09-04 16:25:32+09:00,35,49,22,44.82758620689655,3,44.89795918367347
2026-09-04 16:30:33+09:00,35,49,22,44.82758620689655,3,44.89795918367347
2026-09-04 16:35:32+09:00,35,49,22,44.82758620689655,3,44.89795918367347
2026-09-04 16:40:32+09:00,35,49,22,17.24137931034483,2,44.89795918367347
2026-09-04 16:45:32+09:00,35,49,22,17.24137931034483,2,44.89795918367347
2026-09-04 16:50:32+09:00,35,49,22,17.24137931034483,2,44.89795918367347
2026-09-04 16:55:32+09:00,35,49,22,17.24137931034483,2,44.89795918367347
2026-09-04 17:00:32+09:00,35,49,22,17.24137931034483,2,44.89795918367347
2026-09-04 17:05:33+09:00,35,49,22,17.24137931034483,2,44.89795918367347
2026-09-04 17:10:33+09:00,35,49,22,17.24137931034483,2,44.89795918367347
2026-09-04 17:15:32+09:00,35,49,22,44.82758620689655,3,44.89795918367347
2026-09-04 17:20:32+09:00,35,49,22,44.82758620689655,3,44.89795918367347
2026-09-04 17:25:32+09:00,35,49,22,44.82758620689655,3,44.89795918367347
2026-09-04 17:30:34+09:00,35,49,22,17.24137931034483,2,44.89795918367347
2026-09-04 17:35:35+09:00,35,49,22,17.24137931034483,2,44.89795918367347
2026-09-04 17:40:35+09:00,35,49,22,17.24137931034483,2,44.89795918367347
2026-09-04 17:45:34+09:00,35,49,22,17.24137931034483,2,44.89795918367347
2026-09-04 17:50:32+09:00,35,49,22,17.24137931034483,2,44.89795918367347
2026-09-04 17:55:33+09:00,35,49,22,17.24137931034483,2,44.89795918367347
2026-09-04 18:00:32+09:00,35,49,22,17.24137931034483,2,44.89795918367347
2026-09-04 18:05:32+09:00,35,49,22,17.24137931034483,2,44.89795918367347
2026-09-04 18:10:34+09:00,35,49,22,17.24137931034483,2,44.89795918367347
2026-09-04 18:15:32+09:00,35,49,22,17.24137931034483,2,44.89795918367347
2026-09-04 18:20:32+09:00,35,49,22,17.24137931034483,2,44.89795918367347
2026-09-04 18:25:32+09:00,35,49,22,17.24137931034483,2,44.89795918367347
2026-09-04 18:30:32+09:00,35,49,22,17.24137931034483,2,44.89795918367347
2026-09-04 18:35:32+09:00,35,49,22,17.24137931034483,2,44.89795918367347
2026-09-04 18:40:35+09:00,35,49,22,17.24137931034483,2,44.89795918367347
2026-09-04 18:45:35+09:00,35,49,22,17.24137931034483,2,44.89795918367347
2026-09-04 18:50:33+09:00,35,49,22,17.24137931034483,2,44.89795918367347
2026-09-04 18:55:34+09:00,35,49,22,17.24137931034483,2,44.89795918367347
2026-09-04 19:00:34+09:00,35,49,22,17.24137931034483,2,44.89795918367347
2026-09-04 19:05:32+09:00,35,49,22,17.24137931034483,2,44.89795918367347
2026-09-04 19:10:33+09:00,35,49,22,17.24137931034483,2,44.89795918367347
2026-09-04 19:15:32+09:00,35,49,22,17.24137931034483,2,44.89795918367347
2026-09-04 19:20:32+09:00,35,49,22,17.24137931034483,2,44.89795918367347
2026-09-04 19:25:32+09:00,35,49,22,17.24137931034483,2,44.89795918367347
2026-09-04 19:30:32+09:00,35,49,22,17.24137931034483,2,44.89795918367347
2026-09-04 19:35:33+09:00,35,49,22,17.24137931034483,2,44.89795918367347
2026-09-04 19:40:35+09:00,35,49,22,17.24137931034483,2,44.89795918367347
2026-09-04 19:45:32+09:00,35,49,22,17.24137931034483,2,44.89795918367347
2026-09-04 19:50:33+09:00,35,49,22,17.24137931034483,2,44.89795918367347
2026-09-04 19:55:34+09:00,35,49,22,17.24137931034483,2,44.89795918367347
2026-09-04 20:00:32+09:00,35,49,22,17.24137931034483,2,44.89795918367347
2026-09-04 20:05:33+09:00,35,49,22,17.24137931034483,2,44.89795918367347
2026-09-04 20:10:32+09:00,35,49,22,17.24137931034483,2,44.89795918367347
2026-09-04 20:15:32+09:00,35,49,22,17.24137931034483,2,44.89795918367347
2026-09-04 20:20:33+09:00,35,49,22,17.24137931034483,2,44.89795918367347
2026-09-04 20:25:33+09:00,35,49,22,17.24137931034483,2,44.89795918367347
2026-09-04 20:30:33+09:00,35,49,22,17.24137931034483,2,44.89795918367347
2026-09-04 20:35:32+09:00,35,49,22,17.24137931034483,2,44.89795918367347
2026-09-04 20:40:32+09:00,35,49,22,43.02134646962233,3,44.89795918367347
2026-09-04 20:45:32+09:00,35,49,22,42.692939244663386,3,44.89795918367347
2026-09-04 20:50:32+09:00,35,49,22,42.20032840722496,3,44.89795918367347
2026-09-04 20:55:33+09:00,35,49,22,41.871921182266014,3,44.89795918367347
2026-09-04 21:00:33+09:00,35,49,22,41.871921182266014,3,44.89795918367347
2026-09-04 21:05:33+09:00,35,49,22,41.70771756978653,3,44.89795918367347
2026-09-04 21:10:34+09:00,35,49,22,41.54351395730706,3,44.89795918367347
2026-09-04 21:15:36+09:00,35,49,22,40.88669950738916,3,44.89795918367347
2026-09-04 21:20:34+09:00,35,49,22,41.37931034482759,3,44.89795918367347
2026-09-04 21:25:32+09:00,35,49,22,41.21510673234811,3,44.89795918367347
2026-09-04 21:30:32+09:00,35,49,22,40.88669950738916,3,44.89795918367347
2026-09-04 21:35:32+09:00,35,49,22,40.72249589490969,3,44.89795918367347
2026-09-04 21:40:32+09:00,35,49,22,40.88669950738916,3,44.89795918367347
2026-09-04 21:45:34+09:00,35,49,22,39.90147783251231,3,44.89795918367347
2026-09-04 21:50:33+09:00,35,49,22,39.737274220032845,3,44.89795918367347
2026-09-04 21:55:32+09:00,35,49,22,39.08045977011494,3,44.89795918367347
2026-09-04 22:00:32+09:00,35,49,22,38.752052545156,3,44.89795918367347
2026-09-04 22:05:32+09:00,35,49,22,38.587848932676515,3,44.89795918367347
2026-09-04 22:10:33+09:00,35,49,22,38.423645320197046,3,44.89795918367347
2026-09-04 22:15:33+09:00,35,49,22,38.095238095238095,3,44.89795918367347
2026-09-04 22:20:32+09:00,35,49,22,38.095238095238095,3,44.89795918367347
2026-09-04 22:25:33+09:00,35,49,22,37.76683087027914,3,44.89795918367347
2026-09-04 22:30:33+09:00,35,49,22,37.11001642036124,3,44.89795918367347
2026-09-04 22:35:32+09:00,35,49,22,36.7816091954023,3,44.89795918367347
2026-09-04 22:40:33+09:00,35,49,22,36.7816091954023,3,44.89795918367347
2026-09-04 22:45:33+09:00,35,49,22,36.28899835796387,3,44.89795918367347
2026-09-04 22:50:32+09:00,35,49,22,35.79638752052546,3,44.89795918367347
2026-09-04 22:55:32+09:00,35,49,22,35.139573070607554,3,44.89795918367347
2026-09-04 23:00:33+09:00,35,49,22,34.81116584564861,3,44.89795918367347
2026-09-04 23:05:32+09:00,35,49,22,34.15435139573071,3,44.89795918367347
2026-09-04 23:10:34+09:00,35,49,22,33.990147783251224,3,44.89795918367347
2026-09-04 23:15:36+09:00,35,49,22,33.66174055829228,3,44.89795918367347
2026-09-04 23:20:32+09:00,35,49,22,33.66174055829228,3,44.89795918367347
2026-09-04 23:25:32+09:00,35,49,22,33.333333333333336,3,44.89795918367347
2026-09-04 23:30:32+09:00,35,49,22,32.84072249589491,3,44.89795918367347
2026-09-04 23:35:32+09:00,35,49,22,33.004926108374384,3,44.89795918367347
2026-09-04 23:40:32+09:00,35,49,22,32.18390804597701,3,44.89795918367347
2026-09-04 23:45:32+09:00,35,49,22,32.01970443349754,3,44.89795918367347
2026-09-04 23:50:33+09:00,35,49,22,31.855500821018065,3,44.89795918367347
2026-09-04 23:55:32+09:00,35,49,22,31.527093596059114,3,44.89795918367347
2026-09-04 09:45:34+09:00,36,94,55,,0,58.51063829787234
2026-09-04 09:50:33+09:00,36,94,55,,0,58.51063829787234
2026-09-04 09:55:33+09:00,36,94,55,,0,58.51063829787234
2026-09-04 10:00:32+09:00,36,94,55,,0,58.51063829787234
2026-09-04 10:05:32+09:00,36,94,56,,0,59.57446808510638
2026-09-04 10:10:32+09:00,36,94,55,,0,58.51063829787234
2026-09-04 10:15:32+09:00,36,94,55,,0,58.51063829787234
2026-09-04 10:20:32+09:00,36,94,55,,0,58.51063829787234
2026-09-04 10:25:32+09:00,36,94,55,,0,58.51063829787234
2026-09-04 10:30:32+09:00,36,94,56,,0,59.57446808510638
2026-09-04 10:35:32+09:00,36,94,56,,0,59.57446808510638
2026-09-04 10:40:32+09:00,36,94,56,,0,59.57446808510638
2026-09-04 10:45:32+09:00,36,94,56,,0,59.57446808510638
2026-09-04 10:50:32+09:00,36,94,56,,0,59.57446808510638
2026-09-04 10:55:32+09:00,36,94,55,,0,58.51063829787234
2026-09-04 11:00:32+09:00,36,94,54,,0,57.446808510638306
2026-09-04 11:05:32+09:00,36,94,55,,0,58.51063829787234
2026-09-04 11:10:32+09:00,36,94,56,,0,59.57446808510638
2026-09-04 11:15:32+09:00,36,94,55,,0,58.51063829787234
2026-09-04 11:20:32+09:00,36,94,54,,0,57.446808510638306
2026-09-04 11:25:32+09:00,36,94,54,,0,57.446808510638306
2026-09-04 11:30:32+09:00,36,94,53,,0,56.38297872340425
2026-09-04 11:35:32+09:00,36,94,53,,0,56.38297872340425
2026-09-04 11:40:35+09:00,36,94,53,,0,56.38297872340425
2026-09-04 11:45:32+09:00,36,94,53,,0,56.38297872340425
2026-09-04 11:50:32+09:00,36,94,54,,0,57.446808510638306
2026-09-04 11:55:33+09:00,36,94,54,,0,57.446808510638306
2026-09-04 12:00:32+09:00,36,94,55,,0,58.51063829787234
2026-09-04 12:05:32+09:00,36,94,53,,0,56.38297872340425
2026-09-04 12:10:32+09:00,36,94,53,,0,56.38297872340425
2026-09-04 12:15:33+09:00,36,94,53,,0,56.38297872340425
2026-09-04 12:20:32+09:00,36,94,54,,0,57.446808510638306
2026-09-04 12:25:32+09:00,36,94,54,,0,57.446808510638306
2026-09-04 12:30:32+09:00,36,94,54,,0,57.446808510638306
2026-09-04 12:35:32+09:00,36,94,54,,0,57.446808510638306
2026-09-04 12:40:33+09:00,36,94,54,,0,57.446808510638306
2026-09-04 12:45:32+09:00,36,94,54,,0,57.446808510638306
2026-09-04 12:50:32+09:00,36,94,54,,0,57.446808510638306
2026-09-04 12:55:32+09:00,36,94,54,,0,57.446808510638306
2026-09-04 13:00:32+09:00,36,94,52,,0,55.319148936170215
2026-09-04 13:05:32+09:00,36,94,53,,0,56.38297872340425
2026-09-04 13:10:32+09:00,36,94,51,,0,54.25531914893617
2026-09-04 13:15:32+09:00,36,94,51,,0,54.25531914893617
2026-09-04 13:20:32+09:00,36,94,51,,0,54.25531914893617
2026-09-04 13:25:32+09:00,36,94,51,,0,54.25531914893617
2026-09-04 13:30:32+09:00,36,94,52,,0,55.319148936170215
2026-09-04 13:35:32+09:00,36,94,52,,0,55.319148936170215
2026-09-04 13:40:32+09:00,36,94,51,,0,54.25531914893617
2026-09-04 13:45:33+09:00,36,94,51,,0,54.25531914893617
2026-09-04 13:50:32+09:00,36,94,51,,0,54.25531914893617
2026-09-04 13:55:33+09:00,36,94,51,,0,54.25531914893617
2026-09-04 14:00:32+09:00,36,94,51,,0,54.25531914893617
2026-09-04 14:05:33+09:00,36,94,51,,0,54.25531914893617
2026-09-04 14:10:32+09:00,36,94,51,,0,54.25531914893617
2026-09-04 14:15:34+09:00,36,94,51,,0,54.25531914893617
2026-09-04 14:20:34+09:00,36,94,50,,0,53.191489361702125
2026-09-04 14:25:34+09:00,36,94,50,,0,53.191489361702125
2026-09-04 14:30:32+09:00,36,94,48,,0,51.06382978723404
2026-09-04 14:35:33+09:00,36,94,48,,0,51.06382978723404
2026-09-04 14:40:32+09:00,36,94,50,,0,53.191489361702125
2026-09-04 14:45:35+09:00,36,94,50,,0,53.191489361702125
2026-09-04 14:50:34+09:00,36,94,50,,0,53.191489361702125
2026-09-04 14:55:34+09:00,36,94,50,,0,53.191489361702125
2026-09-04 15:00:32+09:00,36,94,50,,0,53.191489361702125
2026-09-04 15:05:33+09:00,36,94,50,,0,53.191489361702125
2026-09-04 15:10:33+09:00,36,94,50,,0,53.191489361702125
2026-09-04 15:15:33+09:00,36,94,50,,0,53.191489361702125
2026-09-04 15:20:32+09:00,36,94,48,,0,51.06382978723404
2026-09-04 15:25:32+09:00,36,94,48,,0,51.06382978723404
2026-09-04 15:30:32+09:00,36,94,46,,0,48.93617021276596
2026-09-04 15:35:32+09:00,36,94,46,,0,48.93617021276596
2026-09-04 15:40:32+09:00,36,94,46,,0,48.93617021276596
2026-09-04 15:45:34+09:00,36,94,45,,0,47.87234042553192
2026-09-04 15:50:34+09:00,36,94,46,,0,48.93617021276596
2026-09-04 15:55:33+09:00,36,94,46,,0,48.93617021276596
2026-09-04 16:00:34+09:00,36,94,45,,0,47.87234042553192
2026-09-04 16:05:34+09:00,36,94,48,,0,51.06382978723404
2026-09-04 16:10:35+09:00,36,94,47,,0,50.0
2026-09-04 16:15:35+09:00,36,94,47,,0,50.0
2026-09-04 16:20:33+09:00,36,94,47,,0,50.0
2026-09-04 16:25:32+09:00,36,94,47,,0,50.0
2026-09-04 16:30:33+09:00,36,94,44,,0,46.808510638297875
2026-09-04 16:35:32+09:00,36,94,45,,0,47.87234042553192
2026-09-04 16:40:32+09:00,36,94,44,,0,46.808510638297875
2026-09-04 16:45:32+09:00,36,94,45,,0,47.87234042553192
2026-09-04 16:50:32+09:00,36,94,44,,0,46.808510638297875
2026-09-04 16:55:32+09:00,36,94,44,,0,46.808510638297875
2026-09-04 17:00:32+09:00,36,94,44,,0,46.808510638297875
2026-09-04 17:05:33+09:00,36,94,43,,0,45.744680851063826
2026-09-04 17:10:33+09:00,36,94,41,,0,43.61702127659575
2026-09-04 17:15:32+09:00,36,94,41,,0,43.61702127659575
2026-09-04 17:20:32+09:00,36,94,41,,0,43.61702127659575
2026-09-04 17:25:32+09:00,36,94,41,,0,43.61702127659575
2026-09-04 17:30:34+09:00,36,94,39,,0,41.48936170212766
2026-09-04 17:35:35+09:00,36,94,39,,0,41.48936170212766
2026-09-04 17:40:35+09:00,36,94,38,,0,40.42553191489361
2026-09-04 17:45:34+09:00,36,94,39,,0,41.48936170212766
2026-09-04 17:50:32+09:00,36,94,38,,0,40.42553191489361
2026-09-04 17:55:33+09:00,36,94,38,,0,40.42553191489361
2026-09-04 18:00:32+09:00,36,94,33,,0,35.1063829787234
2026-09-04 18:05:32+09:00,36,94,28,,0,29.78723404255319
2026-09-04 18:10:34+09:00,36,94,29,,0,30.851063829787233
2026-09-04 18:15:32+09:00,36,94,29,,0,30.851063829787233
2026-09-04 18:20:32+09:00,36,94,29,,0,30.851063829787233
2026-09-04 18:25:32+09:00,36,94,29,,0,30.851063829787233
2026-09-04 18:30:32+09:00,36,94,26,,0,27.659574468085108
2026-09-04 18:35:32+09:00,36,94,26,,0,27.659574468085108
2026-09-04 18:40:35+09:00,36,94,23,,0,24.46808510638298
2026-09-04 18:45:35+09:00,36,94,21,,0,22.340425531914892
2026-09-04 18:50:33+09:00,36,94,20,,0,21.27659574468085
2026-09-04 18:55:34+09:00,36,94,20,,0,21.27659574468085
2026-09-04 19:00:34+09:00,36,94,20,,0,21.27659574468085
2026-09-04 19:05:32+09:00,36,94,19,,0,20.212765957446805
2026-09-04 19:10:33+09:00,36,94,19,,0,20.212765957446805
2026-09-04 19:15:32+09:00,36,94,19,,0,20.212765957446805
2026-09-04 19:20:32+09:00,36,94,18,,0,19.148936170212767
2026-09-04 19:25:32+09:00,36,94,16,,0,17.02127659574468
2026-09-04 19:30:32+09:00,36,94,16,,0,17.02127659574468
2026-09-04 19:35:33+09:00,36,94,10,,0,10.638297872340425
2026-09-04 19:40:35+09:00,36,94,10,,0,10.638297872340425
2026-09-04 19:45:32+09:00,36,94,10,,0,10.638297872340425
2026-09-04 19:50:33+09:00,36,94,8,,0,8.51063829787234
2026-09-04 19:55:34+09:00,36,94,7,,0,7.446808510638298
2026-09-04 20:00:32+09:00,36,94,7,,0,7.446808510638298
2026-09-04 20:05:33+09:00,36,94,6,,0,6.382978723404255
2026-09-04 20:10:32+09:00,36,94,5,,0,5.319148936170213
2026-09-04 20:15:32+09:00,36,94,5,,0,5.319148936170213
2026-09-04 20:20:33+09:00,36,94,5,,0,5.319148936170213
2026-09-04 20:25:33+09:00,36,94,5,,0,5.319148936170213
2026-09-04 20:30:33+09:00,36,94,6,,0,6.382978723404255
2026-09-04 20:35:32+09:00,36,94,7,,0,7.446808510638298
2026-09-04 20:40:32+09:00,36,94,6,,0,6.382978723404255
2026-09-04 20:45:32+09:00,36,94,22,,0,23.404255319148938
2026-09-04 20:50:32+09:00,36,94,21,,0,22.340425531914892
2026-09-04 20:55:33+09:00,36,94,21,,0,22.340425531914892
2026-09-04 21:00:33+09:00,36,94,21,,0,22.340425531914892
2026-09-04 21:05:33+09:00,36,94,23,,0,24.46808510638298
2026-09-04 21:10:34+09:00,36,94,23,,0,24.46808510638298
2026-09-04 21:15:36+09:00,36,94,23,,0,24.46808510638298
2026-09-04 21:20:34+09:00,36,94,23,,0,24.46808510638298
2026-09-04 21:25:32+09:00,36,94,23,,0,24.46808510638298
2026-09-04 21:30:32+09:00,36,94,22,,0,23.404255319148938
2026-09-04 21:35:32+09:00,36,94,22,,0,23.404255319148938
2026-09-04 21:40:32+09:00,36,94,22,,0,23.404255319148938
2026-09-04 21:45:34+09:00,36,94,22,,0,23.404255319148938
2026-09-04 21:50:33+09:00,36,94,21,,0,22.340425531914892
2026-09-04 21:55:32+09:00,36,94,21,,0,22.340425531914892
2026-09-04 22:00:32+09:00,36,94,21,,0,22.340425531914892
2026-09-04 22:05:32+09:00,36,94,21,,0,22.340425531914892
2026-09-04 22:10:33+09:00,36,94,20,,0,21.27659574468085
2026-09-04 22:15:33+09:00,36,94,21,,0,22.340425531914892
2026-09-04 22:20:32+09:00,36,94,21,,0,22.340425531914892
2026-09-04 22:25:33+09:00,36,94,21,,0,22.340425531914892
2026-09-04 22:30:33+09:00,36,94,21,,0,22.340425531914892
2026-09-04 22:35:32+09:00,36,94,21,,0,22.340425531914892
2026-09-04 22:40:33+09:00,36,94,20,,0,21.27659574468085
2026-09-04 22:45:33+09:00,36,94,20,,0,21.27659574468085
2026-09-04 22:50:32+09:00,36,94,19,,0,20.212765957446805
2026-09-04 22:55:32+09:00,36,94,19,,0,20.212765957446805
2026-09-04 23:00:33+09:00,36,94,19,,0,20.212765957446805
2026-09-04 23:05:32+09:00,36,94,19,,0,20.212765957446805
2026-09-04 23:10:34+09:00,36,94,19,,0,20.212765957446805
2026-09-04 23:15:36+09:00,36,94,19,,0,20.212765957446805
2026-09-04 23:20:32+09:00,36,94,19,,0,20.212765957446805
2026-09-04 23:25:32+09:00,36,94,19,,0,20.212765957446805
2026-09-04 23:30:32+09:00,36,94,19,,0,20.212765957446805
2026-09-04 23:35:32+09:00,36,94,19,,0,20.212765957446805
2026-09-04 23:40:32+09:00,36,94,19,,0,20.212765957446805
2026-09-04 23:45:32+09:00,36,94,19,,0,20.212765957446805
2026-09-04 23:50:33+09:00,36,94,19,,0,20.212765957446805
2026-09-04 23:55:32+09:00,36,94,19,,0,20.212765957446805
2026-09-04 09:45:34+09:00,37,238,103,58.26322434875066,8,43.27731092436975
2026-09-04 09:50:33+09:00,37,238,100,58.26322434875066,8,42.016806722689076
2026-09-04 09:55:33+09:00,37,238,98,58.26322434875066,8,41.17647058823529
2026-09-04 10:00:32+09:00,37,238,98,,0,41.17647058823529
2026-09-04 10:05:32+09:00,37,238,100,,0,42.016806722689076
2026-09-04 10:10:32+09:00,37,238,100,,0,42.016806722689076
2026-09-04 10:15:32+09:00,37,238,101,,0,42.436974789915965
2026-09-04 10:20:32+09:00,37,238,101,,0,42.436974789915965
2026-09-04 10:25:32+09:00,37,238,101,,0,42.436974789915965
2026-09-04 10:30:32+09:00,37,238,101,,0,42.436974789915965
2026-09-04 10:35:32+09:00,37,238,104,,0,43.69747899159664
2026-09-04 10:40:32+09:00,37,238,105,,0,44.11764705882353
2026-09-04 10:45:32+09:00,37,238,107,,0,44.957983193277315
2026-09-04 10:50:32+09:00,37,238,104,,0,43.69747899159664
2026-09-04 10:55:32+09:00,37,238,99,,0,41.596638655462186
2026-09-04 11:00:32+09:00,37,238,97,,0,40.7563025210084
2026-09-04 11:05:32+09:00,37,238,98,,0,41.17647058823529
2026-09-04 11:10:32+09:00,37,238,99,,0,41.596638655462186
2026-09-04 11:15:32+09:00,37,238,99,,0,41.596638655462186
2026-09-04 11:20:32+09:00,37,238,100,,0,42.016806722689076
2026-09-04 11:25:32+09:00,37,238,99,,0,41.596638655462186
2026-09-04 11:30:32+09:00,37,238,99,,0,41.596638655462186
2026-09-04 11:35:32+09:00,37,238,98,,0,41.17647058823529
2026-09-04 11:40:35+09:00,37,238,99,,0,41.596638655462186
2026-09-04 11:45:32+09:00,37,238,99,,0,41.596638655462186
2026-09-04 11:50:32+09:00,37,238,99,,0,41.596638655462186
2026-09-04 11:55:33+09:00,37,238,99,,0,41.596638655462186
2026-09-04 12:00:32+09:00,37,238,102,,0,42.857142857142854
2026-09-04 12:05:32+09:00,37,238,101,,0,42.436974789915965
2026-09-04 12:10:32+09:00,37,238,102,,0,42.857142857142854
2026-09-04 12:15:33+09:00,37,238,103,,0,43.27731092436975
2026-09-04 12:20:32+09:00,37,238,103,,0,43.27731092436975
2026-09-04 12:25:32+09:00,37,238,103,,0,43.27731092436975
2026-09-04 12:30:32+09:00,37,238,104,,0,43.69747899159664
2026-09-04 12:35:32+09:00,37,238,104,,0,43.69747899159664
2026-09-04 12:40:33+09:00,37,238,103,,0,43.27731092436975
2026-09-04 12:45:32+09:00,37,238,107,,0,44.957983193277315
2026-09-04 12:50:32+09:00,37,238,105,,0,44.11764705882353
2026-09-04 12:55:32+09:00,37,238,106,,0,44.537815126050425
2026-09-04 13:00:32+09:00,37,238,105,,0,44.11764705882353
2026-09-04 13:05:32+09:00,37,238,106,,0,44.537815126050425
2026-09-04 13:10:32+09:00,37,238,107,,0,44.957983193277315
2026-09-04 13:15:32+09:00,37,238,108,,0,45.378151260504204
2026-09-04 13:20:32+09:00,37,238,107,,0,44.957983193277315
2026-09-04 13:25:32+09:00,37,238,107,,0,44.957983193277315
2026-09-04 13:30:32+09:00,37,238,107,,0,44.957983193277315
2026-09-04 13:35:32+09:00,37,238,108,,0,45.378151260504204
2026-09-04 13:40:32+09:00,37,238,108,,0,45.378151260504204
2026-09-04 13:45:33+09:00,37,238,107,,0,44.957983193277315
2026-09-04 13:50:32+09:00,37,238,106,,0,44.537815126050425
2026-09-04 13:55:33+09:00,37,238,106,,0,44.537815126050425
2026-09-04 14:00:32+09:00,37,238,106,,0,44.537815126050425
2026-09-04 14:05:33+09:00,37,238,108,66.86602870813397,8,45.378151260504204
2026-09-04 14:10:32+09:00,37,238,106,67.54186602870813,8,44.537815126050425
2026-09-04 14:15:34+09:00,37,238,107,66.50019936204146,8,44.957983193277315
2026-09-04 14:20:34+09:00,37,238,105,71.73345295055822,8,44.11764705882353
2026-09-04 14:25:34+09:00,37,238,106,71.01375598086125,8,44.537815126050425
2026-09-04 14:30:32+09:00,37,238,107,67.69537480063796,7,44.957983193277315
2026-09-04 14:35:33+09:00,37,238,108,68.17156527682843,7,45.378151260504204
2026-09-04 14:40:32+09:00,37,238,110,66.87286397812713,7,46.21848739495798
2026-09-04 14:45:35+09:00,37,238,109,65.07632718159034,7,45.79831932773109
2026-09-04 14:50:34+09:00,37,238,111,63.7772461456672,7,46.63865546218487
2026-09-04 14:55:34+09:00,37,238,112,63.96521607047923,7,47.05882352941176
2026-09-04 15:00:32+09:00,37,238,110,66.26680337206653,7,46.21848739495798
2026-09-04 15:05:33+09:00,37,238,111,58.18599529125845,7,46.63865546218487
2026-09-04 15:10:33+09:00,37,238,110,61.836409204830254,7,46.21848739495798
2026-09-04 15:15:33+09:00,37,238,109,59.64304701146807,7,45.79831932773109
2026-09-04 15:20:32+09:00,37,238,111,59.16685653527759,7,46.63865546218487
2026-09-04 15:25:32+09:00,37,238,113,61.706539074960126,7,47.47899159663865
2026-09-04 15:30:32+09:00,37,238,114,59.16647679805575,7,47.89915966386555
2026-09-04 15:35:32+09:00,37,238,113,60.35695298853194,7,47.47899159663865
2026-09-04 15:40:32+09:00,37,238,111,62.84613047770943,7,46.63865546218487
2026-09-04 15:45:34+09:00,37,238,111,61.84362421204527,7,46.63865546218487
2026-09-04 15:50:34+09:00,37,238,111,64.34044391281233,8,46.63865546218487
2026-09-04 15:55:33+09:00,37,238,111,67.1943115364168,8,46.63865546218487
2026-09-04 16:00:34+09:00,37,238,110,65.59775385433281,8,46.21848739495798
2026-09-04 16:05:34+09:00,37,238,110,66.63942052099947,8,46.21848739495798
2026-09-04 16:10:35+09:00,37,238,111,69.32881446039342,8,46.63865546218487
2026-09-04 16:15:35+09:00,37,238,112,67.1507841573631,8,47.05882352941176
2026-09-04 16:20:33+09:00,37,238,113,65.34522860180755,8,47.47899159663865
2026-09-04 16:25:32+09:00,37,238,112,65.18108718766614,8,47.05882352941176
2026-09-04 16:30:33+09:00,37,238,109,64.76442052099947,8,45.79831932773109
2026-09-04 16:35:32+09:00,37,238,108,62.65583466241361,8,45.378151260504204
2026-09-04 16:40:32+09:00,37,238,108,61.51947102604997,8,45.378151260504204
2026-09-04 16:45:32+09:00,37,238,107,62.14447102604997,8,44.957983193277315
2026-09-04 16:50:32+09:00,37,238,104,63.14194577352472,8,43.69747899159664
2026-09-04 16:55:32+09:00,37,238,101,65.6166932482722,8,42.436974789915965
2026-09-04 17:00:32+09:00,37,238,100,65.36416799574694,8,42.016806722689076
2026-09-04 17:05:33+09:00,37,238,99,63.30608718766614,8,41.596638655462186
2026-09-04 17:10:33+09:00,37,238,101,64.27797713981924,8,42.436974789915965
2026-09-04 17:15:32+09:00,37,238,103,62.00524986709197,8,43.27731092436975
2026-09-04 17:20:32+09:00,37,238,102,59.57469431153642,8,42.857142857142854
2026-09-04 17:25:32+09:00,37,238,102,59.599946836788945,8,42.857142857142854
2026-09-04 17:30:34+09:00,37,238,101,58.88024986709197,8,42.436974789915965
2026-09-04 17:35:35+09:00,37,238,104,58.88024986709197,8,43.69747899159664
2026-09-04 17:40:35+09:00,37,238,108,53.94969431153642,8,45.378151260504204
2026-09-04 17:45:34+09:00,37,238,107,57.40364167995747,8,44.957983193277315
2026-09-04 17:50:32+09:00,37,238,109,49.25495557074505,7,45.79831932773109
2026-09-04 17:55:33+09:00,37,238,108,49.73114604693552,7,45.378151260504204
2026-09-04 18:00:32+09:00,37,238,107,46.239462292093876,7,44.957983193277315
2026-09-04 18:05:32+09:00,37,238,105,47.141717931191614,7,44.11764705882353
2026-09-04 18:10:34+09:00,37,238,101,46.189336978810665,7,42.436974789915965
2026-09-04 18:15:32+09:00,37,238,102,50.64294258373205,8,42.857142857142854
2026-09-04 18:20:32+09:00,37,238,100,46.72880116959064,8,42.016806722689076
2026-09-04 18:25:32+09:00,37,238,100,43.16188197767145,8,42.016806722689076
2026-09-04 18:30:32+09:00,37,238,97,42.61363636363636,8,40.7563025210084
2026-09-04 18:35:32+09:00,37,238,96,39.29924242424242,8,40.33613445378151
2026-09-04 18:40:35+09:00,37,238,92,38.46590909090909,8,38.655462184873954
2026-09-04 18:45:35+09:00,37,238,84,38.46590909090909,8,35.294117647058826
2026-09-04 18:50:33+09:00,37,238,83,37.58871610845295,8,34.87394957983193
2026-09-04 18:55:34+09:00,37,238,78,36.590909090909086,8,32.773109243697476
2026-09-04 19:00:34+09:00,37,238,80,37.432216905901115,7,33.61344537815126
2026-09-04 19:05:32+09:00,37,238,76,27.01169590643275,5,31.932773109243694
2026-09-04 19:10:33+09:00,37,238,76,24.59795321637427,4,31.932773109243694
2026-09-04 19:15:32+09:00,37,238,76,24.59795321637427,4,31.932773109243694
2026-09-04 19:20:32+09:00,37,238,76,24.926900584795323,4,31.932773109243694
2026-09-04 19:25:32+09:00,37,238,73,24.926900584795323,4,30.672268907563026
2026-09-04 19:30:32+09:00,37,238,73,25.25584795321637,4,30.672268907563026
2026-09-04 19:35:33+09:00,37,238,71,25.25584795321637,4,29.831932773109244
2026-09-04 19:40:35+09:00,37,238,71,25.25584795321637,4,29.831932773109244
2026-09-04 19:45:32+09:00,37,238,67,25.913742690058477,4,28.15126050420168
2026-09-04 19:50:33+09:00,37,238,63,25.913742690058477,4,26.47058823529412
2026-09-04 19:55:34+09:00,37,238,62,25.584795321637426,4,26.05042016806723
2026-09-04 20:00:32+09:00,37,238,62,25.584795321637426,4,26.05042016806723
2026-09-04 20:05:33+09:00,37,238,62,25.584795321637426,4,26.05042016806723
2026-09-04 20:10:32+09:00,37,238,61,25.584795321637426,4,25.630252100840334
2026-09-04 20:15:32+09:00,37,238,60,25.584795321637426,4,25.210084033613445
2026-09-04 20:20:33+09:00,37,238,60,25.913742690058477,4,25.210084033613445
2026-09-04 20:25:33+09:00,37,238,67,26.242690058479532,4,28.15126050420168
2026-09-04 20:30:33+09:00,37,238,68,26.242690058479532,4,28.57142857142857
2026-09-04 20:35:32+09:00,37,238,65,26.900584795321635,4,27.310924369747898
2026-09-04 20:40:32+09:00,37,238,63,26.900584795321635,4,26.47058823529412
2026-09-04 20:45:32+09:00,37,238,62,25.584795321637426,4,26.05042016806723
2026-09-04 20:50:32+09:00,37,238,60,25.584795321637426,4,25.210084033613445
2026-09-04 20:55:33+09:00,37,238,60,25.584795321637426,4,25.210084033613445
2026-09-04 21:00:33+09:00,37,238,59,25.584795321637426,4,24.789915966386555
2026-09-04 21:05:33+09:00,37,238,58,25.913742690058477,4,24.369747899159663
2026-09-04 21:10:34+09:00,37,238,57,25.913742690058477,4,23.949579831932773
2026-09-04 21:15:36+09:00,37,238,54,25.913742690058477,4,22.689075630252102
2026-09-04 21:20:34+09:00,37,238,54,25.913742690058477,4,22.689075630252102
2026-09-04 21:25:32+09:00,37,238,55,26.571637426900583,4,23.10924369747899
2026-09-04 21:30:32+09:00,37,238,53,26.242690058479532,4,22.268907563025213
2026-09-04 21:35:32+09:00,37,238,52,26.571637426900583,4,21.84873949579832
2026-09-04 21:40:32+09:00,37,238,53,27.558479532163744,4,22.268907563025213
2026-09-04 21:45:34+09:00,37,238,51,27.558479532163744,4,21.428571428571427
2026-09-04 21:50:33+09:00,37,238,52,27.558479532163744,4,21.84873949579832
2026-09-04 21:55:32+09:00,37,238,49,27.558479532163744,4,20.588235294117645
2026-09-04 22:00:32+09:00,37,238,48,27.887426900584796,4,20.168067226890756
2026-09-04 22:05:32+09:00,37,238,47,27.887426900584796,4,19.747899159663866
2026-09-04 22:10:33+09:00,37,238,44,27.887426900584796,4,18.487394957983195
2026-09-04 22:15:33+09:00,37,238,43,27.887426900584796,4,18.067226890756302
2026-09-04 22:20:32+09:00,37,238,39,28.216374269005847,4,16.386554621848738
2026-09-04 22:25:33+09:00,37,238,37,28.216374269005847,4,15.546218487394958
2026-09-04 22:30:33+09:00,37,238,36,27.887426900584796,4,15.126050420168067
2026-09-04 22:35:32+09:00,37,238,33,27.887426900584796,4,13.865546218487395
2026-09-04 22:40:33+09:00,37,238,32,27.887426900584796,4,13.445378151260504
2026-09-04 22:45:33+09:00,37,238,32,28.216374269005847,4,13.445378151260504
2026-09-04 22:50:32+09:00,37,238,31,28.216374269005847,4,13.025210084033615
2026-09-04 22:55:32+09:00,37,238,30,28.216374269005847,4,12.605042016806722
2026-09-04 23:00:33+09:00,37,238,31,28.5453216374269,4,13.025210084033615
2026-09-04 23:05:32+09:00,37,238,26,8.717105263157894,8,10.92436974789916
2026-09-04 23:10:34+09:00,37,238,24,8.717105263157894,8,10.084033613445378
2026-09-04 23:15:36+09:00,37,238,23,8.717105263157894,8,9.663865546218489
2026-09-04 23:20:32+09:00,37,238,22,8.717105263157894,8,9.243697478991598
2026-09-04 23:25:32+09:00,37,238,23,8.717105263157894,8,9.663865546218489
2026-09-04 23:30:32+09:00,37,238,21,8.717105263157894,8,8.823529411764707
2026-09-04 23:35:32+09:00,37,238,21,8.881578947368421,8,8.823529411764707
2026-09-04 23:40:32+09:00,37,238,20,8.881578947368421,8,8.403361344537815
2026-09-04 23:45:32+09:00,37,238,20,8.881578947368421,8,8.403361344537815
2026-09-04 23:50:33+09:00,37,238,20,8.881578947368421,8,8.403361344537815
2026-09-04 23:55:32+09:00,37,238,19,8.881578947368421,8,7.9831932773109235
2026-09-04 09:45:34+09:00,38,194,57,35.75340781547121,7,29.381443298969074
2026-09-04 09:50:33+09:00,38,194,55,35.75340781547121,7,28.350515463917525
2026-09-04 09:55:33+09:00,38,194,47,35.75340781547121,7,24.22680412371134
2026-09-04 10:00:32+09:00,38,194,47,,0,24.22680412371134
2026-09-04 10:05:32+09:00,38,194,45,,0,23.195876288659793
2026-09-04 10:10:32+09:00,38,194,32,,0,16.49484536082474
2026-09-04 10:15:32+09:00,38,194,29,,0,14.948453608247423
2026-09-04 10:20:32+09:00,38,194,24,,0,12.371134020618557
2026-09-04 10:25:32+09:00,38,194,26,,0,13.402061855670103
2026-09-04 10:30:32+09:00,38,194,24,,0,12.371134020618557
2026-09-04 10:35:32+09:00,38,194,26,,0,13.402061855670103
2026-09-04 10:40:32+09:00,38,194,19,,0,9.793814432989691
2026-09-04 10:45:32+09:00,38,194,21,,0,10.824742268041238
2026-09-04 10:50:32+09:00,38,194,13,,0,6.701030927835052
2026-09-04 10:55:32+09:00,38,194,9,,0,4.639175257731959
2026-09-04 11:00:32+09:00,38,194,8,,0,4.123711340206185
2026-09-04 11:05:32+09:00,38,194,5,,0,2.5773195876288657
2026-09-04 11:10:32+09:00,38,194,5,,0,2.5773195876288657
2026-09-04 11:15:32+09:00,38,194,2,,0,1.0309278350515463
2026-09-04 11:20:32+09:00,38,194,0,,0,0.0
2026-09-04 11:25:32+09:00,38,194,0,,0,0.0
2026-09-04 11:30:32+09:00,38,194,1,,0,0.5154639175257731
2026-09-04 11:35:32+09:00,38,194,1,,0,0.5154639175257731
2026-09-04 11:40:35+09:00,38,194,2,,0,1.0309278350515463
2026-09-04 11:45:32+09:00,38,194,0,,0,0.0
2026-09-04 11:50:32+09:00,38,194,0,,0,0.0
2026-09-04 11:55:33+09:00,38,194,0,,0,0.0
2026-09-04 12:00:32+09:00,38,194,0,,0,0.0
2026-09-04 12:05:32+09:00,38,194,0,,0,0.0
2026-09-04 12:10:32+09:00,38,194,0,,0,0.0
2026-09-04 12:15:33+09:00,38,194,0,,0,0.0
2026-09-04 12:20:32+09:00,38,194,0,,0,0.0
2026-09-04 12:25:32+09:00,38,194,0,,0,0.0
2026-09-04 12:30:32+09:00,38,194,0,,0,0.0
2026-09-04 12:35:32+09:00,38,194,0,,0,0.0
2026-09-04 12:40:33+09:00,38,194,0,,0,0.0
2026-09-04 12:45:32+09:00,38,194,0,,0,0.0
2026-09-04 12:50:32+09:00,38,194,0,,0,0.0
2026-09-04 12:55:32+09:00,38,194,0,,0,0.0
2026-09-04 13:00:32+09:00,38,194,0,,0,0.0
2026-09-04 13:05:32+09:00,38,194,0,,0,0.0
2026-09-04 13:10:32+09:00,38,194,0,,0,0.0
2026-09-04 13:15:32+09:00,38,194,0,,0,0.0
2026-09-04 13:20:32+09:00,38,194,0,,0,0.0
2026-09-04 13:25:32+09:00,38,194,0,,0,0.0
2026-09-04 13:30:32+09:00,38,194,0,,0,0.0
2026-09-04 13:35:32+09:00,38,194,0,,0,0.0
2026-09-04 13:40:32+09:00,38,194,0,,0,0.0
2026-09-04 13:45:33+09:00,38,194,0,,0,0.0
2026-09-04 13:50:32+09:00,38,194,0,,0,0.0
2026-09-04 13:55:33+09:00,38,194,0,,0,0.0
2026-09-04 14:00:32+09:00,38,194,0,,0,0.0
2026-09-04 14:05:33+09:00,38,194,0,69.66964457759701,7,0.0
2026-09-04 14:10:32+09:00,38,194,0,68.44668662176485,7,0.0
2026-09-04 14:15:34+09:00,38,194,0,68.58659560078424,7,0.0
2026-09-04 14:20:34+09:00,38,194,0,67.80215967876441,7,0.0
2026-09-04 14:25:34+09:00,38,194,0,70.15827688020319,7,0.0
2026-09-04 14:30:32+09:00,38,194,0,68.95194338339248,7,0.0
2026-09-04 14:35:33+09:00,38,194,0,68.2400859774219,7,0.0
2026-09-04 14:40:32+09:00,38,194,0,69.097868016412,7,0.0
2026-09-04 14:45:35+09:00,38,194,0,70.48150141366992,7,0.0
2026-09-04 14:50:34+09:00,38,194,0,70.65752295042266,7,0.0
2026-09-04 14:55:34+09:00,38,194,0,68.86478179454598,7,0.0
2026-09-04 15:00:32+09:00,38,194,0,65.10614281363094,6,0.0
2026-09-04 15:05:33+09:00,38,194,0,69.58699161562437,7,0.0
2026-09-04 15:10:33+09:00,38,194,0,68.13713883171592,7,0.0
2026-09-04 15:15:33+09:00,38,194,0,68.13006393646984,7,0.0
2026-09-04 15:20:32+09:00,38,194,0,67.032030525227,7,0.0
2026-09-04 15:25:32+09:00,38,194,0,67.77319325348462,7,0.0
2026-09-04 15:30:32+09:00,38,194,0,66.7661519437804,7,0.0
2026-09-04 15:35:32+09:00,38,194,0,64.4700715718178,7,0.0
2026-09-04 15:40:32+09:00,38,194,0,66.60002917719491,7,0.0
2026-09-04 15:45:34+09:00,38,194,0,67.90878493756358,7,0.0
2026-09-04 15:50:34+09:00,38,194,0,67.81919504040194,7,0.0
2026-09-04 15:55:33+09:00,38,194,0,67.077464431538,7,0.0
2026-09-04 16:00:34+09:00,38,194,7,63.79544269845873,7,3.608247422680412
2026-09-04 16:05:34+09:00,38,194,13,65.36340776488478,7,6.701030927835052
2026-09-04 16:10:35+09:00,38,194,11,63.393619416551296,7,5.670103092783505
2026-09-04 16:15:35+09:00,38,194,14,63.85265978317095,7,7.216494845360824
2026-09-04 16:20:33+09:00,38,194,15,63.60571541113766,7,7.731958762886598
2026-09-04 16:25:32+09:00,38,194,20,65.05644113098403,7,10.309278350515463
2026-09-04 16:30:33+09:00,38,194,18,63.454305032891455,7,9.278350515463918
2026-09-04 16:35:32+09:00,38,194,22,63.83999928254082,7,11.34020618556701
2026-09-04 16:40:32+09:00,38,194,22,65.08769255772923,7,11.34020618556701
2026-09-04 16:45:32+09:00,38,194,28,66.72644701373662,7,14.432989690721648
2026-09-04 16:50:32+09:00,38,194,19,65.41223890158281,7,9.793814432989691
2026-09-04 16:55:32+09:00,38,194,18,67.17026512571178,7,9.278350515463918
2026-09-04 17:00:32+09:00,38,194,14,65.99848500426722,7,7.216494845360824
2026-09-04 17:05:33+09:00,38,194,14,64.85704953195429,7,7.216494845360824
2026-09-04 17:10:33+09:00,38,194,17,63.2618114367162,7,8.762886597938143
2026-09-04 17:15:32+09:00,38,194,21,60.89312856817923,7,10.824742268041238
2026-09-04 17:20:32+09:00,38,194,14,59.10958530439838,7,7.216494845360824
2026-09-04 17:25:32+09:00,38,194,13,59.26614317119844,7,6.701030927835052
2026-09-04 17:30:34+09:00,38,194,12,59.696999601235284,7,6.185567010309279
2026-09-04 17:35:35+09:00,38,194,18,60.05003519313707,7,9.278350515463918
2026-09-04 17:40:35+09:00,38,194,17,61.15105035375952,7,8.762886597938143
2026-09-04 17:45:34+09:00,38,194,22,62.79697453854494,7,11.34020618556701
2026-09-04 17:50:32+09:00,38,194,16,65.41230104604111,7,8.24742268041237
2026-09-04 17:55:33+09:00,38,194,21,65.96399377335935,7,10.824742268041238
2026-09-04 18:00:32+09:00,38,194,16,64.83254822282252,7,8.24742268041237
2026-09-04 18:05:32+09:00,38,194,13,63.829595480593454,7,6.701030927835052
2026-09-04 18:10:34+09:00,38,194,11,65.15538705083375,7,5.670103092783505
2026-09-04 18:15:32+09:00,38,194,14,65.93998994006121,7,7.216494845360824
2026-09-04 18:20:32+09:00,38,194,11,65.85704991615496,7,5.670103092783505
2026-09-04 18:25:32+09:00,38,194,16,66.36958702433671,7,8.24742268041237
2026-09-04 18:30:32+09:00,38,194,13,65.99403058170451,7,6.701030927835052
2026-09-04 18:35:32+09:00,38,194,22,68.02601189367167,7,11.34020618556701
2026-09-04 18:40:35+09:00,38,194,19,69.2268827293126,7,9.793814432989691
2026-09-04 18:45:35+09:00,38,194,25,69.84080658419772,7,12.886597938144329
2026-09-04 18:50:33+09:00,38,194,17,69.98901119205722,7,8.762886597938143
2026-09-04 18:55:34+09:00,38,194,22,63.21941990404171,6,11.34020618556701
2026-09-04 19:00:34+09:00,38,194,23,63.5635339028264,6,11.855670103092782
2026-09-04 19:05:32+09:00,38,194,29,62.73887744812814,6,14.948453608247423
2026-09-04 19:10:33+09:00,38,194,29,62.732277200792566,6,14.948453608247423
2026-09-04 19:15:32+09:00,38,194,32,64.00360455348752,6,16.49484536082474
2026-09-04 19:20:32+09:00,38,194,32,62.851135814455255,6,16.49484536082474
2026-09-04 19:25:32+09:00,38,194,30,60.704606140086874,6,15.463917525773196
2026-09-04 19:30:32+09:00,38,194,29,57.95218533969314,6,14.948453608247423
2026-09-04 19:35:33+09:00,38,194,31,60.293132825929,6,15.979381443298967
2026-09-04 19:40:35+09:00,38,194,27,58.99890351144779,6,13.917525773195877
2026-09-04 19:45:32+09:00,38,194,27,58.36371655075748,6,13.917525773195877
2026-09-04 19:50:33+09:00,38,194,29,57.80188310290033,6,14.948453608247423
2026-09-04 19:55:34+09:00,38,194,31,57.716774650415154,6,15.979381443298967
2026-09-04 20:00:32+09:00,38,194,32,56.967125505668264,6,16.49484536082474
2026-09-04 20:05:33+09:00,38,194,36,55.915310538503654,6,18.556701030927837
2026-09-04 20:10:32+09:00,38,194,40,55.0371573422433,6,20.618556701030926
2026-09-04 20:15:32+09:00,38,194,36,53.11318337627831,6,18.556701030927837
2026-09-04 20:20:33+09:00,38,194,42,53.653216771213955,6,21.649484536082475
2026-09-04 20:25:33+09:00,38,194,44,53.198637342560055,6,22.68041237113402
2026-09-04 20:30:33+09:00,38,194,44,52.66815506954692,6,22.68041237113402
2026-09-04 20:35:32+09:00,38,194,47,50.55207916797256,6,24.22680412371134
2026-09-04 20:40:32+09:00,38,194,51,49.07208762913854,6,26.288659793814436
2026-09-04 20:45:32+09:00,38,194,51,48.30489572173653,6,26.288659793814436
2026-09-04 20:50:32+09:00,38,194,53,45.980389089291045,6,27.31958762886598
2026-09-04 20:55:33+09:00,38,194,53,44.271930754669036,6,27.31958762886598
2026-09-04 21:00:33+09:00,38,194,56,43.342073753304454,6,28.865979381443296
2026-09-04 21:05:33+09:00,38,194,57,42.937200686482164,6,29.381443298969074
2026-09-04 21:10:34+09:00,38,194,57,41.16419290409206,6,29.381443298969074
2026-09-04 21:15:36+09:00,38,194,58,40.2642396549102,6,29.896907216494846
2026-09-04 21:20:34+09:00,38,194,59,40.04052600837776,6,30.412371134020617
2026-09-04 21:25:32+09:00,38,194,63,39.226177070670204,6,32.47422680412371
2026-09-04 21:30:32+09:00,38,194,69,46.52171803497209,7,35.56701030927835
2026-09-04 21:35:32+09:00,38,194,71,44.85159772445343,7,36.597938144329895
2026-09-04 21:40:32+09:00,38,194,76,51.71992700623655,6,39.175257731958766
2026-09-04 21:45:34+09:00,38,194,80,50.621388525860766,6,41.23711340206185
2026-09-04 21:50:33+09:00,38,194,79,50.26342211323825,6,40.72164948453608
2026-09-04 21:55:32+09:00,38,194,82,49.678881050436324,6,42.2680412371134
2026-09-04 22:00:32+09:00,38,194,86,47.84313225816578,6,44.329896907216494
2026-09-04 22:05:32+09:00,38,194,92,47.37505082269305,6,47.42268041237113
2026-09-04 22:10:33+09:00,38,194,97,46.561558759200985,6,50.0
2026-09-04 22:15:33+09:00,38,194,98,46.19923991862127,6,50.51546391752577
2026-09-04 22:20:32+09:00,38,194,96,45.6429386509106,6,49.48453608247423
2026-09-04 22:25:33+09:00,38,194,98,44.86590658528794,6,50.51546391752577
2026-09-04 22:30:33+09:00,38,194,101,44.39173092144201,6,52.0618556701031
2026-09-04 22:35:32+09:00,38,194,103,43.76612705670771,6,53.09278350515464
2026-09-04 22:40:33+09:00,38,194,103,42.7782043513937,6,53.09278350515464
2026-09-04 22:45:33+09:00,38,194,105,42.7782043513937,6,54.123711340206185
2026-09-04 22:50:32+09:00,38,194,107,42.151109062349185,6,55.154639175257735
2026-09-04 22:55:32+09:00,38,194,109,42.47845932936972,6,56.18556701030928
2026-09-04 23:00:33+09:00,38,194,111,42.43739652743735,6,57.21649484536082
2026-09-04 23:05:32+09:00,38,194,111,36.24037383977357,7,57.21649484536082
2026-09-04 23:10:34+09:00,38,194,114,35.95402037221204,7,58.76288659793815
2026-09-04 23:15:36+09:00,38,194,116,36.33497275316442,7,59.79381443298969
2026-09-04 23:20:32+09:00,38,194,117,36.49025225627001,7,60.30927835051546
2026-09-04 23:25:32+09:00,38,194,117,36.49025225627001,7,60.30927835051546
2026-09-04 23:30:32+09:00,38,194,117,36.42957166655528,7,60.30927835051546
2026-09-04 23:35:32+09:00,38,194,118,36.14321819899376,7,60.824742268041234
2026-09-04 23:40:32+09:00,38,194,117,36.390429718559275,7,60.30927835051546
2026-09-04 23:45:32+09:00,38,194,117,35.9742806502363,7,60.30927835051546
2026-09-04 23:50:33+09:00,38,194,118,35.30825316541687,7,60.824742268041234
2026-09-04 23:55:32+09:00,38,194,117,35.849708673794716,7,60.30927835051546
2026-09-04 09:45:34+09:00,39,133,34,30.758816684568565,7,25.563909774436087
2026-09-04 09:50:33+09:00,39,133,35,30.758816684568565,7,26.31578947368421
2026-09-04 09:55:33+09:00,39,133,35,30.758816684568565,7,26.31578947368421
2026-09-04 10:00:32+09:00,39,133,32,,0,24.06015037593985
2026-09-04 10:05:32+09:00,39,133,31,,0,23.308270676691727
2026-09-04 10:10:32+09:00,39,133,31,,0,23.308270676691727
2026-09-04 10:15:32+09:00,39,133,32,,0,24.06015037593985
2026-09-04 10:20:32+09:00,39,133,32,,0,24.06015037593985
2026-09-04 10:25:32+09:00,39,133,32,,0,24.06015037593985
2026-09-04 10:30:32+09:00,39,133,32,,0,24.06015037593985
2026-09-04 10:35:32+09:00,39,133,31,,0,23.308270676691727
2026-09-04 10:40:32+09:00,39,133,32,,0,24.06015037593985
2026-09-04 10:45:32+09:00,39,133,31,,0,23.308270676691727
2026-09-04 10:50:32+09:00,39,133,29,,0,21.804511278195488
2026-09-04 10:55:32+09:00,39,133,26,,0,19.548872180451127
2026-09-04 11:00:32+09:00,39,133,25,,0,18.796992481203006
2026-09-04 11:05:32+09:00,39,133,27,,0,20.30075187969925
2026-09-04 11:10:32+09:00,39,133,26,,0,19.548872180451127
2026-09-04 11:15:32+09:00,39,133,26,,0,19.548872180451127
2026-09-04 11:20:32+09:00,39,133,26,,0,19.548872180451127
2026-09-04 11:25:32+09:00,39,133,26,,0,19.548872180451127
2026-09-04 11:30:32+09:00,39,133,26,,0,19.548872180451127
2026-09-04 11:35:32+09:00,39,133,26,,0,19.548872180451127
2026-09-04 11:40:35+09:00,39,133,26,,0,19.548872180451127
2026-09-04 11:45:32+09:00,39,133,25,,0,18.796992481203006
2026-09-04 11:50:32+09:00,39,133,26,,0,19.548872180451127
2026-09-04 11:55:33+09:00,39,133,25,,0,18.796992481203006
2026-09-04 12:00:32+09:00,39,133,24,,0,18.045112781954884
2026-09-04 12:05:32+09:00,39,133,25,,0,18.796992481203006
2026-09-04 12:10:32+09:00,39,133,26,,0,19.548872180451127
2026-09-04 12:15:33+09:00,39,133,23,,0,17.293233082706767
2026-09-04 12:20:32+09:00,39,133,24,,0,18.045112781954884
2026-09-04 12:25:32+09:00,39,133,22,,0,16.541353383458645
2026-09-04 12:30:32+09:00,39,133,24,,0,18.045112781954884
2026-09-04 12:35:32+09:00,39,133,24,,0,18.045112781954884
2026-09-04 12:40:33+09:00,39,133,24,,0,18.045112781954884
2026-09-04 12:45:32+09:00,39,133,26,,0,19.548872180451127
2026-09-04 12:50:32+09:00,39,133,27,,0,20.30075187969925
2026-09-04 12:55:32+09:00,39,133,26,,0,19.548872180451127
2026-09-04 13:00:32+09:00,39,133,25,,0,18.796992481203006
2026-09-04 13:05:32+09:00,39,133,25,,0,18.796992481203006
2026-09-04 13:10:32+09:00,39,133,24,,0,18.045112781954884
2026-09-04 13:15:32+09:00,39,133,25,,0,18.796992481203006
2026-09-04 13:20:32+09:00,39,133,24,,0,18.045112781954884
2026-09-04 13:25:32+09:00,39,133,24,,0,18.045112781954884
2026-09-04 13:30:32+09:00,39,133,24,,0,18.045112781954884
2026-09-04 13:35:32+09:00,39,133,23,,0,17.293233082706767
2026-09-04 13:40:32+09:00,39,133,23,,0,17.293233082706767
2026-09-04 13:45:33+09:00,39,133,22,,0,16.541353383458645
2026-09-04 13:50:32+09:00,39,133,24,,0,18.045112781954884
2026-09-04 13:55:33+09:00,39,133,24,,0,18.045112781954884
2026-09-04 14:00:32+09:00,39,133,25,,0,18.796992481203006
2026-09-04 14:05:33+09:00,39,133,24,31.055988184747584,7,18.045112781954884
2026-09-04 14:10:32+09:00,39,133,23,31.206364124597208,7,17.293233082706767
2026-09-04 14:15:34+09:00,39,133,24,30.90561224489796,7,18.045112781954884
2026-09-04 14:20:34+09:00,39,133,23,31.23142678123881,7,17.293233082706767
2026-09-04 14:25:34+09:00,39,133,23,31.381802721088434,7,17.293233082706767
2026-09-04 14:30:32+09:00,39,133,23,31.041666666666664,7,17.293233082706767
2026-09-04 14:35:33+09:00,39,133,25,31.041666666666664,7,18.796992481203006
2026-09-04 14:40:32+09:00,39,133,27,31.041666666666664,7,20.30075187969925
2026-09-04 14:45:35+09:00,39,133,28,31.041666666666664,7,21.052631578947366
2026-09-04 14:50:34+09:00,39,133,27,31.19204260651629,7,20.30075187969925
2026-09-04 14:55:34+09:00,39,133,27,31.906328320802004,7,20.30075187969925
2026-09-04 15:00:32+09:00,39,133,28,31.43013784461153,7,21.052631578947366
2026-09-04 15:05:33+09:00,39,133,29,31.279761904761905,7,21.804511278195488
2026-09-04 15:10:33+09:00,39,133,31,31.279761904761905,7,23.308270676691727
2026-09-04 15:15:33+09:00,39,133,32,32.232142857142854,7,24.06015037593985
2026-09-04 15:20:32+09:00,39,133,31,31.75595238095238,7,23.308270676691727
2026-09-04 15:25:32+09:00,39,133,32,30.89129072681704,7,24.06015037593985
2026-09-04 15:30:32+09:00,39,133,31,30.7015306122449,7,23.308270676691727
2026-09-04 15:35:32+09:00,39,133,31,30.7015306122449,7,23.308270676691727
2026-09-04 15:40:32+09:00,39,133,32,29.83686895810956,7,24.06015037593985
2026-09-04 15:45:34+09:00,39,133,31,30.46343537414966,7,23.308270676691727
2026-09-04 15:50:34+09:00,39,133,31,30.44911385606874,7,23.308270676691727
2026-09-04 15:55:33+09:00,39,133,30,30.687209094163983,7,22.55639097744361
2026-09-04 16:00:34+09:00,39,133,28,31.28513247404225,7,21.052631578947366
2026-09-04 16:05:34+09:00,39,133,27,31.10969387755102,7,20.30075187969925
2026-09-04 16:10:35+09:00,39,133,27,30.157312925170068,7,20.30075187969925
2026-09-04 16:15:35+09:00,39,133,28,29.59340315073398,7,21.052631578947366
2026-09-04 16:20:33+09:00,39,133,28,29.292651271034725,7,21.052631578947366
2026-09-04 16:25:32+09:00,39,133,27,24.38037056928035,7,20.30075187969925
2026-09-04 16:30:33+09:00,39,133,28,24.38037056928035,7,21.052631578947366
2026-09-04 16:35:32+09:00,39,133,28,24.38037056928035,7,21.052631578947366
2026-09-04 16:40:32+09:00,39,133,27,24.38037056928035,7,20.30075187969925
2026-09-04 16:45:32+09:00,39,133,28,24.85656104547082,7,21.052631578947366
2026-09-04 16:50:32+09:00,39,133,28,26.28513247404225,7,21.052631578947366
2026-09-04 16:55:32+09:00,39,133,26,27.174856784819188,7,19.548872180451127
2026-09-04 17:00:32+09:00,39,133,26,27.024480844969567,7,19.548872180451127
2026-09-04 17:05:33+09:00,39,133,29,26.87410490511994,7,21.804511278195488
2026-09-04 17:10:33+09:00,39,133,31,26.72372896527032,7,23.308270676691727
2026-09-04 17:15:32+09:00,39,133,30,26.42297708557107,7,22.55639097744361
2026-09-04 17:20:32+09:00,39,133,32,26.42297708557107,7,24.06015037593985
2026-09-04 17:25:32+09:00,39,133,33,27.137262799856785,7,24.81203007518797
2026-09-04 17:30:34+09:00,39,133,34,27.914205155746508,7,25.563909774436087
2026-09-04 17:35:35+09:00,39,133,37,28.77886680988185,7,27.819548872180448
2026-09-04 17:40:35+09:00,39,133,39,28.390395631936986,7,29.32330827067669
2026-09-04 17:45:34+09:00,39,133,41,28.390395631936986,7,30.82706766917293
2026-09-04 17:50:32+09:00,39,133,43,28.240019692087362,7,32.33082706766917
2026-09-04 17:55:33+09:00,39,133,46,29.518215180809165,7,34.58646616541353
2026-09-04 18:00:32+09:00,39,133,43,29.518215180809165,7,32.33082706766917
2026-09-04 18:05:32+09:00,39,133,44,30.708691371285358,7,33.08270676691729
2026-09-04 18:10:34+09:00,39,133,47,30.708691371285358,7,35.338345864661655
2026-09-04 18:15:32+09:00,39,133,49,31.034505907626208,7,36.84210526315789
2026-09-04 18:20:32+09:00,39,133,51,32.07460615825278,7,38.34586466165413
2026-09-04 18:25:32+09:00,39,133,51,31.335257787325457,7,38.34586466165413
2026-09-04 18:30:32+09:00,39,133,50,34.104681346222705,7,37.59398496240601
2026-09-04 18:35:32+09:00,39,133,49,34.04202470461869,7,36.84210526315789
2026-09-04 18:40:35+09:00,39,133,51,34.04202470461869,7,38.34586466165413
2026-09-04 18:45:35+09:00,39,133,51,34.192400644468314,7,38.34586466165413
2026-09-04 18:50:33+09:00,39,133,50,34.34277658431794,7,37.59398496240601
2026-09-04 18:55:34+09:00,39,133,46,34.49315252416756,7,34.58646616541353
2026-09-04 19:00:34+09:00,39,133,43,35.357814178302895,7,32.33082706766917
2026-09-04 19:05:32+09:00,39,133,41,35.984380594343,7,30.82706766917293
2026-09-04 19:10:33+09:00,39,133,39,35.74628535624776,7,29.32330827067669
2026-09-04 19:15:32+09:00,39,133,40,36.222475832438235,7,30.075187969924812
2026-09-04 19:20:32+09:00,39,133,39,37.17485678481919,7,29.32330827067669
2026-09-04 19:25:32+09:00,39,133,39,37.17485678481919,7,29.32330827067669
2026-09-04 19:30:32+09:00,39,133,40,37.8891424991049,7,30.075187969924812
2026-09-04 19:35:33+09:00,39,133,39,37.8891424991049,7,29.32330827067669
2026-09-04 19:40:35+09:00,39,133,38,36.460571070533476,7,28.57142857142857
2026-09-04 19:45:32+09:00,39,133,39,36.786385606874326,7,29.32330827067669
2026-09-04 19:50:33+09:00,39,133,39,37.2625760830648,7,29.32330827067669
2026-09-04 19:55:34+09:00,39,133,41,37.56332796276405,7,30.82706766917293
2026-09-04 20:00:32+09:00,39,133,42,37.71370390261368,7,31.57894736842105
2026-09-04 20:05:33+09:00,39,133,42,37.71370390261368,7,31.57894736842105
2026-09-04 20:10:32+09:00,39,133,43,38.66608485499463,7,32.33082706766917
2026-09-04 20:15:32+09:00,39,133,44,40.09465628356606,7,33.08270676691729
2026-09-04 20:20:33+09:00,39,133,43,39.380370569280345,7,32.33082706766917
2026-09-04 20:25:33+09:00,39,133,44,39.380370569280345,7,33.08270676691729
2026-09-04 20:30:33+09:00,39,133,46,39.22999462943072,7,34.58646616541353
2026-09-04 20:35:32+09:00,39,133,46,39.22999462943072,7,34.58646616541353
2026-09-04 20:40:32+09:00,39,133,54,37.087137486573575,7,40.6015037593985
2026-09-04 20:45:32+09:00,39,133,53,26.601660401002505,6,39.849624060150376
2026-09-04 20:50:32+09:00,39,133,53,27.61043233082707,6,39.849624060150376
2026-09-04 20:55:33+09:00,39,133,48,27.61043233082707,6,36.09022556390977
2026-09-04 21:00:33+09:00,39,133,49,27.785870927318296,6,36.84210526315789
2026-09-04 21:05:33+09:00,39,133,49,27.961309523809522,6,36.84210526315789
2026-09-04 21:10:34+09:00,39,133,47,27.785870927318296,6,35.338345864661655
2026-09-04 21:15:36+09:00,39,133,46,27.785870927318296,6,34.58646616541353
2026-09-04 21:20:34+09:00,39,133,47,27.785870927318296,6,35.338345864661655
2026-09-04 21:25:32+09:00,39,133,49,28.13674812030075,6,36.84210526315789
2026-09-04 21:30:32+09:00,39,133,48,28.31218671679198,6,36.09022556390977
2026-09-04 21:35:32+09:00,39,133,48,28.31218671679198,6,36.09022556390977
2026-09-04 21:40:32+09:00,39,133,48,28.31218671679198,6,36.09022556390977
2026-09-04 21:45:34+09:00,39,133,48,28.487625313283207,6,36.09022556390977
2026-09-04 21:50:33+09:00,39,133,48,28.487625313283207,6,36.09022556390977
2026-09-04 21:55:32+09:00,39,133,48,28.487625313283207,6,36.09022556390977
2026-09-04 22:00:32+09:00,39,133,48,28.487625313283207,6,36.09022556390977
2026-09-04 22:05:32+09:00,39,133,48,28.487625313283207,6,36.09022556390977
2026-09-04 22:10:33+09:00,39,133,49,28.487625313283207,6,36.84210526315789
2026-09-04 22:15:33+09:00,39,133,50,28.31218671679198,6,37.59398496240601
2026-09-04 22:20:32+09:00,39,133,49,28.31218671679198,6,36.84210526315789
2026-09-04 22:25:33+09:00,39,133,48,28.31218671679198,6,36.09022556390977
2026-09-04 22:30:33+09:00,39,133,48,28.31218671679198,6,36.09022556390977
2026-09-04 22:35:32+09:00,39,133,48,28.31218671679198,6,36.09022556390977
2026-09-04 22:40:33+09:00,39,133,48,28.31218671679198,6,36.09022556390977
2026-09-04 22:45:33+09:00,39,133,49,28.31218671679198,6,36.84210526315789
2026-09-04 22:50:32+09:00,39,133,48,28.31218671679198,6,36.09022556390977
2026-09-04 22:55:32+09:00,39,133,51,28.31218671679198,6,38.34586466165413
2026-09-04 23:00:33+09:00,39,133,52,28.31218671679198,6,39.097744360902254
2026-09-04 23:05:32+09:00,39,133,52,27.12171052631579,6,39.097744360902254
2026-09-04 23:10:34+09:00,39,133,53,26.94627192982456,6,39.849624060150376
2026-09-04 23:15:36+09:00,39,133,52,26.94627192982456,6,39.097744360902254
2026-09-04 23:20:32+09:00,39,133,52,26.94627192982456,6,39.097744360902254
2026-09-04 23:25:32+09:00,39,133,54,26.770833333333332,6,40.6015037593985
2026-09-04 23:30:32+09:00,39,133,55,26.770833333333332,6,41.35338345864661
2026-09-04 23:35:32+09:00,39,133,54,26.770833333333332,6,40.6015037593985
2026-09-04 23:40:32+09:00,39,133,55,26.770833333333332,6,41.35338345864661
2026-09-04 23:45:32+09:00,39,133,55,26.770833333333332,6,41.35338345864661
2026-09-04 23:50:33+09:00,39,133,55,26.770833333333332,6,41.35338345864661
2026-09-04 23:55:32+09:00,39,133,55,26.770833333333332,6,41.35338345864661
2026-09-04 09:45:34+09:00,40,30,17,35.91013638684862,8,56.666666666666664
2026-09-04 09:50:33+09:00,40,30,17,35.91013638684862,8,56.666666666666664
2026-09-04 09:55:33+09:00,40,30,17,35.91013638684862,8,56.666666666666664
2026-09-04 10:00:32+09:00,40,30,17,,0,56.666666666666664
2026-09-04 10:05:32+09:00,40,30,18,,0,60.0
2026-09-04 10:10:32+09:00,40,30,18,,0,60.0
2026-09-04 10:15:32+09:00,40,30,18,,0,60.0
2026-09-04 10:20:32+09:00,40,30,18,,0,60.0
2026-09-04 10:25:32+09:00,40,30,18,,0,60.0
2026-09-04 10:30:32+09:00,40,30,18,,0,60.0
2026-09-04 10:35:32+09:00,40,30,18,,0,60.0
2026-09-04 10:40:32+09:00,40,30,19,,0,63.33333333333333
2026-09-04 10:45:32+09:00,40,30,18,,0,60.0
2026-09-04 10:50:32+09:00,40,30,18,,0,60.0
2026-09-04 10:55:32+09:00,40,30,18,,0,60.0
2026-09-04 11:00:32+09:00,40,30,18,,0,60.0
2026-09-04 11:05:32+09:00,40,30,18,,0,60.0
2026-09-04 11:10:32+09:00,40,30,18,,0,60.0
2026-09-04 11:15:32+09:00,40,30,19,,0,63.33333333333333
2026-09-04 11:20:32+09:00,40,30,17,,0,56.666666666666664
2026-09-04 11:25:32+09:00,40,30,17,,0,56.666666666666664
2026-09-04 11:30:32+09:00,40,30,17,,0,56.666666666666664
2026-09-04 11:35:32+09:00,40,30,17,,0,56.666666666666664
2026-09-04 11:40:35+09:00,40,30,17,,0,56.666666666666664
2026-09-04 11:45:32+09:00,40,30,17,,0,56.666666666666664
2026-09-04 11:50:32+09:00,40,30,17,,0,56.666666666666664
2026-09-04 11:55:33+09:00,40,30,16,,0,53.333333333333336
2026-09-04 12:00:32+09:00,40,30,16,,0,53.333333333333336
2026-09-04 12:05:32+09:00,40,30,16,,0,53.333333333333336
2026-09-04 12:10:32+09:00,40,30,16,,0,53.333333333333336
2026-09-04 12:15:33+09:00,40,30,16,,0,53.333333333333336
2026-09-04 12:20:32+09:00,40,30,16,,0,53.333333333333336
2026-09-04 12:25:32+09:00,40,30,15,,0,50.0
2026-09-04 12:30:32+09:00,40,30,14,,0,46.666666666666664
2026-09-04 12:35:32+09:00,40,30,14,,0,46.666666666666664
2026-09-04 12:40:33+09:00,40,30,15,,0,50.0
2026-09-04 12:45:32+09:00,40,30,16,,0,53.333333333333336
2026-09-04 12:50:32+09:00,40,30,16,,0,53.333333333333336
2026-09-04 12:55:32+09:00,40,30,15,,0,50.0
2026-09-04 13:00:32+09:00,40,30,15,,0,50.0
2026-09-04 13:05:32+09:00,40,30,16,,0,53.333333333333336
2026-09-04 13:10:32+09:00,40,30,16,,0,53.333333333333336
2026-09-04 13:15:32+09:00,40,30,15,,0,50.0
2026-09-04 13:20:32+09:00,40,30,14,,0,46.666666666666664
2026-09-04 13:25:32+09:00,40,30,14,,0,46.666666666666664
2026-09-04 13:30:32+09:00,40,30,13,,0,43.333333333333336
2026-09-04 13:35:32+09:00,40,30,14,,0,46.666666666666664
2026-09-04 13:40:32+09:00,40,30,13,,0,43.333333333333336
2026-09-04 13:45:33+09:00,40,30,13,,0,43.333333333333336
2026-09-04 13:50:32+09:00,40,30,13,,0,43.333333333333336
2026-09-04 13:55:33+09:00,40,30,14,,0,46.666666666666664
2026-09-04 14:00:32+09:00,40,30,14,,0,46.666666666666664
2026-09-04 14:05:33+09:00,40,30,13,36.22128274986599,8,43.333333333333336
2026-09-04 14:10:32+09:00,40,30,14,36.54083162204645,8,46.666666666666664
2026-09-04 14:15:34+09:00,40,30,14,36.183688764903586,8,46.666666666666664
2026-09-04 14:20:34+09:00,40,30,13,35.97985548227505,8,43.333333333333336
2026-09-04 14:25:34+09:00,40,30,13,36.13316505678937,8,43.333333333333336
2026-09-04 14:30:32+09:00,40,30,13,35.90780034443044,8,43.333333333333336
2026-09-04 14:35:33+09:00,40,30,13,35.81381538202442,8,43.333333333333336
2026-09-04 14:40:32+09:00,40,30,13,35.62584545721239,8,43.333333333333336
2026-09-04 14:45:35+09:00,40,30,13,35.43787553240036,8,43.333333333333336
2026-09-04 14:50:34+09:00,40,30,13,35.56945447976879,8,43.333333333333336
2026-09-04 14:55:34+09:00,40,30,13,36.2884394421748,8,43.333333333333336
2026-09-04 15:00:32+09:00,40,30,14,36.19445447976879,8,46.666666666666664
2026-09-04 15:05:33+09:00,40,30,14,36.13512986766048,8,46.666666666666664
2026-09-04 15:10:33+09:00,40,30,12,36.01941427810856,8,40.0
2026-09-04 15:15:33+09:00,40,30,13,35.6869356827763,8,43.333333333333336
2026-09-04 15:20:32+09:00,40,30,13,35.75919001803642,8,43.333333333333336
2026-09-04 15:25:32+09:00,40,30,13,35.096596033074015,8,43.333333333333336
2026-09-04 15:30:32+09:00,40,30,13,34.93055593282339,8,43.333333333333336
2026-09-04 15:35:32+09:00,40,30,13,34.93055593282339,8,43.333333333333336
2026-09-04 15:40:32+09:00,40,30,12,34.17397698545496,8,40.0
2026-09-04 15:45:34+09:00,40,30,12,34.3778102680835,8,40.0
2026-09-04 15:50:34+09:00,40,30,11,33.87635793783592,8,36.666666666666664
2026-09-04 15:55:33+09:00,40,30,12,34.4291036025758,8,40.0
2026-09-04 16:00:34+09:00,40,30,12,35.30649578244745,8,40.0
2026-09-04 16:05:34+09:00,40,30,12,35.6636386395903,8,40.0
2026-09-04 16:10:35+09:00,40,30,12,34.36311493147609,8,40.0
2026-09-04 16:15:35+09:00,40,30,12,33.53721528351225,8,40.0
2026-09-04 16:20:33+09:00,40,30,12,33.34631172403552,8,40.0
2026-09-04 16:25:32+09:00,40,30,12,28.997542401886218,8,40.0
2026-09-04 16:30:33+09:00,40,30,12,28.925288066626102,8,40.0
2026-09-04 16:35:32+09:00,40,30,12,28.809572477074187,8,40.0
2026-09-04 16:40:32+09:00,40,30,11,28.78077939610587,8,36.666666666666664
2026-09-04 16:45:32+09:00,40,30,11,28.686794433699855,8,36.666666666666664
2026-09-04 16:50:32+09:00,40,30,11,29.958525060845755,8,36.666666666666664
2026-09-04 16:55:32+09:00,40,30,10,30.342097793254812,8,33.33333333333333
2026-09-04 17:00:32+09:00,40,30,10,30.11653388348038,8,33.33333333333333
2026-09-04 17:05:33+09:00,40,30,10,29.630745713633793,8,33.33333333333333
2026-09-04 17:10:33+09:00,40,30,10,29.593151728671387,8,33.33333333333333
2026-09-04 17:15:32+09:00,40,30,10,29.142023909122514,8,33.33333333333333
2026-09-04 17:20:32+09:00,40,30,10,29.286532579642746,8,33.33333333333333
2026-09-04 17:25:32+09:00,40,30,10,29.962056287756965,8,33.33333333333333
2026-09-04 17:30:34+09:00,40,30,9,29.892735587161546,8,30.0
2026-09-04 17:35:35+09:00,40,30,9,30.649314534529967,8,30.0
2026-09-04 17:40:35+09:00,40,30,8,29.372287067017254,8,26.666666666666668
2026-09-04 17:45:34+09:00,40,30,8,29.184317142205224,8,26.666666666666668
2026-09-04 17:50:32+09:00,40,30,8,28.864768270024772,8,26.666666666666668
2026-09-04 17:55:33+09:00,40,30,8,29.390486467251947,8,26.666666666666668
2026-09-04 18:00:32+09:00,40,30,8,29.766426316876004,8,26.666666666666668
2026-09-04 18:05:32+09:00,40,30,7,30.225187019209873,8,23.333333333333332
2026-09-04 18:10:34+09:00,40,30,7,30.131202056803858,8,23.333333333333332
2026-09-04 18:15:32+09:00,40,30,6,29.60195263266548,8,20.0
2026-09-04 18:20:32+09:00,40,30,6,30.073643058151156,8,20.0
2026-09-04 18:25:32+09:00,40,30,5,29.69887122973619,8,16.666666666666664
2026-09-04 18:30:32+09:00,40,30,4,31.611465214698597,8,13.333333333333334
2026-09-04 18:35:32+09:00,40,30,3,30.961800952887998,8,10.0
2026-09-04 18:40:35+09:00,40,30,3,30.745037947107654,8,10.0
2026-09-04 18:45:35+09:00,40,30,3,31.021125564996304,8,10.0
2026-09-04 18:50:33+09:00,40,30,3,31.152704512364725,8,10.0
2026-09-04 18:55:34+09:00,40,30,3,31.399999049285064,8,10.0
2026-09-04 19:00:34+09:00,40,30,3,32.604772181537655,8,10.0
2026-09-04 19:05:32+09:00,40,30,2,32.92432105371811,8,6.666666666666667
2026-09-04 19:10:33+09:00,40,30,3,33.92526090334217,8,10.0
2026-09-04 19:15:32+09:00,40,30,2,33.73729097853014,8,6.666666666666667
2026-09-04 19:20:32+09:00,40,30,1,33.97578461145638,8,3.3333333333333335
2026-09-04 19:25:32+09:00,40,30,1,33.97578461145638,8,3.3333333333333335
2026-09-04 19:30:32+09:00,40,30,1,34.60078461145638,8,3.3333333333333335
2026-09-04 19:35:33+09:00,40,30,1,34.45627594093615,8,3.3333333333333335
2026-09-04 19:40:35+09:00,40,30,3,34.55026090334217,8,10.0
2026-09-04 19:45:32+09:00,40,30,3,34.39695132882785,8,10.0
2026-09-04 19:50:33+09:00,40,30,2,34.39695132882785,8,6.666666666666667
2026-09-04 19:55:34+09:00,40,30,2,34.49386992589856,8,6.666666666666667
2026-09-04 20:00:32+09:00,40,30,2,34.43747894845495,8,6.666666666666667
2026-09-04 20:05:33+09:00,40,30,2,34.581987618975184,8,6.666666666666667
2026-09-04 20:10:32+09:00,40,30,0,34.488002656569165,8,0.0
2026-09-04 20:15:32+09:00,40,30,0,35.716272029423266,8,0.0
2026-09-04 20:20:33+09:00,40,30,0,35.113002656569165,8,0.0
2026-09-04 20:25:33+09:00,40,30,0,35.2575113270894,8,0.0
2026-09-04 20:30:33+09:00,40,30,0,34.84397749250293,8,0.0
2026-09-04 20:35:32+09:00,40,30,0,34.91623182776305,8,0.0
2026-09-04 20:40:32+09:00,40,30,0,32.21709779325481,8,0.0
2026-09-04 20:45:32+09:00,40,30,0,32.45559142618106,8,0.0
2026-09-04 20:50:32+09:00,40,30,0,33.284424708809595,8,0.0
2026-09-04 20:55:33+09:00,40,30,0,33.63863393128776,8,0.0
2026-09-04 21:00:33+09:00,40,30,0,34.008706511582425,8,0.0
2026-09-04 21:05:33+09:00,40,30,0,34.06803112369073,8,0.0
2026-09-04 21:10:34+09:00,40,30,0,34.124422101134336,8,0.0
2026-09-04 21:15:36+09:00,40,30,0,34.146152728280235,8,0.0
2026-09-04 21:20:34+09:00,40,30,0,34.196676436394455,8,0.0
2026-09-04 21:25:32+09:00,40,30,0,34.34411874157938,8,0.0
2026-09-04 21:30:32+09:00,40,30,0,34.569682651353816,8,0.0
2026-09-04 21:35:32+09:00,40,30,0,34.569682651353816,8,0.0
2026-09-04 21:40:32+09:00,40,30,0,34.569682651353816,8,0.0
2026-09-04 21:45:34+09:00,40,30,0,34.84577026924247,8,0.0
2026-09-04 21:50:33+09:00,40,30,0,34.84577026924247,8,0.0
2026-09-04 21:55:32+09:00,40,30,0,34.84577026924247,8,0.0
2026-09-04 22:00:32+09:00,40,30,0,34.82403964209657,8,0.0
2026-09-04 22:05:32+09:00,40,30,0,34.9902789397627,8,0.0
2026-09-04 22:10:33+09:00,40,30,0,34.9902789397627,8,0.0
2026-09-04 22:15:33+09:00,40,30,0,34.76471502998827,8,0.0
2026-09-04 22:20:32+09:00,40,30,0,34.67073006758225,8,0.0
2026-09-04 22:25:33+09:00,40,30,0,34.83696936524838,8,0.0
2026-09-04 22:30:33+09:00,40,30,0,34.9309543276544,8,0.0
2026-09-04 22:35:32+09:00,40,30,0,34.83696936524838,8,0.0
2026-09-04 22:40:33+09:00,40,30,0,34.9309543276544,8,0.0
2026-09-04 22:45:33+09:00,40,30,0,35.00320866291451,8,0.0
2026-09-04 22:50:32+09:00,40,30,0,34.9092237005085,8,0.0
2026-09-04 22:55:32+09:00,40,30,0,34.81523873810248,8,0.0
2026-09-04 23:00:33+09:00,40,30,0,34.62726881329045,8,0.0
2026-09-04 23:05:32+09:00,40,30,0,33.80666600569342,8,0.0
2026-09-04 23:10:34+09:00,40,30,0,33.675087058325005,8,0.0
2026-09-04 23:15:36+09:00,40,30,0,33.508847760658874,8,0.0
2026-09-04 23:20:32+09:00,40,30,0,33.602832723064886,8,0.0
2026-09-04 23:25:32+09:00,40,30,0,33.5723011919249,8,0.0
2026-09-04 23:30:32+09:00,40,30,0,33.64455552718501,8,0.0
2026-09-04 23:35:32+09:00,40,30,0,33.50004685666478,8,0.0
2026-09-04 23:40:32+09:00,40,30,0,33.40606189425877,8,0.0
2026-09-04 23:45:32+09:00,40,30,0,33.40606189425877,8,0.0
2026-09-04 23:50:33+09:00,40,30,0,33.40606189425877,8,0.0
2026-09-04 23:55:32+09:00,40,30,0,33.31207693185275,8,0.0
2026-09-04 09:45:34+09:00,41,15,15,41.32680305351529,8,100.0
2026-09-04 09:50:33+09:00,41,15,15,41.32680305351529,8,100.0
2026-09-04 09:55:33+09:00,41,15,15,41.32680305351529,8,100.0
2026-09-04 10:00:32+09:00,41,15,15,,0,100.0
2026-09-04 10:05:32+09:00,41,15,15,,0,100.0
2026-09-04 10:10:32+09:00,41,15,15,,0,100.0
2026-09-04 10:15:32+09:00,41,15,15,,0,100.0
2026-09-04 10:20:32+09:00,41,15,15,,0,100.0
2026-09-04 10:25:32+09:00,41,15,15,,0,100.0
2026-09-04 10:30:32+09:00,41,15,15,,0,100.0
2026-09-04 10:35:32+09:00,41,15,15,,0,100.0
2026-09-04 10:40:32+09:00,41,15,15,,0,100.0
2026-09-04 10:45:32+09:00,41,15,15,,0,100.0
2026-09-04 10:50:32+09:00,41,15,15,,0,100.0
2026-09-04 10:55:32+09:00,41,15,15,,0,100.0
2026-09-04 11:00:32+09:00,41,15,15,,0,100.0
2026-09-04 11:05:32+09:00,41,15,15,,0,100.0
2026-09-04 11:10:32+09:00,41,15,15,,0,100.0
2026-09-04 11:15:32+09:00,41,15,15,,0,100.0
2026-09-04 11:20:32+09:00,41,15,15,,0,100.0
2026-09-04 11:25:32+09:00,41,15,15,,0,100.0
2026-09-04 11:30:32+09:00,41,15,15,,0,100.0
2026-09-04 11:35:32+09:00,41,15,15,,0,100.0
2026-09-04 11:40:35+09:00,41,15,15,,0,100.0
2026-09-04 11:45:32+09:00,41,15,15,,0,100.0
2026-09-04 11:50:32+09:00,41,15,15,,0,100.0
2026-09-04 11:55:33+09:00,41,15,15,,0,100.0
2026-09-04 12:00:32+09:00,41,15,15,,0,100.0
2026-09-04 12:05:32+09:00,41,15,15,,0,100.0
2026-09-04 12:10:32+09:00,41,15,15,,0,100.0
2026-09-04 12:15:33+09:00,41,15,15,,0,100.0
2026-09-04 12:20:32+09:00,41,15,15,,0,100.0
2026-09-04 12:25:32+09:00,41,15,15,,0,100.0
2026-09-04 12:30:32+09:00,41,15,15,,0,100.0
2026-09-04 12:35:32+09:00,41,15,15,,0,100.0
2026-09-04 12:40:33+09:00,41,15,15,,0,100.0
2026-09-04 12:45:32+09:00,41,15,15,,0,100.0
2026-09-04 12:50:32+09:00,41,15,15,,0,100.0
2026-09-04 12:55:32+09:00,41,15,15,,0,100.0
2026-09-04 13:00:32+09:00,41,15,15,,0,100.0
2026-09-04 13:05:32+09:00,41,15,15,,0,100.0
2026-09-04 13:10:32+09:00,41,15,15,,0,100.0
2026-09-04 13:15:32+09:00,41,15,15,,0,100.0
2026-09-04 13:20:32+09:00,41,15,15,,0,100.0
2026-09-04 13:25:32+09:00,41,15,15,,0,100.0
2026-09-04 13:30:32+09:00,41,15,15,,0,100.0
2026-09-04 13:35:32+09:00,41,15,15,,0,100.0
2026-09-04 13:40:32+09:00,41,15,15,,0,100.0
2026-09-04 13:45:33+09:00,41,15,15,,0,100.0
2026-09-04 13:50:32+09:00,41,15,15,,0,100.0
2026-09-04 13:55:33+09:00,41,15,15,,0,100.0
2026-09-04 14:00:32+09:00,41,15,15,,0,100.0
2026-09-04 14:05:33+09:00,41,15,15,42.88794941653266,8,100.0
2026-09-04 14:10:32+09:00,41,15,15,43.20749828871311,8,100.0
2026-09-04 14:15:34+09:00,41,15,15,42.85035543157026,8,100.0
2026-09-04 14:20:34+09:00,41,15,15,43.063188815608385,8,100.0
2026-09-04 14:25:34+09:00,41,15,15,43.2164983901227,8,100.0
2026-09-04 14:30:32+09:00,41,15,15,42.99113367776377,8,100.0
2026-09-04 14:35:33+09:00,41,15,15,42.89714871535776,8,100.0
2026-09-04 14:40:32+09:00,41,15,15,42.70917879054573,8,100.0
2026-09-04 14:45:35+09:00,41,15,15,42.5212088657337,8,100.0
2026-09-04 14:50:34+09:00,41,15,15,42.652787813102115,8,100.0
2026-09-04 14:55:34+09:00,41,15,15,43.371772775508134,8,100.0
2026-09-04 15:00:32+09:00,41,15,15,42.86112114643545,8,100.0
2026-09-04 15:05:33+09:00,41,15,15,42.801796534327146,8,100.0
2026-09-04 15:10:33+09:00,41,15,15,42.686080944775235,8,100.0
2026-09-04 15:15:33+09:00,41,15,15,43.1869356827763,8,100.0
2026-09-04 15:20:32+09:00,41,15,15,42.84252335136975,8,100.0
2026-09-04 15:25:32+09:00,41,15,15,42.17992936640734,8,100.0
2026-09-04 15:30:32+09:00,41,15,15,42.01388926615672,8,100.0
2026-09-04 15:35:32+09:00,41,15,15,42.01388926615672,8,100.0
2026-09-04 15:40:32+09:00,41,15,15,41.2573103187883,8,100.0
2026-09-04 15:45:34+09:00,41,15,15,41.8778102680835,8,100.0
2026-09-04 15:50:34+09:00,41,15,15,41.793024604502584,8,100.0
2026-09-04 15:55:33+09:00,41,15,15,41.9291036025758,8,100.0
2026-09-04 16:00:34+09:00,41,15,15,42.80649578244745,8,100.0
2026-09-04 16:05:34+09:00,41,15,15,42.74697197292364,8,100.0
2026-09-04 16:10:35+09:00,41,15,15,41.86311493147609,8,100.0
2026-09-04 16:15:35+09:00,41,15,15,41.03721528351225,8,100.0
2026-09-04 16:20:33+09:00,41,15,15,40.84631172403552,8,100.0
2026-09-04 16:25:32+09:00,41,15,15,36.49754240188622,8,100.0
2026-09-04 16:30:33+09:00,41,15,15,36.4252880666261,8,100.0
2026-09-04 16:35:32+09:00,41,15,15,36.30957247707419,8,100.0
2026-09-04 16:40:32+09:00,41,15,15,36.28077939610587,8,100.0
2026-09-04 16:45:32+09:00,41,15,15,36.60346110036652,8,100.0
2026-09-04 16:50:32+09:00,41,15,15,37.87519172751242,8,100.0
2026-09-04 16:55:32+09:00,41,15,15,38.675431126588144,8,100.0
2026-09-04 17:00:32+09:00,41,15,15,38.44986721681371,8,100.0
2026-09-04 17:05:33+09:00,41,15,15,37.96407904696713,8,100.0
2026-09-04 17:10:33+09:00,41,15,15,37.92648506200472,8,100.0
2026-09-04 17:15:32+09:00,41,15,15,37.47535724245585,8,100.0
2026-09-04 17:20:32+09:00,41,15,15,37.61986591297608,8,100.0
2026-09-04 17:25:32+09:00,41,15,15,38.295389621090294,8,100.0
2026-09-04 17:30:34+09:00,41,15,15,38.642735587161546,8,100.0
2026-09-04 17:35:35+09:00,41,15,15,39.39931453452997,8,100.0
2026-09-04 17:40:35+09:00,41,15,15,38.53895373368392,8,100.0
2026-09-04 17:45:34+09:00,41,15,15,38.35098380887189,8,100.0
2026-09-04 17:50:32+09:00,41,15,15,38.03143493669144,8,100.0
2026-09-04 17:55:33+09:00,41,15,15,38.55715313391861,8,100.0
2026-09-04 18:00:32+09:00,41,15,15,38.93309298354267,8,100.0
2026-09-04 18:05:32+09:00,41,15,15,39.808520352543205,8,100.0
2026-09-04 18:10:34+09:00,41,15,15,39.71453539013719,8,100.0
2026-09-04 18:15:32+09:00,41,15,15,39.60195263266548,8,100.0
2026-09-04 18:20:32+09:00,41,15,15,40.49030972481783,8,100.0
2026-09-04 18:25:32+09:00,41,15,15,39.69887122973619,8,100.0
2026-09-04 18:30:32+09:00,41,15,15,42.02813188136526,8,100.0
2026-09-04 18:35:32+09:00,41,15,15,42.211800952888,8,100.0
2026-09-04 18:40:35+09:00,41,15,15,41.995037947107654,8,100.0
2026-09-04 18:45:35+09:00,41,15,15,42.271125564996304,8,100.0
2026-09-04 18:50:33+09:00,41,15,15,42.40270451236473,8,100.0
2026-09-04 18:55:34+09:00,41,15,15,42.649999049285064,8,100.0
2026-09-04 19:00:34+09:00,41,15,15,43.854772181537655,8,100.0
2026-09-04 19:05:32+09:00,41,15,15,44.590987720384774,8,100.0
2026-09-04 19:10:33+09:00,41,15,15,44.758594236675506,8,100.0
2026-09-04 19:15:32+09:00,41,15,15,44.98729097853014,8,100.0
2026-09-04 19:20:32+09:00,41,15,15,46.05911794478972,8,100.0
2026-09-04 19:25:32+09:00,41,15,15,46.05911794478972,8,100.0
2026-09-04 19:30:32+09:00,41,15,15,46.68411794478972,8,100.0
2026-09-04 19:35:33+09:00,41,15,15,46.53960927426949,8,100.0
2026-09-04 19:40:35+09:00,41,15,15,45.383594236675506,8,100.0
2026-09-04 19:45:32+09:00,41,15,15,45.64695132882785,8,100.0
2026-09-04 19:50:33+09:00,41,15,15,46.06361799549452,8,100.0
2026-09-04 19:55:34+09:00,41,15,15,46.16053659256522,8,100.0
2026-09-04 20:00:32+09:00,41,15,15,46.10414561512162,8,100.0
2026-09-04 20:05:33+09:00,41,15,15,46.24865428564185,8,100.0
2026-09-04 20:10:32+09:00,41,15,15,46.988002656569165,8,100.0
2026-09-04 20:15:32+09:00,41,15,15,48.216272029423266,8,100.0
2026-09-04 20:20:33+09:00,41,15,15,47.613002656569165,8,100.0
2026-09-04 20:25:33+09:00,41,15,15,47.7575113270894,8,100.0
2026-09-04 20:30:33+09:00,41,15,15,47.34397749250293,8,100.0
2026-09-04 20:35:32+09:00,41,15,15,47.41623182776305,8,100.0
2026-09-04 20:40:32+09:00,41,15,15,44.71709779325481,8,100.0
2026-09-04 20:45:32+09:00,41,15,15,37.09210448706407,7,100.0
2026-09-04 20:50:32+09:00,41,15,15,38.03934252435382,7,100.0
2026-09-04 20:55:33+09:00,41,15,15,38.444153064328866,7,100.0
2026-09-04 21:00:33+09:00,41,15,15,38.8670931560942,7,100.0
2026-09-04 21:05:33+09:00,41,15,15,38.934892712789406,7,100.0
2026-09-04 21:10:34+09:00,41,15,15,38.99933954415353,7,100.0
2026-09-04 21:15:36+09:00,41,15,15,39.024174546605984,7,100.0
2026-09-04 21:20:34+09:00,41,15,15,39.081915927307946,7,100.0
2026-09-04 21:25:32+09:00,41,15,15,39.25042141894786,7,100.0
2026-09-04 21:30:32+09:00,41,15,15,39.508208744404364,7,100.0
2026-09-04 21:35:32+09:00,41,15,15,39.508208744404364,7,100.0
2026-09-04 21:40:32+09:00,41,15,15,39.508208744404364,7,100.0
2026-09-04 21:45:34+09:00,41,15,15,39.823737450562824,7,100.0
2026-09-04 21:50:33+09:00,41,15,15,39.823737450562824,7,100.0
2026-09-04 21:55:32+09:00,41,15,15,39.823737450562824,7,100.0
2026-09-04 22:00:32+09:00,41,15,15,39.79890244811037,7,100.0
2026-09-04 22:05:32+09:00,41,15,15,39.98889021687166,7,100.0
2026-09-04 22:10:33+09:00,41,15,15,39.98889021687166,7,100.0
2026-09-04 22:15:33+09:00,41,15,15,39.73110289141516,7,100.0
2026-09-04 22:20:32+09:00,41,15,15,39.62369150580828,7,100.0
2026-09-04 22:25:33+09:00,41,15,15,39.81367927456957,7,100.0
2026-09-04 22:30:33+09:00,41,15,15,39.92109066017645,7,100.0
2026-09-04 22:35:32+09:00,41,15,15,39.81367927456957,7,100.0
2026-09-04 22:40:33+09:00,41,15,15,39.92109066017645,7,100.0
2026-09-04 22:45:33+09:00,41,15,15,40.00366704333087,7,100.0
2026-09-04 22:50:32+09:00,41,15,15,39.896255657724,7,100.0
2026-09-04 22:55:32+09:00,41,15,15,39.78884427211712,7,100.0
2026-09-04 23:00:33+09:00,41,15,15,39.57402150090337,7,100.0
2026-09-04 23:05:32+09:00,41,15,15,38.63618972079248,7,100.0
2026-09-04 23:10:34+09:00,41,15,15,38.48581378094286,7,100.0
2026-09-04 23:15:36+09:00,41,15,15,38.29582601218157,7,100.0
2026-09-04 23:20:32+09:00,41,15,15,38.40323739778844,7,100.0
2026-09-04 23:25:32+09:00,41,15,15,38.368344219342745,7,100.0
2026-09-04 23:30:32+09:00,41,15,15,38.450920602497156,7,100.0
2026-09-04 23:35:32+09:00,41,15,15,38.28576783618832,7,100.0
2026-09-04 23:40:32+09:00,41,15,15,38.178356450581454,7,100.0
2026-09-04 23:45:32+09:00,41,15,15,38.178356450581454,7,100.0
2026-09-04 23:50:33+09:00,41,15,15,38.178356450581454,7,100.0
2026-09-04 23:55:32+09:00,41,15,15,38.07094506497457,7,100.0
2026-09-04 09:45:34+09:00,42,44,3,65.01344086021506,4,6.8181818181818175
2026-09-04 09:50:33+09:00,42,44,2,65.01344086021506,4,4.545454545454546
2026-09-04 09:55:33+09:00,42,44,2,65.01344086021506,4,4.545454545454546
2026-09-04 10:00:32+09:00,42,44,1,,0,2.272727272727273
2026-09-04 10:05:32+09:00,42,44,2,,0,4.545454545454546
2026-09-04 10:10:32+09:00,42,44,2,,0,4.545454545454546
2026-09-04 10:15:32+09:00,42,44,2,,0,4.545454545454546
2026-09-04 10:20:32+09:00,42,44,2,,0,4.545454545454546
2026-09-04 10:25:32+09:00,42,44,2,,0,4.545454545454546
2026-09-04 10:30:32+09:00,42,44,2,,0,4.545454545454546
2026-09-04 10:35:32+09:00,42,44,2,,0,4.545454545454546
2026-09-04 10:40:32+09:00,42,44,2,,0,4.545454545454546
2026-09-04 10:45:32+09:00,42,44,2,,0,4.545454545454546
2026-09-04 10:50:32+09:00,42,44,2,,0,4.545454545454546
2026-09-04 10:55:32+09:00,42,44,2,,0,4.545454545454546
2026-09-04 11:00:32+09:00,42,44,2,,0,4.545454545454546
2026-09-04 11:05:32+09:00,42,44,2,,0,4.545454545454546
2026-09-04 11:10:32+09:00,42,44,3,,0,6.8181818181818175
2026-09-04 11:15:32+09:00,42,44,5,,0,11.363636363636363
2026-09-04 11:20:32+09:00,42,44,5,,0,11.363636363636363
2026-09-04 11:25:32+09:00,42,44,5,,0,11.363636363636363
2026-09-04 11:30:32+09:00,42,44,5,,0,11.363636363636363
2026-09-04 11:35:32+09:00,42,44,4,,0,9.090909090909092
2026-09-04 11:40:35+09:00,42,44,2,,0,4.545454545454546
2026-09-04 11:45:32+09:00,42,44,2,,0,4.545454545454546
2026-09-04 11:50:32+09:00,42,44,2,,0,4.545454545454546
2026-09-04 11:55:33+09:00,42,44,2,,0,4.545454545454546
2026-09-04 12:00:32+09:00,42,44,2,,0,4.545454545454546
2026-09-04 12:05:32+09:00,42,44,2,,0,4.545454545454546
2026-09-04 12:10:32+09:00,42,44,2,,0,4.545454545454546
2026-09-04 12:15:33+09:00,42,44,2,,0,4.545454545454546
2026-09-04 12:20:32+09:00,42,44,2,,0,4.545454545454546
2026-09-04 12:25:32+09:00,42,44,2,,0,4.545454545454546
2026-09-04 12:30:32+09:00,42,44,2,,0,4.545454545454546
2026-09-04 12:35:32+09:00,42,44,2,,0,4.545454545454546
2026-09-04 12:40:33+09:00,42,44,3,,0,6.8181818181818175
2026-09-04 12:45:32+09:00,42,44,3,,0,6.8181818181818175
2026-09-04 12:50:32+09:00,42,44,3,,0,6.8181818181818175
2026-09-04 12:55:32+09:00,42,44,3,,0,6.8181818181818175
2026-09-04 13:00:32+09:00,42,44,3,,0,6.8181818181818175
2026-09-04 13:05:32+09:00,42,44,3,,0,6.8181818181818175
2026-09-04 13:10:32+09:00,42,44,4,,0,9.090909090909092
2026-09-04 13:15:32+09:00,42,44,4,,0,9.090909090909092
2026-09-04 13:20:32+09:00,42,44,4,,0,9.090909090909092
2026-09-04 13:25:32+09:00,42,44,4,,0,9.090909090909092
2026-09-04 13:30:32+09:00,42,44,3,,0,6.8181818181818175
2026-09-04 13:35:32+09:00,42,44,3,,0,6.8181818181818175
2026-09-04 13:40:32+09:00,42,44,2,,0,4.545454545454546
2026-09-04 13:45:33+09:00,42,44,2,,0,4.545454545454546
2026-09-04 13:50:32+09:00,42,44,2,,0,4.545454545454546
2026-09-04 13:55:33+09:00,42,44,3,,0,6.8181818181818175
2026-09-04 14:00:32+09:00,42,44,3,,0,6.8181818181818175
2026-09-04 14:05:33+09:00,42,44,2,49.05017921146953,3,4.545454545454546
2026-09-04 14:10:32+09:00,42,44,4,49.05017921146953,3,9.090909090909092
2026-09-04 14:15:34+09:00,42,44,4,50.12544802867384,3,9.090909090909092
2026-09-04 14:20:34+09:00,42,44,4,53.458781362007166,3,9.090909090909092
2026-09-04 14:25:34+09:00,42,44,4,53.458781362007166,3,9.090909090909092
2026-09-04 14:30:32+09:00,42,44,4,52.86738351254481,3,9.090909090909092
2026-09-04 14:35:33+09:00,42,44,4,51.20071684587814,3,9.090909090909092
2026-09-04 14:40:32+09:00,42,44,4,51.20071684587814,3,9.090909090909092
2026-09-04 14:45:35+09:00,42,44,4,52.86738351254481,3,9.090909090909092
2026-09-04 14:50:34+09:00,42,44,4,55.609318996415766,3,9.090909090909092
2026-09-04 14:55:34+09:00,42,44,4,55.609318996415766,3,9.090909090909092
2026-09-04 15:00:32+09:00,42,44,3,55.609318996415766,3,6.8181818181818175
2026-09-04 15:05:33+09:00,42,44,3,54.53405017921148,3,6.8181818181818175
2026-09-04 15:10:33+09:00,42,44,2,54.53405017921148,3,4.545454545454546
2026-09-04 15:15:33+09:00,42,44,3,54.53405017921148,3,6.8181818181818175
2026-09-04 15:20:32+09:00,42,44,4,54.53405017921148,3,9.090909090909092
2026-09-04 15:25:32+09:00,42,44,4,35.913978494623656,2,9.090909090909092
2026-09-04 15:30:32+09:00,42,44,8,35.913978494623656,2,18.181818181818183
2026-09-04 15:35:32+09:00,42,44,8,35.913978494623656,2,18.181818181818183
2026-09-04 15:40:32+09:00,42,44,8,57.27598566308243,3,18.181818181818183
2026-09-04 15:45:34+09:00,42,44,8,53.9426523297491,3,18.181818181818183
2026-09-04 15:50:34+09:00,42,44,8,55.017921146953405,3,18.181818181818183
2026-09-04 15:55:33+09:00,42,44,9,55.017921146953405,3,20.454545454545457
2026-09-04 16:00:34+09:00,42,44,10,55.017921146953405,3,22.727272727272727
2026-09-04 16:05:34+09:00,42,44,10,56.09318996415771,3,22.727272727272727
2026-09-04 16:10:35+09:00,42,44,15,54.42652329749104,3,34.090909090909086
2026-09-04 16:15:35+09:00,42,44,17,54.42652329749104,3,38.63636363636363
2026-09-04 16:20:33+09:00,42,44,17,64.47772657450076,4,38.63636363636363
2026-09-04 16:25:32+09:00,42,44,18,63.22772657450077,4,40.909090909090914
2026-09-04 16:30:33+09:00,42,44,20,63.763440860215056,4,45.45454545454545
2026-09-04 16:35:32+09:00,42,44,21,61.97772657450077,4,47.72727272727273
2026-09-04 16:40:32+09:00,42,44,24,63.763440860215056,4,54.54545454545454
2026-09-04 16:45:32+09:00,42,44,26,63.31989247311828,4,59.09090909090909
2026-09-04 16:50:32+09:00,42,44,26,63.31989247311828,4,59.09090909090909
2026-09-04 16:55:32+09:00,42,44,29,50.017921146953405,3,65.9090909090909
2026-09-04 17:00:32+09:00,42,44,29,51.68458781362008,3,65.9090909090909
2026-09-04 17:05:33+09:00,42,44,30,50.609318996415766,3,68.18181818181817
2026-09-04 17:10:33+09:00,42,44,30,46.20071684587814,3,68.18181818181817
2026-09-04 17:15:32+09:00,42,44,32,45.12544802867384,3,72.72727272727273
2026-09-04 17:20:32+09:00,42,44,32,46.7921146953405,3,72.72727272727273
2026-09-04 17:25:32+09:00,42,44,32,46.7921146953405,3,72.72727272727273
2026-09-04 17:30:34+09:00,42,44,32,44.05017921146953,3,72.72727272727273
2026-09-04 17:35:35+09:00,42,44,33,42.38351254480287,3,75.0
2026-09-04 17:40:35+09:00,42,44,33,42.38351254480287,3,75.0
2026-09-04 17:45:34+09:00,42,44,33,39.6415770609319,3,75.0
2026-09-04 17:50:32+09:00,42,44,34,39.6415770609319,3,77.27272727272727
2026-09-04 17:55:33+09:00,42,44,34,39.05017921146953,3,77.27272727272727
2026-09-04 18:00:32+09:00,42,44,34,39.05017921146953,3,77.27272727272727
2026-09-04 18:05:32+09:00,42,44,34,36.89964157706094,3,77.27272727272727
2026-09-04 18:10:34+09:00,42,44,34,36.89964157706094,3,77.27272727272727
2026-09-04 18:15:32+09:00,42,44,34,40.23297491039427,3,77.27272727272727
2026-09-04 18:20:32+09:00,42,44,34,40.23297491039427,3,77.27272727272727
2026-09-04 18:25:32+09:00,42,44,34,35.82437275985664,3,77.27272727272727
2026-09-04 18:30:32+09:00,42,44,34,34.74910394265233,3,77.27272727272727
2026-09-04 18:35:32+09:00,42,44,33,38.67383512544803,3,75.0
2026-09-04 18:40:35+09:00,42,44,32,38.08243727598566,3,72.72727272727273
2026-09-04 18:45:35+09:00,42,44,31,37.97491039426524,3,70.45454545454545
2026-09-04 18:50:33+09:00,42,44,30,40.60931899641577,3,68.18181818181817
2026-09-04 18:55:34+09:00,42,44,29,41.68458781362008,3,65.9090909090909
2026-09-04 19:00:34+09:00,42,44,29,42.27598566308244,3,65.9090909090909
2026-09-04 19:05:32+09:00,42,44,30,44.42652329749104,3,68.18181818181817
2026-09-04 19:10:33+09:00,42,44,30,44.42652329749104,3,68.18181818181817
2026-09-04 19:15:32+09:00,42,44,30,46.577060931899645,3,68.18181818181817
2026-09-04 19:20:32+09:00,42,44,29,49.80286738351254,3,65.9090909090909
2026-09-04 19:25:32+09:00,42,44,29,52.54480286738351,3,65.9090909090909
2026-09-04 19:30:32+09:00,42,44,29,50.878136200716845,3,65.9090909090909
2026-09-04 19:35:33+09:00,42,44,29,49.80286738351254,3,65.9090909090909
2026-09-04 19:40:35+09:00,42,44,29,49.80286738351254,3,65.9090909090909
2026-09-04 19:45:32+09:00,42,44,29,51.46953405017921,3,65.9090909090909
2026-09-04 19:50:33+09:00,42,44,30,51.46953405017921,3,68.18181818181817
2026-09-04 19:55:34+09:00,42,44,29,55.286738351254485,3,65.9090909090909
2026-09-04 20:00:32+09:00,42,44,28,54.69534050179212,3,63.63636363636363
2026-09-04 20:05:33+09:00,42,44,28,59.69534050179212,3,63.63636363636363
2026-09-04 20:10:32+09:00,42,44,28,60.286738351254485,3,63.63636363636363
2026-09-04 20:15:32+09:00,42,44,28,62.437275985663085,3,63.63636363636363
2026-09-04 20:20:33+09:00,42,44,29,65.28673835125448,3,65.9090909090909
2026-09-04 20:25:33+09:00,42,44,29,67.43727598566308,3,65.9090909090909
2026-09-04 20:30:33+09:00,42,44,29,67.43727598566308,3,65.9090909090909
2026-09-04 20:35:32+09:00,42,44,29,53.655913978494624,2,65.9090909090909
2026-09-04 20:40:32+09:00,42,44,28,52.043010752688176,2,63.63636363636363
2026-09-04 20:45:32+09:00,42,44,28,52.043010752688176,2,63.63636363636363
2026-09-04 20:50:32+09:00,42,44,28,53.655913978494624,2,63.63636363636363
2026-09-04 20:55:33+09:00,42,44,28,65.28673835125448,3,63.63636363636363
2026-09-04 21:00:33+09:00,42,44,28,64.21146953405018,3,63.63636363636363
2026-09-04 21:05:33+09:00,42,44,27,70.29569892473118,4,61.36363636363637
2026-09-04 21:10:34+09:00,42,44,27,70.29569892473118,4,61.36363636363637
2026-09-04 21:15:36+09:00,42,44,27,67.53072196620583,4,61.36363636363637
2026-09-04 21:20:34+09:00,42,44,31,62.173579109062985,4,70.45454545454545
2026-09-04 21:25:32+09:00,42,44,32,63.423579109062985,4,72.72727272727273
2026-09-04 21:30:32+09:00,42,44,32,62.173579109062985,4,72.72727272727273
2026-09-04 21:35:32+09:00,42,44,32,60.56067588325653,4,72.72727272727273
2026-09-04 21:40:32+09:00,42,44,32,61.004224270353305,4,72.72727272727273
2026-09-04 21:45:34+09:00,42,44,32,58.14132104454686,4,72.72727272727273
2026-09-04 21:50:33+09:00,42,44,32,57.605606758832565,4,72.72727272727273
2026-09-04 21:55:32+09:00,42,44,32,52.956989247311824,4,72.72727272727273
2026-09-04 22:00:32+09:00,42,44,32,53.936251920122885,4,72.72727272727273
2026-09-04 22:05:32+09:00,42,44,32,51.87980030721966,4,72.72727272727273
2026-09-04 22:10:33+09:00,42,44,32,50.186251920122885,4,72.72727272727273
2026-09-04 22:15:33+09:00,42,44,32,46.16551459293395,4,72.72727272727273
2026-09-04 22:20:32+09:00,42,44,32,43.3026113671275,4,72.72727272727273
2026-09-04 22:25:33+09:00,42,44,32,40.8026113671275,4,72.72727272727273
2026-09-04 22:30:33+09:00,42,44,32,39.5526113671275,4,72.72727272727273
2026-09-04 22:35:32+09:00,42,44,32,37.13325652841782,4,72.72727272727273
2026-09-04 22:40:33+09:00,42,44,32,35.88325652841782,4,72.72727272727273
2026-09-04 22:45:33+09:00,42,44,32,35.88325652841782,4,72.72727272727273
2026-09-04 22:50:32+09:00,42,44,32,36.68970814132105,4,72.72727272727273
2026-09-04 22:55:32+09:00,42,44,32,35.43970814132105,4,72.72727272727273
2026-09-04 23:00:33+09:00,42,44,32,39.28187403993856,4,72.72727272727273
2026-09-04 23:05:32+09:00,42,44,32,39.28187403993856,4,72.72727272727273
2026-09-04 23:10:34+09:00,42,44,32,38.03187403993856,4,72.72727272727273
2026-09-04 23:15:36+09:00,42,44,32,38.03187403993856,4,72.72727272727273
2026-09-04 23:20:32+09:00,42,44,32,38.03187403993856,4,72.72727272727273
2026-09-04 23:25:32+09:00,42,44,32,38.03187403993856,4,72.72727272727273
2026-09-04 23:30:32+09:00,42,44,32,38.83832565284178,4,72.72727272727273
2026-09-04 23:35:32+09:00,42,44,32,38.83832565284178,4,72.72727272727273
2026-09-04 23:40:32+09:00,42,44,32,38.03187403993856,4,72.72727272727273
2026-09-04 23:45:32+09:00,42,44,32,38.03187403993856,4,72.72727272727273
2026-09-04 23:50:33+09:00,42,44,32,38.83832565284178,4,72.72727272727273
2026-09-04 23:55:32+09:00,42,44,32,38.83832565284178,4,72.72727272727273
2026-09-04 09:45:34+09:00,45,71,60,41.80327868852459,2,84.50704225352112
2026-09-04 09:50:33+09:00,45,71,60,41.80327868852459,2,84.50704225352112
2026-09-04 09:55:33+09:00,45,71,60,41.80327868852459,2,84.50704225352112
2026-09-04 10:00:32+09:00,45,71,60,,0,84.50704225352112
2026-09-04 10:05:32+09:00,45,71,60,,0,84.50704225352112
2026-09-04 10:10:32+09:00,45,71,60,,0,84.50704225352112
2026-09-04 10:15:32+09:00,45,71,60,,0,84.50704225352112
2026-09-04 10:20:32+09:00,45,71,60,,0,84.50704225352112
2026-09-04 10:25:32+09:00,45,71,60,,0,84.50704225352112
2026-09-04 10:30:32+09:00,45,71,60,,0,84.50704225352112
2026-09-04 10:35:32+09:00,45,71,60,,0,84.50704225352112
2026-09-04 10:40:32+09:00,45,71,60,,0,84.50704225352112
2026-09-04 10:45:32+09:00,45,71,60,,0,84.50704225352112
2026-09-04 10:50:32+09:00,45,71,60,,0,84.50704225352112
2026-09-04 10:55:32+09:00,45,71,60,,0,84.50704225352112
2026-09-04 11:00:32+09:00,45,71,60,,0,84.50704225352112
2026-09-04 11:05:32+09:00,45,71,60,,0,84.50704225352112
2026-09-04 11:10:32+09:00,45,71,60,,0,84.50704225352112
2026-09-04 11:15:32+09:00,45,71,60,,0,84.50704225352112
2026-09-04 11:20:32+09:00,45,71,60,,0,84.50704225352112
2026-09-04 11:25:32+09:00,45,71,60,,0,84.50704225352112
2026-09-04 11:30:32+09:00,45,71,60,,0,84.50704225352112
2026-09-04 11:35:32+09:00,45,71,60,,0,84.50704225352112
2026-09-04 11:40:35+09:00,45,71,60,,0,84.50704225352112
2026-09-04 11:45:32+09:00,45,71,60,,0,84.50704225352112
2026-09-04 11:50:32+09:00,45,71,60,,0,84.50704225352112
2026-09-04 11:55:33+09:00,45,71,60,,0,84.50704225352112
2026-09-04 12:00:32+09:00,45,71,60,,0,84.50704225352112
2026-09-04 12:05:32+09:00,45,71,60,,0,84.50704225352112
2026-09-04 12:10:32+09:00,45,71,60,,0,84.50704225352112
2026-09-04 12:15:33+09:00,45,71,60,,0,84.50704225352112
2026-09-04 12:20:32+09:00,45,71,60,,0,84.50704225352112
2026-09-04 12:25:32+09:00,45,71,60,,0,84.50704225352112
2026-09-04 12:30:32+09:00,45,71,60,,0,84.50704225352112
2026-09-04 12:35:32+09:00,45,71,60,,0,84.50704225352112
2026-09-04 12:40:33+09:00,45,71,60,,0,84.50704225352112
2026-09-04 12:45:32+09:00,45,71,60,,0,84.50704225352112
2026-09-04 12:50:32+09:00,45,71,60,,0,84.50704225352112
2026-09-04 12:55:32+09:00,45,71,60,,0,84.50704225352112
2026-09-04 13:00:32+09:00,45,71,60,,0,84.50704225352112
2026-09-04 13:05:32+09:00,45,71,60,,0,84.50704225352112
2026-09-04 13:10:32+09:00,45,71,60,,0,84.50704225352112
2026-09-04 13:15:32+09:00,45,71,60,,0,84.50704225352112
2026-09-04 13:20:32+09:00,45,71,60,,0,84.50704225352112
2026-09-04 13:25:32+09:00,45,71,60,,0,84.50704225352112
2026-09-04 13:30:32+09:00,45,71,60,,0,84.50704225352112
2026-09-04 13:35:32+09:00,45,71,60,,0,84.50704225352112
2026-09-04 13:40:32+09:00,45,71,60,,0,84.50704225352112
2026-09-04 13:45:33+09:00,45,71,60,,0,84.50704225352112
2026-09-04 13:50:32+09:00,45,71,60,,0,84.50704225352112
2026-09-04 13:55:33+09:00,45,71,60,,0,84.50704225352112
2026-09-04 14:00:32+09:00,45,71,60,,0,84.50704225352112
2026-09-04 14:05:33+09:00,45,71,60,42.055485498108446,2,84.50704225352112
2026-09-04 14:10:32+09:00,45,71,60,42.24464060529634,2,84.50704225352112
2026-09-04 14:15:34+09:00,45,71,60,42.055485498108446,2,84.50704225352112
2026-09-04 14:20:34+09:00,45,71,60,41.80327868852459,2,84.50704225352112
2026-09-04 14:25:34+09:00,45,71,60,41.6141235813367,2,84.50704225352112
2026-09-04 14:30:32+09:00,45,71,60,41.67717528373266,2,84.50704225352112
2026-09-04 14:35:33+09:00,45,71,60,41.424968474148805,2,84.50704225352112
2026-09-04 14:40:32+09:00,45,71,60,41.04665825977301,2,84.50704225352112
2026-09-04 14:45:35+09:00,45,71,60,41.23581336696091,2,84.50704225352112
2026-09-04 14:50:34+09:00,45,71,60,41.23581336696091,2,84.50704225352112
2026-09-04 14:55:34+09:00,45,71,60,41.36191677175284,2,84.50704225352112
2026-09-04 15:00:32+09:00,45,71,60,41.04665825977301,2,84.50704225352112
2026-09-04 15:05:33+09:00,45,71,60,40.98360655737705,2,84.50704225352112
2026-09-04 15:10:33+09:00,45,71,60,40.920554854981084,2,84.50704225352112
2026-09-04 15:15:33+09:00,45,71,60,40.605296343001264,2,84.50704225352112
2026-09-04 15:20:32+09:00,45,71,60,40.605296343001264,2,84.50704225352112
2026-09-04 15:25:32+09:00,45,71,60,40.47919293820933,2,84.50704225352112
2026-09-04 15:30:32+09:00,45,71,60,40.3530895334174,2,84.50704225352112
2026-09-04 15:35:32+09:00,45,71,60,40.668348045397224,2,84.50704225352112
2026-09-04 15:40:32+09:00,45,71,60,40.668348045397224,2,84.50704225352112
2026-09-04 15:45:34+09:00,45,71,60,40.47919293820933,2,84.50704225352112
2026-09-04 15:50:34+09:00,45,71,60,40.605296343001264,2,84.50704225352112
2026-09-04 15:55:33+09:00,45,71,60,40.41614123581337,2,84.50704225352112
2026-09-04 16:00:34+09:00,45,71,60,40.16393442622951,2,84.50704225352112
2026-09-04 16:05:34+09:00,45,71,60,40.10088272383354,2,84.50704225352112
2026-09-04 16:10:35+09:00,45,71,60,39.84867591424969,2,84.50704225352112
2026-09-04 16:15:35+09:00,45,71,60,39.470365699873895,2,84.50704225352112
2026-09-04 16:20:33+09:00,45,71,60,39.407313997477935,2,84.50704225352112
2026-09-04 16:25:32+09:00,45,71,60,39.09205548549811,2,84.50704225352112
2026-09-04 16:30:33+09:00,45,71,60,38.65069356872636,2,84.50704225352112
2026-09-04 16:35:32+09:00,45,71,60,38.46153846153847,2,84.50704225352112
2026-09-04 16:40:32+09:00,45,71,60,37.89407313997478,2,84.50704225352112
2026-09-04 16:45:32+09:00,45,71,60,36.948297604035304,2,84.50704225352112
2026-09-04 16:50:32+09:00,45,71,60,36.75914249684741,2,84.50704225352112
2026-09-04 16:55:32+09:00,45,71,60,36.002522068095836,2,84.50704225352112
2026-09-04 17:00:32+09:00,45,71,60,35.687263556116015,2,84.50704225352112
2026-09-04 17:05:33+09:00,45,71,60,35.435056746532155,2,84.50704225352112
2026-09-04 17:10:33+09:00,45,71,60,34.552332912988646,2,84.50704225352112
2026-09-04 17:15:32+09:00,45,71,60,33.984867591424965,2,84.50704225352112
2026-09-04 17:20:32+09:00,45,71,60,33.73266078184111,2,84.50704225352112
2026-09-04 17:25:32+09:00,45,71,60,33.48045397225725,2,84.50704225352112
2026-09-04 17:30:34+09:00,45,71,60,33.16519546027743,2,84.50704225352112
2026-09-04 17:35:35+09:00,45,71,60,32.78688524590164,2,84.50704225352112
2026-09-04 17:40:35+09:00,45,71,60,32.66078184110971,2,84.50704225352112
2026-09-04 17:45:34+09:00,45,71,60,31.71500630517024,2,84.50704225352112
2026-09-04 17:50:32+09:00,45,71,60,31.147540983606557,2,84.50704225352112
2026-09-04 17:55:33+09:00,45,71,60,30.580075662042876,2,84.50704225352112
2026-09-04 18:00:32+09:00,45,71,60,30.012610340479196,2,84.50704225352112
2026-09-04 18:05:32+09:00,45,71,60,29.88650693568726,2,84.50704225352112
2026-09-04 18:10:34+09:00,45,71,60,27.490542244640604,2,84.50704225352112
2026-09-04 18:15:32+09:00,45,71,60,26.733921815889026,2,84.50704225352112
2026-09-04 18:20:32+09:00,45,71,60,25.97730138713745,2,84.50704225352112
2026-09-04 18:25:32+09:00,45,71,60,25.346784363177804,2,84.50704225352112
2026-09-04 18:30:32+09:00,45,71,60,24.905422446406053,2,84.50704225352112
2026-09-04 18:35:32+09:00,45,71,60,25.283732660781844,2,84.50704225352112
2026-09-04 18:40:35+09:00,45,71,60,25.346784363177804,2,84.50704225352112
2026-09-04 18:45:35+09:00,45,71,60,24.905422446406053,2,84.50704225352112
2026-09-04 18:50:33+09:00,45,71,60,25.283732660781844,2,84.50704225352112
2026-09-04 18:55:34+09:00,45,71,60,25.66204287515763,2,84.50704225352112
2026-09-04 19:00:34+09:00,45,71,60,25.598991172761664,2,84.50704225352112
2026-09-04 19:05:32+09:00,45,71,60,25.72509457755359,2,84.50704225352112
2026-09-04 19:10:33+09:00,45,71,60,25.97730138713745,2,84.50704225352112
2026-09-04 19:15:32+09:00,45,71,60,26.733921815889026,2,84.50704225352112
2026-09-04 19:20:32+09:00,45,71,60,26.292559899117272,2,84.50704225352112
2026-09-04 19:25:32+09:00,45,71,60,26.292559899117272,2,84.50704225352112
2026-09-04 19:30:32+09:00,45,71,60,26.292559899117272,2,84.50704225352112
2026-09-04 19:35:33+09:00,45,71,60,26.35561160151324,2,84.50704225352112
2026-09-04 19:40:35+09:00,45,71,60,26.48171500630517,2,84.50704225352112
2026-09-04 19:45:32+09:00,45,71,60,26.10340479192938,2,84.50704225352112
2026-09-04 19:50:33+09:00,45,71,60,26.10340479192938,2,84.50704225352112
2026-09-04 19:55:34+09:00,45,71,60,26.10340479192938,2,84.50704225352112
2026-09-04 20:00:32+09:00,45,71,60,26.48171500630517,2,84.50704225352112
2026-09-04 20:05:33+09:00,45,71,60,26.544766708701133,2,84.50704225352112
2026-09-04 20:10:32+09:00,45,71,60,26.229508196721312,2,84.50704225352112
2026-09-04 20:15:32+09:00,45,71,60,26.292559899117272,2,84.50704225352112
2026-09-04 20:20:33+09:00,45,71,60,26.6078184110971,2,84.50704225352112
2026-09-04 20:25:33+09:00,45,71,60,26.923076923076923,2,84.50704225352112
2026-09-04 20:30:33+09:00,45,71,60,26.6078184110971,2,84.50704225352112
2026-09-04 20:35:32+09:00,45,71,60,26.418663303909206,2,84.50704225352112
2026-09-04 20:40:32+09:00,45,71,60,26.35561160151324,2,84.50704225352112
2026-09-04 20:45:32+09:00,45,71,60,25.598991172761664,2,84.50704225352112
2026-09-04 20:50:32+09:00,45,71,60,25.346784363177804,2,84.50704225352112
2026-09-04 20:55:33+09:00,45,71,60,25.472887767969738,2,84.50704225352112
2026-09-04 21:00:33+09:00,45,71,60,25.40983606557377,2,84.50704225352112
2026-09-04 21:05:33+09:00,45,71,60,25.09457755359395,2,84.50704225352112
2026-09-04 21:10:34+09:00,45,71,60,24.968474148802017,2,84.50704225352112
2026-09-04 21:15:36+09:00,45,71,60,24.211853720050442,2,84.50704225352112
2026-09-04 21:20:34+09:00,45,71,60,24.08575031525851,2,84.50704225352112
2026-09-04 21:25:32+09:00,45,71,60,23.770491803278688,2,84.50704225352112
2026-09-04 21:30:32+09:00,45,71,60,23.329129886506937,2,84.50704225352112
2026-09-04 21:35:32+09:00,45,71,60,22.887767969735183,2,84.50704225352112
2026-09-04 21:40:32+09:00,45,71,60,22.82471626733922,2,84.50704225352112
2026-09-04 21:45:34+09:00,45,71,60,22.761664564943253,2,84.50704225352112
2026-09-04 21:50:33+09:00,45,71,60,22.194199243379572,2,84.50704225352112
2026-09-04 21:55:32+09:00,45,71,60,22.131147540983605,2,84.50704225352112
2026-09-04 22:00:32+09:00,45,71,60,21.878940731399748,2,84.50704225352112
2026-09-04 22:05:32+09:00,45,71,60,21.185372005044137,2,84.50704225352112
2026-09-04 22:10:33+09:00,45,71,60,20.744010088272383,2,84.50704225352112
2026-09-04 22:15:33+09:00,45,71,60,20.42875157629256,2,84.50704225352112
2026-09-04 22:20:32+09:00,45,71,60,19.987389659520808,2,84.50704225352112
2026-09-04 22:25:33+09:00,45,71,60,19.419924337957127,2,84.50704225352112
2026-09-04 22:30:33+09:00,45,71,60,19.104665825977303,2,84.50704225352112
2026-09-04 22:35:32+09:00,45,71,60,18.852459016393443,2,84.50704225352112
2026-09-04 22:40:33+09:00,45,71,60,18.852459016393443,2,84.50704225352112
2026-09-04 22:45:33+09:00,45,71,60,18.53720050441362,2,84.50704225352112
2026-09-04 22:50:32+09:00,45,71,60,18.095838587641865,2,84.50704225352112
2026-09-04 22:55:32+09:00,45,71,60,17.46532156368222,2,84.50704225352112
2026-09-04 23:00:33+09:00,45,71,60,17.150063051702396,2,84.50704225352112
2026-09-04 23:05:32+09:00,45,71,60,16.960907944514503,2,84.50704225352112
2026-09-04 23:10:34+09:00,45,71,60,16.77175283732661,2,84.50704225352112
2026-09-04 23:15:36+09:00,45,71,60,16.582597730138716,2,84.50704225352112
2026-09-04 23:20:32+09:00,45,71,60,16.51954602774275,2,84.50704225352112
2026-09-04 23:25:32+09:00,45,71,60,16.39344262295082,2,84.50704225352112
2026-09-04 23:30:32+09:00,45,71,60,16.26733921815889,2,84.50704225352112
2026-09-04 23:35:32+09:00,45,71,60,16.01513240857503,2,84.50704225352112
2026-09-04 23:40:32+09:00,45,71,60,15.699873896595207,2,84.50704225352112
2026-09-04 23:45:32+09:00,45,71,60,15.636822194199244,2,84.50704225352112
2026-09-04 23:50:33+09:00,45,71,60,15.573770491803279,2,84.50704225352112
2026-09-04 23:55:32+09:00,45,71,60,15.447667087011348,2,84.50704225352112
2026-09-04 09:45:34+09:00,46,161,99,46.80824639841034,3,61.49068322981367
2026-09-04 09:50:33+09:00,46,161,99,46.80824639841034,3,61.49068322981367
2026-09-04 09:55:33+09:00,46,161,99,46.80824639841034,3,61.49068322981367
2026-09-04 10:00:32+09:00,46,161,99,,0,61.49068322981367
2026-09-04 10:05:32+09:00,46,161,99,,0,61.49068322981367
2026-09-04 10:10:32+09:00,46,161,99,,0,61.49068322981367
2026-09-04 10:15:32+09:00,46,161,99,,0,61.49068322981367
2026-09-04 10:20:32+09:00,46,161,99,,0,61.49068322981367
2026-09-04 10:25:32+09:00,46,161,99,,0,61.49068322981367
2026-09-04 10:30:32+09:00,46,161,99,,0,61.49068322981367
2026-09-04 10:35:32+09:00,46,161,99,,0,61.49068322981367
2026-09-04 10:40:32+09:00,46,161,99,,0,61.49068322981367
2026-09-04 10:45:32+09:00,46,161,99,,0,61.49068322981367
2026-09-04 10:50:32+09:00,46,161,99,,0,61.49068322981367
2026-09-04 10:55:32+09:00,46,161,99,,0,61.49068322981367
2026-09-04 11:00:32+09:00,46,161,99,,0,61.49068322981367
2026-09-04 11:05:32+09:00,46,161,99,,0,61.49068322981367
2026-09-04 11:10:32+09:00,46,161,99,,0,61.49068322981367
2026-09-04 11:15:32+09:00,46,161,99,,0,61.49068322981367
2026-09-04 11:20:32+09:00,46,161,99,,0,61.49068322981367
2026-09-04 11:25:32+09:00,46,161,99,,0,61.49068322981367
2026-09-04 11:30:32+09:00,46,161,99,,0,61.49068322981367
2026-09-04 11:35:32+09:00,46,161,99,,0,61.49068322981367
2026-09-04 11:40:35+09:00,46,161,99,,0,61.49068322981367
2026-09-04 11:45:32+09:00,46,161,99,,0,61.49068322981367
2026-09-04 11:50:32+09:00,46,161,99,,0,61.49068322981367
2026-09-04 11:55:33+09:00,46,161,99,,0,61.49068322981367
2026-09-04 12:00:32+09:00,46,161,99,,0,61.49068322981367
2026-09-04 12:05:32+09:00,46,161,99,,0,61.49068322981367
2026-09-04 12:10:32+09:00,46,161,99,,0,61.49068322981367
2026-09-04 12:15:33+09:00,46,161,99,,0,61.49068322981367
2026-09-04 12:20:32+09:00,46,161,99,,0,61.49068322981367
2026-09-04 12:25:32+09:00,46,161,99,,0,61.49068322981367
2026-09-04 12:30:32+09:00,46,161,99,,0,61.49068322981367
2026-09-04 12:35:32+09:00,46,161,99,,0,61.49068322981367
2026-09-04 12:40:33+09:00,46,161,99,,0,61.49068322981367
2026-09-04 12:45:32+09:00,46,161,99,,0,61.49068322981367
2026-09-04 12:50:32+09:00,46,161,99,,0,61.49068322981367
2026-09-04 12:55:32+09:00,46,161,99,,0,61.49068322981367
2026-09-04 13:00:32+09:00,46,161,99,,0,61.49068322981367
2026-09-04 13:05:32+09:00,46,161,99,,0,61.49068322981367
2026-09-04 13:10:32+09:00,46,161,99,,0,61.49068322981367
2026-09-04 13:15:32+09:00,46,161,99,,0,61.49068322981367
2026-09-04 13:20:32+09:00,46,161,99,,0,61.49068322981367
2026-09-04 13:25:32+09:00,46,161,99,,0,61.49068322981367
2026-09-04 13:30:32+09:00,46,161,99,,0,61.49068322981367
2026-09-04 13:35:32+09:00,46,161,99,,0,61.49068322981367
2026-09-04 13:40:32+09:00,46,161,99,,0,61.49068322981367
2026-09-04 13:45:33+09:00,46,161,99,,0,61.49068322981367
2026-09-04 13:50:32+09:00,46,161,99,,0,61.49068322981367
2026-09-04 13:55:33+09:00,46,161,99,,0,61.49068322981367
2026-09-04 14:00:32+09:00,46,161,99,,0,61.49068322981367
2026-09-04 14:05:33+09:00,46,161,99,46.97638427146624,3,61.49068322981367
2026-09-04 14:10:32+09:00,46,161,99,47.102487676258164,3,61.49068322981367
2026-09-04 14:15:34+09:00,46,161,99,46.97638427146624,3,61.49068322981367
2026-09-04 14:20:34+09:00,46,161,99,46.80824639841034,3,61.49068322981367
2026-09-04 14:25:34+09:00,46,161,99,46.682142993618406,3,61.49068322981367
2026-09-04 14:30:32+09:00,46,161,99,46.724177461882384,3,61.49068322981367
2026-09-04 14:35:33+09:00,46,161,99,46.55603958882648,3,61.49068322981367
2026-09-04 14:40:32+09:00,46,161,99,46.30383277924261,3,61.49068322981367
2026-09-04 14:45:35+09:00,46,161,99,46.429936184034545,3,61.49068322981367
2026-09-04 14:50:34+09:00,46,161,99,46.429936184034545,3,61.49068322981367
2026-09-04 14:55:34+09:00,46,161,99,46.5140051205625,3,61.49068322981367
2026-09-04 15:00:32+09:00,46,161,99,46.30383277924261,3,61.49068322981367
2026-09-04 15:05:33+09:00,46,161,99,46.26179831097864,3,61.49068322981367
2026-09-04 15:10:33+09:00,46,161,99,46.21976384271466,3,61.49068322981367
2026-09-04 15:15:33+09:00,46,161,99,46.00959150139479,3,61.49068322981367
2026-09-04 15:20:32+09:00,46,161,99,46.00959150139479,3,61.49068322981367
2026-09-04 15:25:32+09:00,46,161,99,45.92552256486683,3,61.49068322981367
2026-09-04 15:30:32+09:00,46,161,99,45.841453628338876,3,61.49068322981367
2026-09-04 15:35:32+09:00,46,161,99,46.05162596965875,3,61.49068322981367
2026-09-04 15:40:32+09:00,46,161,99,46.05162596965875,3,61.49068322981367
2026-09-04 15:45:34+09:00,46,161,99,45.92552256486683,3,61.49068322981367
2026-09-04 15:50:34+09:00,46,161,99,46.00959150139479,3,61.49068322981367
2026-09-04 15:55:33+09:00,46,161,99,45.88348809660285,3,61.49068322981367
2026-09-04 16:00:34+09:00,46,161,99,45.71535022354695,3,61.49068322981367
2026-09-04 16:05:34+09:00,46,161,99,45.67331575528297,3,61.49068322981367
2026-09-04 16:10:35+09:00,46,161,99,45.505177882227066,3,61.49068322981367
2026-09-04 16:15:35+09:00,46,161,99,45.2529710726432,3,61.49068322981367
2026-09-04 16:20:33+09:00,46,161,99,45.210936604379235,3,61.49068322981367
2026-09-04 16:25:32+09:00,46,161,99,45.000764263059345,3,61.49068322981367
2026-09-04 16:30:33+09:00,46,161,99,44.706522985211514,3,61.49068322981367
2026-09-04 16:35:32+09:00,46,161,99,44.58041958041958,3,61.49068322981367
2026-09-04 16:40:32+09:00,46,161,99,44.20210936604379,3,61.49068322981367
2026-09-04 16:45:32+09:00,46,161,99,43.57159234208414,3,61.49068322981367
2026-09-04 16:50:32+09:00,46,161,99,43.44548893729222,3,61.49068322981367
2026-09-04 16:55:32+09:00,46,161,99,42.9410753181245,3,61.49068322981367
2026-09-04 17:00:32+09:00,46,161,99,42.73090297680462,3,61.49068322981367
2026-09-04 17:05:33+09:00,46,161,99,42.56276510374871,3,61.49068322981367
2026-09-04 17:10:33+09:00,46,161,99,41.97428254805303,3,61.49068322981367
2026-09-04 17:15:32+09:00,46,161,99,41.59597233367725,3,61.49068322981367
2026-09-04 17:20:32+09:00,46,161,99,41.42783446062135,3,61.49068322981367
2026-09-04 17:25:32+09:00,46,161,99,41.259696587565436,3,61.49068322981367
2026-09-04 17:30:34+09:00,46,161,99,41.04952424624556,3,61.49068322981367
2026-09-04 17:35:35+09:00,46,161,99,40.7973174366617,3,61.49068322981367
2026-09-04 17:40:35+09:00,46,161,99,40.713248500133744,3,61.49068322981367
2026-09-04 17:45:34+09:00,46,161,99,40.082731476174104,3,61.49068322981367
2026-09-04 17:50:32+09:00,46,161,99,39.70442126179831,3,61.49068322981367
2026-09-04 17:55:33+09:00,46,161,99,39.32611104742252,3,61.49068322981367
2026-09-04 18:00:32+09:00,46,161,99,38.947800833046735,3,61.49068322981367
2026-09-04 18:05:32+09:00,46,161,99,38.86373189651878,3,61.49068322981367
2026-09-04 18:10:34+09:00,46,161,99,37.266422102487674,3,61.49068322981367
2026-09-04 18:15:32+09:00,46,161,99,36.76200848331996,3,61.49068322981367
2026-09-04 18:20:32+09:00,46,161,99,36.257594864152246,3,61.49068322981367
2026-09-04 18:25:32+09:00,46,161,99,35.83725018151247,3,61.49068322981367
2026-09-04 18:30:32+09:00,46,161,99,35.54300890366464,3,61.49068322981367
2026-09-04 18:35:32+09:00,46,161,99,35.7952157132485,3,61.49068322981367
2026-09-04 18:40:35+09:00,46,161,99,35.83725018151247,3,61.49068322981367
2026-09-04 18:45:35+09:00,46,161,99,35.54300890366464,3,61.49068322981367
2026-09-04 18:50:33+09:00,46,161,99,35.7952157132485,3,61.49068322981367
2026-09-04 18:55:34+09:00,46,161,99,36.04742252283236,3,61.49068322981367
2026-09-04 19:00:34+09:00,46,161,99,36.005388054568385,3,61.49068322981367
2026-09-04 19:05:32+09:00,46,161,99,36.089456991096334,3,61.49068322981367
2026-09-04 19:10:33+09:00,46,161,99,36.257594864152246,3,61.49068322981367
2026-09-04 19:15:32+09:00,46,161,99,36.76200848331996,3,61.49068322981367
2026-09-04 19:20:32+09:00,46,161,99,36.46776720547212,3,61.49068322981367
2026-09-04 19:25:32+09:00,46,161,99,36.46776720547212,3,61.49068322981367
2026-09-04 19:30:32+09:00,46,161,99,36.46776720547212,3,61.49068322981367
2026-09-04 19:35:33+09:00,46,161,99,36.5098016737361,3,61.49068322981367
2026-09-04 19:40:35+09:00,46,161,99,36.593870610264055,3,61.49068322981367
2026-09-04 19:45:32+09:00,46,161,99,36.34166380068019,3,61.49068322981367
2026-09-04 19:50:33+09:00,46,161,99,36.34166380068019,3,61.49068322981367
2026-09-04 19:55:34+09:00,46,161,99,36.34166380068019,3,61.49068322981367
2026-09-04 20:00:32+09:00,46,161,99,36.593870610264055,3,61.49068322981367
2026-09-04 20:05:33+09:00,46,161,99,36.635905078528026,3,61.49068322981367
2026-09-04 20:10:32+09:00,46,161,99,36.42573273720814,3,61.49068322981367
2026-09-04 20:15:32+09:00,46,161,99,36.46776720547212,3,61.49068322981367
2026-09-04 20:20:33+09:00,46,161,99,36.677939546792004,3,61.49068322981367
2026-09-04 20:25:33+09:00,46,161,99,36.88811188811189,3,61.49068322981367
2026-09-04 20:30:33+09:00,46,161,99,36.677939546792004,3,61.49068322981367
2026-09-04 20:35:32+09:00,46,161,99,36.55183614200008,3,61.49068322981367
2026-09-04 20:40:32+09:00,46,161,99,36.5098016737361,3,61.49068322981367
2026-09-04 20:45:32+09:00,46,161,99,36.005388054568385,3,61.49068322981367
2026-09-04 20:50:32+09:00,46,161,99,35.83725018151247,3,61.49068322981367
2026-09-04 20:55:33+09:00,46,161,99,35.92131911804043,3,61.49068322981367
2026-09-04 21:00:33+09:00,46,161,99,35.87928464977645,3,61.49068322981367
2026-09-04 21:05:33+09:00,46,161,99,35.66911230845657,3,61.49068322981367
2026-09-04 21:10:34+09:00,46,161,99,35.58504337192861,3,61.49068322981367
2026-09-04 21:15:36+09:00,46,161,99,35.0806297527609,3,61.49068322981367
2026-09-04 21:20:34+09:00,46,161,99,34.99656081623295,3,61.49068322981367
2026-09-04 21:25:32+09:00,46,161,99,34.78638847491306,3,61.49068322981367
2026-09-04 21:30:32+09:00,46,161,99,34.49214719706523,3,61.49068322981367
2026-09-04 21:35:32+09:00,46,161,99,34.1979059192174,3,61.49068322981367
2026-09-04 21:40:32+09:00,46,161,99,34.15587145095342,3,61.49068322981367
2026-09-04 21:45:34+09:00,46,161,99,34.11383698268944,3,61.49068322981367
2026-09-04 21:50:33+09:00,46,161,99,33.735526768313655,3,61.49068322981367
2026-09-04 21:55:32+09:00,46,161,99,33.69349230004968,3,61.49068322981367
2026-09-04 22:00:32+09:00,46,161,99,33.52535442699377,3,61.49068322981367
2026-09-04 22:05:32+09:00,46,161,99,33.062975276090036,3,61.49068322981367
2026-09-04 22:10:33+09:00,46,161,99,32.7687339982422,3,61.49068322981367
2026-09-04 22:15:33+09:00,46,161,99,32.558561656922315,3,61.49068322981367
2026-09-04 22:20:32+09:00,46,161,99,32.26432037907448,3,61.49068322981367
2026-09-04 22:25:33+09:00,46,161,99,31.88601016469869,3,61.49068322981367
2026-09-04 22:30:33+09:00,46,161,99,31.67583782337881,3,61.49068322981367
2026-09-04 22:35:32+09:00,46,161,99,31.507699950322902,3,61.49068322981367
2026-09-04 22:40:33+09:00,46,161,99,31.507699950322902,3,61.49068322981367
2026-09-04 22:45:33+09:00,46,161,99,31.297527609003016,3,61.49068322981367
2026-09-04 22:50:32+09:00,46,161,99,31.00328633115518,3,61.49068322981367
2026-09-04 22:55:32+09:00,46,161,99,30.58294164851542,3,61.49068322981367
2026-09-04 23:00:33+09:00,46,161,99,30.37276930719554,3,61.49068322981367
2026-09-04 23:05:32+09:00,46,161,99,30.246665902403606,3,61.49068322981367
2026-09-04 23:10:34+09:00,46,161,99,30.120562497611683,3,61.49068322981367
2026-09-04 23:15:36+09:00,46,161,99,29.99445909281975,3,61.49068322981367
2026-09-04 23:20:32+09:00,46,161,99,29.95242462455577,3,61.49068322981367
2026-09-04 23:25:32+09:00,46,161,99,29.86835568802782,3,61.49068322981367
2026-09-04 23:30:32+09:00,46,161,99,29.784286751499867,3,61.49068322981367
2026-09-04 23:35:32+09:00,46,161,99,29.616148878443962,3,61.49068322981367
2026-09-04 23:40:32+09:00,46,161,99,29.405976537124076,3,61.49068322981367
2026-09-04 23:45:32+09:00,46,161,99,29.3639420688601,3,61.49068322981367
2026-09-04 23:50:33+09:00,46,161,99,29.321907600596123,3,61.49068322981367
2026-09-04 23:55:32+09:00,46,161,99,29.237838664068175,3,61.49068322981367
2026-09-04 09:45:34+09:00,47,88,38,40.70529138241184,3,43.18181818181818
2026-09-04 09:50:33+09:00,47,88,38,40.70529138241184,3,43.18181818181818
2026-09-04 09:55:33+09:00,47,88,38,40.70529138241184,3,43.18181818181818
2026-09-04 10:00:32+09:00,47,88,38,,0,43.18181818181818
2026-09-04 10:05:32+09:00,47,88,38,,0,43.18181818181818
2026-09-04 10:10:32+09:00,47,88,38,,0,43.18181818181818
2026-09-04 10:15:32+09:00,47,88,38,,0,43.18181818181818
2026-09-04 10:20:32+09:00,47,88,38,,0,43.18181818181818
2026-09-04 10:25:32+09:00,47,88,38,,0,43.18181818181818
2026-09-04 10:30:32+09:00,47,88,38,,0,43.18181818181818
2026-09-04 10:35:32+09:00,47,88,38,,0,43.18181818181818
2026-09-04 10:40:32+09:00,47,88,38,,0,43.18181818181818
2026-09-04 10:45:32+09:00,47,88,38,,0,43.18181818181818
2026-09-04 10:50:32+09:00,47,88,38,,0,43.18181818181818
2026-09-04 10:55:32+09:00,47,88,38,,0,43.18181818181818
2026-09-04 11:00:32+09:00,47,88,38,,0,43.18181818181818
2026-09-04 11:05:32+09:00,47,88,38,,0,43.18181818181818
2026-09-04 11:10:32+09:00,47,88,38,,0,43.18181818181818
2026-09-04 11:15:32+09:00,47,88,38,,0,43.18181818181818
2026-09-04 11:20:32+09:00,47,88,38,,0,43.18181818181818
2026-09-04 11:25:32+09:00,47,88,38,,0,43.18181818181818
2026-09-04 11:30:32+09:00,47,88,38,,0,43.18181818181818
2026-09-04 11:35:32+09:00,47,88,38,,0,43.18181818181818
2026-09-04 11:40:35+09:00,47,88,38,,0,43.18181818181818
2026-09-04 11:45:32+09:00,47,88,38,,0,43.18181818181818
2026-09-04 11:50:32+09:00,47,88,38,,0,43.18181818181818
2026-09-04 11:55:33+09:00,47,88,38,,0,43.18181818181818
2026-09-04 12:00:32+09:00,47,88,38,,0,43.18181818181818
2026-09-04 12:05:32+09:00,47,88,38,,0,43.18181818181818
2026-09-04 12:10:32+09:00,47,88,38,,0,43.18181818181818
2026-09-04 12:15:33+09:00,47,88,38,,0,43.18181818181818
2026-09-04 12:20:32+09:00,47,88,38,,0,43.18181818181818
2026-09-04 12:25:32+09:00,47,88,38,,0,43.18181818181818
2026-09-04 12:30:32+09:00,47,88,38,,0,43.18181818181818
2026-09-04 12:35:32+09:00,47,88,38,,0,43.18181818181818
2026-09-04 12:40:33+09:00,47,88,38,,0,43.18181818181818
2026-09-04 12:45:32+09:00,47,88,38,,0,43.18181818181818
2026-09-04 12:50:32+09:00,47,88,38,,0,43.18181818181818
2026-09-04 12:55:32+09:00,47,88,38,,0,43.18181818181818
2026-09-04 13:00:32+09:00,47,88,38,,0,43.18181818181818
2026-09-04 13:05:32+09:00,47,88,38,,0,43.18181818181818
2026-09-04 13:10:32+09:00,47,88,38,,0,43.18181818181818
2026-09-04 13:15:32+09:00,47,88,38,,0,43.18181818181818
2026-09-04 13:20:32+09:00,47,88,38,,0,43.18181818181818
2026-09-04 13:25:32+09:00,47,88,38,,0,43.18181818181818
2026-09-04 13:30:32+09:00,47,88,38,,0,43.18181818181818
2026-09-04 13:35:32+09:00,47,88,38,,0,43.18181818181818
2026-09-04 13:40:32+09:00,47,88,38,,0,43.18181818181818
2026-09-04 13:45:33+09:00,47,88,38,,0,43.18181818181818
2026-09-04 13:50:32+09:00,47,88,38,,0,43.18181818181818
2026-09-04 13:55:33+09:00,47,88,38,,0,43.18181818181818
2026-09-04 14:00:32+09:00,47,88,38,,0,43.18181818181818
2026-09-04 14:05:33+09:00,47,88,38,40.87342925546775,3,43.18181818181818
2026-09-04 14:10:32+09:00,47,88,38,40.99953266025967,3,43.18181818181818
2026-09-04 14:15:34+09:00,47,88,38,40.87342925546775,3,43.18181818181818
2026-09-04 14:20:34+09:00,47,88,38,40.70529138241184,3,43.18181818181818
2026-09-04 14:25:34+09:00,47,88,38,40.57918797761991,3,43.18181818181818
2026-09-04 14:30:32+09:00,47,88,38,40.62122244588389,3,43.18181818181818
2026-09-04 14:35:33+09:00,47,88,38,40.45308457282798,3,43.18181818181818
2026-09-04 14:40:32+09:00,47,88,38,40.200877763244115,3,43.18181818181818
2026-09-04 14:45:35+09:00,47,88,38,40.32698116803605,3,43.18181818181818
2026-09-04 14:50:34+09:00,47,88,38,40.32698116803605,3,43.18181818181818
2026-09-04 14:55:34+09:00,47,88,38,40.411050104564005,3,43.18181818181818
2026-09-04 15:00:32+09:00,47,88,38,40.200877763244115,3,43.18181818181818
2026-09-04 15:05:33+09:00,47,88,38,40.15884329498015,3,43.18181818181818
2026-09-04 15:10:33+09:00,47,88,38,40.11680882671617,3,43.18181818181818
2026-09-04 15:15:33+09:00,47,88,38,39.90663648539629,3,43.18181818181818
2026-09-04 15:20:32+09:00,47,88,38,39.90663648539629,3,43.18181818181818
2026-09-04 15:25:32+09:00,47,88,38,39.822567548868335,3,43.18181818181818
2026-09-04 15:30:32+09:00,47,88,38,39.73849861234038,3,43.18181818181818
2026-09-04 15:35:32+09:00,47,88,38,39.94867095366026,3,43.18181818181818
2026-09-04 15:40:32+09:00,47,88,38,39.94867095366026,3,43.18181818181818
2026-09-04 15:45:34+09:00,47,88,38,39.822567548868335,3,43.18181818181818
2026-09-04 15:50:34+09:00,47,88,38,39.90663648539629,3,43.18181818181818
2026-09-04 15:55:33+09:00,47,88,38,39.78053308060436,3,43.18181818181818
2026-09-04 16:00:34+09:00,47,88,38,39.61239520754845,3,43.18181818181818
2026-09-04 16:05:34+09:00,47,88,38,39.570360739284475,3,43.18181818181818
2026-09-04 16:10:35+09:00,47,88,38,39.40222286622858,3,43.18181818181818
2026-09-04 16:15:35+09:00,47,88,38,39.15001605664471,3,43.18181818181818
2026-09-04 16:20:33+09:00,47,88,38,39.10798158838074,3,43.18181818181818
2026-09-04 16:25:32+09:00,47,88,38,38.89780924706085,3,43.18181818181818
2026-09-04 16:30:33+09:00,47,88,38,38.603567969213024,3,43.18181818181818
2026-09-04 16:35:32+09:00,47,88,38,38.47746456442109,3,43.18181818181818
2026-09-04 16:40:32+09:00,47,88,38,38.099154350045296,3,43.18181818181818
2026-09-04 16:45:32+09:00,47,88,38,37.46863732608565,3,43.18181818181818
2026-09-04 16:50:32+09:00,47,88,38,37.34253392129372,3,43.18181818181818
2026-09-04 16:55:32+09:00,47,88,38,36.83812030212601,3,43.18181818181818
2026-09-04 17:00:32+09:00,47,88,38,36.627947960806125,3,43.18181818181818
2026-09-04 17:05:33+09:00,47,88,38,36.45981008775021,3,43.18181818181818
2026-09-04 17:10:33+09:00,47,88,38,35.87132753205454,3,43.18181818181818
2026-09-04 17:15:32+09:00,47,88,38,35.493017317678756,3,43.18181818181818
2026-09-04 17:20:32+09:00,47,88,38,35.32487944462286,3,43.18181818181818
2026-09-04 17:25:32+09:00,47,88,38,35.15674157156695,3,43.18181818181818
2026-09-04 17:30:34+09:00,47,88,38,34.946569230247064,3,43.18181818181818
2026-09-04 17:35:35+09:00,47,88,38,34.694362420663204,3,43.18181818181818
2026-09-04 17:40:35+09:00,47,88,38,34.61029348413525,3,43.18181818181818
2026-09-04 17:45:34+09:00,47,88,38,33.97977646017561,3,43.18181818181818
2026-09-04 17:50:32+09:00,47,88,38,33.60146624579982,3,43.18181818181818
2026-09-04 17:55:33+09:00,47,88,38,33.22315603142403,3,43.18181818181818
2026-09-04 18:00:32+09:00,47,88,38,32.844845817048245,3,43.18181818181818
2026-09-04 18:05:32+09:00,47,88,38,32.76077688052029,3,43.18181818181818
2026-09-04 18:10:34+09:00,47,88,38,31.16346708648918,3,43.18181818181818
2026-09-04 18:15:32+09:00,47,88,38,30.659053467321467,3,43.18181818181818
2026-09-04 18:20:32+09:00,47,88,38,30.15463984815375,3,43.18181818181818
2026-09-04 18:25:32+09:00,47,88,38,29.73429516551398,3,43.18181818181818
2026-09-04 18:30:32+09:00,47,88,38,29.44005388766615,3,43.18181818181818
2026-09-04 18:35:32+09:00,47,88,38,29.69226069725001,3,43.18181818181818
2026-09-04 18:40:35+09:00,47,88,38,29.73429516551398,3,43.18181818181818
2026-09-04 18:45:35+09:00,47,88,38,29.44005388766615,3,43.18181818181818
2026-09-04 18:50:33+09:00,47,88,38,29.69226069725001,3,43.18181818181818
2026-09-04 18:55:34+09:00,47,88,38,29.94446750683387,3,43.18181818181818
2026-09-04 19:00:34+09:00,47,88,38,29.902433038569892,3,43.18181818181818
2026-09-04 19:05:32+09:00,47,88,38,29.986501975097838,3,43.18181818181818
2026-09-04 19:10:33+09:00,47,88,38,30.15463984815375,3,43.18181818181818
2026-09-04 19:15:32+09:00,47,88,38,30.659053467321467,3,43.18181818181818
2026-09-04 19:20:32+09:00,47,88,38,30.36481218947363,3,43.18181818181818
2026-09-04 19:25:32+09:00,47,88,38,30.36481218947363,3,43.18181818181818
2026-09-04 19:30:32+09:00,47,88,38,30.36481218947363,3,43.18181818181818
2026-09-04 19:35:33+09:00,47,88,38,30.406846657737606,3,43.18181818181818
2026-09-04 19:40:35+09:00,47,88,38,30.49091559426556,3,43.18181818181818
2026-09-04 19:45:32+09:00,47,88,38,30.238708784681695,3,43.18181818181818
2026-09-04 19:50:33+09:00,47,88,38,30.238708784681695,3,43.18181818181818
2026-09-04 19:55:34+09:00,47,88,38,30.238708784681695,3,43.18181818181818
2026-09-04 20:00:32+09:00,47,88,38,30.49091559426556,3,43.18181818181818
2026-09-04 20:05:33+09:00,47,88,38,30.532950062529533,3,43.18181818181818
2026-09-04 20:10:32+09:00,47,88,38,30.32277772120965,3,43.18181818181818
2026-09-04 20:15:32+09:00,47,88,38,30.36481218947363,3,43.18181818181818
2026-09-04 20:20:33+09:00,47,88,38,30.57498453079351,3,43.18181818181818
2026-09-04 20:25:33+09:00,47,88,38,30.785156872113394,3,43.18181818181818
2026-09-04 20:30:33+09:00,47,88,38,30.57498453079351,3,43.18181818181818
2026-09-04 20:35:32+09:00,47,88,38,30.448881126001584,3,43.18181818181818
2026-09-04 20:40:32+09:00,47,88,38,30.406846657737606,3,43.18181818181818
2026-09-04 20:45:32+09:00,47,88,38,29.902433038569892,3,43.18181818181818
2026-09-04 20:50:32+09:00,47,88,38,29.73429516551398,3,43.18181818181818
2026-09-04 20:55:33+09:00,47,88,38,29.818364102041937,3,43.18181818181818
2026-09-04 21:00:33+09:00,47,88,38,29.77632963377796,3,43.18181818181818
2026-09-04 21:05:33+09:00,47,88,38,29.566157292458076,3,43.18181818181818
2026-09-04 21:10:34+09:00,47,88,38,29.48208835593012,3,43.18181818181818
2026-09-04 21:15:36+09:00,47,88,38,28.977674736762406,3,43.18181818181818
2026-09-04 21:20:34+09:00,47,88,38,28.893605800234454,3,43.18181818181818
2026-09-04 21:25:32+09:00,47,88,38,28.683433458914568,3,43.18181818181818
2026-09-04 21:30:32+09:00,47,88,38,28.389192181066736,3,43.18181818181818
2026-09-04 21:35:32+09:00,47,88,38,28.0949509032189,3,43.18181818181818
2026-09-04 21:40:32+09:00,47,88,38,28.052916434954927,3,43.18181818181818
2026-09-04 21:45:34+09:00,47,88,38,28.01088196669095,3,43.18181818181818
2026-09-04 21:50:33+09:00,47,88,38,27.632571752315158,3,43.18181818181818
2026-09-04 21:55:32+09:00,47,88,38,27.59053728405118,3,43.18181818181818
2026-09-04 22:00:32+09:00,47,88,38,27.42239941099528,3,43.18181818181818
2026-09-04 22:05:32+09:00,47,88,38,26.96002026009154,3,43.18181818181818
2026-09-04 22:10:33+09:00,47,88,38,26.665778982243705,3,43.18181818181818
2026-09-04 22:15:33+09:00,47,88,38,26.45560664092382,3,43.18181818181818
2026-09-04 22:20:32+09:00,47,88,38,26.161365363075987,3,43.18181818181818
2026-09-04 22:25:33+09:00,47,88,38,25.783055148700196,3,43.18181818181818
2026-09-04 22:30:33+09:00,47,88,38,25.572882807380314,3,43.18181818181818
2026-09-04 22:35:32+09:00,47,88,38,25.40474493432441,3,43.18181818181818
2026-09-04 22:40:33+09:00,47,88,38,25.40474493432441,3,43.18181818181818
2026-09-04 22:45:33+09:00,47,88,38,25.194572593004523,3,43.18181818181818
2026-09-04 22:50:32+09:00,47,88,38,24.900331315156688,3,43.18181818181818
2026-09-04 22:55:32+09:00,47,88,38,24.479986632516926,3,43.18181818181818
2026-09-04 23:00:33+09:00,47,88,38,24.269814291197047,3,43.18181818181818
2026-09-04 23:05:32+09:00,47,88,38,24.143710886405113,3,43.18181818181818
2026-09-04 23:10:34+09:00,47,88,38,24.017607481613187,3,43.18181818181818
2026-09-04 23:15:36+09:00,47,88,38,23.891504076821253,3,43.18181818181818
2026-09-04 23:20:32+09:00,47,88,38,23.849469608557275,3,43.18181818181818
2026-09-04 23:25:32+09:00,47,88,38,23.765400672029326,3,43.18181818181818
2026-09-04 23:30:32+09:00,47,88,38,23.681331735501374,3,43.18181818181818
2026-09-04 23:35:32+09:00,47,88,38,23.513193862445465,3,43.18181818181818
2026-09-04 23:40:32+09:00,47,88,38,23.303021521125583,3,43.18181818181818
2026-09-04 23:45:32+09:00,47,88,38,23.26098705286161,3,43.18181818181818
2026-09-04 23:50:33+09:00,47,88,38,23.21895258459763,3,43.18181818181818
2026-09-04 23:55:32+09:00,47,88,38,23.13488364806968,3,43.18181818181818
2026-09-04 09:45:34+09:00,48,24,24,30.28059466183843,5,100.0
2026-09-04 09:50:33+09:00,48,24,24,30.28059466183843,5,100.0
2026-09-04 09:55:33+09:00,48,24,24,30.28059466183843,5,100.0
2026-09-04 10:00:32+09:00,48,24,20,,0,83.33333333333334
2026-09-04 10:05:32+09:00,48,24,19,,0,79.16666666666666
2026-09-04 10:10:32+09:00,48,24,18,,0,75.0
2026-09-04 10:15:32+09:00,48,24,18,,0,75.0
2026-09-04 10:20:32+09:00,48,24,18,,0,75.0
2026-09-04 10:25:32+09:00,48,24,14,,0,58.333333333333336
2026-09-04 10:30:32+09:00,48,24,12,,0,50.0
2026-09-04 10:35:32+09:00,48,24,12,,0,50.0
2026-09-04 10:40:32+09:00,48,24,12,,0,50.0
2026-09-04 10:45:32+09:00,48,24,12,,0,50.0
2026-09-04 10:50:32+09:00,48,24,10,,0,41.66666666666667
2026-09-04 10:55:32+09:00,48,24,8,,0,33.33333333333333
2026-09-04 11:00:32+09:00,48,24,10,,0,41.66666666666667
2026-09-04 11:05:32+09:00,48,24,8,,0,33.33333333333333
2026-09-04 11:10:32+09:00,48,24,7,,0,29.166666666666668
2026-09-04 11:15:32+09:00,48,24,6,,0,25.0
2026-09-04 11:20:32+09:00,48,24,5,,0,20.833333333333336
2026-09-04 11:25:32+09:00,48,24,4,,0,16.666666666666664
2026-09-04 11:30:32+09:00,48,24,4,,0,16.666666666666664
2026-09-04 11:35:32+09:00,48,24,5,,0,20.833333333333336
2026-09-04 11:40:35+09:00,48,24,5,,0,20.833333333333336
2026-09-04 11:45:32+09:00,48,24,5,,0,20.833333333333336
2026-09-04 11:50:32+09:00,48,24,6,,0,25.0
2026-09-04 11:55:33+09:00,48,24,5,,0,20.833333333333336
2026-09-04 12:00:32+09:00,48,24,7,,0,29.166666666666668
2026-09-04 12:05:32+09:00,48,24,8,,0,33.33333333333333
2026-09-04 12:10:32+09:00,48,24,8,,0,33.33333333333333
2026-09-04 12:15:33+09:00,48,24,10,,0,41.66666666666667
2026-09-04 12:20:32+09:00,48,24,12,,0,50.0
2026-09-04 12:25:32+09:00,48,24,10,,0,41.66666666666667
2026-09-04 12:30:32+09:00,48,24,9,,0,37.5
2026-09-04 12:35:32+09:00,48,24,10,,0,41.66666666666667
2026-09-04 12:40:33+09:00,48,24,9,,0,37.5
2026-09-04 12:45:32+09:00,48,24,7,,0,29.166666666666668
2026-09-04 12:50:32+09:00,48,24,7,,0,29.166666666666668
2026-09-04 12:55:32+09:00,48,24,6,,0,25.0
2026-09-04 13:00:32+09:00,48,24,7,,0,29.166666666666668
2026-09-04 13:05:32+09:00,48,24,7,,0,29.166666666666668
2026-09-04 13:10:32+09:00,48,24,9,,0,37.5
2026-09-04 13:15:32+09:00,48,24,8,,0,33.33333333333333
2026-09-04 13:20:32+09:00,48,24,8,,0,33.33333333333333
2026-09-04 13:25:32+09:00,48,24,7,,0,29.166666666666668
2026-09-04 13:30:32+09:00,48,24,9,,0,37.5
2026-09-04 13:35:32+09:00,48,24,10,,0,41.66666666666667
2026-09-04 13:40:32+09:00,48,24,7,,0,29.166666666666668
2026-09-04 13:45:33+09:00,48,24,7,,0,29.166666666666668
2026-09-04 13:50:32+09:00,48,24,6,,0,25.0
2026-09-04 13:55:33+09:00,48,24,8,,0,33.33333333333333
2026-09-04 14:00:32+09:00,48,24,8,,0,33.33333333333333
2026-09-04 14:05:33+09:00,48,24,10,60.1586293037906,4,41.66666666666667
2026-09-04 14:10:32+09:00,48,24,8,60.26045400238949,4,33.33333333333333
2026-09-04 14:15:34+09:00,48,24,8,60.744487889649186,4,33.33333333333333
2026-09-04 14:20:34+09:00,48,24,6,60.33034647550777,4,25.0
2026-09-04 14:25:34+09:00,48,24,7,60.06690561529271,4,29.166666666666668
2026-09-04 14:30:32+09:00,48,24,5,56.604702943412626,4,20.833333333333336
2026-09-04 14:35:33+09:00,48,24,6,57.007928749864234,4,25.0
2026-09-04 14:40:32+09:00,48,24,6,58.08873683067232,4,25.0
2026-09-04 14:45:35+09:00,48,24,8,60.561855110242206,4,33.33333333333333
2026-09-04 14:50:34+09:00,48,24,6,60.663679808841096,4,25.0
2026-09-04 14:55:34+09:00,48,24,8,58.94895188443576,4,33.33333333333333
2026-09-04 15:00:32+09:00,48,24,7,48.211505738387466,3,29.166666666666668
2026-09-04 15:05:33+09:00,48,24,7,60.32024546540676,4,29.166666666666668
2026-09-04 15:10:33+09:00,48,24,9,59.71255566416857,4,37.5
2026-09-04 15:15:33+09:00,48,24,11,58.40105354621483,4,45.83333333333333
2026-09-04 15:20:32+09:00,48,24,11,58.21842076680786,4,45.83333333333333
2026-09-04 15:25:32+09:00,48,24,11,60.207505159118064,4,45.83333333333333
2026-09-04 15:30:32+09:00,48,24,12,58.529922884761596,4,50.0
2026-09-04 15:35:32+09:00,48,24,12,56.0568046051917,4,50.0
2026-09-04 15:40:32+09:00,48,24,8,58.529922884761596,4,33.33333333333333
2026-09-04 15:45:34+09:00,48,24,6,56.40105354621483,4,25.0
2026-09-04 15:50:34+09:00,48,24,8,64.30794229849768,5,33.33333333333333
2026-09-04 15:55:33+09:00,48,24,9,64.54906318477984,5,37.5
2026-09-04 16:00:34+09:00,48,24,11,62.27459250525429,5,45.83333333333333
2026-09-04 16:05:34+09:00,48,24,10,63.1518868991433,5,41.66666666666667
2026-09-04 16:10:35+09:00,48,24,10,61.39704550213363,5,41.66666666666667
2026-09-04 16:15:35+09:00,48,24,11,61.13143495704187,5,45.83333333333333
2026-09-04 16:20:33+09:00,48,24,9,59.98370760033547,5,37.5
2026-09-04 16:25:32+09:00,48,24,10,62.843667357535004,5,41.66666666666667
2026-09-04 16:30:33+09:00,48,24,12,63.11033402420166,5,50.0
2026-09-04 16:35:32+09:00,48,24,11,63.020543535342334,5,45.83333333333333
2026-09-04 16:40:32+09:00,48,24,9,61.89404744709035,5,37.5
2026-09-04 16:45:32+09:00,48,24,10,64.13062539820105,5,41.66666666666667
2026-09-04 16:50:32+09:00,48,24,9,64.49124791871716,5,37.5
2026-09-04 16:55:32+09:00,48,24,9,66.25793373262613,5,37.5
2026-09-04 17:00:32+09:00,48,24,9,67.13066100535339,5,37.5
2026-09-04 17:05:33+09:00,48,24,12,67.28509795885918,5,50.0
2026-09-04 17:10:33+09:00,48,24,16,67.33724832853532,5,66.66666666666666
2026-09-04 17:15:32+09:00,48,24,19,67.70284241371704,5,79.16666666666666
2026-09-04 17:20:32+09:00,48,24,18,66.2834795130106,5,75.0
2026-09-04 17:25:32+09:00,48,24,18,66.23132914333446,5,75.0
2026-09-04 17:30:34+09:00,48,24,18,67.25849605689979,5,75.0
2026-09-04 17:35:35+09:00,48,24,17,65.48347951301061,5,70.83333333333334
2026-09-04 17:40:35+09:00,48,24,16,65.34153865447514,5,66.66666666666666
2026-09-04 17:45:34+09:00,48,24,15,64.44798186946507,5,62.5
2026-09-04 17:50:32+09:00,48,24,11,67.13522812651512,5,45.83333333333333
2026-09-04 17:55:33+09:00,48,24,11,64.70967965879838,5,45.83333333333333
2026-09-04 18:00:32+09:00,48,24,13,65.05429508475734,5,54.166666666666664
2026-09-04 18:05:32+09:00,48,24,13,65.74166361542484,5,54.166666666666664
2026-09-04 18:10:34+09:00,48,24,11,66.19288282447577,5,45.83333333333333
2026-09-04 18:15:32+09:00,48,24,11,65.32889072523258,5,45.83333333333333
2026-09-04 18:20:32+09:00,48,24,10,63.80267143220253,5,41.66666666666667
2026-09-04 18:25:32+09:00,48,24,9,65.1657185982427,5,37.5
2026-09-04 18:30:32+09:00,48,24,8,66.4903194454242,5,33.33333333333333
2026-09-04 18:35:32+09:00,48,24,7,65.95322250327239,5,29.166666666666668
2026-09-04 18:40:35+09:00,48,24,7,67.93106276152501,5,29.166666666666668
2026-09-04 18:45:35+09:00,48,24,7,68.8555386477568,5,29.166666666666668
2026-09-04 18:50:33+09:00,48,24,8,69.5297567180507,5,33.33333333333333
2026-09-04 18:55:34+09:00,48,24,10,61.256129077046936,4,41.66666666666667
2026-09-04 19:00:34+09:00,48,24,10,62.69129046814447,4,41.66666666666667
2026-09-04 19:05:32+09:00,48,24,13,62.41172393483667,4,54.166666666666664
2026-09-04 19:10:33+09:00,48,24,11,63.03002030055572,4,45.83333333333333
2026-09-04 19:15:32+09:00,48,24,11,62.997772313535535,4,45.83333333333333
2026-09-04 19:20:32+09:00,48,24,11,61.71331147636435,4,45.83333333333333
2026-09-04 19:25:32+09:00,48,24,13,62.07286813372613,4,54.166666666666664
2026-09-04 19:30:32+09:00,48,24,14,61.922167579799776,4,58.333333333333336
2026-09-04 19:35:33+09:00,48,24,12,62.57791863877664,4,50.0
2026-09-04 19:40:35+09:00,48,24,12,62.045826852943584,4,50.0
2026-09-04 19:45:32+09:00,48,24,13,62.17989953856266,4,54.166666666666664
2026-09-04 19:50:33+09:00,48,24,13,61.647807752729605,4,54.166666666666664
2026-09-04 19:55:34+09:00,48,24,13,62.27131082468629,4,54.166666666666664
2026-09-04 20:00:32+09:00,48,24,13,62.142444845304844,4,54.166666666666664
2026-09-04 20:05:33+09:00,48,24,13,61.49190049256561,4,54.166666666666664
2026-09-04 20:10:32+09:00,48,24,15,59.54748963977431,4,62.5
2026-09-04 20:15:32+09:00,48,24,16,59.79380043646755,4,66.66666666666666
2026-09-04 20:20:33+09:00,48,24,15,58.12895611698406,4,62.5
2026-09-04 20:25:33+09:00,48,24,15,56.45789734166854,4,62.5
2026-09-04 20:30:33+09:00,48,24,17,56.55972204026744,4,70.83333333333334
2026-09-04 20:35:32+09:00,48,24,17,55.76989829567149,4,70.83333333333334
2026-09-04 20:40:32+09:00,48,24,18,54.85641527793174,4,75.0
2026-09-04 20:45:32+09:00,48,24,17,56.11383483432037,4,70.83333333333334
2026-09-04 20:50:32+09:00,48,24,23,54.92599198951044,4,95.83333333333334
2026-09-04 20:55:33+09:00,48,24,23,53.18422278432255,4,95.83333333333334
2026-09-04 21:00:33+09:00,48,24,23,51.486122728224494,4,95.83333333333334
2026-09-04 21:05:33+09:00,48,24,23,51.1047314963178,4,95.83333333333334
2026-09-04 21:10:34+09:00,48,24,24,50.196455184815676,4,100.0
2026-09-04 21:15:36+09:00,48,24,24,49.1374783193872,4,100.0
2026-09-04 21:20:34+09:00,48,24,24,48.374695855573805,4,100.0
2026-09-04 21:25:32+09:00,48,24,24,48.49314842247998,4,100.0
2026-09-04 21:30:32+09:00,48,24,29,56.24464353097543,5,120.83333333333333
2026-09-04 21:35:32+09:00,48,24,32,54.403921713532625,5,133.33333333333331
2026-09-04 21:40:32+09:00,48,24,32,52.835090736653754,5,133.33333333333331
2026-09-04 21:45:34+09:00,48,24,32,51.549337964502584,5,133.33333333333331
2026-09-04 21:50:33+09:00,48,24,32,50.46168995128091,5,133.33333333333331
2026-09-04 21:55:32+09:00,48,24,32,49.98883771760393,5,133.33333333333331
2026-09-04 22:00:32+09:00,48,24,35,48.85335922130069,5,145.83333333333331
2026-09-04 22:05:32+09:00,48,24,35,47.25898246403734,5,145.83333333333331
2026-09-04 22:10:33+09:00,48,24,35,45.41435057816834,5,145.83333333333331
2026-09-04 22:15:33+09:00,48,24,35,44.70103182361247,5,145.83333333333331
2026-09-04 22:20:32+09:00,48,24,35,42.65462965762267,5,145.83333333333331
2026-09-04 22:25:33+09:00,48,24,35,41.08082980341045,5,145.83333333333331
2026-09-04 22:30:33+09:00,48,24,35,40.66845866938983,5,145.83333333333331
2026-09-04 22:35:32+09:00,48,24,35,39.72691956702599,5,145.83333333333331
2026-09-04 22:40:33+09:00,48,24,35,38.282412642106685,5,145.83333333333331
2026-09-04 22:45:33+09:00,48,24,35,38.38550542561184,5,145.83333333333331
2026-09-04 22:50:32+09:00,48,24,35,37.6033748414194,5,145.83333333333331
2026-09-04 22:55:32+09:00,48,24,35,36.76492852256071,5,145.83333333333331
2026-09-04 23:00:33+09:00,48,24,24,36.5971892744091,5,100.0
2026-09-04 23:05:32+09:00,48,24,24,36.373536047762855,5,100.0
2026-09-04 23:10:34+09:00,48,24,24,35.397715991530426,5,100.0
2026-09-04 23:15:36+09:00,48,24,24,35.31665798882294,5,100.0
2026-09-04 23:20:32+09:00,48,24,24,35.01154500329758,5,100.0
2026-09-04 23:25:32+09:00,48,24,24,34.607504599257176,5,100.0
2026-09-04 23:30:32+09:00,48,24,24,34.77524384740879,5,100.0
2026-09-04 23:35:32+09:00,48,24,24,34.20346419521677,5,100.0
2026-09-04 23:40:32+09:00,48,24,24,34.20346419521677,5,100.0
2026-09-04 23:45:32+09:00,48,24,24,33.40346419521677,5,100.0
2026-09-04 23:50:33+09:00,48,24,24,32.03168454302475,5,100.0
2026-09-04 23:55:32+09:00,48,24,24,31.894310805651013,5,100.0
2026-09-04 09:45:34+09:00,52,55,55,36.41975308641975,3,100.0
2026-09-04 09:50:33+09:00,52,55,55,36.41975308641975,3,100.0
2026-09-04 09:55:33+09:00,52,55,55,36.41975308641975,3,100.0
2026-09-04 10:00:32+09:00,52,55,47,,0,85.45454545454545
2026-09-04 10:05:32+09:00,52,55,40,,0,72.72727272727273
2026-09-04 10:10:32+09:00,52,55,35,,0,63.63636363636363
2026-09-04 10:15:32+09:00,52,55,30,,0,54.54545454545454
2026-09-04 10:20:32+09:00,52,55,20,,0,36.36363636363637
2026-09-04 10:25:32+09:00,52,55,19,,0,34.54545454545455
2026-09-04 10:30:32+09:00,52,55,20,,0,36.36363636363637
2026-09-04 10:35:32+09:00,52,55,21,,0,38.18181818181819
2026-09-04 10:40:32+09:00,52,55,21,,0,38.18181818181819
2026-09-04 10:45:32+09:00,52,55,20,,0,36.36363636363637
2026-09-04 10:50:32+09:00,52,55,20,,0,36.36363636363637
2026-09-04 10:55:32+09:00,52,55,20,,0,36.36363636363637
2026-09-04 11:00:32+09:00,52,55,20,,0,36.36363636363637
2026-09-04 11:05:32+09:00,52,55,20,,0,36.36363636363637
2026-09-04 11:10:32+09:00,52,55,19,,0,34.54545454545455
2026-09-04 11:15:32+09:00,52,55,17,,0,30.909090909090907
2026-09-04 11:20:32+09:00,52,55,12,,0,21.818181818181817
2026-09-04 11:25:32+09:00,52,55,11,,0,20.0
2026-09-04 11:30:32+09:00,52,55,12,,0,21.818181818181817
2026-09-04 11:35:32+09:00,52,55,12,,0,21.818181818181817
2026-09-04 11:40:35+09:00,52,55,14,,0,25.454545454545453
2026-09-04 11:45:32+09:00,52,55,14,,0,25.454545454545453
2026-09-04 11:50:32+09:00,52,55,15,,0,27.27272727272727
2026-09-04 11:55:33+09:00,52,55,16,,0,29.09090909090909
2026-09-04 12:00:32+09:00,52,55,17,,0,30.909090909090907
2026-09-04 12:05:32+09:00,52,55,17,,0,30.909090909090907
2026-09-04 12:10:32+09:00,52,55,19,,0,34.54545454545455
2026-09-04 12:15:33+09:00,52,55,20,,0,36.36363636363637
2026-09-04 12:20:32+09:00,52,55,19,,0,34.54545454545455
2026-09-04 12:25:32+09:00,52,55,19,,0,34.54545454545455
2026-09-04 12:30:32+09:00,52,55,18,,0,32.72727272727273
2026-09-04 12:35:32+09:00,52,55,18,,0,32.72727272727273
2026-09-04 12:40:33+09:00,52,55,18,,0,32.72727272727273
2026-09-04 12:45:32+09:00,52,55,18,,0,32.72727272727273
2026-09-04 12:50:32+09:00,52,55,15,,0,27.27272727272727
2026-09-04 12:55:32+09:00,52,55,14,,0,25.454545454545453
2026-09-04 13:00:32+09:00,52,55,13,,0,23.636363636363637
2026-09-04 13:05:32+09:00,52,55,11,,0,20.0
2026-09-04 13:10:32+09:00,52,55,11,,0,20.0
2026-09-04 13:15:32+09:00,52,55,11,,0,20.0
2026-09-04 13:20:32+09:00,52,55,11,,0,20.0
2026-09-04 13:25:32+09:00,52,55,12,,0,21.818181818181817
2026-09-04 13:30:32+09:00,52,55,12,,0,21.818181818181817
2026-09-04 13:35:32+09:00,52,55,11,,0,20.0
2026-09-04 13:40:32+09:00,52,55,11,,0,20.0
2026-09-04 13:45:33+09:00,52,55,11,,0,20.0
2026-09-04 13:50:32+09:00,52,55,11,,0,20.0
2026-09-04 13:55:33+09:00,52,55,13,,0,23.636363636363637
2026-09-04 14:00:32+09:00,52,55,11,,0,20.0
2026-09-04 14:05:33+09:00,52,55,11,51.178451178451176,3,20.0
2026-09-04 14:10:32+09:00,52,55,10,52.46913580246913,3,18.181818181818183
2026-09-04 14:15:34+09:00,52,55,10,50.89786756453424,3,18.181818181818183
2026-09-04 14:20:34+09:00,52,55,8,50.617283950617285,3,14.545454545454545
2026-09-04 14:25:34+09:00,52,55,8,50.0,3,14.545454545454545
2026-09-04 14:30:32+09:00,52,55,10,45.95959595959596,3,18.181818181818183
2026-09-04 14:35:33+09:00,52,55,9,46.57687991021324,3,16.363636363636363
2026-09-04 14:40:32+09:00,52,55,9,45.00561167227834,3,16.363636363636363
2026-09-04 14:45:35+09:00,52,55,9,45.62289562289562,3,16.363636363636363
2026-09-04 14:50:34+09:00,52,55,10,47.53086419753086,3,18.181818181818183
2026-09-04 14:55:34+09:00,52,55,9,46.857463524130196,3,16.363636363636363
2026-09-04 15:00:32+09:00,52,55,8,45.62289562289562,3,14.545454545454545
2026-09-04 15:05:33+09:00,52,55,9,44.33221099887766,3,16.363636363636363
2026-09-04 15:10:33+09:00,52,55,9,43.434343434343425,3,16.363636363636363
2026-09-04 15:15:33+09:00,52,55,9,42.760942760942754,3,16.363636363636363
2026-09-04 15:20:32+09:00,52,55,9,41.18967452300786,3,16.363636363636363
2026-09-04 15:25:32+09:00,52,55,9,42.14365881032547,3,16.363636363636363
2026-09-04 15:30:32+09:00,52,55,8,40.62850729517396,3,14.545454545454545
2026-09-04 15:35:32+09:00,52,55,8,43.09764309764309,3,14.545454545454545
2026-09-04 15:40:32+09:00,52,55,9,42.480359147025816,3,16.363636363636363
2026-09-04 15:45:34+09:00,52,55,9,42.14365881032547,3,16.363636363636363
2026-09-04 15:50:34+09:00,52,55,10,41.86307519640853,3,18.181818181818183
2026-09-04 15:55:33+09:00,52,55,9,42.42424242424242,3,16.363636363636363
2026-09-04 16:00:34+09:00,52,55,9,43.65881032547699,3,16.363636363636363
2026-09-04 16:05:34+09:00,52,55,9,44.05162738496072,3,16.363636363636363
2026-09-04 16:10:35+09:00,52,55,10,43.714927048260385,3,18.181818181818183
2026-09-04 16:15:35+09:00,52,55,13,42.08754208754208,3,23.636363636363637
2026-09-04 16:20:33+09:00,52,55,12,37.09315375982043,3,21.818181818181817
2026-09-04 16:25:32+09:00,52,55,13,39.674523007856344,3,23.636363636363637
2026-09-04 16:30:33+09:00,52,55,13,39.05723905723906,3,23.636363636363637
2026-09-04 16:35:32+09:00,52,55,13,41.52637485970819,3,23.636363636363637
2026-09-04 16:40:32+09:00,52,55,14,41.07744107744107,3,25.454545454545453
2026-09-04 16:45:32+09:00,52,55,15,44.05162738496072,3,27.27272727272727
2026-09-04 16:50:32+09:00,52,55,15,43.09764309764309,3,27.27272727272727
2026-09-04 16:55:32+09:00,52,55,14,44.725028058361396,3,25.454545454545453
2026-09-04 17:00:32+09:00,52,55,14,45.117845117845114,3,25.454545454545453
2026-09-04 17:05:33+09:00,52,55,14,44.163860830527504,3,25.454545454545453
2026-09-04 17:10:33+09:00,52,55,15,44.837261503928175,3,27.27272727272727
2026-09-04 17:15:32+09:00,52,55,15,44.55667789001122,3,27.27272727272727
2026-09-04 17:20:32+09:00,52,55,16,44.163860830527504,3,29.09090909090909
2026-09-04 17:25:32+09:00,52,55,24,44.10774410774411,3,43.63636363636363
2026-09-04 17:30:34+09:00,52,55,32,46.35241301907968,3,58.18181818181818
2026-09-04 17:35:35+09:00,52,55,48,46.01571268237935,3,87.27272727272727
2026-09-04 17:40:35+09:00,52,55,50,47.19416386083052,3,90.9090909090909
2026-09-04 17:45:34+09:00,52,55,50,47.53086419753086,3,90.9090909090909
2026-09-04 17:50:32+09:00,52,55,50,46.96969696969696,3,90.9090909090909
2026-09-04 17:55:33+09:00,52,55,50,44.725028058361396,3,90.9090909090909
2026-09-04 18:00:32+09:00,52,55,50,45.00561167227834,3,90.9090909090909
2026-09-04 18:05:32+09:00,52,55,50,44.94949494949495,3,90.9090909090909
2026-09-04 18:10:34+09:00,52,55,50,46.24017957351291,3,90.9090909090909
2026-09-04 18:15:32+09:00,52,55,51,44.61279461279461,3,92.72727272727272
2026-09-04 18:20:32+09:00,52,55,51,44.89337822671157,3,92.72727272727272
2026-09-04 18:25:32+09:00,52,55,51,44.94949494949495,3,92.72727272727272
2026-09-04 18:30:32+09:00,52,55,51,45.903479236812565,3,92.72727272727272
2026-09-04 18:35:32+09:00,52,55,51,47.19416386083052,3,92.72727272727272
2026-09-04 18:40:35+09:00,52,55,51,47.30639730639731,3,92.72727272727272
2026-09-04 18:45:35+09:00,52,55,51,48.65319865319865,3,92.72727272727272
2026-09-04 18:50:33+09:00,52,55,51,49.10213243546576,3,92.72727272727272
2026-09-04 18:55:34+09:00,52,55,51,49.83164983164983,3,92.72727272727272
2026-09-04 19:00:34+09:00,52,55,51,51.45903479236813,3,92.72727272727272
2026-09-04 19:05:32+09:00,52,55,51,51.79573512906847,3,92.72727272727272
2026-09-04 19:10:33+09:00,52,55,51,54.096520763187435,3,92.72727272727272
2026-09-04 19:15:32+09:00,52,55,51,55.10662177328843,3,92.72727272727272
2026-09-04 19:20:32+09:00,52,55,51,54.37710437710437,3,92.72727272727272
2026-09-04 19:25:32+09:00,52,55,51,55.66778900112234,3,92.72727272727272
2026-09-04 19:30:32+09:00,52,55,51,55.38720538720539,3,92.72727272727272
2026-09-04 19:35:33+09:00,52,55,51,55.10662177328843,3,92.72727272727272
2026-09-04 19:40:35+09:00,52,55,51,55.723905723905716,3,92.72727272727272
2026-09-04 19:45:32+09:00,52,55,51,54.769921436588106,3,92.72727272727272
2026-09-04 19:50:33+09:00,52,55,51,55.38720538720539,3,92.72727272727272
2026-09-04 19:55:34+09:00,52,55,51,56.73400673400673,3,92.72727272727272
2026-09-04 20:00:32+09:00,52,55,51,56.116722783389456,3,92.72727272727272
2026-09-04 20:05:33+09:00,52,55,51,56.06060606060606,3,92.72727272727272
2026-09-04 20:10:32+09:00,52,55,51,55.723905723905716,3,92.72727272727272
2026-09-04 20:15:32+09:00,52,55,51,55.38720538720539,3,92.72727272727272
2026-09-04 20:20:33+09:00,52,55,51,54.096520763187435,3,92.72727272727272
2026-09-04 20:25:33+09:00,52,55,51,49.04601571268237,3,92.72727272727272
2026-09-04 20:30:33+09:00,52,55,51,49.10213243546576,3,92.72727272727272
2026-09-04 20:35:32+09:00,52,55,51,49.10213243546576,3,92.72727272727272
2026-09-04 20:40:32+09:00,52,55,51,48.76543209876544,3,92.72727272727272
2026-09-04 20:45:32+09:00,52,55,51,49.55106621773289,3,92.72727272727272
2026-09-04 20:50:32+09:00,52,55,51,49.21436588103254,3,92.72727272727272
2026-09-04 20:55:33+09:00,52,55,51,47.97979797979798,3,92.72727272727272
2026-09-04 21:00:33+09:00,52,55,51,47.923681257014586,3,92.72727272727272
2026-09-04 21:05:33+09:00,52,55,51,48.204264870931546,3,92.72727272727272
2026-09-04 21:10:34+09:00,52,55,51,46.913580246913575,3,92.72727272727272
2026-09-04 21:15:36+09:00,52,55,51,45.34231200897867,3,92.72727272727272
2026-09-04 21:20:34+09:00,52,55,51,45.28619528619529,3,92.72727272727272
2026-09-04 21:25:32+09:00,52,55,51,45.95959595959596,3,92.72727272727272
2026-09-04 21:30:32+09:00,52,55,51,45.62289562289563,3,92.72727272727272
2026-09-04 21:35:32+09:00,52,55,51,45.67901234567901,3,92.72727272727272
2026-09-04 21:40:32+09:00,52,55,51,45.34231200897867,3,92.72727272727272
2026-09-04 21:45:34+09:00,52,55,51,45.67901234567901,3,92.72727272727272
2026-09-04 21:50:33+09:00,52,55,51,45.28619528619529,3,92.72727272727272
2026-09-04 21:55:32+09:00,52,55,51,45.28619528619529,3,92.72727272727272
2026-09-04 22:00:32+09:00,52,55,51,44.725028058361396,3,92.72727272727272
2026-09-04 22:05:32+09:00,52,55,51,43.714927048260385,3,92.72727272727272
2026-09-04 22:10:33+09:00,52,55,51,42.76094276094276,3,92.72727272727272
2026-09-04 22:15:33+09:00,52,55,51,42.704826038159375,3,92.72727272727272
2026-09-04 22:20:32+09:00,52,55,51,40.62850729517396,3,92.72727272727272
2026-09-04 22:25:33+09:00,52,55,51,40.57239057239057,3,92.72727272727272
2026-09-04 22:30:33+09:00,52,55,51,42.42424242424242,3,92.72727272727272
2026-09-04 22:35:32+09:00,52,55,51,42.08754208754209,3,92.72727272727272
2026-09-04 22:40:33+09:00,52,55,51,40.74074074074074,3,92.72727272727272
2026-09-04 22:45:33+09:00,52,55,51,40.123456790123456,3,92.72727272727272
2026-09-04 22:50:32+09:00,52,55,51,40.123456790123456,3,92.72727272727272
2026-09-04 22:55:32+09:00,52,55,51,39.78675645342312,3,92.72727272727272
2026-09-04 23:00:33+09:00,52,55,55,41.35802469135802,3,100.0
2026-09-04 23:05:32+09:00,52,55,55,41.694725028058365,3,100.0
2026-09-04 23:10:34+09:00,52,55,55,40.684624017957354,3,100.0
2026-09-04 23:15:36+09:00,52,55,55,40.347923681257015,3,100.0
2026-09-04 23:20:32+09:00,52,55,55,40.011223344556676,3,100.0
2026-09-04 23:25:32+09:00,52,55,55,39.337822671156005,3,100.0
2026-09-04 23:30:32+09:00,52,55,55,39.001122334455665,3,100.0
2026-09-04 23:35:32+09:00,52,55,55,38.66442199775533,3,100.0
2026-09-04 23:40:32+09:00,52,55,55,38.66442199775533,3,100.0
2026-09-04 23:45:32+09:00,52,55,55,38.66442199775533,3,100.0
2026-09-04 23:50:33+09:00,52,55,55,38.327721661054994,3,100.0
2026-09-04 23:55:32+09:00,52,55,55,37.03703703703704,3,100.0
2026-09-04 09:45:34+09:00,53,62,60,29.635433371515848,5,96.7741935483871
2026-09-04 09:50:33+09:00,53,62,60,29.635433371515848,5,96.7741935483871
2026-09-04 09:55:33+09:00,53,62,60,29.635433371515848,5,96.7741935483871
2026-09-04 10:00:32+09:00,53,62,50,,0,80.64516129032258
2026-09-04 10:05:32+09:00,53,62,44,,0,70.96774193548387
2026-09-04 10:10:32+09:00,53,62,25,,0,40.32258064516129
2026-09-04 10:15:32+09:00,53,62,30,,0,48.38709677419355
2026-09-04 10:20:32+09:00,53,62,26,,0,41.935483870967744
2026-09-04 10:25:32+09:00,53,62,19,,0,30.64516129032258
2026-09-04 10:30:32+09:00,53,62,16,,0,25.806451612903224
2026-09-04 10:35:32+09:00,53,62,15,,0,24.193548387096776
2026-09-04 10:40:32+09:00,53,62,13,,0,20.967741935483872
2026-09-04 10:45:32+09:00,53,62,15,,0,24.193548387096776
2026-09-04 10:50:32+09:00,53,62,15,,0,24.193548387096776
2026-09-04 10:55:32+09:00,53,62,15,,0,24.193548387096776
2026-09-04 11:00:32+09:00,53,62,13,,0,20.967741935483872
2026-09-04 11:05:32+09:00,53,62,15,,0,24.193548387096776
2026-09-04 11:10:32+09:00,53,62,15,,0,24.193548387096776
2026-09-04 11:15:32+09:00,53,62,14,,0,22.58064516129032
2026-09-04 11:20:32+09:00,53,62,14,,0,22.58064516129032
2026-09-04 11:25:32+09:00,53,62,13,,0,20.967741935483872
2026-09-04 11:30:32+09:00,53,62,13,,0,20.967741935483872
2026-09-04 11:35:32+09:00,53,62,17,,0,27.419354838709676
2026-09-04 11:40:35+09:00,53,62,18,,0,29.03225806451613
2026-09-04 11:45:32+09:00,53,62,17,,0,27.419354838709676
2026-09-04 11:50:32+09:00,53,62,15,,0,24.193548387096776
2026-09-04 11:55:33+09:00,53,62,14,,0,22.58064516129032
2026-09-04 12:00:32+09:00,53,62,15,,0,24.193548387096776
2026-09-04 12:05:32+09:00,53,62,15,,0,24.193548387096776
2026-09-04 12:10:32+09:00,53,62,16,,0,25.806451612903224
2026-09-04 12:15:33+09:00,53,62,16,,0,25.806451612903224
2026-09-04 12:20:32+09:00,53,62,15,,0,24.193548387096776
2026-09-04 12:25:32+09:00,53,62,13,,0,20.967741935483872
2026-09-04 12:30:32+09:00,53,62,15,,0,24.193548387096776
2026-09-04 12:35:32+09:00,53,62,14,,0,22.58064516129032
2026-09-04 12:40:33+09:00,53,62,13,,0,20.967741935483872
2026-09-04 12:45:32+09:00,53,62,15,,0,24.193548387096776
2026-09-04 12:50:32+09:00,53,62,13,,0,20.967741935483872
2026-09-04 12:55:32+09:00,53,62,14,,0,22.58064516129032
2026-09-04 13:00:32+09:00,53,62,14,,0,22.58064516129032
2026-09-04 13:05:32+09:00,53,62,18,,0,29.03225806451613
2026-09-04 13:10:32+09:00,53,62,16,,0,25.806451612903224
2026-09-04 13:15:32+09:00,53,62,14,,0,22.58064516129032
2026-09-04 13:20:32+09:00,53,62,15,,0,24.193548387096776
2026-09-04 13:25:32+09:00,53,62,16,,0,25.806451612903224
2026-09-04 13:30:32+09:00,53,62,15,,0,24.193548387096776
2026-09-04 13:35:32+09:00,53,62,15,,0,24.193548387096776
2026-09-04 13:40:32+09:00,53,62,14,,0,22.58064516129032
2026-09-04 13:45:33+09:00,53,62,15,,0,24.193548387096776
2026-09-04 13:50:32+09:00,53,62,18,,0,29.03225806451613
2026-09-04 13:55:33+09:00,53,62,18,,0,29.03225806451613
2026-09-04 14:00:32+09:00,53,62,16,,0,25.806451612903224
2026-09-04 14:05:33+09:00,53,62,15,56.59680134680135,4,24.193548387096776
2026-09-04 14:10:32+09:00,53,62,18,58.14351851851852,4,29.03225806451613
2026-09-04 14:15:34+09:00,53,62,16,59.26599326599327,4,25.806451612903224
2026-09-04 14:20:34+09:00,53,62,16,57.81018518518518,4,25.806451612903224
2026-09-04 14:25:34+09:00,53,62,16,60.26851851851852,4,25.806451612903224
2026-09-04 14:30:32+09:00,53,62,19,59.05765993265993,4,30.64516129032258
2026-09-04 14:35:33+09:00,53,62,18,58.01599326599327,4,29.03225806451613
2026-09-04 14:40:32+09:00,53,62,18,59.09680134680135,4,29.03225806451613
2026-09-04 14:45:35+09:00,53,62,17,59.72180134680135,4,27.419354838709676
2026-09-04 14:50:34+09:00,53,62,17,60.226851851851855,4,27.419354838709676
2026-09-04 14:55:34+09:00,53,62,19,58.68013468013468,4,30.64516129032258
2026-09-04 15:00:32+09:00,53,62,18,46.240179573512904,3,29.03225806451613
2026-09-04 15:05:33+09:00,53,62,17,59.883417508417516,4,27.419354838709676
2026-09-04 15:10:33+09:00,53,62,15,56.38594276094276,4,24.193548387096776
2026-09-04 15:15:33+09:00,53,62,17,54.839225589225585,4,27.419354838709676
2026-09-04 15:20:32+09:00,53,62,16,53.21170033670033,4,25.806451612903224
2026-09-04 15:25:32+09:00,53,62,16,54.79755892255892,4,25.806451612903224
2026-09-04 15:30:32+09:00,53,62,14,52.716750841750844,4,22.58064516129032
2026-09-04 15:35:32+09:00,53,62,15,50.00841750841751,4,24.193548387096776
2026-09-04 15:40:32+09:00,53,62,15,53.75841750841751,4,24.193548387096776
2026-09-04 15:45:34+09:00,53,62,16,57.005892255892256,4,25.806451612903224
2026-09-04 15:50:34+09:00,53,62,17,65.43697455656219,5,27.419354838709676
2026-09-04 15:55:33+09:00,53,62,19,62.53293415252178,5,30.64516129032258
2026-09-04 16:00:34+09:00,53,62,20,58.91437745149085,5,32.25806451612903
2026-09-04 16:05:34+09:00,53,62,20,61.78091915720781,5,32.25806451612903
2026-09-04 16:10:35+09:00,53,62,20,59.5153250720261,5,32.25806451612903
2026-09-04 16:15:35+09:00,53,62,18,58.09380054843972,5,29.03225806451613
2026-09-04 16:20:33+09:00,53,62,21,57.913815127217184,5,33.87096774193548
2026-09-04 16:25:32+09:00,53,62,15,59.34904370162102,5,24.193548387096776
2026-09-04 16:30:33+09:00,53,62,16,57.94904370162102,5,25.806451612903224
2026-09-04 16:35:32+09:00,53,62,15,57.5366725676004,5,24.193548387096776
2026-09-04 16:40:32+09:00,53,62,17,58.39942379117637,5,27.419354838709676
2026-09-04 16:45:32+09:00,53,62,17,61.791915720781695,5,27.419354838709676
2026-09-04 16:50:32+09:00,53,62,18,61.64178555312576,5,29.03225806451613
2026-09-04 16:55:32+09:00,53,62,15,63.59664341004547,5,24.193548387096776
2026-09-04 17:00:32+09:00,53,62,19,63.63603734943941,5,30.64516129032258
2026-09-04 17:05:33+09:00,53,62,16,63.27972161477315,5,25.806451612903224
2026-09-04 17:10:33+09:00,53,62,16,60.83187198444931,5,25.806451612903224
2026-09-04 17:15:32+09:00,53,62,17,57.86413273629769,5,27.419354838709676
2026-09-04 17:20:32+09:00,53,62,17,56.76735048075254,5,27.419354838709676
2026-09-04 17:25:32+09:00,53,62,16,56.7152001110764,5,25.806451612903224
2026-09-04 17:30:34+09:00,53,62,16,57.09720573431914,5,25.806451612903224
2026-09-04 17:35:35+09:00,53,62,16,56.80068381408588,5,25.806451612903224
2026-09-04 17:40:35+09:00,53,62,17,57.16949564372245,5,27.419354838709676
2026-09-04 17:45:34+09:00,53,62,17,58.91034746086292,5,27.419354838709676
2026-09-04 17:50:32+09:00,53,62,16,61.46318511576244,5,25.806451612903224
2026-09-04 17:55:33+09:00,53,62,16,61.02688395987364,5,25.806451612903224
2026-09-04 18:00:32+09:00,53,62,16,59.382252074004654,5,25.806451612903224
2026-09-04 18:05:32+09:00,53,62,17,59.23628727133881,5,27.419354838709676
2026-09-04 18:10:34+09:00,53,62,18,62.510087125551046,5,29.03225806451613
2026-09-04 18:15:32+09:00,53,62,16,61.00093373598528,5,25.806451612903224
2026-09-04 18:20:32+09:00,53,62,17,60.95320906661114,5,27.419354838709676
2026-09-04 18:25:32+09:00,53,62,14,62.82700892082336,5,22.58064516129032
2026-09-04 18:30:32+09:00,53,62,14,63.82902912284355,5,22.58064516129032
2026-09-04 18:35:32+09:00,53,62,15,65.2811794925197,5,24.193548387096776
2026-09-04 18:40:35+09:00,53,62,15,67.25901975077234,5,24.193548387096776
2026-09-04 18:45:35+09:00,53,62,15,67.86091499184283,5,24.193548387096776
2026-09-04 18:50:33+09:00,53,62,18,68.34696101912597,5,29.03225806451613
2026-09-04 18:55:34+09:00,53,62,18,59.30720434586414,4,29.03225806451613
2026-09-04 19:00:34+09:00,53,62,20,58.894247457391785,4,32.25806451612903
2026-09-04 19:05:32+09:00,53,62,21,57.976240063868936,4,33.87096774193548
2026-09-04 19:10:33+09:00,53,62,22,58.594536429587976,4,35.483870967741936
2026-09-04 19:15:32+09:00,53,62,21,60.00718091568607,4,33.87096774193548
2026-09-04 19:20:32+09:00,53,62,23,59.125945884966505,4,37.096774193548384
2026-09-04 19:25:32+09:00,53,62,23,58.84706168211323,4,37.096774193548384
2026-09-04 19:30:32+09:00,53,62,24,55.97458693463848,4,38.70967741935484
2026-09-04 19:35:33+09:00,53,62,24,59.35211218716373,4,38.70967741935484
2026-09-04 19:40:35+09:00,53,62,25,58.181579541115624,4,40.32258064516129
2026-09-04 19:45:32+09:00,53,62,24,58.3156522267347,4,38.70967741935484
2026-09-04 19:50:33+09:00,53,62,25,58.186786247353254,4,40.32258064516129
2026-09-04 19:55:34+09:00,53,62,25,58.81028931930994,4,40.32258064516129
2026-09-04 20:00:32+09:00,53,62,26,58.68142333992849,4,41.935483870967744
2026-09-04 20:05:33+09:00,53,62,27,58.43410479364088,4,43.54838709677419
2026-09-04 20:10:32+09:00,53,62,27,55.85125308063453,4,43.54838709677419
2026-09-04 20:15:32+09:00,53,62,28,54.417456350446045,4,45.16129032258064
2026-09-04 20:20:33+09:00,53,62,28,53.79427869762922,4,45.16129032258064
2026-09-04 20:25:33+09:00,53,62,28,52.52644572876532,4,45.16129032258064
2026-09-04 20:30:33+09:00,53,62,31,53.03149623381582,4,50.0
2026-09-04 20:35:32+09:00,53,62,32,50.56156496233816,4,51.61290322580645
2026-09-04 20:40:32+09:00,53,62,33,49.009641084383354,4,53.2258064516129
2026-09-04 20:45:32+09:00,53,62,32,50.26706064077198,4,51.61290322580645
2026-09-04 20:50:32+09:00,53,62,34,45.71900274219862,4,54.83870967741935
2026-09-04 20:55:33+09:00,53,62,40,45.590136762817174,4,64.51612903225806
2026-09-04 21:00:33+09:00,53,62,40,43.65682165295568,4,64.51612903225806
2026-09-04 21:05:33+09:00,53,62,41,43.27543042104898,4,66.12903225806451
2026-09-04 21:10:34+09:00,53,62,42,41.728713249331804,4,67.74193548387096
2026-09-04 21:15:36+09:00,53,62,43,41.47618799680655,4,69.35483870967742
2026-09-04 21:20:34+09:00,53,62,43,40.713405532993164,4,69.35483870967742
2026-09-04 21:25:32+09:00,53,62,43,40.831858099899335,4,69.35483870967742
2026-09-04 21:30:32+09:00,53,62,52,52.05109514387865,5,83.87096774193549
2026-09-04 21:35:32+09:00,53,62,55,52.145857197403586,5,88.70967741935483
2026-09-04 21:40:32+09:00,53,62,57,64.02773438855913,4,91.93548387096774
2026-09-04 21:45:34+09:00,53,62,59,63.22699503627339,4,95.16129032258065
2026-09-04 21:50:33+09:00,53,62,61,62.67388663264952,4,98.38709677419355
2026-09-04 21:55:32+09:00,53,62,61,62.0828213405533,4,98.38709677419355
2026-09-04 22:00:32+09:00,53,62,61,60.66347322017425,4,98.38709677419355
2026-09-04 22:05:32+09:00,53,62,61,58.670502273595055,4,98.38709677419355
2026-09-04 22:10:33+09:00,53,62,61,56.364712416258804,4,98.38709677419355
2026-09-04 22:15:33+09:00,53,62,61,55.47306397306398,4,98.38709677419355
2026-09-04 22:20:32+09:00,53,62,61,52.915061265576725,4,98.38709677419355
2026-09-04 22:25:33+09:00,53,62,61,50.947811447811446,4,98.38709677419355
2026-09-04 22:30:33+09:00,53,62,61,50.432347530285675,4,98.38709677419355
2026-09-04 22:35:32+09:00,53,62,61,49.25542365233087,4,98.38709677419355
2026-09-04 22:40:33+09:00,53,62,61,47.44978999618175,4,98.38709677419355
2026-09-04 22:45:33+09:00,53,62,61,47.578655975563194,4,98.38709677419355
2026-09-04 22:50:32+09:00,53,62,61,46.60099274532264,4,98.38709677419355
2026-09-04 22:55:32+09:00,53,62,61,45.55293484674928,4,98.38709677419355
2026-09-04 23:00:33+09:00,53,62,62,45.34326078655975,4,100.0
2026-09-04 23:05:32+09:00,53,62,62,36.373536047762855,5,100.0
2026-09-04 23:10:34+09:00,53,62,62,35.397715991530426,5,100.0
2026-09-04 23:15:36+09:00,53,62,62,35.31665798882294,5,100.0
2026-09-04 23:20:32+09:00,53,62,62,35.01154500329758,5,100.0
2026-09-04 23:25:32+09:00,53,62,62,34.607504599257176,5,100.0
2026-09-04 23:30:32+09:00,53,62,62,34.77524384740879,5,100.0
2026-09-04 23:35:32+09:00,53,62,62,34.20346419521677,5,100.0
2026-09-04 23:40:32+09:00,53,62,62,34.20346419521677,5,100.0
2026-09-04 23:45:32+09:00,53,62,62,33.40346419521677,5,100.0
2026-09-04 23:50:33+09:00,53,62,62,32.03168454302475,5,100.0
2026-09-04 23:55:32+09:00,53,62,62,31.894310805651013,5,100.0
2026-09-04 09:45:34+09:00,55,27,25,44.709934297770886,7,92.5925925925926
2026-09-04 09:50:33+09:00,55,27,25,44.709934297770886,7,92.5925925925926
2026-09-04 09:55:33+09:00,55,27,25,44.709934297770886,7,92.5925925925926
2026-09-04 10:00:32+09:00,55,27,25,,0,92.5925925925926
2026-09-04 10:05:32+09:00,55,27,25,,0,92.5925925925926
2026-09-04 10:10:32+09:00,55,27,25,,0,92.5925925925926
2026-09-04 10:15:32+09:00,55,27,25,,0,92.5925925925926
2026-09-04 10:20:32+09:00,55,27,25,,0,92.5925925925926
2026-09-04 10:25:32+09:00,55,27,25,,0,92.5925925925926
2026-09-04 10:30:32+09:00,55,27,25,,0,92.5925925925926
2026-09-04 10:35:32+09:00,55,27,25,,0,92.5925925925926
2026-09-04 10:40:32+09:00,55,27,25,,0,92.5925925925926
2026-09-04 10:45:32+09:00,55,27,25,,0,92.5925925925926
2026-09-04 10:50:32+09:00,55,27,25,,0,92.5925925925926
2026-09-04 10:55:32+09:00,55,27,25,,0,92.5925925925926
2026-09-04 11:00:32+09:00,55,27,25,,0,92.5925925925926
2026-09-04 11:05:32+09:00,55,27,25,,0,92.5925925925926
2026-09-04 11:10:32+09:00,55,27,25,,0,92.5925925925926
2026-09-04 11:15:32+09:00,55,27,25,,0,92.5925925925926
2026-09-04 11:20:32+09:00,55,27,25,,0,92.5925925925926
2026-09-04 11:25:32+09:00,55,27,25,,0,92.5925925925926
2026-09-04 11:30:32+09:00,55,27,25,,0,92.5925925925926
2026-09-04 11:35:32+09:00,55,27,25,,0,92.5925925925926
2026-09-04 11:40:35+09:00,55,27,25,,0,92.5925925925926
2026-09-04 11:45:32+09:00,55,27,25,,0,92.5925925925926
2026-09-04 11:50:32+09:00,55,27,25,,0,92.5925925925926
2026-09-04 11:55:33+09:00,55,27,25,,0,92.5925925925926
2026-09-04 12:00:32+09:00,55,27,25,,0,92.5925925925926
2026-09-04 12:05:32+09:00,55,27,25,,0,92.5925925925926
2026-09-04 12:10:32+09:00,55,27,25,,0,92.5925925925926
2026-09-04 12:15:33+09:00,55,27,25,,0,92.5925925925926
2026-09-04 12:20:32+09:00,55,27,25,,0,92.5925925925926
2026-09-04 12:25:32+09:00,55,27,25,,0,92.5925925925926
2026-09-04 12:30:32+09:00,55,27,25,,0,92.5925925925926
2026-09-04 12:35:32+09:00,55,27,25,,0,92.5925925925926
2026-09-04 12:40:33+09:00,55,27,25,,0,92.5925925925926
2026-09-04 12:45:32+09:00,55,27,25,,0,92.5925925925926
2026-09-04 12:50:32+09:00,55,27,25,,0,92.5925925925926
2026-09-04 12:55:32+09:00,55,27,25,,0,92.5925925925926
2026-09-04 13:00:32+09:00,55,27,25,,0,92.5925925925926
2026-09-04 13:05:32+09:00,55,27,25,,0,92.5925925925926
2026-09-04 13:10:32+09:00,55,27,25,,0,92.5925925925926
2026-09-04 13:15:32+09:00,55,27,25,,0,92.5925925925926
2026-09-04 13:20:32+09:00,55,27,25,,0,92.5925925925926
2026-09-04 13:25:32+09:00,55,27,25,,0,92.5925925925926
2026-09-04 13:30:32+09:00,55,27,25,,0,92.5925925925926
2026-09-04 13:35:32+09:00,55,27,25,,0,92.5925925925926
2026-09-04 13:40:32+09:00,55,27,25,,0,92.5925925925926
2026-09-04 13:45:33+09:00,55,27,25,,0,92.5925925925926
2026-09-04 13:50:32+09:00,55,27,25,,0,92.5925925925926
2026-09-04 13:55:33+09:00,55,27,25,,0,92.5925925925926
2026-09-04 14:00:32+09:00,55,27,25,,0,92.5925925925926
2026-09-04 14:05:33+09:00,55,27,25,80.04668410596194,6,92.5925925925926
2026-09-04 14:10:32+09:00,55,27,25,78.61989982415776,6,92.5925925925926
2026-09-04 14:15:34+09:00,55,27,25,78.78312696634703,6,92.5925925925926
2026-09-04 14:20:34+09:00,55,27,25,77.86795172399059,6,92.5925925925926
2026-09-04 14:25:34+09:00,55,27,25,80.61675512566916,6,92.5925925925926
2026-09-04 14:30:32+09:00,55,27,25,79.20936604605664,6,92.5925925925926
2026-09-04 14:35:33+09:00,55,27,25,78.37886573909098,6,92.5925925925926
2026-09-04 14:40:32+09:00,55,27,25,79.3796114512461,6,92.5925925925926
2026-09-04 14:45:35+09:00,55,27,25,80.99385041471368,6,92.5925925925926
2026-09-04 14:50:34+09:00,55,27,25,81.19920887425853,6,92.5925925925926
2026-09-04 14:55:34+09:00,55,27,25,79.10767752573572,6,92.5925925925926
2026-09-04 15:00:32+09:00,55,27,25,76.64588989487565,5,92.5925925925926
2026-09-04 15:05:33+09:00,55,27,25,79.9502556503272,6,92.5925925925926
2026-09-04 15:10:33+09:00,55,27,25,78.25876073576734,6,92.5925925925926
2026-09-04 15:15:33+09:00,55,27,25,78.25050669131356,6,92.5925925925926
2026-09-04 15:20:32+09:00,55,27,25,76.96946771153027,6,92.5925925925926
2026-09-04 15:25:32+09:00,55,27,25,77.83415756116416,6,92.5925925925926
2026-09-04 15:30:32+09:00,55,27,25,76.6592760331759,6,92.5925925925926
2026-09-04 15:35:32+09:00,55,27,25,73.98051559921953,6,92.5925925925926
2026-09-04 15:40:32+09:00,55,27,25,76.46546613882617,6,92.5925925925926
2026-09-04 15:45:34+09:00,55,27,25,77.99234785925627,6,92.5925925925926
2026-09-04 15:50:34+09:00,55,27,25,80.97307056541149,7,92.5925925925926
2026-09-04 15:55:33+09:00,55,27,25,80.23133995654756,7,92.5925925925926
2026-09-04 16:00:34+09:00,55,27,25,76.50749200844619,7,92.5925925925926
2026-09-04 16:05:34+09:00,55,27,25,77.92818166986488,7,92.5925925925926
2026-09-04 16:10:35+09:00,55,27,25,76.03203102403508,7,92.5925925925926
2026-09-04 16:15:35+09:00,55,27,25,76.12288287813631,7,92.5925925925926
2026-09-04 16:20:33+09:00,55,27,25,75.65502539859197,7,92.5925925925926
2026-09-04 16:25:32+09:00,55,27,25,76.95847571343099,7,92.5925925925926
2026-09-04 16:30:33+09:00,55,27,25,75.3563396153384,7,92.5925925925926
2026-09-04 16:35:32+09:00,55,27,25,75.44748305497305,7,92.5925925925926
2026-09-04 16:40:32+09:00,55,27,25,76.84245173516881,7,92.5925925925926
2026-09-04 16:45:32+09:00,55,27,25,77.96574227365043,7,92.5925925925926
2026-09-04 16:50:32+09:00,55,27,25,77.09336037651872,7,92.5925925925926
2026-09-04 16:55:32+09:00,55,27,25,79.2195751131661,7,92.5925925925926
2026-09-04 17:00:32+09:00,55,27,25,78.04779499172153,7,92.5925925925926
2026-09-04 17:05:33+09:00,55,27,25,77.20091032942334,7,92.5925925925926
2026-09-04 17:10:33+09:00,55,27,25,75.16384601916316,7,92.5925925925926
2026-09-04 17:15:32+09:00,55,27,25,72.7215254481225,7,92.5925925925926
2026-09-04 17:20:32+09:00,55,27,25,71.1588952918527,7,92.5925925925926
2026-09-04 17:25:32+09:00,55,27,25,71.75727937367485,7,92.5925925925926
2026-09-04 17:30:34+09:00,55,27,25,72.40904891122274,7,92.5925925925926
2026-09-04 17:35:35+09:00,55,27,25,72.09934518059138,7,92.5925925925926
2026-09-04 17:40:35+09:00,55,27,25,73.3476357462212,7,92.5925925925926
2026-09-04 17:45:34+09:00,55,27,25,74.33082060847347,7,92.5925925925926
2026-09-04 17:50:32+09:00,55,27,25,77.31433562848805,7,92.5925925925926
2026-09-04 17:55:33+09:00,55,27,25,77.93966605830998,7,92.5925925925926
2026-09-04 18:00:32+09:00,55,27,25,76.58730740026212,7,92.5925925925926
2026-09-04 18:05:32+09:00,55,27,25,76.1734562780625,7,92.5925925925926
2026-09-04 18:10:34+09:00,55,27,25,77.57288555080648,7,92.5925925925926
2026-09-04 18:15:32+09:00,55,27,25,78.28385073753024,7,92.5925925925926
2026-09-04 18:20:32+09:00,55,27,25,77.90635990360929,7,92.5925925925926
2026-09-04 18:25:32+09:00,55,27,25,78.49253471429472,7,92.5925925925926
2026-09-04 18:30:32+09:00,55,27,25,78.11697827166252,7,92.5925925925926
2026-09-04 18:35:32+09:00,55,27,25,79.70713336860759,7,92.5925925925926
2026-09-04 18:40:35+09:00,55,27,25,80.9816419067522,7,92.5925925925926
2026-09-04 18:45:35+09:00,55,27,25,81.44829035662994,7,92.5925925925926
2026-09-04 18:50:33+09:00,55,27,25,81.81740807200049,7,92.5925925925926
2026-09-04 18:55:34+09:00,55,27,25,76.76148430521265,6,92.5925925925926
2026-09-04 19:00:34+09:00,55,27,25,77.01968765107637,6,92.5925925925926
2026-09-04 19:05:32+09:00,55,27,25,76.10912054345715,6,92.5925925925926
2026-09-04 19:10:33+09:00,55,27,25,75.67296703151676,6,92.5925925925926
2026-09-04 19:15:32+09:00,55,27,25,76.68656242544883,6,92.5925925925926
2026-09-04 19:20:32+09:00,55,27,25,75.62000433933753,6,92.5925925925926
2026-09-04 19:25:32+09:00,55,27,25,73.64529597081106,6,92.5925925925926
2026-09-04 19:30:32+09:00,55,27,25,70.89287517041734,6,92.5925925925926
2026-09-04 19:35:33+09:00,55,27,25,73.23382265665319,6,92.5925925925926
2026-09-04 19:40:35+09:00,55,27,25,71.85368268925102,6,92.5925925925926
2026-09-04 19:45:32+09:00,55,27,25,71.4762276873236,6,92.5925925925926
2026-09-04 19:50:33+09:00,55,27,25,70.82848358654549,6,92.5925925925926
2026-09-04 19:55:34+09:00,55,27,25,70.48564317529743,6,92.5925925925926
2026-09-04 20:00:32+09:00,55,27,25,69.65008337762957,6,92.5925925925926
2026-09-04 20:05:33+09:00,55,27,25,68.77008971630688,6,92.5925925925926
2026-09-04 20:10:32+09:00,55,27,25,67.0328299908369,6,92.5925925925926
2026-09-04 20:15:32+09:00,55,27,25,65.71023059531866,6,92.5925925925926
2026-09-04 20:20:33+09:00,55,27,25,65.47706811396564,6,92.5925925925926
2026-09-04 20:25:33+09:00,55,27,25,64.85066737946981,6,92.5925925925926
2026-09-04 20:30:33+09:00,55,27,25,64.32018510645669,6,92.5925925925926
2026-09-04 20:35:32+09:00,55,27,25,61.94637724611945,6,92.5925925925926
2026-09-04 20:40:32+09:00,55,27,25,60.29456440144349,6,92.5925925925926
2026-09-04 20:45:32+09:00,55,27,25,59.35555118819955,6,92.5925925925926
2026-09-04 20:50:32+09:00,55,27,25,56.945133902833106,6,92.5925925925926
2026-09-04 20:55:33+09:00,55,27,25,55.15076491529013,6,92.5925925925926
2026-09-04 21:00:33+09:00,55,27,25,53.96317595516268,6,92.5925925925926
2026-09-04 21:05:33+09:00,55,27,25,53.47239223541942,6,92.5925925925926
2026-09-04 21:10:34+09:00,55,27,25,51.69938445302932,6,92.5925925925926
2026-09-04 21:15:36+09:00,55,27,25,50.799431203847455,6,92.5925925925926
2026-09-04 21:20:34+09:00,55,27,25,50.40389625147309,6,92.5925925925926
2026-09-04 21:25:32+09:00,55,27,25,49.33181535500265,6,92.5925925925926
2026-09-04 21:30:32+09:00,55,27,25,54.889142897242316,7,92.5925925925926
2026-09-04 21:35:32+09:00,55,27,25,52.9981094792126,7,92.5925925925926
2026-09-04 21:40:32+09:00,55,27,25,60.622816149675515,6,92.5925925925926
2026-09-04 21:45:34+09:00,55,27,25,59.26654571053685,6,92.5925925925926
2026-09-04 21:50:33+09:00,55,27,25,58.82266864499337,6,92.5925925925926
2026-09-04 21:55:32+09:00,55,27,25,58.066306276349515,6,92.5925925925926
2026-09-04 22:00:32+09:00,55,27,25,56.05873617823706,6,92.5925925925926
2026-09-04 22:05:32+09:00,55,27,25,54.989280172317585,6,92.5925925925926
2026-09-04 22:10:33+09:00,55,27,25,53.91805615006263,6,92.5925925925926
2026-09-04 22:15:33+09:00,55,27,25,53.29800535072004,6,92.5925925925926
2026-09-04 22:20:32+09:00,55,27,25,52.82761473593033,6,92.5925925925926
2026-09-04 22:25:33+09:00,55,27,25,51.964672017386704,6,92.5925925925926
2026-09-04 22:30:33+09:00,55,27,25,51.14685374185692,6,92.5925925925926
2026-09-04 22:35:32+09:00,55,27,25,50.3494285712807,6,92.5925925925926
2026-09-04 22:40:33+09:00,55,27,25,49.27559521304573,6,92.5925925925926
2026-09-04 22:45:33+09:00,55,27,25,49.361505865966684,6,92.5925925925926
2026-09-04 22:50:32+09:00,55,27,25,48.30485731231736,6,92.5925925925926
2026-09-04 22:55:32+09:00,55,27,25,48.546296926416936,6,92.5925925925926
2026-09-04 23:00:33+09:00,55,27,25,48.41932347156361,6,92.5925925925926
2026-09-04 23:05:32+09:00,55,27,25,41.2941020893781,7,92.5925925925926
2026-09-04 23:10:34+09:00,55,27,25,40.9341109193129,7,92.5925925925926
2026-09-04 23:15:36+09:00,55,27,25,41.02051249025055,7,92.5925925925926
2026-09-04 23:20:32+09:00,55,27,25,41.10215429085246,7,92.5925925925926
2026-09-04 23:25:32+09:00,55,27,25,41.10215429085246,7,92.5925925925926
2026-09-04 23:30:32+09:00,55,27,25,41.115111403641414,7,92.5925925925926
2026-09-04 23:35:32+09:00,55,27,25,40.755120233576214,7,92.5925925925926
2026-09-04 23:40:32+09:00,55,27,25,41.002331753141725,7,92.5925925925926
2026-09-04 23:45:32+09:00,55,27,25,40.586182684818745,7,92.5925925925926
2026-09-04 23:50:33+09:00,55,27,25,39.84651749749563,7,92.5925925925926
2026-09-04 23:55:32+09:00,55,27,25,40.387973005873484,7,92.5925925925926
2026-09-04 09:45:34+09:00,56,15,15,22.916666666666664,4,100.0
2026-09-04 09:50:33+09:00,56,15,15,22.916666666666664,4,100.0
2026-09-04 09:55:33+09:00,56,15,15,22.916666666666664,4,100.0
2026-09-04 10:00:32+09:00,56,15,15,,0,100.0
2026-09-04 10:05:32+09:00,56,15,11,,0,73.33333333333333
2026-09-04 10:10:32+09:00,56,15,3,,0,20.0
2026-09-04 10:15:32+09:00,56,15,3,,0,20.0
2026-09-04 10:20:32+09:00,56,15,4,,0,26.666666666666668
2026-09-04 10:25:32+09:00,56,15,4,,0,26.666666666666668
2026-09-04 10:30:32+09:00,56,15,4,,0,26.666666666666668
2026-09-04 10:35:32+09:00,56,15,4,,0,26.666666666666668
2026-09-04 10:40:32+09:00,56,15,4,,0,26.666666666666668
2026-09-04 10:45:32+09:00,56,15,3,,0,20.0
2026-09-04 10:50:32+09:00,56,15,2,,0,13.333333333333334
2026-09-04 10:55:32+09:00,56,15,3,,0,20.0
2026-09-04 11:00:32+09:00,56,15,3,,0,20.0
2026-09-04 11:05:32+09:00,56,15,1,,0,6.666666666666667
2026-09-04 11:10:32+09:00,56,15,2,,0,13.333333333333334
2026-09-04 11:15:32+09:00,56,15,2,,0,13.333333333333334
2026-09-04 11:20:32+09:00,56,15,3,,0,20.0
2026-09-04 11:25:32+09:00,56,15,3,,0,20.0
2026-09-04 11:30:32+09:00,56,15,3,,0,20.0
2026-09-04 11:35:32+09:00,56,15,3,,0,20.0
2026-09-04 11:40:35+09:00,56,15,3,,0,20.0
2026-09-04 11:45:32+09:00,56,15,2,,0,13.333333333333334
2026-09-04 11:50:32+09:00,56,15,3,,0,20.0
2026-09-04 11:55:33+09:00,56,15,0,,0,0.0
2026-09-04 12:00:32+09:00,56,15,2,,0,13.333333333333334
2026-09-04 12:05:32+09:00,56,15,2,,0,13.333333333333334
2026-09-04 12:10:32+09:00,56,15,3,,0,20.0
2026-09-04 12:15:33+09:00,56,15,1,,0,6.666666666666667
2026-09-04 12:20:32+09:00,56,15,1,,0,6.666666666666667
2026-09-04 12:25:32+09:00,56,15,1,,0,6.666666666666667
2026-09-04 12:30:32+09:00,56,15,1,,0,6.666666666666667
2026-09-04 12:35:32+09:00,56,15,1,,0,6.666666666666667
2026-09-04 12:40:33+09:00,56,15,2,,0,13.333333333333334
2026-09-04 12:45:32+09:00,56,15,2,,0,13.333333333333334
2026-09-04 12:50:32+09:00,56,15,0,,0,0.0
2026-09-04 12:55:32+09:00,56,15,1,,0,6.666666666666667
2026-09-04 13:00:32+09:00,56,15,1,,0,6.666666666666667
2026-09-04 13:05:32+09:00,56,15,1,,0,6.666666666666667
2026-09-04 13:10:32+09:00,56,15,1,,0,6.666666666666667
2026-09-04 13:15:32+09:00,56,15,2,,0,13.333333333333334
2026-09-04 13:20:32+09:00,56,15,3,,0,20.0
2026-09-04 13:25:32+09:00,56,15,2,,0,13.333333333333334
2026-09-04 13:30:32+09:00,56,15,3,,0,20.0
2026-09-04 13:35:32+09:00,56,15,4,,0,26.666666666666668
2026-09-04 13:40:32+09:00,56,15,4,,0,26.666666666666668
2026-09-04 13:45:33+09:00,56,15,5,,0,33.33333333333333
2026-09-04 13:50:32+09:00,56,15,5,,0,33.33333333333333
2026-09-04 13:55:33+09:00,56,15,8,,0,53.333333333333336
2026-09-04 14:00:32+09:00,56,15,8,,0,53.333333333333336
2026-09-04 14:05:33+09:00,56,15,8,93.3574879227053,4,53.333333333333336
2026-09-04 14:10:32+09:00,56,15,5,88.4963768115942,4,33.33333333333333
2026-09-04 14:15:34+09:00,56,15,2,89.88526570048309,4,13.333333333333334
2026-09-04 14:20:34+09:00,56,15,1,91.27415458937199,4,6.666666666666667
2026-09-04 14:25:34+09:00,56,15,2,92.66304347826087,4,13.333333333333334
2026-09-04 14:30:32+09:00,56,15,2,92.66304347826087,4,13.333333333333334
2026-09-04 14:35:33+09:00,56,15,3,89.88526570048309,4,20.0
2026-09-04 14:40:32+09:00,56,15,3,92.66304347826087,4,20.0
2026-09-04 14:45:35+09:00,56,15,3,94.7463768115942,4,20.0
2026-09-04 14:50:34+09:00,56,15,3,93.3574879227053,4,20.0
2026-09-04 14:55:34+09:00,56,15,3,91.27415458937199,4,20.0
2026-09-04 15:00:32+09:00,56,15,3,91.27415458937199,4,20.0
2026-09-04 15:05:33+09:00,56,15,3,91.27415458937199,4,20.0
2026-09-04 15:10:33+09:00,56,15,2,91.96859903381642,4,13.333333333333334
2026-09-04 15:15:33+09:00,56,15,0,93.65942028985506,4,0.0
2026-09-04 15:20:32+09:00,56,15,0,91.96859903381642,4,0.0
2026-09-04 15:25:32+09:00,56,15,0,94.7463768115942,4,0.0
2026-09-04 15:30:32+09:00,56,15,0,93.3574879227053,4,0.0
2026-09-04 15:35:32+09:00,56,15,0,92.66304347826087,4,0.0
2026-09-04 15:40:32+09:00,56,15,0,92.66304347826087,4,0.0
2026-09-04 15:45:34+09:00,56,15,0,92.66304347826087,4,0.0
2026-09-04 15:50:34+09:00,56,15,0,90.18719806763285,4,0.0
2026-09-04 15:55:33+09:00,56,15,0,90.09661835748791,4,0.0
2026-09-04 16:00:34+09:00,56,15,0,90.09661835748791,4,0.0
2026-09-04 16:05:34+09:00,56,15,0,90.09661835748791,4,0.0
2026-09-04 16:10:35+09:00,56,15,0,88.01328502415458,4,0.0
2026-09-04 16:15:35+09:00,56,15,0,91.18357487922705,4,0.0
2026-09-04 16:20:33+09:00,56,15,2,90.88164251207729,4,13.333333333333334
2026-09-04 16:25:32+09:00,56,15,3,93.65942028985506,4,20.0
2026-09-04 16:30:33+09:00,56,15,4,92.27053140096618,4,26.666666666666668
2026-09-04 16:35:32+09:00,56,15,4,88.10386473429952,4,26.666666666666668
2026-09-04 16:40:32+09:00,56,15,1,83.84661835748791,4,6.666666666666667
2026-09-04 16:45:32+09:00,56,15,0,86.23188405797102,4,0.0
2026-09-04 16:50:32+09:00,56,15,0,88.31521739130434,4,0.0
2026-09-04 16:55:32+09:00,56,15,0,88.22463768115941,4,0.0
2026-09-04 17:00:32+09:00,56,15,0,91.18357487922705,4,0.0
2026-09-04 17:05:33+09:00,56,15,0,88.40579710144928,4,0.0
2026-09-04 17:10:33+09:00,56,15,0,93.65942028985506,4,0.0
2026-09-04 17:15:32+09:00,56,15,0,93.65942028985506,4,0.0
2026-09-04 17:20:32+09:00,56,15,0,92.27053140096618,4,0.0
2026-09-04 17:25:32+09:00,56,15,0,89.40217391304347,4,0.0
2026-09-04 17:30:34+09:00,56,15,0,89.10024154589372,4,0.0
2026-09-04 17:35:35+09:00,56,15,0,92.57246376811594,4,0.0
2026-09-04 17:40:35+09:00,56,15,0,92.57246376811594,4,0.0
2026-09-04 17:45:34+09:00,56,15,0,92.27053140096618,4,0.0
2026-09-04 17:50:32+09:00,56,15,0,92.27053140096618,4,0.0
2026-09-04 17:55:33+09:00,56,15,0,92.57246376811594,4,0.0
2026-09-04 18:00:32+09:00,56,15,0,91.48550724637681,4,0.0
2026-09-04 18:05:32+09:00,56,15,1,90.39855072463767,4,6.666666666666667
2026-09-04 18:10:34+09:00,56,15,3,84.84299516908212,4,20.0
2026-09-04 18:15:32+09:00,56,15,3,83.45410628019323,4,20.0
2026-09-04 18:20:32+09:00,56,15,4,86.53381642512076,4,26.666666666666668
2026-09-04 18:25:32+09:00,56,15,4,82.97101449275362,4,26.666666666666668
2026-09-04 18:30:32+09:00,56,15,4,84.35990338164251,4,26.666666666666668
2026-09-04 18:35:32+09:00,56,15,4,75.72463768115941,4,26.666666666666668
2026-09-04 18:40:35+09:00,56,15,3,78.71376811594203,4,20.0
2026-09-04 18:45:35+09:00,56,15,0,78.01932367149757,4,0.0
2026-09-04 18:50:33+09:00,56,15,0,80.10265700483092,4,0.0
2026-09-04 18:55:34+09:00,56,15,0,79.10628019323671,4,0.0
2026-09-04 19:00:34+09:00,56,15,0,81.18961352657004,4,0.0
2026-09-04 19:05:32+09:00,56,15,1,82.57850241545894,4,6.666666666666667
2026-09-04 19:10:33+09:00,56,15,1,84.7524154589372,4,6.666666666666667
2026-09-04 19:15:32+09:00,56,15,3,80.4951690821256,4,20.0
2026-09-04 19:20:32+09:00,56,15,3,82.27657004830918,4,20.0
2026-09-04 19:25:32+09:00,56,15,8,80.40458937198068,4,53.333333333333336
2026-09-04 19:30:32+09:00,56,15,7,82.57850241545894,4,46.666666666666664
2026-09-04 19:35:33+09:00,56,15,8,84.7524154589372,4,53.333333333333336
2026-09-04 19:40:35+09:00,56,15,8,79.8913043478261,4,53.333333333333336
2026-09-04 19:45:32+09:00,56,15,8,78.80434782608695,4,53.333333333333336
2026-09-04 19:50:33+09:00,56,15,8,77.80797101449275,4,53.333333333333336
2026-09-04 19:55:34+09:00,56,15,11,75.6340579710145,4,73.33333333333333
2026-09-04 20:00:32+09:00,56,15,11,70.77294685990339,4,73.33333333333333
2026-09-04 20:05:33+09:00,56,15,11,64.13043478260869,4,73.33333333333333
2026-09-04 20:10:32+09:00,56,15,11,64.91545893719807,4,73.33333333333333
2026-09-04 20:15:32+09:00,56,15,11,63.82850241545894,4,73.33333333333333
2026-09-04 20:20:33+09:00,56,15,11,63.82850241545894,4,73.33333333333333
2026-09-04 20:25:33+09:00,56,15,11,61.65458937198068,4,73.33333333333333
2026-09-04 20:30:33+09:00,56,15,11,58.48429951690821,4,73.33333333333333
2026-09-04 20:35:32+09:00,56,15,11,54.6195652173913,4,73.33333333333333
2026-09-04 20:40:32+09:00,56,15,11,54.6195652173913,4,73.33333333333333
2026-09-04 20:45:32+09:00,56,15,11,41.727053140096615,4,73.33333333333333
2026-09-04 20:50:32+09:00,56,15,11,33.81642512077295,4,73.33333333333333
2026-09-04 20:55:33+09:00,56,15,11,33.81642512077295,4,73.33333333333333
2026-09-04 21:00:33+09:00,56,15,11,28.562801932367147,4,73.33333333333333
2026-09-04 21:05:33+09:00,56,15,11,28.562801932367147,4,73.33333333333333
2026-09-04 21:10:34+09:00,56,15,11,28.562801932367147,4,73.33333333333333
2026-09-04 21:15:36+09:00,56,15,11,28.562801932367147,4,73.33333333333333
2026-09-04 21:20:34+09:00,56,15,11,28.562801932367147,4,73.33333333333333
2026-09-04 21:25:32+09:00,56,15,11,28.562801932367147,4,73.33333333333333
2026-09-04 21:30:32+09:00,56,15,11,28.562801932367147,4,73.33333333333333
2026-09-04 21:35:32+09:00,56,15,11,28.562801932367147,4,73.33333333333333
2026-09-04 21:40:32+09:00,56,15,11,28.562801932367147,4,73.33333333333333
2026-09-04 21:45:34+09:00,56,15,11,28.562801932367147,4,73.33333333333333
2026-09-04 21:50:33+09:00,56,15,11,28.562801932367147,4,73.33333333333333
2026-09-04 21:55:32+09:00,56,15,11,28.562801932367147,4,73.33333333333333
2026-09-04 22:00:32+09:00,56,15,11,28.562801932367147,4,73.33333333333333
2026-09-04 22:05:32+09:00,56,15,11,28.562801932367147,4,73.33333333333333
2026-09-04 22:10:33+09:00,56,15,11,28.562801932367147,4,73.33333333333333
2026-09-04 22:15:33+09:00,56,15,11,28.562801932367147,4,73.33333333333333
2026-09-04 22:20:32+09:00,56,15,11,28.562801932367147,4,73.33333333333333
2026-09-04 22:25:33+09:00,56,15,11,28.562801932367147,4,73.33333333333333
2026-09-04 22:30:33+09:00,56,15,11,28.562801932367147,4,73.33333333333333
2026-09-04 22:35:32+09:00,56,15,11,28.562801932367147,4,73.33333333333333
2026-09-04 22:40:33+09:00,56,15,11,28.562801932367147,4,73.33333333333333
2026-09-04 22:45:33+09:00,56,15,11,28.562801932367147,4,73.33333333333333
2026-09-04 22:50:32+09:00,56,15,11,28.562801932367147,4,73.33333333333333
2026-09-04 22:55:32+09:00,56,15,11,28.562801932367147,4,73.33333333333333
2026-09-04 23:00:33+09:00,56,15,15,28.562801932367147,4,100.0
2026-09-04 23:05:32+09:00,56,15,15,22.916666666666664,4,100.0
2026-09-04 23:10:34+09:00,56,15,15,22.916666666666664,4,100.0
2026-09-04 23:15:36+09:00,56,15,15,22.916666666666664,4,100.0
2026-09-04 23:20:32+09:00,56,15,15,22.916666666666664,4,100.0
2026-09-04 23:25:32+09:00,56,15,15,22.916666666666664,4,100.0
2026-09-04 23:30:32+09:00,56,15,15,22.916666666666664,4,100.0
2026-09-04 23:35:32+09:00,56,15,15,22.916666666666664,4,100.0
2026-09-04 23:40:32+09:00,56,15,15,22.916666666666664,4,100.0
2026-09-04 23:45:32+09:00,56,15,15,22.916666666666664,4,100.0
2026-09-04 23:50:33+09:00,56,15,15,22.916666666666664,4,100.0
2026-09-04 23:55:32+09:00,56,15,15,22.916666666666664,4,100.0
2026-09-04 09:45:34+09:00,57,30,22,46.590909090909086,2,73.33333333333333
2026-09-04 09:50:33+09:00,57,30,22,46.590909090909086,2,73.33333333333333
2026-09-04 09:55:33+09:00,57,30,22,46.590909090909086,2,73.33333333333333
2026-09-04 10:00:32+09:00,57,30,22,,0,73.33333333333333
2026-09-04 10:05:32+09:00,57,30,22,,0,73.33333333333333
2026-09-04 10:10:32+09:00,57,30,22,,0,73.33333333333333
2026-09-04 10:15:32+09:00,57,30,22,,0,73.33333333333333
2026-09-04 10:20:32+09:00,57,30,22,,0,73.33333333333333
2026-09-04 10:25:32+09:00,57,30,22,,0,73.33333333333333
2026-09-04 10:30:32+09:00,57,30,22,,0,73.33333333333333
2026-09-04 10:35:32+09:00,57,30,22,,0,73.33333333333333
2026-09-04 10:40:32+09:00,57,30,22,,0,73.33333333333333
2026-09-04 10:45:32+09:00,57,30,22,,0,73.33333333333333
2026-09-04 10:50:32+09:00,57,30,22,,0,73.33333333333333
2026-09-04 10:55:32+09:00,57,30,22,,0,73.33333333333333
2026-09-04 11:00:32+09:00,57,30,22,,0,73.33333333333333
2026-09-04 11:05:32+09:00,57,30,22,,0,73.33333333333333
2026-09-04 11:10:32+09:00,57,30,22,,0,73.33333333333333
2026-09-04 11:15:32+09:00,57,30,22,,0,73.33333333333333
2026-09-04 11:20:32+09:00,57,30,22,,0,73.33333333333333
2026-09-04 11:25:32+09:00,57,30,22,,0,73.33333333333333
2026-09-04 11:30:32+09:00,57,30,22,,0,73.33333333333333
2026-09-04 11:35:32+09:00,57,30,22,,0,73.33333333333333
2026-09-04 11:40:35+09:00,57,30,22,,0,73.33333333333333
2026-09-04 11:45:32+09:00,57,30,22,,0,73.33333333333333
2026-09-04 11:50:32+09:00,57,30,22,,0,73.33333333333333
2026-09-04 11:55:33+09:00,57,30,22,,0,73.33333333333333
2026-09-04 12:00:32+09:00,57,30,22,,0,73.33333333333333
2026-09-04 12:05:32+09:00,57,30,22,,0,73.33333333333333
2026-09-04 12:10:32+09:00,57,30,22,,0,73.33333333333333
2026-09-04 12:15:33+09:00,57,30,22,,0,73.33333333333333
2026-09-04 12:20:32+09:00,57,30,22,,0,73.33333333333333
2026-09-04 12:25:32+09:00,57,30,22,,0,73.33333333333333
2026-09-04 12:30:32+09:00,57,30,22,,0,73.33333333333333
2026-09-04 12:35:32+09:00,57,30,22,,0,73.33333333333333
2026-09-04 12:40:33+09:00,57,30,22,,0,73.33333333333333
2026-09-04 12:45:32+09:00,57,30,22,,0,73.33333333333333
2026-09-04 12:50:32+09:00,57,30,22,,0,73.33333333333333
2026-09-04 12:55:32+09:00,57,30,22,,0,73.33333333333333
2026-09-04 13:00:32+09:00,57,30,22,,0,73.33333333333333
2026-09-04 13:05:32+09:00,57,30,22,,0,73.33333333333333
2026-09-04 13:10:32+09:00,57,30,22,,0,73.33333333333333
2026-09-04 13:15:32+09:00,57,30,22,,0,73.33333333333333
2026-09-04 13:20:32+09:00,57,30,22,,0,73.33333333333333
2026-09-04 13:25:32+09:00,57,30,22,,0,73.33333333333333
2026-09-04 13:30:32+09:00,57,30,22,,0,73.33333333333333
2026-09-04 13:35:32+09:00,57,30,22,,0,73.33333333333333
2026-09-04 13:40:32+09:00,57,30,22,,0,73.33333333333333
2026-09-04 13:45:33+09:00,57,30,22,,0,73.33333333333333
2026-09-04 13:50:32+09:00,57,30,22,,0,73.33333333333333
2026-09-04 13:55:33+09:00,57,30,22,,0,73.33333333333333
2026-09-04 14:00:32+09:00,57,30,22,,0,73.33333333333333
2026-09-04 14:05:33+09:00,57,30,22,46.590909090909086,2,73.33333333333333
2026-09-04 14:10:32+09:00,57,30,22,46.590909090909086,2,73.33333333333333
2026-09-04 14:15:34+09:00,57,30,22,45.45454545454545,2,73.33333333333333
2026-09-04 14:20:34+09:00,57,30,22,45.45454545454545,2,73.33333333333333
2026-09-04 14:25:34+09:00,57,30,22,45.45454545454545,2,73.33333333333333
2026-09-04 14:30:32+09:00,57,30,22,45.45454545454545,2,73.33333333333333
2026-09-04 14:35:33+09:00,57,30,22,45.45454545454545,2,73.33333333333333
2026-09-04 14:40:32+09:00,57,30,22,45.45454545454545,2,73.33333333333333
2026-09-04 14:45:35+09:00,57,30,22,45.45454545454545,2,73.33333333333333
2026-09-04 14:50:34+09:00,57,30,22,45.45454545454545,2,73.33333333333333
2026-09-04 14:55:34+09:00,57,30,22,45.45454545454545,2,73.33333333333333
2026-09-04 15:00:32+09:00,57,30,22,46.590909090909086,2,73.33333333333333
2026-09-04 15:05:33+09:00,57,30,22,46.590909090909086,2,73.33333333333333
2026-09-04 15:10:33+09:00,57,30,22,48.86363636363637,2,73.33333333333333
2026-09-04 15:15:33+09:00,57,30,22,46.590909090909086,2,73.33333333333333
2026-09-04 15:20:32+09:00,57,30,22,45.45454545454545,2,73.33333333333333
2026-09-04 15:25:32+09:00,57,30,22,45.45454545454545,2,73.33333333333333
2026-09-04 15:30:32+09:00,57,30,22,43.18181818181818,2,73.33333333333333
2026-09-04 15:35:32+09:00,57,30,22,40.909090909090914,2,73.33333333333333
2026-09-04 15:40:32+09:00,57,30,22,40.909090909090914,2,73.33333333333333
2026-09-04 15:45:34+09:00,57,30,22,40.909090909090914,2,73.33333333333333
2026-09-04 15:50:34+09:00,57,30,22,40.909090909090914,2,73.33333333333333
2026-09-04 15:55:33+09:00,57,30,22,39.77272727272727,2,73.33333333333333
2026-09-04 16:00:34+09:00,57,30,22,38.63636363636363,2,73.33333333333333
2026-09-04 16:05:34+09:00,57,30,22,38.63636363636363,2,73.33333333333333
2026-09-04 16:10:35+09:00,57,30,22,34.090909090909086,2,73.33333333333333
2026-09-04 16:15:35+09:00,57,30,22,30.681818181818183,2,73.33333333333333
2026-09-04 16:20:33+09:00,57,30,22,30.681818181818183,2,73.33333333333333
2026-09-04 16:25:32+09:00,57,30,22,29.545454545454547,2,73.33333333333333
2026-09-04 16:30:33+09:00,57,30,22,28.40909090909091,2,73.33333333333333
2026-09-04 16:35:32+09:00,57,30,22,26.136363636363637,2,73.33333333333333
2026-09-04 16:40:32+09:00,57,30,22,25.0,2,73.33333333333333
2026-09-04 16:45:32+09:00,57,30,22,20.454545454545457,2,73.33333333333333
2026-09-04 16:50:32+09:00,57,30,22,20.454545454545457,2,73.33333333333333
2026-09-04 16:55:32+09:00,57,30,22,18.181818181818183,2,73.33333333333333
2026-09-04 17:00:32+09:00,57,30,22,17.045454545454543,2,73.33333333333333
2026-09-04 17:05:33+09:00,57,30,22,15.909090909090908,2,73.33333333333333
2026-09-04 17:10:33+09:00,57,30,22,15.909090909090908,2,73.33333333333333
2026-09-04 17:15:32+09:00,57,30,22,14.772727272727273,2,73.33333333333333
2026-09-04 17:20:32+09:00,57,30,22,13.636363636363635,2,73.33333333333333
2026-09-04 17:25:32+09:00,57,30,22,13.636363636363635,2,73.33333333333333
2026-09-04 17:30:34+09:00,57,30,22,13.636363636363635,2,73.33333333333333
2026-09-04 17:35:35+09:00,57,30,22,12.5,2,73.33333333333333
2026-09-04 17:40:35+09:00,57,30,22,12.5,2,73.33333333333333
2026-09-04 17:45:34+09:00,57,30,22,12.5,2,73.33333333333333
2026-09-04 17:50:32+09:00,57,30,22,11.363636363636363,2,73.33333333333333
2026-09-04 17:55:33+09:00,57,30,22,10.227272727272728,2,73.33333333333333
2026-09-04 18:00:32+09:00,57,30,22,11.363636363636363,2,73.33333333333333
2026-09-04 18:05:32+09:00,57,30,22,11.363636363636363,2,73.33333333333333
2026-09-04 18:10:34+09:00,57,30,22,12.5,2,73.33333333333333
2026-09-04 18:15:32+09:00,57,30,22,11.363636363636363,2,73.33333333333333
2026-09-04 18:20:32+09:00,57,30,22,11.363636363636363,2,73.33333333333333
2026-09-04 18:25:32+09:00,57,30,22,11.363636363636363,2,73.33333333333333
2026-09-04 18:30:32+09:00,57,30,22,11.363636363636363,2,73.33333333333333
2026-09-04 18:35:32+09:00,57,30,22,12.5,2,73.33333333333333
2026-09-04 18:40:35+09:00,57,30,22,13.636363636363635,2,73.33333333333333
2026-09-04 18:45:35+09:00,57,30,22,13.636363636363635,2,73.33333333333333
2026-09-04 18:50:33+09:00,57,30,22,15.909090909090908,2,73.33333333333333
2026-09-04 18:55:34+09:00,57,30,22,17.045454545454543,2,73.33333333333333
2026-09-04 19:00:34+09:00,57,30,22,17.045454545454543,2,73.33333333333333
2026-09-04 19:05:32+09:00,57,30,22,17.045454545454543,2,73.33333333333333
2026-09-04 19:10:33+09:00,57,30,22,15.909090909090908,2,73.33333333333333
2026-09-04 19:15:32+09:00,57,30,22,15.909090909090908,2,73.33333333333333
2026-09-04 19:20:32+09:00,57,30,22,17.045454545454543,2,73.33333333333333
2026-09-04 19:25:32+09:00,57,30,22,17.045454545454543,2,73.33333333333333
2026-09-04 19:30:32+09:00,57,30,22,17.045454545454543,2,73.33333333333333
2026-09-04 19:35:33+09:00,57,30,22,17.045454545454543,2,73.33333333333333
2026-09-04 19:40:35+09:00,57,30,22,17.045454545454543,2,73.33333333333333
2026-09-04 19:45:32+09:00,57,30,22,17.045454545454543,2,73.33333333333333
2026-09-04 19:50:33+09:00,57,30,22,15.909090909090908,2,73.33333333333333
2026-09-04 19:55:34+09:00,57,30,22,17.045454545454543,2,73.33333333333333
2026-09-04 20:00:32+09:00,57,30,22,17.045454545454543,2,73.33333333333333
2026-09-04 20:05:33+09:00,57,30,22,18.181818181818183,2,73.33333333333333
2026-09-04 20:10:32+09:00,57,30,22,18.181818181818183,2,73.33333333333333
2026-09-04 20:15:32+09:00,57,30,22,17.045454545454543,2,73.33333333333333
2026-09-04 20:20:33+09:00,57,30,22,17.045454545454543,2,73.33333333333333
2026-09-04 20:25:33+09:00,57,30,22,17.045454545454543,2,73.33333333333333
2026-09-04 20:30:33+09:00,57,30,22,17.045454545454543,2,73.33333333333333
2026-09-04 20:35:32+09:00,57,30,22,17.045454545454543,2,73.33333333333333
2026-09-04 20:40:32+09:00,57,30,22,18.181818181818183,2,73.33333333333333
2026-09-04 20:45:32+09:00,57,30,22,18.181818181818183,2,73.33333333333333
2026-09-04 20:50:32+09:00,57,30,22,18.181818181818183,2,73.33333333333333
2026-09-04 20:55:33+09:00,57,30,22,18.181818181818183,2,73.33333333333333
2026-09-04 21:00:33+09:00,57,30,22,18.181818181818183,2,73.33333333333333
2026-09-04 21:05:33+09:00,57,30,22,19.318181818181817,2,73.33333333333333
2026-09-04 21:10:34+09:00,57,30,22,19.318181818181817,2,73.33333333333333
2026-09-04 21:15:36+09:00,57,30,22,19.318181818181817,2,73.33333333333333
2026-09-04 21:20:34+09:00,57,30,22,14.772727272727273,2,73.33333333333333
2026-09-04 21:25:32+09:00,57,30,22,13.636363636363635,2,73.33333333333333
2026-09-04 21:30:32+09:00,57,30,22,13.636363636363635,2,73.33333333333333
2026-09-04 21:35:32+09:00,57,30,22,13.636363636363635,2,73.33333333333333
2026-09-04 21:40:32+09:00,57,30,22,13.636363636363635,2,73.33333333333333
2026-09-04 21:45:34+09:00,57,30,22,13.636363636363635,2,73.33333333333333
2026-09-04 21:50:33+09:00,57,30,22,13.636363636363635,2,73.33333333333333
2026-09-04 21:55:32+09:00,57,30,22,13.636363636363635,2,73.33333333333333
2026-09-04 22:00:32+09:00,57,30,22,13.636363636363635,2,73.33333333333333
2026-09-04 22:05:32+09:00,57,30,22,13.636363636363635,2,73.33333333333333
2026-09-04 22:10:33+09:00,57,30,22,13.636363636363635,2,73.33333333333333
2026-09-04 22:15:33+09:00,57,30,22,13.636363636363635,2,73.33333333333333
2026-09-04 22:20:32+09:00,57,30,22,13.636363636363635,2,73.33333333333333
2026-09-04 22:25:33+09:00,57,30,22,13.636363636363635,2,73.33333333333333
2026-09-04 22:30:33+09:00,57,30,22,13.636363636363635,2,73.33333333333333
2026-09-04 22:35:32+09:00,57,30,22,13.636363636363635,2,73.33333333333333
2026-09-04 22:40:33+09:00,57,30,22,13.636363636363635,2,73.33333333333333
2026-09-04 22:45:33+09:00,57,30,22,13.636363636363635,2,73.33333333333333
2026-09-04 22:50:32+09:00,57,30,22,13.636363636363635,2,73.33333333333333
2026-09-04 22:55:32+09:00,57,30,22,13.636363636363635,2,73.33333333333333
2026-09-04 23:00:33+09:00,57,30,22,13.636363636363635,2,73.33333333333333
2026-09-04 23:05:32+09:00,57,30,22,13.636363636363635,2,73.33333333333333
2026-09-04 23:10:34+09:00,57,30,22,13.636363636363635,2,73.33333333333333
2026-09-04 23:15:36+09:00,57,30,22,13.636363636363635,2,73.33333333333333
2026-09-04 23:20:32+09:00,57,30,22,13.636363636363635,2,73.33333333333333
2026-09-04 23:25:32+09:00,57,30,22,13.636363636363635,2,73.33333333333333
2026-09-04 23:30:32+09:00,57,30,22,13.636363636363635,2,73.33333333333333
2026-09-04 23:35:32+09:00,57,30,22,13.636363636363635,2,73.33333333333333
2026-09-04 23:40:32+09:00,57,30,22,13.636363636363635,2,73.33333333333333
2026-09-04 23:45:32+09:00,57,30,22,13.636363636363635,2,73.33333333333333
2026-09-04 23:50:33+09:00,57,30,22,13.636363636363635,2,73.33333333333333
2026-09-04 23:55:32+09:00,57,30,22,13.636363636363635,2,73.33333333333333
2026-09-04 09:45:34+09:00,61,32,27,34.998824936458035,9,84.375
2026-09-04 09:50:33+09:00,61,32,27,34.998824936458035,9,84.375
2026-09-04 09:55:33+09:00,61,32,27,34.998824936458035,9,84.375
2026-09-04 10:00:32+09:00,61,32,27,,0,84.375
2026-09-04 10:05:32+09:00,61,32,27,,0,84.375
2026-09-04 10:10:32+09:00,61,32,27,,0,84.375
2026-09-04 10:15:32+09:00,61,32,27,,0,84.375
2026-09-04 10:20:32+09:00,61,32,27,,0,84.375
2026-09-04 10:25:32+09:00,61,32,27,,0,84.375
2026-09-04 10:30:32+09:00,61,32,27,,0,84.375
2026-09-04 10:35:32+09:00,61,32,27,,0,84.375
2026-09-04 10:40:32+09:00,61,32,27,,0,84.375
2026-09-04 10:45:32+09:00,61,32,27,,0,84.375
2026-09-04 10:50:32+09:00,61,32,27,,0,84.375
2026-09-04 10:55:32+09:00,61,32,27,,0,84.375
2026-09-04 11:00:32+09:00,61,32,27,,0,84.375
2026-09-04 11:05:32+09:00,61,32,27,,0,84.375
2026-09-04 11:10:32+09:00,61,32,27,,0,84.375
2026-09-04 11:15:32+09:00,61,32,27,,0,84.375
2026-09-04 11:20:32+09:00,61,32,27,,0,84.375
2026-09-04 11:25:32+09:00,61,32,27,,0,84.375
2026-09-04 11:30:32+09:00,61,32,27,,0,84.375
2026-09-04 11:35:32+09:00,61,32,27,,0,84.375
2026-09-04 11:40:35+09:00,61,32,27,,0,84.375
2026-09-04 11:45:32+09:00,61,32,27,,0,84.375
2026-09-04 11:50:32+09:00,61,32,27,,0,84.375
2026-09-04 11:55:33+09:00,61,32,27,,0,84.375
2026-09-04 12:00:32+09:00,61,32,27,,0,84.375
2026-09-04 12:05:32+09:00,61,32,27,,0,84.375
2026-09-04 12:10:32+09:00,61,32,27,,0,84.375
2026-09-04 12:15:33+09:00,61,32,27,,0,84.375
2026-09-04 12:20:32+09:00,61,32,27,,0,84.375
2026-09-04 12:25:32+09:00,61,32,27,,0,84.375
2026-09-04 12:30:32+09:00,61,32,27,,0,84.375
2026-09-04 12:35:32+09:00,61,32,27,,0,84.375
2026-09-04 12:40:33+09:00,61,32,27,,0,84.375
2026-09-04 12:45:32+09:00,61,32,27,,0,84.375
2026-09-04 12:50:32+09:00,61,32,27,,0,84.375
2026-09-04 12:55:32+09:00,61,32,27,,0,84.375
2026-09-04 13:00:32+09:00,61,32,27,,0,84.375
2026-09-04 13:05:32+09:00,61,32,27,,0,84.375
2026-09-04 13:10:32+09:00,61,32,27,,0,84.375
2026-09-04 13:15:32+09:00,61,32,27,,0,84.375
2026-09-04 13:20:32+09:00,61,32,27,,0,84.375
2026-09-04 13:25:32+09:00,61,32,27,,0,84.375
2026-09-04 13:30:32+09:00,61,32,27,,0,84.375
2026-09-04 13:35:32+09:00,61,32,27,,0,84.375
2026-09-04 13:40:32+09:00,61,32,27,,0,84.375
2026-09-04 13:45:33+09:00,61,32,27,,0,84.375
2026-09-04 13:50:32+09:00,61,32,27,,0,84.375
2026-09-04 13:55:33+09:00,61,32,27,,0,84.375
2026-09-04 14:00:32+09:00,61,32,27,,0,84.375
2026-09-04 14:05:33+09:00,61,32,27,36.38651059247348,9,84.375
2026-09-04 14:10:32+09:00,61,32,27,36.67055403441165,9,84.375
2026-09-04 14:15:34+09:00,61,32,27,36.35309371695134,9,84.375
2026-09-04 14:20:34+09:00,61,32,27,36.54227894720745,9,84.375
2026-09-04 14:25:34+09:00,61,32,27,36.678554124553514,9,84.375
2026-09-04 14:30:32+09:00,61,32,27,36.47822993579002,9,84.375
2026-09-04 14:35:33+09:00,61,32,27,36.39468774698467,9,84.375
2026-09-04 14:40:32+09:00,61,32,27,36.22760336937398,9,84.375
2026-09-04 14:45:35+09:00,61,32,27,36.06051899176329,9,84.375
2026-09-04 14:50:34+09:00,61,32,27,36.17747805609077,9,84.375
2026-09-04 14:55:34+09:00,61,32,27,36.81657580045167,9,84.375
2026-09-04 15:00:32+09:00,61,32,27,36.36266324127595,9,84.375
2026-09-04 15:05:33+09:00,61,32,27,36.30993025273524,9,84.375
2026-09-04 15:10:33+09:00,61,32,27,36.20707195091132,9,84.375
2026-09-04 15:15:33+09:00,61,32,27,36.65227616246782,9,84.375
2026-09-04 15:20:32+09:00,61,32,27,36.346131867884225,9,84.375
2026-09-04 15:25:32+09:00,61,32,27,35.757159436806525,9,84.375
2026-09-04 15:30:32+09:00,61,32,27,35.60956823658375,9,84.375
2026-09-04 15:35:32+09:00,61,32,27,35.60956823658375,9,84.375
2026-09-04 15:40:32+09:00,61,32,27,34.93705361670071,9,84.375
2026-09-04 15:45:34+09:00,61,32,27,35.488609127185335,9,84.375
2026-09-04 15:50:34+09:00,61,32,27,35.41324409289118,9,84.375
2026-09-04 15:55:33+09:00,61,32,27,35.5342032022896,9,84.375
2026-09-04 16:00:34+09:00,61,32,27,36.31410736217551,9,84.375
2026-09-04 16:05:34+09:00,61,32,27,36.261197309265455,9,84.375
2026-09-04 16:10:35+09:00,61,32,27,35.47554660575653,9,84.375
2026-09-04 16:15:35+09:00,61,32,27,34.741413585344226,9,84.375
2026-09-04 16:20:33+09:00,61,32,27,34.57172153247602,9,84.375
2026-09-04 16:25:32+09:00,61,32,27,30.70614880167664,9,84.375
2026-09-04 16:30:33+09:00,61,32,27,30.64192272588987,9,84.375
2026-09-04 16:35:32+09:00,61,32,27,30.53906442406595,9,84.375
2026-09-04 16:40:32+09:00,61,32,27,30.51347057431633,9,84.375
2026-09-04 16:45:32+09:00,61,32,27,30.800298755881354,9,84.375
2026-09-04 16:50:32+09:00,61,32,27,31.930725980011044,9,84.375
2026-09-04 16:55:32+09:00,61,32,27,32.64204989030057,9,84.375
2026-09-04 17:00:32+09:00,61,32,27,32.44154863716774,9,84.375
2026-09-04 17:05:33+09:00,61,32,27,32.009736930637445,9,84.375
2026-09-04 17:10:33+09:00,61,32,27,31.97632005511531,9,84.375
2026-09-04 17:15:32+09:00,61,32,27,31.575317548849643,9,84.375
2026-09-04 17:20:32+09:00,61,32,27,31.703769700423184,9,84.375
2026-09-04 17:25:32+09:00,61,32,27,32.304235218746925,9,84.375
2026-09-04 17:30:34+09:00,61,32,27,32.61298718858804,9,84.375
2026-09-04 17:35:35+09:00,61,32,27,33.28550180847108,9,84.375
2026-09-04 17:40:35+09:00,61,32,27,32.520736652163485,9,84.375
2026-09-04 17:45:34+09:00,61,32,27,32.353652274552786,9,84.375
2026-09-04 17:50:32+09:00,61,32,27,32.06960883261461,9,84.375
2026-09-04 17:55:33+09:00,61,32,27,32.53691389681654,9,84.375
2026-09-04 18:00:32+09:00,61,32,27,32.87108265203793,9,84.375
2026-09-04 18:05:32+09:00,61,32,27,33.649240313371735,9,84.375
2026-09-04 18:10:34+09:00,61,32,27,33.565698124566396,9,84.375
2026-09-04 18:15:32+09:00,61,32,27,33.465624562369314,9,84.375
2026-09-04 18:20:32+09:00,61,32,27,34.25527531094918,9,84.375
2026-09-04 18:25:32+09:00,61,32,27,33.55177442643217,9,84.375
2026-09-04 18:30:32+09:00,61,32,27,35.62222833899134,9,84.375
2026-09-04 18:35:32+09:00,61,32,27,35.78548973590044,9,84.375
2026-09-04 18:40:35+09:00,61,32,27,35.59281150854014,9,84.375
2026-09-04 18:45:35+09:00,61,32,27,35.83822272444116,9,84.375
2026-09-04 18:50:33+09:00,61,32,27,35.95518178876865,9,84.375
2026-09-04 18:55:34+09:00,61,32,27,36.17499915492006,9,84.375
2026-09-04 19:00:34+09:00,61,32,27,37.24590860581125,9,84.375
2026-09-04 19:05:32+09:00,61,32,27,37.9003224181198,9,84.375
2026-09-04 19:10:33+09:00,61,32,27,38.04930598815601,9,84.375
2026-09-04 19:15:32+09:00,61,32,27,38.25259198091568,9,84.375
2026-09-04 19:20:32+09:00,61,32,27,39.20532706203531,9,84.375
2026-09-04 19:25:32+09:00,61,32,27,39.20532706203531,9,84.375
2026-09-04 19:30:32+09:00,61,32,27,39.76088261759086,9,84.375
2026-09-04 19:35:33+09:00,61,32,27,39.632430466017325,9,84.375
2026-09-04 19:40:35+09:00,61,32,27,38.604861543711564,9,84.375
2026-09-04 19:45:32+09:00,61,32,27,38.83895673673587,9,84.375
2026-09-04 19:50:33+09:00,61,32,27,39.20932710710624,9,84.375
2026-09-04 19:55:34+09:00,61,32,27,39.29547697116909,9,84.375
2026-09-04 20:00:32+09:00,61,32,27,39.245351657885884,9,84.375
2026-09-04 20:05:33+09:00,61,32,27,39.37380380945942,9,84.375
2026-09-04 20:10:32+09:00,61,32,27,40.03100236139481,9,84.375
2026-09-04 20:15:32+09:00,61,32,27,41.12279735948735,9,84.375
2026-09-04 20:20:33+09:00,61,32,27,40.58655791695037,9,84.375
2026-09-04 20:25:33+09:00,61,32,27,40.71501006852391,9,84.375
2026-09-04 20:30:33+09:00,61,32,27,40.34742443778038,9,84.375
2026-09-04 20:35:32+09:00,61,32,27,40.41165051356715,9,84.375
2026-09-04 20:40:32+09:00,61,32,27,38.01242026067094,9,84.375
2026-09-04 20:45:32+09:00,61,32,27,30.50246642618106,8,84.375
2026-09-04 20:50:32+09:00,61,32,27,31.331299708809595,8,84.375
2026-09-04 20:55:33+09:00,61,32,27,31.685508931287757,8,84.375
2026-09-04 21:00:33+09:00,61,32,27,32.055581511582425,8,84.375
2026-09-04 21:05:33+09:00,61,32,27,32.11490612369073,8,84.375
2026-09-04 21:10:34+09:00,61,32,27,32.171297101134336,8,84.375
2026-09-04 21:15:36+09:00,61,32,27,32.193027728280235,8,84.375
2026-09-04 21:20:34+09:00,61,32,27,32.243551436394455,8,84.375
2026-09-04 21:25:32+09:00,61,32,27,32.39099374157938,8,84.375
2026-09-04 21:30:32+09:00,61,32,27,32.616557651353816,8,84.375
2026-09-04 21:35:32+09:00,61,32,27,32.616557651353816,8,84.375
2026-09-04 21:40:32+09:00,61,32,27,32.616557651353816,8,84.375
2026-09-04 21:45:34+09:00,61,32,27,32.89264526924247,8,84.375
2026-09-04 21:50:33+09:00,61,32,27,32.89264526924247,8,84.375
2026-09-04 21:55:32+09:00,61,32,27,32.89264526924247,8,84.375
2026-09-04 22:00:32+09:00,61,32,27,32.87091464209657,8,84.375
2026-09-04 22:05:32+09:00,61,32,27,33.0371539397627,8,84.375
2026-09-04 22:10:33+09:00,61,32,27,33.0371539397627,8,84.375
2026-09-04 22:15:33+09:00,61,32,27,32.81159002998827,8,84.375
2026-09-04 22:20:32+09:00,61,32,27,32.71760506758225,8,84.375
2026-09-04 22:25:33+09:00,61,32,27,32.88384436524838,8,84.375
2026-09-04 22:30:33+09:00,61,32,27,32.9778293276544,8,84.375
2026-09-04 22:35:32+09:00,61,32,27,32.88384436524838,8,84.375
2026-09-04 22:40:33+09:00,61,32,27,32.9778293276544,8,84.375
2026-09-04 22:45:33+09:00,61,32,27,33.05008366291451,8,84.375
2026-09-04 22:50:32+09:00,61,32,27,32.9560987005085,8,84.375
2026-09-04 22:55:32+09:00,61,32,27,32.86211373810248,8,84.375
2026-09-04 23:00:33+09:00,61,32,27,32.67414381329045,8,84.375
2026-09-04 23:05:32+09:00,61,32,27,31.853541005693423,8,84.375
2026-09-04 23:10:34+09:00,61,32,27,31.721962058325005,8,84.375
2026-09-04 23:15:36+09:00,61,32,27,31.555722760658874,8,84.375
2026-09-04 23:20:32+09:00,61,32,27,31.64970772306489,8,84.375
2026-09-04 23:25:32+09:00,61,32,27,31.6191761919249,8,84.375
2026-09-04 23:30:32+09:00,61,32,27,31.691430527185013,8,84.375
2026-09-04 23:35:32+09:00,61,32,27,31.54692185666478,8,84.375
2026-09-04 23:40:32+09:00,61,32,27,31.45293689425877,8,84.375
2026-09-04 23:45:32+09:00,61,32,27,31.45293689425877,8,84.375
2026-09-04 23:50:33+09:00,61,32,27,31.45293689425877,8,84.375
2026-09-04 23:55:32+09:00,61,32,27,31.358951931852754,8,84.375
2026-09-04 09:45:34+09:00,81,42,4,,0,9.523809523809524
2026-09-04 09:50:33+09:00,81,42,4,,0,9.523809523809524
2026-09-04 09:55:33+09:00,81,42,5,,0,11.904761904761903
2026-09-04 10:00:32+09:00,81,42,5,,0,11.904761904761903
2026-09-04 10:05:32+09:00,81,42,6,,0,14.285714285714285
2026-09-04 10:10:32+09:00,81,42,6,,0,14.285714285714285
2026-09-04 10:15:32+09:00,81,42,6,,0,14.285714285714285
2026-09-04 10:20:32+09:00,81,42,6,,0,14.285714285714285
2026-09-04 10:25:32+09:00,81,42,6,,0,14.285714285714285
2026-09-04 10:30:32+09:00,81,42,6,,0,14.285714285714285
2026-09-04 10:35:32+09:00,81,42,6,,0,14.285714285714285
2026-09-04 10:40:32+09:00,81,42,5,,0,11.904761904761903
2026-09-04 10:45:32+09:00,81,42,5,,0,11.904761904761903
2026-09-04 10:50:32+09:00,81,42,5,,0,11.904761904761903
2026-09-04 10:55:32+09:00,81,42,5,,0,11.904761904761903
2026-09-04 11:00:32+09:00,81,42,5,,0,11.904761904761903
2026-09-04 11:05:32+09:00,81,42,6,,0,14.285714285714285
2026-09-04 11:10:32+09:00,81,42,4,,0,9.523809523809524
2026-09-04 11:15:32+09:00,81,42,4,,0,9.523809523809524
2026-09-04 11:20:32+09:00,81,42,4,,0,9.523809523809524
2026-09-04 11:25:32+09:00,81,42,4,,0,9.523809523809524
2026-09-04 11:30:32+09:00,81,42,4,,0,9.523809523809524
2026-09-04 11:35:32+09:00,81,42,4,,0,9.523809523809524
2026-09-04 11:40:35+09:00,81,42,4,,0,9.523809523809524
2026-09-04 11:45:32+09:00,81,42,4,,0,9.523809523809524
2026-09-04 11:50:32+09:00,81,42,4,,0,9.523809523809524
2026-09-04 11:55:33+09:00,81,42,4,,0,9.523809523809524
2026-09-04 12:00:32+09:00,81,42,3,,0,7.142857142857142
2026-09-04 12:05:32+09:00,81,42,2,,0,4.761904761904762
2026-09-04 12:10:32+09:00,81,42,1,,0,2.380952380952381
2026-09-04 12:15:33+09:00,81,42,0,,0,0.0
2026-09-04 12:20:32+09:00,81,42,0,,0,0.0
2026-09-04 12:25:32+09:00,81,42,0,,0,0.0
2026-09-04 12:30:32+09:00,81,42,0,,0,0.0
2026-09-04 12:35:32+09:00,81,42,0,,0,0.0
2026-09-04 12:40:33+09:00,81,42,0,,0,0.0
2026-09-04 12:45:32+09:00,81,42,0,,0,0.0
2026-09-04 12:50:32+09:00,81,42,0,,0,0.0
2026-09-04 12:55:32+09:00,81,42,0,,0,0.0
2026-09-04 13:00:32+09:00,81,42,1,,0,2.380952380952381
2026-09-04 13:05:32+09:00,81,42,1,,0,2.380952380952381
2026-09-04 13:10:32+09:00,81,42,2,,0,4.761904761904762
2026-09-04 13:15:32+09:00,81,42,2,,0,4.761904761904762
2026-09-04 13:20:32+09:00,81,42,2,,0,4.761904761904762
2026-09-04 13:25:32+09:00,81,42,2,,0,4.761904761904762
2026-09-04 13:30:32+09:00,81,42,2,,0,4.761904761904762
2026-09-04 13:35:32+09:00,81,42,2,,0,4.761904761904762
2026-09-04 13:40:32+09:00,81,42,2,,0,4.761904761904762
2026-09-04 13:45:33+09:00,81,42,3,,0,7.142857142857142
2026-09-04 13:50:32+09:00,81,42,3,,0,7.142857142857142
2026-09-04 13:55:33+09:00,81,42,3,,0,7.142857142857142
2026-09-04 14:00:32+09:00,81,42,2,,0,4.761904761904762
2026-09-04 14:05:33+09:00,81,42,3,,0,7.142857142857142
2026-09-04 14:10:32+09:00,81,42,3,,0,7.142857142857142
2026-09-04 14:15:34+09:00,81,42,3,,0,7.142857142857142
2026-09-04 14:20:34+09:00,81,42,3,,0,7.142857142857142
2026-09-04 14:25:34+09:00,81,42,3,,0,7.142857142857142
2026-09-04 14:30:32+09:00,81,42,3,,0,7.142857142857142
2026-09-04 14:35:33+09:00,81,42,3,,0,7.142857142857142
2026-09-04 14:40:32+09:00,81,42,4,,0,9.523809523809524
2026-09-04 14:45:35+09:00,81,42,3,,0,7.142857142857142
2026-09-04 14:50:34+09:00,81,42,3,,0,7.142857142857142
2026-09-04 14:55:34+09:00,81,42,2,,0,4.761904761904762
2026-09-04 15:00:32+09:00,81,42,4,,0,9.523809523809524
2026-09-04 15:05:33+09:00,81,42,4,,0,9.523809523809524
2026-09-04 15:10:33+09:00,81,42,4,,0,9.523809523809524
2026-09-04 15:15:33+09:00,81,42,4,,0,9.523809523809524
2026-09-04 15:20:32+09:00,81,42,4,,0,9.523809523809524
2026-09-04 15:25:32+09:00,81,42,4,,0,9.523809523809524
2026-09-04 15:30:32+09:00,81,42,5,,0,11.904761904761903
2026-09-04 15:35:32+09:00,81,42,5,,0,11.904761904761903
2026-09-04 15:40:32+09:00,81,42,5,,0,11.904761904761903
2026-09-04 15:45:34+09:00,81,42,6,,0,14.285714285714285
2026-09-04 15:50:34+09:00,81,42,6,,0,14.285714285714285
2026-09-04 15:55:33+09:00,81,42,6,,0,14.285714285714285
2026-09-04 16:00:34+09:00,81,42,7,,0,16.666666666666664
2026-09-04 16:05:34+09:00,81,42,7,,0,16.666666666666664
2026-09-04 16:10:35+09:00,81,42,7,,0,16.666666666666664
2026-09-04 16:15:35+09:00,81,42,7,,0,16.666666666666664
2026-09-04 16:20:33+09:00,81,42,7,,0,16.666666666666664
2026-09-04 16:25:32+09:00,81,42,7,,0,16.666666666666664
2026-09-04 16:30:33+09:00,81,42,7,,0,16.666666666666664
2026-09-04 16:35:32+09:00,81,42,7,,0,16.666666666666664
2026-09-04 16:40:32+09:00,81,42,7,,0,16.666666666666664
2026-09-04 16:45:32+09:00,81,42,7,,0,16.666666666666664
2026-09-04 16:50:32+09:00,81,42,6,,0,14.285714285714285
2026-09-04 16:55:32+09:00,81,42,4,,0,9.523809523809524
2026-09-04 17:00:32+09:00,81,42,4,,0,9.523809523809524
2026-09-04 17:05:33+09:00,81,42,3,,0,7.142857142857142
2026-09-04 17:10:33+09:00,81,42,3,,0,7.142857142857142
2026-09-04 17:15:32+09:00,81,42,5,,0,11.904761904761903
2026-09-04 17:20:32+09:00,81,42,5,,0,11.904761904761903
2026-09-04 17:25:32+09:00,81,42,3,,0,7.142857142857142
2026-09-04 17:30:34+09:00,81,42,2,,0,4.761904761904762
2026-09-04 17:35:35+09:00,81,42,0,,0,0.0
2026-09-04 17:40:35+09:00,81,42,2,,0,4.761904761904762
2026-09-04 17:45:34+09:00,81,42,3,,0,7.142857142857142
2026-09-04 17:50:32+09:00,81,42,4,,0,9.523809523809524
2026-09-04 17:55:33+09:00,81,42,3,,0,7.142857142857142
2026-09-04 18:00:32+09:00,81,42,3,,0,7.142857142857142
2026-09-04 18:05:32+09:00,81,42,6,,0,14.285714285714285
2026-09-04 18:10:34+09:00,81,42,11,,0,26.190476190476193
2026-09-04 18:15:32+09:00,81,42,11,,0,26.190476190476193
2026-09-04 18:20:32+09:00,81,42,13,,0,30.952380952380953
2026-09-04 18:25:32+09:00,81,42,11,,0,26.190476190476193
2026-09-04 18:30:32+09:00,81,42,11,,0,26.190476190476193
2026-09-04 18:35:32+09:00,81,42,13,,0,30.952380952380953
2026-09-04 18:40:35+09:00,81,42,14,,0,33.33333333333333
2026-09-04 18:45:35+09:00,81,42,13,,0,30.952380952380953
2026-09-04 18:50:33+09:00,81,42,13,,0,30.952380952380953
2026-09-04 18:55:34+09:00,81,42,12,,0,28.57142857142857
2026-09-04 19:00:34+09:00,81,42,11,,0,26.190476190476193
2026-09-04 19:05:32+09:00,81,42,11,,0,26.190476190476193
2026-09-04 19:10:33+09:00,81,42,11,,0,26.190476190476193
2026-09-04 19:15:32+09:00,81,42,8,,0,19.047619047619047
2026-09-04 19:20:32+09:00,81,42,8,,0,19.047619047619047
2026-09-04 19:25:32+09:00,81,42,10,,0,23.809523809523807
2026-09-04 19:30:32+09:00,81,42,10,,0,23.809523809523807
2026-09-04 19:35:33+09:00,81,42,12,,0,28.57142857142857
2026-09-04 19:40:35+09:00,81,42,13,,0,30.952380952380953
2026-09-04 19:45:32+09:00,81,42,14,,0,33.33333333333333
2026-09-04 19:50:33+09:00,81,42,14,,0,33.33333333333333
2026-09-04 19:55:34+09:00,81,42,17,,0,40.476190476190474
2026-09-04 20:00:32+09:00,81,42,18,,0,42.857142857142854
2026-09-04 20:05:33+09:00,81,42,18,,0,42.857142857142854
2026-09-04 20:10:32+09:00,81,42,19,,0,45.23809523809524
2026-09-04 20:15:32+09:00,81,42,20,,0,47.61904761904761
2026-09-04 20:20:33+09:00,81,42,20,,0,47.61904761904761
2026-09-04 20:25:33+09:00,81,42,21,,0,50.0
2026-09-04 20:30:33+09:00,81,42,21,,0,50.0
2026-09-04 20:35:32+09:00,81,42,25,,0,59.523809523809526
2026-09-04 20:40:32+09:00,81,42,25,,0,59.523809523809526
2026-09-04 20:45:32+09:00,81,42,25,,0,59.523809523809526
2026-09-04 20:50:32+09:00,81,42,25,,0,59.523809523809526
2026-09-04 20:55:33+09:00,81,42,26,,0,61.904761904761905
2026-09-04 21:00:33+09:00,81,42,26,,0,61.904761904761905
2026-09-04 21:05:33+09:00,81,42,27,,0,64.28571428571429
2026-09-04 21:10:34+09:00,81,42,25,,0,59.523809523809526
2026-09-04 21:15:36+09:00,81,42,26,,0,61.904761904761905
2026-09-04 21:20:34+09:00,81,42,27,,0,64.28571428571429
2026-09-04 21:25:32+09:00,81,42,27,,0,64.28571428571429
2026-09-04 21:30:32+09:00,81,42,27,,0,64.28571428571429
2026-09-04 21:35:32+09:00,81,42,27,,0,64.28571428571429
2026-09-04 21:40:32+09:00,81,42,27,,0,64.28571428571429
2026-09-04 21:45:34+09:00,81,42,27,,0,64.28571428571429
2026-09-04 21:50:33+09:00,81,42,27,,0,64.28571428571429
2026-09-04 21:55:32+09:00,81,42,27,,0,64.28571428571429
2026-09-04 22:00:32+09:00,81,42,27,,0,64.28571428571429
2026-09-04 22:05:32+09:00,81,42,29,,0,69.04761904761905
2026-09-04 22:10:33+09:00,81,42,30,,0,71.42857142857143
2026-09-04 22:15:33+09:00,81,42,30,,0,71.42857142857143
2026-09-04 22:20:32+09:00,81,42,30,,0,71.42857142857143
2026-09-04 22:25:33+09:00,81,42,30,,0,71.42857142857143
2026-09-04 22:30:33+09:00,81,42,30,,0,71.42857142857143
2026-09-04 22:35:32+09:00,81,42,30,,0,71.42857142857143
2026-09-04 22:40:33+09:00,81,42,30,,0,71.42857142857143
2026-09-04 22:45:33+09:00,81,42,30,,0,71.42857142857143
2026-09-04 22:50:32+09:00,81,42,30,,0,71.42857142857143
2026-09-04 22:55:32+09:00,81,42,30,,0,71.42857142857143
2026-09-04 23:00:33+09:00,81,42,30,,0,71.42857142857143
2026-09-04 23:05:32+09:00,81,42,30,,0,71.42857142857143
2026-09-04 23:10:34+09:00,81,42,30,,0,71.42857142857143
2026-09-04 23:15:36+09:00,81,42,29,,0,69.04761904761905
2026-09-04 23:20:32+09:00,81,42,29,,0,69.04761904761905
2026-09-04 23:25:32+09:00,81,42,29,,0,69.04761904761905
2026-09-04 23:30:32+09:00,81,42,29,,0,69.04761904761905
2026-09-04 23:35:32+09:00,81,42,29,,0,69.04761904761905
2026-09-04 23:40:32+09:00,81,42,29,,0,69.04761904761905
2026-09-04 23:45:32+09:00,81,42,29,,0,69.04761904761905
2026-09-04 23:50:33+09:00,81,42,29,,0,69.04761904761905
2026-09-04 23:55:32+09:00,81,42,29,,0,69.04761904761905
2026-09-04 09:45:34+09:00,82,134,38,,0,28.35820895522388
2026-09-04 09:50:33+09:00,82,134,37,,0,27.611940298507463
2026-09-04 09:55:33+09:00,82,134,38,,0,28.35820895522388
2026-09-04 10:00:32+09:00,82,134,38,,0,28.35820895522388
2026-09-04 10:05:32+09:00,82,134,38,,0,28.35820895522388
2026-09-04 10:10:32+09:00,82,134,37,,0,27.611940298507463
2026-09-04 10:15:32+09:00,82,134,37,,0,27.611940298507463
2026-09-04 10:20:32+09:00,82,134,38,,0,28.35820895522388
2026-09-04 10:25:32+09:00,82,134,39,,0,29.1044776119403
2026-09-04 10:30:32+09:00,82,134,39,,0,29.1044776119403
2026-09-04 10:35:32+09:00,82,134,39,,0,29.1044776119403
2026-09-04 10:40:32+09:00,82,134,39,,0,29.1044776119403
2026-09-04 10:45:32+09:00,82,134,40,,0,29.850746268656714
2026-09-04 10:50:32+09:00,82,134,41,,0,30.597014925373134
2026-09-04 10:55:32+09:00,82,134,41,,0,30.597014925373134
2026-09-04 11:00:32+09:00,82,134,40,,0,29.850746268656714
2026-09-04 11:05:32+09:00,82,134,41,,0,30.597014925373134
2026-09-04 11:10:32+09:00,82,134,41,,0,30.597014925373134
2026-09-04 11:15:32+09:00,82,134,41,,0,30.597014925373134
2026-09-04 11:20:32+09:00,82,134,41,,0,30.597014925373134
2026-09-04 11:25:32+09:00,82,134,41,,0,30.597014925373134
2026-09-04 11:30:32+09:00,82,134,41,,0,30.597014925373134
2026-09-04 11:35:32+09:00,82,134,41,,0,30.597014925373134
2026-09-04 11:40:35+09:00,82,134,41,,0,30.597014925373134
2026-09-04 11:45:32+09:00,82,134,41,,0,30.597014925373134
2026-09-04 11:50:32+09:00,82,134,42,,0,31.343283582089555
2026-09-04 11:55:33+09:00,82,134,43,,0,32.08955223880597
2026-09-04 12:00:32+09:00,82,134,44,,0,32.83582089552239
2026-09-04 12:05:32+09:00,82,134,44,,0,32.83582089552239
2026-09-04 12:10:32+09:00,82,134,44,,0,32.83582089552239
2026-09-04 12:15:33+09:00,82,134,44,,0,32.83582089552239
2026-09-04 12:20:32+09:00,82,134,45,,0,33.582089552238806
2026-09-04 12:25:32+09:00,82,134,46,,0,34.32835820895522
2026-09-04 12:30:32+09:00,82,134,45,,0,33.582089552238806
2026-09-04 12:35:32+09:00,82,134,45,,0,33.582089552238806
2026-09-04 12:40:33+09:00,82,134,45,,0,33.582089552238806
2026-09-04 12:45:32+09:00,82,134,45,,0,33.582089552238806
2026-09-04 12:50:32+09:00,82,134,48,,0,35.82089552238806
2026-09-04 12:55:32+09:00,82,134,48,,0,35.82089552238806
2026-09-04 13:00:32+09:00,82,134,49,,0,36.56716417910448
2026-09-04 13:05:32+09:00,82,134,48,,0,35.82089552238806
2026-09-04 13:10:32+09:00,82,134,48,,0,35.82089552238806
2026-09-04 13:15:32+09:00,82,134,48,,0,35.82089552238806
2026-09-04 13:20:32+09:00,82,134,48,,0,35.82089552238806
2026-09-04 13:25:32+09:00,82,134,48,,0,35.82089552238806
2026-09-04 13:30:32+09:00,82,134,49,,0,36.56716417910448
2026-09-04 13:35:32+09:00,82,134,49,,0,36.56716417910448
2026-09-04 13:40:32+09:00,82,134,49,,0,36.56716417910448
2026-09-04 13:45:33+09:00,82,134,49,,0,36.56716417910448
2026-09-04 13:50:32+09:00,82,134,48,,0,35.82089552238806
2026-09-04 13:55:33+09:00,82,134,48,,0,35.82089552238806
2026-09-04 14:00:32+09:00,82,134,48,,0,35.82089552238806
2026-09-04 14:05:33+09:00,82,134,47,,0,35.07462686567165
2026-09-04 14:10:32+09:00,82,134,47,,0,35.07462686567165
2026-09-04 14:15:34+09:00,82,134,46,,0,34.32835820895522
2026-09-04 14:20:34+09:00,82,134,46,,0,34.32835820895522
2026-09-04 14:25:34+09:00,82,134,45,,0,33.582089552238806
2026-09-04 14:30:32+09:00,82,134,46,,0,34.32835820895522
2026-09-04 14:35:33+09:00,82,134,47,,0,35.07462686567165
2026-09-04 14:40:32+09:00,82,134,48,,0,35.82089552238806
2026-09-04 14:45:35+09:00,82,134,48,,0,35.82089552238806
2026-09-04 14:50:34+09:00,82,134,49,,0,36.56716417910448
2026-09-04 14:55:34+09:00,82,134,49,,0,36.56716417910448
2026-09-04 15:00:32+09:00,82,134,49,,0,36.56716417910448
2026-09-04 15:05:33+09:00,82,134,50,,0,37.3134328358209
2026-09-04 15:10:33+09:00,82,134,49,,0,36.56716417910448
2026-09-04 15:15:33+09:00,82,134,49,,0,36.56716417910448
2026-09-04 15:20:32+09:00,82,134,49,,0,36.56716417910448
2026-09-04 15:25:32+09:00,82,134,51,,0,38.059701492537314
2026-09-04 15:30:32+09:00,82,134,51,,0,38.059701492537314
2026-09-04 15:35:32+09:00,82,134,51,,0,38.059701492537314
2026-09-04 15:40:32+09:00,82,134,51,,0,38.059701492537314
2026-09-04 15:45:34+09:00,82,134,52,,0,38.80597014925373
2026-09-04 15:50:34+09:00,82,134,50,,0,37.3134328358209
2026-09-04 15:55:33+09:00,82,134,50,,0,37.3134328358209
2026-09-04 16:00:34+09:00,82,134,50,,0,37.3134328358209
2026-09-04 16:05:34+09:00,82,134,50,,0,37.3134328358209
2026-09-04 16:10:35+09:00,82,134,50,,0,37.3134328358209
2026-09-04 16:15:35+09:00,82,134,49,,0,36.56716417910448
2026-09-04 16:20:33+09:00,82,134,50,,0,37.3134328358209
2026-09-04 16:25:32+09:00,82,134,50,,0,37.3134328358209
2026-09-04 16:30:33+09:00,82,134,50,,0,37.3134328358209
2026-09-04 16:35:32+09:00,82,134,50,,0,37.3134328358209
2026-09-04 16:40:32+09:00,82,134,50,,0,37.3134328358209
2026-09-04 16:45:32+09:00,82,134,49,,0,36.56716417910448
2026-09-04 16:50:32+09:00,82,134,49,,0,36.56716417910448
2026-09-04 16:55:32+09:00,82,134,50,,0,37.3134328358209
2026-09-04 17:00:32+09:00,82,134,51,,0,38.059701492537314
2026-09-04 17:05:33+09:00,82,134,51,,0,38.059701492537314
2026-09-04 17:10:33+09:00,82,134,51,,0,38.059701492537314
2026-09-04 17:15:32+09:00,82,134,51,,0,38.059701492537314
2026-09-04 17:20:32+09:00,82,134,52,,0,38.80597014925373
2026-09-04 17:25:32+09:00,82,134,52,,0,38.80597014925373
2026-09-04 17:30:34+09:00,82,134,51,,0,38.059701492537314
2026-09-04 17:35:35+09:00,82,134,51,,0,38.059701492537314
2026-09-04 17:40:35+09:00,82,134,50,,0,37.3134328358209
2026-09-04 17:45:34+09:00,82,134,50,,0,37.3134328358209
2026-09-04 17:50:32+09:00,82,134,50,,0,37.3134328358209
2026-09-04 17:55:33+09:00,82,134,50,,0,37.3134328358209
2026-09-04 18:00:32+09:00,82,134,49,,0,36.56716417910448
2026-09-04 18:05:32+09:00,82,134,51,,0,38.059701492537314
2026-09-04 18:10:34+09:00,82,134,55,,0,41.04477611940299
2026-09-04 18:15:32+09:00,82,134,56,,0,41.7910447761194
2026-09-04 18:20:32+09:00,82,134,58,,0,43.28358208955223
2026-09-04 18:25:32+09:00,82,134,56,,0,41.7910447761194
2026-09-04 18:30:32+09:00,82,134,56,,0,41.7910447761194
2026-09-04 18:35:32+09:00,82,134,56,,0,41.7910447761194
2026-09-04 18:40:35+09:00,82,134,53,,0,39.55223880597015
2026-09-04 18:45:35+09:00,82,134,53,,0,39.55223880597015
2026-09-04 18:50:33+09:00,82,134,53,,0,39.55223880597015
2026-09-04 18:55:34+09:00,82,134,52,,0,38.80597014925373
2026-09-04 19:00:34+09:00,82,134,50,,0,37.3134328358209
2026-09-04 19:05:32+09:00,82,134,47,,0,35.07462686567165
2026-09-04 19:10:33+09:00,82,134,47,,0,35.07462686567165
2026-09-04 19:15:32+09:00,82,134,47,,0,35.07462686567165
2026-09-04 19:20:32+09:00,82,134,46,,0,34.32835820895522
2026-09-04 19:25:32+09:00,82,134,46,,0,34.32835820895522
2026-09-04 19:30:32+09:00,82,134,45,,0,33.582089552238806
2026-09-04 19:35:33+09:00,82,134,46,,0,34.32835820895522
2026-09-04 19:40:35+09:00,82,134,44,,0,32.83582089552239
2026-09-04 19:45:32+09:00,82,134,42,,0,31.343283582089555
2026-09-04 19:50:33+09:00,82,134,42,,0,31.343283582089555
2026-09-04 19:55:34+09:00,82,134,42,,0,31.343283582089555
2026-09-04 20:00:32+09:00,82,134,42,,0,31.343283582089555
2026-09-04 20:05:33+09:00,82,134,41,,0,30.597014925373134
2026-09-04 20:10:32+09:00,82,134,41,,0,30.597014925373134
2026-09-04 20:15:32+09:00,82,134,41,,0,30.597014925373134
2026-09-04 20:20:33+09:00,82,134,40,,0,29.850746268656714
2026-09-04 20:25:33+09:00,82,134,41,,0,30.597014925373134
2026-09-04 20:30:33+09:00,82,134,41,,0,30.597014925373134
2026-09-04 20:35:32+09:00,82,134,41,,0,30.597014925373134
2026-09-04 20:40:32+09:00,82,134,41,,0,30.597014925373134
2026-09-04 20:45:32+09:00,82,134,40,,0,29.850746268656714
2026-09-04 20:50:32+09:00,82,134,40,,0,29.850746268656714
2026-09-04 20:55:33+09:00,82,134,40,,0,29.850746268656714
2026-09-04 21:00:33+09:00,82,134,40,,0,29.850746268656714
2026-09-04 21:05:33+09:00,82,134,40,,0,29.850746268656714
2026-09-04 21:10:34+09:00,82,134,40,,0,29.850746268656714
2026-09-04 21:15:36+09:00,82,134,40,,0,29.850746268656714
2026-09-04 21:20:34+09:00,82,134,40,,0,29.850746268656714
2026-09-04 21:25:32+09:00,82,134,40,,0,29.850746268656714
2026-09-04 21:30:32+09:00,82,134,39,,0,29.1044776119403
2026-09-04 21:35:32+09:00,82,134,38,,0,28.35820895522388
2026-09-04 21:40:32+09:00,82,134,38,,0,28.35820895522388
2026-09-04 21:45:34+09:00,82,134,38,,0,28.35820895522388
2026-09-04 21:50:33+09:00,82,134,39,,0,29.1044776119403
2026-09-04 21:55:32+09:00,82,134,38,,0,28.35820895522388
2026-09-04 22:00:32+09:00,82,134,36,,0,26.865671641791046
2026-09-04 22:05:32+09:00,82,134,34,,0,25.37313432835821
2026-09-04 22:10:33+09:00,82,134,35,,0,26.119402985074625
2026-09-04 22:15:33+09:00,82,134,34,,0,25.37313432835821
2026-09-04 22:20:32+09:00,82,134,34,,0,25.37313432835821
2026-09-04 22:25:33+09:00,82,134,34,,0,25.37313432835821
2026-09-04 22:30:33+09:00,82,134,34,,0,25.37313432835821
2026-09-04 22:35:32+09:00,82,134,34,,0,25.37313432835821
2026-09-04 22:40:33+09:00,82,134,34,,0,25.37313432835821
2026-09-04 22:45:33+09:00,82,134,34,,0,25.37313432835821
2026-09-04 22:50:32+09:00,82,134,33,,0,24.62686567164179
2026-09-04 22:55:32+09:00,82,134,33,,0,24.62686567164179
2026-09-04 23:00:33+09:00,82,134,33,,0,24.62686567164179
2026-09-04 23:05:32+09:00,82,134,33,,0,24.62686567164179
2026-09-04 23:10:34+09:00,82,134,32,,0,23.88059701492537
2026-09-04 23:15:36+09:00,82,134,32,,0,23.88059701492537
2026-09-04 23:20:32+09:00,82,134,32,,0,23.88059701492537
2026-09-04 23:25:32+09:00,82,134,32,,0,23.88059701492537
2026-09-04 23:30:32+09:00,82,134,32,,0,23.88059701492537
2026-09-04 23:35:32+09:00,82,134,32,,0,23.88059701492537
2026-09-04 23:40:32+09:00,82,134,31,,0,23.134328358208954
2026-09-04 23:45:32+09:00,82,134,31,,0,23.134328358208954
2026-09-04 23:50:33+09:00,82,134,31,,0,23.134328358208954
2026-09-04 23:55:32+09:00,82,134,30,,0,22.388059701492537
2026-09-04 09:45:34+09:00,101,54,54,21.553571428571427,5,100.0
2026-09-04 09:50:33+09:00,101,54,54,21.553571428571427,5,100.0
2026-09-04 09:55:33+09:00,101,54,54,21.553571428571427,5,100.0
2026-09-04 10:00:32+09:00,101,54,54,,0,100.0
2026-09-04 10:05:32+09:00,101,54,54,,0,100.0
2026-09-04 10:10:32+09:00,101,54,54,,0,100.0
2026-09-04 10:15:32+09:00,101,54,54,,0,100.0
2026-09-04 10:20:32+09:00,101,54,54,,0,100.0
2026-09-04 10:25:32+09:00,101,54,54,,0,100.0
2026-09-04 10:30:32+09:00,101,54,54,,0,100.0
2026-09-04 10:35:32+09:00,101,54,54,,0,100.0
2026-09-04 10:40:32+09:00,101,54,54,,0,100.0
2026-09-04 10:45:32+09:00,101,54,54,,0,100.0
2026-09-04 10:50:32+09:00,101,54,54,,0,100.0
2026-09-04 10:55:32+09:00,101,54,54,,0,100.0
2026-09-04 11:00:32+09:00,101,54,54,,0,100.0
2026-09-04 11:05:32+09:00,101,54,54,,0,100.0
2026-09-04 11:10:32+09:00,101,54,54,,0,100.0
2026-09-04 11:15:32+09:00,101,54,54,,0,100.0
2026-09-04 11:20:32+09:00,101,54,54,,0,100.0
2026-09-04 11:25:32+09:00,101,54,54,,0,100.0
2026-09-04 11:30:32+09:00,101,54,54,,0,100.0
2026-09-04 11:35:32+09:00,101,54,54,,0,100.0
2026-09-04 11:40:35+09:00,101,54,54,,0,100.0
2026-09-04 11:45:32+09:00,101,54,54,,0,100.0
2026-09-04 11:50:32+09:00,101,54,54,,0,100.0
2026-09-04 11:55:33+09:00,101,54,54,,0,100.0
2026-09-04 12:00:32+09:00,101,54,54,,0,100.0
2026-09-04 12:05:32+09:00,101,54,54,,0,100.0
2026-09-04 12:10:32+09:00,101,54,54,,0,100.0
2026-09-04 12:15:33+09:00,101,54,54,,0,100.0
2026-09-04 12:20:32+09:00,101,54,54,,0,100.0
2026-09-04 12:25:32+09:00,101,54,54,,0,100.0
2026-09-04 12:30:32+09:00,101,54,54,,0,100.0
2026-09-04 12:35:32+09:00,101,54,54,,0,100.0
2026-09-04 12:40:33+09:00,101,54,54,,0,100.0
2026-09-04 12:45:32+09:00,101,54,54,,0,100.0
2026-09-04 12:50:32+09:00,101,54,54,,0,100.0
2026-09-04 12:55:32+09:00,101,54,54,,0,100.0
2026-09-04 13:00:32+09:00,101,54,54,,0,100.0
2026-09-04 13:05:32+09:00,101,54,54,,0,100.0
2026-09-04 13:10:32+09:00,101,54,54,,0,100.0
2026-09-04 13:15:32+09:00,101,54,54,,0,100.0
2026-09-04 13:20:32+09:00,101,54,54,,0,100.0
2026-09-04 13:25:32+09:00,101,54,54,,0,100.0
2026-09-04 13:30:32+09:00,101,54,54,,0,100.0
2026-09-04 13:35:32+09:00,101,54,54,,0,100.0
2026-09-04 13:40:32+09:00,101,54,54,,0,100.0
2026-09-04 13:45:33+09:00,101,54,54,,0,100.0
2026-09-04 13:50:32+09:00,101,54,54,,0,100.0
2026-09-04 13:55:33+09:00,101,54,54,,0,100.0
2026-09-04 14:00:32+09:00,101,54,54,,0,100.0
2026-09-04 14:05:33+09:00,101,54,54,20.601190476190474,5,100.0
2026-09-04 14:10:32+09:00,101,54,54,20.601190476190474,5,100.0
2026-09-04 14:15:34+09:00,101,54,54,20.601190476190474,5,100.0
2026-09-04 14:20:34+09:00,101,54,54,20.601190476190474,5,100.0
2026-09-04 14:25:34+09:00,101,54,54,20.601190476190474,5,100.0
2026-09-04 14:30:32+09:00,101,54,54,20.125,5,100.0
2026-09-04 14:35:33+09:00,101,54,54,20.125,5,100.0
2026-09-04 14:40:32+09:00,101,54,54,20.125,5,100.0
2026-09-04 14:45:35+09:00,101,54,54,20.125,5,100.0
2026-09-04 14:50:34+09:00,101,54,54,20.125,5,100.0
2026-09-04 14:55:34+09:00,101,54,54,21.125,5,100.0
2026-09-04 15:00:32+09:00,101,54,54,21.125,5,100.0
2026-09-04 15:05:33+09:00,101,54,54,21.125,5,100.0
2026-09-04 15:10:33+09:00,101,54,54,21.125,5,100.0
2026-09-04 15:15:33+09:00,101,54,54,21.125,5,100.0
2026-09-04 15:20:32+09:00,101,54,54,21.125,5,100.0
2026-09-04 15:25:32+09:00,101,54,54,20.125,5,100.0
2026-09-04 15:30:32+09:00,101,54,54,19.648809523809526,5,100.0
2026-09-04 15:35:32+09:00,101,54,54,19.648809523809526,5,100.0
2026-09-04 15:40:32+09:00,101,54,54,18.648809523809526,5,100.0
2026-09-04 15:45:34+09:00,101,54,54,18.648809523809526,5,100.0
2026-09-04 15:50:34+09:00,101,54,54,18.172619047619047,5,100.0
2026-09-04 15:55:33+09:00,101,54,54,19.172619047619047,5,100.0
2026-09-04 16:00:34+09:00,101,54,54,20.220238095238095,5,100.0
2026-09-04 16:05:34+09:00,101,54,54,20.220238095238095,5,100.0
2026-09-04 16:10:35+09:00,101,54,54,18.220238095238095,5,100.0
2026-09-04 16:15:35+09:00,101,54,54,17.220238095238095,5,100.0
2026-09-04 16:20:33+09:00,101,54,54,17.220238095238095,5,100.0
2026-09-04 16:25:32+09:00,101,54,54,10.553571428571427,5,100.0
2026-09-04 16:30:33+09:00,101,54,54,10.553571428571427,5,100.0
2026-09-04 16:35:32+09:00,101,54,54,10.553571428571427,5,100.0
2026-09-04 16:40:32+09:00,101,54,54,10.553571428571427,5,100.0
2026-09-04 16:45:32+09:00,101,54,54,10.553571428571427,5,100.0
2026-09-04 16:50:32+09:00,101,54,54,12.553571428571427,5,100.0
2026-09-04 16:55:32+09:00,101,54,54,13.553571428571427,5,100.0
2026-09-04 17:00:32+09:00,101,54,54,13.553571428571427,5,100.0
2026-09-04 17:05:33+09:00,101,54,54,13.553571428571427,5,100.0
2026-09-04 17:10:33+09:00,101,54,54,13.553571428571427,5,100.0
2026-09-04 17:15:32+09:00,101,54,54,13.553571428571427,5,100.0
2026-09-04 17:20:32+09:00,101,54,54,13.553571428571427,5,100.0
2026-09-04 17:25:32+09:00,101,54,54,14.553571428571427,5,100.0
2026-09-04 17:30:34+09:00,101,54,54,14.553571428571427,5,100.0
2026-09-04 17:35:35+09:00,101,54,54,15.55357142857143,5,100.0
2026-09-04 17:40:35+09:00,101,54,54,14.553571428571427,5,100.0
2026-09-04 17:45:34+09:00,101,54,54,14.553571428571427,5,100.0
2026-09-04 17:50:32+09:00,101,54,54,14.553571428571427,5,100.0
2026-09-04 17:55:33+09:00,101,54,54,16.553571428571427,5,100.0
2026-09-04 18:00:32+09:00,101,54,54,16.553571428571427,5,100.0
2026-09-04 18:05:32+09:00,101,54,54,17.553571428571427,5,100.0
2026-09-04 18:10:34+09:00,101,54,54,17.553571428571427,5,100.0
2026-09-04 18:15:32+09:00,101,54,54,17.553571428571427,5,100.0
2026-09-04 18:20:32+09:00,101,54,54,18.553571428571427,5,100.0
2026-09-04 18:25:32+09:00,101,54,54,17.553571428571427,5,100.0
2026-09-04 18:30:32+09:00,101,54,54,20.553571428571427,5,100.0
2026-09-04 18:35:32+09:00,101,54,54,19.553571428571427,5,100.0
2026-09-04 18:40:35+09:00,101,54,54,19.553571428571427,5,100.0
2026-09-04 18:45:35+09:00,101,54,54,19.553571428571427,5,100.0
2026-09-04 18:50:33+09:00,101,54,54,19.553571428571427,5,100.0
2026-09-04 18:55:34+09:00,101,54,54,19.553571428571427,5,100.0
2026-09-04 19:00:34+09:00,101,54,54,20.553571428571427,5,100.0
2026-09-04 19:05:32+09:00,101,54,54,20.553571428571427,5,100.0
2026-09-04 19:10:33+09:00,101,54,54,21.553571428571427,5,100.0
2026-09-04 19:15:32+09:00,101,54,54,21.553571428571427,5,100.0
2026-09-04 19:20:32+09:00,101,54,54,21.553571428571427,5,100.0
2026-09-04 19:25:32+09:00,101,54,54,21.553571428571427,5,100.0
2026-09-04 19:30:32+09:00,101,54,54,22.553571428571427,5,100.0
2026-09-04 19:35:33+09:00,101,54,54,22.553571428571427,5,100.0
2026-09-04 19:40:35+09:00,101,54,54,22.553571428571427,5,100.0
2026-09-04 19:45:32+09:00,101,54,54,22.553571428571427,5,100.0
2026-09-04 19:50:33+09:00,101,54,54,22.553571428571427,5,100.0
2026-09-04 19:55:34+09:00,101,54,54,22.553571428571427,5,100.0
2026-09-04 20:00:32+09:00,101,54,54,22.553571428571427,5,100.0
2026-09-04 20:05:33+09:00,101,54,54,22.553571428571427,5,100.0
2026-09-04 20:10:32+09:00,101,54,54,22.553571428571427,5,100.0
2026-09-04 20:15:32+09:00,101,54,54,24.553571428571427,5,100.0
2026-09-04 20:20:33+09:00,101,54,54,23.553571428571427,5,100.0
2026-09-04 20:25:33+09:00,101,54,54,23.553571428571427,5,100.0
2026-09-04 20:30:33+09:00,101,54,54,23.553571428571427,5,100.0
2026-09-04 20:35:32+09:00,101,54,54,23.553571428571427,5,100.0
2026-09-04 20:40:32+09:00,101,54,54,20.553571428571427,5,100.0
2026-09-04 20:45:32+09:00,101,54,54,20.553571428571427,5,100.0
2026-09-04 20:50:32+09:00,101,54,54,21.553571428571427,5,100.0
2026-09-04 20:55:33+09:00,101,54,54,21.553571428571427,5,100.0
2026-09-04 21:00:33+09:00,101,54,54,21.553571428571427,5,100.0
2026-09-04 21:05:33+09:00,101,54,54,21.553571428571427,5,100.0
2026-09-04 21:10:34+09:00,101,54,54,21.553571428571427,5,100.0
2026-09-04 21:15:36+09:00,101,54,54,21.553571428571427,5,100.0
2026-09-04 21:20:34+09:00,101,54,54,21.553571428571427,5,100.0
2026-09-04 21:25:32+09:00,101,54,54,21.553571428571427,5,100.0
2026-09-04 21:30:32+09:00,101,54,54,21.553571428571427,5,100.0
2026-09-04 21:35:32+09:00,101,54,54,21.553571428571427,5,100.0
2026-09-04 21:40:32+09:00,101,54,54,21.553571428571427,5,100.0
2026-09-04 21:45:34+09:00,101,54,54,21.553571428571427,5,100.0
2026-09-04 21:50:33+09:00,101,54,54,21.553571428571427,5,100.0
2026-09-04 21:55:32+09:00,101,54,54,21.553571428571427,5,100.0
2026-09-04 22:00:32+09:00,101,54,54,21.553571428571427,5,100.0
2026-09-04 22:05:32+09:00,101,54,54,21.553571428571427,5,100.0
2026-09-04 22:10:33+09:00,101,54,54,21.553571428571427,5,100.0
2026-09-04 22:15:33+09:00,101,54,54,21.553571428571427,5,100.0
2026-09-04 22:20:32+09:00,101,54,54,21.553571428571427,5,100.0
2026-09-04 22:25:33+09:00,101,54,54,21.553571428571427,5,100.0
2026-09-04 22:30:33+09:00,101,54,54,21.553571428571427,5,100.0
2026-09-04 22:35:32+09:00,101,54,54,21.553571428571427,5,100.0
2026-09-04 22:40:33+09:00,101,54,54,21.553571428571427,5,100.0
2026-09-04 22:45:33+09:00,101,54,54,21.553571428571427,5,100.0
2026-09-04 22:50:32+09:00,101,54,54,21.553571428571427,5,100.0
2026-09-04 22:55:32+09:00,101,54,54,21.553571428571427,5,100.0
2026-09-04 23:00:33+09:00,101,54,54,21.553571428571427,5,100.0
2026-09-04 23:05:32+09:00,101,54,54,20.125,5,100.0
2026-09-04 23:10:34+09:00,101,54,54,20.125,5,100.0
2026-09-04 23:15:36+09:00,101,54,54,20.125,5,100.0
2026-09-04 23:20:32+09:00,101,54,54,20.125,5,100.0
2026-09-04 23:25:32+09:00,101,54,54,20.125,5,100.0
2026-09-04 23:30:32+09:00,101,54,54,20.125,5,100.0
2026-09-04 23:35:32+09:00,101,54,54,20.125,5,100.0
2026-09-04 23:40:32+09:00,101,54,54,20.125,5,100.0
2026-09-04 23:45:32+09:00,101,54,54,20.125,5,100.0
2026-09-04 23:50:33+09:00,101,54,54,20.125,5,100.0
2026-09-04 23:55:32+09:00,101,54,54,20.125,5,100.0
2026-09-04 09:45:34+09:00,102,57,57,36.12449091478697,8,100.0
2026-09-04 09:50:33+09:00,102,57,57,36.12449091478697,8,100.0
2026-09-04 09:55:33+09:00,102,57,57,36.12449091478697,8,100.0
2026-09-04 10:00:32+09:00,102,57,57,,0,100.0
2026-09-04 10:05:32+09:00,102,57,57,,0,100.0
2026-09-04 10:10:32+09:00,102,57,57,,0,100.0
2026-09-04 10:15:32+09:00,102,57,57,,0,100.0
2026-09-04 10:20:32+09:00,102,57,57,,0,100.0
2026-09-04 10:25:32+09:00,102,57,57,,0,100.0
2026-09-04 10:30:32+09:00,102,57,57,,0,100.0
2026-09-04 10:35:32+09:00,102,57,57,,0,100.0
2026-09-04 10:40:32+09:00,102,57,57,,0,100.0
2026-09-04 10:45:32+09:00,102,57,57,,0,100.0
2026-09-04 10:50:32+09:00,102,57,57,,0,100.0
2026-09-04 10:55:32+09:00,102,57,57,,0,100.0
2026-09-04 11:00:32+09:00,102,57,57,,0,100.0
2026-09-04 11:05:32+09:00,102,57,57,,0,100.0
2026-09-04 11:10:32+09:00,102,57,57,,0,100.0
2026-09-04 11:15:32+09:00,102,57,57,,0,100.0
2026-09-04 11:20:32+09:00,102,57,57,,0,100.0
2026-09-04 11:25:32+09:00,102,57,57,,0,100.0
2026-09-04 11:30:32+09:00,102,57,57,,0,100.0
2026-09-04 11:35:32+09:00,102,57,57,,0,100.0
2026-09-04 11:40:35+09:00,102,57,57,,0,100.0
2026-09-04 11:45:32+09:00,102,57,57,,0,100.0
2026-09-04 11:50:32+09:00,102,57,57,,0,100.0
2026-09-04 11:55:33+09:00,102,57,57,,0,100.0
2026-09-04 12:00:32+09:00,102,57,57,,0,100.0
2026-09-04 12:05:32+09:00,102,57,57,,0,100.0
2026-09-04 12:10:32+09:00,102,57,57,,0,100.0
2026-09-04 12:15:33+09:00,102,57,57,,0,100.0
2026-09-04 12:20:32+09:00,102,57,57,,0,100.0
2026-09-04 12:25:32+09:00,102,57,57,,0,100.0
2026-09-04 12:30:32+09:00,102,57,57,,0,100.0
2026-09-04 12:35:32+09:00,102,57,57,,0,100.0
2026-09-04 12:40:33+09:00,102,57,57,,0,100.0
2026-09-04 12:45:32+09:00,102,57,57,,0,100.0
2026-09-04 12:50:32+09:00,102,57,57,,0,100.0
2026-09-04 12:55:32+09:00,102,57,57,,0,100.0
2026-09-04 13:00:32+09:00,102,57,57,,0,100.0
2026-09-04 13:05:32+09:00,102,57,57,,0,100.0
2026-09-04 13:10:32+09:00,102,57,57,,0,100.0
2026-09-04 13:15:32+09:00,102,57,57,,0,100.0
2026-09-04 13:20:32+09:00,102,57,57,,0,100.0
2026-09-04 13:25:32+09:00,102,57,57,,0,100.0
2026-09-04 13:30:32+09:00,102,57,57,,0,100.0
2026-09-04 13:35:32+09:00,102,57,57,,0,100.0
2026-09-04 13:40:32+09:00,102,57,57,,0,100.0
2026-09-04 13:45:33+09:00,102,57,57,,0,100.0
2026-09-04 13:50:32+09:00,102,57,57,,0,100.0
2026-09-04 13:55:33+09:00,102,57,57,,0,100.0
2026-09-04 14:00:32+09:00,102,57,57,,0,100.0
2026-09-04 14:05:33+09:00,102,57,57,37.32436560150376,8,100.0
2026-09-04 14:10:32+09:00,102,57,57,37.64391447368421,8,100.0
2026-09-04 14:15:34+09:00,102,57,57,37.28677161654136,8,100.0
2026-09-04 14:20:34+09:00,102,57,57,37.5718593358396,8,100.0
2026-09-04 14:25:34+09:00,102,57,57,37.797423245614034,8,100.0
2026-09-04 14:30:32+09:00,102,57,57,37.49980419799499,8,100.0
2026-09-04 14:35:33+09:00,102,57,57,37.40581923558897,8,100.0
2026-09-04 14:40:32+09:00,102,57,57,37.21784931077694,8,100.0
2026-09-04 14:45:35+09:00,102,57,57,37.02987938596491,8,100.0
2026-09-04 14:50:34+09:00,102,57,57,37.16145833333333,8,100.0
2026-09-04 14:55:34+09:00,102,57,57,37.88044329573935,8,100.0
2026-09-04 15:00:32+09:00,102,57,57,37.36979166666667,8,100.0
2026-09-04 15:05:33+09:00,102,57,57,37.23821271929825,8,100.0
2026-09-04 15:10:33+09:00,102,57,57,37.050242794486216,8,100.0
2026-09-04 15:15:33+09:00,102,57,57,37.695606203007515,8,100.0
2026-09-04 15:20:32+09:00,102,57,57,37.27893953634085,8,100.0
2026-09-04 15:25:32+09:00,102,57,57,36.616345551378444,8,100.0
2026-09-04 15:30:32+09:00,102,57,57,36.45030545112782,8,100.0
2026-09-04 15:35:32+09:00,102,57,57,36.45030545112782,8,100.0
2026-09-04 15:40:32+09:00,102,57,57,35.69372650375939,8,100.0
2026-09-04 15:45:34+09:00,102,57,57,36.24197211779449,8,100.0
2026-09-04 15:50:34+09:00,102,57,57,36.229440789473685,8,100.0
2026-09-04 15:55:33+09:00,102,57,57,36.437774122807014,8,100.0
2026-09-04 16:00:34+09:00,102,57,57,37.24291196741855,8,100.0
2026-09-04 16:05:34+09:00,102,57,57,37.18338815789474,8,100.0
2026-09-04 16:10:35+09:00,102,57,57,36.44403978696742,8,100.0
2026-09-04 16:15:35+09:00,102,57,57,35.76264880952381,8,100.0
2026-09-04 16:20:33+09:00,102,57,57,35.49949091478697,8,100.0
2026-09-04 16:25:32+09:00,102,57,57,31.295230263157894,8,100.0
2026-09-04 16:30:33+09:00,102,57,57,31.295230263157894,8,100.0
2026-09-04 16:35:32+09:00,102,57,57,31.107260338345863,8,100.0
2026-09-04 16:40:32+09:00,102,57,57,31.295230263157894,8,100.0
2026-09-04 16:45:32+09:00,102,57,57,31.617911967418546,8,100.0
2026-09-04 16:50:32+09:00,102,57,57,32.96189692982456,8,100.0
2026-09-04 16:55:32+09:00,102,57,57,33.834390664160395,8,100.0
2026-09-04 17:00:32+09:00,102,57,57,33.608826754385966,8,100.0
2026-09-04 17:05:33+09:00,102,57,57,33.1952929197995,8,100.0
2026-09-04 17:10:33+09:00,102,57,57,33.15769893483709,8,100.0
2026-09-04 17:15:32+09:00,102,57,57,32.70657111528822,8,100.0
2026-09-04 17:20:32+09:00,102,57,57,32.70657111528822,8,100.0
2026-09-04 17:25:32+09:00,102,57,57,33.2375861528822,8,100.0
2026-09-04 17:30:34+09:00,102,57,57,33.729440789473685,8,100.0
2026-09-04 17:35:35+09:00,102,57,57,34.48601973684211,8,100.0
2026-09-04 17:40:35+09:00,102,57,57,33.77016760651629,8,100.0
2026-09-04 17:45:34+09:00,102,57,57,33.58219768170426,8,100.0
2026-09-04 17:50:32+09:00,102,57,57,33.26264880952381,8,100.0
2026-09-04 17:55:33+09:00,102,57,57,34.005130012531325,8,100.0
2026-09-04 18:00:32+09:00,102,57,57,34.381069862155385,8,100.0
2026-09-04 18:05:32+09:00,102,57,57,35.32875156641604,8,100.0
2026-09-04 18:10:34+09:00,102,57,57,35.23476660401003,8,100.0
2026-09-04 18:15:32+09:00,102,57,57,35.049929511278194,8,100.0
2026-09-04 18:20:32+09:00,102,57,57,35.86603226817043,8,100.0
2026-09-04 18:25:32+09:00,102,57,57,35.219102443609025,8,100.0
2026-09-04 18:30:32+09:00,102,57,57,37.548363095238095,8,100.0
2026-09-04 18:35:32+09:00,102,57,57,37.5875234962406,8,100.0
2026-09-04 18:40:35+09:00,102,57,57,37.5875234962406,8,100.0
2026-09-04 18:45:35+09:00,102,57,57,37.719102443609025,8,100.0
2026-09-04 18:50:33+09:00,102,57,57,37.85068139097744,8,100.0
2026-09-04 18:55:34+09:00,102,57,57,38.1702302631579,8,100.0
2026-09-04 19:00:34+09:00,102,57,57,39.302749060150376,8,100.0
2026-09-04 19:05:32+09:00,102,57,57,40.038964598997495,8,100.0
2026-09-04 19:10:33+09:00,102,57,57,40.20657111528822,8,100.0
2026-09-04 19:15:32+09:00,102,57,57,40.435267857142854,8,100.0
2026-09-04 19:20:32+09:00,102,57,57,41.3625861528822,8,100.0
2026-09-04 19:25:32+09:00,102,57,57,41.3625861528822,8,100.0
2026-09-04 19:30:32+09:00,102,57,57,41.9875861528822,8,100.0
2026-09-04 19:35:33+09:00,102,57,57,41.9875861528822,8,100.0
2026-09-04 19:40:35+09:00,102,57,57,40.83157111528822,8,100.0
2026-09-04 19:45:32+09:00,102,57,57,41.02267387218045,8,100.0
2026-09-04 19:50:33+09:00,102,57,57,41.43934053884712,8,100.0
2026-09-04 19:55:34+09:00,102,57,57,41.60851347117794,8,100.0
2026-09-04 20:00:32+09:00,102,57,57,41.55212249373434,8,100.0
2026-09-04 20:05:33+09:00,102,57,57,41.55212249373434,8,100.0
2026-09-04 20:10:32+09:00,102,57,57,42.291470864661655,8,100.0
2026-09-04 20:15:32+09:00,102,57,57,43.447485902255636,8,100.0
2026-09-04 20:20:33+09:00,102,57,57,42.916470864661655,8,100.0
2026-09-04 20:25:33+09:00,102,57,57,42.916470864661655,8,100.0
2026-09-04 20:30:33+09:00,102,57,57,42.50293703007519,8,100.0
2026-09-04 20:35:32+09:00,102,57,57,42.50293703007519,8,100.0
2026-09-04 20:40:32+09:00,102,57,57,39.87605733082707,8,100.0
2026-09-04 20:45:32+09:00,102,57,57,31.394334049409235,7,100.0
2026-09-04 20:50:32+09:00,102,57,57,32.25899570354458,7,100.0
2026-09-04 20:55:33+09:00,102,57,57,32.5812298603652,7,100.0
2026-09-04 21:00:33+09:00,102,57,57,32.839017185821696,7,100.0
2026-09-04 21:05:33+09:00,102,57,57,32.98939312567132,7,100.0
2026-09-04 21:10:34+09:00,102,57,57,33.05383995703544,7,100.0
2026-09-04 21:15:36+09:00,102,57,57,33.16125134264232,7,100.0
2026-09-04 21:20:34+09:00,102,57,57,33.05383995703544,7,100.0
2026-09-04 21:25:32+09:00,102,57,57,33.139769065520944,7,100.0
2026-09-04 21:30:32+09:00,102,57,57,33.39755639097744,7,100.0
2026-09-04 21:35:32+09:00,102,57,57,33.39755639097744,7,100.0
2026-09-04 21:40:32+09:00,102,57,57,33.39755639097744,7,100.0
2026-09-04 21:45:34+09:00,102,57,57,33.54793233082707,7,100.0
2026-09-04 21:50:33+09:00,102,57,57,33.54793233082707,7,100.0
2026-09-04 21:55:32+09:00,102,57,57,33.54793233082707,7,100.0
2026-09-04 22:00:32+09:00,102,57,57,33.44052094522019,7,100.0
2026-09-04 22:05:32+09:00,102,57,57,33.54793233082707,7,100.0
2026-09-04 22:10:33+09:00,102,57,57,33.54793233082707,7,100.0
2026-09-04 22:15:33+09:00,102,57,57,33.29014500537057,7,100.0
2026-09-04 22:20:32+09:00,102,57,57,33.182733619763695,7,100.0
2026-09-04 22:25:33+09:00,102,57,57,33.29014500537057,7,100.0
2026-09-04 22:30:33+09:00,102,57,57,33.39755639097744,7,100.0
2026-09-04 22:35:32+09:00,102,57,57,33.29014500537057,7,100.0
2026-09-04 22:40:33+09:00,102,57,57,33.39755639097744,7,100.0
2026-09-04 22:45:33+09:00,102,57,57,33.39755639097744,7,100.0
2026-09-04 22:50:32+09:00,102,57,57,33.29014500537057,7,100.0
2026-09-04 22:55:32+09:00,102,57,57,33.182733619763695,7,100.0
2026-09-04 23:00:33+09:00,102,57,57,32.96791084854995,7,100.0
2026-09-04 23:05:32+09:00,102,57,57,31.94750268528464,7,100.0
2026-09-04 23:10:34+09:00,102,57,57,31.797126745435015,7,100.0
2026-09-04 23:15:36+09:00,102,57,57,31.689715359828142,7,100.0
2026-09-04 23:20:32+09:00,102,57,57,31.797126745435015,7,100.0
2026-09-04 23:25:32+09:00,102,57,57,31.431928034371644,7,100.0
2026-09-04 23:30:32+09:00,102,57,57,31.431928034371644,7,100.0
2026-09-04 23:35:32+09:00,102,57,57,31.431928034371644,7,100.0
2026-09-04 23:40:32+09:00,102,57,57,31.324516648764767,7,100.0
2026-09-04 23:45:32+09:00,102,57,57,31.324516648764767,7,100.0
2026-09-04 23:50:33+09:00,102,57,57,31.324516648764767,7,100.0
2026-09-04 23:55:32+09:00,102,57,57,31.217105263157894,7,100.0
2026-09-04 09:45:34+09:00,103,51,51,53.3548963351919,4,100.0
2026-09-04 09:50:33+09:00,103,51,51,53.3548963351919,4,100.0
2026-09-04 09:55:33+09:00,103,51,51,53.3548963351919,4,100.0
2026-09-04 10:00:32+09:00,103,51,51,,0,100.0
2026-09-04 10:05:32+09:00,103,51,51,,0,100.0
2026-09-04 10:10:32+09:00,103,51,51,,0,100.0
2026-09-04 10:15:32+09:00,103,51,51,,0,100.0
2026-09-04 10:20:32+09:00,103,51,51,,0,100.0
2026-09-04 10:25:32+09:00,103,51,51,,0,100.0
2026-09-04 10:30:32+09:00,103,51,51,,0,100.0
2026-09-04 10:35:32+09:00,103,51,51,,0,100.0
2026-09-04 10:40:32+09:00,103,51,51,,0,100.0
2026-09-04 10:45:32+09:00,103,51,51,,0,100.0
2026-09-04 10:50:32+09:00,103,51,51,,0,100.0
2026-09-04 10:55:32+09:00,103,51,51,,0,100.0
2026-09-04 11:00:32+09:00,103,51,51,,0,100.0
2026-09-04 11:05:32+09:00,103,51,51,,0,100.0
2026-09-04 11:10:32+09:00,103,51,51,,0,100.0
2026-09-04 11:15:32+09:00,103,51,51,,0,100.0
2026-09-04 11:20:32+09:00,103,51,51,,0,100.0
2026-09-04 11:25:32+09:00,103,51,51,,0,100.0
2026-09-04 11:30:32+09:00,103,51,51,,0,100.0
2026-09-04 11:35:32+09:00,103,51,51,,0,100.0
2026-09-04 11:40:35+09:00,103,51,51,,0,100.0
2026-09-04 11:45:32+09:00,103,51,51,,0,100.0
2026-09-04 11:50:32+09:00,103,51,51,,0,100.0
2026-09-04 11:55:33+09:00,103,51,51,,0,100.0
2026-09-04 12:00:32+09:00,103,51,51,,0,100.0
2026-09-04 12:05:32+09:00,103,51,51,,0,100.0
2026-09-04 12:10:32+09:00,103,51,51,,0,100.0
2026-09-04 12:15:33+09:00,103,51,51,,0,100.0
2026-09-04 12:20:32+09:00,103,51,51,,0,100.0
2026-09-04 12:25:32+09:00,103,51,51,,0,100.0
2026-09-04 12:30:32+09:00,103,51,51,,0,100.0
2026-09-04 12:35:32+09:00,103,51,51,,0,100.0
2026-09-04 12:40:33+09:00,103,51,51,,0,100.0
2026-09-04 12:45:32+09:00,103,51,51,,0,100.0
2026-09-04 12:50:32+09:00,103,51,51,,0,100.0
2026-09-04 12:55:32+09:00,103,51,51,,0,100.0
2026-09-04 13:00:32+09:00,103,51,51,,0,100.0
2026-09-04 13:05:32+09:00,103,51,51,,0,100.0
2026-09-04 13:10:32+09:00,103,51,51,,0,100.0
2026-09-04 13:15:32+09:00,103,51,51,,0,100.0
2026-09-04 13:20:32+09:00,103,51,51,,0,100.0
2026-09-04 13:25:32+09:00,103,51,51,,0,100.0
2026-09-04 13:30:32+09:00,103,51,51,,0,100.0
2026-09-04 13:35:32+09:00,103,51,51,,0,100.0
2026-09-04 13:40:32+09:00,103,51,51,,0,100.0
2026-09-04 13:45:33+09:00,103,51,51,,0,100.0
2026-09-04 13:50:32+09:00,103,51,51,,0,100.0
2026-09-04 13:55:33+09:00,103,51,51,,0,100.0
2026-09-04 14:00:32+09:00,103,51,51,,0,100.0
2026-09-04 14:05:33+09:00,103,51,51,58.394684133600386,4,100.0
2026-09-04 14:10:32+09:00,103,51,51,57.996806149515514,4,100.0
2026-09-04 14:15:34+09:00,103,51,51,58.271531424240784,4,100.0
2026-09-04 14:20:34+09:00,103,51,51,58.65519948032263,4,100.0
2026-09-04 14:25:34+09:00,103,51,51,58.90150489904184,4,100.0
2026-09-04 14:30:32+09:00,103,51,51,59.19044010177015,4,100.0
2026-09-04 14:35:33+09:00,103,51,51,58.91571482704487,4,100.0
2026-09-04 14:40:32+09:00,103,51,51,59.394115736480266,4,100.0
2026-09-04 14:45:35+09:00,103,51,51,59.763573864559085,4,100.0
2026-09-04 14:50:34+09:00,103,51,51,59.88672657391869,4,100.0
2026-09-04 14:55:34+09:00,103,51,51,60.11882206463487,4,100.0
2026-09-04 15:00:32+09:00,103,51,51,59.8440967899096,4,100.0
2026-09-04 15:05:33+09:00,103,51,51,59.953039571266174,4,100.0
2026-09-04 15:10:33+09:00,103,51,51,59.92461971526011,4,100.0
2026-09-04 15:15:33+09:00,103,51,51,59.92461971526011,4,100.0
2026-09-04 15:20:32+09:00,103,51,51,60.06198235262275,4,100.0
2026-09-04 15:25:32+09:00,103,51,51,45.97881592955485,3,100.0
2026-09-04 15:30:32+09:00,103,51,51,59.484111947166134,4,100.0
2026-09-04 15:35:32+09:00,103,51,51,59.484111947166134,4,100.0
2026-09-04 15:40:32+09:00,103,51,51,58.71677583500243,4,100.0
2026-09-04 15:45:34+09:00,103,51,51,58.45626048828019,4,100.0
2026-09-04 15:50:34+09:00,103,51,51,58.16732528555188,4,100.0
2026-09-04 15:55:33+09:00,103,51,51,58.015752720186214,4,100.0
2026-09-04 16:00:34+09:00,103,51,51,58.29047799491149,4,100.0
2026-09-04 16:05:34+09:00,103,51,51,58.04417257619228,4,100.0
2026-09-04 16:10:35+09:00,103,51,51,58.276268066908465,4,100.0
2026-09-04 16:15:35+09:00,103,51,51,57.769447301467004,4,100.0
2026-09-04 16:20:33+09:00,103,51,51,57.494722026741734,4,100.0
2026-09-04 16:25:32+09:00,103,51,51,58.11048557353976,4,100.0
2026-09-04 16:30:33+09:00,103,51,51,58.522573485627674,4,100.0
2026-09-04 16:35:32+09:00,103,51,51,58.522573485627674,4,100.0
2026-09-04 16:40:32+09:00,103,51,51,44.513614464353374,3,100.0
2026-09-04 16:45:32+09:00,103,51,51,44.696764647503564,3,100.0
2026-09-04 16:50:32+09:00,103,51,51,44.879914830653746,3,100.0
2026-09-04 16:55:32+09:00,103,51,51,45.612515563254476,3,100.0
2026-09-04 17:00:32+09:00,103,51,51,45.97881592955485,3,100.0
2026-09-04 17:05:33+09:00,103,51,51,45.97881592955485,3,100.0
2026-09-04 17:10:33+09:00,103,51,51,45.429365380104294,3,100.0
2026-09-04 17:15:32+09:00,103,51,51,58.93466139771559,4,100.0
2026-09-04 17:20:32+09:00,103,51,51,58.38521084826503,4,100.0
2026-09-04 17:25:32+09:00,103,51,51,58.38521084826503,4,100.0
2026-09-04 17:30:34+09:00,103,51,51,44.3304642812032,3,100.0
2026-09-04 17:35:35+09:00,103,51,51,44.513614464353374,3,100.0
2026-09-04 17:40:35+09:00,103,51,51,44.147314098053016,3,100.0
2026-09-04 17:45:34+09:00,103,51,51,43.59786354860247,3,100.0
2026-09-04 17:50:32+09:00,103,51,51,44.147314098053016,3,100.0
2026-09-04 17:55:33+09:00,103,51,51,43.59786354860247,3,100.0
2026-09-04 18:00:32+09:00,103,51,51,43.59786354860247,3,100.0
2026-09-04 18:05:32+09:00,103,51,51,43.59786354860247,3,100.0
2026-09-04 18:10:34+09:00,103,51,51,43.048412999151914,3,100.0
2026-09-04 18:15:32+09:00,103,51,51,43.048412999151914,3,100.0
2026-09-04 18:20:32+09:00,103,51,51,42.49896244970137,3,100.0
2026-09-04 18:25:32+09:00,103,51,51,42.315812266551184,3,100.0
2026-09-04 18:30:32+09:00,103,51,51,42.315812266551184,3,100.0
2026-09-04 18:35:32+09:00,103,51,51,42.315812266551184,3,100.0
2026-09-04 18:40:35+09:00,103,51,51,42.132662083400994,3,100.0
2026-09-04 18:45:35+09:00,103,51,51,42.132662083400994,3,100.0
2026-09-04 18:50:33+09:00,103,51,51,42.315812266551184,3,100.0
2026-09-04 18:55:34+09:00,103,51,51,41.94951190025082,3,100.0
2026-09-04 19:00:34+09:00,103,51,51,41.94951190025082,3,100.0
2026-09-04 19:05:32+09:00,103,51,51,42.68211263285155,3,100.0
2026-09-04 19:10:33+09:00,103,51,51,42.315812266551184,3,100.0
2026-09-04 19:15:32+09:00,103,51,51,42.865262816001724,3,100.0
2026-09-04 19:20:32+09:00,103,51,51,42.49896244970137,3,100.0
2026-09-04 19:25:32+09:00,103,51,51,42.49896244970137,3,100.0
2026-09-04 19:30:32+09:00,103,51,51,42.132662083400994,3,100.0
2026-09-04 19:35:33+09:00,103,51,51,42.315812266551184,3,100.0
2026-09-04 19:40:35+09:00,103,51,51,42.49896244970137,3,100.0
2026-09-04 19:45:32+09:00,103,51,51,42.315812266551184,3,100.0
2026-09-04 19:50:33+09:00,103,51,51,41.94951190025082,3,100.0
2026-09-04 19:55:34+09:00,103,51,51,42.315812266551184,3,100.0
2026-09-04 20:00:32+09:00,103,51,51,42.315812266551184,3,100.0
2026-09-04 20:05:33+09:00,103,51,51,42.315812266551184,3,100.0
2026-09-04 20:10:32+09:00,103,51,51,42.315812266551184,3,100.0
2026-09-04 20:15:32+09:00,103,51,51,42.132662083400994,3,100.0
2026-09-04 20:20:33+09:00,103,51,51,42.132662083400994,3,100.0
2026-09-04 20:25:33+09:00,103,51,51,41.94951190025082,3,100.0
2026-09-04 20:30:33+09:00,103,51,51,42.132662083400994,3,100.0
2026-09-04 20:35:32+09:00,103,51,51,41.76636171710063,3,100.0
2026-09-04 20:40:32+09:00,103,51,51,54.97009148486981,4,100.0
2026-09-04 20:45:32+09:00,103,51,51,54.17433551670004,4,100.0
2026-09-04 20:50:32+09:00,103,51,51,53.80487738862123,4,100.0
2026-09-04 20:55:33+09:00,103,51,51,54.108022519352566,4,100.0
2026-09-04 21:00:33+09:00,103,51,51,54.2453851567152,4,100.0
2026-09-04 21:05:33+09:00,103,51,51,53.984869809992965,4,100.0
2026-09-04 21:10:34+09:00,103,51,51,53.861717100633356,4,100.0
2026-09-04 21:15:36+09:00,103,51,51,53.231743625832294,4,100.0
2026-09-04 21:20:34+09:00,103,51,51,53.1891138418232,4,100.0
2026-09-04 21:25:32+09:00,103,51,51,52.516510583013044,4,100.0
2026-09-04 21:30:32+09:00,103,51,51,51.99547988956856,4,100.0
2026-09-04 21:35:32+09:00,103,51,51,51.73496454284631,4,100.0
2026-09-04 21:40:32+09:00,103,51,51,51.99547988956856,4,100.0
2026-09-04 21:45:34+09:00,103,51,51,50.98183835868565,4,100.0
2026-09-04 21:50:33+09:00,103,51,51,50.721323011963406,4,100.0
2026-09-04 21:55:32+09:00,103,51,51,50.36607481188762,4,100.0
2026-09-04 22:00:32+09:00,103,51,51,50.119769393168404,4,100.0
2026-09-04 22:05:32+09:00,103,51,51,49.58452877172089,4,100.0
2026-09-04 22:10:33+09:00,103,51,51,49.46137606236128,4,100.0
2026-09-04 22:15:33+09:00,103,51,51,49.21507064364207,4,100.0
2026-09-04 22:20:32+09:00,103,51,51,49.35243328100471,4,100.0
2026-09-04 22:25:33+09:00,103,51,51,49.24349049964813,4,100.0
2026-09-04 22:30:33+09:00,103,51,51,48.61351702484707,4,100.0
2026-09-04 22:35:32+09:00,103,51,51,48.36721160612786,4,100.0
2026-09-04 22:40:33+09:00,103,51,51,48.229848968765225,4,100.0
2026-09-04 22:45:33+09:00,103,51,51,47.58566556596113,4,100.0
2026-09-04 22:50:32+09:00,103,51,51,47.21620743788232,4,100.0
2026-09-04 22:55:32+09:00,103,51,51,46.72359660044389,4,100.0
2026-09-04 23:00:33+09:00,103,51,51,46.47729118172468,4,100.0
2026-09-04 23:05:32+09:00,103,51,51,45.984680344286254,4,100.0
2026-09-04 23:10:34+09:00,103,51,51,45.58680236020137,4,100.0
2026-09-04 23:15:36+09:00,103,51,51,45.20313430411952,4,100.0
2026-09-04 23:20:32+09:00,103,51,51,45.06577166675689,4,100.0
2026-09-04 23:25:32+09:00,103,51,51,44.81946624803768,4,100.0
2026-09-04 23:30:32+09:00,103,51,51,44.45000811995886,4,100.0
2026-09-04 23:35:32+09:00,103,51,51,44.435798191955826,4,100.0
2026-09-04 23:40:32+09:00,103,51,51,43.68267200779516,4,100.0
2026-09-04 23:45:32+09:00,103,51,51,43.284794023710276,4,100.0
2026-09-04 23:50:33+09:00,103,51,51,42.8869160396254,4,100.0
2026-09-04 23:55:32+09:00,103,51,51,42.64061062090619,4,100.0
2026-09-04 09:45:34+09:00,104,58,38,35.78736534401558,5,65.51724137931035
2026-09-04 09:50:33+09:00,104,58,38,35.78736534401558,5,65.51724137931035
2026-09-04 09:55:33+09:00,104,58,38,35.78736534401558,5,65.51724137931035
2026-09-04 10:00:32+09:00,104,58,38,,0,65.51724137931035
2026-09-04 10:05:32+09:00,104,58,38,,0,65.51724137931035
2026-09-04 10:10:32+09:00,104,58,38,,0,65.51724137931035
2026-09-04 10:15:32+09:00,104,58,38,,0,65.51724137931035
2026-09-04 10:20:32+09:00,104,58,38,,0,65.51724137931035
2026-09-04 10:25:32+09:00,104,58,38,,0,65.51724137931035
2026-09-04 10:30:32+09:00,104,58,38,,0,65.51724137931035
2026-09-04 10:35:32+09:00,104,58,38,,0,65.51724137931035
2026-09-04 10:40:32+09:00,104,58,38,,0,65.51724137931035
2026-09-04 10:45:32+09:00,104,58,38,,0,65.51724137931035
2026-09-04 10:50:32+09:00,104,58,38,,0,65.51724137931035
2026-09-04 10:55:32+09:00,104,58,38,,0,65.51724137931035
2026-09-04 11:00:32+09:00,104,58,38,,0,65.51724137931035
2026-09-04 11:05:32+09:00,104,58,38,,0,65.51724137931035
2026-09-04 11:10:32+09:00,104,58,38,,0,65.51724137931035
2026-09-04 11:15:32+09:00,104,58,38,,0,65.51724137931035
2026-09-04 11:20:32+09:00,104,58,38,,0,65.51724137931035
2026-09-04 11:25:32+09:00,104,58,38,,0,65.51724137931035
2026-09-04 11:30:32+09:00,104,58,38,,0,65.51724137931035
2026-09-04 11:35:32+09:00,104,58,38,,0,65.51724137931035
2026-09-04 11:40:35+09:00,104,58,38,,0,65.51724137931035
2026-09-04 11:45:32+09:00,104,58,38,,0,65.51724137931035
2026-09-04 11:50:32+09:00,104,58,38,,0,65.51724137931035
2026-09-04 11:55:33+09:00,104,58,38,,0,65.51724137931035
2026-09-04 12:00:32+09:00,104,58,38,,0,65.51724137931035
2026-09-04 12:05:32+09:00,104,58,38,,0,65.51724137931035
2026-09-04 12:10:32+09:00,104,58,38,,0,65.51724137931035
2026-09-04 12:15:33+09:00,104,58,38,,0,65.51724137931035
2026-09-04 12:20:32+09:00,104,58,38,,0,65.51724137931035
2026-09-04 12:25:32+09:00,104,58,38,,0,65.51724137931035
2026-09-04 12:30:32+09:00,104,58,38,,0,65.51724137931035
2026-09-04 12:35:32+09:00,104,58,38,,0,65.51724137931035
2026-09-04 12:40:33+09:00,104,58,38,,0,65.51724137931035
2026-09-04 12:45:32+09:00,104,58,38,,0,65.51724137931035
2026-09-04 12:50:32+09:00,104,58,38,,0,65.51724137931035
2026-09-04 12:55:32+09:00,104,58,38,,0,65.51724137931035
2026-09-04 13:00:32+09:00,104,58,38,,0,65.51724137931035
2026-09-04 13:05:32+09:00,104,58,38,,0,65.51724137931035
2026-09-04 13:10:32+09:00,104,58,38,,0,65.51724137931035
2026-09-04 13:15:32+09:00,104,58,38,,0,65.51724137931035
2026-09-04 13:20:32+09:00,104,58,38,,0,65.51724137931035
2026-09-04 13:25:32+09:00,104,58,38,,0,65.51724137931035
2026-09-04 13:30:32+09:00,104,58,38,,0,65.51724137931035
2026-09-04 13:35:32+09:00,104,58,38,,0,65.51724137931035
2026-09-04 13:40:32+09:00,104,58,38,,0,65.51724137931035
2026-09-04 13:45:33+09:00,104,58,38,,0,65.51724137931035
2026-09-04 13:50:32+09:00,104,58,38,,0,65.51724137931035
2026-09-04 13:55:33+09:00,104,58,38,,0,65.51724137931035
2026-09-04 14:00:32+09:00,104,58,38,,0,65.51724137931035
2026-09-04 14:05:33+09:00,104,58,38,39.81919558274238,5,65.51724137931035
2026-09-04 14:10:32+09:00,104,58,38,39.500893195474475,5,65.51724137931035
2026-09-04 14:15:34+09:00,104,58,38,39.720673415254694,5,65.51724137931035
2026-09-04 14:20:34+09:00,104,58,38,40.02760786012017,5,65.51724137931035
2026-09-04 14:25:34+09:00,104,58,38,40.224652195095544,5,65.51724137931035
2026-09-04 14:30:32+09:00,104,58,38,40.45580035727819,5,65.51724137931035
2026-09-04 14:35:33+09:00,104,58,38,40.23602013749797,5,65.51724137931035
2026-09-04 14:40:32+09:00,104,58,38,40.61874086504628,5,65.51724137931035
2026-09-04 14:45:35+09:00,104,58,38,40.91430736750933,5,65.51724137931035
2026-09-04 14:50:34+09:00,104,58,38,41.012829534997024,5,65.51724137931035
2026-09-04 14:55:34+09:00,104,58,38,41.19850592756997,5,65.51724137931035
2026-09-04 15:00:32+09:00,104,58,38,40.97872570778975,5,65.51724137931035
2026-09-04 15:05:33+09:00,104,58,38,50.88823327739584,6,65.51724137931035
2026-09-04 15:10:33+09:00,104,58,38,50.86928670672513,6,65.51724137931035
2026-09-04 15:15:33+09:00,104,58,38,50.86928670672513,6,65.51724137931035
2026-09-04 15:20:32+09:00,104,58,38,50.84095772156161,6,65.51724137931035
2026-09-04 15:25:32+09:00,104,58,38,40.40296804942231,5,65.51724137931035
2026-09-04 15:30:32+09:00,104,58,38,50.33580670785193,6,65.51724137931035
2026-09-04 15:35:32+09:00,104,58,38,50.33580670785193,6,65.51724137931035
2026-09-04 15:40:32+09:00,104,58,38,40.076868943864014,5,65.51724137931035
2026-09-04 15:45:34+09:00,104,58,38,39.868456666486225,5,65.51724137931035
2026-09-04 15:50:34+09:00,104,58,38,47.7792918591019,6,65.51724137931035
2026-09-04 15:55:33+09:00,104,58,38,47.79814755893006,6,65.51724137931035
2026-09-04 16:00:34+09:00,104,58,38,47.981297742080244,6,65.51724137931035
2026-09-04 16:05:34+09:00,104,58,38,47.817094129600775,6,65.51724137931035
2026-09-04 16:10:35+09:00,104,58,38,48.09172853348351,6,65.51724137931035
2026-09-04 16:15:35+09:00,104,58,38,47.51403986971198,6,65.51724137931035
2026-09-04 16:20:33+09:00,104,58,38,47.57069784003901,6,65.51724137931035
2026-09-04 16:25:32+09:00,104,58,38,48.221015024714916,6,65.51724137931035
2026-09-04 16:30:33+09:00,104,58,38,48.49574029944019,6,65.51724137931035
2026-09-04 16:35:32+09:00,104,58,38,48.49574029944019,6,65.51724137931035
2026-09-04 16:40:32+09:00,104,58,38,37.65334357317913,5,65.51724137931035
2026-09-04 16:45:32+09:00,104,58,38,37.33157900681025,5,65.51724137931035
2026-09-04 16:50:32+09:00,104,58,38,37.44146911670036,5,65.51724137931035
2026-09-04 16:55:32+09:00,104,58,38,38.024914448347126,5,65.51724137931035
2026-09-04 17:00:32+09:00,104,58,38,37.956924883954684,5,65.51724137931035
2026-09-04 17:05:33+09:00,104,58,38,37.81303999186836,5,65.51724137931035
2026-09-04 17:10:33+09:00,104,58,38,37.339484770111696,5,65.51724137931035
2026-09-04 17:15:32+09:00,104,58,38,47.69132888351799,6,65.51724137931035
2026-09-04 17:20:32+09:00,104,58,38,47.20512444047901,6,65.51724137931035
2026-09-04 17:25:32+09:00,104,58,38,46.96531628700179,6,65.51724137931035
2026-09-04 17:30:34+09:00,104,58,38,34.23410094530341,5,65.51724137931035
2026-09-04 17:35:35+09:00,104,58,38,29.73967450843093,5,65.51724137931035
2026-09-04 17:40:35+09:00,104,58,38,25.778887094406105,5,65.51724137931035
2026-09-04 17:45:34+09:00,104,58,38,23.578713167613472,5,65.51724137931035
2026-09-04 17:50:32+09:00,104,58,38,23.764498605197474,5,65.51724137931035
2026-09-04 17:55:33+09:00,104,58,38,23.14705849135448,5,65.51724137931035
2026-09-04 18:00:32+09:00,104,58,38,23.14705849135448,5,65.51724137931035
2026-09-04 18:05:32+09:00,104,58,38,23.14705849135448,5,65.51724137931035
2026-09-04 18:10:34+09:00,104,58,38,22.817388161684153,5,65.51724137931035
2026-09-04 18:15:32+09:00,104,58,38,22.817388161684153,5,65.51724137931035
2026-09-04 18:20:32+09:00,104,58,38,22.48771783201382,5,65.51724137931035
2026-09-04 18:25:32+09:00,104,58,38,22.377827722123712,5,65.51724137931035
2026-09-04 18:30:32+09:00,104,58,38,22.377827722123712,5,65.51724137931035
2026-09-04 18:35:32+09:00,104,58,38,22.377827722123712,5,65.51724137931035
2026-09-04 18:40:35+09:00,104,58,38,22.267937612233602,5,65.51724137931035
2026-09-04 18:45:35+09:00,104,58,38,22.267937612233602,5,65.51724137931035
2026-09-04 18:50:33+09:00,104,58,38,22.377827722123712,5,65.51724137931035
2026-09-04 18:55:34+09:00,104,58,38,22.158047502343493,5,65.51724137931035
2026-09-04 19:00:34+09:00,104,58,38,22.158047502343493,5,65.51724137931035
2026-09-04 19:05:32+09:00,104,58,38,22.597607941903934,5,65.51724137931035
2026-09-04 19:10:33+09:00,104,58,38,22.233942830037382,5,65.51724137931035
2026-09-04 19:15:32+09:00,104,58,38,22.56361315970771,5,65.51724137931035
2026-09-04 19:20:32+09:00,104,58,38,22.34383293992749,5,65.51724137931035
2026-09-04 19:25:32+09:00,104,58,38,22.34383293992749,5,65.51724137931035
2026-09-04 19:30:32+09:00,104,58,38,22.124052720147272,5,65.51724137931035
2026-09-04 19:35:33+09:00,104,58,38,22.233942830037382,5,65.51724137931035
2026-09-04 19:40:35+09:00,104,58,38,22.34383293992749,5,65.51724137931035
2026-09-04 19:45:32+09:00,104,58,38,22.233942830037382,5,65.51724137931035
2026-09-04 19:50:33+09:00,104,58,38,21.870277718170833,5,65.51724137931035
2026-09-04 19:55:34+09:00,104,58,38,22.09005793795105,5,65.51724137931035
2026-09-04 20:00:32+09:00,104,58,38,21.802288153778388,5,65.51724137931035
2026-09-04 20:05:33+09:00,104,58,38,21.802288153778388,5,65.51724137931035
2026-09-04 20:10:32+09:00,104,58,38,21.802288153778388,5,65.51724137931035
2026-09-04 20:15:32+09:00,104,58,38,21.69239804388828,5,65.51724137931035
2026-09-04 20:20:33+09:00,104,58,38,21.69239804388828,5,65.51724137931035
2026-09-04 20:25:33+09:00,104,58,38,21.58250793399817,5,65.51724137931035
2026-09-04 20:30:33+09:00,104,58,38,21.69239804388828,5,65.51724137931035
2026-09-04 20:35:32+09:00,104,58,38,21.47261782410806,5,65.51724137931035
2026-09-04 20:40:32+09:00,104,58,38,33.65739498478627,6,65.51724137931035
2026-09-04 20:45:32+09:00,104,58,38,33.126891006006424,6,65.51724137931035
2026-09-04 20:50:32+09:00,104,58,38,32.88058558728722,6,65.51724137931035
2026-09-04 20:55:33+09:00,104,58,38,33.08268234110811,6,65.51724137931035
2026-09-04 21:00:33+09:00,104,58,38,33.1742574326832,6,65.51724137931035
2026-09-04 21:05:33+09:00,104,58,38,33.00058053486838,6,65.51724137931035
2026-09-04 21:10:34+09:00,104,58,38,32.918478728628635,6,65.51724137931035
2026-09-04 21:15:36+09:00,104,58,38,32.498496412094596,6,65.51724137931035
2026-09-04 21:20:34+09:00,104,58,38,32.470076556088536,6,65.51724137931035
2026-09-04 21:25:32+09:00,104,58,38,32.02167438354843,6,65.51724137931035
2026-09-04 21:30:32+09:00,104,58,38,31.67432058791877,6,65.51724137931035
2026-09-04 21:35:32+09:00,104,58,38,31.500643690103942,6,65.51724137931035
2026-09-04 21:40:32+09:00,104,58,38,31.67432058791877,6,65.51724137931035
2026-09-04 21:45:34+09:00,104,58,38,30.998559567330165,6,65.51724137931035
2026-09-04 21:50:33+09:00,104,58,38,30.824882669515336,6,65.51724137931035
2026-09-04 21:55:32+09:00,104,58,38,30.58805053613148,6,65.51724137931035
2026-09-04 22:00:32+09:00,104,58,38,30.423846923652004,6,65.51724137931035
2026-09-04 22:05:32+09:00,104,58,38,30.067019842686992,6,65.51724137931035
2026-09-04 22:10:33+09:00,104,58,38,29.984918036447255,6,65.51724137931035
2026-09-04 22:15:33+09:00,104,58,38,29.820714423967782,6,65.51724137931035
2026-09-04 22:20:32+09:00,104,58,38,29.91228951554287,6,65.51724137931035
2026-09-04 22:25:33+09:00,104,58,38,29.83966099463849,6,65.51724137931035
2026-09-04 22:30:33+09:00,104,58,38,29.419678678104447,6,65.51724137931035
2026-09-04 22:35:32+09:00,104,58,38,29.255475065624974,6,65.51724137931035
2026-09-04 22:40:33+09:00,104,58,38,29.163899974049883,6,65.51724137931035
2026-09-04 22:45:33+09:00,104,58,38,28.734444372180487,6,65.51724137931035
2026-09-04 22:50:32+09:00,104,58,38,28.488138953461277,6,65.51724137931035
2026-09-04 22:55:32+09:00,104,58,38,28.159731728502326,6,65.51724137931035
2026-09-04 23:00:33+09:00,104,58,38,27.995528116022854,6,65.51724137931035
2026-09-04 23:05:32+09:00,104,58,38,24.909327126075894,6,65.51724137931035
2026-09-04 23:10:34+09:00,104,58,38,24.64407513668597,6,65.51724137931035
2026-09-04 23:15:36+09:00,104,58,38,24.388296432631407,6,65.51724137931035
2026-09-04 23:20:32+09:00,104,58,38,24.296721341056315,6,65.51724137931035
2026-09-04 23:25:32+09:00,104,58,38,24.13251772857684,6,65.51724137931035
2026-09-04 23:30:32+09:00,104,58,38,23.886212309857626,6,65.51724137931035
2026-09-04 23:35:32+09:00,104,58,38,23.876739024522276,6,65.51724137931035
2026-09-04 23:40:32+09:00,104,58,38,23.3746549017485,6,65.51724137931035
2026-09-04 23:45:32+09:00,104,58,38,23.109402912358576,6,65.51724137931035
2026-09-04 23:50:33+09:00,104,58,38,22.844150922968655,6,65.51724137931035
2026-09-04 23:55:32+09:00,104,58,38,22.679947310489183,6,65.51724137931035
2026-09-04 09:45:34+09:00,105,27,27,62.66254827289767,7,100.0
2026-09-04 09:50:33+09:00,105,27,27,62.66254827289767,7,100.0
2026-09-04 09:55:33+09:00,105,27,27,62.66254827289767,7,100.0
2026-09-04 10:00:32+09:00,105,27,27,,0,100.0
2026-09-04 10:05:32+09:00,105,27,27,,0,100.0
2026-09-04 10:10:32+09:00,105,27,27,,0,100.0
2026-09-04 10:15:32+09:00,105,27,27,,0,100.0
2026-09-04 10:20:32+09:00,105,27,27,,0,100.0
2026-09-04 10:25:32+09:00,105,27,27,,0,100.0
2026-09-04 10:30:32+09:00,105,27,27,,0,100.0
2026-09-04 10:35:32+09:00,105,27,27,,0,100.0
2026-09-04 10:40:32+09:00,105,27,27,,0,100.0
2026-09-04 10:45:32+09:00,105,27,27,,0,100.0
2026-09-04 10:50:32+09:00,105,27,27,,0,100.0
2026-09-04 10:55:32+09:00,105,27,27,,0,100.0
2026-09-04 11:00:32+09:00,105,27,27,,0,100.0
2026-09-04 11:05:32+09:00,105,27,27,,0,100.0
2026-09-04 11:10:32+09:00,105,27,27,,0,100.0
2026-09-04 11:15:32+09:00,105,27,27,,0,100.0
2026-09-04 11:20:32+09:00,105,27,27,,0,100.0
2026-09-04 11:25:32+09:00,105,27,27,,0,100.0
2026-09-04 11:30:32+09:00,105,27,27,,0,100.0
2026-09-04 11:35:32+09:00,105,27,27,,0,100.0
2026-09-04 11:40:35+09:00,105,27,27,,0,100.0
2026-09-04 11:45:32+09:00,105,27,27,,0,100.0
2026-09-04 11:50:32+09:00,105,27,27,,0,100.0
2026-09-04 11:55:33+09:00,105,27,27,,0,100.0
2026-09-04 12:00:32+09:00,105,27,27,,0,100.0
2026-09-04 12:05:32+09:00,105,27,27,,0,100.0
2026-09-04 12:10:32+09:00,105,27,27,,0,100.0
2026-09-04 12:15:33+09:00,105,27,27,,0,100.0
2026-09-04 12:20:32+09:00,105,27,27,,0,100.0
2026-09-04 12:25:32+09:00,105,27,27,,0,100.0
2026-09-04 12:30:32+09:00,105,27,27,,0,100.0
2026-09-04 12:35:32+09:00,105,27,27,,0,100.0
2026-09-04 12:40:33+09:00,105,27,27,,0,100.0
2026-09-04 12:45:32+09:00,105,27,27,,0,100.0
2026-09-04 12:50:32+09:00,105,27,27,,0,100.0
2026-09-04 12:55:32+09:00,105,27,27,,0,100.0
2026-09-04 13:00:32+09:00,105,27,27,,0,100.0
2026-09-04 13:05:32+09:00,105,27,27,,0,100.0
2026-09-04 13:10:32+09:00,105,27,27,,0,100.0
2026-09-04 13:15:32+09:00,105,27,27,,0,100.0
2026-09-04 13:20:32+09:00,105,27,27,,0,100.0
2026-09-04 13:25:32+09:00,105,27,27,,0,100.0
2026-09-04 13:30:32+09:00,105,27,27,,0,100.0
2026-09-04 13:35:32+09:00,105,27,27,,0,100.0
2026-09-04 13:40:32+09:00,105,27,27,,0,100.0
2026-09-04 13:45:33+09:00,105,27,27,,0,100.0
2026-09-04 13:50:32+09:00,105,27,27,,0,100.0
2026-09-04 13:55:33+09:00,105,27,27,,0,100.0
2026-09-04 14:00:32+09:00,105,27,27,,0,100.0
2026-09-04 14:05:33+09:00,105,27,27,68.18449867985471,6,100.0
2026-09-04 14:10:32+09:00,105,27,27,69.01558709608246,6,100.0
2026-09-04 14:15:34+09:00,105,27,27,67.62669820719356,6,100.0
2026-09-04 14:20:34+09:00,105,27,27,71.71412265065516,6,100.0
2026-09-04 14:25:34+09:00,105,27,27,71.80494685912642,6,100.0
2026-09-04 14:30:32+09:00,105,27,27,69.68331032572519,6,100.0
2026-09-04 14:35:33+09:00,105,27,27,69.11841770200903,6,100.0
2026-09-04 14:40:32+09:00,105,27,27,72.62971217195012,7,100.0
2026-09-04 14:45:35+09:00,105,27,27,69.47445006710818,7,100.0
2026-09-04 14:50:34+09:00,105,27,27,67.6858398861937,7,100.0
2026-09-04 14:55:34+09:00,105,27,27,71.23515434882087,7,100.0
2026-09-04 15:00:32+09:00,105,27,27,74.86660692985329,7,100.0
2026-09-04 15:05:33+09:00,105,27,27,73.8898525917544,7,100.0
2026-09-04 15:10:33+09:00,105,27,27,74.71428762892717,7,100.0
2026-09-04 15:15:33+09:00,105,27,27,71.96918958971149,7,100.0
2026-09-04 15:20:32+09:00,105,27,27,70.59263896946338,7,100.0
2026-09-04 15:25:32+09:00,105,27,27,68.96398750887916,7,100.0
2026-09-04 15:30:32+09:00,105,27,27,64.3215324407275,6,100.0
2026-09-04 15:35:32+09:00,105,27,27,65.92050536322982,6,100.0
2026-09-04 15:40:32+09:00,105,27,27,69.73490991292849,6,100.0
2026-09-04 15:45:34+09:00,105,27,27,70.80621562819705,6,100.0
2026-09-04 15:50:34+09:00,105,27,27,68.17061593377383,6,100.0
2026-09-04 15:55:33+09:00,105,27,27,67.96507757808068,6,100.0
2026-09-04 16:00:34+09:00,105,27,27,64.0545101613213,6,100.0
2026-09-04 16:05:34+09:00,105,27,27,70.38005632875159,7,100.0
2026-09-04 16:10:35+09:00,105,27,27,75.13432167125224,7,100.0
2026-09-04 16:15:35+09:00,105,27,27,71.80480804762097,7,100.0
2026-09-04 16:20:33+09:00,105,27,27,72.44724684132026,7,100.0
2026-09-04 16:25:32+09:00,105,27,27,70.67235506642848,7,100.0
2026-09-04 16:30:33+09:00,105,27,27,65.97370208051323,6,100.0
2026-09-04 16:35:32+09:00,105,27,27,66.0645262889845,6,100.0
2026-09-04 16:40:32+09:00,105,27,27,70.57413395980402,7,100.0
2026-09-04 16:45:32+09:00,105,27,27,72.12875580854352,7,100.0
2026-09-04 16:50:32+09:00,105,27,27,71.53833782316754,7,100.0
2026-09-04 16:55:32+09:00,105,27,27,67.13553044822395,6,100.0
2026-09-04 17:00:32+09:00,105,27,27,69.77113014264717,6,100.0
2026-09-04 17:05:33+09:00,105,27,27,69.82036195658486,6,100.0
2026-09-04 17:10:33+09:00,105,27,27,72.4913107188649,6,100.0
2026-09-04 17:15:32+09:00,105,27,27,70.23131581181117,6,100.0
2026-09-04 17:20:32+09:00,105,27,27,70.77250038771489,7,100.0
2026-09-04 17:25:32+09:00,105,27,27,68.8757416842335,7,100.0
2026-09-04 17:30:34+09:00,105,27,27,69.41195617002782,7,100.0
2026-09-04 17:35:35+09:00,105,27,27,68.11325487132652,7,100.0
2026-09-04 17:40:35+09:00,105,27,27,62.8051316220268,7,100.0
2026-09-04 17:45:34+09:00,105,27,27,65.9721879182295,7,100.0
2026-09-04 17:50:32+09:00,105,27,27,65.43597343243518,7,100.0
2026-09-04 17:55:33+09:00,105,27,27,62.99499704187895,7,100.0
2026-09-04 18:00:32+09:00,105,27,27,61.58014401933021,7,100.0
2026-09-04 18:05:32+09:00,105,27,27,53.97099509660323,7,100.0
2026-09-04 18:10:34+09:00,105,27,27,53.318734192241486,7,100.0
2026-09-04 18:15:32+09:00,105,27,27,52.02003289354019,7,100.0
2026-09-04 18:20:32+09:00,105,27,27,51.68171574850036,7,100.0
2026-09-04 18:25:32+09:00,105,27,27,50.03287439377665,7,100.0
2026-09-04 18:30:32+09:00,105,27,27,48.74604387209429,7,100.0
2026-09-04 18:35:32+09:00,105,27,27,47.615591691221944,7,100.0
2026-09-04 18:40:35+09:00,105,27,27,46.00294663319874,7,100.0
2026-09-04 18:45:35+09:00,105,27,27,42.88169813379898,7,100.0
2026-09-04 18:50:33+09:00,105,27,27,42.119287906550184,7,100.0
2026-09-04 18:55:34+09:00,105,27,27,41.27905707737641,7,100.0
2026-09-04 19:00:34+09:00,105,27,27,41.71502093660431,7,100.0
2026-09-04 19:05:32+09:00,105,27,27,44.48142414860681,6,100.0
2026-09-04 19:10:33+09:00,105,27,27,46.21244287188559,5,100.0
2026-09-04 19:15:32+09:00,105,27,27,46.128409258440215,5,100.0
2026-09-04 19:20:32+09:00,105,27,27,46.475600766622435,5,100.0
2026-09-04 19:25:32+09:00,105,27,27,46.6436679935132,5,100.0
2026-09-04 19:30:32+09:00,105,27,27,46.99085950169541,5,100.0
2026-09-04 19:35:33+09:00,105,27,27,46.99085950169541,5,100.0
2026-09-04 19:40:35+09:00,105,27,27,47.07489311514079,5,100.0
2026-09-04 19:45:32+09:00,105,27,27,48.02137697184137,5,100.0
2026-09-04 19:50:33+09:00,105,27,27,48.10541058528675,5,100.0
2026-09-04 19:55:34+09:00,105,27,27,48.01031991744066,5,100.0
2026-09-04 20:00:32+09:00,105,27,27,48.09435353088604,5,100.0
2026-09-04 20:05:33+09:00,105,27,27,48.09435353088604,5,100.0
2026-09-04 20:10:32+09:00,105,27,27,48.17838714433142,5,100.0
2026-09-04 20:15:32+09:00,105,27,27,48.17838714433142,5,100.0
2026-09-04 20:20:33+09:00,105,27,27,48.44154503906826,5,100.0
2026-09-04 20:25:33+09:00,105,27,27,48.20050125313283,5,100.0
2026-09-04 20:30:33+09:00,105,27,27,48.20050125313283,5,100.0
2026-09-04 20:35:32+09:00,105,27,27,48.72681704260651,5,100.0
2026-09-04 20:40:32+09:00,105,27,27,48.97891788294265,5,100.0
2026-09-04 20:45:32+09:00,105,27,27,48.09435353088604,5,100.0
2026-09-04 20:50:32+09:00,105,27,27,48.17838714433142,5,100.0
2026-09-04 20:55:33+09:00,105,27,27,48.262420757776795,5,100.0
2026-09-04 21:00:33+09:00,105,27,27,48.34645437122217,5,100.0
2026-09-04 21:05:33+09:00,105,27,27,48.77767949284977,5,100.0
2026-09-04 21:10:34+09:00,105,27,27,48.77767949284977,5,100.0
2026-09-04 21:15:36+09:00,105,27,27,48.94574671974053,5,100.0
2026-09-04 21:20:34+09:00,105,27,27,48.94574671974053,5,100.0
2026-09-04 21:25:32+09:00,105,27,27,49.47206250921421,5,100.0
2026-09-04 21:30:32+09:00,105,27,27,49.292938227922754,5,100.0
2026-09-04 21:35:32+09:00,105,27,27,49.72416334955035,5,100.0
2026-09-04 21:40:32+09:00,105,27,27,50.429603420315495,5,100.0
2026-09-04 21:45:34+09:00,105,27,27,50.59767064720625,5,100.0
2026-09-04 21:50:33+09:00,105,27,27,50.51363703376087,5,100.0
2026-09-04 21:55:32+09:00,105,27,27,50.76573787409701,5,100.0
2026-09-04 22:00:32+09:00,105,27,27,51.02889576883385,5,100.0
2026-09-04 22:05:32+09:00,105,27,27,51.11292938227923,5,100.0
2026-09-04 22:10:33+09:00,105,27,27,51.36503022261536,5,100.0
2026-09-04 22:15:33+09:00,105,27,27,51.533097449506116,5,100.0
2026-09-04 22:20:32+09:00,105,27,27,51.96432257113372,5,100.0
2026-09-04 22:25:33+09:00,105,27,27,52.300457024915225,5,100.0
2026-09-04 22:30:33+09:00,105,27,27,52.12133274362377,5,100.0
2026-09-04 22:35:32+09:00,105,27,27,52.3734335839599,5,100.0
2026-09-04 22:40:33+09:00,105,27,27,52.45746719740528,5,100.0
2026-09-04 22:45:33+09:00,105,27,27,52.72062509214212,5,100.0
2026-09-04 22:50:32+09:00,105,27,27,52.8046587055875,5,100.0
2026-09-04 22:55:32+09:00,105,27,27,52.88869231903287,5,100.0
2026-09-04 23:00:33+09:00,105,27,27,53.06781660032434,5,100.0
2026-09-04 23:05:32+09:00,105,27,27,22.567448031844314,7,100.0
2026-09-04 23:10:34+09:00,105,27,27,22.74752006065584,7,100.0
2026-09-04 23:15:36+09:00,105,27,27,22.807544070259684,7,100.0
2026-09-04 23:20:32+09:00,105,27,27,22.927592089467364,7,100.0
2026-09-04 23:25:32+09:00,105,27,27,22.867568079863524,7,100.0
2026-09-04 23:30:32+09:00,105,27,27,22.927592089467364,7,100.0
2026-09-04 23:35:32+09:00,105,27,27,23.175586023883234,7,100.0
2026-09-04 23:40:32+09:00,105,27,27,23.23561003348708,7,100.0
2026-09-04 23:45:32+09:00,105,27,27,23.23561003348708,7,100.0
2026-09-04 23:50:33+09:00,105,27,27,23.23561003348708,7,100.0
2026-09-04 23:55:32+09:00,105,27,27,23.29563404309092,7,100.0
2026-09-04 09:45:34+09:00,106,34,34,48.606753427974056,4,100.0
2026-09-04 09:50:33+09:00,106,34,34,48.606753427974056,4,100.0
2026-09-04 09:55:33+09:00,106,34,34,48.606753427974056,4,100.0
2026-09-04 10:00:32+09:00,106,34,34,,0,100.0
2026-09-04 10:05:32+09:00,106,34,34,,0,100.0
2026-09-04 10:10:32+09:00,106,34,34,,0,100.0
2026-09-04 10:15:32+09:00,106,34,34,,0,100.0
2026-09-04 10:20:32+09:00,106,34,34,,0,100.0
2026-09-04 10:25:32+09:00,106,34,34,,0,100.0
2026-09-04 10:30:32+09:00,106,34,34,,0,100.0
2026-09-04 10:35:32+09:00,106,34,34,,0,100.0
2026-09-04 10:40:32+09:00,106,34,34,,0,100.0
2026-09-04 10:45:32+09:00,106,34,34,,0,100.0
2026-09-04 10:50:32+09:00,106,34,34,,0,100.0
2026-09-04 10:55:32+09:00,106,34,34,,0,100.0
2026-09-04 11:00:32+09:00,106,34,34,,0,100.0
2026-09-04 11:05:32+09:00,106,34,34,,0,100.0
2026-09-04 11:10:32+09:00,106,34,34,,0,100.0
2026-09-04 11:15:32+09:00,106,34,34,,0,100.0
2026-09-04 11:20:32+09:00,106,34,34,,0,100.0
2026-09-04 11:25:32+09:00,106,34,34,,0,100.0
2026-09-04 11:30:32+09:00,106,34,34,,0,100.0
2026-09-04 11:35:32+09:00,106,34,34,,0,100.0
2026-09-04 11:40:35+09:00,106,34,34,,0,100.0
2026-09-04 11:45:32+09:00,106,34,34,,0,100.0
2026-09-04 11:50:32+09:00,106,34,34,,0,100.0
2026-09-04 11:55:33+09:00,106,34,34,,0,100.0
2026-09-04 12:00:32+09:00,106,34,34,,0,100.0
2026-09-04 12:05:32+09:00,106,34,34,,0,100.0
2026-09-04 12:10:32+09:00,106,34,34,,0,100.0
2026-09-04 12:15:33+09:00,106,34,34,,0,100.0
2026-09-04 12:20:32+09:00,106,34,34,,0,100.0
2026-09-04 12:25:32+09:00,106,34,34,,0,100.0
2026-09-04 12:30:32+09:00,106,34,34,,0,100.0
2026-09-04 12:35:32+09:00,106,34,34,,0,100.0
2026-09-04 12:40:33+09:00,106,34,34,,0,100.0
2026-09-04 12:45:32+09:00,106,34,34,,0,100.0
2026-09-04 12:50:32+09:00,106,34,34,,0,100.0
2026-09-04 12:55:32+09:00,106,34,34,,0,100.0
2026-09-04 13:00:32+09:00,106,34,34,,0,100.0
2026-09-04 13:05:32+09:00,106,34,34,,0,100.0
2026-09-04 13:10:32+09:00,106,34,34,,0,100.0
2026-09-04 13:15:32+09:00,106,34,34,,0,100.0
2026-09-04 13:20:32+09:00,106,34,34,,0,100.0
2026-09-04 13:25:32+09:00,106,34,34,,0,100.0
2026-09-04 13:30:32+09:00,106,34,34,,0,100.0
2026-09-04 13:35:32+09:00,106,34,34,,0,100.0
2026-09-04 13:40:32+09:00,106,34,34,,0,100.0
2026-09-04 13:45:33+09:00,106,34,34,,0,100.0
2026-09-04 13:50:32+09:00,106,34,34,,0,100.0
2026-09-04 13:55:33+09:00,106,34,34,,0,100.0
2026-09-04 14:00:32+09:00,106,34,34,,0,100.0
2026-09-04 14:05:33+09:00,106,34,34,48.73285683276598,4,100.0
2026-09-04 14:10:32+09:00,106,34,34,48.827434386359926,4,100.0
2026-09-04 14:15:34+09:00,106,34,34,48.73285683276598,4,100.0
2026-09-04 14:20:34+09:00,106,34,34,48.606753427974056,4,100.0
2026-09-04 14:25:34+09:00,106,34,34,48.512175874380105,4,100.0
2026-09-04 14:30:32+09:00,106,34,34,48.54370172557809,4,100.0
2026-09-04 14:35:33+09:00,106,34,34,48.41759832078616,4,100.0
2026-09-04 14:40:32+09:00,106,34,34,48.22844321359826,4,100.0
2026-09-04 14:45:35+09:00,106,34,34,48.32302076719221,4,100.0
2026-09-04 14:50:34+09:00,106,34,34,48.32302076719221,4,100.0
2026-09-04 14:55:34+09:00,106,34,34,48.38607246958818,4,100.0
2026-09-04 15:00:32+09:00,106,34,34,48.22844321359826,4,100.0
2026-09-04 15:05:33+09:00,106,34,34,48.196917362400285,4,100.0
2026-09-04 15:10:33+09:00,106,34,34,48.1653915112023,4,100.0
2026-09-04 15:15:33+09:00,106,34,34,48.00776225521239,4,100.0
2026-09-04 15:20:32+09:00,106,34,34,48.00776225521239,4,100.0
2026-09-04 15:25:32+09:00,106,34,34,47.944710552816424,4,100.0
2026-09-04 15:30:32+09:00,106,34,34,47.88165885042046,4,100.0
2026-09-04 15:35:32+09:00,106,34,34,48.03928810641037,4,100.0
2026-09-04 15:40:32+09:00,106,34,34,48.03928810641037,4,100.0
2026-09-04 15:45:34+09:00,106,34,34,47.944710552816424,4,100.0
2026-09-04 15:50:34+09:00,106,34,34,48.00776225521239,4,100.0
2026-09-04 15:55:33+09:00,106,34,34,47.91318470161844,4,100.0
2026-09-04 16:00:34+09:00,106,34,34,47.787081296826514,4,100.0
2026-09-04 16:05:34+09:00,106,34,34,47.75555544562853,4,100.0
2026-09-04 16:10:35+09:00,106,34,34,47.629452040836604,4,100.0
2026-09-04 16:15:35+09:00,106,34,34,47.4402969336487,4,100.0
2026-09-04 16:20:33+09:00,106,34,34,47.40877108245073,4,100.0
2026-09-04 16:25:32+09:00,106,34,34,47.25114182646081,4,100.0
2026-09-04 16:30:33+09:00,106,34,34,47.03046086807494,4,100.0
2026-09-04 16:35:32+09:00,106,34,34,46.93588331448099,4,100.0
2026-09-04 16:40:32+09:00,106,34,34,46.652150653699145,4,100.0
2026-09-04 16:45:32+09:00,106,34,34,46.17926288572941,4,100.0
2026-09-04 16:50:32+09:00,106,34,34,46.084685332135464,4,100.0
2026-09-04 16:55:32+09:00,106,34,34,45.70637511775968,4,100.0
2026-09-04 17:00:32+09:00,106,34,34,45.54874586176977,4,100.0
2026-09-04 17:05:33+09:00,106,34,34,45.42264245697783,4,100.0
2026-09-04 17:10:33+09:00,106,34,34,44.98128054020608,4,100.0
2026-09-04 17:15:32+09:00,106,34,34,44.69754787942424,4,100.0
2026-09-04 17:20:32+09:00,106,34,34,44.571444474632315,4,100.0
2026-09-04 17:25:32+09:00,106,34,34,44.44534106984038,4,100.0
2026-09-04 17:30:34+09:00,106,34,34,44.28771181385047,4,100.0
2026-09-04 17:35:35+09:00,106,34,34,44.09855670666258,4,100.0
2026-09-04 17:40:35+09:00,106,34,34,44.03550500426661,4,100.0
2026-09-04 17:45:34+09:00,106,34,34,43.56261723629688,4,100.0
2026-09-04 17:50:32+09:00,106,34,34,43.278884575515036,4,100.0
2026-09-04 17:55:33+09:00,106,34,34,42.9951519147332,4,100.0
2026-09-04 18:00:32+09:00,106,34,34,42.711419253951355,4,100.0
2026-09-04 18:05:32+09:00,106,34,34,42.64836755155539,4,100.0
2026-09-04 18:10:34+09:00,106,34,34,41.45038520603206,4,100.0
2026-09-04 18:15:32+09:00,106,34,34,41.07207499165627,4,100.0
2026-09-04 18:20:32+09:00,106,34,34,40.693764777280485,4,100.0
2026-09-04 18:25:32+09:00,106,34,34,40.37850626530066,4,100.0
2026-09-04 18:30:32+09:00,106,34,34,40.15782530691479,4,100.0
2026-09-04 18:35:32+09:00,106,34,34,40.34698041410268,4,100.0
2026-09-04 18:40:35+09:00,106,34,34,40.37850626530066,4,100.0
2026-09-04 18:45:35+09:00,106,34,34,40.15782530691479,4,100.0
2026-09-04 18:50:33+09:00,106,34,34,40.34698041410268,4,100.0
2026-09-04 18:55:34+09:00,106,34,34,40.536135521290575,4,100.0
2026-09-04 19:00:34+09:00,106,34,34,40.50460967009259,4,100.0
2026-09-04 19:05:32+09:00,106,34,34,40.56766137248855,4,100.0
2026-09-04 19:10:33+09:00,106,34,34,40.693764777280485,4,100.0
2026-09-04 19:15:32+09:00,106,34,34,41.07207499165627,4,100.0
2026-09-04 19:20:32+09:00,106,34,34,40.851394033270395,4,100.0
2026-09-04 19:25:32+09:00,106,34,34,40.851394033270395,4,100.0
2026-09-04 19:30:32+09:00,106,34,34,40.851394033270395,4,100.0
2026-09-04 19:35:33+09:00,106,34,34,40.88291988446838,4,100.0
2026-09-04 19:40:35+09:00,106,34,34,40.945971586864346,4,100.0
2026-09-04 19:45:32+09:00,106,34,34,40.756816479676445,4,100.0
2026-09-04 19:50:33+09:00,106,34,34,40.756816479676445,4,100.0
2026-09-04 19:55:34+09:00,106,34,34,40.756816479676445,4,100.0
2026-09-04 20:00:32+09:00,106,34,34,40.945971586864346,4,100.0
2026-09-04 20:05:33+09:00,106,34,34,40.97749743806232,4,100.0
2026-09-04 20:10:32+09:00,106,34,34,40.81986818207241,4,100.0
2026-09-04 20:15:32+09:00,106,34,34,40.851394033270395,4,100.0
2026-09-04 20:20:33+09:00,106,34,34,41.009023289260305,4,100.0
2026-09-04 20:25:33+09:00,106,34,34,41.166652545250216,4,100.0
2026-09-04 20:30:33+09:00,106,34,34,41.009023289260305,4,100.0
2026-09-04 20:35:32+09:00,106,34,34,40.91444573566636,4,100.0
2026-09-04 20:40:32+09:00,106,34,34,40.88291988446838,4,100.0
2026-09-04 20:45:32+09:00,106,34,34,40.50460967009259,4,100.0
2026-09-04 20:50:32+09:00,106,34,34,40.37850626530066,4,100.0
2026-09-04 20:55:33+09:00,106,34,34,40.441557967696625,4,100.0
2026-09-04 21:00:33+09:00,106,34,34,40.41003211649864,4,100.0
2026-09-04 21:05:33+09:00,106,34,34,40.25240286050873,4,100.0
2026-09-04 21:10:34+09:00,106,34,34,40.189351158112764,4,100.0
2026-09-04 21:15:36+09:00,106,34,34,39.81104094373698,4,100.0
2026-09-04 21:20:34+09:00,106,34,34,39.74798924134102,4,100.0
2026-09-04 21:25:32+09:00,106,34,34,39.5903599853511,4,100.0
2026-09-04 21:30:32+09:00,106,34,34,39.36967902696523,4,100.0
2026-09-04 21:35:32+09:00,106,34,34,39.148998068579345,4,100.0
2026-09-04 21:40:32+09:00,106,34,34,39.11747221738137,4,100.0
2026-09-04 21:45:34+09:00,106,34,34,39.085946366183386,4,100.0
2026-09-04 21:50:33+09:00,106,34,34,38.80221370540154,4,100.0
2026-09-04 21:55:32+09:00,106,34,34,38.77068785420356,4,100.0
2026-09-04 22:00:32+09:00,106,34,34,38.64458444941163,4,100.0
2026-09-04 22:05:32+09:00,106,34,34,38.29780008623383,4,100.0
2026-09-04 22:10:33+09:00,106,34,34,38.07711912784795,4,100.0
2026-09-04 22:15:33+09:00,106,34,34,37.91948987185803,4,100.0
2026-09-04 22:20:32+09:00,106,34,34,37.69880891347216,4,100.0
2026-09-04 22:25:33+09:00,106,34,34,37.41507625269032,4,100.0
2026-09-04 22:30:33+09:00,106,34,34,37.25744699670041,4,100.0
2026-09-04 22:35:32+09:00,106,34,34,37.131343591908475,4,100.0
2026-09-04 22:40:33+09:00,106,34,34,37.131343591908475,4,100.0
2026-09-04 22:45:33+09:00,106,34,34,36.973714335918565,4,100.0
2026-09-04 22:50:32+09:00,106,34,34,36.75303337753269,4,100.0
2026-09-04 22:55:32+09:00,106,34,34,36.43777486555287,4,100.0
2026-09-04 23:00:33+09:00,106,34,34,36.28014560956296,4,100.0
2026-09-04 23:05:32+09:00,106,34,34,36.18556805596901,4,100.0
2026-09-04 23:10:34+09:00,106,34,34,36.090990502375064,4,100.0
2026-09-04 23:15:36+09:00,106,34,34,35.99641294878111,4,100.0
2026-09-04 23:20:32+09:00,106,34,34,35.96488709758313,4,100.0
2026-09-04 23:25:32+09:00,106,34,34,35.90183539518716,4,100.0
2026-09-04 23:30:32+09:00,106,34,34,35.8387836927912,4,100.0
2026-09-04 23:35:32+09:00,106,34,34,35.71268028799928,4,100.0
2026-09-04 23:40:32+09:00,106,34,34,35.55505103200936,4,100.0
2026-09-04 23:45:32+09:00,106,34,34,35.523525180811376,4,100.0
2026-09-04 23:50:33+09:00,106,34,34,35.4919993296134,4,100.0
2026-09-04 23:55:32+09:00,106,34,34,35.42894762721743,4,100.0
2026-09-04 09:45:34+09:00,107,173,173,,0,100.0
2026-09-04 09:50:33+09:00,107,173,173,,0,100.0
2026-09-04 09:55:33+09:00,107,173,173,,0,100.0
2026-09-04 10:00:32+09:00,107,173,173,,0,100.0
2026-09-04 10:05:32+09:00,107,173,173,,0,100.0
2026-09-04 10:10:32+09:00,107,173,173,,0,100.0
2026-09-04 10:15:32+09:00,107,173,173,,0,100.0
2026-09-04 10:20:32+09:00,107,173,173,,0,100.0
2026-09-04 10:25:32+09:00,107,173,173,,0,100.0
2026-09-04 10:30:32+09:00,107,173,173,,0,100.0
2026-09-04 10:35:32+09:00,107,173,173,,0,100.0
2026-09-04 10:40:32+09:00,107,173,173,,0,100.0
2026-09-04 10:45:32+09:00,107,173,173,,0,100.0
2026-09-04 10:50:32+09:00,107,173,173,,0,100.0
2026-09-04 10:55:32+09:00,107,173,173,,0,100.0
2026-09-04 11:00:32+09:00,107,173,173,,0,100.0
2026-09-04 11:05:32+09:00,107,173,173,,0,100.0
2026-09-04 11:10:32+09:00,107,173,173,,0,100.0
2026-09-04 11:15:32+09:00,107,173,173,,0,100.0
2026-09-04 11:20:32+09:00,107,173,173,,0,100.0
2026-09-04 11:25:32+09:00,107,173,173,,0,100.0
2026-09-04 11:30:32+09:00,107,173,173,,0,100.0
2026-09-04 11:35:32+09:00,107,173,173,,0,100.0
2026-09-04 11:40:35+09:00,107,173,173,,0,100.0
2026-09-04 11:45:32+09:00,107,173,173,,0,100.0
2026-09-04 11:50:32+09:00,107,173,173,,0,100.0
2026-09-04 11:55:33+09:00,107,173,173,,0,100.0
2026-09-04 12:00:32+09:00,107,173,173,,0,100.0
2026-09-04 12:05:32+09:00,107,173,173,,0,100.0
2026-09-04 12:10:32+09:00,107,173,173,,0,100.0
2026-09-04 12:15:33+09:00,107,173,173,,0,100.0
2026-09-04 12:20:32+09:00,107,173,173,,0,100.0
2026-09-04 12:25:32+09:00,107,173,173,,0,100.0
2026-09-04 12:30:32+09:00,107,173,173,,0,100.0
2026-09-04 12:35:32+09:00,107,173,173,,0,100.0
2026-09-04 12:40:33+09:00,107,173,173,,0,100.0
2026-09-04 12:45:32+09:00,107,173,173,,0,100.0
2026-09-04 12:50:32+09:00,107,173,173,,0,100.0
2026-09-04 12:55:32+09:00,107,173,173,,0,100.0
2026-09-04 13:00:32+09:00,107,173,173,,0,100.0
2026-09-04 13:05:32+09:00,107,173,173,,0,100.0
2026-09-04 13:10:32+09:00,107,173,173,,0,100.0
2026-09-04 13:15:32+09:00,107,173,173,,0,100.0
2026-09-04 13:20:32+09:00,107,173,173,,0,100.0
2026-09-04 13:25:32+09:00,107,173,173,,0,100.0
2026-09-04 13:30:32+09:00,107,173,173,,0,100.0
2026-09-04 13:35:32+09:00,107,173,173,,0,100.0
2026-09-04 13:40:32+09:00,107,173,173,,0,100.0
2026-09-04 13:45:33+09:00,107,173,173,,0,100.0
2026-09-04 13:50:32+09:00,107,173,173,,0,100.0
2026-09-04 13:55:33+09:00,107,173,173,,0,100.0
2026-09-04 14:00:32+09:00,107,173,173,,0,100.0
2026-09-04 14:05:33+09:00,107,173,173,,0,100.0
2026-09-04 14:10:32+09:00,107,173,173,,0,100.0
2026-09-04 14:15:34+09:00,107,173,173,,0,100.0
2026-09-04 14:20:34+09:00,107,173,173,,0,100.0
2026-09-04 14:25:34+09:00,107,173,173,,0,100.0
2026-09-04 14:30:32+09:00,107,173,173,,0,100.0
2026-09-04 14:35:33+09:00,107,173,173,,0,100.0
2026-09-04 14:40:32+09:00,107,173,173,,0,100.0
2026-09-04 14:45:35+09:00,107,173,173,,0,100.0
2026-09-04 14:50:34+09:00,107,173,173,,0,100.0
2026-09-04 14:55:34+09:00,107,173,173,,0,100.0
2026-09-04 15:00:32+09:00,107,173,173,,0,100.0
2026-09-04 15:05:33+09:00,107,173,173,,0,100.0
2026-09-04 15:10:33+09:00,107,173,173,,0,100.0
2026-09-04 15:15:33+09:00,107,173,173,,0,100.0
2026-09-04 15:20:32+09:00,107,173,173,,0,100.0
2026-09-04 15:25:32+09:00,107,173,173,,0,100.0
2026-09-04 15:30:32+09:00,107,173,173,,0,100.0
2026-09-04 15:35:32+09:00,107,173,173,,0,100.0
2026-09-04 15:40:32+09:00,107,173,173,,0,100.0
2026-09-04 15:45:34+09:00,107,173,173,,0,100.0
2026-09-04 15:50:34+09:00,107,173,173,,0,100.0
2026-09-04 15:55:33+09:00,107,173,173,,0,100.0
2026-09-04 16:00:34+09:00,107,173,173,,0,100.0
2026-09-04 16:05:34+09:00,107,173,173,,0,100.0
2026-09-04 16:10:35+09:00,107,173,173,,0,100.0
2026-09-04 16:15:35+09:00,107,173,173,,0,100.0
2026-09-04 16:20:33+09:00,107,173,173,,0,100.0
2026-09-04 16:25:32+09:00,107,173,173,,0,100.0
2026-09-04 16:30:33+09:00,107,173,173,,0,100.0
2026-09-04 16:35:32+09:00,107,173,173,,0,100.0
2026-09-04 16:40:32+09:00,107,173,173,,0,100.0
2026-09-04 16:45:32+09:00,107,173,173,,0,100.0
2026-09-04 16:50:32+09:00,107,173,173,,0,100.0
2026-09-04 16:55:32+09:00,107,173,173,,0,100.0
2026-09-04 17:00:32+09:00,107,173,173,,0,100.0
2026-09-04 17:05:33+09:00,107,173,173,,0,100.0
2026-09-04 17:10:33+09:00,107,173,173,,0,100.0
2026-09-04 17:15:32+09:00,107,173,173,,0,100.0
2026-09-04 17:20:32+09:00,107,173,173,,0,100.0
2026-09-04 17:25:32+09:00,107,173,173,,0,100.0
2026-09-04 17:30:34+09:00,107,173,173,,0,100.0
2026-09-04 17:35:35+09:00,107,173,173,,0,100.0
2026-09-04 17:40:35+09:00,107,173,173,,0,100.0
2026-09-04 17:45:34+09:00,107,173,173,,0,100.0
2026-09-04 17:50:32+09:00,107,173,173,,0,100.0
2026-09-04 17:55:33+09:00,107,173,173,,0,100.0
2026-09-04 18:00:32+09:00,107,173,173,,0,100.0
2026-09-04 18:05:32+09:00,107,173,173,,0,100.0
2026-09-04 18:10:34+09:00,107,173,173,,0,100.0
2026-09-04 18:15:32+09:00,107,173,173,,0,100.0
2026-09-04 18:20:32+09:00,107,173,173,,0,100.0
2026-09-04 18:25:32+09:00,107,173,173,,0,100.0
2026-09-04 18:30:32+09:00,107,173,173,,0,100.0
2026-09-04 18:35:32+09:00,107,173,173,,0,100.0
2026-09-04 18:40:35+09:00,107,173,173,,0,100.0
2026-09-04 18:45:35+09:00,107,173,173,,0,100.0
2026-09-04 18:50:33+09:00,107,173,173,,0,100.0
2026-09-04 18:55:34+09:00,107,173,173,,0,100.0
2026-09-04 19:00:34+09:00,107,173,173,,0,100.0
2026-09-04 19:05:32+09:00,107,173,173,,0,100.0
2026-09-04 19:10:33+09:00,107,173,173,,0,100.0
2026-09-04 19:15:32+09:00,107,173,173,,0,100.0
2026-09-04 19:20:32+09:00,107,173,173,,0,100.0
2026-09-04 19:25:32+09:00,107,173,173,,0,100.0
2026-09-04 19:30:32+09:00,107,173,173,,0,100.0
2026-09-04 19:35:33+09:00,107,173,173,,0,100.0
2026-09-04 19:40:35+09:00,107,173,173,,0,100.0
2026-09-04 19:45:32+09:00,107,173,173,,0,100.0
2026-09-04 19:50:33+09:00,107,173,173,,0,100.0
2026-09-04 19:55:34+09:00,107,173,173,,0,100.0
2026-09-04 20:00:32+09:00,107,173,173,,0,100.0
2026-09-04 20:05:33+09:00,107,173,173,,0,100.0
2026-09-04 20:10:32+09:00,107,173,173,,0,100.0
2026-09-04 20:15:32+09:00,107,173,173,,0,100.0
2026-09-04 20:20:33+09:00,107,173,173,,0,100.0
2026-09-04 20:25:33+09:00,107,173,173,,0,100.0
2026-09-04 20:30:33+09:00,107,173,173,,0,100.0
2026-09-04 20:35:32+09:00,107,173,173,,0,100.0
2026-09-04 20:40:32+09:00,107,173,173,,0,100.0
2026-09-04 20:45:32+09:00,107,173,173,,0,100.0
2026-09-04 20:50:32+09:00,107,173,173,,0,100.0
2026-09-04 20:55:33+09:00,107,173,173,,0,100.0
2026-09-04 21:00:33+09:00,107,173,173,,0,100.0
2026-09-04 21:05:33+09:00,107,173,173,,0,100.0
2026-09-04 21:10:34+09:00,107,173,173,,0,100.0
2026-09-04 21:15:36+09:00,107,173,173,,0,100.0
2026-09-04 21:20:34+09:00,107,173,173,,0,100.0
2026-09-04 21:25:32+09:00,107,173,173,,0,100.0
2026-09-04 21:30:32+09:00,107,173,173,,0,100.0
2026-09-04 21:35:32+09:00,107,173,173,,0,100.0
2026-09-04 21:40:32+09:00,107,173,173,,0,100.0
2026-09-04 21:45:34+09:00,107,173,173,,0,100.0
2026-09-04 21:50:33+09:00,107,173,173,,0,100.0
2026-09-04 21:55:32+09:00,107,173,173,,0,100.0
2026-09-04 22:00:32+09:00,107,173,173,,0,100.0
2026-09-04 22:05:32+09:00,107,173,173,,0,100.0
2026-09-04 22:10:33+09:00,107,173,173,,0,100.0
2026-09-04 22:15:33+09:00,107,173,173,,0,100.0
2026-09-04 22:20:32+09:00,107,173,173,,0,100.0
2026-09-04 22:25:33+09:00,107,173,173,,0,100.0
2026-09-04 22:30:33+09:00,107,173,173,,0,100.0
2026-09-04 22:35:32+09:00,107,173,173,,0,100.0
2026-09-04 22:40:33+09:00,107,173,173,,0,100.0
2026-09-04 22:45:33+09:00,107,173,173,,0,100.0
2026-09-04 22:50:32+09:00,107,173,173,,0,100.0
2026-09-04 22:55:32+09:00,107,173,173,,0,100.0
2026-09-04 23:00:33+09:00,107,173,173,,0,100.0
2026-09-04 23:05:32+09:00,107,173,173,,0,100.0
2026-09-04 23:10:34+09:00,107,173,173,,0,100.0
2026-09-04 23:15:36+09:00,107,173,173,,0,100.0
2026-09-04 23:20:32+09:00,107,173,173,,0,100.0
2026-09-04 23:25:32+09:00,107,173,173,,0,100.0
2026-09-04 23:30:32+09:00,107,173,173,,0,100.0
2026-09-04 23:35:32+09:00,107,173,173,,0,100.0
2026-09-04 23:40:32+09:00,107,173,173,,0,100.0
2026-09-04 23:45:32+09:00,107,173,173,,0,100.0
2026-09-04 23:50:33+09:00,107,173,173,,0,100.0
2026-09-04 23:55:32+09:00,107,173,173,,0,100.0
2026-09-04 09:45:34+09:00,108,119,56,,0,47.05882352941176
2026-09-04 09:50:33+09:00,108,119,53,,0,44.537815126050425
2026-09-04 09:55:33+09:00,108,119,54,,0,45.378151260504204
2026-09-04 10:00:32+09:00,108,119,55,,0,46.21848739495798
2026-09-04 10:05:32+09:00,108,119,55,,0,46.21848739495798
2026-09-04 10:10:32+09:00,108,119,55,,0,46.21848739495798
2026-09-04 10:15:32+09:00,108,119,55,,0,46.21848739495798
2026-09-04 10:20:32+09:00,108,119,55,,0,46.21848739495798
2026-09-04 10:25:32+09:00,108,119,55,,0,46.21848739495798
2026-09-04 10:30:32+09:00,108,119,55,,0,46.21848739495798
2026-09-04 10:35:32+09:00,108,119,55,,0,46.21848739495798
2026-09-04 10:40:32+09:00,108,119,52,,0,43.69747899159664
2026-09-04 10:45:32+09:00,108,119,53,,0,44.537815126050425
2026-09-04 10:50:32+09:00,108,119,54,,0,45.378151260504204
2026-09-04 10:55:32+09:00,108,119,53,,0,44.537815126050425
2026-09-04 11:00:32+09:00,108,119,53,,0,44.537815126050425
2026-09-04 11:05:32+09:00,108,119,53,,0,44.537815126050425
2026-09-04 11:10:32+09:00,108,119,53,,0,44.537815126050425
2026-09-04 11:15:32+09:00,108,119,53,,0,44.537815126050425
2026-09-04 11:20:32+09:00,108,119,54,,0,45.378151260504204
2026-09-04 11:25:32+09:00,108,119,53,,0,44.537815126050425
2026-09-04 11:30:32+09:00,108,119,49,,0,41.17647058823529
2026-09-04 11:35:32+09:00,108,119,48,,0,40.33613445378151
2026-09-04 11:40:35+09:00,108,119,49,,0,41.17647058823529
2026-09-04 11:45:32+09:00,108,119,49,,0,41.17647058823529
2026-09-04 11:50:32+09:00,108,119,49,,0,41.17647058823529
2026-09-04 11:55:33+09:00,108,119,50,,0,42.016806722689076
2026-09-04 12:00:32+09:00,108,119,50,,0,42.016806722689076
2026-09-04 12:05:32+09:00,108,119,50,,0,42.016806722689076
2026-09-04 12:10:32+09:00,108,119,50,,0,42.016806722689076
2026-09-04 12:15:33+09:00,108,119,49,,0,41.17647058823529
2026-09-04 12:20:32+09:00,108,119,49,,0,41.17647058823529
2026-09-04 12:25:32+09:00,108,119,47,,0,39.49579831932773
2026-09-04 12:30:32+09:00,108,119,47,,0,39.49579831932773
2026-09-04 12:35:32+09:00,108,119,47,,0,39.49579831932773
2026-09-04 12:40:33+09:00,108,119,47,,0,39.49579831932773
2026-09-04 12:45:32+09:00,108,119,47,,0,39.49579831932773
2026-09-04 12:50:32+09:00,108,119,47,,0,39.49579831932773
2026-09-04 12:55:32+09:00,108,119,47,,0,39.49579831932773
2026-09-04 13:00:32+09:00,108,119,47,,0,39.49579831932773
2026-09-04 13:05:32+09:00,108,119,46,,0,38.655462184873954
2026-09-04 13:10:32+09:00,108,119,46,,0,38.655462184873954
2026-09-04 13:15:32+09:00,108,119,46,,0,38.655462184873954
2026-09-04 13:20:32+09:00,108,119,45,,0,37.81512605042017
2026-09-04 13:25:32+09:00,108,119,45,,0,37.81512605042017
2026-09-04 13:30:32+09:00,108,119,45,,0,37.81512605042017
2026-09-04 13:35:32+09:00,108,119,45,,0,37.81512605042017
2026-09-04 13:40:32+09:00,108,119,45,,0,37.81512605042017
2026-09-04 13:45:33+09:00,108,119,45,,0,37.81512605042017
2026-09-04 13:50:32+09:00,108,119,45,,0,37.81512605042017
2026-09-04 13:55:33+09:00,108,119,46,,0,38.655462184873954
2026-09-04 14:00:32+09:00,108,119,45,,0,37.81512605042017
2026-09-04 14:05:33+09:00,108,119,45,,0,37.81512605042017
2026-09-04 14:10:32+09:00,108,119,45,,0,37.81512605042017
2026-09-04 14:15:34+09:00,108,119,41,,0,34.45378151260504
2026-09-04 14:20:34+09:00,108,119,38,,0,31.932773109243694
2026-09-04 14:25:34+09:00,108,119,34,,0,28.57142857142857
2026-09-04 14:30:32+09:00,108,119,34,,0,28.57142857142857
2026-09-04 14:35:33+09:00,108,119,34,,0,28.57142857142857
2026-09-04 14:40:32+09:00,108,119,34,,0,28.57142857142857
2026-09-04 14:45:35+09:00,108,119,35,,0,29.411764705882355
2026-09-04 14:50:34+09:00,108,119,35,,0,29.411764705882355
2026-09-04 14:55:34+09:00,108,119,35,,0,29.411764705882355
2026-09-04 15:00:32+09:00,108,119,36,,0,30.252100840336134
2026-09-04 15:05:33+09:00,108,119,37,,0,31.092436974789916
2026-09-04 15:10:33+09:00,108,119,36,,0,30.252100840336134
2026-09-04 15:15:33+09:00,108,119,34,,0,28.57142857142857
2026-09-04 15:20:32+09:00,108,119,35,,0,29.411764705882355
2026-09-04 15:25:32+09:00,108,119,36,,0,30.252100840336134
2026-09-04 15:30:32+09:00,108,119,37,,0,31.092436974789916
2026-09-04 15:35:32+09:00,108,119,37,,0,31.092436974789916
2026-09-04 15:40:32+09:00,108,119,37,,0,31.092436974789916
2026-09-04 15:45:34+09:00,108,119,37,,0,31.092436974789916
2026-09-04 15:50:34+09:00,108,119,38,,0,31.932773109243694
2026-09-04 15:55:33+09:00,108,119,40,,0,33.61344537815126
2026-09-04 16:00:34+09:00,108,119,40,,0,33.61344537815126
2026-09-04 16:05:34+09:00,108,119,41,,0,34.45378151260504
2026-09-04 16:10:35+09:00,108,119,41,,0,34.45378151260504
2026-09-04 16:15:35+09:00,108,119,41,,0,34.45378151260504
2026-09-04 16:20:33+09:00,108,119,41,,0,34.45378151260504
2026-09-04 16:25:32+09:00,108,119,56,,0,47.05882352941176
2026-09-04 16:30:33+09:00,108,119,63,,0,52.94117647058824
2026-09-04 16:35:32+09:00,108,119,100,,0,84.03361344537815
2026-09-04 16:40:32+09:00,108,119,101,,0,84.87394957983193
2026-09-04 16:45:32+09:00,108,119,102,,0,85.71428571428571
2026-09-04 16:50:32+09:00,108,119,102,,0,85.71428571428571
2026-09-04 16:55:32+09:00,108,119,102,,0,85.71428571428571
2026-09-04 17:00:32+09:00,108,119,102,,0,85.71428571428571
2026-09-04 17:05:33+09:00,108,119,102,,0,85.71428571428571
2026-09-04 17:10:33+09:00,108,119,102,,0,85.71428571428571
2026-09-04 17:15:32+09:00,108,119,102,,0,85.71428571428571
2026-09-04 17:20:32+09:00,108,119,102,,0,85.71428571428571
2026-09-04 17:25:32+09:00,108,119,102,,0,85.71428571428571
2026-09-04 17:30:34+09:00,108,119,102,,0,85.71428571428571
2026-09-04 17:35:35+09:00,108,119,102,,0,85.71428571428571
2026-09-04 17:40:35+09:00,108,119,102,,0,85.71428571428571
2026-09-04 17:45:34+09:00,108,119,102,,0,85.71428571428571
2026-09-04 17:50:32+09:00,108,119,102,,0,85.71428571428571
2026-09-04 17:55:33+09:00,108,119,102,,0,85.71428571428571
2026-09-04 18:00:32+09:00,108,119,102,,0,85.71428571428571
2026-09-04 18:05:32+09:00,108,119,102,,0,85.71428571428571
2026-09-04 18:10:34+09:00,108,119,102,,0,85.71428571428571
2026-09-04 18:15:32+09:00,108,119,102,,0,85.71428571428571
2026-09-04 18:20:32+09:00,108,119,102,,0,85.71428571428571
2026-09-04 18:25:32+09:00,108,119,102,,0,85.71428571428571
2026-09-04 18:30:32+09:00,108,119,102,,0,85.71428571428571
2026-09-04 18:35:32+09:00,108,119,102,,0,85.71428571428571
2026-09-04 18:40:35+09:00,108,119,102,,0,85.71428571428571
2026-09-04 18:45:35+09:00,108,119,102,,0,85.71428571428571
2026-09-04 18:50:33+09:00,108,119,102,,0,85.71428571428571
2026-09-04 18:55:34+09:00,108,119,102,,0,85.71428571428571
2026-09-04 19:00:34+09:00,108,119,102,,0,85.71428571428571
2026-09-04 19:05:32+09:00,108,119,102,,0,85.71428571428571
2026-09-04 19:10:33+09:00,108,119,102,,0,85.71428571428571
2026-09-04 19:15:32+09:00,108,119,102,,0,85.71428571428571
2026-09-04 19:20:32+09:00,108,119,102,,0,85.71428571428571
2026-09-04 19:25:32+09:00,108,119,102,,0,85.71428571428571
2026-09-04 19:30:32+09:00,108,119,102,,0,85.71428571428571
2026-09-04 19:35:33+09:00,108,119,102,,0,85.71428571428571
2026-09-04 19:40:35+09:00,108,119,102,,0,85.71428571428571
2026-09-04 19:45:32+09:00,108,119,102,,0,85.71428571428571
2026-09-04 19:50:33+09:00,108,119,102,,0,85.71428571428571
2026-09-04 19:55:34+09:00,108,119,102,,0,85.71428571428571
2026-09-04 20:00:32+09:00,108,119,102,,0,85.71428571428571
2026-09-04 20:05:33+09:00,108,119,102,,0,85.71428571428571
2026-09-04 20:10:32+09:00,108,119,102,,0,85.71428571428571
2026-09-04 20:15:32+09:00,108,119,102,,0,85.71428571428571
2026-09-04 20:20:33+09:00,108,119,102,,0,85.71428571428571
2026-09-04 20:25:33+09:00,108,119,102,,0,85.71428571428571
2026-09-04 20:30:33+09:00,108,119,102,,0,85.71428571428571
2026-09-04 20:35:32+09:00,108,119,102,,0,85.71428571428571
2026-09-04 20:40:32+09:00,108,119,102,,0,85.71428571428571
2026-09-04 20:45:32+09:00,108,119,102,,0,85.71428571428571
2026-09-04 20:50:32+09:00,108,119,102,,0,85.71428571428571
2026-09-04 20:55:33+09:00,108,119,102,,0,85.71428571428571
2026-09-04 21:00:33+09:00,108,119,102,,0,85.71428571428571
2026-09-04 21:05:33+09:00,108,119,102,,0,85.71428571428571
2026-09-04 21:10:34+09:00,108,119,102,,0,85.71428571428571
2026-09-04 21:15:36+09:00,108,119,102,,0,85.71428571428571
2026-09-04 21:20:34+09:00,108,119,102,,0,85.71428571428571
2026-09-04 21:25:32+09:00,108,119,102,,0,85.71428571428571
2026-09-04 21:30:32+09:00,108,119,102,,0,85.71428571428571
2026-09-04 21:35:32+09:00,108,119,102,,0,85.71428571428571
2026-09-04 21:40:32+09:00,108,119,102,,0,85.71428571428571
2026-09-04 21:45:34+09:00,108,119,102,,0,85.71428571428571
2026-09-04 21:50:33+09:00,108,119,107,,0,89.91596638655463
2026-09-04 21:55:32+09:00,108,119,107,,0,89.91596638655463
2026-09-04 22:00:32+09:00,108,119,107,,0,89.91596638655463
2026-09-04 22:05:32+09:00,108,119,107,,0,89.91596638655463
2026-09-04 22:10:33+09:00,108,119,107,,0,89.91596638655463
2026-09-04 22:15:33+09:00,108,119,107,,0,89.91596638655463
2026-09-04 22:20:32+09:00,108,119,107,,0,89.91596638655463
2026-09-04 22:25:33+09:00,108,119,107,,0,89.91596638655463
2026-09-04 22:30:33+09:00,108,119,107,,0,89.91596638655463
2026-09-04 22:35:32+09:00,108,119,107,,0,89.91596638655463
2026-09-04 22:40:33+09:00,108,119,107,,0,89.91596638655463
2026-09-04 22:45:33+09:00,108,119,107,,0,89.91596638655463
2026-09-04 22:50:32+09:00,108,119,107,,0,89.91596638655463
2026-09-04 22:55:32+09:00,108,119,107,,0,89.91596638655463
2026-09-04 23:00:33+09:00,108,119,119,,0,100.0
2026-09-04 23:05:32+09:00,108,119,119,,0,100.0
2026-09-04 23:10:34+09:00,108,119,119,,0,100.0
2026-09-04 23:15:36+09:00,108,119,119,,0,100.0
2026-09-04 23:20:32+09:00,108,119,119,,0,100.0
2026-09-04 23:25:32+09:00,108,119,119,,0,100.0
2026-09-04 23:30:32+09:00,108,119,119,,0,100.0
2026-09-04 23:35:32+09:00,108,119,119,,0,100.0
2026-09-04 23:40:32+09:00,108,119,119,,0,100.0
2026-09-04 23:45:32+09:00,108,119,119,,0,100.0
2026-09-04 23:50:33+09:00,108,119,119,,0,100.0
2026-09-04 23:55:32+09:00,108,119,119,,0,100.0
2026-09-04 09:45:34+09:00,109,42,42,52.77251484148036,3,100.0
2026-09-04 09:50:33+09:00,109,42,42,52.77251484148036,3,100.0
2026-09-04 09:55:33+09:00,109,42,42,52.77251484148036,3,100.0
2026-09-04 10:00:32+09:00,109,42,42,,0,100.0
2026-09-04 10:05:32+09:00,109,42,42,,0,100.0
2026-09-04 10:10:32+09:00,109,42,42,,0,100.0
2026-09-04 10:15:32+09:00,109,42,42,,0,100.0
2026-09-04 10:20:32+09:00,109,42,42,,0,100.0
2026-09-04 10:25:32+09:00,109,42,42,,0,100.0
2026-09-04 10:30:32+09:00,109,42,42,,0,100.0
2026-09-04 10:35:32+09:00,109,42,42,,0,100.0
2026-09-04 10:40:32+09:00,109,42,42,,0,100.0
2026-09-04 10:45:32+09:00,109,42,42,,0,100.0
2026-09-04 10:50:32+09:00,109,42,42,,0,100.0
2026-09-04 10:55:32+09:00,109,42,42,,0,100.0
2026-09-04 11:00:32+09:00,109,42,42,,0,100.0
2026-09-04 11:05:32+09:00,109,42,42,,0,100.0
2026-09-04 11:10:32+09:00,109,42,42,,0,100.0
2026-09-04 11:15:32+09:00,109,42,42,,0,100.0
2026-09-04 11:20:32+09:00,109,42,42,,0,100.0
2026-09-04 11:25:32+09:00,109,42,42,,0,100.0
2026-09-04 11:30:32+09:00,109,42,42,,0,100.0
2026-09-04 11:35:32+09:00,109,42,42,,0,100.0
2026-09-04 11:40:35+09:00,109,42,42,,0,100.0
2026-09-04 11:45:32+09:00,109,42,42,,0,100.0
2026-09-04 11:50:32+09:00,109,42,42,,0,100.0
2026-09-04 11:55:33+09:00,109,42,42,,0,100.0
2026-09-04 12:00:32+09:00,109,42,42,,0,100.0
2026-09-04 12:05:32+09:00,109,42,42,,0,100.0
2026-09-04 12:10:32+09:00,109,42,42,,0,100.0
2026-09-04 12:15:33+09:00,109,42,42,,0,100.0
2026-09-04 12:20:32+09:00,109,42,42,,0,100.0
2026-09-04 12:25:32+09:00,109,42,42,,0,100.0
2026-09-04 12:30:32+09:00,109,42,42,,0,100.0
2026-09-04 12:35:32+09:00,109,42,42,,0,100.0
2026-09-04 12:40:33+09:00,109,42,42,,0,100.0
2026-09-04 12:45:32+09:00,109,42,42,,0,100.0
2026-09-04 12:50:32+09:00,109,42,42,,0,100.0
2026-09-04 12:55:32+09:00,109,42,42,,0,100.0
2026-09-04 13:00:32+09:00,109,42,42,,0,100.0
2026-09-04 13:05:32+09:00,109,42,42,,0,100.0
2026-09-04 13:10:32+09:00,109,42,42,,0,100.0
2026-09-04 13:15:32+09:00,109,42,42,,0,100.0
2026-09-04 13:20:32+09:00,109,42,42,,0,100.0
2026-09-04 13:25:32+09:00,109,42,42,,0,100.0
2026-09-04 13:30:32+09:00,109,42,42,,0,100.0
2026-09-04 13:35:32+09:00,109,42,42,,0,100.0
2026-09-04 13:40:32+09:00,109,42,42,,0,100.0
2026-09-04 13:45:33+09:00,109,42,42,,0,100.0
2026-09-04 13:50:32+09:00,109,42,42,,0,100.0
2026-09-04 13:55:33+09:00,109,42,42,,0,100.0
2026-09-04 14:00:32+09:00,109,42,42,,0,100.0
2026-09-04 14:05:33+09:00,109,42,42,59.49223190602501,3,100.0
2026-09-04 14:10:32+09:00,109,42,42,58.96172792724517,3,100.0
2026-09-04 14:15:34+09:00,109,42,42,59.328028293545536,3,100.0
2026-09-04 14:20:34+09:00,109,42,42,59.83958570165467,3,100.0
2026-09-04 14:25:34+09:00,109,42,42,60.167992926613614,3,100.0
2026-09-04 14:30:32+09:00,109,42,42,60.553239863584686,3,100.0
2026-09-04 14:35:33+09:00,109,42,42,60.18693949728433,3,100.0
2026-09-04 14:40:32+09:00,109,42,42,60.82480737653151,3,100.0
2026-09-04 14:45:35+09:00,109,42,42,61.31741821396994,3,100.0
2026-09-04 14:50:34+09:00,109,42,42,61.48162182644941,3,100.0
2026-09-04 14:55:34+09:00,109,42,42,61.79108248073766,3,100.0
2026-09-04 15:00:32+09:00,109,42,42,61.4247821144373,3,100.0
2026-09-04 15:05:33+09:00,109,42,42,71.17752936718455,4,100.0
2026-09-04 15:10:33+09:00,109,42,42,71.14910951117848,4,100.0
2026-09-04 15:15:33+09:00,109,42,42,71.14910951117848,4,100.0
2026-09-04 15:20:32+09:00,109,42,42,71.1066160334332,4,100.0
2026-09-04 15:25:32+09:00,109,42,42,60.46518601715823,3,100.0
2026-09-04 15:30:32+09:00,109,42,42,70.34888951286868,4,100.0
2026-09-04 15:35:32+09:00,109,42,42,70.34888951286868,4,100.0
2026-09-04 15:40:32+09:00,109,42,42,59.921687507894404,3,100.0
2026-09-04 15:45:34+09:00,109,42,42,59.574333712264746,3,100.0
2026-09-04 15:50:34+09:00,109,42,42,66.51411723974364,4,100.0
2026-09-04 15:55:33+09:00,109,42,42,66.54240078948588,4,100.0
2026-09-04 16:00:34+09:00,109,42,42,66.81712606421115,4,100.0
2026-09-04 16:05:34+09:00,109,42,42,66.57082064549195,4,100.0
2026-09-04 16:10:35+09:00,109,42,42,66.98277225131604,4,100.0
2026-09-04 16:15:35+09:00,109,42,42,66.11623925565875,4,100.0
2026-09-04 16:20:33+09:00,109,42,42,66.2012262111493,4,100.0
2026-09-04 16:25:32+09:00,109,42,42,67.17670198816316,4,100.0
2026-09-04 16:30:33+09:00,109,42,42,67.58878990025107,4,100.0
2026-09-04 16:35:32+09:00,109,42,42,67.58878990025107,4,100.0
2026-09-04 16:40:32+09:00,109,42,42,55.882478556752936,3,100.0
2026-09-04 16:45:32+09:00,109,42,42,55.346204279471465,3,100.0
2026-09-04 16:50:32+09:00,109,42,42,55.52935446262165,3,100.0
2026-09-04 16:55:32+09:00,109,42,42,56.50176334869959,3,100.0
2026-09-04 17:00:32+09:00,109,42,42,56.38844740804552,3,100.0
2026-09-04 17:05:33+09:00,109,42,42,56.14863925456831,3,100.0
2026-09-04 17:10:33+09:00,109,42,42,55.359380551640534,3,100.0
2026-09-04 17:15:32+09:00,109,42,42,66.38217277636777,4,100.0
2026-09-04 17:20:32+09:00,109,42,42,65.6528661118093,4,100.0
2026-09-04 17:25:32+09:00,109,42,42,65.29315388159347,4,100.0
2026-09-04 17:30:34+09:00,109,42,42,50.18374084362673,3,100.0
2026-09-04 17:35:35+09:00,109,42,42,42.69303011550593,3,100.0
2026-09-04 17:40:35+09:00,109,42,42,36.09171775879789,3,100.0
2026-09-04 17:45:34+09:00,109,42,42,32.4247612141435,3,100.0
2026-09-04 17:50:32+09:00,109,42,42,32.734403610116836,3,100.0
2026-09-04 17:55:33+09:00,109,42,42,31.705336753711848,3,100.0
2026-09-04 18:00:32+09:00,109,42,42,31.705336753711848,3,100.0
2026-09-04 18:05:32+09:00,109,42,42,31.705336753711848,3,100.0
2026-09-04 18:10:34+09:00,109,42,42,31.155886204261297,3,100.0
2026-09-04 18:15:32+09:00,109,42,42,31.155886204261297,3,100.0
2026-09-04 18:20:32+09:00,109,42,42,30.60643565481075,3,100.0
2026-09-04 18:25:32+09:00,109,42,42,30.423285471660567,3,100.0
2026-09-04 18:30:32+09:00,109,42,42,30.423285471660567,3,100.0
2026-09-04 18:35:32+09:00,109,42,42,30.423285471660567,3,100.0
2026-09-04 18:40:35+09:00,109,42,42,30.240135288510384,3,100.0
2026-09-04 18:45:35+09:00,109,42,42,30.240135288510384,3,100.0
2026-09-04 18:50:33+09:00,109,42,42,30.423285471660567,3,100.0
2026-09-04 18:55:34+09:00,109,42,42,30.056985105360198,3,100.0
2026-09-04 19:00:34+09:00,109,42,42,30.056985105360198,3,100.0
2026-09-04 19:05:32+09:00,109,42,42,30.78958583796093,3,100.0
2026-09-04 19:10:33+09:00,109,42,42,30.18347731818335,3,100.0
2026-09-04 19:15:32+09:00,109,42,42,30.7329278676339,3,100.0
2026-09-04 19:20:32+09:00,109,42,42,30.36662750133353,3,100.0
2026-09-04 19:25:32+09:00,109,42,42,30.36662750133353,3,100.0
2026-09-04 19:30:32+09:00,109,42,42,30.000327135033164,3,100.0
2026-09-04 19:35:33+09:00,109,42,42,30.18347731818335,3,100.0
2026-09-04 19:40:35+09:00,109,42,42,30.36662750133353,3,100.0
2026-09-04 19:45:32+09:00,109,42,42,30.18347731818335,3,100.0
2026-09-04 19:50:33+09:00,109,42,42,29.57736879840576,3,100.0
2026-09-04 19:55:34+09:00,109,42,42,29.943669164706126,3,100.0
2026-09-04 20:00:32+09:00,109,42,42,29.464052857751692,3,100.0
2026-09-04 20:05:33+09:00,109,42,42,29.464052857751692,3,100.0
2026-09-04 20:10:32+09:00,109,42,42,29.464052857751692,3,100.0
2026-09-04 20:15:32+09:00,109,42,42,29.28090267460151,3,100.0
2026-09-04 20:20:33+09:00,109,42,42,29.28090267460151,3,100.0
2026-09-04 20:25:33+09:00,109,42,42,29.097752491451327,3,100.0
2026-09-04 20:30:33+09:00,109,42,42,29.28090267460151,3,100.0
2026-09-04 20:35:32+09:00,109,42,42,28.91460230830114,3,100.0
2026-09-04 20:40:32+09:00,109,42,42,45.3312719282702,4,100.0
2026-09-04 20:45:32+09:00,109,42,42,44.535515960100426,4,100.0
2026-09-04 20:50:32+09:00,109,42,42,44.16605783202161,4,100.0
2026-09-04 20:55:33+09:00,109,42,42,44.46920296275295,4,100.0
2026-09-04 21:00:33+09:00,109,42,42,44.60656560011559,4,100.0
2026-09-04 21:05:33+09:00,109,42,42,44.346050253393344,4,100.0
2026-09-04 21:10:34+09:00,109,42,42,44.22289754403374,4,100.0
2026-09-04 21:15:36+09:00,109,42,42,43.59292406923268,4,100.0
2026-09-04 21:20:34+09:00,109,42,42,43.550294285223586,4,100.0
2026-09-04 21:25:32+09:00,109,42,42,42.87769102641343,4,100.0
2026-09-04 21:30:32+09:00,109,42,42,42.35666033296894,4,100.0
2026-09-04 21:35:32+09:00,109,42,42,42.0961449862467,4,100.0
2026-09-04 21:40:32+09:00,109,42,42,42.35666033296894,4,100.0
2026-09-04 21:45:34+09:00,109,42,42,41.343018802086036,4,100.0
2026-09-04 21:50:33+09:00,109,42,42,41.08250345536379,4,100.0
2026-09-04 21:55:32+09:00,109,42,42,40.727255255288,4,100.0
2026-09-04 22:00:32+09:00,109,42,42,40.48094983656879,4,100.0
2026-09-04 22:05:32+09:00,109,42,42,39.94570921512127,4,100.0
2026-09-04 22:10:33+09:00,109,42,42,39.82255650576167,4,100.0
2026-09-04 22:15:33+09:00,109,42,42,39.57625108704245,4,100.0
2026-09-04 22:20:32+09:00,109,42,42,39.71361372440509,4,100.0
2026-09-04 22:25:33+09:00,109,42,42,39.60467094304852,4,100.0
2026-09-04 22:30:33+09:00,109,42,42,38.974697468247456,4,100.0
2026-09-04 22:35:32+09:00,109,42,42,38.72839204952824,4,100.0
2026-09-04 22:40:33+09:00,109,42,42,38.59102941216561,4,100.0
2026-09-04 22:45:33+09:00,109,42,42,37.946846009361515,4,100.0
2026-09-04 22:50:32+09:00,109,42,42,37.577387881282704,4,100.0
2026-09-04 22:55:32+09:00,109,42,42,37.08477704384428,4,100.0
2026-09-04 23:00:33+09:00,109,42,42,36.83847162512507,4,100.0
2026-09-04 23:05:32+09:00,109,42,42,32.20917014020463,4,100.0
2026-09-04 23:10:34+09:00,109,42,42,31.81129215611974,4,100.0
2026-09-04 23:15:36+09:00,109,42,42,31.427624100037896,4,100.0
2026-09-04 23:20:32+09:00,109,42,42,31.290261462675254,4,100.0
2026-09-04 23:25:32+09:00,109,42,42,31.043956043956044,4,100.0
2026-09-04 23:30:32+09:00,109,42,42,30.674497915877225,4,100.0
2026-09-04 23:35:32+09:00,109,42,42,30.66028798787419,4,100.0
2026-09-04 23:40:32+09:00,109,42,42,29.907161803713528,4,100.0
2026-09-04 23:45:32+09:00,109,42,42,29.50928381962865,4,100.0
2026-09-04 23:50:33+09:00,109,42,42,29.111405835543767,4,100.0
2026-09-04 23:55:32+09:00,109,42,42,28.865100416824554,4,100.0
2026-09-04 09:45:34+09:00,110,28,28,,0,100.0
2026-09-04 09:50:33+09:00,110,28,28,,0,100.0
2026-09-04 09:55:33+09:00,110,28,28,,0,100.0
2026-09-04 10:00:32+09:00,110,28,28,,0,100.0
2026-09-04 10:05:32+09:00,110,28,28,,0,100.0
2026-09-04 10:10:32+09:00,110,28,28,,0,100.0
2026-09-04 10:15:32+09:00,110,28,28,,0,100.0
2026-09-04 10:20:32+09:00,110,28,28,,0,100.0
2026-09-04 10:25:32+09:00,110,28,28,,0,100.0
2026-09-04 10:30:32+09:00,110,28,28,,0,100.0
2026-09-04 10:35:32+09:00,110,28,28,,0,100.0
2026-09-04 10:40:32+09:00,110,28,28,,0,100.0
2026-09-04 10:45:32+09:00,110,28,28,,0,100.0
2026-09-04 10:50:32+09:00,110,28,28,,0,100.0
2026-09-04 10:55:32+09:00,110,28,28,,0,100.0
2026-09-04 11:00:32+09:00,110,28,28,,0,100.0
2026-09-04 11:05:32+09:00,110,28,28,,0,100.0
2026-09-04 11:10:32+09:00,110,28,28,,0,100.0
2026-09-04 11:15:32+09:00,110,28,28,,0,100.0
2026-09-04 11:20:32+09:00,110,28,28,,0,100.0
2026-09-04 11:25:32+09:00,110,28,28,,0,100.0
2026-09-04 11:30:32+09:00,110,28,28,,0,100.0
2026-09-04 11:35:32+09:00,110,28,28,,0,100.0
2026-09-04 11:40:35+09:00,110,28,28,,0,100.0
2026-09-04 11:45:32+09:00,110,28,28,,0,100.0
2026-09-04 11:50:32+09:00,110,28,28,,0,100.0
2026-09-04 11:55:33+09:00,110,28,28,,0,100.0
2026-09-04 12:00:32+09:00,110,28,28,,0,100.0
2026-09-04 12:05:32+09:00,110,28,28,,0,100.0
2026-09-04 12:10:32+09:00,110,28,28,,0,100.0
2026-09-04 12:15:33+09:00,110,28,28,,0,100.0
2026-09-04 12:20:32+09:00,110,28,28,,0,100.0
2026-09-04 12:25:32+09:00,110,28,28,,0,100.0
2026-09-04 12:30:32+09:00,110,28,28,,0,100.0
2026-09-04 12:35:32+09:00,110,28,28,,0,100.0
2026-09-04 12:40:33+09:00,110,28,28,,0,100.0
2026-09-04 12:45:32+09:00,110,28,28,,0,100.0
2026-09-04 12:50:32+09:00,110,28,28,,0,100.0
2026-09-04 12:55:32+09:00,110,28,28,,0,100.0
2026-09-04 13:00:32+09:00,110,28,28,,0,100.0
2026-09-04 13:05:32+09:00,110,28,28,,0,100.0
2026-09-04 13:10:32+09:00,110,28,28,,0,100.0
2026-09-04 13:15:32+09:00,110,28,28,,0,100.0
2026-09-04 13:20:32+09:00,110,28,28,,0,100.0
2026-09-04 13:25:32+09:00,110,28,28,,0,100.0
2026-09-04 13:30:32+09:00,110,28,28,,0,100.0
2026-09-04 13:35:32+09:00,110,28,28,,0,100.0
2026-09-04 13:40:32+09:00,110,28,28,,0,100.0
2026-09-04 13:45:33+09:00,110,28,28,,0,100.0
2026-09-04 13:50:32+09:00,110,28,28,,0,100.0
2026-09-04 13:55:33+09:00,110,28,28,,0,100.0
2026-09-04 14:00:32+09:00,110,28,28,,0,100.0
2026-09-04 14:05:33+09:00,110,28,28,,0,100.0
2026-09-04 14:10:32+09:00,110,28,28,,0,100.0
2026-09-04 14:15:34+09:00,110,28,28,,0,100.0
2026-09-04 14:20:34+09:00,110,28,28,,0,100.0
2026-09-04 14:25:34+09:00,110,28,28,,0,100.0
2026-09-04 14:30:32+09:00,110,28,28,,0,100.0
2026-09-04 14:35:33+09:00,110,28,28,,0,100.0
2026-09-04 14:40:32+09:00,110,28,28,,0,100.0
2026-09-04 14:45:35+09:00,110,28,28,,0,100.0
2026-09-04 14:50:34+09:00,110,28,28,,0,100.0
2026-09-04 14:55:34+09:00,110,28,28,,0,100.0
2026-09-04 15:00:32+09:00,110,28,28,,0,100.0
2026-09-04 15:05:33+09:00,110,28,28,,0,100.0
2026-09-04 15:10:33+09:00,110,28,28,,0,100.0
2026-09-04 15:15:33+09:00,110,28,28,,0,100.0
2026-09-04 15:20:32+09:00,110,28,28,,0,100.0
2026-09-04 15:25:32+09:00,110,28,28,,0,100.0
2026-09-04 15:30:32+09:00,110,28,28,,0,100.0
2026-09-04 15:35:32+09:00,110,28,28,,0,100.0
2026-09-04 15:40:32+09:00,110,28,28,,0,100.0
2026-09-04 15:45:34+09:00,110,28,28,,0,100.0
2026-09-04 15:50:34+09:00,110,28,28,,0,100.0
2026-09-04 15:55:33+09:00,110,28,28,,0,100.0
2026-09-04 16:00:34+09:00,110,28,28,,0,100.0
2026-09-04 16:05:34+09:00,110,28,28,,0,100.0
2026-09-04 16:10:35+09:00,110,28,28,,0,100.0
2026-09-04 16:15:35+09:00,110,28,28,,0,100.0
2026-09-04 16:20:33+09:00,110,28,28,,0,100.0
2026-09-04 16:25:32+09:00,110,28,28,,0,100.0
2026-09-04 16:30:33+09:00,110,28,28,,0,100.0
2026-09-04 16:35:32+09:00,110,28,28,,0,100.0
2026-09-04 16:40:32+09:00,110,28,28,,0,100.0
2026-09-04 16:45:32+09:00,110,28,28,,0,100.0
2026-09-04 16:50:32+09:00,110,28,28,,0,100.0
2026-09-04 16:55:32+09:00,110,28,28,,0,100.0
2026-09-04 17:00:32+09:00,110,28,28,,0,100.0
2026-09-04 17:05:33+09:00,110,28,28,,0,100.0
2026-09-04 17:10:33+09:00,110,28,28,,0,100.0
2026-09-04 17:15:32+09:00,110,28,28,,0,100.0
2026-09-04 17:20:32+09:00,110,28,28,,0,100.0
2026-09-04 17:25:32+09:00,110,28,28,,0,100.0
2026-09-04 17:30:34+09:00,110,28,28,,0,100.0
2026-09-04 17:35:35+09:00,110,28,28,,0,100.0
2026-09-04 17:40:35+09:00,110,28,28,,0,100.0
2026-09-04 17:45:34+09:00,110,28,28,,0,100.0
2026-09-04 17:50:32+09:00,110,28,28,,0,100.0
2026-09-04 17:55:33+09:00,110,28,28,,0,100.0
2026-09-04 18:00:32+09:00,110,28,28,,0,100.0
2026-09-04 18:05:32+09:00,110,28,28,,0,100.0
2026-09-04 18:10:34+09:00,110,28,28,,0,100.0
2026-09-04 18:15:32+09:00,110,28,28,,0,100.0
2026-09-04 18:20:32+09:00,110,28,28,,0,100.0
2026-09-04 18:25:32+09:00,110,28,28,,0,100.0
2026-09-04 18:30:32+09:00,110,28,28,,0,100.0
2026-09-04 18:35:32+09:00,110,28,28,,0,100.0
2026-09-04 18:40:35+09:00,110,28,28,,0,100.0
2026-09-04 18:45:35+09:00,110,28,28,,0,100.0
2026-09-04 18:50:33+09:00,110,28,28,,0,100.0
2026-09-04 18:55:34+09:00,110,28,28,,0,100.0
2026-09-04 19:00:34+09:00,110,28,28,,0,100.0
2026-09-04 19:05:32+09:00,110,28,28,,0,100.0
2026-09-04 19:10:33+09:00,110,28,28,,0,100.0
2026-09-04 19:15:32+09:00,110,28,28,,0,100.0
2026-09-04 19:20:32+09:00,110,28,28,,0,100.0
2026-09-04 19:25:32+09:00,110,28,28,,0,100.0
2026-09-04 19:30:32+09:00,110,28,28,,0,100.0
2026-09-04 19:35:33+09:00,110,28,28,,0,100.0
2026-09-04 19:40:35+09:00,110,28,28,,0,100.0
2026-09-04 19:45:32+09:00,110,28,28,,0,100.0
2026-09-04 19:50:33+09:00,110,28,28,,0,100.0
2026-09-04 19:55:34+09:00,110,28,28,,0,100.0
2026-09-04 20:00:32+09:00,110,28,28,,0,100.0
2026-09-04 20:05:33+09:00,110,28,28,,0,100.0
2026-09-04 20:10:32+09:00,110,28,28,,0,100.0
2026-09-04 20:15:32+09:00,110,28,28,,0,100.0
2026-09-04 20:20:33+09:00,110,28,28,,0,100.0
2026-09-04 20:25:33+09:00,110,28,28,,0,100.0
2026-09-04 20:30:33+09:00,110,28,28,,0,100.0
2026-09-04 20:35:32+09:00,110,28,28,,0,100.0
2026-09-04 20:40:32+09:00,110,28,28,,0,100.0
2026-09-04 20:45:32+09:00,110,28,28,,0,100.0
2026-09-04 20:50:32+09:00,110,28,28,,0,100.0
2026-09-04 20:55:33+09:00,110,28,28,,0,100.0
2026-09-04 21:00:33+09:00,110,28,28,,0,100.0
2026-09-04 21:05:33+09:00,110,28,28,,0,100.0
2026-09-04 21:10:34+09:00,110,28,28,,0,100.0
2026-09-04 21:15:36+09:00,110,28,28,,0,100.0
2026-09-04 21:20:34+09:00,110,28,28,,0,100.0
2026-09-04 21:25:32+09:00,110,28,28,,0,100.0
2026-09-04 21:30:32+09:00,110,28,28,,0,100.0
2026-09-04 21:35:32+09:00,110,28,28,,0,100.0
2026-09-04 21:40:32+09:00,110,28,28,,0,100.0
2026-09-04 21:45:34+09:00,110,28,28,,0,100.0
2026-09-04 21:50:33+09:00,110,28,28,,0,100.0
2026-09-04 21:55:32+09:00,110,28,28,,0,100.0
2026-09-04 22:00:32+09:00,110,28,28,,0,100.0
2026-09-04 22:05:32+09:00,110,28,28,,0,100.0
2026-09-04 22:10:33+09:00,110,28,28,,0,100.0
2026-09-04 22:15:33+09:00,110,28,28,,0,100.0
2026-09-04 22:20:32+09:00,110,28,28,,0,100.0
2026-09-04 22:25:33+09:00,110,28,28,,0,100.0
2026-09-04 22:30:33+09:00,110,28,28,,0,100.0
2026-09-04 22:35:32+09:00,110,28,28,,0,100.0
2026-09-04 22:40:33+09:00,110,28,28,,0,100.0
2026-09-04 22:45:33+09:00,110,28,28,,0,100.0
2026-09-04 22:50:32+09:00,110,28,28,,0,100.0
2026-09-04 22:55:32+09:00,110,28,28,,0,100.0
2026-09-04 23:00:33+09:00,110,28,28,,0,100.0
2026-09-04 23:05:32+09:00,110,28,28,,0,100.0
2026-09-04 23:10:34+09:00,110,28,28,,0,100.0
2026-09-04 23:15:36+09:00,110,28,28,,0,100.0
2026-09-04 23:20:32+09:00,110,28,28,,0,100.0
2026-09-04 23:25:32+09:00,110,28,28,,0,100.0
2026-09-04 23:30:32+09:00,110,28,28,,0,100.0
2026-09-04 23:35:32+09:00,110,28,28,,0,100.0
2026-09-04 23:40:32+09:00,110,28,28,,0,100.0
2026-09-04 23:45:32+09:00,110,28,28,,0,100.0
2026-09-04 23:50:33+09:00,110,28,28,,0,100.0
2026-09-04 23:55:32+09:00,110,28,28,,0,100.0
2026-09-04 09:45:34+09:00,111,12,1,0.0,4,8.333333333333332
2026-09-04 09:50:33+09:00,111,12,1,0.0,4,8.333333333333332
2026-09-04 09:55:33+09:00,111,12,1,0.0,4,8.333333333333332
2026-09-04 10:00:32+09:00,111,12,1,,0,8.333333333333332
2026-09-04 10:05:32+09:00,111,12,1,,0,8.333333333333332
2026-09-04 10:10:32+09:00,111,12,1,,0,8.333333333333332
2026-09-04 10:15:32+09:00,111,12,1,,0,8.333333333333332
2026-09-04 10:20:32+09:00,111,12,1,,0,8.333333333333332
2026-09-04 10:25:32+09:00,111,12,1,,0,8.333333333333332
2026-09-04 10:30:32+09:00,111,12,1,,0,8.333333333333332
2026-09-04 10:35:32+09:00,111,12,1,,0,8.333333333333332
2026-09-04 10:40:32+09:00,111,12,1,,0,8.333333333333332
2026-09-04 10:45:32+09:00,111,12,1,,0,8.333333333333332
2026-09-04 10:50:32+09:00,111,12,1,,0,8.333333333333332
2026-09-04 10:55:32+09:00,111,12,1,,0,8.333333333333332
2026-09-04 11:00:32+09:00,111,12,1,,0,8.333333333333332
2026-09-04 11:05:32+09:00,111,12,1,,0,8.333333333333332
2026-09-04 11:10:32+09:00,111,12,1,,0,8.333333333333332
2026-09-04 11:15:32+09:00,111,12,1,,0,8.333333333333332
2026-09-04 11:20:32+09:00,111,12,1,,0,8.333333333333332
2026-09-04 11:25:32+09:00,111,12,1,,0,8.333333333333332
2026-09-04 11:30:32+09:00,111,12,1,,0,8.333333333333332
2026-09-04 11:35:32+09:00,111,12,1,,0,8.333333333333332
2026-09-04 11:40:35+09:00,111,12,1,,0,8.333333333333332
2026-09-04 11:45:32+09:00,111,12,1,,0,8.333333333333332
2026-09-04 11:50:32+09:00,111,12,1,,0,8.333333333333332
2026-09-04 11:55:33+09:00,111,12,1,,0,8.333333333333332
2026-09-04 12:00:32+09:00,111,12,1,,0,8.333333333333332
2026-09-04 12:05:32+09:00,111,12,1,,0,8.333333333333332
2026-09-04 12:10:32+09:00,111,12,1,,0,8.333333333333332
2026-09-04 12:15:33+09:00,111,12,1,,0,8.333333333333332
2026-09-04 12:20:32+09:00,111,12,1,,0,8.333333333333332
2026-09-04 12:25:32+09:00,111,12,1,,0,8.333333333333332
2026-09-04 12:30:32+09:00,111,12,1,,0,8.333333333333332
2026-09-04 12:35:32+09:00,111,12,1,,0,8.333333333333332
2026-09-04 12:40:33+09:00,111,12,1,,0,8.333333333333332
2026-09-04 12:45:32+09:00,111,12,1,,0,8.333333333333332
2026-09-04 12:50:32+09:00,111,12,1,,0,8.333333333333332
2026-09-04 12:55:32+09:00,111,12,1,,0,8.333333333333332
2026-09-04 13:00:32+09:00,111,12,1,,0,8.333333333333332
2026-09-04 13:05:32+09:00,111,12,1,,0,8.333333333333332
2026-09-04 13:10:32+09:00,111,12,1,,0,8.333333333333332
2026-09-04 13:15:32+09:00,111,12,1,,0,8.333333333333332
2026-09-04 13:20:32+09:00,111,12,1,,0,8.333333333333332
2026-09-04 13:25:32+09:00,111,12,1,,0,8.333333333333332
2026-09-04 13:30:32+09:00,111,12,1,,0,8.333333333333332
2026-09-04 13:35:32+09:00,111,12,1,,0,8.333333333333332
2026-09-04 13:40:32+09:00,111,12,1,,0,8.333333333333332
2026-09-04 13:45:33+09:00,111,12,1,,0,8.333333333333332
2026-09-04 13:50:32+09:00,111,12,1,,0,8.333333333333332
2026-09-04 13:55:33+09:00,111,12,1,,0,8.333333333333332
2026-09-04 14:00:32+09:00,111,12,1,,0,8.333333333333332
2026-09-04 14:05:33+09:00,111,12,1,82.1074879227053,4,8.333333333333332
2026-09-04 14:10:32+09:00,111,12,1,82.2463768115942,4,8.333333333333332
2026-09-04 14:15:34+09:00,111,12,1,88.6352657004831,4,8.333333333333332
2026-09-04 14:20:34+09:00,111,12,1,91.69082125603865,4,8.333333333333332
2026-09-04 14:25:34+09:00,111,12,1,91.41304347826087,4,8.333333333333332
2026-09-04 14:30:32+09:00,111,12,1,91.41304347826087,4,8.333333333333332
2026-09-04 14:35:33+09:00,111,12,1,86.96859903381643,4,8.333333333333332
2026-09-04 14:40:32+09:00,111,12,1,89.7463768115942,4,8.333333333333332
2026-09-04 14:45:35+09:00,111,12,1,91.82971014492753,4,8.333333333333332
2026-09-04 14:50:34+09:00,111,12,1,90.44082125603865,4,8.333333333333332
2026-09-04 14:55:34+09:00,111,12,1,88.35748792270532,4,8.333333333333332
2026-09-04 15:00:32+09:00,111,12,1,88.35748792270532,4,8.333333333333332
2026-09-04 15:05:33+09:00,111,12,1,88.35748792270532,4,8.333333333333332
2026-09-04 15:10:33+09:00,111,12,1,94.05193236714976,4,8.333333333333332
2026-09-04 15:15:33+09:00,111,12,1,95.7427536231884,4,8.333333333333332
2026-09-04 15:20:32+09:00,111,12,1,94.05193236714976,4,8.333333333333332
2026-09-04 15:25:32+09:00,111,12,1,95.77294685990337,3,8.333333333333332
2026-09-04 15:30:32+09:00,111,12,1,93.92109500805152,3,8.333333333333332
2026-09-04 15:35:32+09:00,111,12,1,92.9951690821256,3,8.333333333333332
2026-09-04 15:40:32+09:00,111,12,1,92.9951690821256,3,8.333333333333332
2026-09-04 15:45:34+09:00,111,12,1,92.9951690821256,3,8.333333333333332
2026-09-04 15:50:34+09:00,111,12,1,89.69404186795491,3,8.333333333333332
2026-09-04 15:55:33+09:00,111,12,1,89.573268921095,3,8.333333333333332
2026-09-04 16:00:34+09:00,111,12,1,89.573268921095,3,8.333333333333332
2026-09-04 16:05:34+09:00,111,12,1,89.573268921095,3,8.333333333333332
2026-09-04 16:10:35+09:00,111,12,1,86.79549114331724,3,8.333333333333332
2026-09-04 16:15:35+09:00,111,12,1,91.02254428341384,3,8.333333333333332
2026-09-04 16:20:33+09:00,111,12,1,91.29830917874395,4,8.333333333333332
2026-09-04 16:25:32+09:00,111,12,1,90.7427536231884,4,8.333333333333332
2026-09-04 16:30:33+09:00,111,12,1,87.68719806763285,4,8.333333333333332
2026-09-04 16:35:32+09:00,111,12,1,83.52053140096618,4,8.333333333333332
2026-09-04 16:40:32+09:00,111,12,1,79.26328502415458,4,8.333333333333332
2026-09-04 16:45:32+09:00,111,12,1,88.31521739130434,4,8.333333333333332
2026-09-04 16:50:32+09:00,111,12,1,90.39855072463769,4,8.333333333333332
2026-09-04 16:55:32+09:00,111,12,1,90.30797101449275,4,8.333333333333332
2026-09-04 17:00:32+09:00,111,12,1,91.02254428341384,3,8.333333333333332
2026-09-04 17:05:33+09:00,111,12,1,87.31884057971014,3,8.333333333333332
2026-09-04 17:10:33+09:00,111,12,1,94.32367149758454,3,8.333333333333332
2026-09-04 17:15:32+09:00,111,12,1,94.32367149758454,3,8.333333333333332
2026-09-04 17:20:32+09:00,111,12,1,94.35386473429952,4,8.333333333333332
2026-09-04 17:25:32+09:00,111,12,1,91.48550724637681,4,8.333333333333332
2026-09-04 17:30:34+09:00,111,12,1,91.18357487922705,4,8.333333333333332
2026-09-04 17:35:35+09:00,111,12,1,94.65579710144928,4,8.333333333333332
2026-09-04 17:40:35+09:00,111,12,1,92.87439613526571,3,8.333333333333332
2026-09-04 17:45:34+09:00,111,12,1,94.35386473429952,4,8.333333333333332
2026-09-04 17:50:32+09:00,111,12,1,94.35386473429952,4,8.333333333333332
2026-09-04 17:55:33+09:00,111,12,1,94.65579710144928,4,8.333333333333332
2026-09-04 18:00:32+09:00,111,12,1,93.56884057971014,4,8.333333333333332
2026-09-04 18:05:32+09:00,111,12,1,90.81521739130434,4,8.333333333333332
2026-09-04 18:10:34+09:00,111,12,1,83.59299516908213,4,8.333333333333332
2026-09-04 18:15:32+09:00,111,12,1,80.53743961352657,4,8.333333333333332
2026-09-04 18:20:32+09:00,111,12,1,81.95048309178743,4,8.333333333333332
2026-09-04 18:25:32+09:00,111,12,1,78.38768115942028,4,8.333333333333332
2026-09-04 18:30:32+09:00,111,12,1,79.77657004830917,4,8.333333333333332
2026-09-04 18:35:32+09:00,111,12,1,71.14130434782608,4,8.333333333333332
2026-09-04 18:40:35+09:00,111,12,1,74.1304347826087,4,8.333333333333332
2026-09-04 18:45:35+09:00,111,12,1,80.10265700483092,4,8.333333333333332
2026-09-04 18:50:33+09:00,111,12,1,82.18599033816426,4,8.333333333333332
2026-09-04 18:55:34+09:00,111,12,1,81.18961352657004,4,8.333333333333332
2026-09-04 19:00:34+09:00,111,12,1,83.27294685990339,4,8.333333333333332
2026-09-04 19:05:32+09:00,111,12,1,82.99516908212561,4,8.333333333333332
2026-09-04 19:10:33+09:00,111,12,1,85.16908212560386,4,8.333333333333332
2026-09-04 19:15:32+09:00,111,12,1,79.24516908212561,4,8.333333333333332
2026-09-04 19:20:32+09:00,111,12,1,79.35990338164251,4,8.333333333333332
2026-09-04 19:25:32+09:00,111,12,1,69.15458937198068,4,8.333333333333332
2026-09-04 19:30:32+09:00,111,12,1,72.99516908212561,4,8.333333333333332
2026-09-04 19:35:33+09:00,111,12,1,73.50241545893721,4,8.333333333333332
2026-09-04 19:40:35+09:00,111,12,1,68.6413043478261,4,8.333333333333332
2026-09-04 19:45:32+09:00,111,12,1,67.55434782608697,4,8.333333333333332
2026-09-04 19:50:33+09:00,111,12,1,66.55797101449275,4,8.333333333333332
2026-09-04 19:55:34+09:00,111,12,1,59.3840579710145,4,8.333333333333332
2026-09-04 20:00:32+09:00,111,12,1,54.522946859903385,4,8.333333333333332
2026-09-04 20:05:33+09:00,111,12,1,47.880434782608695,4,8.333333333333332
2026-09-04 20:10:32+09:00,111,12,1,48.66545893719807,4,8.333333333333332
2026-09-04 20:15:32+09:00,111,12,1,47.57850241545894,4,8.333333333333332
2026-09-04 20:20:33+09:00,111,12,1,47.57850241545894,4,8.333333333333332
2026-09-04 20:25:33+09:00,111,12,1,45.40458937198068,4,8.333333333333332
2026-09-04 20:30:33+09:00,111,12,1,42.23429951690821,4,8.333333333333332
2026-09-04 20:35:32+09:00,111,12,1,38.369565217391305,4,8.333333333333332
2026-09-04 20:40:32+09:00,111,12,1,38.369565217391305,4,8.333333333333332
2026-09-04 20:45:32+09:00,111,12,1,25.47705314009662,4,8.333333333333332
2026-09-04 20:50:32+09:00,111,12,1,17.566425120772948,4,8.333333333333332
2026-09-04 20:55:33+09:00,111,12,1,17.566425120772948,4,8.333333333333332
2026-09-04 21:00:33+09:00,111,12,1,12.31280193236715,4,8.333333333333332
2026-09-04 21:05:33+09:00,111,12,1,12.31280193236715,4,8.333333333333332
2026-09-04 21:10:34+09:00,111,12,1,12.31280193236715,4,8.333333333333332
2026-09-04 21:15:36+09:00,111,12,1,12.31280193236715,4,8.333333333333332
2026-09-04 21:20:34+09:00,111,12,1,12.31280193236715,4,8.333333333333332
2026-09-04 21:25:32+09:00,111,12,1,12.31280193236715,4,8.333333333333332
2026-09-04 21:30:32+09:00,111,12,1,12.31280193236715,4,8.333333333333332
2026-09-04 21:35:32+09:00,111,12,1,12.31280193236715,4,8.333333333333332
2026-09-04 21:40:32+09:00,111,12,1,12.31280193236715,4,8.333333333333332
2026-09-04 21:45:34+09:00,111,12,1,12.31280193236715,4,8.333333333333332
2026-09-04 21:50:33+09:00,111,12,1,12.31280193236715,4,8.333333333333332
2026-09-04 21:55:32+09:00,111,12,1,12.31280193236715,4,8.333333333333332
2026-09-04 22:00:32+09:00,111,12,1,12.31280193236715,4,8.333333333333332
2026-09-04 22:05:32+09:00,111,12,1,12.31280193236715,4,8.333333333333332
2026-09-04 22:10:33+09:00,111,12,1,12.31280193236715,4,8.333333333333332
2026-09-04 22:15:33+09:00,111,12,1,12.31280193236715,4,8.333333333333332
2026-09-04 22:20:32+09:00,111,12,1,12.31280193236715,4,8.333333333333332
2026-09-04 22:25:33+09:00,111,12,1,12.31280193236715,4,8.333333333333332
2026-09-04 22:30:33+09:00,111,12,1,12.31280193236715,4,8.333333333333332
2026-09-04 22:35:32+09:00,111,12,1,12.31280193236715,4,8.333333333333332
2026-09-04 22:40:33+09:00,111,12,1,12.31280193236715,4,8.333333333333332
2026-09-04 22:45:33+09:00,111,12,1,12.31280193236715,4,8.333333333333332
2026-09-04 22:50:32+09:00,111,12,1,12.31280193236715,4,8.333333333333332
2026-09-04 22:55:32+09:00,111,12,1,12.31280193236715,4,8.333333333333332
2026-09-04 23:00:33+09:00,111,12,1,12.31280193236715,4,8.333333333333332
2026-09-04 23:05:32+09:00,111,12,1,0.0,4,8.333333333333332
2026-09-04 23:10:34+09:00,111,12,1,0.0,4,8.333333333333332
2026-09-04 23:15:36+09:00,111,12,1,0.0,4,8.333333333333332
2026-09-04 23:20:32+09:00,111,12,1,0.0,4,8.333333333333332
2026-09-04 23:25:32+09:00,111,12,1,0.0,4,8.333333333333332
2026-09-04 23:30:32+09:00,111,12,1,0.0,4,8.333333333333332
2026-09-04 23:35:32+09:00,111,12,1,0.0,4,8.333333333333332
2026-09-04 23:40:32+09:00,111,12,1,0.0,4,8.333333333333332
2026-09-04 23:45:32+09:00,111,12,1,0.0,4,8.333333333333332
2026-09-04 23:50:33+09:00,111,12,1,0.0,4,8.333333333333332
2026-09-04 23:55:32+09:00,111,12,1,0.0,4,8.333333333333332
2026-09-04 09:45:34+09:00,112,75,46,30.421002635797493,6,61.33333333333333
2026-09-04 09:50:33+09:00,112,75,45,30.421002635797493,6,60.0
2026-09-04 09:55:33+09:00,112,75,43,30.421002635797493,6,57.333333333333336
2026-09-04 10:00:32+09:00,112,75,42,,0,56.00000000000001
2026-09-04 10:05:32+09:00,112,75,42,,0,56.00000000000001
2026-09-04 10:10:32+09:00,112,75,44,,0,58.666666666666664
2026-09-04 10:15:32+09:00,112,75,42,,0,56.00000000000001
2026-09-04 10:20:32+09:00,112,75,40,,0,53.333333333333336
2026-09-04 10:25:32+09:00,112,75,39,,0,52.0
2026-09-04 10:30:32+09:00,112,75,36,,0,48.0
2026-09-04 10:35:32+09:00,112,75,34,,0,45.33333333333333
2026-09-04 10:40:32+09:00,112,75,33,,0,44.0
2026-09-04 10:45:32+09:00,112,75,30,,0,40.0
2026-09-04 10:50:32+09:00,112,75,27,,0,36.0
2026-09-04 10:55:32+09:00,112,75,28,,0,37.333333333333336
2026-09-04 11:00:32+09:00,112,75,26,,0,34.66666666666667
2026-09-04 11:05:32+09:00,112,75,25,,0,33.33333333333333
2026-09-04 11:10:32+09:00,112,75,21,,0,28.000000000000004
2026-09-04 11:15:32+09:00,112,75,18,,0,24.0
2026-09-04 11:20:32+09:00,112,75,18,,0,24.0
2026-09-04 11:25:32+09:00,112,75,16,,0,21.333333333333336
2026-09-04 11:30:32+09:00,112,75,10,,0,13.333333333333334
2026-09-04 11:35:32+09:00,112,75,6,,0,8.0
2026-09-04 11:40:35+09:00,112,75,4,,0,5.333333333333334
2026-09-04 11:45:32+09:00,112,75,3,,0,4.0
2026-09-04 11:50:32+09:00,112,75,2,,0,2.666666666666667
2026-09-04 11:55:33+09:00,112,75,5,,0,6.666666666666667
2026-09-04 12:00:32+09:00,112,75,3,,0,4.0
2026-09-04 12:05:32+09:00,112,75,4,,0,5.333333333333334
2026-09-04 12:10:32+09:00,112,75,4,,0,5.333333333333334
2026-09-04 12:15:33+09:00,112,75,4,,0,5.333333333333334
2026-09-04 12:20:32+09:00,112,75,10,,0,13.333333333333334
2026-09-04 12:25:32+09:00,112,75,13,,0,17.333333333333336
2026-09-04 12:30:32+09:00,112,75,14,,0,18.666666666666668
2026-09-04 12:35:32+09:00,112,75,18,,0,24.0
2026-09-04 12:40:33+09:00,112,75,18,,0,24.0
2026-09-04 12:45:32+09:00,112,75,14,,0,18.666666666666668
2026-09-04 12:50:32+09:00,112,75,11,,0,14.666666666666666
2026-09-04 12:55:32+09:00,112,75,13,,0,17.333333333333336
2026-09-04 13:00:32+09:00,112,75,15,,0,20.0
2026-09-04 13:05:32+09:00,112,75,16,,0,21.333333333333336
2026-09-04 13:10:32+09:00,112,75,14,,0,18.666666666666668
2026-09-04 13:15:32+09:00,112,75,14,,0,18.666666666666668
2026-09-04 13:20:32+09:00,112,75,15,,0,20.0
2026-09-04 13:25:32+09:00,112,75,15,,0,20.0
2026-09-04 13:30:32+09:00,112,75,14,,0,18.666666666666668
2026-09-04 13:35:32+09:00,112,75,15,,0,20.0
2026-09-04 13:40:32+09:00,112,75,8,,0,10.666666666666668
2026-09-04 13:45:33+09:00,112,75,9,,0,12.0
2026-09-04 13:50:32+09:00,112,75,5,,0,6.666666666666667
2026-09-04 13:55:33+09:00,112,75,1,,0,1.3333333333333335
2026-09-04 14:00:32+09:00,112,75,3,,0,4.0
2026-09-04 14:05:33+09:00,112,75,4,60.45934192177968,5,5.333333333333334
2026-09-04 14:10:32+09:00,112,75,1,60.30030951063642,5,1.3333333333333335
2026-09-04 14:15:34+09:00,112,75,4,61.25420328711084,5,5.333333333333334
2026-09-04 14:20:34+09:00,112,75,4,60.891346531636636,5,5.333333333333334
2026-09-04 14:25:34+09:00,112,75,8,63.713927176797924,5,10.666666666666668
2026-09-04 14:30:32+09:00,112,75,13,63.78018293638557,5,17.333333333333336
2026-09-04 14:35:33+09:00,112,75,12,63.00097387237461,5,16.0
2026-09-04 14:40:32+09:00,112,75,3,62.93318185827387,5,4.0
2026-09-04 14:45:35+09:00,112,75,3,62.74500981526312,5,4.0
2026-09-04 14:50:34+09:00,112,75,0,62.96069776206169,5,0.0
2026-09-04 14:55:34+09:00,112,75,0,60.62135390128462,5,0.0
2026-09-04 15:00:32+09:00,112,75,0,61.32063946092957,5,0.0
2026-09-04 15:05:33+09:00,112,75,3,61.34724782646411,5,4.0
2026-09-04 15:10:33+09:00,112,75,8,60.93044721589861,5,10.666666666666668
2026-09-04 15:15:33+09:00,112,75,6,59.58482493988015,5,8.0
2026-09-04 15:20:32+09:00,112,75,7,58.46936748592951,5,9.333333333333334
2026-09-04 15:25:32+09:00,112,75,8,58.85974014519154,5,10.666666666666668
2026-09-04 15:30:32+09:00,112,75,10,59.51856918029249,5,13.333333333333334
2026-09-04 15:35:32+09:00,112,75,14,57.6373899928782,5,18.666666666666668
2026-09-04 15:40:32+09:00,112,75,10,60.21767432570637,5,13.333333333333334
2026-09-04 15:45:34+09:00,112,75,11,62.38124552153563,5,14.666666666666666
2026-09-04 15:50:34+09:00,112,75,13,68.3076998647063,6,17.333333333333336
2026-09-04 15:55:33+09:00,112,75,15,66.87272789633965,6,20.0
2026-09-04 16:00:34+09:00,112,75,17,64.36398741582526,6,22.666666666666664
2026-09-04 16:05:34+09:00,112,75,17,66.0410019461541,6,22.666666666666664
2026-09-04 16:10:35+09:00,112,75,19,64.77158713544692,6,25.333333333333336
2026-09-04 16:15:35+09:00,112,75,18,63.7469265954469,6,24.0
2026-09-04 16:20:33+09:00,112,75,16,62.12232904054801,6,21.333333333333336
2026-09-04 16:25:32+09:00,112,75,17,64.97635963612629,6,22.666666666666664
2026-09-04 16:30:33+09:00,112,75,14,63.363757100704966,6,18.666666666666668
2026-09-04 16:35:32+09:00,112,75,17,63.28893169332219,6,22.666666666666664
2026-09-04 16:40:32+09:00,112,75,14,64.07464431179976,6,18.666666666666668
2026-09-04 16:45:32+09:00,112,75,8,65.18920498321377,6,10.666666666666668
2026-09-04 16:50:32+09:00,112,75,7,64.01377296731276,6,9.333333333333334
2026-09-04 16:55:32+09:00,112,75,6,66.40416923654712,6,8.0
2026-09-04 17:00:32+09:00,112,75,6,65.31992071102343,6,8.0
2026-09-04 17:05:33+09:00,112,75,5,64.42009468234536,6,6.666666666666667
2026-09-04 17:10:33+09:00,112,75,3,62.1579977681866,6,4.0
2026-09-04 17:15:32+09:00,112,75,2,59.79822997563668,6,2.666666666666667
2026-09-04 17:20:32+09:00,112,75,4,58.49909646218446,6,5.333333333333334
2026-09-04 17:25:32+09:00,112,75,9,58.901573689542325,6,12.0
2026-09-04 17:30:34+09:00,112,75,11,60.313847385224086,6,14.666666666666666
2026-09-04 17:35:35+09:00,112,75,10,59.30539772989513,6,13.333333333333334
2026-09-04 17:40:35+09:00,112,75,10,60.10378034778223,6,13.333333333333334
2026-09-04 17:45:34+09:00,112,75,7,60.752512855426716,6,9.333333333333334
2026-09-04 17:50:32+09:00,112,75,9,63.243376160611966,6,12.0
2026-09-04 17:55:33+09:00,112,75,10,64.50359210940134,6,13.333333333333334
2026-09-04 18:00:32+09:00,112,75,6,61.950726888304494,6,8.0
2026-09-04 18:05:32+09:00,112,75,7,61.27129686072875,6,9.333333333333334
2026-09-04 18:10:34+09:00,112,75,6,62.837283039785,6,8.0
2026-09-04 18:15:32+09:00,112,75,10,62.560242643883235,6,13.333333333333334
2026-09-04 18:20:32+09:00,112,75,8,62.65248719275639,6,10.666666666666668
2026-09-04 18:25:32+09:00,112,75,7,63.59093253805833,6,9.333333333333334
2026-09-04 18:30:32+09:00,112,75,6,63.133245324579825,6,8.0
2026-09-04 18:35:32+09:00,112,75,3,64.18641025160842,6,4.0
2026-09-04 18:40:35+09:00,112,75,0,65.39314887099493,6,0.0
2026-09-04 18:45:35+09:00,112,75,0,66.61097273591965,6,0.0
2026-09-04 18:50:33+09:00,112,75,0,66.92580397645165,6,0.0
2026-09-04 18:55:34+09:00,112,75,0,64.98917180826245,6,0.0
2026-09-04 19:00:34+09:00,112,75,0,65.02778797801727,6,0.0
2026-09-04 19:05:32+09:00,112,75,0,63.92325219816852,6,0.0
2026-09-04 19:10:33+09:00,112,75,0,63.55245201245102,6,0.0
2026-09-04 19:15:32+09:00,112,75,0,64.11354097561578,6,0.0
2026-09-04 19:20:32+09:00,112,75,0,63.03352010430256,6,0.0
2026-09-04 19:25:32+09:00,112,75,0,61.46021186543711,6,0.0
2026-09-04 19:30:32+09:00,112,75,0,58.94084102635421,6,0.0
2026-09-04 19:35:33+09:00,112,75,0,60.79020079274147,6,0.0
2026-09-04 19:40:35+09:00,112,75,0,59.293601198010116,6,0.0
2026-09-04 19:45:32+09:00,112,75,0,58.152557932494425,6,0.0
2026-09-04 19:50:33+09:00,112,75,0,57.685973252006164,6,0.0
2026-09-04 19:55:34+09:00,112,75,0,57.65421467357908,6,0.0
2026-09-04 20:00:32+09:00,112,75,0,57.23273355085945,6,0.0
2026-09-04 20:05:33+09:00,112,75,0,56.016039552836425,6,0.0
2026-09-04 20:10:32+09:00,112,75,0,54.472748499596,6,0.0
2026-09-04 20:15:32+09:00,112,75,0,52.80063951543772,6,0.0
2026-09-04 20:20:33+09:00,112,75,0,52.04961727709451,6,0.0
2026-09-04 20:25:33+09:00,112,75,0,51.04743491681706,6,0.0
2026-09-04 20:30:33+09:00,112,75,0,50.55603393288522,6,0.0
2026-09-04 20:35:32+09:00,112,75,0,49.08802317399725,6,0.0
2026-09-04 20:40:32+09:00,112,75,0,47.449019581260984,6,0.0
2026-09-04 20:45:32+09:00,112,75,0,48.06358563898763,6,0.0
2026-09-04 20:50:32+09:00,112,75,0,44.94133992440144,6,0.0
2026-09-04 20:55:33+09:00,112,75,0,43.444589984477524,6,0.0
2026-09-04 21:00:33+09:00,112,75,0,41.50622201270149,6,0.0
2026-09-04 21:05:33+09:00,112,75,0,41.028247544897916,6,0.0
2026-09-04 21:10:34+09:00,112,75,0,39.280858266387185,6,0.0
2026-09-04 21:15:36+09:00,112,75,0,38.57487368943487,6,0.0
2026-09-04 21:20:34+09:00,112,75,0,37.842638400360165,6,0.0
2026-09-04 21:25:32+09:00,112,75,0,37.586036308498954,6,0.0
2026-09-04 21:30:32+09:00,112,75,0,35.57299712592471,6,0.0
2026-09-04 21:35:32+09:00,112,75,0,33.70349180825705,6,0.0
2026-09-04 21:40:32+09:00,112,75,0,39.00958738094906,5,0.0
2026-09-04 21:45:34+09:00,112,75,2,38.25716794213122,5,2.666666666666667
2026-09-04 21:50:33+09:00,112,75,0,36.63439688640395,5,0.0
2026-09-04 21:55:32+09:00,112,75,2,36.42821131939364,5,2.666666666666667
2026-09-04 22:00:32+09:00,112,75,7,36.62606615642373,5,9.333333333333334
2026-09-04 22:05:32+09:00,112,75,8,35.29835606582704,5,10.666666666666668
2026-09-04 22:10:33+09:00,112,75,13,34.78705751329137,5,17.333333333333336
2026-09-04 22:15:33+09:00,112,75,14,34.073738758735516,5,18.666666666666668
2026-09-04 22:20:32+09:00,112,75,14,32.42644173815958,5,18.666666666666668
2026-09-04 22:25:33+09:00,112,75,18,32.05353673853349,5,24.0
2026-09-04 22:30:33+09:00,112,75,19,31.506937416593406,5,25.333333333333336
2026-09-04 22:35:32+09:00,112,75,24,31.098731647562897,5,32.0
2026-09-04 22:40:33+09:00,112,75,23,30.187558055976933,5,30.666666666666664
2026-09-04 22:45:33+09:00,112,75,23,30.29065083948209,5,30.666666666666664
2026-09-04 22:50:32+09:00,112,75,23,29.50673054611739,5,30.666666666666664
2026-09-04 22:55:32+09:00,112,75,27,29.335845748511495,5,36.0
2026-09-04 23:00:33+09:00,112,75,27,29.434773167026542,5,36.0
2026-09-04 23:05:32+09:00,112,75,27,24.454456773583136,6,36.0
2026-09-04 23:10:34+09:00,112,75,27,23.75163879234545,6,36.0
2026-09-04 23:15:36+09:00,112,75,25,23.239646012311436,6,33.33333333333333
2026-09-04 23:20:32+09:00,112,75,26,22.985385191040304,6,34.66666666666667
2026-09-04 23:25:32+09:00,112,75,26,22.648684854339965,6,34.66666666666667
2026-09-04 23:30:32+09:00,112,75,25,22.45438851564454,6,33.33333333333333
2026-09-04 23:35:32+09:00,112,75,25,22.088270871107195,6,33.33333333333333
2026-09-04 23:40:32+09:00,112,75,27,22.31198451763963,6,36.0
2026-09-04 23:45:32+09:00,112,75,31,22.31198451763963,6,41.333333333333336
2026-09-04 23:50:33+09:00,112,75,33,22.16958051963472,6,44.0
2026-09-04 23:55:32+09:00,112,75,31,21.9447370062006,6,41.333333333333336
2026-09-04 09:45:34+09:00,121,64,16,58.1989247311828,2,25.0
2026-09-04 09:50:33+09:00,121,64,16,58.1989247311828,2,25.0
2026-09-04 09:55:33+09:00,121,64,16,58.1989247311828,2,25.0
2026-09-04 10:00:32+09:00,121,64,16,,0,25.0
2026-09-04 10:05:32+09:00,121,64,16,,0,25.0
2026-09-04 10:10:32+09:00,121,64,16,,0,25.0
2026-09-04 10:15:32+09:00,121,64,16,,0,25.0
2026-09-04 10:20:32+09:00,121,64,16,,0,25.0
2026-09-04 10:25:32+09:00,121,64,15,,0,23.4375
2026-09-04 10:30:32+09:00,121,64,15,,0,23.4375
2026-09-04 10:35:32+09:00,121,64,16,,0,25.0
2026-09-04 10:40:32+09:00,121,64,17,,0,26.5625
2026-09-04 10:45:32+09:00,121,64,18,,0,28.125
2026-09-04 10:50:32+09:00,121,64,18,,0,28.125
2026-09-04 10:55:32+09:00,121,64,18,,0,28.125
2026-09-04 11:00:32+09:00,121,64,18,,0,28.125
2026-09-04 11:05:32+09:00,121,64,19,,0,29.6875
2026-09-04 11:10:32+09:00,121,64,19,,0,29.6875
2026-09-04 11:15:32+09:00,121,64,19,,0,29.6875
2026-09-04 11:20:32+09:00,121,64,19,,0,29.6875
2026-09-04 11:25:32+09:00,121,64,19,,0,29.6875
2026-09-04 11:30:32+09:00,121,64,18,,0,28.125
2026-09-04 11:35:32+09:00,121,64,17,,0,26.5625
2026-09-04 11:40:35+09:00,121,64,17,,0,26.5625
2026-09-04 11:45:32+09:00,121,64,17,,0,26.5625
2026-09-04 11:50:32+09:00,121,64,17,,0,26.5625
2026-09-04 11:55:33+09:00,121,64,18,,0,28.125
2026-09-04 12:00:32+09:00,121,64,18,,0,28.125
2026-09-04 12:05:32+09:00,121,64,19,,0,29.6875
2026-09-04 12:10:32+09:00,121,64,19,,0,29.6875
2026-09-04 12:15:33+09:00,121,64,19,,0,29.6875
2026-09-04 12:20:32+09:00,121,64,19,,0,29.6875
2026-09-04 12:25:32+09:00,121,64,20,,0,31.25
2026-09-04 12:30:32+09:00,121,64,20,,0,31.25
2026-09-04 12:35:32+09:00,121,64,19,,0,29.6875
2026-09-04 12:40:33+09:00,121,64,18,,0,28.125
2026-09-04 12:45:32+09:00,121,64,17,,0,26.5625
2026-09-04 12:50:32+09:00,121,64,16,,0,25.0
2026-09-04 12:55:32+09:00,121,64,14,,0,21.875
2026-09-04 13:00:32+09:00,121,64,14,,0,21.875
2026-09-04 13:05:32+09:00,121,64,14,,0,21.875
2026-09-04 13:10:32+09:00,121,64,14,,0,21.875
2026-09-04 13:15:32+09:00,121,64,13,,0,20.3125
2026-09-04 13:20:32+09:00,121,64,13,,0,20.3125
2026-09-04 13:25:32+09:00,121,64,13,,0,20.3125
2026-09-04 13:30:32+09:00,121,64,13,,0,20.3125
2026-09-04 13:35:32+09:00,121,64,13,,0,20.3125
2026-09-04 13:40:32+09:00,121,64,13,,0,20.3125
2026-09-04 13:45:33+09:00,121,64,13,,0,20.3125
2026-09-04 13:50:32+09:00,121,64,12,,0,18.75
2026-09-04 13:55:33+09:00,121,64,11,,0,17.1875
2026-09-04 14:00:32+09:00,121,64,11,,0,17.1875
2026-09-04 14:05:33+09:00,121,64,11,50.47043010752688,2,17.1875
2026-09-04 14:10:32+09:00,121,64,11,50.47043010752688,2,17.1875
2026-09-04 14:15:34+09:00,121,64,12,51.51209677419355,2,18.75
2026-09-04 14:20:34+09:00,121,64,13,51.51209677419355,2,20.3125
2026-09-04 14:25:34+09:00,121,64,14,51.51209677419355,2,21.875
2026-09-04 14:30:32+09:00,121,64,14,52.318548387096776,2,21.875
2026-09-04 14:35:33+09:00,121,64,14,52.318548387096776,2,21.875
2026-09-04 14:40:32+09:00,121,64,14,52.318548387096776,2,21.875
2026-09-04 14:45:35+09:00,121,64,14,54.16666666666667,2,21.875
2026-09-04 14:50:34+09:00,121,64,14,53.125,2,21.875
2026-09-04 14:55:34+09:00,121,64,13,51.27688172043011,2,20.3125
2026-09-04 15:00:32+09:00,121,64,13,51.27688172043011,2,20.3125
2026-09-04 15:05:33+09:00,121,64,13,51.27688172043011,2,20.3125
2026-09-04 15:10:33+09:00,121,64,13,51.27688172043011,2,20.3125
2026-09-04 15:15:33+09:00,121,64,13,51.27688172043011,2,20.3125
2026-09-04 15:20:32+09:00,121,64,12,50.47043010752688,2,18.75
2026-09-04 15:25:32+09:00,121,64,13,49.428763440860216,2,20.3125
2026-09-04 15:30:32+09:00,121,64,16,48.62231182795699,2,25.0
2026-09-04 15:35:32+09:00,121,64,16,48.62231182795699,2,25.0
2026-09-04 15:40:32+09:00,121,64,16,48.62231182795699,2,25.0
2026-09-04 15:45:34+09:00,121,64,15,48.62231182795699,2,23.4375
2026-09-04 15:50:34+09:00,121,64,14,48.62231182795699,2,21.875
2026-09-04 15:55:33+09:00,121,64,14,47.81586021505376,2,21.875
2026-09-04 16:00:34+09:00,121,64,14,47.81586021505376,2,21.875
2026-09-04 16:05:34+09:00,121,64,13,46.20295698924731,2,20.3125
2026-09-04 16:10:35+09:00,121,64,12,46.20295698924731,2,18.75
2026-09-04 16:15:35+09:00,121,64,13,46.20295698924731,2,20.3125
2026-09-04 16:20:33+09:00,121,64,14,46.20295698924731,2,21.875
2026-09-04 16:25:32+09:00,121,64,13,46.20295698924731,2,20.3125
2026-09-04 16:30:33+09:00,121,64,13,46.20295698924731,2,20.3125
2026-09-04 16:35:32+09:00,121,64,12,46.20295698924731,2,18.75
2026-09-04 16:40:32+09:00,121,64,12,46.20295698924731,2,18.75
2026-09-04 16:45:32+09:00,121,64,15,42.74193548387097,2,23.4375
2026-09-04 16:50:32+09:00,121,64,14,42.74193548387097,2,21.875
2026-09-04 16:55:32+09:00,121,64,14,41.935483870967744,2,21.875
2026-09-04 17:00:32+09:00,121,64,14,41.935483870967744,2,21.875
2026-09-04 17:05:33+09:00,121,64,13,41.935483870967744,2,20.3125
2026-09-04 17:10:33+09:00,121,64,13,41.935483870967744,2,20.3125
2026-09-04 17:15:32+09:00,121,64,12,41.12903225806451,2,18.75
2026-09-04 17:20:32+09:00,121,64,13,41.12903225806451,2,20.3125
2026-09-04 17:25:32+09:00,121,64,13,39.516129032258064,2,20.3125
2026-09-04 17:30:34+09:00,121,64,12,37.903225806451616,2,18.75
2026-09-04 17:35:35+09:00,121,64,13,37.903225806451616,2,20.3125
2026-09-04 17:40:35+09:00,121,64,14,39.516129032258064,2,21.875
2026-09-04 17:45:34+09:00,121,64,15,39.280913978494624,2,23.4375
2026-09-04 17:50:32+09:00,121,64,15,38.23924731182795,2,23.4375
2026-09-04 17:55:33+09:00,121,64,15,36.391129032258064,2,23.4375
2026-09-04 18:00:32+09:00,121,64,15,32.2244623655914,2,23.4375
2026-09-04 18:05:32+09:00,121,64,14,29.33467741935484,2,21.875
2026-09-04 18:10:34+09:00,121,64,15,23.31989247311828,2,23.4375
2026-09-04 18:15:32+09:00,121,64,14,22.513440860215056,2,21.875
2026-09-04 18:20:32+09:00,121,64,14,19.623655913978492,2,21.875
2026-09-04 18:25:32+09:00,121,64,14,17.775537634408604,2,21.875
2026-09-04 18:30:32+09:00,121,64,15,17.775537634408604,2,23.4375
2026-09-04 18:35:32+09:00,121,64,14,17.775537634408604,2,21.875
2026-09-04 18:40:35+09:00,121,64,13,17.775537634408604,2,20.3125
2026-09-04 18:45:35+09:00,121,64,13,15.92741935483871,2,20.3125
2026-09-04 18:50:33+09:00,121,64,12,15.92741935483871,2,18.75
2026-09-04 18:55:34+09:00,121,64,13,14.314516129032258,2,20.3125
2026-09-04 19:00:34+09:00,121,64,12,14.314516129032258,2,18.75
2026-09-04 19:05:32+09:00,121,64,12,14.314516129032258,2,18.75
2026-09-04 19:10:33+09:00,121,64,12,13.272849462365592,2,18.75
2026-09-04 19:15:32+09:00,121,64,12,13.272849462365592,2,18.75
2026-09-04 19:20:32+09:00,121,64,13,13.272849462365592,2,20.3125
2026-09-04 19:25:32+09:00,121,64,13,13.272849462365592,2,20.3125
2026-09-04 19:30:32+09:00,121,64,14,13.272849462365592,2,21.875
2026-09-04 19:35:33+09:00,121,64,13,12.231182795698924,2,20.3125
2026-09-04 19:40:35+09:00,121,64,12,12.231182795698924,2,18.75
2026-09-04 19:45:32+09:00,121,64,12,12.231182795698924,2,18.75
2026-09-04 19:50:33+09:00,121,64,10,12.231182795698924,2,15.625
2026-09-04 19:55:34+09:00,121,64,10,11.4247311827957,2,15.625
2026-09-04 20:00:32+09:00,121,64,10,10.618279569892472,2,15.625
2026-09-04 20:05:33+09:00,121,64,10,11.4247311827957,2,15.625
2026-09-04 20:10:32+09:00,121,64,9,11.4247311827957,2,14.0625
2026-09-04 20:15:32+09:00,121,64,9,11.4247311827957,2,14.0625
2026-09-04 20:20:33+09:00,121,64,10,11.4247311827957,2,15.625
2026-09-04 20:25:33+09:00,121,64,10,11.4247311827957,2,15.625
2026-09-04 20:30:33+09:00,121,64,10,11.4247311827957,2,15.625
2026-09-04 20:35:32+09:00,121,64,10,11.4247311827957,2,15.625
2026-09-04 20:40:32+09:00,121,64,10,10.383064516129032,2,15.625
2026-09-04 20:45:32+09:00,121,64,10,10.383064516129032,2,15.625
2026-09-04 20:50:32+09:00,121,64,10,10.383064516129032,2,15.625
2026-09-04 20:55:33+09:00,121,64,10,10.383064516129032,2,15.625
2026-09-04 21:00:33+09:00,121,64,15,10.383064516129032,2,23.4375
2026-09-04 21:05:33+09:00,121,64,15,10.383064516129032,2,23.4375
2026-09-04 21:10:34+09:00,121,64,15,10.383064516129032,2,23.4375
2026-09-04 21:15:36+09:00,121,64,15,10.383064516129032,2,23.4375
2026-09-04 21:20:34+09:00,121,64,15,10.383064516129032,2,23.4375
2026-09-04 21:25:32+09:00,121,64,15,10.383064516129032,2,23.4375
2026-09-04 21:30:32+09:00,121,64,15,10.383064516129032,2,23.4375
2026-09-04 21:35:32+09:00,121,64,15,10.383064516129032,2,23.4375
2026-09-04 21:40:32+09:00,121,64,15,10.383064516129032,2,23.4375
2026-09-04 21:45:34+09:00,121,64,15,10.383064516129032,2,23.4375
2026-09-04 21:50:33+09:00,121,64,15,10.383064516129032,2,23.4375
2026-09-04 21:55:32+09:00,121,64,15,10.383064516129032,2,23.4375
2026-09-04 22:00:32+09:00,121,64,15,10.383064516129032,2,23.4375
2026-09-04 22:05:32+09:00,121,64,15,10.383064516129032,2,23.4375
2026-09-04 22:10:33+09:00,121,64,15,10.383064516129032,2,23.4375
2026-09-04 22:15:33+09:00,121,64,15,10.383064516129032,2,23.4375
2026-09-04 22:20:32+09:00,121,64,14,10.383064516129032,2,21.875
2026-09-04 22:25:33+09:00,121,64,14,10.383064516129032,2,21.875
2026-09-04 22:30:33+09:00,121,64,14,10.383064516129032,2,21.875
2026-09-04 22:35:32+09:00,121,64,14,10.383064516129032,2,21.875
2026-09-04 22:40:33+09:00,121,64,14,10.383064516129032,2,21.875
2026-09-04 22:45:33+09:00,121,64,14,10.383064516129032,2,21.875
2026-09-04 22:50:32+09:00,121,64,13,10.383064516129032,2,20.3125
2026-09-04 22:55:32+09:00,121,64,13,10.383064516129032,2,20.3125
2026-09-04 23:00:33+09:00,121,64,13,10.383064516129032,2,20.3125
2026-09-04 23:05:32+09:00,121,64,13,10.383064516129032,2,20.3125
2026-09-04 23:10:34+09:00,121,64,13,10.383064516129032,2,20.3125
2026-09-04 23:15:36+09:00,121,64,13,10.383064516129032,2,20.3125
2026-09-04 23:20:32+09:00,121,64,13,10.383064516129032,2,20.3125
2026-09-04 23:25:32+09:00,121,64,13,10.383064516129032,2,20.3125
2026-09-04 23:30:32+09:00,121,64,13,10.383064516129032,2,20.3125
2026-09-04 23:35:32+09:00,121,64,13,10.383064516129032,2,20.3125
2026-09-04 23:40:32+09:00,121,64,13,10.383064516129032,2,20.3125
2026-09-04 23:45:32+09:00,121,64,13,10.383064516129032,2,20.3125
2026-09-04 23:50:33+09:00,121,64,13,9.341397849462366,2,20.3125
2026-09-04 23:55:32+09:00,121,64,13,9.341397849462366,2,20.3125
2026-09-04 09:45:34+09:00,122,62,26,66.66666666666667,2,41.935483870967744
2026-09-04 09:50:33+09:00,122,62,26,66.66666666666667,2,41.935483870967744
2026-09-04 09:55:33+09:00,122,62,26,66.66666666666667,2,41.935483870967744
2026-09-04 10:00:32+09:00,122,62,26,,0,41.935483870967744
2026-09-04 10:05:32+09:00,122,62,26,,0,41.935483870967744
2026-09-04 10:10:32+09:00,122,62,26,,0,41.935483870967744
2026-09-04 10:15:32+09:00,122,62,26,,0,41.935483870967744
2026-09-04 10:20:32+09:00,122,62,26,,0,41.935483870967744
2026-09-04 10:25:32+09:00,122,62,26,,0,41.935483870967744
2026-09-04 10:30:32+09:00,122,62,26,,0,41.935483870967744
2026-09-04 10:35:32+09:00,122,62,26,,0,41.935483870967744
2026-09-04 10:40:32+09:00,122,62,26,,0,41.935483870967744
2026-09-04 10:45:32+09:00,122,62,26,,0,41.935483870967744
2026-09-04 10:50:32+09:00,122,62,26,,0,41.935483870967744
2026-09-04 10:55:32+09:00,122,62,25,,0,40.32258064516129
2026-09-04 11:00:32+09:00,122,62,27,,0,43.54838709677419
2026-09-04 11:05:32+09:00,122,62,27,,0,43.54838709677419
2026-09-04 11:10:32+09:00,122,62,27,,0,43.54838709677419
2026-09-04 11:15:32+09:00,122,62,27,,0,43.54838709677419
2026-09-04 11:20:32+09:00,122,62,27,,0,43.54838709677419
2026-09-04 11:25:32+09:00,122,62,27,,0,43.54838709677419
2026-09-04 11:30:32+09:00,122,62,26,,0,41.935483870967744
2026-09-04 11:35:32+09:00,122,62,26,,0,41.935483870967744
2026-09-04 11:40:35+09:00,122,62,26,,0,41.935483870967744
2026-09-04 11:45:32+09:00,122,62,26,,0,41.935483870967744
2026-09-04 11:50:32+09:00,122,62,26,,0,41.935483870967744
2026-09-04 11:55:33+09:00,122,62,27,,0,43.54838709677419
2026-09-04 12:00:32+09:00,122,62,27,,0,43.54838709677419
2026-09-04 12:05:32+09:00,122,62,27,,0,43.54838709677419
2026-09-04 12:10:32+09:00,122,62,27,,0,43.54838709677419
2026-09-04 12:15:33+09:00,122,62,27,,0,43.54838709677419
2026-09-04 12:20:32+09:00,122,62,27,,0,43.54838709677419
2026-09-04 12:25:32+09:00,122,62,27,,0,43.54838709677419
2026-09-04 12:30:32+09:00,122,62,27,,0,43.54838709677419
2026-09-04 12:35:32+09:00,122,62,28,,0,45.16129032258064
2026-09-04 12:40:33+09:00,122,62,28,,0,45.16129032258064
2026-09-04 12:45:32+09:00,122,62,28,,0,45.16129032258064
2026-09-04 12:50:32+09:00,122,62,28,,0,45.16129032258064
2026-09-04 12:55:32+09:00,122,62,29,,0,46.774193548387096
2026-09-04 13:00:32+09:00,122,62,29,,0,46.774193548387096
2026-09-04 13:05:32+09:00,122,62,29,,0,46.774193548387096
2026-09-04 13:10:32+09:00,122,62,29,,0,46.774193548387096
2026-09-04 13:15:32+09:00,122,62,30,,0,48.38709677419355
2026-09-04 13:20:32+09:00,122,62,30,,0,48.38709677419355
2026-09-04 13:25:32+09:00,122,62,30,,0,48.38709677419355
2026-09-04 13:30:32+09:00,122,62,30,,0,48.38709677419355
2026-09-04 13:35:32+09:00,122,62,31,,0,50.0
2026-09-04 13:40:32+09:00,122,62,31,,0,50.0
2026-09-04 13:45:33+09:00,122,62,31,,0,50.0
2026-09-04 13:50:32+09:00,122,62,31,,0,50.0
2026-09-04 13:55:33+09:00,122,62,31,,0,50.0
2026-09-04 14:00:32+09:00,122,62,32,,0,51.61290322580645
2026-09-04 14:05:33+09:00,122,62,33,68.48958333333333,2,53.2258064516129
2026-09-04 14:10:32+09:00,122,62,33,68.48958333333333,2,53.2258064516129
2026-09-04 14:15:34+09:00,122,62,33,68.75,2,53.2258064516129
2026-09-04 14:20:34+09:00,122,62,33,68.75,2,53.2258064516129
2026-09-04 14:25:34+09:00,122,62,33,67.1875,2,53.2258064516129
2026-09-04 14:30:32+09:00,122,62,32,67.1875,2,51.61290322580645
2026-09-04 14:35:33+09:00,122,62,32,67.1875,2,51.61290322580645
2026-09-04 14:40:32+09:00,122,62,32,67.1875,2,51.61290322580645
2026-09-04 14:45:35+09:00,122,62,31,68.22916666666667,2,50.0
2026-09-04 14:50:34+09:00,122,62,32,67.96875,2,51.61290322580645
2026-09-04 14:55:34+09:00,122,62,32,66.92708333333333,2,51.61290322580645
2026-09-04 15:00:32+09:00,122,62,32,66.92708333333333,2,51.61290322580645
2026-09-04 15:05:33+09:00,122,62,32,66.92708333333333,2,51.61290322580645
2026-09-04 15:10:33+09:00,122,62,32,66.92708333333333,2,51.61290322580645
2026-09-04 15:15:33+09:00,122,62,33,66.92708333333333,2,53.2258064516129
2026-09-04 15:20:32+09:00,122,62,33,66.92708333333333,2,53.2258064516129
2026-09-04 15:25:32+09:00,122,62,33,65.88541666666667,2,53.2258064516129
2026-09-04 15:30:32+09:00,122,62,34,63.54166666666667,2,54.83870967741935
2026-09-04 15:35:32+09:00,122,62,34,63.54166666666667,2,54.83870967741935
2026-09-04 15:40:32+09:00,122,62,34,63.54166666666667,2,54.83870967741935
2026-09-04 15:45:34+09:00,122,62,34,63.54166666666667,2,54.83870967741935
2026-09-04 15:50:34+09:00,122,62,35,64.32291666666667,2,56.451612903225815
2026-09-04 15:55:33+09:00,122,62,35,65.10416666666667,2,56.451612903225815
2026-09-04 16:00:34+09:00,122,62,36,65.10416666666667,2,58.06451612903226
2026-09-04 16:05:34+09:00,122,62,37,65.10416666666667,2,59.67741935483871
2026-09-04 16:10:35+09:00,122,62,37,66.66666666666667,2,59.67741935483871
2026-09-04 16:15:35+09:00,122,62,37,66.66666666666667,2,59.67741935483871
2026-09-04 16:20:33+09:00,122,62,37,65.88541666666667,2,59.67741935483871
2026-09-04 16:25:32+09:00,122,62,37,65.88541666666667,2,59.67741935483871
2026-09-04 16:30:33+09:00,122,62,37,65.88541666666667,2,59.67741935483871
2026-09-04 16:35:32+09:00,122,62,37,66.66666666666667,2,59.67741935483871
2026-09-04 16:40:32+09:00,122,62,37,67.44791666666667,2,59.67741935483871
2026-09-04 16:45:32+09:00,122,62,40,64.0625,2,64.51612903225806
2026-09-04 16:50:32+09:00,122,62,41,63.28125,2,66.12903225806451
2026-09-04 16:55:32+09:00,122,62,41,64.0625,2,66.12903225806451
2026-09-04 17:00:32+09:00,122,62,41,64.0625,2,66.12903225806451
2026-09-04 17:05:33+09:00,122,62,41,64.84375,2,66.12903225806451
2026-09-04 17:10:33+09:00,122,62,42,64.84375,2,67.74193548387096
2026-09-04 17:15:32+09:00,122,62,42,65.625,2,67.74193548387096
2026-09-04 17:20:32+09:00,122,62,42,64.84375,2,67.74193548387096
2026-09-04 17:25:32+09:00,122,62,45,64.84375,2,72.58064516129032
2026-09-04 17:30:34+09:00,122,62,46,64.84375,2,74.19354838709677
2026-09-04 17:35:35+09:00,122,62,45,65.625,2,72.58064516129032
2026-09-04 17:40:35+09:00,122,62,44,64.0625,2,70.96774193548387
2026-09-04 17:45:34+09:00,122,62,43,62.239583333333336,2,69.35483870967742
2026-09-04 17:50:32+09:00,122,62,44,60.416666666666664,2,70.96774193548387
2026-09-04 17:55:33+09:00,122,62,44,60.15625,2,70.96774193548387
2026-09-04 18:00:32+09:00,122,62,45,55.989583333333336,2,72.58064516129032
2026-09-04 18:05:32+09:00,122,62,45,54.6875,2,72.58064516129032
2026-09-04 18:10:34+09:00,122,62,46,49.47916666666667,2,74.19354838709677
2026-09-04 18:15:32+09:00,122,62,47,49.47916666666667,2,75.80645161290323
2026-09-04 18:20:32+09:00,122,62,48,47.39583333333333,2,77.41935483870968
2026-09-04 18:25:32+09:00,122,62,49,46.354166666666664,2,79.03225806451613
2026-09-04 18:30:32+09:00,122,62,49,45.572916666666664,2,79.03225806451613
2026-09-04 18:35:32+09:00,122,62,49,45.572916666666664,2,79.03225806451613
2026-09-04 18:40:35+09:00,122,62,49,46.354166666666664,2,79.03225806451613
2026-09-04 18:45:35+09:00,122,62,50,46.09375,2,80.64516129032258
2026-09-04 18:50:33+09:00,122,62,50,46.875,2,80.64516129032258
2026-09-04 18:55:34+09:00,122,62,52,46.875,2,83.87096774193549
2026-09-04 19:00:34+09:00,122,62,52,46.09375,2,83.87096774193549
2026-09-04 19:05:32+09:00,122,62,52,46.875,2,83.87096774193549
2026-09-04 19:10:33+09:00,122,62,52,45.833333333333336,2,83.87096774193549
2026-09-04 19:15:32+09:00,122,62,52,45.833333333333336,2,83.87096774193549
2026-09-04 19:20:32+09:00,122,62,52,45.052083333333336,2,83.87096774193549
2026-09-04 19:25:32+09:00,122,62,52,45.052083333333336,2,83.87096774193549
2026-09-04 19:30:32+09:00,122,62,52,44.270833333333336,2,83.87096774193549
2026-09-04 19:35:33+09:00,122,62,52,44.010416666666664,2,83.87096774193549
2026-09-04 19:40:35+09:00,122,62,52,44.010416666666664,2,83.87096774193549
2026-09-04 19:45:32+09:00,122,62,52,44.791666666666664,2,83.87096774193549
2026-09-04 19:50:33+09:00,122,62,53,44.791666666666664,2,85.48387096774194
2026-09-04 19:55:34+09:00,122,62,53,46.354166666666664,2,85.48387096774194
2026-09-04 20:00:32+09:00,122,62,53,47.135416666666664,2,85.48387096774194
2026-09-04 20:05:33+09:00,122,62,53,46.354166666666664,2,85.48387096774194
2026-09-04 20:10:32+09:00,122,62,53,47.135416666666664,2,85.48387096774194
2026-09-04 20:15:32+09:00,122,62,53,47.135416666666664,2,85.48387096774194
2026-09-04 20:20:33+09:00,122,62,53,46.354166666666664,2,85.48387096774194
2026-09-04 20:25:33+09:00,122,62,53,46.354166666666664,2,85.48387096774194
2026-09-04 20:30:33+09:00,122,62,53,46.354166666666664,2,85.48387096774194
2026-09-04 20:35:32+09:00,122,62,53,46.354166666666664,2,85.48387096774194
2026-09-04 20:40:32+09:00,122,62,53,45.3125,2,85.48387096774194
2026-09-04 20:45:32+09:00,122,62,53,45.3125,2,85.48387096774194
2026-09-04 20:50:32+09:00,122,62,53,45.3125,2,85.48387096774194
2026-09-04 20:55:33+09:00,122,62,53,45.3125,2,85.48387096774194
2026-09-04 21:00:33+09:00,122,62,53,41.40625,2,85.48387096774194
2026-09-04 21:05:33+09:00,122,62,53,41.40625,2,85.48387096774194
2026-09-04 21:10:34+09:00,122,62,53,41.40625,2,85.48387096774194
2026-09-04 21:15:36+09:00,122,62,53,41.40625,2,85.48387096774194
2026-09-04 21:20:34+09:00,122,62,53,41.40625,2,85.48387096774194
2026-09-04 21:25:32+09:00,122,62,53,41.40625,2,85.48387096774194
2026-09-04 21:30:32+09:00,122,62,53,41.40625,2,85.48387096774194
2026-09-04 21:35:32+09:00,122,62,53,41.40625,2,85.48387096774194
2026-09-04 21:40:32+09:00,122,62,53,41.40625,2,85.48387096774194
2026-09-04 21:45:34+09:00,122,62,53,41.40625,2,85.48387096774194
2026-09-04 21:50:33+09:00,122,62,53,41.40625,2,85.48387096774194
2026-09-04 21:55:32+09:00,122,62,53,41.40625,2,85.48387096774194
2026-09-04 22:00:32+09:00,122,62,53,41.40625,2,85.48387096774194
2026-09-04 22:05:32+09:00,122,62,53,41.40625,2,85.48387096774194
2026-09-04 22:10:33+09:00,122,62,53,41.40625,2,85.48387096774194
2026-09-04 22:15:33+09:00,122,62,53,41.40625,2,85.48387096774194
2026-09-04 22:20:32+09:00,122,62,53,41.40625,2,85.48387096774194
2026-09-04 22:25:33+09:00,122,62,53,42.96875,2,85.48387096774194
2026-09-04 22:30:33+09:00,122,62,53,42.1875,2,85.48387096774194
2026-09-04 22:35:32+09:00,122,62,53,42.1875,2,85.48387096774194
2026-09-04 22:40:33+09:00,122,62,53,42.1875,2,85.48387096774194
2026-09-04 22:45:33+09:00,122,62,53,42.1875,2,85.48387096774194
2026-09-04 22:50:32+09:00,122,62,53,42.1875,2,85.48387096774194
2026-09-04 22:55:32+09:00,122,62,53,42.96875,2,85.48387096774194
2026-09-04 23:00:33+09:00,122,62,53,42.96875,2,85.48387096774194
2026-09-04 23:05:32+09:00,122,62,53,42.96875,2,85.48387096774194
2026-09-04 23:10:34+09:00,122,62,53,42.96875,2,85.48387096774194
2026-09-04 23:15:36+09:00,122,62,53,42.96875,2,85.48387096774194
2026-09-04 23:20:32+09:00,122,62,53,42.96875,2,85.48387096774194
2026-09-04 23:25:32+09:00,122,62,53,42.96875,2,85.48387096774194
2026-09-04 23:30:32+09:00,122,62,53,42.96875,2,85.48387096774194
2026-09-04 23:35:32+09:00,122,62,53,42.96875,2,85.48387096774194
2026-09-04 23:40:32+09:00,122,62,53,42.96875,2,85.48387096774194
2026-09-04 23:45:32+09:00,122,62,53,42.96875,2,85.48387096774194
2026-09-04 23:50:33+09:00,122,62,53,41.927083333333336,2,85.48387096774194
2026-09-04 23:55:32+09:00,122,62,53,41.927083333333336,2,85.48387096774194
2026-09-04 09:45:34+09:00,161,17,5,55.06060606060606,5,29.411764705882355
2026-09-04 09:50:33+09:00,161,17,5,55.06060606060606,5,29.411764705882355
2026-09-04 09:55:33+09:00,161,17,3,55.06060606060606,5,17.647058823529413
2026-09-04 10:00:32+09:00,161,17,2,,0,11.76470588235294
2026-09-04 10:05:32+09:00,161,17,2,,0,11.76470588235294
2026-09-04 10:10:32+09:00,161,17,3,,0,17.647058823529413
2026-09-04 10:15:32+09:00,161,17,4,,0,23.52941176470588
2026-09-04 10:20:32+09:00,161,17,4,,0,23.52941176470588
2026-09-04 10:25:32+09:00,161,17,4,,0,23.52941176470588
2026-09-04 10:30:32+09:00,161,17,3,,0,17.647058823529413
2026-09-04 10:35:32+09:00,161,17,3,,0,17.647058823529413
2026-09-04 10:40:32+09:00,161,17,6,,0,35.294117647058826
2026-09-04 10:45:32+09:00,161,17,6,,0,35.294117647058826
2026-09-04 10:50:32+09:00,161,17,6,,0,35.294117647058826
2026-09-04 10:55:32+09:00,161,17,6,,0,35.294117647058826
2026-09-04 11:00:32+09:00,161,17,7,,0,41.17647058823529
2026-09-04 11:05:32+09:00,161,17,4,,0,23.52941176470588
2026-09-04 11:10:32+09:00,161,17,4,,0,23.52941176470588
2026-09-04 11:15:32+09:00,161,17,5,,0,29.411764705882355
2026-09-04 11:20:32+09:00,161,17,2,,0,11.76470588235294
2026-09-04 11:25:32+09:00,161,17,2,,0,11.76470588235294
2026-09-04 11:30:32+09:00,161,17,2,,0,11.76470588235294
2026-09-04 11:35:32+09:00,161,17,2,,0,11.76470588235294
2026-09-04 11:40:35+09:00,161,17,3,,0,17.647058823529413
2026-09-04 11:45:32+09:00,161,17,2,,0,11.76470588235294
2026-09-04 11:50:32+09:00,161,17,2,,0,11.76470588235294
2026-09-04 11:55:33+09:00,161,17,3,,0,17.647058823529413
2026-09-04 12:00:32+09:00,161,17,3,,0,17.647058823529413
2026-09-04 12:05:32+09:00,161,17,4,,0,23.52941176470588
2026-09-04 12:10:32+09:00,161,17,4,,0,23.52941176470588
2026-09-04 12:15:33+09:00,161,17,3,,0,17.647058823529413
2026-09-04 12:20:32+09:00,161,17,6,,0,35.294117647058826
2026-09-04 12:25:32+09:00,161,17,6,,0,35.294117647058826
2026-09-04 12:30:32+09:00,161,17,6,,0,35.294117647058826
2026-09-04 12:35:32+09:00,161,17,6,,0,35.294117647058826
2026-09-04 12:40:33+09:00,161,17,6,,0,35.294117647058826
2026-09-04 12:45:32+09:00,161,17,6,,0,35.294117647058826
2026-09-04 12:50:32+09:00,161,17,5,,0,29.411764705882355
2026-09-04 12:55:32+09:00,161,17,5,,0,29.411764705882355
2026-09-04 13:00:32+09:00,161,17,5,,0,29.411764705882355
2026-09-04 13:05:32+09:00,161,17,4,,0,23.52941176470588
2026-09-04 13:10:32+09:00,161,17,5,,0,29.411764705882355
2026-09-04 13:15:32+09:00,161,17,7,,0,41.17647058823529
2026-09-04 13:20:32+09:00,161,17,6,,0,35.294117647058826
2026-09-04 13:25:32+09:00,161,17,7,,0,41.17647058823529
2026-09-04 13:30:32+09:00,161,17,10,,0,58.82352941176471
2026-09-04 13:35:32+09:00,161,17,10,,0,58.82352941176471
2026-09-04 13:40:32+09:00,161,17,10,,0,58.82352941176471
2026-09-04 13:45:33+09:00,161,17,10,,0,58.82352941176471
2026-09-04 13:50:32+09:00,161,17,10,,0,58.82352941176471
2026-09-04 13:55:33+09:00,161,17,4,,0,23.52941176470588
2026-09-04 14:00:32+09:00,161,17,3,,0,17.647058823529413
2026-09-04 14:05:33+09:00,161,17,3,57.95454545454545,4,17.647058823529413
2026-09-04 14:10:32+09:00,161,17,3,58.97727272727273,4,17.647058823529413
2026-09-04 14:15:34+09:00,161,17,3,56.89393939393939,4,17.647058823529413
2026-09-04 14:20:34+09:00,161,17,3,63.14393939393939,4,17.647058823529413
2026-09-04 14:25:34+09:00,161,17,2,61.70454545454545,4,11.76470588235294
2026-09-04 14:30:32+09:00,161,17,6,63.14393939393939,4,35.294117647058826
2026-09-04 14:35:33+09:00,161,17,6,63.97727272727272,4,35.294117647058826
2026-09-04 14:40:32+09:00,161,17,7,71.18181818181817,5,41.17647058823529
2026-09-04 14:45:35+09:00,161,17,7,66.84848484848484,5,41.17647058823529
2026-09-04 14:50:34+09:00,161,17,2,63.515151515151516,5,11.76470588235294
2026-09-04 14:55:34+09:00,161,17,2,63.515151515151516,5,11.76470588235294
2026-09-04 15:00:32+09:00,161,17,1,68.51515151515152,5,5.88235294117647
2026-09-04 15:05:33+09:00,161,17,0,64.87878787878788,5,0.0
2026-09-04 15:10:33+09:00,161,17,0,66.21212121212122,5,0.0
2026-09-04 15:15:33+09:00,161,17,1,63.54545454545455,5,5.88235294117647
2026-09-04 15:20:32+09:00,161,17,3,62.878787878787875,5,17.647058823529413
2026-09-04 15:25:32+09:00,161,17,5,64.21212121212122,5,29.411764705882355
2026-09-04 15:30:32+09:00,161,17,5,56.70454545454545,4,29.411764705882355
2026-09-04 15:35:32+09:00,161,17,5,58.787878787878796,4,29.411764705882355
2026-09-04 15:40:32+09:00,161,17,3,63.14393939393939,4,17.647058823529413
2026-09-04 15:45:34+09:00,161,17,2,61.06060606060606,4,11.76470588235294
2026-09-04 15:50:34+09:00,161,17,3,58.787878787878796,4,17.647058823529413
2026-09-04 15:55:33+09:00,161,17,4,59.621212121212125,4,23.52941176470588
2026-09-04 16:00:34+09:00,161,17,4,52.99242424242424,4,23.52941176470588
2026-09-04 16:05:34+09:00,161,17,4,64.06060606060606,5,23.52941176470588
2026-09-04 16:10:35+09:00,161,17,2,68.36363636363637,5,11.76470588235294
2026-09-04 16:15:35+09:00,161,17,3,64.87878787878788,5,17.647058823529413
2026-09-04 16:20:33+09:00,161,17,3,66.03030303030303,5,17.647058823529413
2026-09-04 16:25:32+09:00,161,17,3,63.54545454545455,5,17.647058823529413
2026-09-04 16:30:33+09:00,161,17,4,55.871212121212125,4,23.52941176470588
2026-09-04 16:35:32+09:00,161,17,3,54.43181818181819,4,17.647058823529413
2026-09-04 16:40:32+09:00,161,17,3,61.72727272727273,5,17.647058823529413
2026-09-04 16:45:32+09:00,161,17,1,62.72727272727273,5,5.88235294117647
2026-09-04 16:50:32+09:00,161,17,3,62.909090909090914,5,17.647058823529413
2026-09-04 16:55:32+09:00,161,17,3,55.3030303030303,4,17.647058823529413
2026-09-04 17:00:32+09:00,161,17,2,57.57575757575757,4,11.76470588235294
2026-09-04 17:05:33+09:00,161,17,3,59.015151515151516,4,17.647058823529413
2026-09-04 17:10:33+09:00,161,17,1,63.56060606060606,4,5.88235294117647
2026-09-04 17:15:32+09:00,161,17,3,59.015151515151516,4,17.647058823529413
2026-09-04 17:20:32+09:00,161,17,5,65.54545454545455,5,29.411764705882355
2026-09-04 17:25:32+09:00,161,17,4,61.54545454545455,5,23.52941176470588
2026-09-04 17:30:34+09:00,161,17,4,62.21212121212121,5,23.52941176470588
2026-09-04 17:35:35+09:00,161,17,4,60.39393939393939,5,23.52941176470588
2026-09-04 17:40:35+09:00,161,17,5,54.72727272727273,5,29.411764705882355
2026-09-04 17:45:34+09:00,161,17,6,59.72727272727273,5,35.294117647058826
2026-09-04 17:50:32+09:00,161,17,6,59.06060606060606,5,35.294117647058826
2026-09-04 17:55:33+09:00,161,17,6,55.72727272727273,5,35.294117647058826
2026-09-04 18:00:32+09:00,161,17,7,54.57575757575758,5,41.17647058823529
2026-09-04 18:05:32+09:00,161,17,7,43.57575757575757,5,41.17647058823529
2026-09-04 18:10:34+09:00,161,17,7,42.242424242424235,5,41.17647058823529
2026-09-04 18:15:32+09:00,161,17,7,40.42424242424242,5,41.17647058823529
2026-09-04 18:20:32+09:00,161,17,5,38.60606060606061,5,29.411764705882355
2026-09-04 18:25:32+09:00,161,17,6,35.12121212121212,5,35.294117647058826
2026-09-04 18:30:32+09:00,161,17,6,33.45454545454545,5,35.294117647058826
2026-09-04 18:35:32+09:00,161,17,6,31.78787878787879,5,35.294117647058826
2026-09-04 18:40:35+09:00,161,17,7,30.454545454545457,5,41.17647058823529
2026-09-04 18:45:35+09:00,161,17,11,30.454545454545457,5,64.70588235294117
2026-09-04 18:50:33+09:00,161,17,11,28.78787878787879,5,64.70588235294117
2026-09-04 18:55:34+09:00,161,17,11,27.45454545454545,5,64.70588235294117
2026-09-04 19:00:34+09:00,161,17,11,27.45454545454545,5,64.70588235294117
2026-09-04 19:05:32+09:00,161,17,11,27.5,4,64.70588235294117
2026-09-04 19:10:33+09:00,161,17,11,24.444444444444443,3,64.70588235294117
2026-09-04 19:15:32+09:00,161,17,11,24.444444444444443,3,64.70588235294117
2026-09-04 19:20:32+09:00,161,17,11,24.444444444444443,3,64.70588235294117
2026-09-04 19:25:32+09:00,161,17,11,24.444444444444443,3,64.70588235294117
2026-09-04 19:30:32+09:00,161,17,11,24.444444444444443,3,64.70588235294117
2026-09-04 19:35:33+09:00,161,17,11,24.444444444444443,3,64.70588235294117
2026-09-04 19:40:35+09:00,161,17,11,24.444444444444443,3,64.70588235294117
2026-09-04 19:45:32+09:00,161,17,11,24.444444444444443,3,64.70588235294117
2026-09-04 19:50:33+09:00,161,17,11,24.444444444444443,3,64.70588235294117
2026-09-04 19:55:34+09:00,161,17,11,24.444444444444443,3,64.70588235294117
2026-09-04 20:00:32+09:00,161,17,11,24.444444444444443,3,64.70588235294117
2026-09-04 20:05:33+09:00,161,17,11,24.444444444444443,3,64.70588235294117
2026-09-04 20:10:32+09:00,161,17,11,24.444444444444443,3,64.70588235294117
2026-09-04 20:15:32+09:00,161,17,11,24.444444444444443,3,64.70588235294117
2026-09-04 20:20:33+09:00,161,17,11,24.444444444444443,3,64.70588235294117
2026-09-04 20:25:33+09:00,161,17,11,24.444444444444443,3,64.70588235294117
2026-09-04 20:30:33+09:00,161,17,11,24.444444444444443,3,64.70588235294117
2026-09-04 20:35:32+09:00,161,17,11,24.444444444444443,3,64.70588235294117
2026-09-04 20:40:32+09:00,161,17,11,24.444444444444443,3,64.70588235294117
2026-09-04 20:45:32+09:00,161,17,11,24.444444444444443,3,64.70588235294117
2026-09-04 20:50:32+09:00,161,17,11,24.444444444444443,3,64.70588235294117
2026-09-04 20:55:33+09:00,161,17,11,24.444444444444443,3,64.70588235294117
2026-09-04 21:00:33+09:00,161,17,11,24.444444444444443,3,64.70588235294117
2026-09-04 21:05:33+09:00,161,17,11,24.444444444444443,3,64.70588235294117
2026-09-04 21:10:34+09:00,161,17,11,24.444444444444443,3,64.70588235294117
2026-09-04 21:15:36+09:00,161,17,11,24.444444444444443,3,64.70588235294117
2026-09-04 21:20:34+09:00,161,17,11,24.444444444444443,3,64.70588235294117
2026-09-04 21:25:32+09:00,161,17,11,24.444444444444443,3,64.70588235294117
2026-09-04 21:30:32+09:00,161,17,11,24.444444444444443,3,64.70588235294117
2026-09-04 21:35:32+09:00,161,17,11,24.444444444444443,3,64.70588235294117
2026-09-04 21:40:32+09:00,161,17,11,24.444444444444443,3,64.70588235294117
2026-09-04 21:45:34+09:00,161,17,11,24.444444444444443,3,64.70588235294117
2026-09-04 21:50:33+09:00,161,17,11,24.444444444444443,3,64.70588235294117
2026-09-04 21:55:32+09:00,161,17,11,24.444444444444443,3,64.70588235294117
2026-09-04 22:00:32+09:00,161,17,11,24.444444444444443,3,64.70588235294117
2026-09-04 22:05:32+09:00,161,17,11,24.444444444444443,3,64.70588235294117
2026-09-04 22:10:33+09:00,161,17,11,24.444444444444443,3,64.70588235294117
2026-09-04 22:15:33+09:00,161,17,11,24.444444444444443,3,64.70588235294117
2026-09-04 22:20:32+09:00,161,17,11,24.444444444444443,3,64.70588235294117
2026-09-04 22:25:33+09:00,161,17,11,24.444444444444443,3,64.70588235294117
2026-09-04 22:30:33+09:00,161,17,11,24.444444444444443,3,64.70588235294117
2026-09-04 22:35:32+09:00,161,17,11,24.444444444444443,3,64.70588235294117
2026-09-04 22:40:33+09:00,161,17,11,24.444444444444443,3,64.70588235294117
2026-09-04 22:45:33+09:00,161,17,11,24.444444444444443,3,64.70588235294117
2026-09-04 22:50:32+09:00,161,17,11,24.444444444444443,3,64.70588235294117
2026-09-04 22:55:32+09:00,161,17,11,24.444444444444443,3,64.70588235294117
2026-09-04 23:00:33+09:00,161,17,17,24.444444444444443,3,100.0
2026-09-04 23:05:32+09:00,161,17,17,0.0,5,100.0
2026-09-04 23:10:34+09:00,161,17,17,0.0,5,100.0
2026-09-04 23:15:36+09:00,161,17,17,0.0,5,100.0
2026-09-04 23:20:32+09:00,161,17,17,0.0,5,100.0
2026-09-04 23:25:32+09:00,161,17,17,0.0,5,100.0
2026-09-04 23:30:32+09:00,161,17,17,0.0,5,100.0
2026-09-04 23:35:32+09:00,161,17,17,0.0,5,100.0
2026-09-04 23:40:32+09:00,161,17,17,0.0,5,100.0
2026-09-04 23:45:32+09:00,161,17,17,0.0,5,100.0
2026-09-04 23:50:33+09:00,161,17,17,0.0,5,100.0
2026-09-04 23:55:32+09:00,161,17,17,0.0,5,100.0
2026-09-04 09:45:34+09:00,162,12,5,59.94759129950049,9,41.66666666666667
2026-09-04 09:50:33+09:00,162,12,5,59.94759129950049,9,41.66666666666667
2026-09-04 09:55:33+09:00,162,12,3,59.94759129950049,9,25.0
2026-09-04 10:00:32+09:00,162,12,2,,0,16.666666666666664
2026-09-04 10:05:32+09:00,162,12,2,,0,16.666666666666664
2026-09-04 10:10:32+09:00,162,12,2,,0,16.666666666666664
2026-09-04 10:15:32+09:00,162,12,2,,0,16.666666666666664
2026-09-04 10:20:32+09:00,162,12,2,,0,16.666666666666664
2026-09-04 10:25:32+09:00,162,12,2,,0,16.666666666666664
2026-09-04 10:30:32+09:00,162,12,2,,0,16.666666666666664
2026-09-04 10:35:32+09:00,162,12,2,,0,16.666666666666664
2026-09-04 10:40:32+09:00,162,12,1,,0,8.333333333333332
2026-09-04 10:45:32+09:00,162,12,1,,0,8.333333333333332
2026-09-04 10:50:32+09:00,162,12,1,,0,8.333333333333332
2026-09-04 10:55:32+09:00,162,12,1,,0,8.333333333333332
2026-09-04 11:00:32+09:00,162,12,0,,0,0.0
2026-09-04 11:05:32+09:00,162,12,1,,0,8.333333333333332
2026-09-04 11:10:32+09:00,162,12,0,,0,0.0
2026-09-04 11:15:32+09:00,162,12,0,,0,0.0
2026-09-04 11:20:32+09:00,162,12,0,,0,0.0
2026-09-04 11:25:32+09:00,162,12,0,,0,0.0
2026-09-04 11:30:32+09:00,162,12,0,,0,0.0
2026-09-04 11:35:32+09:00,162,12,1,,0,8.333333333333332
2026-09-04 11:40:35+09:00,162,12,0,,0,0.0
2026-09-04 11:45:32+09:00,162,12,0,,0,0.0
2026-09-04 11:50:32+09:00,162,12,0,,0,0.0
2026-09-04 11:55:33+09:00,162,12,0,,0,0.0
2026-09-04 12:00:32+09:00,162,12,1,,0,8.333333333333332
2026-09-04 12:05:32+09:00,162,12,1,,0,8.333333333333332
2026-09-04 12:10:32+09:00,162,12,0,,0,0.0
2026-09-04 12:15:33+09:00,162,12,0,,0,0.0
2026-09-04 12:20:32+09:00,162,12,0,,0,0.0
2026-09-04 12:25:32+09:00,162,12,0,,0,0.0
2026-09-04 12:30:32+09:00,162,12,1,,0,8.333333333333332
2026-09-04 12:35:32+09:00,162,12,2,,0,16.666666666666664
2026-09-04 12:40:33+09:00,162,12,2,,0,16.666666666666664
2026-09-04 12:45:32+09:00,162,12,1,,0,8.333333333333332
2026-09-04 12:50:32+09:00,162,12,0,,0,0.0
2026-09-04 12:55:32+09:00,162,12,0,,0,0.0
2026-09-04 13:00:32+09:00,162,12,0,,0,0.0
2026-09-04 13:05:32+09:00,162,12,1,,0,8.333333333333332
2026-09-04 13:10:32+09:00,162,12,1,,0,8.333333333333332
2026-09-04 13:15:32+09:00,162,12,1,,0,8.333333333333332
2026-09-04 13:20:32+09:00,162,12,3,,0,25.0
2026-09-04 13:25:32+09:00,162,12,3,,0,25.0
2026-09-04 13:30:32+09:00,162,12,3,,0,25.0
2026-09-04 13:35:32+09:00,162,12,2,,0,16.666666666666664
2026-09-04 13:40:32+09:00,162,12,2,,0,16.666666666666664
2026-09-04 13:45:33+09:00,162,12,2,,0,16.666666666666664
2026-09-04 13:50:32+09:00,162,12,2,,0,16.666666666666664
2026-09-04 13:55:33+09:00,162,12,2,,0,16.666666666666664
2026-09-04 14:00:32+09:00,162,12,2,,0,16.666666666666664
2026-09-04 14:05:33+09:00,162,12,2,66.95199079100007,9,16.666666666666664
2026-09-04 14:10:32+09:00,162,12,3,67.70098150903104,9,25.0
2026-09-04 14:15:34+09:00,162,12,3,67.11618618739362,9,25.0
2026-09-04 14:20:34+09:00,162,12,1,69.81455421083905,9,8.333333333333332
2026-09-04 14:25:34+09:00,162,12,1,70.45989900479066,9,8.333333333333332
2026-09-04 14:30:32+09:00,162,12,1,65.17615898033856,8,8.333333333333332
2026-09-04 14:35:33+09:00,162,12,1,64.75248951255143,8,8.333333333333332
2026-09-04 14:40:32+09:00,162,12,1,62.828310750137376,8,8.333333333333332
2026-09-04 14:45:35+09:00,162,12,2,62.245486711430985,8,16.666666666666664
2026-09-04 14:50:34+09:00,162,12,2,62.613932335294564,8,16.666666666666664
2026-09-04 14:55:34+09:00,162,12,1,65.5551088058828,8,8.333333333333332
2026-09-04 15:00:32+09:00,162,12,1,66.57985203650838,8,8.333333333333332
2026-09-04 15:05:33+09:00,162,12,1,60.92721219269207,8,8.333333333333332
2026-09-04 15:10:33+09:00,162,12,1,63.68042432283918,8,8.333333333333332
2026-09-04 15:15:33+09:00,162,12,3,63.76716635617564,8,25.0
2026-09-04 15:20:32+09:00,162,12,3,62.56268456345856,8,25.0
2026-09-04 15:25:32+09:00,162,12,3,61.86860868749414,8,25.0
2026-09-04 15:30:32+09:00,162,12,3,59.65296485420325,8,25.0
2026-09-04 15:35:32+09:00,162,12,2,59.152633142571226,8,16.666666666666664
2026-09-04 15:40:32+09:00,162,12,1,61.629664625020666,8,8.333333333333332
2026-09-04 15:45:34+09:00,162,12,2,63.31033689392822,8,16.666666666666664
2026-09-04 15:50:34+09:00,162,12,2,64.61979865488638,9,16.666666666666664
2026-09-04 15:55:33+09:00,162,12,2,66.35677627421694,9,16.666666666666664
2026-09-04 16:00:34+09:00,162,12,3,65.03303217441504,9,25.0
2026-09-04 16:05:34+09:00,162,12,2,64.44823685277761,9,16.666666666666664
2026-09-04 16:10:35+09:00,162,12,2,68.14599878583367,9,16.666666666666664
2026-09-04 16:15:35+09:00,162,12,3,65.31271236121597,9,25.0
2026-09-04 16:20:33+09:00,162,12,3,63.56771806720207,9,25.0
2026-09-04 16:25:32+09:00,162,12,3,63.42181458796526,9,25.0
2026-09-04 16:30:33+09:00,162,12,3,62.53790546876202,9,25.0
2026-09-04 16:35:32+09:00,162,12,3,61.36388703984163,9,25.0
2026-09-04 16:40:32+09:00,162,12,3,61.68554680422585,9,25.0
2026-09-04 16:45:32+09:00,162,12,1,61.968771205097305,9,8.333333333333332
2026-09-04 16:50:32+09:00,162,12,0,60.44333948358716,9,0.0
2026-09-04 16:55:32+09:00,162,12,0,62.12957626786316,9,0.0
2026-09-04 17:00:32+09:00,162,12,0,62.65207482957741,9,0.0
2026-09-04 17:05:33+09:00,162,12,0,60.215760236400065,9,0.0
2026-09-04 17:10:33+09:00,162,12,0,61.13249056489511,9,0.0
2026-09-04 17:15:32+09:00,162,12,1,59.625827293525944,9,8.333333333333332
2026-09-04 17:20:32+09:00,162,12,1,56.43047507856589,9,8.333333333333332
2026-09-04 17:25:32+09:00,162,12,3,59.63653439401633,9,25.0
2026-09-04 17:30:34+09:00,162,12,3,59.04348909508868,9,25.0
2026-09-04 17:35:35+09:00,162,12,5,59.04348909508868,9,41.66666666666667
2026-09-04 17:40:35+09:00,162,12,5,56.458158666621,9,41.66666666666667
2026-09-04 17:45:34+09:00,162,12,3,55.266453914544726,9,25.0
2026-09-04 17:50:32+09:00,162,12,3,47.8166840899039,8,25.0
2026-09-04 17:55:33+09:00,162,12,4,48.838724485009315,8,33.33333333333333
2026-09-04 18:00:32+09:00,162,12,5,45.70379826571777,8,41.66666666666667
2026-09-04 18:05:32+09:00,162,12,4,45.33965260745446,8,33.33333333333333
2026-09-04 18:10:34+09:00,162,12,4,43.45313484245373,8,33.33333333333333
2026-09-04 18:15:32+09:00,162,12,4,47.13112251811942,9,33.33333333333333
2026-09-04 18:20:32+09:00,162,12,5,44.398851158397086,9,41.66666666666667
2026-09-04 18:25:32+09:00,162,12,5,42.807777018303334,9,41.66666666666667
2026-09-04 18:30:32+09:00,162,12,7,41.70944294783304,9,58.333333333333336
2026-09-04 18:35:32+09:00,162,12,7,39.73592626843401,9,58.333333333333336
2026-09-04 18:40:35+09:00,162,12,7,38.4816467788604,9,58.333333333333336
2026-09-04 18:45:35+09:00,162,12,7,35.469213735467605,9,58.333333333333336
2026-09-04 18:50:33+09:00,162,12,8,35.655955098679556,9,66.66666666666666
2026-09-04 18:55:34+09:00,162,12,8,35.148641061953754,9,66.66666666666666
2026-09-04 19:00:34+09:00,162,12,8,39.73734948524865,7,66.66666666666666
2026-09-04 19:05:32+09:00,162,12,8,30.143790849673202,5,66.66666666666666
2026-09-04 19:10:33+09:00,162,12,8,28.723155929038285,4,66.66666666666666
2026-09-04 19:15:32+09:00,162,12,8,28.61811391223156,4,66.66666666666666
2026-09-04 19:20:32+09:00,162,12,8,28.723155929038285,4,66.66666666666666
2026-09-04 19:25:32+09:00,162,12,8,28.93323996265173,4,66.66666666666666
2026-09-04 19:30:32+09:00,162,12,8,29.03828197945845,4,66.66666666666666
2026-09-04 19:35:33+09:00,162,12,8,29.03828197945845,4,66.66666666666666
2026-09-04 19:40:35+09:00,162,12,8,29.143323996265174,4,66.66666666666666
2026-09-04 19:45:32+09:00,162,12,8,29.668534080298787,4,66.66666666666666
2026-09-04 19:50:33+09:00,162,12,8,29.773576097105508,4,66.66666666666666
2026-09-04 19:55:34+09:00,162,12,8,29.983660130718956,4,66.66666666666666
2026-09-04 20:00:32+09:00,162,12,8,30.08870214752568,4,66.66666666666666
2026-09-04 20:05:33+09:00,162,12,8,30.08870214752568,4,66.66666666666666
2026-09-04 20:10:32+09:00,162,12,8,30.1937441643324,4,66.66666666666666
2026-09-04 20:15:32+09:00,162,12,8,30.1937441643324,4,66.66666666666666
2026-09-04 20:20:33+09:00,162,12,8,30.1937441643324,4,66.66666666666666
2026-09-04 20:25:33+09:00,162,12,8,29.563492063492063,4,66.66666666666666
2026-09-04 20:30:33+09:00,162,12,8,29.563492063492063,4,66.66666666666666
2026-09-04 20:35:32+09:00,162,12,8,29.563492063492063,4,66.66666666666666
2026-09-04 20:40:32+09:00,162,12,8,29.878618113912232,4,66.66666666666666
2026-09-04 20:45:32+09:00,162,12,8,30.08870214752568,4,66.66666666666666
2026-09-04 20:50:32+09:00,162,12,8,30.1937441643324,4,66.66666666666666
2026-09-04 20:55:33+09:00,162,12,8,30.298786181139125,4,66.66666666666666
2026-09-04 21:00:33+09:00,162,12,8,30.403828197945845,4,66.66666666666666
2026-09-04 21:05:33+09:00,162,12,8,30.61391223155929,4,66.66666666666666
2026-09-04 21:10:34+09:00,162,12,8,30.61391223155929,4,66.66666666666666
2026-09-04 21:15:36+09:00,162,12,8,30.823996265172738,4,66.66666666666666
2026-09-04 21:20:34+09:00,162,12,8,30.823996265172738,4,66.66666666666666
2026-09-04 21:25:32+09:00,162,12,8,30.823996265172738,4,66.66666666666666
2026-09-04 21:30:32+09:00,162,12,8,30.929038281979462,4,66.66666666666666
2026-09-04 21:35:32+09:00,162,12,8,31.139122315592907,4,66.66666666666666
2026-09-04 21:40:32+09:00,162,12,8,31.034080298786183,4,66.66666666666666
2026-09-04 21:45:34+09:00,162,12,8,31.244164332399627,4,66.66666666666666
2026-09-04 21:50:33+09:00,162,12,8,31.139122315592907,4,66.66666666666666
2026-09-04 21:55:32+09:00,162,12,8,31.454248366013072,4,66.66666666666666
2026-09-04 22:00:32+09:00,162,12,8,31.454248366013072,4,66.66666666666666
2026-09-04 22:05:32+09:00,162,12,8,31.559290382819796,4,66.66666666666666
2026-09-04 22:10:33+09:00,162,12,8,31.874416433239965,4,66.66666666666666
2026-09-04 22:15:33+09:00,162,12,8,32.08450046685341,4,66.66666666666666
2026-09-04 22:20:32+09:00,162,12,8,32.294584500466854,4,66.66666666666666
2026-09-04 22:25:33+09:00,162,12,8,32.71475256769375,4,66.66666666666666
2026-09-04 22:30:33+09:00,162,12,8,32.81979458450047,4,66.66666666666666
2026-09-04 22:35:32+09:00,162,12,8,33.13492063492063,4,66.66666666666666
2026-09-04 22:40:33+09:00,162,12,8,33.23996265172736,4,66.66666666666666
2026-09-04 22:45:33+09:00,162,12,8,33.23996265172736,4,66.66666666666666
2026-09-04 22:50:32+09:00,162,12,8,33.34500466853408,4,66.66666666666666
2026-09-04 22:55:32+09:00,162,12,8,33.45004668534081,4,66.66666666666666
2026-09-04 23:00:33+09:00,162,12,12,33.34500466853408,4,100.0
2026-09-04 23:05:32+09:00,162,12,12,9.803921568627452,9,100.0
2026-09-04 23:10:34+09:00,162,12,12,9.943977591036415,9,100.0
2026-09-04 23:15:36+09:00,162,12,12,9.990662931839402,9,100.0
2026-09-04 23:20:32+09:00,162,12,12,10.084033613445378,9,100.0
2026-09-04 23:25:32+09:00,162,12,12,10.03734827264239,9,100.0
2026-09-04 23:30:32+09:00,162,12,12,10.084033613445378,9,100.0
2026-09-04 23:35:32+09:00,162,12,12,10.130718954248366,9,100.0
2026-09-04 23:40:32+09:00,162,12,12,10.177404295051353,9,100.0
2026-09-04 23:45:32+09:00,162,12,12,10.177404295051353,9,100.0
2026-09-04 23:50:33+09:00,162,12,12,10.177404295051353,9,100.0
2026-09-04 23:55:32+09:00,162,12,12,10.224089635854341,9,100.0
2026-09-04 09:45:34+09:00,163,9,0,62.834311156679576,8,0.0
2026-09-04 09:50:33+09:00,163,9,1,62.834311156679576,8,11.11111111111111
2026-09-04 09:55:33+09:00,163,9,1,62.834311156679576,8,11.11111111111111
2026-09-04 10:00:32+09:00,163,9,1,,0,11.11111111111111
2026-09-04 10:05:32+09:00,163,9,1,,0,11.11111111111111
2026-09-04 10:10:32+09:00,163,9,1,,0,11.11111111111111
2026-09-04 10:15:32+09:00,163,9,1,,0,11.11111111111111
2026-09-04 10:20:32+09:00,163,9,1,,0,11.11111111111111
2026-09-04 10:25:32+09:00,163,9,1,,0,11.11111111111111
2026-09-04 10:30:32+09:00,163,9,1,,0,11.11111111111111
2026-09-04 10:35:32+09:00,163,9,1,,0,11.11111111111111
2026-09-04 10:40:32+09:00,163,9,1,,0,11.11111111111111
2026-09-04 10:45:32+09:00,163,9,0,,0,0.0
2026-09-04 10:50:32+09:00,163,9,0,,0,0.0
2026-09-04 10:55:32+09:00,163,9,0,,0,0.0
2026-09-04 11:00:32+09:00,163,9,0,,0,0.0
2026-09-04 11:05:32+09:00,163,9,0,,0,0.0
2026-09-04 11:10:32+09:00,163,9,0,,0,0.0
2026-09-04 11:15:32+09:00,163,9,0,,0,0.0
2026-09-04 11:20:32+09:00,163,9,0,,0,0.0
2026-09-04 11:25:32+09:00,163,9,0,,0,0.0
2026-09-04 11:30:32+09:00,163,9,0,,0,0.0
2026-09-04 11:35:32+09:00,163,9,0,,0,0.0
2026-09-04 11:40:35+09:00,163,9,0,,0,0.0
2026-09-04 11:45:32+09:00,163,9,0,,0,0.0
2026-09-04 11:50:32+09:00,163,9,0,,0,0.0
2026-09-04 11:55:33+09:00,163,9,0,,0,0.0
2026-09-04 12:00:32+09:00,163,9,0,,0,0.0
2026-09-04 12:05:32+09:00,163,9,0,,0,0.0
2026-09-04 12:10:32+09:00,163,9,0,,0,0.0
2026-09-04 12:15:33+09:00,163,9,0,,0,0.0
2026-09-04 12:20:32+09:00,163,9,0,,0,0.0
2026-09-04 12:25:32+09:00,163,9,0,,0,0.0
2026-09-04 12:30:32+09:00,163,9,0,,0,0.0
2026-09-04 12:35:32+09:00,163,9,0,,0,0.0
2026-09-04 12:40:33+09:00,163,9,0,,0,0.0
2026-09-04 12:45:32+09:00,163,9,0,,0,0.0
2026-09-04 12:50:32+09:00,163,9,0,,0,0.0
2026-09-04 12:55:32+09:00,163,9,0,,0,0.0
2026-09-04 13:00:32+09:00,163,9,0,,0,0.0
2026-09-04 13:05:32+09:00,163,9,0,,0,0.0
2026-09-04 13:10:32+09:00,163,9,0,,0,0.0
2026-09-04 13:15:32+09:00,163,9,0,,0,0.0
2026-09-04 13:20:32+09:00,163,9,0,,0,0.0
2026-09-04 13:25:32+09:00,163,9,0,,0,0.0
2026-09-04 13:30:32+09:00,163,9,0,,0,0.0
2026-09-04 13:35:32+09:00,163,9,0,,0,0.0
2026-09-04 13:40:32+09:00,163,9,0,,0,0.0
2026-09-04 13:45:33+09:00,163,9,0,,0,0.0
2026-09-04 13:50:32+09:00,163,9,0,,0,0.0
2026-09-04 13:55:33+09:00,163,9,0,,0,0.0
2026-09-04 14:00:32+09:00,163,9,0,,0,0.0
2026-09-04 14:05:33+09:00,163,9,0,72.03444775039202,8,0.0
2026-09-04 14:10:32+09:00,163,9,0,71.83539564151019,8,0.0
2026-09-04 14:15:34+09:00,163,9,0,70.13583423800142,8,0.0
2026-09-04 14:20:34+09:00,163,9,0,76.29649826437752,8,0.0
2026-09-04 14:25:34+09:00,163,9,0,76.28721703992602,8,0.0
2026-09-04 14:30:32+09:00,163,9,0,76.90187199281627,8,0.0
2026-09-04 14:35:33+09:00,163,9,0,77.2134966426762,8,0.0
2026-09-04 14:40:32+09:00,163,9,0,76.0246119979092,8,0.0
2026-09-04 14:45:35+09:00,163,9,0,75.5364849288998,8,0.0
2026-09-04 14:50:34+09:00,163,9,0,76.30600007147996,8,0.0
2026-09-04 14:55:34+09:00,163,9,0,74.03327279875268,8,0.0
2026-09-04 15:00:32+09:00,163,9,0,76.09968269604492,8,0.0
2026-09-04 15:05:33+09:00,163,9,0,68.97645461693449,8,0.0
2026-09-04 15:10:33+09:00,163,9,0,71.72966674708161,8,0.0
2026-09-04 15:15:33+09:00,163,9,0,71.60473320109543,8,0.0
2026-09-04 15:20:32+09:00,163,9,0,69.99918188966177,8,0.0
2026-09-04 15:25:32+09:00,163,9,0,71.51098836663853,8,0.0
2026-09-04 15:30:32+09:00,163,9,0,69.29534453334763,8,0.0
2026-09-04 15:35:32+09:00,163,9,0,69.83667948838227,8,0.0
2026-09-04 15:40:32+09:00,163,9,0,71.48371988348768,8,0.0
2026-09-04 15:45:34+09:00,163,9,0,70.65213725043446,8,0.0
2026-09-04 15:50:34+09:00,163,9,0,69.4107315972641,8,0.0
2026-09-04 15:55:33+09:00,163,9,0,73.23648917302168,8,0.0
2026-09-04 16:00:34+09:00,163,9,0,71.84197403044152,8,0.0
2026-09-04 16:05:34+09:00,163,9,0,71.08938232390246,8,0.0
2026-09-04 16:10:35+09:00,163,9,0,73.7787762632964,8,0.0
2026-09-04 16:15:35+09:00,163,9,0,69.14859285021824,8,0.0
2026-09-04 16:20:33+09:00,163,9,0,66.04911063308896,8,0.0
2026-09-04 16:25:32+09:00,163,9,0,65.88496921894755,8,0.0
2026-09-04 16:30:33+09:00,163,9,0,66.7622292138546,8,0.0
2026-09-04 16:35:32+09:00,163,9,1,67.23141688892463,8,11.11111111111111
2026-09-04 16:40:32+09:00,163,9,1,66.85799000620982,8,11.11111111111111
2026-09-04 16:45:32+09:00,163,9,1,68.61935364257346,8,11.11111111111111
2026-09-04 16:50:32+09:00,163,9,0,72.24712293210746,8,0.0
2026-09-04 16:55:32+09:00,163,9,0,72.10165565428723,8,0.0
2026-09-04 17:00:32+09:00,163,9,1,73.34306130745759,8,11.11111111111111
2026-09-04 17:05:33+09:00,163,9,1,71.33750150778015,8,11.11111111111111
2026-09-04 17:10:33+09:00,163,9,1,71.23245949097341,8,11.11111111111111
2026-09-04 17:15:32+09:00,163,9,1,69.9385328293997,8,11.11111111111111
2026-09-04 17:20:32+09:00,163,9,0,67.50797727384415,8,0.0
2026-09-04 17:25:32+09:00,163,9,1,68.2961665527455,8,11.11111111111111
2026-09-04 17:30:34+09:00,163,9,1,67.6289905914519,8,11.11111111111111
2026-09-04 17:35:35+09:00,163,9,0,67.6289905914519,8,0.0
2026-09-04 17:40:35+09:00,163,9,0,62.33078797707281,8,0.0
2026-09-04 17:45:34+09:00,163,9,0,64.85041424863407,8,0.0
2026-09-04 17:50:32+09:00,163,9,0,61.60344879578626,8,0.0
2026-09-04 17:55:33+09:00,163,9,0,60.3527619181644,8,0.0
2026-09-04 18:00:32+09:00,163,9,0,55.869796483186576,8,0.0
2026-09-04 18:05:32+09:00,163,9,0,55.410953855226296,8,0.0
2026-09-04 18:10:34+09:00,163,9,0,53.524436090225564,8,0.0
2026-09-04 18:15:32+09:00,163,9,0,50.59381408065619,8,0.0
2026-09-04 18:20:32+09:00,163,9,2,49.562492461099275,8,22.22222222222222
2026-09-04 18:25:32+09:00,163,9,3,46.24809852170533,8,33.33333333333333
2026-09-04 18:30:32+09:00,163,9,3,45.842463779770284,8,33.33333333333333
2026-09-04 18:35:32+09:00,163,9,3,42.58059084877971,8,33.33333333333333
2026-09-04 18:40:35+09:00,163,9,3,41.90482054065645,8,33.33333333333333
2026-09-04 18:45:35+09:00,163,9,3,41.4570098374278,8,33.33333333333333
2026-09-04 18:50:33+09:00,163,9,3,36.07997265892003,8,33.33333333333333
2026-09-04 18:55:34+09:00,163,9,3,35.5092443676035,8,33.33333333333333
2026-09-04 19:00:34+09:00,163,9,7,40.982938629997456,6,77.77777777777779
2026-09-04 19:05:32+09:00,163,9,8,43.50267379679144,4,88.88888888888889
2026-09-04 19:10:33+09:00,163,9,8,46.0614548849843,3,88.88888888888889
2026-09-04 19:15:32+09:00,163,9,8,45.92139886257533,3,88.88888888888889
2026-09-04 19:20:32+09:00,163,9,8,46.0614548849843,3,88.88888888888889
2026-09-04 19:25:32+09:00,163,9,8,46.34156692980222,3,88.88888888888889
2026-09-04 19:30:32+09:00,163,9,8,46.48162295221118,3,88.88888888888889
2026-09-04 19:35:33+09:00,163,9,8,46.48162295221118,3,88.88888888888889
2026-09-04 19:40:35+09:00,163,9,8,46.62167897462015,3,88.88888888888889
2026-09-04 19:45:32+09:00,163,9,8,47.32195908666497,3,88.88888888888889
2026-09-04 19:50:33+09:00,163,9,8,47.462015109073924,3,88.88888888888889
2026-09-04 19:55:34+09:00,163,9,8,47.74212715389186,3,88.88888888888889
2026-09-04 20:00:32+09:00,163,9,8,47.88218317630083,3,88.88888888888889
2026-09-04 20:05:33+09:00,163,9,8,47.88218317630083,3,88.88888888888889
2026-09-04 20:10:32+09:00,163,9,8,48.02223919870979,3,88.88888888888889
2026-09-04 20:15:32+09:00,163,9,8,48.02223919870979,3,88.88888888888889
2026-09-04 20:20:33+09:00,163,9,8,48.02223919870979,3,88.88888888888889
2026-09-04 20:25:33+09:00,163,9,8,47.181903064256005,3,88.88888888888889
2026-09-04 20:30:33+09:00,163,9,8,47.181903064256005,3,88.88888888888889
2026-09-04 20:35:32+09:00,163,9,8,47.181903064256005,3,88.88888888888889
2026-09-04 20:40:32+09:00,163,9,8,47.602071131482894,3,88.88888888888889
2026-09-04 20:45:32+09:00,163,9,8,47.88218317630083,3,88.88888888888889
2026-09-04 20:50:32+09:00,163,9,8,48.02223919870979,3,88.88888888888889
2026-09-04 20:55:33+09:00,163,9,8,48.16229522111875,3,88.88888888888889
2026-09-04 21:00:33+09:00,163,9,8,48.30235124352771,3,88.88888888888889
2026-09-04 21:05:33+09:00,163,9,8,48.58246328834564,3,88.88888888888889
2026-09-04 21:10:34+09:00,163,9,8,48.58246328834564,3,88.88888888888889
2026-09-04 21:15:36+09:00,163,9,8,48.86257533316357,3,88.88888888888889
2026-09-04 21:20:34+09:00,163,9,8,48.86257533316357,3,88.88888888888889
2026-09-04 21:25:32+09:00,163,9,8,48.86257533316357,3,88.88888888888889
2026-09-04 21:30:32+09:00,163,9,8,49.00263135557253,3,88.88888888888889
2026-09-04 21:35:32+09:00,163,9,8,49.282743400390466,3,88.88888888888889
2026-09-04 21:40:32+09:00,163,9,8,49.142687377981495,3,88.88888888888889
2026-09-04 21:45:34+09:00,163,9,8,49.42279942279942,3,88.88888888888889
2026-09-04 21:50:33+09:00,163,9,8,49.282743400390466,3,88.88888888888889
2026-09-04 21:55:32+09:00,163,9,8,49.70291146761735,3,88.88888888888889
2026-09-04 22:00:32+09:00,163,9,8,49.70291146761735,3,88.88888888888889
2026-09-04 22:05:32+09:00,163,9,8,49.84296749002632,3,88.88888888888889
2026-09-04 22:10:33+09:00,163,9,8,50.26313555725321,3,88.88888888888889
2026-09-04 22:15:33+09:00,163,9,8,50.543247602071126,3,88.88888888888889
2026-09-04 22:20:32+09:00,163,9,8,50.82335964688906,3,88.88888888888889
2026-09-04 22:25:33+09:00,163,9,8,51.38358373652491,3,88.88888888888889
2026-09-04 22:30:33+09:00,163,9,8,51.523639758933875,3,88.88888888888889
2026-09-04 22:35:32+09:00,163,9,8,51.943807826160764,3,88.88888888888889
2026-09-04 22:40:33+09:00,163,9,8,52.083863848569735,3,88.88888888888889
2026-09-04 22:45:33+09:00,163,9,8,52.083863848569735,3,88.88888888888889
2026-09-04 22:50:32+09:00,163,9,8,52.2239198709787,3,88.88888888888889
2026-09-04 22:55:32+09:00,163,9,8,52.363975893387654,3,88.88888888888889
2026-09-04 23:00:33+09:00,163,9,9,52.2239198709787,3,100.0
2026-09-04 23:05:32+09:00,163,9,9,11.029411764705882,8,100.0
2026-09-04 23:10:34+09:00,163,9,9,11.186974789915967,8,100.0
2026-09-04 23:15:36+09:00,163,9,9,11.239495798319329,8,100.0
2026-09-04 23:20:32+09:00,163,9,9,11.344537815126051,8,100.0
2026-09-04 23:25:32+09:00,163,9,9,11.292016806722689,8,100.0
2026-09-04 23:30:32+09:00,163,9,9,11.344537815126051,8,100.0
2026-09-04 23:35:32+09:00,163,9,9,11.397058823529411,8,100.0
2026-09-04 23:40:32+09:00,163,9,9,11.449579831932773,8,100.0
2026-09-04 23:45:32+09:00,163,9,9,11.449579831932773,8,100.0
2026-09-04 23:50:33+09:00,163,9,9,11.449579831932773,8,100.0
2026-09-04 23:55:32+09:00,163,9,9,11.502100840336134,8,100.0
2026-09-04 09:45:34+09:00,164,19,7,61.291486291486294,7,36.84210526315789
2026-09-04 09:50:33+09:00,164,19,8,61.291486291486294,7,42.10526315789473
2026-09-04 09:55:33+09:00,164,19,7,61.291486291486294,7,36.84210526315789
2026-09-04 10:00:32+09:00,164,19,9,,0,47.368421052631575
2026-09-04 10:05:32+09:00,164,19,9,,0,47.368421052631575
2026-09-04 10:10:32+09:00,164,19,9,,0,47.368421052631575
2026-09-04 10:15:32+09:00,164,19,9,,0,47.368421052631575
2026-09-04 10:20:32+09:00,164,19,8,,0,42.10526315789473
2026-09-04 10:25:32+09:00,164,19,8,,0,42.10526315789473
2026-09-04 10:30:32+09:00,164,19,9,,0,47.368421052631575
2026-09-04 10:35:32+09:00,164,19,7,,0,36.84210526315789
2026-09-04 10:40:32+09:00,164,19,8,,0,42.10526315789473
2026-09-04 10:45:32+09:00,164,19,8,,0,42.10526315789473
2026-09-04 10:50:32+09:00,164,19,7,,0,36.84210526315789
2026-09-04 10:55:32+09:00,164,19,7,,0,36.84210526315789
2026-09-04 11:00:32+09:00,164,19,7,,0,36.84210526315789
2026-09-04 11:05:32+09:00,164,19,7,,0,36.84210526315789
2026-09-04 11:10:32+09:00,164,19,7,,0,36.84210526315789
2026-09-04 11:15:32+09:00,164,19,7,,0,36.84210526315789
2026-09-04 11:20:32+09:00,164,19,6,,0,31.57894736842105
2026-09-04 11:25:32+09:00,164,19,6,,0,31.57894736842105
2026-09-04 11:30:32+09:00,164,19,6,,0,31.57894736842105
2026-09-04 11:35:32+09:00,164,19,7,,0,36.84210526315789
2026-09-04 11:40:35+09:00,164,19,7,,0,36.84210526315789
2026-09-04 11:45:32+09:00,164,19,7,,0,36.84210526315789
2026-09-04 11:50:32+09:00,164,19,7,,0,36.84210526315789
2026-09-04 11:55:33+09:00,164,19,7,,0,36.84210526315789
2026-09-04 12:00:32+09:00,164,19,8,,0,42.10526315789473
2026-09-04 12:05:32+09:00,164,19,9,,0,47.368421052631575
2026-09-04 12:10:32+09:00,164,19,10,,0,52.63157894736842
2026-09-04 12:15:33+09:00,164,19,9,,0,47.368421052631575
2026-09-04 12:20:32+09:00,164,19,9,,0,47.368421052631575
2026-09-04 12:25:32+09:00,164,19,8,,0,42.10526315789473
2026-09-04 12:30:32+09:00,164,19,8,,0,42.10526315789473
2026-09-04 12:35:32+09:00,164,19,8,,0,42.10526315789473
2026-09-04 12:40:33+09:00,164,19,9,,0,47.368421052631575
2026-09-04 12:45:32+09:00,164,19,9,,0,47.368421052631575
2026-09-04 12:50:32+09:00,164,19,9,,0,47.368421052631575
2026-09-04 12:55:32+09:00,164,19,10,,0,52.63157894736842
2026-09-04 13:00:32+09:00,164,19,10,,0,52.63157894736842
2026-09-04 13:05:32+09:00,164,19,9,,0,47.368421052631575
2026-09-04 13:10:32+09:00,164,19,9,,0,47.368421052631575
2026-09-04 13:15:32+09:00,164,19,10,,0,52.63157894736842
2026-09-04 13:20:32+09:00,164,19,9,,0,47.368421052631575
2026-09-04 13:25:32+09:00,164,19,10,,0,52.63157894736842
2026-09-04 13:30:32+09:00,164,19,11,,0,57.89473684210527
2026-09-04 13:35:32+09:00,164,19,11,,0,57.89473684210527
2026-09-04 13:40:32+09:00,164,19,11,,0,57.89473684210527
2026-09-04 13:45:33+09:00,164,19,9,,0,47.368421052631575
2026-09-04 13:50:32+09:00,164,19,9,,0,47.368421052631575
2026-09-04 13:55:33+09:00,164,19,9,,0,47.368421052631575
2026-09-04 14:00:32+09:00,164,19,9,,0,47.368421052631575
2026-09-04 14:05:33+09:00,164,19,9,71.64502164502164,7,47.368421052631575
2026-09-04 14:10:32+09:00,164,19,10,71.75324675324676,7,52.63157894736842
2026-09-04 14:15:34+09:00,164,19,10,70.56277056277057,7,52.63157894736842
2026-09-04 14:20:34+09:00,164,19,10,76.73160173160173,7,52.63157894736842
2026-09-04 14:25:34+09:00,164,19,9,75.43290043290042,7,47.368421052631575
2026-09-04 14:30:32+09:00,164,19,8,72.85353535353535,6,42.10526315789473
2026-09-04 14:35:33+09:00,164,19,9,72.85353535353535,6,47.368421052631575
2026-09-04 14:40:32+09:00,164,19,9,71.33838383838383,6,47.368421052631575
2026-09-04 14:45:35+09:00,164,19,8,72.97979797979798,6,42.10526315789473
2026-09-04 14:50:34+09:00,164,19,8,72.64309764309765,6,42.10526315789473
2026-09-04 14:55:34+09:00,164,19,8,69.61279461279462,6,42.10526315789473
2026-09-04 15:00:32+09:00,164,19,8,72.85353535353535,6,42.10526315789473
2026-09-04 15:05:33+09:00,164,19,8,63.425925925925924,6,42.10526315789473
2026-09-04 15:10:33+09:00,164,19,9,66.79292929292929,6,47.368421052631575
2026-09-04 15:15:33+09:00,164,19,8,65.1936026936027,6,42.10526315789473
2026-09-04 15:20:32+09:00,164,19,8,63.67845117845118,6,42.10526315789473
2026-09-04 15:25:32+09:00,164,19,9,65.53030303030303,6,47.368421052631575
2026-09-04 15:30:32+09:00,164,19,9,63.341750841750844,6,47.368421052631575
2026-09-04 15:35:32+09:00,164,19,9,64.73063973063974,6,47.368421052631575
2026-09-04 15:40:32+09:00,164,19,9,66.11952861952862,6,47.368421052631575
2026-09-04 15:45:34+09:00,164,19,9,64.73063973063974,6,47.368421052631575
2026-09-04 15:50:34+09:00,164,19,9,68.47041847041848,7,47.368421052631575
2026-09-04 15:55:33+09:00,164,19,9,72.36652236652237,7,47.368421052631575
2026-09-04 16:00:34+09:00,164,19,10,71.46464646464646,7,52.63157894736842
2026-09-04 16:05:34+09:00,164,19,11,71.35642135642136,7,57.89473684210527
2026-09-04 16:10:35+09:00,164,19,12,73.95382395382396,7,63.1578947368421
2026-09-04 16:15:35+09:00,164,19,13,70.16594516594516,7,68.42105263157895
2026-09-04 16:20:33+09:00,164,19,13,67.27994227994228,7,68.42105263157895
2026-09-04 16:25:32+09:00,164,19,13,67.56854256854257,7,68.42105263157895
2026-09-04 16:30:33+09:00,164,19,13,68.86724386724386,7,68.42105263157895
2026-09-04 16:35:32+09:00,164,19,12,67.27994227994228,7,63.1578947368421
2026-09-04 16:40:32+09:00,164,19,12,65.98124098124097,7,63.1578947368421
2026-09-04 16:45:32+09:00,164,19,12,68.47041847041847,7,63.1578947368421
2026-09-04 16:50:32+09:00,164,19,12,71.86147186147187,7,63.1578947368421
2026-09-04 16:55:32+09:00,164,19,12,73.73737373737374,7,63.1578947368421
2026-09-04 17:00:32+09:00,164,19,13,73.44877344877344,7,68.42105263157895
2026-09-04 17:05:33+09:00,164,19,12,71.57287157287158,7,63.1578947368421
2026-09-04 17:10:33+09:00,164,19,12,71.57287157287156,7,63.1578947368421
2026-09-04 17:15:32+09:00,164,19,13,70.27417027417027,7,68.42105263157895
2026-09-04 17:20:32+09:00,164,19,12,67.49639249639249,7,63.1578947368421
2026-09-04 17:25:32+09:00,164,19,12,68.00144300144301,7,63.1578947368421
2026-09-04 17:30:34+09:00,164,19,11,66.7027417027417,7,57.89473684210527
2026-09-04 17:35:35+09:00,164,19,11,66.7027417027417,7,57.89473684210527
2026-09-04 17:40:35+09:00,164,19,11,61.544011544011546,7,57.89473684210527
2026-09-04 17:45:34+09:00,164,19,12,65.11544011544012,7,63.1578947368421
2026-09-04 17:50:32+09:00,164,19,12,57.44949494949495,6,63.1578947368421
2026-09-04 17:55:33+09:00,164,19,12,54.41919191919192,6,63.1578947368421
2026-09-04 18:00:32+09:00,164,19,13,50.12626262626262,6,68.42105263157895
2026-09-04 18:05:32+09:00,164,19,15,50.0,6,78.94736842105263
2026-09-04 18:10:34+09:00,164,19,16,50.0,6,84.21052631578947
2026-09-04 18:15:32+09:00,164,19,16,54.54545454545455,7,84.21052631578947
2026-09-04 18:20:32+09:00,164,19,16,50.07215007215007,7,84.21052631578947
2026-09-04 18:25:32+09:00,164,19,16,44.696969696969695,7,84.21052631578947
2026-09-04 18:30:32+09:00,164,19,17,44.8051948051948,7,89.47368421052632
2026-09-04 18:35:32+09:00,164,19,17,41.01731601731602,7,89.47368421052632
2026-09-04 18:40:35+09:00,164,19,17,41.01731601731602,7,89.47368421052632
2026-09-04 18:45:35+09:00,164,19,18,41.01731601731602,7,94.73684210526315
2026-09-04 18:50:33+09:00,164,19,21,34.63203463203463,7,110.5263157894737
2026-09-04 18:55:34+09:00,164,19,21,34.63203463203463,7,110.5263157894737
2026-09-04 19:00:34+09:00,164,19,21,34.848484848484844,6,110.5263157894737
2026-09-04 19:05:32+09:00,164,19,21,20.2020202020202,4,110.5263157894737
2026-09-04 19:10:33+09:00,164,19,21,20.2020202020202,4,110.5263157894737
2026-09-04 19:15:32+09:00,164,19,21,20.2020202020202,4,110.5263157894737
2026-09-04 19:20:32+09:00,164,19,21,20.2020202020202,4,110.5263157894737
2026-09-04 19:25:32+09:00,164,19,21,20.2020202020202,4,110.5263157894737
2026-09-04 19:30:32+09:00,164,19,21,20.2020202020202,4,110.5263157894737
2026-09-04 19:35:33+09:00,164,19,21,20.2020202020202,4,110.5263157894737
2026-09-04 19:40:35+09:00,164,19,21,20.2020202020202,4,110.5263157894737
2026-09-04 19:45:32+09:00,164,19,21,20.2020202020202,4,110.5263157894737
2026-09-04 19:50:33+09:00,164,19,21,20.2020202020202,4,110.5263157894737
2026-09-04 19:55:34+09:00,164,19,21,20.2020202020202,4,110.5263157894737
2026-09-04 20:00:32+09:00,164,19,21,20.2020202020202,4,110.5263157894737
2026-09-04 20:05:33+09:00,164,19,21,20.2020202020202,4,110.5263157894737
2026-09-04 20:10:32+09:00,164,19,21,20.2020202020202,4,110.5263157894737
2026-09-04 20:15:32+09:00,164,19,21,20.2020202020202,4,110.5263157894737
2026-09-04 20:20:33+09:00,164,19,21,20.2020202020202,4,110.5263157894737
2026-09-04 20:25:33+09:00,164,19,21,20.2020202020202,4,110.5263157894737
2026-09-04 20:30:33+09:00,164,19,21,20.2020202020202,4,110.5263157894737
2026-09-04 20:35:32+09:00,164,19,21,20.2020202020202,4,110.5263157894737
2026-09-04 20:40:32+09:00,164,19,21,20.2020202020202,4,110.5263157894737
2026-09-04 20:45:32+09:00,164,19,21,20.2020202020202,4,110.5263157894737
2026-09-04 20:50:32+09:00,164,19,21,20.2020202020202,4,110.5263157894737
2026-09-04 20:55:33+09:00,164,19,21,20.2020202020202,4,110.5263157894737
2026-09-04 21:00:33+09:00,164,19,21,20.2020202020202,4,110.5263157894737
2026-09-04 21:05:33+09:00,164,19,21,20.2020202020202,4,110.5263157894737
2026-09-04 21:10:34+09:00,164,19,21,20.2020202020202,4,110.5263157894737
2026-09-04 21:15:36+09:00,164,19,21,20.2020202020202,4,110.5263157894737
2026-09-04 21:20:34+09:00,164,19,21,20.2020202020202,4,110.5263157894737
2026-09-04 21:25:32+09:00,164,19,21,20.2020202020202,4,110.5263157894737
2026-09-04 21:30:32+09:00,164,19,21,20.2020202020202,4,110.5263157894737
2026-09-04 21:35:32+09:00,164,19,21,20.2020202020202,4,110.5263157894737
2026-09-04 21:40:32+09:00,164,19,21,20.2020202020202,4,110.5263157894737
2026-09-04 21:45:34+09:00,164,19,21,20.2020202020202,4,110.5263157894737
2026-09-04 21:50:33+09:00,164,19,21,20.2020202020202,4,110.5263157894737
2026-09-04 21:55:32+09:00,164,19,21,20.2020202020202,4,110.5263157894737
2026-09-04 22:00:32+09:00,164,19,21,20.2020202020202,4,110.5263157894737
2026-09-04 22:05:32+09:00,164,19,21,20.2020202020202,4,110.5263157894737
2026-09-04 22:10:33+09:00,164,19,21,20.2020202020202,4,110.5263157894737
2026-09-04 22:15:33+09:00,164,19,21,20.2020202020202,4,110.5263157894737
2026-09-04 22:20:32+09:00,164,19,21,20.2020202020202,4,110.5263157894737
2026-09-04 22:25:33+09:00,164,19,21,20.2020202020202,4,110.5263157894737
2026-09-04 22:30:33+09:00,164,19,21,20.2020202020202,4,110.5263157894737
2026-09-04 22:35:32+09:00,164,19,21,20.2020202020202,4,110.5263157894737
2026-09-04 22:40:33+09:00,164,19,21,20.2020202020202,4,110.5263157894737
2026-09-04 22:45:33+09:00,164,19,21,20.2020202020202,4,110.5263157894737
2026-09-04 22:50:32+09:00,164,19,21,20.2020202020202,4,110.5263157894737
2026-09-04 22:55:32+09:00,164,19,21,20.2020202020202,4,110.5263157894737
2026-09-04 23:00:33+09:00,164,19,19,20.2020202020202,4,100.0
2026-09-04 23:05:32+09:00,164,19,19,0.0,7,100.0
2026-09-04 23:10:34+09:00,164,19,19,0.0,7,100.0
2026-09-04 23:15:36+09:00,164,19,19,0.0,7,100.0
2026-09-04 23:20:32+09:00,164,19,19,0.0,7,100.0
2026-09-04 23:25:32+09:00,164,19,19,0.0,7,100.0
2026-09-04 23:30:32+09:00,164,19,19,0.0,7,100.0
2026-09-04 23:35:32+09:00,164,19,19,0.0,7,100.0
2026-09-04 23:40:32+09:00,164,19,19,0.0,7,100.0
2026-09-04 23:45:32+09:00,164,19,19,0.0,7,100.0
2026-09-04 23:50:33+09:00,164,19,19,0.0,7,100.0
2026-09-04 23:55:32+09:00,164,19,19,0.0,7,100.0
2026-09-04 09:45:34+09:00,165,5,0,39.88132094943241,4,0.0
2026-09-04 09:50:33+09:00,165,5,0,39.88132094943241,4,0.0
2026-09-04 09:55:33+09:00,165,5,0,39.88132094943241,4,0.0
2026-09-04 10:00:32+09:00,165,5,0,,0,0.0
2026-09-04 10:05:32+09:00,165,5,0,,0,0.0
2026-09-04 10:10:32+09:00,165,5,0,,0,0.0
2026-09-04 10:15:32+09:00,165,5,0,,0,0.0
2026-09-04 10:20:32+09:00,165,5,0,,0,0.0
2026-09-04 10:25:32+09:00,165,5,0,,0,0.0
2026-09-04 10:30:32+09:00,165,5,0,,0,0.0
2026-09-04 10:35:32+09:00,165,5,0,,0,0.0
2026-09-04 10:40:32+09:00,165,5,0,,0,0.0
2026-09-04 10:45:32+09:00,165,5,0,,0,0.0
2026-09-04 10:50:32+09:00,165,5,0,,0,0.0
2026-09-04 10:55:32+09:00,165,5,0,,0,0.0
2026-09-04 11:00:32+09:00,165,5,1,,0,20.0
2026-09-04 11:05:32+09:00,165,5,0,,0,0.0
2026-09-04 11:10:32+09:00,165,5,0,,0,0.0
2026-09-04 11:15:32+09:00,165,5,0,,0,0.0
2026-09-04 11:20:32+09:00,165,5,0,,0,0.0
2026-09-04 11:25:32+09:00,165,5,0,,0,0.0
2026-09-04 11:30:32+09:00,165,5,0,,0,0.0
2026-09-04 11:35:32+09:00,165,5,0,,0,0.0
2026-09-04 11:40:35+09:00,165,5,0,,0,0.0
2026-09-04 11:45:32+09:00,165,5,0,,0,0.0
2026-09-04 11:50:32+09:00,165,5,0,,0,0.0
2026-09-04 11:55:33+09:00,165,5,0,,0,0.0
2026-09-04 12:00:32+09:00,165,5,0,,0,0.0
2026-09-04 12:05:32+09:00,165,5,0,,0,0.0
2026-09-04 12:10:32+09:00,165,5,0,,0,0.0
2026-09-04 12:15:33+09:00,165,5,0,,0,0.0
2026-09-04 12:20:32+09:00,165,5,0,,0,0.0
2026-09-04 12:25:32+09:00,165,5,0,,0,0.0
2026-09-04 12:30:32+09:00,165,5,0,,0,0.0
2026-09-04 12:35:32+09:00,165,5,0,,0,0.0
2026-09-04 12:40:33+09:00,165,5,1,,0,20.0
2026-09-04 12:45:32+09:00,165,5,1,,0,20.0
2026-09-04 12:50:32+09:00,165,5,1,,0,20.0
2026-09-04 12:55:32+09:00,165,5,1,,0,20.0
2026-09-04 13:00:32+09:00,165,5,1,,0,20.0
2026-09-04 13:05:32+09:00,165,5,1,,0,20.0
2026-09-04 13:10:32+09:00,165,5,1,,0,20.0
2026-09-04 13:15:32+09:00,165,5,1,,0,20.0
2026-09-04 13:20:32+09:00,165,5,1,,0,20.0
2026-09-04 13:25:32+09:00,165,5,1,,0,20.0
2026-09-04 13:30:32+09:00,165,5,1,,0,20.0
2026-09-04 13:35:32+09:00,165,5,1,,0,20.0
2026-09-04 13:40:32+09:00,165,5,1,,0,20.0
2026-09-04 13:45:33+09:00,165,5,0,,0,0.0
2026-09-04 13:50:32+09:00,165,5,0,,0,0.0
2026-09-04 13:55:33+09:00,165,5,0,,0,0.0
2026-09-04 14:00:32+09:00,165,5,0,,0,0.0
2026-09-04 14:05:33+09:00,165,5,0,47.123323013415884,4,0.0
2026-09-04 14:10:32+09:00,165,5,0,48.285603715170275,4,0.0
2026-09-04 14:15:34+09:00,165,5,0,48.285603715170275,4,0.0
2026-09-04 14:20:34+09:00,165,5,0,47.95665634674923,4,0.0
2026-09-04 14:25:34+09:00,165,5,0,50.26057791537667,4,0.0
2026-09-04 14:30:32+09:00,165,5,0,45.015479876160995,4,0.0
2026-09-04 14:35:33+09:00,165,5,0,44.37822497420021,4,0.0
2026-09-04 14:40:32+09:00,165,5,0,42.90763673890609,4,0.0
2026-09-04 14:45:35+09:00,165,5,0,39.574303405572756,4,0.0
2026-09-04 14:50:34+09:00,165,5,1,41.54927760577915,4,20.0
2026-09-04 14:55:34+09:00,165,5,1,47.76057791537667,4,20.0
2026-09-04 15:00:32+09:00,165,5,0,46.92724458204334,4,0.0
2026-09-04 15:05:33+09:00,165,5,0,49.868421052631575,4,0.0
2026-09-04 15:10:33+09:00,165,5,0,51.20614035087719,4,0.0
2026-09-04 15:15:33+09:00,165,5,0,50.568885448916404,4,0.0
2026-09-04 15:20:32+09:00,165,5,0,48.26496388028896,4,0.0
2026-09-04 15:25:32+09:00,165,5,0,45.51986584107327,4,0.0
2026-09-04 15:30:32+09:00,165,5,0,44.357585139318886,4,0.0
2026-09-04 15:35:32+09:00,165,5,0,44.357585139318886,4,0.0
2026-09-04 15:40:32+09:00,165,5,0,45.828173374613,4,0.0
2026-09-04 15:45:34+09:00,165,5,0,49.09829721362229,4,0.0
2026-09-04 15:50:34+09:00,165,5,0,47.62770897832817,4,0.0
2026-09-04 15:55:33+09:00,165,5,0,47.31940144478844,4,0.0
2026-09-04 16:00:34+09:00,165,5,0,47.97729618163055,4,0.0
2026-09-04 16:05:34+09:00,165,5,0,47.97729618163055,4,0.0
2026-09-04 16:10:35+09:00,165,5,0,51.75180598555212,4,0.0
2026-09-04 16:15:35+09:00,165,5,0,50.281217750257994,4,0.0
2026-09-04 16:20:33+09:00,165,5,0,49.447884416924666,4,0.0
2026-09-04 16:25:32+09:00,165,5,0,48.61455108359133,4,0.0
2026-09-04 16:30:33+09:00,165,5,0,46.31062951496388,4,0.0
2026-09-04 16:35:32+09:00,165,5,0,48.61455108359133,4,0.0
2026-09-04 16:40:32+09:00,165,5,0,50.08513931888545,4,0.0
2026-09-04 16:45:32+09:00,165,5,0,50.722394220846226,4,0.0
2026-09-04 16:50:32+09:00,165,5,0,47.585139318885446,4,0.0
2026-09-04 16:55:32+09:00,165,5,0,47.781217750257994,4,0.0
2026-09-04 17:00:32+09:00,165,5,0,49.25180598555211,4,0.0
2026-09-04 17:05:33+09:00,165,5,0,46.94788441692466,4,0.0
2026-09-04 17:10:33+09:00,165,5,0,46.61893704850361,4,0.0
2026-09-04 17:15:32+09:00,165,5,0,48.08952528379773,4,0.0
2026-09-04 17:20:32+09:00,165,5,0,43.67776057791538,4,0.0
2026-09-04 17:25:32+09:00,165,5,0,44.31501547987616,4,0.0
2026-09-04 17:30:34+09:00,165,5,0,45.148348813209495,4,0.0
2026-09-04 17:35:35+09:00,165,5,0,45.148348813209495,4,0.0
2026-09-04 17:40:35+09:00,165,5,0,42.84442724458204,4,0.0
2026-09-04 17:45:34+09:00,165,5,0,42.03173374613003,4,0.0
2026-09-04 17:50:32+09:00,165,5,0,41.1984004127967,4,0.0
2026-09-04 17:55:33+09:00,165,5,1,42.03173374613003,4,20.0
2026-09-04 18:00:32+09:00,165,5,3,40.89009287925697,4,60.0
2026-09-04 18:05:32+09:00,165,5,3,40.38570691434469,4,60.0
2026-09-04 18:10:34+09:00,165,5,3,38.71904024767802,4,60.0
2026-09-04 18:15:32+09:00,165,5,3,38.71904024767802,4,60.0
2026-09-04 18:20:32+09:00,165,5,3,40.18962848297214,4,60.0
2026-09-04 18:25:32+09:00,165,5,3,41.660216718266255,4,60.0
2026-09-04 18:30:32+09:00,165,5,3,41.17647058823529,4,60.0
2026-09-04 18:35:32+09:00,165,5,3,41.17647058823529,4,60.0
2026-09-04 18:40:35+09:00,165,5,3,38.03921568627451,4,60.0
2026-09-04 18:45:35+09:00,165,5,3,32.15686274509804,4,60.0
2026-09-04 18:50:33+09:00,165,5,3,32.48581011351909,4,60.0
2026-09-04 18:55:34+09:00,165,5,3,30.490196078431374,4,60.0
2026-09-04 19:00:34+09:00,165,5,3,31.148090815273477,4,60.0
2026-09-04 19:05:32+09:00,165,5,3,31.477038183694532,4,60.0
2026-09-04 19:10:33+09:00,165,5,3,29.74716202270382,3,60.0
2026-09-04 19:15:32+09:00,165,5,3,29.74716202270382,3,60.0
2026-09-04 19:20:32+09:00,165,5,3,30.18575851393189,3,60.0
2026-09-04 19:25:32+09:00,165,5,3,30.18575851393189,3,60.0
2026-09-04 19:30:32+09:00,165,5,3,30.62435500515996,3,60.0
2026-09-04 19:35:33+09:00,165,5,3,30.62435500515996,3,60.0
2026-09-04 19:40:35+09:00,165,5,3,30.62435500515996,3,60.0
2026-09-04 19:45:32+09:00,165,5,3,31.501547987616096,3,60.0
2026-09-04 19:50:33+09:00,165,5,3,31.501547987616096,3,60.0
2026-09-04 19:55:34+09:00,165,5,3,31.062951496388035,3,60.0
2026-09-04 20:00:32+09:00,165,5,3,31.062951496388035,3,60.0
2026-09-04 20:05:33+09:00,165,5,3,31.062951496388035,3,60.0
2026-09-04 20:10:32+09:00,165,5,3,31.062951496388035,3,60.0
2026-09-04 20:15:32+09:00,165,5,3,31.062951496388035,3,60.0
2026-09-04 20:20:33+09:00,165,5,3,31.501547987616096,3,60.0
2026-09-04 20:25:33+09:00,165,5,3,31.94014447884417,3,60.0
2026-09-04 20:30:33+09:00,165,5,3,31.94014447884417,3,60.0
2026-09-04 20:35:32+09:00,165,5,3,32.817337461300305,3,60.0
2026-09-04 20:40:32+09:00,165,5,3,32.817337461300305,3,60.0
2026-09-04 20:45:32+09:00,165,5,3,31.062951496388035,3,60.0
2026-09-04 20:50:32+09:00,165,5,3,31.062951496388035,3,60.0
2026-09-04 20:55:33+09:00,165,5,3,31.062951496388035,3,60.0
2026-09-04 21:00:33+09:00,165,5,3,31.062951496388035,3,60.0
2026-09-04 21:05:33+09:00,165,5,3,31.501547987616096,3,60.0
2026-09-04 21:10:34+09:00,165,5,3,31.501547987616096,3,60.0
2026-09-04 21:15:36+09:00,165,5,3,31.501547987616096,3,60.0
2026-09-04 21:20:34+09:00,165,5,3,31.501547987616096,3,60.0
2026-09-04 21:25:32+09:00,165,5,3,32.37874097007224,3,60.0
2026-09-04 21:30:32+09:00,165,5,3,31.94014447884417,3,60.0
2026-09-04 21:35:32+09:00,165,5,3,32.37874097007224,3,60.0
2026-09-04 21:40:32+09:00,165,5,3,33.694530443756456,3,60.0
2026-09-04 21:45:34+09:00,165,5,3,33.694530443756456,3,60.0
2026-09-04 21:50:33+09:00,165,5,3,33.694530443756456,3,60.0
2026-09-04 21:55:32+09:00,165,5,3,33.694530443756456,3,60.0
2026-09-04 22:00:32+09:00,165,5,3,34.133126934984524,3,60.0
2026-09-04 22:05:32+09:00,165,5,3,34.133126934984524,3,60.0
2026-09-04 22:10:33+09:00,165,5,3,34.133126934984524,3,60.0
2026-09-04 22:15:33+09:00,165,5,3,34.133126934984524,3,60.0
2026-09-04 22:20:32+09:00,165,5,3,34.57172342621259,3,60.0
2026-09-04 22:25:33+09:00,165,5,3,34.57172342621259,3,60.0
2026-09-04 22:30:33+09:00,165,5,3,34.133126934984524,3,60.0
2026-09-04 22:35:32+09:00,165,5,3,34.133126934984524,3,60.0
2026-09-04 22:40:33+09:00,165,5,3,34.133126934984524,3,60.0
2026-09-04 22:45:33+09:00,165,5,3,34.57172342621259,3,60.0
2026-09-04 22:50:32+09:00,165,5,3,34.57172342621259,3,60.0
2026-09-04 22:55:32+09:00,165,5,3,34.57172342621259,3,60.0
2026-09-04 23:00:33+09:00,165,5,5,35.01031991744066,3,100.0
2026-09-04 23:05:32+09:00,165,5,5,17.434210526315788,4,100.0
2026-09-04 23:10:34+09:00,165,5,5,17.434210526315788,4,100.0
2026-09-04 23:15:36+09:00,165,5,5,17.434210526315788,4,100.0
2026-09-04 23:20:32+09:00,165,5,5,17.434210526315788,4,100.0
2026-09-04 23:25:32+09:00,165,5,5,17.434210526315788,4,100.0
2026-09-04 23:30:32+09:00,165,5,5,17.434210526315788,4,100.0
2026-09-04 23:35:32+09:00,165,5,5,17.763157894736842,4,100.0
2026-09-04 23:40:32+09:00,165,5,5,17.763157894736842,4,100.0
2026-09-04 23:45:32+09:00,165,5,5,17.763157894736842,4,100.0
2026-09-04 23:50:33+09:00,165,5,5,17.763157894736842,4,100.0
2026-09-04 23:55:32+09:00,165,5,5,17.763157894736842,4,100.0
2026-09-04 09:45:34+09:00,166,30,14,64.59671410651804,9,46.666666666666664
2026-09-04 09:50:33+09:00,166,30,15,64.59671410651804,9,50.0
2026-09-04 09:55:33+09:00,166,30,14,64.59671410651804,9,46.666666666666664
2026-09-04 10:00:32+09:00,166,30,11,,0,36.666666666666664
2026-09-04 10:05:32+09:00,166,30,10,,0,33.33333333333333
2026-09-04 10:10:32+09:00,166,30,8,,0,26.666666666666668
2026-09-04 10:15:32+09:00,166,30,7,,0,23.333333333333332
2026-09-04 10:20:32+09:00,166,30,7,,0,23.333333333333332
2026-09-04 10:25:32+09:00,166,30,7,,0,23.333333333333332
2026-09-04 10:30:32+09:00,166,30,6,,0,20.0
2026-09-04 10:35:32+09:00,166,30,5,,0,16.666666666666664
2026-09-04 10:40:32+09:00,166,30,6,,0,20.0
2026-09-04 10:45:32+09:00,166,30,6,,0,20.0
2026-09-04 10:50:32+09:00,166,30,7,,0,23.333333333333332
2026-09-04 10:55:32+09:00,166,30,8,,0,26.666666666666668
2026-09-04 11:00:32+09:00,166,30,6,,0,20.0
2026-09-04 11:05:32+09:00,166,30,6,,0,20.0
2026-09-04 11:10:32+09:00,166,30,5,,0,16.666666666666664
2026-09-04 11:15:32+09:00,166,30,4,,0,13.333333333333334
2026-09-04 11:20:32+09:00,166,30,5,,0,16.666666666666664
2026-09-04 11:25:32+09:00,166,30,5,,0,16.666666666666664
2026-09-04 11:30:32+09:00,166,30,6,,0,20.0
2026-09-04 11:35:32+09:00,166,30,6,,0,20.0
2026-09-04 11:40:35+09:00,166,30,6,,0,20.0
2026-09-04 11:45:32+09:00,166,30,7,,0,23.333333333333332
2026-09-04 11:50:32+09:00,166,30,8,,0,26.666666666666668
2026-09-04 11:55:33+09:00,166,30,9,,0,30.0
2026-09-04 12:00:32+09:00,166,30,6,,0,20.0
2026-09-04 12:05:32+09:00,166,30,7,,0,23.333333333333332
2026-09-04 12:10:32+09:00,166,30,8,,0,26.666666666666668
2026-09-04 12:15:33+09:00,166,30,8,,0,26.666666666666668
2026-09-04 12:20:32+09:00,166,30,8,,0,26.666666666666668
2026-09-04 12:25:32+09:00,166,30,7,,0,23.333333333333332
2026-09-04 12:30:32+09:00,166,30,8,,0,26.666666666666668
2026-09-04 12:35:32+09:00,166,30,9,,0,30.0
2026-09-04 12:40:33+09:00,166,30,9,,0,30.0
2026-09-04 12:45:32+09:00,166,30,9,,0,30.0
2026-09-04 12:50:32+09:00,166,30,9,,0,30.0
2026-09-04 12:55:32+09:00,166,30,9,,0,30.0
2026-09-04 13:00:32+09:00,166,30,10,,0,33.33333333333333
2026-09-04 13:05:32+09:00,166,30,10,,0,33.33333333333333
2026-09-04 13:10:32+09:00,166,30,10,,0,33.33333333333333
2026-09-04 13:15:32+09:00,166,30,10,,0,33.33333333333333
2026-09-04 13:20:32+09:00,166,30,10,,0,33.33333333333333
2026-09-04 13:25:32+09:00,166,30,10,,0,33.33333333333333
2026-09-04 13:30:32+09:00,166,30,8,,0,26.666666666666668
2026-09-04 13:35:32+09:00,166,30,6,,0,20.0
2026-09-04 13:40:32+09:00,166,30,6,,0,20.0
2026-09-04 13:45:33+09:00,166,30,7,,0,23.333333333333332
2026-09-04 13:50:32+09:00,166,30,8,,0,26.666666666666668
2026-09-04 13:55:33+09:00,166,30,8,,0,26.666666666666668
2026-09-04 14:00:32+09:00,166,30,8,,0,26.666666666666668
2026-09-04 14:05:33+09:00,166,30,10,70.82537560478737,8,33.33333333333333
2026-09-04 14:10:32+09:00,166,30,9,70.86755156608098,8,30.0
2026-09-04 14:15:34+09:00,166,30,10,69.8258848994143,8,33.33333333333333
2026-09-04 14:20:34+09:00,166,30,8,75.3286541889483,8,26.666666666666668
2026-09-04 14:25:34+09:00,166,30,9,74.98010567863508,8,30.0
2026-09-04 14:30:32+09:00,166,30,9,70.06347993742952,7,30.0
2026-09-04 14:35:33+09:00,166,30,8,69.10309578376805,7,26.666666666666668
2026-09-04 14:40:32+09:00,166,30,8,71.04103004838299,8,26.666666666666668
2026-09-04 14:45:35+09:00,166,30,12,71.0832060096766,8,40.0
2026-09-04 14:50:34+09:00,166,30,11,67.87709023003141,8,36.666666666666664
2026-09-04 14:55:34+09:00,166,30,11,70.81826670061965,8,36.666666666666664
2026-09-04 15:00:32+09:00,166,30,12,75.80134326457856,8,40.0
2026-09-04 15:05:33+09:00,166,30,11,70.14870342076225,8,36.666666666666664
2026-09-04 15:10:33+09:00,166,30,11,72.72647695441813,8,36.666666666666664
2026-09-04 15:15:33+09:00,166,30,10,69.65532425091249,8,33.33333333333333
2026-09-04 15:20:32+09:00,166,30,10,68.86750912486207,8,33.33333333333333
2026-09-04 15:25:32+09:00,166,30,8,67.99799465240642,8,26.666666666666668
2026-09-04 15:30:32+09:00,166,30,9,61.370305698036795,7,30.0
2026-09-04 15:35:32+09:00,166,30,9,62.74085391732451,7,30.0
2026-09-04 15:40:32+09:00,166,30,9,66.01034353135194,7,30.0
2026-09-04 15:45:34+09:00,166,30,9,66.74063564819868,7,30.0
2026-09-04 15:50:34+09:00,166,30,9,67.7849927849928,8,30.0
2026-09-04 15:55:33+09:00,166,30,8,69.322425940073,8,26.666666666666668
2026-09-04 16:00:34+09:00,166,30,8,67.44944189797131,8,26.666666666666668
2026-09-04 16:05:34+09:00,166,30,8,71.99209650190043,9,26.666666666666668
2026-09-04 16:10:35+09:00,166,30,7,75.3194880645861,9,23.333333333333332
2026-09-04 16:15:35+09:00,166,30,8,72.72986635731735,9,26.666666666666668
2026-09-04 16:20:33+09:00,166,30,8,71.35524243367381,9,26.666666666666668
2026-09-04 16:25:32+09:00,166,30,9,71.57970932480737,9,30.0
2026-09-04 16:30:33+09:00,166,30,10,67.44944189797131,8,33.33333333333333
2026-09-04 16:35:32+09:00,166,30,9,65.7120044987692,8,30.0
2026-09-04 16:40:32+09:00,166,30,9,69.25864621943053,9,30.0
2026-09-04 16:45:32+09:00,166,30,10,70.83816691659828,9,33.33333333333333
2026-09-04 16:50:32+09:00,166,30,10,71.90532778768073,9,33.33333333333333
2026-09-04 16:55:32+09:00,166,30,10,69.45717681011799,8,33.33333333333333
2026-09-04 17:00:32+09:00,166,30,10,70.04498769204652,8,33.33333333333333
2026-09-04 17:05:33+09:00,166,30,11,67.72080044138868,8,36.666666666666664
2026-09-04 17:10:33+09:00,166,30,11,68.75212206094558,8,36.666666666666664
2026-09-04 17:15:32+09:00,166,30,11,67.05712588065529,8,36.666666666666664
2026-09-04 17:20:32+09:00,166,30,11,66.59616708636317,9,36.666666666666664
2026-09-04 17:25:32+09:00,166,30,11,67.7359495986947,9,36.666666666666664
2026-09-04 17:30:34+09:00,166,30,11,66.77253392939667,9,36.666666666666664
2026-09-04 17:35:35+09:00,166,30,12,66.77253392939667,9,40.0
2026-09-04 17:40:35+09:00,166,30,12,61.77979609352158,9,40.0
2026-09-04 17:45:34+09:00,166,30,12,63.950664440860514,9,40.0
2026-09-04 17:50:32+09:00,166,30,13,58.00308759867583,8,43.333333333333336
2026-09-04 17:55:33+09:00,166,30,12,55.45056659027247,8,40.0
2026-09-04 18:00:32+09:00,166,30,13,54.048096511331806,8,43.333333333333336
2026-09-04 18:05:32+09:00,166,30,13,47.64228418640183,8,43.333333333333336
2026-09-04 18:10:34+09:00,166,30,15,47.90488922841864,8,50.0
2026-09-04 18:15:32+09:00,166,30,15,51.673032849503436,9,50.0
2026-09-04 18:20:32+09:00,166,30,15,48.940761489781096,9,50.0
2026-09-04 18:25:32+09:00,166,30,15,46.42376142376142,9,50.0
2026-09-04 18:30:32+09:00,166,30,15,44.98429674900263,9,50.0
2026-09-04 18:35:32+09:00,166,30,15,42.084854143677674,9,50.0
2026-09-04 18:40:35+09:00,166,30,17,41.5713153948448,9,56.666666666666664
2026-09-04 18:45:35+09:00,166,30,17,39.143677673089435,9,56.666666666666664
2026-09-04 18:50:33+09:00,166,30,19,38.40449311037546,9,63.33333333333333
2026-09-04 18:55:34+09:00,166,30,19,38.6379198143904,9,63.33333333333333
2026-09-04 19:00:34+09:00,166,30,32,39.353514132925895,8,106.66666666666667
2026-09-04 19:05:32+09:00,166,30,32,31.230936819172115,6,106.66666666666667
2026-09-04 19:10:33+09:00,166,30,32,31.370992841581074,6,106.66666666666667
2026-09-04 19:15:32+09:00,166,30,32,31.300964830376596,6,106.66666666666667
2026-09-04 19:20:32+09:00,166,30,32,31.370992841581074,6,106.66666666666667
2026-09-04 19:25:32+09:00,166,30,32,31.51104886399004,6,106.66666666666667
2026-09-04 19:30:32+09:00,166,30,32,31.581076875194523,6,106.66666666666667
2026-09-04 19:35:33+09:00,166,30,32,31.581076875194523,6,106.66666666666667
2026-09-04 19:40:35+09:00,166,30,32,31.651104886399008,6,106.66666666666667
2026-09-04 19:45:32+09:00,166,30,32,32.001244942421415,6,106.66666666666667
2026-09-04 19:50:33+09:00,166,30,32,32.07127295362589,6,106.66666666666667
2026-09-04 19:55:34+09:00,166,30,32,32.21132897603486,6,106.66666666666667
2026-09-04 20:00:32+09:00,166,30,32,32.28135698723934,6,106.66666666666667
2026-09-04 20:05:33+09:00,166,30,32,32.28135698723934,6,106.66666666666667
2026-09-04 20:10:32+09:00,166,30,32,32.35138499844382,6,106.66666666666667
2026-09-04 20:15:32+09:00,166,30,32,32.35138499844382,6,106.66666666666667
2026-09-04 20:20:33+09:00,166,30,32,32.35138499844382,6,106.66666666666667
2026-09-04 20:25:33+09:00,166,30,32,31.931216931216927,6,106.66666666666667
2026-09-04 20:30:33+09:00,166,30,32,31.931216931216927,6,106.66666666666667
2026-09-04 20:35:32+09:00,166,30,32,31.931216931216927,6,106.66666666666667
2026-09-04 20:40:32+09:00,166,30,32,32.14130096483038,6,106.66666666666667
2026-09-04 20:45:32+09:00,166,30,32,32.28135698723934,6,106.66666666666667
2026-09-04 20:50:32+09:00,166,30,32,32.35138499844382,6,106.66666666666667
2026-09-04 20:55:33+09:00,166,30,32,32.421413009648305,6,106.66666666666667
2026-09-04 21:00:33+09:00,166,30,32,32.49144102085278,6,106.66666666666667
2026-09-04 21:05:33+09:00,166,30,32,32.63149704326175,6,106.66666666666667
2026-09-04 21:10:34+09:00,166,30,32,32.63149704326175,6,106.66666666666667
2026-09-04 21:15:36+09:00,166,30,32,32.77155306567071,6,106.66666666666667
2026-09-04 21:20:34+09:00,166,30,32,32.77155306567071,6,106.66666666666667
2026-09-04 21:25:32+09:00,166,30,32,32.77155306567071,6,106.66666666666667
2026-09-04 21:30:32+09:00,166,30,32,32.841581076875194,6,106.66666666666667
2026-09-04 21:35:32+09:00,166,30,32,32.981637099284164,6,106.66666666666667
2026-09-04 21:40:32+09:00,166,30,32,32.91160908807968,6,106.66666666666667
2026-09-04 21:45:34+09:00,166,30,32,33.05166511048864,6,106.66666666666667
2026-09-04 21:50:33+09:00,166,30,32,32.981637099284164,6,106.66666666666667
2026-09-04 21:55:32+09:00,166,30,32,33.191721132897605,6,106.66666666666667
2026-09-04 22:00:32+09:00,166,30,32,33.191721132897605,6,106.66666666666667
2026-09-04 22:05:32+09:00,166,30,32,33.26174914410208,6,106.66666666666667
2026-09-04 22:10:33+09:00,166,30,32,33.47183317771553,6,106.66666666666667
2026-09-04 22:15:33+09:00,166,30,32,33.611889200124494,6,106.66666666666667
2026-09-04 22:20:32+09:00,166,30,32,33.75194522253346,6,106.66666666666667
2026-09-04 22:25:33+09:00,166,30,32,34.032057267351384,6,106.66666666666667
2026-09-04 22:30:33+09:00,166,30,32,34.10208527855587,6,106.66666666666667
2026-09-04 22:35:32+09:00,166,30,32,34.31216931216931,6,106.66666666666667
2026-09-04 22:40:33+09:00,166,30,32,34.382197323373795,6,106.66666666666667
2026-09-04 22:45:33+09:00,166,30,32,34.382197323373795,6,106.66666666666667
2026-09-04 22:50:32+09:00,166,30,32,34.45222533457828,6,106.66666666666667
2026-09-04 22:55:32+09:00,166,30,32,34.52225334578276,6,106.66666666666667
2026-09-04 23:00:33+09:00,166,30,30,34.45222533457828,6,100.0
2026-09-04 23:05:32+09:00,166,30,30,9.803921568627452,9,100.0
2026-09-04 23:10:34+09:00,166,30,30,9.943977591036415,9,100.0
2026-09-04 23:15:36+09:00,166,30,30,9.990662931839402,9,100.0
2026-09-04 23:20:32+09:00,166,30,30,10.084033613445378,9,100.0
2026-09-04 23:25:32+09:00,166,30,30,10.03734827264239,9,100.0
2026-09-04 23:30:32+09:00,166,30,30,10.084033613445378,9,100.0
2026-09-04 23:35:32+09:00,166,30,30,10.130718954248366,9,100.0
2026-09-04 23:40:32+09:00,166,30,30,10.177404295051353,9,100.0
2026-09-04 23:45:32+09:00,166,30,30,10.177404295051353,9,100.0
2026-09-04 23:50:33+09:00,166,30,30,10.177404295051353,9,100.0
2026-09-04 23:55:32+09:00,166,30,30,10.224089635854341,9,100.0
2026-09-04 09:45:34+09:00,167,11,3,59.786165502883776,10,27.27272727272727
2026-09-04 09:50:33+09:00,167,11,3,59.786165502883776,10,27.27272727272727
2026-09-04 09:55:33+09:00,167,11,3,59.786165502883776,10,27.27272727272727
2026-09-04 10:00:32+09:00,167,11,3,,0,27.27272727272727
2026-09-04 10:05:32+09:00,167,11,3,,0,27.27272727272727
2026-09-04 10:10:32+09:00,167,11,2,,0,18.181818181818183
2026-09-04 10:15:32+09:00,167,11,3,,0,27.27272727272727
2026-09-04 10:20:32+09:00,167,11,3,,0,27.27272727272727
2026-09-04 10:25:32+09:00,167,11,3,,0,27.27272727272727
2026-09-04 10:30:32+09:00,167,11,2,,0,18.181818181818183
2026-09-04 10:35:32+09:00,167,11,2,,0,18.181818181818183
2026-09-04 10:40:32+09:00,167,11,2,,0,18.181818181818183
2026-09-04 10:45:32+09:00,167,11,2,,0,18.181818181818183
2026-09-04 10:50:32+09:00,167,11,2,,0,18.181818181818183
2026-09-04 10:55:32+09:00,167,11,2,,0,18.181818181818183
2026-09-04 11:00:32+09:00,167,11,2,,0,18.181818181818183
2026-09-04 11:05:32+09:00,167,11,1,,0,9.090909090909092
2026-09-04 11:10:32+09:00,167,11,1,,0,9.090909090909092
2026-09-04 11:15:32+09:00,167,11,1,,0,9.090909090909092
2026-09-04 11:20:32+09:00,167,11,2,,0,18.181818181818183
2026-09-04 11:25:32+09:00,167,11,3,,0,27.27272727272727
2026-09-04 11:30:32+09:00,167,11,3,,0,27.27272727272727
2026-09-04 11:35:32+09:00,167,11,2,,0,18.181818181818183
2026-09-04 11:40:35+09:00,167,11,1,,0,9.090909090909092
2026-09-04 11:45:32+09:00,167,11,2,,0,18.181818181818183
2026-09-04 11:50:32+09:00,167,11,1,,0,9.090909090909092
2026-09-04 11:55:33+09:00,167,11,1,,0,9.090909090909092
2026-09-04 12:00:32+09:00,167,11,1,,0,9.090909090909092
2026-09-04 12:05:32+09:00,167,11,2,,0,18.181818181818183
2026-09-04 12:10:32+09:00,167,11,3,,0,27.27272727272727
2026-09-04 12:15:33+09:00,167,11,2,,0,18.181818181818183
2026-09-04 12:20:32+09:00,167,11,2,,0,18.181818181818183
2026-09-04 12:25:32+09:00,167,11,2,,0,18.181818181818183
2026-09-04 12:30:32+09:00,167,11,2,,0,18.181818181818183
2026-09-04 12:35:32+09:00,167,11,2,,0,18.181818181818183
2026-09-04 12:40:33+09:00,167,11,1,,0,9.090909090909092
2026-09-04 12:45:32+09:00,167,11,1,,0,9.090909090909092
2026-09-04 12:50:32+09:00,167,11,1,,0,9.090909090909092
2026-09-04 12:55:32+09:00,167,11,1,,0,9.090909090909092
2026-09-04 13:00:32+09:00,167,11,2,,0,18.181818181818183
2026-09-04 13:05:32+09:00,167,11,1,,0,9.090909090909092
2026-09-04 13:10:32+09:00,167,11,2,,0,18.181818181818183
2026-09-04 13:15:32+09:00,167,11,1,,0,9.090909090909092
2026-09-04 13:20:32+09:00,167,11,1,,0,9.090909090909092
2026-09-04 13:25:32+09:00,167,11,1,,0,9.090909090909092
2026-09-04 13:30:32+09:00,167,11,1,,0,9.090909090909092
2026-09-04 13:35:32+09:00,167,11,1,,0,9.090909090909092
2026-09-04 13:40:32+09:00,167,11,1,,0,9.090909090909092
2026-09-04 13:45:33+09:00,167,11,1,,0,9.090909090909092
2026-09-04 13:50:32+09:00,167,11,1,,0,9.090909090909092
2026-09-04 13:55:33+09:00,167,11,1,,0,9.090909090909092
2026-09-04 14:00:32+09:00,167,11,2,,0,18.181818181818183
2026-09-04 14:05:33+09:00,167,11,2,67.68103413614249,10,18.181818181818183
2026-09-04 14:10:32+09:00,167,11,1,66.61270153994613,10,9.090909090909092
2026-09-04 14:15:34+09:00,167,11,1,65.2530524171391,10,9.090909090909092
2026-09-04 14:20:34+09:00,167,11,1,70.18158363823999,10,9.090909090909092
2026-09-04 14:25:34+09:00,167,11,1,71.67148486188734,10,9.090909090909092
2026-09-04 14:30:32+09:00,167,11,1,66.09934670306187,9,9.090909090909092
2026-09-04 14:35:33+09:00,167,11,1,65.72275162058445,9,9.090909090909092
2026-09-04 14:40:32+09:00,167,11,1,64.01237049843861,9,9.090909090909092
2026-09-04 14:45:35+09:00,167,11,1,63.578479770430235,9,9.090909090909092
2026-09-04 14:50:34+09:00,167,11,1,64.91608800174332,9,9.090909090909092
2026-09-04 14:55:34+09:00,167,11,1,65.51026506650862,9,9.090909090909092
2026-09-04 15:00:32+09:00,167,11,1,67.34707386410173,9,9.090909090909092
2026-09-04 15:05:33+09:00,167,11,3,64.34270713424479,9,27.27272727272727
2026-09-04 15:10:33+09:00,167,11,2,66.79000680548668,9,18.181818181818183
2026-09-04 15:15:33+09:00,167,11,4,66.02535999336824,9,36.36363636363637
2026-09-04 15:20:32+09:00,167,11,3,63.944608500852055,9,27.27272727272727
2026-09-04 15:25:32+09:00,167,11,3,63.327652166661466,9,27.27272727272727
2026-09-04 15:30:32+09:00,167,11,2,60.34808997141298,9,18.181818181818183
2026-09-04 15:35:32+09:00,167,11,2,60.829276598110454,9,18.181818181818183
2026-09-04 15:40:32+09:00,167,11,1,61.93680626601164,9,9.090909090909092
2026-09-04 15:45:34+09:00,167,11,1,62.504811245781326,9,9.090909090909092
2026-09-04 15:50:34+09:00,167,11,2,65.58206121364017,10,18.181818181818183
2026-09-04 15:55:33+09:00,167,11,2,68.05443198012858,10,18.181818181818183
2026-09-04 16:00:34+09:00,167,11,4,68.75700168424626,10,36.36363636363637
2026-09-04 16:05:34+09:00,167,11,4,68.154928319015,10,36.36363636363637
2026-09-04 16:10:35+09:00,167,11,3,69.66473224058363,10,27.27272727272727
2026-09-04 16:15:35+09:00,167,11,2,66.28144112509437,10,18.181818181818183
2026-09-04 16:20:33+09:00,167,11,2,62.89276444230005,10,18.181818181818183
2026-09-04 16:25:32+09:00,167,11,3,63.67054222007782,10,27.27272727272727
2026-09-04 16:30:33+09:00,167,11,3,62.87502401279492,10,27.27272727272727
2026-09-04 16:35:32+09:00,167,11,3,63.63658924494838,10,27.27272727272727
2026-09-04 16:40:32+09:00,167,11,4,64.83517394198509,10,36.36363636363637
2026-09-04 16:45:32+09:00,167,11,4,66.83250014519363,10,36.36363636363637
2026-09-04 16:50:32+09:00,167,11,5,68.944460080683,10,45.45454545454545
2026-09-04 16:55:32+09:00,167,11,4,70.4620731865314,10,36.36363636363637
2026-09-04 17:00:32+09:00,167,11,4,70.0232309829833,10,36.36363636363637
2026-09-04 17:05:33+09:00,167,11,1,66.9214569400328,10,9.090909090909092
2026-09-04 17:10:33+09:00,167,11,1,65.0192415084056,10,9.090909090909092
2026-09-04 17:15:32+09:00,167,11,3,66.39051729144607,10,27.27272727272727
2026-09-04 17:20:32+09:00,167,11,3,62.68136696464869,10,27.27272727272727
2026-09-04 17:25:32+09:00,167,11,3,63.900153681887424,10,27.27272727272727
2026-09-04 17:30:34+09:00,167,11,3,63.36641291285254,10,27.27272727272727
2026-09-04 17:35:35+09:00,167,11,4,64.27550382194345,10,36.36363636363637
2026-09-04 17:40:35+09:00,167,11,4,59.44870643632254,10,36.36363636363637
2026-09-04 17:45:34+09:00,167,11,4,60.876172159453894,10,36.36363636363637
2026-09-04 17:50:32+09:00,167,11,4,54.877456564763065,9,36.36363636363637
2026-09-04 17:55:33+09:00,167,11,4,53.76573489576586,9,36.36363636363637
2026-09-04 18:00:32+09:00,167,11,6,50.13738297020031,9,54.54545454545454
2026-09-04 18:05:32+09:00,167,11,5,49.72952285645784,9,45.45454545454545
2026-09-04 18:10:34+09:00,167,11,5,48.05261817645718,9,45.45454545454545
2026-09-04 18:15:32+09:00,167,11,6,51.811949660246874,10,54.54545454545454
2026-09-04 18:20:32+09:00,167,11,8,50.261996345587676,10,72.72727272727273
2026-09-04 18:25:32+09:00,167,11,8,47.99669628616997,10,72.72727272727273
2026-09-04 18:30:32+09:00,167,11,8,47.08395319850428,10,72.72727272727273
2026-09-04 18:35:32+09:00,167,11,8,44.47445485371182,10,72.72727272727273
2026-09-04 18:40:35+09:00,167,11,8,43.34560331309557,10,72.72727272727273
2026-09-04 18:45:35+09:00,167,11,8,40.63441357404206,10,72.72727272727273
2026-09-04 18:50:33+09:00,167,11,8,36.332783831235844,10,72.72727272727273
2026-09-04 18:55:34+09:00,167,11,12,35.87620119818261,10,109.09090909090908
2026-09-04 19:00:34+09:00,167,11,12,40.073211102622864,8,109.09090909090908
2026-09-04 19:05:32+09:00,167,11,12,31.48798913504796,7,109.09090909090908
2026-09-04 19:10:33+09:00,167,11,12,30.764932235520472,6,109.09090909090908
2026-09-04 19:15:32+09:00,167,11,12,30.69490422431599,6,109.09090909090908
2026-09-04 19:20:32+09:00,167,11,12,30.764932235520472,6,109.09090909090908
2026-09-04 19:25:32+09:00,167,11,12,30.904988257929435,6,109.09090909090908
2026-09-04 19:30:32+09:00,167,11,12,30.975016269133917,6,109.09090909090908
2026-09-04 19:35:33+09:00,167,11,12,30.975016269133917,6,109.09090909090908
2026-09-04 19:40:35+09:00,167,11,12,31.0450442803384,6,109.09090909090908
2026-09-04 19:45:32+09:00,167,11,12,31.39518433636081,6,109.09090909090908
2026-09-04 19:50:33+09:00,167,11,12,31.465212347565288,6,109.09090909090908
2026-09-04 19:55:34+09:00,167,11,12,31.605268369974254,6,109.09090909090908
2026-09-04 20:00:32+09:00,167,11,12,31.675296381178736,6,109.09090909090908
2026-09-04 20:05:33+09:00,167,11,12,31.675296381178736,6,109.09090909090908
2026-09-04 20:10:32+09:00,167,11,12,31.745324392383214,6,109.09090909090908
2026-09-04 20:15:32+09:00,167,11,12,31.745324392383214,6,109.09090909090908
2026-09-04 20:20:33+09:00,167,11,12,31.745324392383214,6,109.09090909090908
2026-09-04 20:25:33+09:00,167,11,12,31.325156325156325,6,109.09090909090908
2026-09-04 20:30:33+09:00,167,11,12,31.325156325156325,6,109.09090909090908
2026-09-04 20:35:32+09:00,167,11,12,31.325156325156325,6,109.09090909090908
2026-09-04 20:40:32+09:00,167,11,12,31.53524035876977,6,109.09090909090908
2026-09-04 20:45:32+09:00,167,11,12,31.675296381178736,6,109.09090909090908
2026-09-04 20:50:32+09:00,167,11,12,31.745324392383214,6,109.09090909090908
2026-09-04 20:55:33+09:00,167,11,12,31.8153524035877,6,109.09090909090908
2026-09-04 21:00:33+09:00,167,11,12,31.88538041479218,6,109.09090909090908
2026-09-04 21:05:33+09:00,167,11,12,32.025436437201144,6,109.09090909090908
2026-09-04 21:10:34+09:00,167,11,12,32.025436437201144,6,109.09090909090908
2026-09-04 21:15:36+09:00,167,11,12,32.16549245961011,6,109.09090909090908
2026-09-04 21:20:34+09:00,167,11,12,32.16549245961011,6,109.09090909090908
2026-09-04 21:25:32+09:00,167,11,12,32.16549245961011,6,109.09090909090908
2026-09-04 21:30:32+09:00,167,11,12,32.23552047081459,6,109.09090909090908
2026-09-04 21:35:32+09:00,167,11,12,32.375576493223555,6,109.09090909090908
2026-09-04 21:40:32+09:00,167,11,12,32.30554848201907,6,109.09090909090908
2026-09-04 21:45:34+09:00,167,11,12,32.44560450442803,6,109.09090909090908
2026-09-04 21:50:33+09:00,167,11,12,32.375576493223555,6,109.09090909090908
2026-09-04 21:55:32+09:00,167,11,12,32.585660526836996,6,109.09090909090908
2026-09-04 22:00:32+09:00,167,11,12,32.585660526836996,6,109.09090909090908
2026-09-04 22:05:32+09:00,167,11,12,32.65568853804148,6,109.09090909090908
2026-09-04 22:10:33+09:00,167,11,12,32.86577257165492,6,109.09090909090908
2026-09-04 22:15:33+09:00,167,11,12,33.00582859406389,6,109.09090909090908
2026-09-04 22:20:32+09:00,167,11,12,33.14588461647285,6,109.09090909090908
2026-09-04 22:25:33+09:00,167,11,12,33.42599666129078,6,109.09090909090908
2026-09-04 22:30:33+09:00,167,11,12,33.49602467249526,6,109.09090909090908
2026-09-04 22:35:32+09:00,167,11,12,33.70610870610871,6,109.09090909090908
2026-09-04 22:40:33+09:00,167,11,12,33.776136717313186,6,109.09090909090908
2026-09-04 22:45:33+09:00,167,11,12,33.776136717313186,6,109.09090909090908
2026-09-04 22:50:32+09:00,167,11,12,33.84616472851767,6,109.09090909090908
2026-09-04 22:55:32+09:00,167,11,12,33.916192739722156,6,109.09090909090908
2026-09-04 23:00:33+09:00,167,11,11,33.84616472851767,6,100.0
2026-09-04 23:05:32+09:00,167,11,11,8.823529411764707,10,100.0
2026-09-04 23:10:34+09:00,167,11,11,8.949579831932773,10,100.0
2026-09-04 23:15:36+09:00,167,11,11,8.991596638655462,10,100.0
2026-09-04 23:20:32+09:00,167,11,11,9.07563025210084,10,100.0
2026-09-04 23:25:32+09:00,167,11,11,9.033613445378151,10,100.0
2026-09-04 23:30:32+09:00,167,11,11,9.07563025210084,10,100.0
2026-09-04 23:35:32+09:00,167,11,11,9.117647058823529,10,100.0
2026-09-04 23:40:32+09:00,167,11,11,9.159663865546218,10,100.0
2026-09-04 23:45:32+09:00,167,11,11,9.159663865546218,10,100.0
2026-09-04 23:50:33+09:00,167,11,11,9.159663865546218,10,100.0
2026-09-04 23:55:32+09:00,167,11,11,9.201680672268907,10,100.0
2026-09-04 09:45:34+09:00,168,9,1,64.22320004556846,8,11.11111111111111
2026-09-04 09:50:33+09:00,168,9,2,64.22320004556846,8,22.22222222222222
2026-09-04 09:55:33+09:00,168,9,2,64.22320004556846,8,22.22222222222222
2026-09-04 10:00:32+09:00,168,9,1,,0,11.11111111111111
2026-09-04 10:05:32+09:00,168,9,1,,0,11.11111111111111
2026-09-04 10:10:32+09:00,168,9,1,,0,11.11111111111111
2026-09-04 10:15:32+09:00,168,9,1,,0,11.11111111111111
2026-09-04 10:20:32+09:00,168,9,1,,0,11.11111111111111
2026-09-04 10:25:32+09:00,168,9,1,,0,11.11111111111111
2026-09-04 10:30:32+09:00,168,9,1,,0,11.11111111111111
2026-09-04 10:35:32+09:00,168,9,3,,0,33.33333333333333
2026-09-04 10:40:32+09:00,168,9,2,,0,22.22222222222222
2026-09-04 10:45:32+09:00,168,9,2,,0,22.22222222222222
2026-09-04 10:50:32+09:00,168,9,2,,0,22.22222222222222
2026-09-04 10:55:32+09:00,168,9,2,,0,22.22222222222222
2026-09-04 11:00:32+09:00,168,9,1,,0,11.11111111111111
2026-09-04 11:05:32+09:00,168,9,1,,0,11.11111111111111
2026-09-04 11:10:32+09:00,168,9,1,,0,11.11111111111111
2026-09-04 11:15:32+09:00,168,9,1,,0,11.11111111111111
2026-09-04 11:20:32+09:00,168,9,1,,0,11.11111111111111
2026-09-04 11:25:32+09:00,168,9,0,,0,0.0
2026-09-04 11:30:32+09:00,168,9,1,,0,11.11111111111111
2026-09-04 11:35:32+09:00,168,9,1,,0,11.11111111111111
2026-09-04 11:40:35+09:00,168,9,1,,0,11.11111111111111
2026-09-04 11:45:32+09:00,168,9,1,,0,11.11111111111111
2026-09-04 11:50:32+09:00,168,9,2,,0,22.22222222222222
2026-09-04 11:55:33+09:00,168,9,2,,0,22.22222222222222
2026-09-04 12:00:32+09:00,168,9,3,,0,33.33333333333333
2026-09-04 12:05:32+09:00,168,9,0,,0,0.0
2026-09-04 12:10:32+09:00,168,9,0,,0,0.0
2026-09-04 12:15:33+09:00,168,9,1,,0,11.11111111111111
2026-09-04 12:20:32+09:00,168,9,1,,0,11.11111111111111
2026-09-04 12:25:32+09:00,168,9,1,,0,11.11111111111111
2026-09-04 12:30:32+09:00,168,9,1,,0,11.11111111111111
2026-09-04 12:35:32+09:00,168,9,1,,0,11.11111111111111
2026-09-04 12:40:33+09:00,168,9,1,,0,11.11111111111111
2026-09-04 12:45:32+09:00,168,9,1,,0,11.11111111111111
2026-09-04 12:50:32+09:00,168,9,2,,0,22.22222222222222
2026-09-04 12:55:32+09:00,168,9,2,,0,22.22222222222222
2026-09-04 13:00:32+09:00,168,9,2,,0,22.22222222222222
2026-09-04 13:05:32+09:00,168,9,2,,0,22.22222222222222
2026-09-04 13:10:32+09:00,168,9,2,,0,22.22222222222222
2026-09-04 13:15:32+09:00,168,9,1,,0,11.11111111111111
2026-09-04 13:20:32+09:00,168,9,1,,0,11.11111111111111
2026-09-04 13:25:32+09:00,168,9,1,,0,11.11111111111111
2026-09-04 13:30:32+09:00,168,9,1,,0,11.11111111111111
2026-09-04 13:35:32+09:00,168,9,1,,0,11.11111111111111
2026-09-04 13:40:32+09:00,168,9,2,,0,22.22222222222222
2026-09-04 13:45:33+09:00,168,9,2,,0,22.22222222222222
2026-09-04 13:50:32+09:00,168,9,1,,0,11.11111111111111
2026-09-04 13:55:33+09:00,168,9,1,,0,11.11111111111111
2026-09-04 14:00:32+09:00,168,9,1,,0,11.11111111111111
2026-09-04 14:05:33+09:00,168,9,0,72.03444775039202,8,0.0
2026-09-04 14:10:32+09:00,168,9,0,71.83539564151019,8,0.0
2026-09-04 14:15:34+09:00,168,9,0,70.13583423800142,8,0.0
2026-09-04 14:20:34+09:00,168,9,0,76.29649826437752,8,0.0
2026-09-04 14:25:34+09:00,168,9,0,76.28721703992602,8,0.0
2026-09-04 14:30:32+09:00,168,9,0,73.60213942036145,7,0.0
2026-09-04 14:35:33+09:00,168,9,0,73.95828187734423,7,0.0
2026-09-04 14:40:32+09:00,168,9,0,72.5995565690391,7,0.0
2026-09-04 14:45:35+09:00,168,9,0,72.04169706159976,7,0.0
2026-09-04 14:50:34+09:00,168,9,1,74.50844452613582,7,11.11111111111111
2026-09-04 14:55:34+09:00,168,9,1,71.91104192873323,7,11.11111111111111
2026-09-04 15:00:32+09:00,168,9,0,72.68535165262277,7,0.0
2026-09-04 15:05:33+09:00,168,9,1,66.13182114951243,7,11.11111111111111
2026-09-04 15:10:33+09:00,168,9,0,67.69104771095041,7,0.0
2026-09-04 15:15:33+09:00,168,9,1,69.13556810283923,7,11.11111111111111
2026-09-04 15:20:32+09:00,168,9,0,67.30065231834361,7,0.0
2026-09-04 15:25:32+09:00,168,9,0,67.4411295618726,7,0.0
2026-09-04 15:30:32+09:00,168,9,2,68.0835683555719,7,22.22222222222222
2026-09-04 15:35:32+09:00,168,9,1,68.70223687561149,7,11.11111111111111
2026-09-04 15:40:32+09:00,168,9,2,70.58456875573196,7,22.22222222222222
2026-09-04 15:45:34+09:00,168,9,2,69.63418860367113,7,22.22222222222222
2026-09-04 15:50:34+09:00,168,9,2,72.18850937504189,8,22.22222222222222
2026-09-04 15:55:33+09:00,168,9,2,76.01426695079947,8,22.22222222222222
2026-09-04 16:00:34+09:00,168,9,1,73.2308629193304,8,11.11111111111111
2026-09-04 16:05:34+09:00,168,9,1,72.47827121279134,8,11.11111111111111
2026-09-04 16:10:35+09:00,168,9,1,75.16766515218528,8,11.11111111111111
2026-09-04 16:15:35+09:00,168,9,1,70.53748173910714,8,11.11111111111111
2026-09-04 16:20:33+09:00,168,9,2,68.82688841086674,8,22.22222222222222
2026-09-04 16:25:32+09:00,168,9,1,67.27385810783645,8,11.11111111111111
2026-09-04 16:30:33+09:00,168,9,1,68.1511181027435,8,11.11111111111111
2026-09-04 16:35:32+09:00,168,9,1,67.23141688892463,8,11.11111111111111
2026-09-04 16:40:32+09:00,168,9,1,66.85799000620982,8,11.11111111111111
2026-09-04 16:45:32+09:00,168,9,1,68.61935364257346,8,11.11111111111111
2026-09-04 16:50:32+09:00,168,9,1,70.85823404321856,8,11.11111111111111
2026-09-04 16:55:32+09:00,168,9,1,73.49054454317611,8,11.11111111111111
2026-09-04 17:00:32+09:00,168,9,1,73.34306130745759,8,11.11111111111111
2026-09-04 17:05:33+09:00,168,9,3,74.11527928555792,8,33.33333333333333
2026-09-04 17:10:33+09:00,168,9,3,74.0102372687512,8,33.33333333333333
2026-09-04 17:15:32+09:00,168,9,3,72.71631060717748,8,33.33333333333333
2026-09-04 17:20:32+09:00,168,9,4,71.6746439405108,8,44.44444444444444
2026-09-04 17:25:32+09:00,168,9,3,71.07394433052328,8,33.33333333333333
2026-09-04 17:30:34+09:00,168,9,3,70.40676836922967,8,33.33333333333333
2026-09-04 17:35:35+09:00,168,9,4,70.40676836922967,8,44.44444444444444
2026-09-04 17:40:35+09:00,168,9,4,66.49745464373947,8,44.44444444444444
2026-09-04 17:45:34+09:00,168,9,5,69.01708091530072,8,55.55555555555556
2026-09-04 17:50:32+09:00,168,9,6,65.64203671899382,7,66.66666666666666
2026-09-04 17:55:33+09:00,168,9,6,64.21268028742597,7,66.66666666666666
2026-09-04 18:00:32+09:00,168,9,6,59.0892912188799,7,66.66666666666666
2026-09-04 18:05:32+09:00,168,9,6,58.56489964406815,7,66.66666666666666
2026-09-04 18:10:34+09:00,168,9,6,56.408879341210174,7,66.66666666666666
2026-09-04 18:15:32+09:00,168,9,6,58.927147413989516,8,66.66666666666666
2026-09-04 18:20:32+09:00,168,9,5,55.11804801665483,8,55.55555555555556
2026-09-04 18:25:32+09:00,168,9,6,50.414765188371994,8,66.66666666666666
2026-09-04 18:30:32+09:00,168,9,6,50.00913044643695,8,66.66666666666666
2026-09-04 18:35:32+09:00,168,9,6,46.74725751544637,8,66.66666666666666
2026-09-04 18:40:35+09:00,168,9,6,46.07148720732312,8,66.66666666666666
2026-09-04 18:45:35+09:00,168,9,8,45.62367650409446,8,88.88888888888889
2026-09-04 18:50:33+09:00,168,9,10,40.24663932558669,8,111.11111111111111
2026-09-04 18:55:34+09:00,168,9,10,39.675911034270165,8,111.11111111111111
2026-09-04 19:00:34+09:00,168,9,10,44.65204263523591,7,111.11111111111111
2026-09-04 19:05:32+09:00,168,9,10,37.02436125965538,5,111.11111111111111
2026-09-04 19:10:33+09:00,168,9,10,37.323868941516,4,111.11111111111111
2026-09-04 19:15:32+09:00,168,9,10,37.218826924709276,4,111.11111111111111
2026-09-04 19:20:32+09:00,168,9,10,37.323868941516,4,111.11111111111111
2026-09-04 19:25:32+09:00,168,9,10,37.533952975129445,4,111.11111111111111
2026-09-04 19:30:32+09:00,168,9,10,37.638994991936165,4,111.11111111111111
2026-09-04 19:35:33+09:00,168,9,10,37.638994991936165,4,111.11111111111111
2026-09-04 19:40:35+09:00,168,9,10,37.74403700874289,4,111.11111111111111
2026-09-04 19:45:32+09:00,168,9,10,38.2692470927765,4,111.11111111111111
2026-09-04 19:50:33+09:00,168,9,10,38.37428910958322,4,111.11111111111111
2026-09-04 19:55:34+09:00,168,9,10,38.58437314319667,4,111.11111111111111
2026-09-04 20:00:32+09:00,168,9,10,38.68941516000339,4,111.11111111111111
2026-09-04 20:05:33+09:00,168,9,10,38.68941516000339,4,111.11111111111111
2026-09-04 20:10:32+09:00,168,9,10,38.79445717681011,4,111.11111111111111
2026-09-04 20:15:32+09:00,168,9,10,38.79445717681011,4,111.11111111111111
2026-09-04 20:20:33+09:00,168,9,10,38.79445717681011,4,111.11111111111111
2026-09-04 20:25:33+09:00,168,9,10,38.164205075969775,4,111.11111111111111
2026-09-04 20:30:33+09:00,168,9,10,38.164205075969775,4,111.11111111111111
2026-09-04 20:35:32+09:00,168,9,10,38.164205075969775,4,111.11111111111111
2026-09-04 20:40:32+09:00,168,9,10,38.47933112638995,4,111.11111111111111
2026-09-04 20:45:32+09:00,168,9,10,38.68941516000339,4,111.11111111111111
2026-09-04 20:50:32+09:00,168,9,10,38.79445717681011,4,111.11111111111111
2026-09-04 20:55:33+09:00,168,9,10,38.89949919361684,4,111.11111111111111
2026-09-04 21:00:33+09:00,168,9,10,39.00454121042356,4,111.11111111111111
2026-09-04 21:05:33+09:00,168,9,10,39.21462524403701,4,111.11111111111111
2026-09-04 21:10:34+09:00,168,9,10,39.21462524403701,4,111.11111111111111
2026-09-04 21:15:36+09:00,168,9,10,39.42470927765045,4,111.11111111111111
2026-09-04 21:20:34+09:00,168,9,10,39.42470927765045,4,111.11111111111111
2026-09-04 21:25:32+09:00,168,9,10,39.42470927765045,4,111.11111111111111
2026-09-04 21:30:32+09:00,168,9,10,39.52975129445718,4,111.11111111111111
2026-09-04 21:35:32+09:00,168,9,10,39.739835328070626,4,111.11111111111111
2026-09-04 21:40:32+09:00,168,9,10,39.6347933112639,4,111.11111111111111
2026-09-04 21:45:34+09:00,168,9,10,39.84487734487735,4,111.11111111111111
2026-09-04 21:50:33+09:00,168,9,10,39.739835328070626,4,111.11111111111111
2026-09-04 21:55:32+09:00,168,9,10,40.05496137849079,4,111.11111111111111
2026-09-04 22:00:32+09:00,168,9,10,40.05496137849079,4,111.11111111111111
2026-09-04 22:05:32+09:00,168,9,10,40.16000339529751,4,111.11111111111111
2026-09-04 22:10:33+09:00,168,9,10,40.475129445717684,4,111.11111111111111
2026-09-04 22:15:33+09:00,168,9,10,40.685213479331125,4,111.11111111111111
2026-09-04 22:20:32+09:00,168,9,10,40.895297512944566,4,111.11111111111111
2026-09-04 22:25:33+09:00,168,9,10,41.31546558017146,4,111.11111111111111
2026-09-04 22:30:33+09:00,168,9,10,41.42050759697818,4,111.11111111111111
2026-09-04 22:35:32+09:00,168,9,10,41.73563364739835,4,111.11111111111111
2026-09-04 22:40:33+09:00,168,9,10,41.84067566420508,4,111.11111111111111
2026-09-04 22:45:33+09:00,168,9,10,41.84067566420508,4,111.11111111111111
2026-09-04 22:50:32+09:00,168,9,10,41.9457176810118,4,111.11111111111111
2026-09-04 22:55:32+09:00,168,9,10,42.05075969781852,4,111.11111111111111
2026-09-04 23:00:33+09:00,168,9,9,41.9457176810118,4,100.0
2026-09-04 23:05:32+09:00,168,9,9,11.029411764705882,8,100.0
2026-09-04 23:10:34+09:00,168,9,9,11.186974789915967,8,100.0
2026-09-04 23:15:36+09:00,168,9,9,11.239495798319329,8,100.0
2026-09-04 23:20:32+09:00,168,9,9,11.344537815126051,8,100.0
2026-09-04 23:25:32+09:00,168,9,9,11.292016806722689,8,100.0
2026-09-04 23:30:32+09:00,168,9,9,11.344537815126051,8,100.0
2026-09-04 23:35:32+09:00,168,9,9,11.397058823529411,8,100.0
2026-09-04 23:40:32+09:00,168,9,9,11.449579831932773,8,100.0
2026-09-04 23:45:32+09:00,168,9,9,11.449579831932773,8,100.0
2026-09-04 23:50:33+09:00,168,9,9,11.449579831932773,8,100.0
2026-09-04 23:55:32+09:00,168,9,9,11.502100840336134,8,100.0
2026-09-04 09:45:34+09:00,169,11,5,60.90322607866468,9,45.45454545454545
2026-09-04 09:50:33+09:00,169,11,4,60.90322607866468,9,36.36363636363637
2026-09-04 09:55:33+09:00,169,11,4,60.90322607866468,9,36.36363636363637
2026-09-04 10:00:32+09:00,169,11,4,,0,36.36363636363637
2026-09-04 10:05:32+09:00,169,11,4,,0,36.36363636363637
2026-09-04 10:10:32+09:00,169,11,4,,0,36.36363636363637
2026-09-04 10:15:32+09:00,169,11,6,,0,54.54545454545454
2026-09-04 10:20:32+09:00,169,11,5,,0,45.45454545454545
2026-09-04 10:25:32+09:00,169,11,5,,0,45.45454545454545
2026-09-04 10:30:32+09:00,169,11,5,,0,45.45454545454545
2026-09-04 10:35:32+09:00,169,11,5,,0,45.45454545454545
2026-09-04 10:40:32+09:00,169,11,3,,0,27.27272727272727
2026-09-04 10:45:32+09:00,169,11,4,,0,36.36363636363637
2026-09-04 10:50:32+09:00,169,11,5,,0,45.45454545454545
2026-09-04 10:55:32+09:00,169,11,5,,0,45.45454545454545
2026-09-04 11:00:32+09:00,169,11,5,,0,45.45454545454545
2026-09-04 11:05:32+09:00,169,11,5,,0,45.45454545454545
2026-09-04 11:10:32+09:00,169,11,5,,0,45.45454545454545
2026-09-04 11:15:32+09:00,169,11,5,,0,45.45454545454545
2026-09-04 11:20:32+09:00,169,11,5,,0,45.45454545454545
2026-09-04 11:25:32+09:00,169,11,5,,0,45.45454545454545
2026-09-04 11:30:32+09:00,169,11,2,,0,18.181818181818183
2026-09-04 11:35:32+09:00,169,11,2,,0,18.181818181818183
2026-09-04 11:40:35+09:00,169,11,2,,0,18.181818181818183
2026-09-04 11:45:32+09:00,169,11,2,,0,18.181818181818183
2026-09-04 11:50:32+09:00,169,11,3,,0,27.27272727272727
2026-09-04 11:55:33+09:00,169,11,2,,0,18.181818181818183
2026-09-04 12:00:32+09:00,169,11,2,,0,18.181818181818183
2026-09-04 12:05:32+09:00,169,11,2,,0,18.181818181818183
2026-09-04 12:10:32+09:00,169,11,4,,0,36.36363636363637
2026-09-04 12:15:33+09:00,169,11,4,,0,36.36363636363637
2026-09-04 12:20:32+09:00,169,11,4,,0,36.36363636363637
2026-09-04 12:25:32+09:00,169,11,3,,0,27.27272727272727
2026-09-04 12:30:32+09:00,169,11,3,,0,27.27272727272727
2026-09-04 12:35:32+09:00,169,11,4,,0,36.36363636363637
2026-09-04 12:40:33+09:00,169,11,4,,0,36.36363636363637
2026-09-04 12:45:32+09:00,169,11,4,,0,36.36363636363637
2026-09-04 12:50:32+09:00,169,11,3,,0,27.27272727272727
2026-09-04 12:55:32+09:00,169,11,3,,0,27.27272727272727
2026-09-04 13:00:32+09:00,169,11,3,,0,27.27272727272727
2026-09-04 13:05:32+09:00,169,11,4,,0,36.36363636363637
2026-09-04 13:10:32+09:00,169,11,4,,0,36.36363636363637
2026-09-04 13:15:32+09:00,169,11,4,,0,36.36363636363637
2026-09-04 13:20:32+09:00,169,11,4,,0,36.36363636363637
2026-09-04 13:25:32+09:00,169,11,4,,0,36.36363636363637
2026-09-04 13:30:32+09:00,169,11,4,,0,36.36363636363637
2026-09-04 13:35:32+09:00,169,11,3,,0,27.27272727272727
2026-09-04 13:40:32+09:00,169,11,2,,0,18.181818181818183
2026-09-04 13:45:33+09:00,169,11,3,,0,27.27272727272727
2026-09-04 13:50:32+09:00,169,11,3,,0,27.27272727272727
2026-09-04 13:55:33+09:00,169,11,3,,0,27.27272727272727
2026-09-04 14:00:32+09:00,169,11,3,,0,27.27272727272727
2026-09-04 14:05:33+09:00,169,11,4,68.07102426297473,9,36.36363636363637
2026-09-04 14:10:32+09:00,169,11,4,67.89408905507976,9,36.36363636363637
2026-09-04 14:15:34+09:00,169,11,2,66.38336780751642,9,18.181818181818183
2026-09-04 14:20:34+09:00,169,11,2,69.8393115885376,9,18.181818181818183
2026-09-04 14:25:34+09:00,169,11,2,69.83106161124736,9,18.181818181818183
2026-09-04 14:30:32+09:00,169,11,2,66.67459926554353,8,18.181818181818183
2026-09-04 14:35:33+09:00,169,11,2,66.98622391540349,8,18.181818181818183
2026-09-04 14:40:32+09:00,169,11,3,66.93370290700013,8,27.27272727272727
2026-09-04 14:45:35+09:00,169,11,2,65.30921220162706,8,18.181818181818183
2026-09-04 14:50:34+09:00,169,11,2,66.07872734420722,8,18.181818181818183
2026-09-04 14:55:34+09:00,169,11,2,63.80600007147995,8,18.181818181818183
2026-09-04 15:00:32+09:00,169,11,2,65.8724099687722,8,18.181818181818183
2026-09-04 15:05:33+09:00,169,11,4,62.15827279875268,8,36.36363636363637
2026-09-04 15:10:33+09:00,169,11,3,63.775121292536156,8,27.27272727272727
2026-09-04 15:15:33+09:00,169,11,3,62.51382411018634,8,27.27272727272727
2026-09-04 15:20:32+09:00,169,11,3,60.90827279875268,8,27.27272727272727
2026-09-04 15:25:32+09:00,169,11,3,62.420079275729435,8,27.27272727272727
2026-09-04 15:30:32+09:00,169,11,3,60.204435442438545,8,27.27272727272727
2026-09-04 15:35:32+09:00,169,11,3,60.74577039747319,8,27.27272727272727
2026-09-04 15:40:32+09:00,169,11,3,62.392810792578594,8,27.27272727272727
2026-09-04 15:45:34+09:00,169,11,3,61.56122815952537,8,27.27272727272727
2026-09-04 15:50:34+09:00,169,11,4,65.73883212686103,9,36.36363636363637
2026-09-04 15:55:33+09:00,169,11,2,67.1193035073324,9,18.181818181818183
2026-09-04 16:00:34+09:00,169,11,3,65.8797344917056,9,27.27272727272727
2026-09-04 16:05:34+09:00,169,11,2,65.21076408589309,9,18.181818181818183
2026-09-04 16:10:35+09:00,169,11,2,67.60133647646548,9,18.181818181818183
2026-09-04 16:15:35+09:00,169,11,2,63.48561788706268,9,18.181818181818183
2026-09-04 16:20:33+09:00,169,11,3,61.74062359304877,9,27.27272727272727
2026-09-04 16:25:32+09:00,169,11,3,61.59472011381196,9,27.27272727272727
2026-09-04 16:30:33+09:00,169,11,4,63.38460778605257,9,36.36363636363637
2026-09-04 16:35:32+09:00,169,11,4,62.56709559599137,9,36.36363636363637
2026-09-04 16:40:32+09:00,169,11,4,62.235160589133756,9,36.36363636363637
2026-09-04 16:45:32+09:00,169,11,4,63.80081715479033,9,36.36363636363637
2026-09-04 16:50:32+09:00,169,11,3,63.770731046272836,9,27.27272727272727
2026-09-04 16:55:32+09:00,169,11,3,67.12066361189167,9,27.27272727272727
2026-09-04 17:00:32+09:00,169,11,3,66.9895674023641,9,27.27272727272727
2026-09-04 17:05:33+09:00,169,11,3,65.20684758042859,9,27.27272727272727
2026-09-04 17:10:33+09:00,169,11,4,66.12357790892362,9,36.36363636363637
2026-09-04 17:15:32+09:00,169,11,4,64.97342087641364,9,36.36363636363637
2026-09-04 17:20:32+09:00,169,11,3,62.81292704925315,9,27.27272727272727
2026-09-04 17:25:32+09:00,169,11,4,62.50343873150891,9,36.36363636363637
2026-09-04 17:30:34+09:00,169,11,4,62.92049444268226,9,36.36363636363637
2026-09-04 17:35:35+09:00,169,11,3,61.910393432581245,9,27.27272727272727
2026-09-04 17:40:35+09:00,169,11,3,57.20087999757762,9,27.27272727272727
2026-09-04 17:45:34+09:00,169,11,3,59.44054779452097,9,27.27272727272727
2026-09-04 17:50:32+09:00,169,11,3,52.51253970487716,8,27.27272727272727
2026-09-04 17:55:33+09:00,169,11,3,51.261852827255304,8,27.27272727272727
2026-09-04 18:00:32+09:00,169,11,3,46.77888739227748,8,27.27272727272727
2026-09-04 18:05:32+09:00,169,11,3,46.32004476431721,8,27.27272727272727
2026-09-04 18:10:34+09:00,169,11,3,44.43352699931647,8,27.27272727272727
2026-09-04 18:15:32+09:00,169,11,4,49.012683223209535,9,36.36363636363637
2026-09-04 18:20:32+09:00,169,11,4,45.626817092245375,9,36.36363636363637
2026-09-04 18:25:32+09:00,169,11,4,41.44612124488285,9,36.36363636363637
2026-09-04 18:30:32+09:00,169,11,5,41.085557029829474,9,45.45454545454545
2026-09-04 18:35:32+09:00,169,11,6,40.20631644470654,9,54.54545454545454
2026-09-04 18:40:35+09:00,169,11,6,39.60563172637476,9,54.54545454545454
2026-09-04 18:45:35+09:00,169,11,6,39.20757776794929,9,54.54545454545454
2026-09-04 18:50:33+09:00,169,11,12,34.42798916483127,9,109.09090909090908
2026-09-04 18:55:34+09:00,169,11,12,33.920675128105465,9,109.09090909090908
2026-09-04 19:00:34+09:00,169,11,12,38.158536141729414,7,109.09090909090908
2026-09-04 19:05:32+09:00,169,11,12,30.853634383046145,6,109.09090909090908
2026-09-04 19:10:33+09:00,169,11,12,29.8590951532128,5,109.09090909090908
2026-09-04 19:15:32+09:00,169,11,12,29.77506153976742,5,109.09090909090908
2026-09-04 19:20:32+09:00,169,11,12,29.8590951532128,5,109.09090909090908
2026-09-04 19:25:32+09:00,169,11,12,30.027162380103555,5,109.09090909090908
2026-09-04 19:30:32+09:00,169,11,12,30.111195993548932,5,109.09090909090908
2026-09-04 19:35:33+09:00,169,11,12,30.111195993548932,5,109.09090909090908
2026-09-04 19:40:35+09:00,169,11,12,30.195229606994314,5,109.09090909090908
2026-09-04 19:45:32+09:00,169,11,12,30.615397674221203,5,109.09090909090908
2026-09-04 19:50:33+09:00,169,11,12,30.699431287666577,5,109.09090909090908
2026-09-04 19:55:34+09:00,169,11,12,30.867498514557337,5,109.09090909090908
2026-09-04 20:00:32+09:00,169,11,12,30.951532128002714,5,109.09090909090908
2026-09-04 20:05:33+09:00,169,11,12,30.951532128002714,5,109.09090909090908
2026-09-04 20:10:32+09:00,169,11,12,31.03556574144809,5,109.09090909090908
2026-09-04 20:15:32+09:00,169,11,12,31.03556574144809,5,109.09090909090908
2026-09-04 20:20:33+09:00,169,11,12,31.03556574144809,5,109.09090909090908
2026-09-04 20:25:33+09:00,169,11,12,30.53136406077582,5,109.09090909090908
2026-09-04 20:30:33+09:00,169,11,12,30.53136406077582,5,109.09090909090908
2026-09-04 20:35:32+09:00,169,11,12,30.53136406077582,5,109.09090909090908
2026-09-04 20:40:32+09:00,169,11,12,30.783464901111962,5,109.09090909090908
2026-09-04 20:45:32+09:00,169,11,12,30.951532128002714,5,109.09090909090908
2026-09-04 20:50:32+09:00,169,11,12,31.03556574144809,5,109.09090909090908
2026-09-04 20:55:33+09:00,169,11,12,31.119599354893474,5,109.09090909090908
2026-09-04 21:00:33+09:00,169,11,12,31.203632968338848,5,109.09090909090908
2026-09-04 21:05:33+09:00,169,11,12,31.371700195229607,5,109.09090909090908
2026-09-04 21:10:34+09:00,169,11,12,31.371700195229607,5,109.09090909090908
2026-09-04 21:15:36+09:00,169,11,12,31.53976742212036,5,109.09090909090908
2026-09-04 21:20:34+09:00,169,11,12,31.53976742212036,5,109.09090909090908
2026-09-04 21:25:32+09:00,169,11,12,31.53976742212036,5,109.09090909090908
2026-09-04 21:30:32+09:00,169,11,12,31.62380103556574,5,109.09090909090908
2026-09-04 21:35:32+09:00,169,11,12,31.7918682624565,5,109.09090909090908
2026-09-04 21:40:32+09:00,169,11,12,31.70783464901112,5,109.09090909090908
2026-09-04 21:45:34+09:00,169,11,12,31.875901875901878,5,109.09090909090908
2026-09-04 21:50:33+09:00,169,11,12,31.7918682624565,5,109.09090909090908
2026-09-04 21:55:32+09:00,169,11,12,32.04396910279263,5,109.09090909090908
2026-09-04 22:00:32+09:00,169,11,12,32.04396910279263,5,109.09090909090908
2026-09-04 22:05:32+09:00,169,11,12,32.12800271623801,5,109.09090909090908
2026-09-04 22:10:33+09:00,169,11,12,32.38010355657415,5,109.09090909090908
2026-09-04 22:15:33+09:00,169,11,12,32.5481707834649,5,109.09090909090908
2026-09-04 22:20:32+09:00,169,11,12,32.71623801035565,5,109.09090909090908
2026-09-04 22:25:33+09:00,169,11,12,33.05237246413717,5,109.09090909090908
2026-09-04 22:30:33+09:00,169,11,12,33.13640607758255,5,109.09090909090908
2026-09-04 22:35:32+09:00,169,11,12,33.38850691791868,5,109.09090909090908
2026-09-04 22:40:33+09:00,169,11,12,33.47254053136406,5,109.09090909090908
2026-09-04 22:45:33+09:00,169,11,12,33.47254053136406,5,109.09090909090908
2026-09-04 22:50:32+09:00,169,11,12,33.55657414480944,5,109.09090909090908
2026-09-04 22:55:32+09:00,169,11,12,33.640607758254816,5,109.09090909090908
2026-09-04 23:00:33+09:00,169,11,11,33.55657414480944,5,100.0
2026-09-04 23:05:32+09:00,169,11,11,9.803921568627452,9,100.0
2026-09-04 23:10:34+09:00,169,11,11,9.943977591036415,9,100.0
2026-09-04 23:15:36+09:00,169,11,11,9.990662931839402,9,100.0
2026-09-04 23:20:32+09:00,169,11,11,10.084033613445378,9,100.0
2026-09-04 23:25:32+09:00,169,11,11,10.03734827264239,9,100.0
2026-09-04 23:30:32+09:00,169,11,11,10.084033613445378,9,100.0
2026-09-04 23:35:32+09:00,169,11,11,10.130718954248366,9,100.0
2026-09-04 23:40:32+09:00,169,11,11,10.177404295051353,9,100.0
2026-09-04 23:45:32+09:00,169,11,11,10.177404295051353,9,100.0
2026-09-04 23:50:33+09:00,169,11,11,10.177404295051353,9,100.0
2026-09-04 23:55:32+09:00,169,11,11,10.224089635854341,9,100.0
2026-09-04 09:45:34+09:00,170,11,3,61.70476696792486,6,27.27272727272727
2026-09-04 09:50:33+09:00,170,11,3,61.70476696792486,6,27.27272727272727
2026-09-04 09:55:33+09:00,170,11,3,61.70476696792486,6,27.27272727272727
2026-09-04 10:00:32+09:00,170,11,3,,0,27.27272727272727
2026-09-04 10:05:32+09:00,170,11,4,,0,36.36363636363637
2026-09-04 10:10:32+09:00,170,11,4,,0,36.36363636363637
2026-09-04 10:15:32+09:00,170,11,4,,0,36.36363636363637
2026-09-04 10:20:32+09:00,170,11,4,,0,36.36363636363637
2026-09-04 10:25:32+09:00,170,11,4,,0,36.36363636363637
2026-09-04 10:30:32+09:00,170,11,3,,0,27.27272727272727
2026-09-04 10:35:32+09:00,170,11,3,,0,27.27272727272727
2026-09-04 10:40:32+09:00,170,11,3,,0,27.27272727272727
2026-09-04 10:45:32+09:00,170,11,2,,0,18.181818181818183
2026-09-04 10:50:32+09:00,170,11,2,,0,18.181818181818183
2026-09-04 10:55:32+09:00,170,11,2,,0,18.181818181818183
2026-09-04 11:00:32+09:00,170,11,2,,0,18.181818181818183
2026-09-04 11:05:32+09:00,170,11,2,,0,18.181818181818183
2026-09-04 11:10:32+09:00,170,11,2,,0,18.181818181818183
2026-09-04 11:15:32+09:00,170,11,3,,0,27.27272727272727
2026-09-04 11:20:32+09:00,170,11,3,,0,27.27272727272727
2026-09-04 11:25:32+09:00,170,11,3,,0,27.27272727272727
2026-09-04 11:30:32+09:00,170,11,3,,0,27.27272727272727
2026-09-04 11:35:32+09:00,170,11,4,,0,36.36363636363637
2026-09-04 11:40:35+09:00,170,11,4,,0,36.36363636363637
2026-09-04 11:45:32+09:00,170,11,3,,0,27.27272727272727
2026-09-04 11:50:32+09:00,170,11,4,,0,36.36363636363637
2026-09-04 11:55:33+09:00,170,11,4,,0,36.36363636363637
2026-09-04 12:00:32+09:00,170,11,3,,0,27.27272727272727
2026-09-04 12:05:32+09:00,170,11,3,,0,27.27272727272727
2026-09-04 12:10:32+09:00,170,11,3,,0,27.27272727272727
2026-09-04 12:15:33+09:00,170,11,2,,0,18.181818181818183
2026-09-04 12:20:32+09:00,170,11,2,,0,18.181818181818183
2026-09-04 12:25:32+09:00,170,11,2,,0,18.181818181818183
2026-09-04 12:30:32+09:00,170,11,2,,0,18.181818181818183
2026-09-04 12:35:32+09:00,170,11,2,,0,18.181818181818183
2026-09-04 12:40:33+09:00,170,11,3,,0,27.27272727272727
2026-09-04 12:45:32+09:00,170,11,3,,0,27.27272727272727
2026-09-04 12:50:32+09:00,170,11,3,,0,27.27272727272727
2026-09-04 12:55:32+09:00,170,11,4,,0,36.36363636363637
2026-09-04 13:00:32+09:00,170,11,4,,0,36.36363636363637
2026-09-04 13:05:32+09:00,170,11,4,,0,36.36363636363637
2026-09-04 13:10:32+09:00,170,11,4,,0,36.36363636363637
2026-09-04 13:15:32+09:00,170,11,4,,0,36.36363636363637
2026-09-04 13:20:32+09:00,170,11,4,,0,36.36363636363637
2026-09-04 13:25:32+09:00,170,11,4,,0,36.36363636363637
2026-09-04 13:30:32+09:00,170,11,4,,0,36.36363636363637
2026-09-04 13:35:32+09:00,170,11,4,,0,36.36363636363637
2026-09-04 13:40:32+09:00,170,11,4,,0,36.36363636363637
2026-09-04 13:45:33+09:00,170,11,4,,0,36.36363636363637
2026-09-04 13:50:32+09:00,170,11,4,,0,36.36363636363637
2026-09-04 13:55:33+09:00,170,11,3,,0,27.27272727272727
2026-09-04 14:00:32+09:00,170,11,3,,0,27.27272727272727
2026-09-04 14:05:33+09:00,170,11,3,66.34768740031897,6,27.27272727272727
2026-09-04 14:10:32+09:00,170,11,3,66.98564593301435,6,27.27272727272727
2026-09-04 14:15:34+09:00,170,11,3,66.10845295055822,6,27.27272727272727
2026-09-04 14:20:34+09:00,170,11,3,70.01594896331738,6,27.27272727272727
2026-09-04 14:25:34+09:00,170,11,3,69.377990430622,6,27.27272727272727
2026-09-04 14:30:32+09:00,170,11,3,65.07177033492823,5,27.27272727272727
2026-09-04 14:35:33+09:00,170,11,3,65.07177033492823,5,27.27272727272727
2026-09-04 14:40:32+09:00,170,11,3,63.25358851674641,5,27.27272727272727
2026-09-04 14:45:35+09:00,170,11,1,65.07177033492823,5,9.090909090909092
2026-09-04 14:50:34+09:00,170,11,2,63.90217969165337,5,18.181818181818183
2026-09-04 14:55:34+09:00,170,11,3,63.90217969165337,5,27.27272727272727
2026-09-04 15:00:32+09:00,170,11,3,66.1244019138756,5,27.27272727272727
2026-09-04 15:05:33+09:00,170,11,3,54.81127060074429,5,27.27272727272727
2026-09-04 15:10:33+09:00,170,11,3,57.799043062200965,5,27.27272727272727
2026-09-04 15:15:33+09:00,170,11,2,58.44763423710792,5,18.181818181818183
2026-09-04 15:20:32+09:00,170,11,3,58.44763423710792,5,27.27272727272727
2026-09-04 15:25:32+09:00,170,11,3,59.61722488038278,5,27.27272727272727
2026-09-04 15:30:32+09:00,170,11,3,56.990962254120156,5,27.27272727272727
2026-09-04 15:35:32+09:00,170,11,3,55.93833067517278,5,27.27272727272727
2026-09-04 15:40:32+09:00,170,11,4,58.80914407230197,5,36.36363636363637
2026-09-04 15:45:34+09:00,170,11,4,58.80914407230197,5,36.36363636363637
2026-09-04 15:50:34+09:00,170,11,3,62.64398369661527,6,27.27272727272727
2026-09-04 15:55:33+09:00,170,11,1,65.67428672691831,6,9.090909090909092
2026-09-04 16:00:34+09:00,170,11,1,63.61864256601098,6,9.090909090909092
2026-09-04 16:05:34+09:00,170,11,2,62.74144958355485,6,18.181818181818183
2026-09-04 16:10:35+09:00,170,11,2,65.77175261385788,6,18.181818181818183
2026-09-04 16:15:35+09:00,170,11,3,62.50221513379409,6,27.27272727272727
2026-09-04 16:20:33+09:00,170,11,4,60.65036328194223,6,36.36363636363637
2026-09-04 16:25:32+09:00,170,11,4,60.987063618642566,6,36.36363636363637
2026-09-04 16:30:33+09:00,170,11,2,60.987063618642566,6,18.181818181818183
2026-09-04 16:35:32+09:00,170,11,2,57.620060251639195,6,18.181818181818183
2026-09-04 16:40:32+09:00,170,11,2,56.982101718943824,6,18.181818181818183
2026-09-04 16:45:32+09:00,170,11,1,56.982101718943824,6,9.090909090909092
2026-09-04 16:50:32+09:00,170,11,0,56.645401382243485,6,0.0
2026-09-04 16:55:32+09:00,170,11,0,58.83395357079567,6,0.0
2026-09-04 17:00:32+09:00,170,11,0,58.49725323409533,6,0.0
2026-09-04 17:05:33+09:00,170,11,0,56.30870104554315,6,0.0
2026-09-04 17:10:33+09:00,170,11,0,57.82385256069466,6,0.0
2026-09-04 17:15:32+09:00,170,11,0,54.79354953039163,6,0.0
2026-09-04 17:20:32+09:00,170,11,0,52.94169767853978,6,0.0
2026-09-04 17:25:32+09:00,170,11,0,57.18589402799929,6,0.0
2026-09-04 17:30:34+09:00,170,11,0,55.670742512847774,6,0.0
2026-09-04 17:35:35+09:00,170,11,0,55.670742512847774,6,0.0
2026-09-04 17:40:35+09:00,170,11,0,53.81889066099592,6,0.0
2026-09-04 17:45:34+09:00,170,11,0,52.94169767853978,6,0.0
2026-09-04 17:50:32+09:00,170,11,1,41.30781499202551,5,9.090909090909092
2026-09-04 17:55:33+09:00,170,11,2,42.36044657097288,5,18.181818181818183
2026-09-04 18:00:32+09:00,170,11,2,38.43700159489633,5,18.181818181818183
2026-09-04 18:05:32+09:00,170,11,3,38.43700159489633,5,27.27272727272727
2026-09-04 18:10:34+09:00,170,11,3,36.33173843700159,5,27.27272727272727
2026-09-04 18:15:32+09:00,170,11,3,43.035619351408826,6,27.27272727272727
2026-09-04 18:20:32+09:00,170,11,3,37.81676413255361,6,27.27272727272727
2026-09-04 18:25:32+09:00,170,11,3,34.44976076555024,6,27.27272727272727
2026-09-04 18:30:32+09:00,170,11,3,33.572567783094094,6,27.27272727272727
2026-09-04 18:35:32+09:00,170,11,3,30.542264752791066,6,27.27272727272727
2026-09-04 18:40:35+09:00,170,11,3,30.542264752791066,6,27.27272727272727
2026-09-04 18:45:35+09:00,170,11,7,29.665071770334922,6,63.63636363636363
2026-09-04 18:50:33+09:00,170,11,7,29.665071770334922,6,63.63636363636363
2026-09-04 18:55:34+09:00,170,11,7,29.665071770334922,6,63.63636363636363
2026-09-04 19:00:34+09:00,170,11,7,34.848484848484844,4,63.63636363636363
2026-09-04 19:05:32+09:00,170,11,7,5.555555555555555,2,63.63636363636363
2026-09-04 19:10:33+09:00,170,11,7,5.555555555555555,2,63.63636363636363
2026-09-04 19:15:32+09:00,170,11,7,5.555555555555555,2,63.63636363636363
2026-09-04 19:20:32+09:00,170,11,7,5.555555555555555,2,63.63636363636363
2026-09-04 19:25:32+09:00,170,11,7,5.555555555555555,2,63.63636363636363
2026-09-04 19:30:32+09:00,170,11,7,5.555555555555555,2,63.63636363636363
2026-09-04 19:35:33+09:00,170,11,7,5.555555555555555,2,63.63636363636363
2026-09-04 19:40:35+09:00,170,11,7,5.555555555555555,2,63.63636363636363
2026-09-04 19:45:32+09:00,170,11,7,5.555555555555555,2,63.63636363636363
2026-09-04 19:50:33+09:00,170,11,7,5.555555555555555,2,63.63636363636363
2026-09-04 19:55:34+09:00,170,11,7,5.555555555555555,2,63.63636363636363
2026-09-04 20:00:32+09:00,170,11,7,5.555555555555555,2,63.63636363636363
2026-09-04 20:05:33+09:00,170,11,7,5.555555555555555,2,63.63636363636363
2026-09-04 20:10:32+09:00,170,11,7,5.555555555555555,2,63.63636363636363
2026-09-04 20:15:32+09:00,170,11,7,5.555555555555555,2,63.63636363636363
2026-09-04 20:20:33+09:00,170,11,7,5.555555555555555,2,63.63636363636363
2026-09-04 20:25:33+09:00,170,11,7,5.555555555555555,2,63.63636363636363
2026-09-04 20:30:33+09:00,170,11,7,5.555555555555555,2,63.63636363636363
2026-09-04 20:35:32+09:00,170,11,7,5.555555555555555,2,63.63636363636363
2026-09-04 20:40:32+09:00,170,11,7,5.555555555555555,2,63.63636363636363
2026-09-04 20:45:32+09:00,170,11,7,5.555555555555555,2,63.63636363636363
2026-09-04 20:50:32+09:00,170,11,7,5.555555555555555,2,63.63636363636363
2026-09-04 20:55:33+09:00,170,11,7,5.555555555555555,2,63.63636363636363
2026-09-04 21:00:33+09:00,170,11,7,5.555555555555555,2,63.63636363636363
2026-09-04 21:05:33+09:00,170,11,7,5.555555555555555,2,63.63636363636363
2026-09-04 21:10:34+09:00,170,11,7,5.555555555555555,2,63.63636363636363
2026-09-04 21:15:36+09:00,170,11,7,5.555555555555555,2,63.63636363636363
2026-09-04 21:20:34+09:00,170,11,7,5.555555555555555,2,63.63636363636363
2026-09-04 21:25:32+09:00,170,11,7,5.555555555555555,2,63.63636363636363
2026-09-04 21:30:32+09:00,170,11,7,5.555555555555555,2,63.63636363636363
2026-09-04 21:35:32+09:00,170,11,7,5.555555555555555,2,63.63636363636363
2026-09-04 21:40:32+09:00,170,11,7,5.555555555555555,2,63.63636363636363
2026-09-04 21:45:34+09:00,170,11,7,5.555555555555555,2,63.63636363636363
2026-09-04 21:50:33+09:00,170,11,7,5.555555555555555,2,63.63636363636363
2026-09-04 21:55:32+09:00,170,11,7,5.555555555555555,2,63.63636363636363
2026-09-04 22:00:32+09:00,170,11,7,5.555555555555555,2,63.63636363636363
2026-09-04 22:05:32+09:00,170,11,7,5.555555555555555,2,63.63636363636363
2026-09-04 22:10:33+09:00,170,11,7,5.555555555555555,2,63.63636363636363
2026-09-04 22:15:33+09:00,170,11,7,5.555555555555555,2,63.63636363636363
2026-09-04 22:20:32+09:00,170,11,7,5.555555555555555,2,63.63636363636363
2026-09-04 22:25:33+09:00,170,11,7,5.555555555555555,2,63.63636363636363
2026-09-04 22:30:33+09:00,170,11,7,5.555555555555555,2,63.63636363636363
2026-09-04 22:35:32+09:00,170,11,7,5.555555555555555,2,63.63636363636363
2026-09-04 22:40:33+09:00,170,11,7,5.555555555555555,2,63.63636363636363
2026-09-04 22:45:33+09:00,170,11,7,5.555555555555555,2,63.63636363636363
2026-09-04 22:50:32+09:00,170,11,7,5.555555555555555,2,63.63636363636363
2026-09-04 22:55:32+09:00,170,11,7,5.555555555555555,2,63.63636363636363
2026-09-04 23:00:33+09:00,170,11,11,5.555555555555555,2,100.0
2026-09-04 23:05:32+09:00,170,11,11,0.0,6,100.0
2026-09-04 23:10:34+09:00,170,11,11,0.0,6,100.0
2026-09-04 23:15:36+09:00,170,11,11,0.0,6,100.0
2026-09-04 23:20:32+09:00,170,11,11,0.0,6,100.0
2026-09-04 23:25:32+09:00,170,11,11,0.0,6,100.0
2026-09-04 23:30:32+09:00,170,11,11,0.0,6,100.0
2026-09-04 23:35:32+09:00,170,11,11,0.0,6,100.0
2026-09-04 23:40:32+09:00,170,11,11,0.0,6,100.0
2026-09-04 23:45:32+09:00,170,11,11,0.0,6,100.0
2026-09-04 23:50:33+09:00,170,11,11,0.0,6,100.0
2026-09-04 23:55:32+09:00,170,11,11,0.0,6,100.0
2026-09-04 09:45:34+09:00,171,15,15,64.50670737076936,4,100.0
2026-09-04 09:50:33+09:00,171,15,15,64.50670737076936,4,100.0
2026-09-04 09:55:33+09:00,171,15,15,64.50670737076936,4,100.0
2026-09-04 10:00:32+09:00,171,15,15,,0,100.0
2026-09-04 10:05:32+09:00,171,15,15,,0,100.0
2026-09-04 10:10:32+09:00,171,15,15,,0,100.0
2026-09-04 10:15:32+09:00,171,15,15,,0,100.0
2026-09-04 10:20:32+09:00,171,15,15,,0,100.0
2026-09-04 10:25:32+09:00,171,15,15,,0,100.0
2026-09-04 10:30:32+09:00,171,15,15,,0,100.0
2026-09-04 10:35:32+09:00,171,15,15,,0,100.0
2026-09-04 10:40:32+09:00,171,15,15,,0,100.0
2026-09-04 10:45:32+09:00,171,15,15,,0,100.0
2026-09-04 10:50:32+09:00,171,15,15,,0,100.0
2026-09-04 10:55:32+09:00,171,15,15,,0,100.0
2026-09-04 11:00:32+09:00,171,15,15,,0,100.0
2026-09-04 11:05:32+09:00,171,15,15,,0,100.0
2026-09-04 11:10:32+09:00,171,15,15,,0,100.0
2026-09-04 11:15:32+09:00,171,15,15,,0,100.0
2026-09-04 11:20:32+09:00,171,15,15,,0,100.0
2026-09-04 11:25:32+09:00,171,15,15,,0,100.0
2026-09-04 11:30:32+09:00,171,15,15,,0,100.0
2026-09-04 11:35:32+09:00,171,15,15,,0,100.0
2026-09-04 11:40:35+09:00,171,15,15,,0,100.0
2026-09-04 11:45:32+09:00,171,15,15,,0,100.0
2026-09-04 11:50:32+09:00,171,15,15,,0,100.0
2026-09-04 11:55:33+09:00,171,15,15,,0,100.0
2026-09-04 12:00:32+09:00,171,15,15,,0,100.0
2026-09-04 12:05:32+09:00,171,15,15,,0,100.0
2026-09-04 12:10:32+09:00,171,15,15,,0,100.0
2026-09-04 12:15:33+09:00,171,15,15,,0,100.0
2026-09-04 12:20:32+09:00,171,15,15,,0,100.0
2026-09-04 12:25:32+09:00,171,15,15,,0,100.0
2026-09-04 12:30:32+09:00,171,15,15,,0,100.0
2026-09-04 12:35:32+09:00,171,15,15,,0,100.0
2026-09-04 12:40:33+09:00,171,15,15,,0,100.0
2026-09-04 12:45:32+09:00,171,15,15,,0,100.0
2026-09-04 12:50:32+09:00,171,15,15,,0,100.0
2026-09-04 12:55:32+09:00,171,15,15,,0,100.0
2026-09-04 13:00:32+09:00,171,15,15,,0,100.0
2026-09-04 13:05:32+09:00,171,15,15,,0,100.0
2026-09-04 13:10:32+09:00,171,15,15,,0,100.0
2026-09-04 13:15:32+09:00,171,15,15,,0,100.0
2026-09-04 13:20:32+09:00,171,15,15,,0,100.0
2026-09-04 13:25:32+09:00,171,15,15,,0,100.0
2026-09-04 13:30:32+09:00,171,15,15,,0,100.0
2026-09-04 13:35:32+09:00,171,15,15,,0,100.0
2026-09-04 13:40:32+09:00,171,15,15,,0,100.0
2026-09-04 13:45:33+09:00,171,15,15,,0,100.0
2026-09-04 13:50:32+09:00,171,15,15,,0,100.0
2026-09-04 13:55:33+09:00,171,15,15,,0,100.0
2026-09-04 14:00:32+09:00,171,15,15,,0,100.0
2026-09-04 14:05:33+09:00,171,15,15,69.48806763143217,4,100.0
2026-09-04 14:10:32+09:00,171,15,15,68.17227815774797,4,100.0
2026-09-04 14:15:34+09:00,171,15,15,66.39636598467726,4,100.0
2026-09-04 14:20:34+09:00,171,15,15,72.10423577068718,4,100.0
2026-09-04 14:25:34+09:00,171,15,15,73.11327677811371,4,100.0
2026-09-04 14:30:32+09:00,171,15,15,73.11327677811371,4,100.0
2026-09-04 14:35:33+09:00,171,15,15,73.26665101124256,4,100.0
2026-09-04 14:40:32+09:00,171,15,15,70.53380103912878,4,100.0
2026-09-04 14:45:35+09:00,171,15,15,75.07925558458332,4,100.0
2026-09-04 14:50:34+09:00,171,15,15,78.66777233099481,4,100.0
2026-09-04 14:55:34+09:00,171,15,15,74.12231778554026,4,100.0
2026-09-04 15:00:32+09:00,171,15,15,73.81556931928259,4,100.0
2026-09-04 15:05:33+09:00,171,15,15,73.59791000088062,5,100.0
2026-09-04 15:10:33+09:00,171,15,15,74.48615962661813,5,100.0
2026-09-04 15:15:33+09:00,171,15,15,79.42055361493529,5,100.0
2026-09-04 15:20:32+09:00,171,15,15,77.213088131661,5,100.0
2026-09-04 15:25:32+09:00,171,15,15,76.0165716606273,5,100.0
2026-09-04 15:30:32+09:00,171,15,15,76.13927104713036,5,100.0
2026-09-04 15:35:32+09:00,171,15,15,75.086639468183,5,100.0
2026-09-04 15:40:32+09:00,171,15,15,68.2610737664015,4,100.0
2026-09-04 15:45:34+09:00,171,15,15,68.2610737664015,4,100.0
2026-09-04 15:50:34+09:00,171,15,15,72.06130196673378,5,100.0
2026-09-04 15:55:33+09:00,171,15,15,77.78243169986862,5,100.0
2026-09-04 16:00:34+09:00,171,15,15,78.42528255260001,5,100.0
2026-09-04 16:05:34+09:00,171,15,15,75.55446915547081,5,100.0
2026-09-04 16:10:35+09:00,171,15,15,75.33025588804796,5,100.0
2026-09-04 16:15:35+09:00,171,15,15,70.99634174129567,5,100.0
2026-09-04 16:20:33+09:00,171,15,15,67.52504850260162,5,100.0
2026-09-04 16:25:32+09:00,171,15,15,67.44472012726507,5,100.0
2026-09-04 16:30:33+09:00,171,15,15,67.19932135425896,5,100.0
2026-09-04 16:35:32+09:00,171,15,15,68.8948037859377,5,100.0
2026-09-04 16:40:32+09:00,171,15,15,69.0249831426138,5,100.0
2026-09-04 16:45:32+09:00,171,15,15,69.79801335202129,5,100.0
2026-09-04 16:50:32+09:00,171,15,15,75.00716003356061,5,100.0
2026-09-04 16:55:32+09:00,171,15,15,73.57826188047126,5,100.0
2026-09-04 17:00:32+09:00,171,15,15,73.04509332329246,5,100.0
2026-09-04 17:05:33+09:00,171,15,15,72.90120843120613,5,100.0
2026-09-04 17:10:33+09:00,171,15,15,69.24365928925923,5,100.0
2026-09-04 17:15:32+09:00,171,15,15,70.93914172093798,5,100.0
2026-09-04 17:20:32+09:00,171,15,15,70.79525682885165,5,100.0
2026-09-04 17:25:32+09:00,171,15,15,73.13290166880203,5,100.0
2026-09-04 17:30:34+09:00,171,15,15,69.3003313614116,5,100.0
2026-09-04 17:35:35+09:00,171,15,15,66.39149724632776,5,100.0
2026-09-04 17:40:35+09:00,171,15,15,62.89588882508929,5,100.0
2026-09-04 17:45:34+09:00,171,15,15,59.972753649019616,5,100.0
2026-09-04 17:50:32+09:00,171,15,15,59.70616937043021,5,100.0
2026-09-04 17:55:33+09:00,171,15,15,57.080066301847424,5,100.0
2026-09-04 18:00:32+09:00,171,15,15,55.09750253045574,5,100.0
2026-09-04 18:05:32+09:00,171,15,15,53.52471948528007,5,100.0
2026-09-04 18:10:34+09:00,171,15,15,51.66485510039147,5,100.0
2026-09-04 18:15:32+09:00,171,15,15,49.03944047626841,5,100.0
2026-09-04 18:20:32+09:00,171,15,15,49.16213986277148,5,100.0
2026-09-04 18:25:32+09:00,171,15,15,48.20285375011113,5,100.0
2026-09-04 18:30:32+09:00,171,15,15,48.84570460284252,5,100.0
2026-09-04 18:35:32+09:00,171,15,15,45.20934096647888,5,100.0
2026-09-04 18:40:35+09:00,171,15,15,45.08664157997581,5,100.0
2026-09-04 18:45:35+09:00,171,15,15,44.15670938753151,5,100.0
2026-09-04 18:50:33+09:00,171,15,15,37.12938088781037,5,100.0
2026-09-04 18:55:34+09:00,171,15,15,37.006681501307305,5,100.0
2026-09-04 19:00:34+09:00,171,15,15,45.095936636078754,4,100.0
2026-09-04 19:05:32+09:00,171,15,15,45.385398318266745,3,100.0
2026-09-04 19:10:33+09:00,171,15,15,45.14559016478953,3,100.0
2026-09-04 19:15:32+09:00,171,15,15,44.123095277263964,3,100.0
2026-09-04 19:20:32+09:00,171,15,15,44.32759425476908,3,100.0
2026-09-04 19:25:32+09:00,171,15,15,43.91859629975886,3,100.0
2026-09-04 19:30:32+09:00,171,15,15,44.5320932322742,3,100.0
2026-09-04 19:35:33+09:00,171,15,15,44.5320932322742,3,100.0
2026-09-04 19:40:35+09:00,171,15,15,44.32759425476908,3,100.0
2026-09-04 19:45:32+09:00,171,15,15,43.91859629975886,3,100.0
2026-09-04 19:50:33+09:00,171,15,15,43.67878814628164,3,100.0
2026-09-04 19:55:34+09:00,171,15,15,44.08778610129186,3,100.0
2026-09-04 20:00:32+09:00,171,15,15,42.994672861822096,3,100.0
2026-09-04 20:05:33+09:00,171,15,15,43.1991718393272,3,100.0
2026-09-04 20:10:32+09:00,171,15,15,42.58567490681187,3,100.0
2026-09-04 20:15:32+09:00,171,15,15,42.38117592930676,3,100.0
2026-09-04 20:20:33+09:00,171,15,15,42.17667695180164,3,100.0
2026-09-04 20:25:33+09:00,171,15,15,40.33618615425562,3,100.0
2026-09-04 20:30:33+09:00,171,15,15,40.13168717675051,3,100.0
2026-09-04 20:35:32+09:00,171,15,15,38.70019433421473,3,100.0
2026-09-04 20:40:32+09:00,171,15,15,37.67769944668916,3,100.0
2026-09-04 20:45:32+09:00,171,15,15,36.85970353666871,3,100.0
2026-09-04 20:50:32+09:00,171,15,15,35.63270967163804,3,100.0
2026-09-04 20:55:33+09:00,171,15,15,35.63270967163804,3,100.0
2026-09-04 21:00:33+09:00,171,15,15,35.42821069413293,3,100.0
2026-09-04 21:05:33+09:00,171,15,15,35.0192127391227,3,100.0
2026-09-04 21:10:34+09:00,171,15,15,35.42821069413293,3,100.0
2026-09-04 21:15:36+09:00,171,15,15,34.61021478411248,3,100.0
2026-09-04 21:20:34+09:00,171,15,15,34.40571580660736,3,100.0
2026-09-04 21:25:32+09:00,171,15,15,34.61021478411248,3,100.0
2026-09-04 21:30:32+09:00,171,15,15,34.40571580660736,3,100.0
2026-09-04 21:35:32+09:00,171,15,15,34.20121682910226,3,100.0
2026-09-04 21:40:32+09:00,171,15,15,33.79221887409202,3,100.0
2026-09-04 21:45:34+09:00,171,15,15,33.58771989658692,3,100.0
2026-09-04 21:50:33+09:00,171,15,15,33.3832209190818,3,100.0
2026-09-04 21:55:32+09:00,171,15,15,33.3832209190818,3,100.0
2026-09-04 22:00:32+09:00,171,15,15,33.17872194157669,3,100.0
2026-09-04 22:05:32+09:00,171,15,15,33.58771989658692,3,100.0
2026-09-04 22:10:33+09:00,171,15,15,33.3832209190818,3,100.0
2026-09-04 22:15:33+09:00,171,15,15,33.3832209190818,3,100.0
2026-09-04 22:20:32+09:00,171,15,15,33.17872194157669,3,100.0
2026-09-04 22:25:33+09:00,171,15,15,32.56522500906135,3,100.0
2026-09-04 22:30:33+09:00,171,15,15,32.15622705405113,3,100.0
2026-09-04 22:35:32+09:00,171,15,15,32.36072603155624,3,100.0
2026-09-04 22:40:33+09:00,171,15,15,32.15622705405113,3,100.0
2026-09-04 22:45:33+09:00,171,15,15,32.15622705405113,3,100.0
2026-09-04 22:50:32+09:00,171,15,15,31.951728076546015,3,100.0
2026-09-04 22:55:32+09:00,171,15,15,31.747229099040904,3,100.0
2026-09-04 23:00:33+09:00,171,15,15,31.951728076546015,3,100.0
2026-09-04 23:05:32+09:00,171,15,15,8.588957055214724,5,100.0
2026-09-04 23:10:34+09:00,171,15,15,8.588957055214724,5,100.0
2026-09-04 23:15:36+09:00,171,15,15,8.466257668711657,5,100.0
2026-09-04 23:20:32+09:00,171,15,15,8.343558282208589,5,100.0
2026-09-04 23:25:32+09:00,171,15,15,8.343558282208589,5,100.0
2026-09-04 23:30:32+09:00,171,15,15,8.343558282208589,5,100.0
2026-09-04 23:35:32+09:00,171,15,15,8.343558282208589,5,100.0
2026-09-04 23:40:32+09:00,171,15,15,8.220858895705522,5,100.0
2026-09-04 23:45:32+09:00,171,15,15,8.098159509202453,5,100.0
2026-09-04 23:50:33+09:00,171,15,15,8.098159509202453,5,100.0
2026-09-04 23:55:32+09:00,171,15,15,8.220858895705522,5,100.0
2026-09-04 09:45:34+09:00,172,139,0,30.78817733990148,4,0.0
2026-09-04 09:50:33+09:00,172,139,0,30.78817733990148,4,0.0
2026-09-04 09:55:33+09:00,172,139,0,30.78817733990148,4,0.0
2026-09-04 10:00:32+09:00,172,139,1,,0,0.7194244604316548
2026-09-04 10:05:32+09:00,172,139,1,,0,0.7194244604316548
2026-09-04 10:10:32+09:00,172,139,0,,0,0.0
2026-09-04 10:15:32+09:00,172,139,0,,0,0.0
2026-09-04 10:20:32+09:00,172,139,0,,0,0.0
2026-09-04 10:25:32+09:00,172,139,0,,0,0.0
2026-09-04 10:30:32+09:00,172,139,0,,0,0.0
2026-09-04 10:35:32+09:00,172,139,0,,0,0.0
2026-09-04 10:40:32+09:00,172,139,0,,0,0.0
2026-09-04 10:45:32+09:00,172,139,0,,0,0.0
2026-09-04 10:50:32+09:00,172,139,0,,0,0.0
2026-09-04 10:55:32+09:00,172,139,0,,0,0.0
2026-09-04 11:00:32+09:00,172,139,0,,0,0.0
2026-09-04 11:05:32+09:00,172,139,0,,0,0.0
2026-09-04 11:10:32+09:00,172,139,0,,0,0.0
2026-09-04 11:15:32+09:00,172,139,0,,0,0.0
2026-09-04 11:20:32+09:00,172,139,0,,0,0.0
2026-09-04 11:25:32+09:00,172,139,0,,0,0.0
2026-09-04 11:30:32+09:00,172,139,0,,0,0.0
2026-09-04 11:35:32+09:00,172,139,0,,0,0.0
2026-09-04 11:40:35+09:00,172,139,0,,0,0.0
2026-09-04 11:45:32+09:00,172,139,0,,0,0.0
2026-09-04 11:50:32+09:00,172,139,0,,0,0.0
2026-09-04 11:55:33+09:00,172,139,0,,0,0.0
2026-09-04 12:00:32+09:00,172,139,0,,0,0.0
2026-09-04 12:05:32+09:00,172,139,0,,0,0.0
2026-09-04 12:10:32+09:00,172,139,0,,0,0.0
2026-09-04 12:15:33+09:00,172,139,0,,0,0.0
2026-09-04 12:20:32+09:00,172,139,0,,0,0.0
2026-09-04 12:25:32+09:00,172,139,0,,0,0.0
2026-09-04 12:30:32+09:00,172,139,0,,0,0.0
2026-09-04 12:35:32+09:00,172,139,0,,0,0.0
2026-09-04 12:40:33+09:00,172,139,1,,0,0.7194244604316548
2026-09-04 12:45:32+09:00,172,139,0,,0,0.0
2026-09-04 12:50:32+09:00,172,139,0,,0,0.0
2026-09-04 12:55:32+09:00,172,139,0,,0,0.0
2026-09-04 13:00:32+09:00,172,139,0,,0,0.0
2026-09-04 13:05:32+09:00,172,139,0,,0,0.0
2026-09-04 13:10:32+09:00,172,139,0,,0,0.0
2026-09-04 13:15:32+09:00,172,139,0,,0,0.0
2026-09-04 13:20:32+09:00,172,139,0,,0,0.0
2026-09-04 13:25:32+09:00,172,139,0,,0,0.0
2026-09-04 13:30:32+09:00,172,139,0,,0,0.0
2026-09-04 13:35:32+09:00,172,139,0,,0,0.0
2026-09-04 13:40:32+09:00,172,139,0,,0,0.0
2026-09-04 13:45:33+09:00,172,139,0,,0,0.0
2026-09-04 13:50:32+09:00,172,139,0,,0,0.0
2026-09-04 13:55:33+09:00,172,139,0,,0,0.0
2026-09-04 14:00:32+09:00,172,139,0,,0,0.0
2026-09-04 14:05:33+09:00,172,139,0,31.1576354679803,4,0.0
2026-09-04 14:10:32+09:00,172,139,0,31.03448275862069,4,0.0
2026-09-04 14:15:34+09:00,172,139,0,31.03448275862069,4,0.0
2026-09-04 14:20:34+09:00,172,139,0,31.2807881773399,4,0.0
2026-09-04 14:25:34+09:00,172,139,0,31.52709359605911,4,0.0
2026-09-04 14:30:32+09:00,172,139,0,31.40394088669951,4,0.0
2026-09-04 14:35:33+09:00,172,139,0,31.40394088669951,4,0.0
2026-09-04 14:40:32+09:00,172,139,0,32.01970443349754,4,0.0
2026-09-04 14:45:35+09:00,172,139,0,32.389162561576356,4,0.0
2026-09-04 14:50:34+09:00,172,139,0,32.512315270935964,4,0.0
2026-09-04 14:55:34+09:00,172,139,0,32.88177339901478,4,0.0
2026-09-04 15:00:32+09:00,172,139,0,32.88177339901478,4,0.0
2026-09-04 15:05:33+09:00,172,139,0,33.12807881773399,4,0.0
2026-09-04 15:10:33+09:00,172,139,1,33.3743842364532,4,0.7194244604316548
2026-09-04 15:15:33+09:00,172,139,0,33.3743842364532,4,0.0
2026-09-04 15:20:32+09:00,172,139,1,33.3743842364532,4,0.7194244604316548
2026-09-04 15:25:32+09:00,172,139,1,11.49425287356322,3,0.7194244604316548
2026-09-04 15:30:32+09:00,172,139,0,33.62068965517241,4,0.0
2026-09-04 15:35:32+09:00,172,139,0,33.62068965517241,4,0.0
2026-09-04 15:40:32+09:00,172,139,0,33.12807881773399,4,0.0
2026-09-04 15:45:34+09:00,172,139,0,33.004926108374384,4,0.0
2026-09-04 15:50:34+09:00,172,139,16,33.12807881773399,4,11.510791366906476
2026-09-04 15:55:33+09:00,172,139,17,33.251231527093594,4,12.23021582733813
2026-09-04 16:00:34+09:00,172,139,15,33.251231527093594,4,10.79136690647482
2026-09-04 16:05:34+09:00,172,139,16,33.004926108374384,4,11.510791366906476
2026-09-04 16:10:35+09:00,172,139,14,33.3743842364532,4,10.071942446043165
2026-09-04 16:15:35+09:00,172,139,16,33.004926108374384,4,11.510791366906476
2026-09-04 16:20:33+09:00,172,139,12,33.004926108374384,4,8.633093525179856
2026-09-04 16:25:32+09:00,172,139,11,33.62068965517241,4,7.913669064748201
2026-09-04 16:30:33+09:00,172,139,12,33.62068965517241,4,8.633093525179856
2026-09-04 16:35:32+09:00,172,139,12,33.62068965517241,4,8.633093525179856
2026-09-04 16:40:32+09:00,172,139,16,11.49425287356322,3,11.510791366906476
2026-09-04 16:45:32+09:00,172,139,18,11.49425287356322,3,12.949640287769784
2026-09-04 16:50:32+09:00,172,139,18,11.49425287356322,3,12.949640287769784
2026-09-04 16:55:32+09:00,172,139,18,11.49425287356322,3,12.949640287769784
2026-09-04 17:00:32+09:00,172,139,19,11.49425287356322,3,13.66906474820144
2026-09-04 17:05:33+09:00,172,139,20,11.49425287356322,3,14.388489208633093
2026-09-04 17:10:33+09:00,172,139,21,11.49425287356322,3,15.107913669064748
2026-09-04 17:15:32+09:00,172,139,20,33.62068965517241,4,14.388489208633093
2026-09-04 17:20:32+09:00,172,139,23,33.62068965517241,4,16.546762589928058
2026-09-04 17:25:32+09:00,172,139,27,33.62068965517241,4,19.424460431654676
2026-09-04 17:30:34+09:00,172,139,51,11.49425287356322,3,36.69064748201439
2026-09-04 17:35:35+09:00,172,139,85,11.49425287356322,3,61.15107913669065
2026-09-04 17:40:35+09:00,172,139,96,11.49425287356322,3,69.06474820143885
2026-09-04 17:45:34+09:00,172,139,109,11.49425287356322,3,78.41726618705036
2026-09-04 17:50:32+09:00,172,139,111,11.49425287356322,3,79.85611510791367
2026-09-04 17:55:33+09:00,172,139,112,11.49425287356322,3,80.57553956834532
2026-09-04 18:00:32+09:00,172,139,112,11.49425287356322,3,80.57553956834532
2026-09-04 18:05:32+09:00,172,139,112,11.49425287356322,3,80.57553956834532
2026-09-04 18:10:34+09:00,172,139,112,11.49425287356322,3,80.57553956834532
2026-09-04 18:15:32+09:00,172,139,112,11.49425287356322,3,80.57553956834532
2026-09-04 18:20:32+09:00,172,139,112,11.49425287356322,3,80.57553956834532
2026-09-04 18:25:32+09:00,172,139,112,11.49425287356322,3,80.57553956834532
2026-09-04 18:30:32+09:00,172,139,112,11.49425287356322,3,80.57553956834532
2026-09-04 18:35:32+09:00,172,139,112,11.49425287356322,3,80.57553956834532
2026-09-04 18:40:35+09:00,172,139,112,11.49425287356322,3,80.57553956834532
2026-09-04 18:45:35+09:00,172,139,112,11.49425287356322,3,80.57553956834532
2026-09-04 18:50:33+09:00,172,139,112,11.49425287356322,3,80.57553956834532
2026-09-04 18:55:34+09:00,172,139,112,11.49425287356322,3,80.57553956834532
2026-09-04 19:00:34+09:00,172,139,112,11.49425287356322,3,80.57553956834532
2026-09-04 19:05:32+09:00,172,139,112,11.49425287356322,3,80.57553956834532
2026-09-04 19:10:33+09:00,172,139,113,11.49425287356322,3,81.29496402877699
2026-09-04 19:15:32+09:00,172,139,113,11.49425287356322,3,81.29496402877699
2026-09-04 19:20:32+09:00,172,139,113,11.49425287356322,3,81.29496402877699
2026-09-04 19:25:32+09:00,172,139,113,11.49425287356322,3,81.29496402877699
2026-09-04 19:30:32+09:00,172,139,113,11.49425287356322,3,81.29496402877699
2026-09-04 19:35:33+09:00,172,139,113,11.49425287356322,3,81.29496402877699
2026-09-04 19:40:35+09:00,172,139,113,11.49425287356322,3,81.29496402877699
2026-09-04 19:45:32+09:00,172,139,113,11.49425287356322,3,81.29496402877699
2026-09-04 19:50:33+09:00,172,139,114,11.49425287356322,3,82.01438848920863
2026-09-04 19:55:34+09:00,172,139,116,11.49425287356322,3,83.45323741007195
2026-09-04 20:00:32+09:00,172,139,116,11.49425287356322,3,83.45323741007195
2026-09-04 20:05:33+09:00,172,139,116,11.49425287356322,3,83.45323741007195
2026-09-04 20:10:32+09:00,172,139,116,11.49425287356322,3,83.45323741007195
2026-09-04 20:15:32+09:00,172,139,116,11.49425287356322,3,83.45323741007195
2026-09-04 20:20:33+09:00,172,139,116,11.49425287356322,3,83.45323741007195
2026-09-04 20:25:33+09:00,172,139,116,11.49425287356322,3,83.45323741007195
2026-09-04 20:30:33+09:00,172,139,116,11.49425287356322,3,83.45323741007195
2026-09-04 20:35:32+09:00,172,139,116,11.49425287356322,3,83.45323741007195
2026-09-04 20:40:32+09:00,172,139,116,32.26600985221675,4,83.45323741007195
2026-09-04 20:45:32+09:00,172,139,116,32.01970443349754,4,83.45323741007195
2026-09-04 20:50:32+09:00,172,139,116,31.65024630541872,4,83.45323741007195
2026-09-04 20:55:33+09:00,172,139,116,31.40394088669951,4,83.45323741007195
2026-09-04 21:00:33+09:00,172,139,116,31.40394088669951,4,83.45323741007195
2026-09-04 21:05:33+09:00,172,139,116,31.2807881773399,4,83.45323741007195
2026-09-04 21:10:34+09:00,172,139,116,31.1576354679803,4,83.45323741007195
2026-09-04 21:15:36+09:00,172,139,116,30.665024630541872,4,83.45323741007195
2026-09-04 21:20:34+09:00,172,139,116,31.03448275862069,4,83.45323741007195
2026-09-04 21:25:32+09:00,172,139,116,30.911330049261082,4,83.45323741007195
2026-09-04 21:30:32+09:00,172,139,116,30.665024630541872,4,83.45323741007195
2026-09-04 21:35:32+09:00,172,139,116,30.54187192118227,4,83.45323741007195
2026-09-04 21:40:32+09:00,172,139,116,30.665024630541872,4,83.45323741007195
2026-09-04 21:45:34+09:00,172,139,116,29.926108374384235,4,83.45323741007195
2026-09-04 21:50:33+09:00,172,139,116,29.802955665024633,4,83.45323741007195
2026-09-04 21:55:32+09:00,172,139,116,29.310344827586206,4,83.45323741007195
2026-09-04 22:00:32+09:00,172,139,116,29.064039408866996,4,83.45323741007195
2026-09-04 22:05:32+09:00,172,139,116,28.940886699507388,4,83.45323741007195
2026-09-04 22:10:33+09:00,172,139,116,28.817733990147786,4,83.45323741007195
2026-09-04 22:15:33+09:00,172,139,116,28.57142857142857,4,83.45323741007195
2026-09-04 22:20:32+09:00,172,139,116,28.57142857142857,4,83.45323741007195
2026-09-04 22:25:33+09:00,172,139,116,28.32512315270936,4,83.45323741007195
2026-09-04 22:30:33+09:00,172,139,116,27.832512315270932,4,83.45323741007195
2026-09-04 22:35:32+09:00,172,139,116,27.586206896551722,4,83.45323741007195
2026-09-04 22:40:33+09:00,172,139,116,27.586206896551722,4,83.45323741007195
2026-09-04 22:45:33+09:00,172,139,116,27.216748768472904,4,83.45323741007195
2026-09-04 22:50:32+09:00,172,139,116,26.847290640394093,4,83.45323741007195
2026-09-04 22:55:32+09:00,172,139,116,26.354679802955665,4,83.45323741007195
2026-09-04 23:00:33+09:00,172,139,139,26.108374384236456,4,100.0
2026-09-04 23:05:32+09:00,172,139,139,25.61576354679803,4,100.0
2026-09-04 23:10:34+09:00,172,139,139,25.49261083743842,4,100.0
2026-09-04 23:15:36+09:00,172,139,139,25.24630541871921,4,100.0
2026-09-04 23:20:32+09:00,172,139,139,25.24630541871921,4,100.0
2026-09-04 23:25:32+09:00,172,139,139,25.0,4,100.0
2026-09-04 23:30:32+09:00,172,139,139,24.63054187192118,4,100.0
2026-09-04 23:35:32+09:00,172,139,139,24.75369458128079,4,100.0
2026-09-04 23:40:32+09:00,172,139,139,24.13793103448276,4,100.0
2026-09-04 23:45:32+09:00,172,139,139,24.014778325123153,4,100.0
2026-09-04 23:50:33+09:00,172,139,139,23.891625615763548,4,100.0
2026-09-04 23:55:32+09:00,172,139,139,23.645320197044335,4,100.0
2026-09-04 09:45:34+09:00,181,125,58,100.0,1,46.400000000000006
2026-09-04 09:50:33+09:00,181,125,53,100.0,1,42.4
2026-09-04 09:55:33+09:00,181,125,52,100.0,1,41.6
2026-09-04 10:00:32+09:00,181,125,49,,0,39.2
2026-09-04 10:05:32+09:00,181,125,46,,0,36.8
2026-09-04 10:10:32+09:00,181,125,45,,0,36.0
2026-09-04 10:15:32+09:00,181,125,43,,0,34.4
2026-09-04 10:20:32+09:00,181,125,40,,0,32.0
2026-09-04 10:25:32+09:00,181,125,41,,0,32.800000000000004
2026-09-04 10:30:32+09:00,181,125,40,,0,32.0
2026-09-04 10:35:32+09:00,181,125,39,,0,31.2
2026-09-04 10:40:32+09:00,181,125,38,,0,30.4
2026-09-04 10:45:32+09:00,181,125,36,,0,28.799999999999997
2026-09-04 10:50:32+09:00,181,125,34,,0,27.200000000000003
2026-09-04 10:55:32+09:00,181,125,36,,0,28.799999999999997
2026-09-04 11:00:32+09:00,181,125,38,,0,30.4
2026-09-04 11:05:32+09:00,181,125,39,,0,31.2
2026-09-04 11:10:32+09:00,181,125,41,,0,32.800000000000004
2026-09-04 11:15:32+09:00,181,125,37,,0,29.599999999999998
2026-09-04 11:20:32+09:00,181,125,36,,0,28.799999999999997
2026-09-04 11:25:32+09:00,181,125,35,,0,28.000000000000004
2026-09-04 11:30:32+09:00,181,125,34,,0,27.200000000000003
2026-09-04 11:35:32+09:00,181,125,31,,0,24.8
2026-09-04 11:40:35+09:00,181,125,30,,0,24.0
2026-09-04 11:45:32+09:00,181,125,29,,0,23.200000000000003
2026-09-04 11:50:32+09:00,181,125,28,,0,22.400000000000002
2026-09-04 11:55:33+09:00,181,125,28,,0,22.400000000000002
2026-09-04 12:00:32+09:00,181,125,29,,0,23.200000000000003
2026-09-04 12:05:32+09:00,181,125,29,,0,23.200000000000003
2026-09-04 12:10:32+09:00,181,125,31,,0,24.8
2026-09-04 12:15:33+09:00,181,125,32,,0,25.6
2026-09-04 12:20:32+09:00,181,125,33,,0,26.400000000000002
2026-09-04 12:25:32+09:00,181,125,34,,0,27.200000000000003
2026-09-04 12:30:32+09:00,181,125,35,,0,28.000000000000004
2026-09-04 12:35:32+09:00,181,125,36,,0,28.799999999999997
2026-09-04 12:40:33+09:00,181,125,36,,0,28.799999999999997
2026-09-04 12:45:32+09:00,181,125,38,,0,30.4
2026-09-04 12:50:32+09:00,181,125,38,,0,30.4
2026-09-04 12:55:32+09:00,181,125,43,,0,34.4
2026-09-04 13:00:32+09:00,181,125,44,,0,35.199999999999996
2026-09-04 13:05:32+09:00,181,125,46,,0,36.8
2026-09-04 13:10:32+09:00,181,125,47,,0,37.6
2026-09-04 13:15:32+09:00,181,125,47,,0,37.6
2026-09-04 13:20:32+09:00,181,125,49,,0,39.2
2026-09-04 13:25:32+09:00,181,125,47,,0,37.6
2026-09-04 13:30:32+09:00,181,125,46,,0,36.8
2026-09-04 13:35:32+09:00,181,125,47,,0,37.6
2026-09-04 13:40:32+09:00,181,125,45,,0,36.0
2026-09-04 13:45:33+09:00,181,125,49,,0,39.2
2026-09-04 13:50:32+09:00,181,125,49,,0,39.2
2026-09-04 13:55:33+09:00,181,125,47,,0,37.6
2026-09-04 14:00:32+09:00,181,125,43,,0,34.4
2026-09-04 14:05:33+09:00,181,125,45,,0,36.0
2026-09-04 14:10:32+09:00,181,125,42,,0,33.6
2026-09-04 14:15:34+09:00,181,125,43,,0,34.4
2026-09-04 14:20:34+09:00,181,125,40,,0,32.0
2026-09-04 14:25:34+09:00,181,125,38,,0,30.4
2026-09-04 14:30:32+09:00,181,125,38,,0,30.4
2026-09-04 14:35:33+09:00,181,125,38,,0,30.4
2026-09-04 14:40:32+09:00,181,125,38,,0,30.4
2026-09-04 14:45:35+09:00,181,125,36,,0,28.799999999999997
2026-09-04 14:50:34+09:00,181,125,34,,0,27.200000000000003
2026-09-04 14:55:34+09:00,181,125,36,,0,28.799999999999997
2026-09-04 15:00:32+09:00,181,125,36,,0,28.799999999999997
2026-09-04 15:05:33+09:00,181,125,38,,0,30.4
2026-09-04 15:10:33+09:00,181,125,36,,0,28.799999999999997
2026-09-04 15:15:33+09:00,181,125,36,,0,28.799999999999997
2026-09-04 15:20:32+09:00,181,125,35,,0,28.000000000000004
2026-09-04 15:25:32+09:00,181,125,37,,0,29.599999999999998
2026-09-04 15:30:32+09:00,181,125,37,,0,29.599999999999998
2026-09-04 15:35:32+09:00,181,125,39,,0,31.2
2026-09-04 15:40:32+09:00,181,125,37,,0,29.599999999999998
2026-09-04 15:45:34+09:00,181,125,39,,0,31.2
2026-09-04 15:50:34+09:00,181,125,41,,0,32.800000000000004
2026-09-04 15:55:33+09:00,181,125,44,,0,35.199999999999996
2026-09-04 16:00:34+09:00,181,125,46,,0,36.8
2026-09-04 16:05:34+09:00,181,125,45,,0,36.0
2026-09-04 16:10:35+09:00,181,125,42,,0,33.6
2026-09-04 16:15:35+09:00,181,125,42,,0,33.6
2026-09-04 16:20:33+09:00,181,125,40,92.85714285714286,1,32.0
2026-09-04 16:25:32+09:00,181,125,39,92.85714285714286,1,31.2
2026-09-04 16:30:33+09:00,181,125,42,100.0,1,33.6
2026-09-04 16:35:32+09:00,181,125,42,92.85714285714286,1,33.6
2026-09-04 16:40:32+09:00,181,125,42,100.0,1,33.6
2026-09-04 16:45:32+09:00,181,125,47,100.0,1,37.6
2026-09-04 16:50:32+09:00,181,125,46,100.0,1,36.8
2026-09-04 16:55:32+09:00,181,125,47,,0,37.6
2026-09-04 17:00:32+09:00,181,125,47,,0,37.6
2026-09-04 17:05:33+09:00,181,125,47,,0,37.6
2026-09-04 17:10:33+09:00,181,125,46,,0,36.8
2026-09-04 17:15:32+09:00,181,125,46,,0,36.8
2026-09-04 17:20:32+09:00,181,125,44,,0,35.199999999999996
2026-09-04 17:25:32+09:00,181,125,44,,0,35.199999999999996
2026-09-04 17:30:34+09:00,181,125,42,,0,33.6
2026-09-04 17:35:35+09:00,181,125,42,,0,33.6
2026-09-04 17:40:35+09:00,181,125,40,,0,32.0
2026-09-04 17:45:34+09:00,181,125,37,,0,29.599999999999998
2026-09-04 17:50:32+09:00,181,125,40,,0,32.0
2026-09-04 17:55:33+09:00,181,125,41,,0,32.800000000000004
2026-09-04 18:00:32+09:00,181,125,42,,0,33.6
2026-09-04 18:05:32+09:00,181,125,43,,0,34.4
2026-09-04 18:10:34+09:00,181,125,44,,0,35.199999999999996
2026-09-04 18:15:32+09:00,181,125,44,,0,35.199999999999996
2026-09-04 18:20:32+09:00,181,125,41,,0,32.800000000000004
2026-09-04 18:25:32+09:00,181,125,40,,0,32.0
2026-09-04 18:30:32+09:00,181,125,41,,0,32.800000000000004
2026-09-04 18:35:32+09:00,181,125,41,,0,32.800000000000004
2026-09-04 18:40:35+09:00,181,125,41,,0,32.800000000000004
2026-09-04 18:45:35+09:00,181,125,42,,0,33.6
2026-09-04 18:50:33+09:00,181,125,44,,0,35.199999999999996
2026-09-04 18:55:34+09:00,181,125,45,,0,36.0
2026-09-04 19:00:34+09:00,181,125,45,,0,36.0
2026-09-04 19:05:32+09:00,181,125,43,,0,34.4
2026-09-04 19:10:33+09:00,181,125,43,,0,34.4
2026-09-04 19:15:32+09:00,181,125,47,,0,37.6
2026-09-04 19:20:32+09:00,181,125,46,,0,36.8
2026-09-04 19:25:32+09:00,181,125,46,,0,36.8
2026-09-04 19:30:32+09:00,181,125,48,,0,38.4
2026-09-04 19:35:33+09:00,181,125,50,,0,40.0
2026-09-04 19:40:35+09:00,181,125,51,,0,40.8
2026-09-04 19:45:32+09:00,181,125,52,,0,41.6
2026-09-04 19:50:33+09:00,181,125,51,,0,40.8
2026-09-04 19:55:34+09:00,181,125,52,,0,41.6
2026-09-04 20:00:32+09:00,181,125,54,,0,43.2
2026-09-04 20:05:33+09:00,181,125,54,,0,43.2
2026-09-04 20:10:32+09:00,181,125,56,,0,44.800000000000004
2026-09-04 20:15:32+09:00,181,125,56,,0,44.800000000000004
2026-09-04 20:20:33+09:00,181,125,57,,0,45.6
2026-09-04 20:25:33+09:00,181,125,56,,0,44.800000000000004
2026-09-04 20:30:33+09:00,181,125,54,,0,43.2
2026-09-04 20:35:32+09:00,181,125,54,,0,43.2
2026-09-04 20:40:32+09:00,181,125,55,,0,44.0
2026-09-04 20:45:32+09:00,181,125,57,,0,45.6
2026-09-04 20:50:32+09:00,181,125,56,,0,44.800000000000004
2026-09-04 20:55:33+09:00,181,125,56,,0,44.800000000000004
2026-09-04 21:00:33+09:00,181,125,58,,0,46.400000000000006
2026-09-04 21:05:33+09:00,181,125,59,100.0,1,47.199999999999996
2026-09-04 21:10:34+09:00,181,125,61,100.0,1,48.8
2026-09-04 21:15:36+09:00,181,125,62,85.71428571428571,1,49.6
2026-09-04 21:20:34+09:00,181,125,62,64.28571428571429,1,49.6
2026-09-04 21:25:32+09:00,181,125,64,64.28571428571429,1,51.2
2026-09-04 21:30:32+09:00,181,125,63,64.28571428571429,1,50.4
2026-09-04 21:35:32+09:00,181,125,63,64.28571428571429,1,50.4
2026-09-04 21:40:32+09:00,181,125,63,64.28571428571429,1,50.4
2026-09-04 21:45:34+09:00,181,125,64,64.28571428571429,1,51.2
2026-09-04 21:50:33+09:00,181,125,67,57.14285714285714,1,53.6
2026-09-04 21:55:32+09:00,181,125,68,50.0,1,54.400000000000006
2026-09-04 22:00:32+09:00,181,125,69,57.14285714285714,1,55.2
2026-09-04 22:05:32+09:00,181,125,69,57.14285714285714,1,55.2
2026-09-04 22:10:33+09:00,181,125,71,57.14285714285714,1,56.8
2026-09-04 22:15:33+09:00,181,125,72,64.28571428571429,1,57.599999999999994
2026-09-04 22:20:32+09:00,181,125,71,64.28571428571429,1,56.8
2026-09-04 22:25:33+09:00,181,125,72,64.28571428571429,1,57.599999999999994
2026-09-04 22:30:33+09:00,181,125,73,64.28571428571429,1,58.4
2026-09-04 22:35:32+09:00,181,125,72,64.28571428571429,1,57.599999999999994
2026-09-04 22:40:33+09:00,181,125,71,64.28571428571429,1,56.8
2026-09-04 22:45:33+09:00,181,125,72,64.28571428571429,1,57.599999999999994
2026-09-04 22:50:32+09:00,181,125,71,64.28571428571429,1,56.8
2026-09-04 22:55:32+09:00,181,125,70,64.28571428571429,1,56.00000000000001
2026-09-04 23:00:33+09:00,181,125,70,71.42857142857143,1,56.00000000000001
2026-09-04 23:05:32+09:00,181,125,70,71.42857142857143,1,56.00000000000001
2026-09-04 23:10:34+09:00,181,125,71,71.42857142857143,1,56.8
2026-09-04 23:15:36+09:00,181,125,72,71.42857142857143,1,57.599999999999994
2026-09-04 23:20:32+09:00,181,125,72,71.42857142857143,1,57.599999999999994
2026-09-04 23:25:32+09:00,181,125,73,71.42857142857143,1,58.4
2026-09-04 23:30:32+09:00,181,125,73,71.42857142857143,1,58.4
2026-09-04 23:35:32+09:00,181,125,73,71.42857142857143,1,58.4
2026-09-04 23:40:32+09:00,181,125,72,71.42857142857143,1,57.599999999999994
2026-09-04 23:45:32+09:00,181,125,72,71.42857142857143,1,57.599999999999994
2026-09-04 23:50:33+09:00,181,125,72,71.42857142857143,1,57.599999999999994
2026-09-04 23:55:32+09:00,181,125,72,71.42857142857143,1,57.599999999999994
2026-09-04 09:45:34+09:00,182,14,0,69.84222873900293,4,0.0
2026-09-04 09:50:33+09:00,182,14,0,69.84222873900293,4,0.0
2026-09-04 09:55:33+09:00,182,14,0,69.84222873900293,4,0.0
2026-09-04 10:00:32+09:00,182,14,0,,0,0.0
2026-09-04 10:05:32+09:00,182,14,0,,0,0.0
2026-09-04 10:10:32+09:00,182,14,0,,0,0.0
2026-09-04 10:15:32+09:00,182,14,0,,0,0.0
2026-09-04 10:20:32+09:00,182,14,0,,0,0.0
2026-09-04 10:25:32+09:00,182,14,0,,0,0.0
2026-09-04 10:30:32+09:00,182,14,0,,0,0.0
2026-09-04 10:35:32+09:00,182,14,0,,0,0.0
2026-09-04 10:40:32+09:00,182,14,0,,0,0.0
2026-09-04 10:45:32+09:00,182,14,0,,0,0.0
2026-09-04 10:50:32+09:00,182,14,0,,0,0.0
2026-09-04 10:55:32+09:00,182,14,0,,0,0.0
2026-09-04 11:00:32+09:00,182,14,0,,0,0.0
2026-09-04 11:05:32+09:00,182,14,0,,0,0.0
2026-09-04 11:10:32+09:00,182,14,0,,0,0.0
2026-09-04 11:15:32+09:00,182,14,0,,0,0.0
2026-09-04 11:20:32+09:00,182,14,0,,0,0.0
2026-09-04 11:25:32+09:00,182,14,0,,0,0.0
2026-09-04 11:30:32+09:00,182,14,0,,0,0.0
2026-09-04 11:35:32+09:00,182,14,0,,0,0.0
2026-09-04 11:40:35+09:00,182,14,0,,0,0.0
2026-09-04 11:45:32+09:00,182,14,0,,0,0.0
2026-09-04 11:50:32+09:00,182,14,0,,0,0.0
2026-09-04 11:55:33+09:00,182,14,0,,0,0.0
2026-09-04 12:00:32+09:00,182,14,0,,0,0.0
2026-09-04 12:05:32+09:00,182,14,0,,0,0.0
2026-09-04 12:10:32+09:00,182,14,0,,0,0.0
2026-09-04 12:15:33+09:00,182,14,0,,0,0.0
2026-09-04 12:20:32+09:00,182,14,0,,0,0.0
2026-09-04 12:25:32+09:00,182,14,0,,0,0.0
2026-09-04 12:30:32+09:00,182,14,0,,0,0.0
2026-09-04 12:35:32+09:00,182,14,0,,0,0.0
2026-09-04 12:40:33+09:00,182,14,0,,0,0.0
2026-09-04 12:45:32+09:00,182,14,0,,0,0.0
2026-09-04 12:50:32+09:00,182,14,0,,0,0.0
2026-09-04 12:55:32+09:00,182,14,0,,0,0.0
2026-09-04 13:00:32+09:00,182,14,0,,0,0.0
2026-09-04 13:05:32+09:00,182,14,0,,0,0.0
2026-09-04 13:10:32+09:00,182,14,0,,0,0.0
2026-09-04 13:15:32+09:00,182,14,0,,0,0.0
2026-09-04 13:20:32+09:00,182,14,0,,0,0.0
2026-09-04 13:25:32+09:00,182,14,0,,0,0.0
2026-09-04 13:30:32+09:00,182,14,0,,0,0.0
2026-09-04 13:35:32+09:00,182,14,0,,0,0.0
2026-09-04 13:40:32+09:00,182,14,0,,0,0.0
2026-09-04 13:45:33+09:00,182,14,0,,0,0.0
2026-09-04 13:50:32+09:00,182,14,0,,0,0.0
2026-09-04 13:55:33+09:00,182,14,0,,0,0.0
2026-09-04 14:00:32+09:00,182,14,0,,0,0.0
2026-09-04 14:05:33+09:00,182,14,0,69.61642228739002,4,0.0
2026-09-04 14:10:32+09:00,182,14,0,69.81642228739003,4,0.0
2026-09-04 14:15:34+09:00,182,14,0,70.05469208211144,4,0.0
2026-09-04 14:20:34+09:00,182,14,0,73.15469208211144,4,0.0
2026-09-04 14:25:34+09:00,182,14,0,73.15469208211144,4,0.0
2026-09-04 14:30:32+09:00,182,14,0,73.11114369501466,4,0.0
2026-09-04 14:35:33+09:00,182,14,0,71.86114369501466,4,0.0
2026-09-04 14:40:32+09:00,182,14,0,72.06114369501466,4,0.0
2026-09-04 14:45:35+09:00,182,14,0,73.31114369501466,4,0.0
2026-09-04 14:50:34+09:00,182,14,0,75.96759530791789,4,0.0
2026-09-04 14:55:34+09:00,182,14,0,75.76759530791789,4,0.0
2026-09-04 15:00:32+09:00,182,14,0,76.3357771260997,4,0.0
2026-09-04 15:05:33+09:00,182,14,0,74.92932551319647,4,0.0
2026-09-04 15:10:33+09:00,182,14,0,76.06568914956011,4,0.0
2026-09-04 15:15:33+09:00,182,14,0,74.92932551319647,4,0.0
2026-09-04 15:20:32+09:00,182,14,0,75.16114369501466,4,0.0
2026-09-04 15:25:32+09:00,182,14,0,69.35679374389052,3,0.0
2026-09-04 15:30:32+09:00,182,14,0,67.04164222873901,3,0.0
2026-09-04 15:35:32+09:00,182,14,0,65.52649071358748,3,0.0
2026-09-04 15:40:32+09:00,182,14,0,74.34486803519061,4,0.0
2026-09-04 15:45:34+09:00,182,14,0,71.44486803519061,4,0.0
2026-09-04 15:50:34+09:00,182,14,0,71.85131964809385,4,0.0
2026-09-04 15:55:33+09:00,182,14,0,70.88313782991203,4,0.0
2026-09-04 16:00:34+09:00,182,14,0,69.9149560117302,4,0.0
2026-09-04 16:05:34+09:00,182,14,0,70.92140762463343,4,0.0
2026-09-04 16:10:35+09:00,182,14,0,67.59868035190615,4,0.0
2026-09-04 16:15:35+09:00,182,14,0,66.0941348973607,4,0.0
2026-09-04 16:20:33+09:00,182,14,0,66.73768328445747,4,0.0
2026-09-04 16:25:32+09:00,182,14,0,65.11950146627566,4,0.0
2026-09-04 16:30:33+09:00,182,14,0,63.10131964809385,4,0.0
2026-09-04 16:35:32+09:00,182,14,1,61.3649560117302,4,7.142857142857142
2026-09-04 16:40:32+09:00,182,14,0,61.19677419354839,4,0.0
2026-09-04 16:45:32+09:00,182,14,0,58.08049853372434,4,0.0
2026-09-04 16:50:32+09:00,182,14,0,57.68049853372435,4,0.0
2026-09-04 16:55:32+09:00,182,14,0,55.737683284457475,4,0.0
2026-09-04 17:00:32+09:00,182,14,0,56.41950146627566,4,0.0
2026-09-04 17:05:33+09:00,182,14,0,54.844868035190615,4,0.0
2026-09-04 17:10:33+09:00,182,14,0,51.53841642228739,4,0.0
2026-09-04 17:15:32+09:00,182,14,0,50.563782991202345,4,0.0
2026-09-04 17:20:32+09:00,182,14,0,51.44560117302053,4,0.0
2026-09-04 17:25:32+09:00,182,14,0,51.24560117302053,4,0.0
2026-09-04 17:30:34+09:00,182,14,0,49.589149560117306,4,0.0
2026-09-04 17:35:35+09:00,182,14,0,47.97096774193548,4,0.0
2026-09-04 17:40:35+09:00,182,14,0,47.97096774193548,4,0.0
2026-09-04 17:45:34+09:00,182,14,0,47.11451612903226,4,0.0
2026-09-04 17:50:32+09:00,182,14,0,45.74633431085044,4,0.0
2026-09-04 17:55:33+09:00,182,14,0,44.53460410557185,4,0.0
2026-09-04 18:00:32+09:00,182,14,0,44.702785923753666,4,0.0
2026-09-04 18:05:32+09:00,182,14,0,43.08988269794722,4,0.0
2026-09-04 18:10:34+09:00,182,14,0,43.25806451612904,4,0.0
2026-09-04 18:15:32+09:00,182,14,0,45.18988269794721,4,0.0
2026-09-04 18:20:32+09:00,182,14,0,45.58988269794722,4,0.0
2026-09-04 18:25:32+09:00,182,14,0,42.68343108504399,4,0.0
2026-09-04 18:30:32+09:00,182,14,0,41.87697947214076,4,0.0
2026-09-04 18:35:32+09:00,182,14,0,45.38870967741936,4,0.0
2026-09-04 18:40:35+09:00,182,14,0,45.5133431085044,4,0.0
2026-09-04 18:45:35+09:00,182,14,0,45.632697947214076,4,0.0
2026-09-04 18:50:33+09:00,182,14,0,47.94486803519061,4,0.0
2026-09-04 18:55:34+09:00,182,14,0,49.51950146627566,4,0.0
2026-09-04 19:00:34+09:00,182,14,0,49.56304985337243,4,0.0
2026-09-04 19:05:32+09:00,182,14,0,51.57595307917889,4,0.0
2026-09-04 19:10:33+09:00,182,14,0,50.80777126099707,4,0.0
2026-09-04 19:15:32+09:00,182,14,0,52.02067448680352,4,0.0
2026-09-04 19:20:32+09:00,182,14,0,55.008211143695014,4,0.0
2026-09-04 19:25:32+09:00,182,14,0,57.06466275659824,4,0.0
2026-09-04 19:30:32+09:00,182,14,0,55.41466275659824,4,0.0
2026-09-04 19:35:33+09:00,182,14,0,54.40821114369501,4,0.0
2026-09-04 19:40:35+09:00,182,14,0,54.008211143695014,4,0.0
2026-09-04 19:45:32+09:00,182,14,0,55.25821114369501,4,0.0
2026-09-04 19:50:33+09:00,182,14,0,54.49002932551319,4,0.0
2026-09-04 19:55:34+09:00,182,14,0,58.12111436950146,4,0.0
2026-09-04 20:00:32+09:00,182,14,0,57.27756598240469,4,0.0
2026-09-04 20:05:33+09:00,182,14,0,61.395747800586506,4,0.0
2026-09-04 20:10:32+09:00,182,14,0,61.43929618768328,4,0.0
2026-09-04 20:15:32+09:00,182,14,0,62.48401759530792,4,0.0
2026-09-04 20:20:33+09:00,182,14,0,64.42111436950147,4,0.0
2026-09-04 20:25:33+09:00,182,14,0,66.23401759530792,4,0.0
2026-09-04 20:30:33+09:00,182,14,0,66.43401759530792,4,0.0
2026-09-04 20:35:32+09:00,182,14,0,57.178690127077225,3,0.0
2026-09-04 20:40:32+09:00,182,14,0,56.59433040078202,3,0.0
2026-09-04 20:45:32+09:00,182,14,0,56.327663734115355,3,0.0
2026-09-04 20:50:32+09:00,182,14,0,57.40293255131965,3,0.0
2026-09-04 20:55:33+09:00,182,14,0,65.18929618768328,4,0.0
2026-09-04 21:00:33+09:00,182,14,0,64.18284457478006,4,0.0
2026-09-04 21:05:33+09:00,182,14,0,61.48812316715543,4,0.0
2026-09-04 21:10:34+09:00,182,14,1,61.288123167155426,4,7.142857142857142
2026-09-04 21:15:36+09:00,182,14,2,61.69457478005865,4,14.285714285714285
2026-09-04 21:20:34+09:00,182,14,5,59.62184750733138,4,35.714285714285715
2026-09-04 21:25:32+09:00,182,14,5,59.50366568914956,4,35.714285714285715
2026-09-04 21:30:32+09:00,182,14,5,58.653665689149555,4,35.714285714285715
2026-09-04 21:35:32+09:00,182,14,6,57.04076246334311,4,42.857142857142854
2026-09-04 21:40:32+09:00,182,14,5,57.48431085043988,4,35.714285714285715
2026-09-04 21:45:34+09:00,182,14,5,54.62140762463343,4,35.714285714285715
2026-09-04 21:50:33+09:00,182,14,6,55.271407624633426,4,42.857142857142854
2026-09-04 21:55:32+09:00,182,14,6,52.208504398826975,4,42.857142857142854
2026-09-04 22:00:32+09:00,182,14,6,51.202052785923755,4,42.857142857142854
2026-09-04 22:05:32+09:00,182,14,6,48.94560117302053,4,42.857142857142854
2026-09-04 22:10:33+09:00,182,14,6,46.85205278592375,4,42.857142857142854
2026-09-04 22:15:33+09:00,182,14,5,41.04560117302053,4,35.714285714285715
2026-09-04 22:20:32+09:00,182,14,5,37.98269794721408,4,35.714285714285715
2026-09-04 22:25:33+09:00,182,14,5,35.48269794721408,4,35.714285714285715
2026-09-04 22:30:33+09:00,182,14,5,34.23269794721408,4,35.714285714285715
2026-09-04 22:35:32+09:00,182,14,5,31.613343108504395,4,35.714285714285715
2026-09-04 22:40:33+09:00,182,14,5,30.763343108504397,4,35.714285714285715
2026-09-04 22:45:33+09:00,182,14,5,30.763343108504397,4,35.714285714285715
2026-09-04 22:50:32+09:00,182,14,5,31.569794721407625,4,35.714285714285715
2026-09-04 22:55:32+09:00,182,14,5,30.319794721407625,4,35.714285714285715
2026-09-04 23:00:33+09:00,182,14,4,32.57624633431085,4,28.57142857142857
2026-09-04 23:05:32+09:00,182,14,4,32.57624633431085,4,28.57142857142857
2026-09-04 23:10:34+09:00,182,14,4,31.12624633431085,4,28.57142857142857
2026-09-04 23:15:36+09:00,182,14,4,31.12624633431085,4,28.57142857142857
2026-09-04 23:20:32+09:00,182,14,4,30.92624633431085,4,28.57142857142857
2026-09-04 23:25:32+09:00,182,14,4,30.72624633431085,4,28.57142857142857
2026-09-04 23:30:32+09:00,182,14,4,31.532697947214075,4,28.57142857142857
2026-09-04 23:35:32+09:00,182,14,4,31.532697947214075,4,28.57142857142857
2026-09-04 23:40:32+09:00,182,14,4,30.72624633431085,4,28.57142857142857
2026-09-04 23:45:32+09:00,182,14,4,30.92624633431085,4,28.57142857142857
2026-09-04 23:50:33+09:00,182,14,4,31.732697947214074,4,28.57142857142857
2026-09-04 23:55:32+09:00,182,14,4,31.732697947214074,4,28.57142857142857
2026-09-04 09:45:34+09:00,183,20,3,80.5229716520039,3,15.0
2026-09-04 09:50:33+09:00,183,20,3,80.5229716520039,3,15.0
2026-09-04 09:55:33+09:00,183,20,3,80.5229716520039,3,15.0
2026-09-04 10:00:32+09:00,183,20,3,,0,15.0
2026-09-04 10:05:32+09:00,183,20,3,,0,15.0
2026-09-04 10:10:32+09:00,183,20,4,,0,20.0
2026-09-04 10:15:32+09:00,183,20,3,,0,15.0
2026-09-04 10:20:32+09:00,183,20,3,,0,15.0
2026-09-04 10:25:32+09:00,183,20,3,,0,15.0
2026-09-04 10:30:32+09:00,183,20,3,,0,15.0
2026-09-04 10:35:32+09:00,183,20,3,,0,15.0
2026-09-04 10:40:32+09:00,183,20,3,,0,15.0
2026-09-04 10:45:32+09:00,183,20,3,,0,15.0
2026-09-04 10:50:32+09:00,183,20,3,,0,15.0
2026-09-04 10:55:32+09:00,183,20,2,,0,10.0
2026-09-04 11:00:32+09:00,183,20,3,,0,15.0
2026-09-04 11:05:32+09:00,183,20,3,,0,15.0
2026-09-04 11:10:32+09:00,183,20,3,,0,15.0
2026-09-04 11:15:32+09:00,183,20,3,,0,15.0
2026-09-04 11:20:32+09:00,183,20,3,,0,15.0
2026-09-04 11:25:32+09:00,183,20,2,,0,10.0
2026-09-04 11:30:32+09:00,183,20,2,,0,10.0
2026-09-04 11:35:32+09:00,183,20,2,,0,10.0
2026-09-04 11:40:35+09:00,183,20,3,,0,15.0
2026-09-04 11:45:32+09:00,183,20,3,,0,15.0
2026-09-04 11:50:32+09:00,183,20,3,,0,15.0
2026-09-04 11:55:33+09:00,183,20,3,,0,15.0
2026-09-04 12:00:32+09:00,183,20,3,,0,15.0
2026-09-04 12:05:32+09:00,183,20,3,,0,15.0
2026-09-04 12:10:32+09:00,183,20,3,,0,15.0
2026-09-04 12:15:33+09:00,183,20,4,,0,20.0
2026-09-04 12:20:32+09:00,183,20,3,,0,15.0
2026-09-04 12:25:32+09:00,183,20,2,,0,10.0
2026-09-04 12:30:32+09:00,183,20,1,,0,5.0
2026-09-04 12:35:32+09:00,183,20,1,,0,5.0
2026-09-04 12:40:33+09:00,183,20,0,,0,0.0
2026-09-04 12:45:32+09:00,183,20,0,,0,0.0
2026-09-04 12:50:32+09:00,183,20,3,,0,15.0
2026-09-04 12:55:32+09:00,183,20,3,,0,15.0
2026-09-04 13:00:32+09:00,183,20,3,,0,15.0
2026-09-04 13:05:32+09:00,183,20,2,,0,10.0
2026-09-04 13:10:32+09:00,183,20,3,,0,15.0
2026-09-04 13:15:32+09:00,183,20,5,,0,25.0
2026-09-04 13:20:32+09:00,183,20,6,,0,30.0
2026-09-04 13:25:32+09:00,183,20,5,,0,25.0
2026-09-04 13:30:32+09:00,183,20,5,,0,25.0
2026-09-04 13:35:32+09:00,183,20,4,,0,20.0
2026-09-04 13:40:32+09:00,183,20,3,,0,15.0
2026-09-04 13:45:33+09:00,183,20,3,,0,15.0
2026-09-04 13:50:32+09:00,183,20,4,,0,20.0
2026-09-04 13:55:33+09:00,183,20,3,,0,15.0
2026-09-04 14:00:32+09:00,183,20,3,,0,15.0
2026-09-04 14:05:33+09:00,183,20,3,64.33284457478005,2,15.0
2026-09-04 14:10:32+09:00,183,20,3,64.33284457478005,2,15.0
2026-09-04 14:15:34+09:00,183,20,3,64.80938416422288,2,15.0
2026-09-04 14:20:34+09:00,183,20,1,64.80938416422288,2,5.0
2026-09-04 14:25:34+09:00,183,20,1,64.80938416422288,2,5.0
2026-09-04 14:30:32+09:00,183,20,3,66.42228739002933,2,15.0
2026-09-04 14:35:33+09:00,183,20,3,66.42228739002933,2,15.0
2026-09-04 14:40:32+09:00,183,20,3,66.42228739002933,2,15.0
2026-09-04 14:45:35+09:00,183,20,2,66.42228739002933,2,10.0
2026-09-04 14:50:34+09:00,183,20,1,68.03519061583577,2,5.0
2026-09-04 14:55:34+09:00,183,20,1,68.03519061583577,2,5.0
2026-09-04 15:00:32+09:00,183,20,1,69.1715542521994,2,5.0
2026-09-04 15:05:33+09:00,183,20,1,67.55865102639297,2,5.0
2026-09-04 15:10:33+09:00,183,20,1,69.83137829912025,2,5.0
2026-09-04 15:15:33+09:00,183,20,0,67.55865102639297,2,0.0
2026-09-04 15:20:32+09:00,183,20,0,66.42228739002933,2,0.0
2026-09-04 15:25:32+09:00,183,20,0,68.03519061583577,2,0.0
2026-09-04 15:30:32+09:00,183,20,0,65.7624633431085,2,0.0
2026-09-04 15:35:32+09:00,183,20,0,63.489736070381234,2,0.0
2026-09-04 15:40:32+09:00,183,20,0,63.489736070381234,2,0.0
2026-09-04 15:45:34+09:00,183,20,2,63.489736070381234,2,10.0
2026-09-04 15:50:34+09:00,183,20,2,65.10263929618769,2,10.0
2026-09-04 15:55:33+09:00,183,20,2,63.96627565982405,2,10.0
2026-09-04 16:00:34+09:00,183,20,3,62.82991202346041,2,15.0
2026-09-04 16:05:34+09:00,183,20,2,64.44281524926686,2,10.0
2026-09-04 16:10:35+09:00,183,20,4,59.89736070381231,2,20.0
2026-09-04 16:15:35+09:00,183,20,3,56.488269794721404,2,15.0
2026-09-04 16:20:33+09:00,183,20,2,67.53595866499093,3,10.0
2026-09-04 16:25:32+09:00,183,20,3,66.77838290741516,3,15.0
2026-09-04 16:30:33+09:00,183,20,3,68.4017595307918,3,15.0
2026-09-04 16:35:32+09:00,183,20,3,64.5056556346879,3,15.0
2026-09-04 16:40:32+09:00,183,20,3,66.12903225806451,3,15.0
2026-09-04 16:45:32+09:00,183,20,5,64.17399804496578,3,25.0
2026-09-04 16:50:32+09:00,183,20,5,64.17399804496578,3,25.0
2026-09-04 16:55:32+09:00,183,20,5,42.375366568914956,2,25.0
2026-09-04 17:00:32+09:00,183,20,4,41.239002932551315,2,20.0
2026-09-04 17:05:33+09:00,183,20,5,38.48973607038123,2,25.0
2026-09-04 17:10:33+09:00,183,20,6,36.87683284457478,2,30.0
2026-09-04 17:15:32+09:00,183,20,5,34.12756598240469,2,25.0
2026-09-04 17:20:32+09:00,183,20,5,32.99120234604106,2,25.0
2026-09-04 17:25:32+09:00,183,20,5,32.99120234604106,2,25.0
2026-09-04 17:30:34+09:00,183,20,7,31.3782991202346,2,35.0
2026-09-04 17:35:35+09:00,183,20,8,30.241935483870968,2,40.0
2026-09-04 17:40:35+09:00,183,20,7,30.241935483870968,2,35.0
2026-09-04 17:45:34+09:00,183,20,8,28.629032258064516,2,40.0
2026-09-04 17:50:32+09:00,183,20,9,27.49266862170088,2,45.0
2026-09-04 17:55:33+09:00,183,20,9,27.969208211143695,2,45.0
2026-09-04 18:00:32+09:00,183,20,9,29.10557184750733,2,45.0
2026-09-04 18:05:32+09:00,183,20,9,25.87976539589443,2,45.0
2026-09-04 18:10:34+09:00,183,20,9,27.016129032258064,2,45.0
2026-09-04 18:15:32+09:00,183,20,7,25.87976539589443,2,35.0
2026-09-04 18:20:32+09:00,183,20,8,25.87976539589443,2,40.0
2026-09-04 18:25:32+09:00,183,20,9,24.266862170087975,2,45.0
2026-09-04 18:30:32+09:00,183,20,8,22.653958944281523,2,40.0
2026-09-04 18:35:32+09:00,183,20,7,22.17741935483871,2,35.0
2026-09-04 18:40:35+09:00,183,20,9,24.926686217008793,2,45.0
2026-09-04 18:45:35+09:00,183,20,9,29.765395894428153,2,45.0
2026-09-04 18:50:33+09:00,183,20,10,38.48973607038123,2,50.0
2026-09-04 18:55:34+09:00,183,20,10,41.239002932551315,2,50.0
2026-09-04 19:00:34+09:00,183,20,9,39.62609970674487,2,45.0
2026-09-04 19:05:32+09:00,183,20,9,42.851906158357764,2,45.0
2026-09-04 19:10:33+09:00,183,20,9,41.71554252199413,2,45.0
2026-09-04 19:15:32+09:00,183,20,9,44.94134897360704,2,45.0
2026-09-04 19:20:32+09:00,183,20,9,50.91642228739002,2,45.0
2026-09-04 19:25:32+09:00,183,20,8,52.52932551319648,2,40.0
2026-09-04 19:30:32+09:00,183,20,9,52.52932551319648,2,45.0
2026-09-04 19:35:33+09:00,183,20,9,50.91642228739002,2,45.0
2026-09-04 19:40:35+09:00,183,20,9,50.91642228739002,2,45.0
2026-09-04 19:45:32+09:00,183,20,8,50.91642228739002,2,40.0
2026-09-04 19:50:33+09:00,183,20,8,49.78005865102639,2,40.0
2026-09-04 19:55:34+09:00,183,20,7,54.14222873900293,2,35.0
2026-09-04 20:00:32+09:00,183,20,7,55.75513196480938,2,35.0
2026-09-04 20:05:33+09:00,183,20,5,56.89149560117302,2,25.0
2026-09-04 20:10:32+09:00,183,20,4,55.27859237536657,2,20.0
2026-09-04 20:15:32+09:00,183,20,3,57.36803519061583,2,15.0
2026-09-04 20:20:33+09:00,183,20,0,54.14222873900293,2,0.0
2026-09-04 20:25:33+09:00,183,20,0,57.36803519061583,2,0.0
2026-09-04 20:30:33+09:00,183,20,0,57.36803519061583,2,0.0
2026-09-04 20:35:32+09:00,183,20,0,57.36803519061583,2,0.0
2026-09-04 20:40:32+09:00,183,20,0,56.89149560117302,2,0.0
2026-09-04 20:45:32+09:00,183,20,0,56.89149560117302,2,0.0
2026-09-04 20:50:32+09:00,183,20,0,58.50439882697947,2,0.0
2026-09-04 20:55:33+09:00,183,20,1,55.27859237536657,2,5.0
2026-09-04 21:00:33+09:00,183,20,0,53.66568914956012,2,0.0
2026-09-04 21:05:33+09:00,183,20,2,67.71749755620723,3,10.0
2026-09-04 21:10:34+09:00,183,20,2,67.71749755620723,3,10.0
2026-09-04 21:15:36+09:00,183,20,2,64.03086161150677,3,10.0
2026-09-04 21:20:34+09:00,183,20,2,53.8577014383466,3,10.0
2026-09-04 21:25:32+09:00,183,20,1,53.100125680770844,3,5.0
2026-09-04 21:30:32+09:00,183,20,2,53.100125680770844,3,10.0
2026-09-04 21:35:32+09:00,183,20,2,50.94958804636224,3,10.0
2026-09-04 21:40:32+09:00,183,20,1,49.87431922915794,3,5.0
2026-09-04 21:45:34+09:00,183,20,2,47.72378159474934,3,10.0
2026-09-04 21:50:33+09:00,183,20,1,45.34282921379695,3,5.0
2026-09-04 21:55:32+09:00,183,20,2,40.81133919843597,3,10.0
2026-09-04 22:00:32+09:00,183,20,3,42.11702276218405,3,15.0
2026-09-04 22:05:32+09:00,183,20,4,41.04175394497975,3,20.0
2026-09-04 22:10:33+09:00,183,20,5,42.11702276218405,3,25.0
2026-09-04 22:15:33+09:00,183,20,9,43.42270632593213,3,45.0
2026-09-04 22:20:32+09:00,183,20,10,41.272168691523525,3,50.0
2026-09-04 22:25:33+09:00,183,20,12,41.272168691523525,3,60.0
2026-09-04 22:30:33+09:00,183,20,13,41.272168691523525,3,65.0
2026-09-04 22:35:32+09:00,183,20,14,38.04636223991063,3,70.0
2026-09-04 22:40:33+09:00,183,20,14,38.04636223991063,3,70.0
2026-09-04 22:45:33+09:00,183,20,14,38.04636223991063,3,70.0
2026-09-04 22:50:32+09:00,183,20,14,39.12163105711493,3,70.0
2026-09-04 22:55:32+09:00,183,20,14,39.12163105711493,3,70.0
2026-09-04 23:00:33+09:00,183,20,14,42.57785225527161,3,70.0
2026-09-04 23:05:32+09:00,183,20,14,42.57785225527161,3,70.0
2026-09-04 23:10:34+09:00,183,20,15,42.57785225527161,3,75.0
2026-09-04 23:15:36+09:00,183,20,15,42.57785225527161,3,75.0
2026-09-04 23:20:32+09:00,183,20,15,42.57785225527161,3,75.0
2026-09-04 23:25:32+09:00,183,20,15,42.57785225527161,3,75.0
2026-09-04 23:30:32+09:00,183,20,15,43.653121072475905,3,75.0
2026-09-04 23:35:32+09:00,183,20,15,43.653121072475905,3,75.0
2026-09-04 23:40:32+09:00,183,20,15,42.57785225527161,3,75.0
2026-09-04 23:45:32+09:00,183,20,15,42.57785225527161,3,75.0
2026-09-04 23:50:33+09:00,183,20,15,43.653121072475905,3,75.0
2026-09-04 23:55:32+09:00,183,20,15,43.653121072475905,3,75.0
2026-09-04 09:45:34+09:00,201,46,3,,0,6.521739130434782
2026-09-04 09:50:33+09:00,201,46,2,,0,4.3478260869565215
2026-09-04 09:55:33+09:00,201,46,2,,0,4.3478260869565215
2026-09-04 10:00:32+09:00,201,46,3,,0,6.521739130434782
2026-09-04 10:05:32+09:00,201,46,3,,0,6.521739130434782
2026-09-04 10:10:32+09:00,201,46,2,,0,4.3478260869565215
2026-09-04 10:15:32+09:00,201,46,2,,0,4.3478260869565215
2026-09-04 10:20:32+09:00,201,46,2,,0,4.3478260869565215
2026-09-04 10:25:32+09:00,201,46,2,,0,4.3478260869565215
2026-09-04 10:30:32+09:00,201,46,1,,0,2.1739130434782608
2026-09-04 10:35:32+09:00,201,46,2,,0,4.3478260869565215
2026-09-04 10:40:32+09:00,201,46,2,,0,4.3478260869565215
2026-09-04 10:45:32+09:00,201,46,2,,0,4.3478260869565215
2026-09-04 10:50:32+09:00,201,46,2,,0,4.3478260869565215
2026-09-04 10:55:32+09:00,201,46,2,,0,4.3478260869565215
2026-09-04 11:00:32+09:00,201,46,2,,0,4.3478260869565215
2026-09-04 11:05:32+09:00,201,46,2,,0,4.3478260869565215
2026-09-04 11:10:32+09:00,201,46,2,,0,4.3478260869565215
2026-09-04 11:15:32+09:00,201,46,2,,0,4.3478260869565215
2026-09-04 11:20:32+09:00,201,46,2,,0,4.3478260869565215
2026-09-04 11:25:32+09:00,201,46,4,,0,8.695652173913043
2026-09-04 11:30:32+09:00,201,46,4,,0,8.695652173913043
2026-09-04 11:35:32+09:00,201,46,4,,0,8.695652173913043
2026-09-04 11:40:35+09:00,201,46,4,,0,8.695652173913043
2026-09-04 11:45:32+09:00,201,46,5,,0,10.869565217391305
2026-09-04 11:50:32+09:00,201,46,6,,0,13.043478260869565
2026-09-04 11:55:33+09:00,201,46,5,,0,10.869565217391305
2026-09-04 12:00:32+09:00,201,46,5,,0,10.869565217391305
2026-09-04 12:05:32+09:00,201,46,5,,0,10.869565217391305
2026-09-04 12:10:32+09:00,201,46,5,,0,10.869565217391305
2026-09-04 12:15:33+09:00,201,46,5,,0,10.869565217391305
2026-09-04 12:20:32+09:00,201,46,6,,0,13.043478260869565
2026-09-04 12:25:32+09:00,201,46,6,,0,13.043478260869565
2026-09-04 12:30:32+09:00,201,46,6,,0,13.043478260869565
2026-09-04 12:35:32+09:00,201,46,6,,0,13.043478260869565
2026-09-04 12:40:33+09:00,201,46,7,,0,15.217391304347828
2026-09-04 12:45:32+09:00,201,46,7,,0,15.217391304347828
2026-09-04 12:50:32+09:00,201,46,6,,0,13.043478260869565
2026-09-04 12:55:32+09:00,201,46,6,,0,13.043478260869565
2026-09-04 13:00:32+09:00,201,46,7,,0,15.217391304347828
2026-09-04 13:05:32+09:00,201,46,8,,0,17.391304347826086
2026-09-04 13:10:32+09:00,201,46,9,,0,19.565217391304348
2026-09-04 13:15:32+09:00,201,46,9,,0,19.565217391304348
2026-09-04 13:20:32+09:00,201,46,9,,0,19.565217391304348
2026-09-04 13:25:32+09:00,201,46,9,,0,19.565217391304348
2026-09-04 13:30:32+09:00,201,46,9,,0,19.565217391304348
2026-09-04 13:35:32+09:00,201,46,8,,0,17.391304347826086
2026-09-04 13:40:32+09:00,201,46,8,,0,17.391304347826086
2026-09-04 13:45:33+09:00,201,46,8,,0,17.391304347826086
2026-09-04 13:50:32+09:00,201,46,9,,0,19.565217391304348
2026-09-04 13:55:33+09:00,201,46,9,,0,19.565217391304348
2026-09-04 14:00:32+09:00,201,46,10,,0,21.73913043478261
2026-09-04 14:05:33+09:00,201,46,10,,0,21.73913043478261
2026-09-04 14:10:32+09:00,201,46,10,,0,21.73913043478261
2026-09-04 14:15:34+09:00,201,46,10,,0,21.73913043478261
2026-09-04 14:20:34+09:00,201,46,10,,0,21.73913043478261
2026-09-04 14:25:34+09:00,201,46,10,,0,21.73913043478261
2026-09-04 14:30:32+09:00,201,46,10,,0,21.73913043478261
2026-09-04 14:35:33+09:00,201,46,10,,0,21.73913043478261
2026-09-04 14:40:32+09:00,201,46,10,,0,21.73913043478261
2026-09-04 14:45:35+09:00,201,46,11,,0,23.91304347826087
2026-09-04 14:50:34+09:00,201,46,11,,0,23.91304347826087
2026-09-04 14:55:34+09:00,201,46,11,,0,23.91304347826087
2026-09-04 15:00:32+09:00,201,46,12,,0,26.08695652173913
2026-09-04 15:05:33+09:00,201,46,13,,0,28.26086956521739
2026-09-04 15:10:33+09:00,201,46,13,,0,28.26086956521739
2026-09-04 15:15:33+09:00,201,46,13,,0,28.26086956521739
2026-09-04 15:20:32+09:00,201,46,13,,0,28.26086956521739
2026-09-04 15:25:32+09:00,201,46,13,,0,28.26086956521739
2026-09-04 15:30:32+09:00,201,46,12,,0,26.08695652173913
2026-09-04 15:35:32+09:00,201,46,13,,0,28.26086956521739
2026-09-04 15:40:32+09:00,201,46,13,,0,28.26086956521739
2026-09-04 15:45:34+09:00,201,46,13,,0,28.26086956521739
2026-09-04 15:50:34+09:00,201,46,14,,0,30.434782608695656
2026-09-04 15:55:33+09:00,201,46,14,,0,30.434782608695656
2026-09-04 16:00:34+09:00,201,46,15,,0,32.608695652173914
2026-09-04 16:05:34+09:00,201,46,21,,0,45.65217391304348
2026-09-04 16:10:35+09:00,201,46,23,,0,50.0
2026-09-04 16:15:35+09:00,201,46,23,,0,50.0
2026-09-04 16:20:33+09:00,201,46,24,,0,52.17391304347826
2026-09-04 16:25:32+09:00,201,46,24,,0,52.17391304347826
2026-09-04 16:30:33+09:00,201,46,24,,0,52.17391304347826
2026-09-04 16:35:32+09:00,201,46,26,,0,56.52173913043478
2026-09-04 16:40:32+09:00,201,46,27,,0,58.69565217391305
2026-09-04 16:45:32+09:00,201,46,27,,0,58.69565217391305
2026-09-04 16:50:32+09:00,201,46,28,,0,60.86956521739131
2026-09-04 16:55:32+09:00,201,46,29,,0,63.04347826086957
2026-09-04 17:00:32+09:00,201,46,29,,0,63.04347826086957
2026-09-04 17:05:33+09:00,201,46,31,,0,67.3913043478261
2026-09-04 17:10:33+09:00,201,46,32,,0,69.56521739130434
2026-09-04 17:15:32+09:00,201,46,34,,0,73.91304347826086
2026-09-04 17:20:32+09:00,201,46,35,,0,76.08695652173914
2026-09-04 17:25:32+09:00,201,46,35,,0,76.08695652173914
2026-09-04 17:30:34+09:00,201,46,35,,0,76.08695652173914
2026-09-04 17:35:35+09:00,201,46,36,,0,78.26086956521739
2026-09-04 17:40:35+09:00,201,46,36,,0,78.26086956521739
2026-09-04 17:45:34+09:00,201,46,38,,0,82.6086956521739
2026-09-04 17:50:32+09:00,201,46,38,,0,82.6086956521739
2026-09-04 17:55:33+09:00,201,46,38,,0,82.6086956521739
2026-09-04 18:00:32+09:00,201,46,38,,0,82.6086956521739
2026-09-04 18:05:32+09:00,201,46,40,,0,86.95652173913044
2026-09-04 18:10:34+09:00,201,46,41,,0,89.13043478260869
2026-09-04 18:15:32+09:00,201,46,42,,0,91.30434782608695
2026-09-04 18:20:32+09:00,201,46,42,,0,91.30434782608695
2026-09-04 18:25:32+09:00,201,46,42,,0,91.30434782608695
2026-09-04 18:30:32+09:00,201,46,42,,0,91.30434782608695
2026-09-04 18:35:32+09:00,201,46,42,,0,91.30434782608695
2026-09-04 18:40:35+09:00,201,46,42,,0,91.30434782608695
2026-09-04 18:45:35+09:00,201,46,43,,0,93.47826086956522
2026-09-04 18:50:33+09:00,201,46,43,,0,93.47826086956522
2026-09-04 18:55:34+09:00,201,46,43,,0,93.47826086956522
2026-09-04 19:00:34+09:00,201,46,43,,0,93.47826086956522
2026-09-04 19:05:32+09:00,201,46,43,,0,93.47826086956522
2026-09-04 19:10:33+09:00,201,46,43,,0,93.47826086956522
2026-09-04 19:15:32+09:00,201,46,43,,0,93.47826086956522
2026-09-04 19:20:32+09:00,201,46,44,,0,95.65217391304348
2026-09-04 19:25:32+09:00,201,46,44,,0,95.65217391304348
2026-09-04 19:30:32+09:00,201,46,44,,0,95.65217391304348
2026-09-04 19:35:33+09:00,201,46,44,,0,95.65217391304348
2026-09-04 19:40:35+09:00,201,46,44,,0,95.65217391304348
2026-09-04 19:45:32+09:00,201,46,44,,0,95.65217391304348
2026-09-04 19:50:33+09:00,201,46,45,,0,97.82608695652173
2026-09-04 19:55:34+09:00,201,46,46,,0,100.0
2026-09-04 20:00:32+09:00,201,46,46,,0,100.0
2026-09-04 20:05:33+09:00,201,46,46,,0,100.0
2026-09-04 20:10:32+09:00,201,46,46,,0,100.0
2026-09-04 20:15:32+09:00,201,46,46,,0,100.0
2026-09-04 20:20:33+09:00,201,46,46,,0,100.0
2026-09-04 20:25:33+09:00,201,46,46,,0,100.0
2026-09-04 20:30:33+09:00,201,46,46,,0,100.0
2026-09-04 20:35:32+09:00,201,46,46,,0,100.0
2026-09-04 20:40:32+09:00,201,46,46,,0,100.0
2026-09-04 20:45:32+09:00,201,46,46,,0,100.0
2026-09-04 20:50:32+09:00,201,46,46,,0,100.0
2026-09-04 20:55:33+09:00,201,46,46,,0,100.0
2026-09-04 21:00:33+09:00,201,46,46,,0,100.0
2026-09-04 21:05:33+09:00,201,46,46,,0,100.0
2026-09-04 21:10:34+09:00,201,46,46,,0,100.0
2026-09-04 21:15:36+09:00,201,46,46,,0,100.0
2026-09-04 21:20:34+09:00,201,46,46,,0,100.0
2026-09-04 21:25:32+09:00,201,46,45,,0,97.82608695652173
2026-09-04 21:30:32+09:00,201,46,45,,0,97.82608695652173
2026-09-04 21:35:32+09:00,201,46,45,,0,97.82608695652173
2026-09-04 21:40:32+09:00,201,46,45,,0,97.82608695652173
2026-09-04 21:45:34+09:00,201,46,45,,0,97.82608695652173
2026-09-04 21:50:33+09:00,201,46,45,,0,97.82608695652173
2026-09-04 21:55:32+09:00,201,46,46,,0,100.0
2026-09-04 22:00:32+09:00,201,46,46,,0,100.0
2026-09-04 22:05:32+09:00,201,46,46,,0,100.0
2026-09-04 22:10:33+09:00,201,46,46,,0,100.0
2026-09-04 22:15:33+09:00,201,46,46,,0,100.0
2026-09-04 22:20:32+09:00,201,46,46,,0,100.0
2026-09-04 22:25:33+09:00,201,46,46,,0,100.0
2026-09-04 22:30:33+09:00,201,46,46,,0,100.0
2026-09-04 22:35:32+09:00,201,46,46,,0,100.0
2026-09-04 22:40:33+09:00,201,46,46,,0,100.0
2026-09-04 22:45:33+09:00,201,46,46,,0,100.0
2026-09-04 22:50:32+09:00,201,46,46,,0,100.0
2026-09-04 22:55:32+09:00,201,46,46,,0,100.0
2026-09-04 23:00:33+09:00,201,46,46,,0,100.0
2026-09-04 23:05:32+09:00,201,46,46,,0,100.0
2026-09-04 23:10:34+09:00,201,46,46,,0,100.0
2026-09-04 23:15:36+09:00,201,46,46,,0,100.0
2026-09-04 23:20:32+09:00,201,46,46,,0,100.0
2026-09-04 23:25:32+09:00,201,46,46,,0,100.0
2026-09-04 23:30:32+09:00,201,46,46,,0,100.0
2026-09-04 23:35:32+09:00,201,46,46,,0,100.0
2026-09-04 23:40:32+09:00,201,46,46,,0,100.0
2026-09-04 23:45:32+09:00,201,46,46,,0,100.0
2026-09-04 23:50:33+09:00,201,46,46,,0,100.0
2026-09-04 23:55:32+09:00,201,46,46,,0,100.0
2026-09-04 09:45:34+09:00,241,18,18,22.916666666666664,4,100.0
2026-09-04 09:50:33+09:00,241,18,18,22.916666666666664,4,100.0
2026-09-04 09:55:33+09:00,241,18,18,22.916666666666664,4,100.0
2026-09-04 10:00:32+09:00,241,18,16,,0,88.88888888888889
2026-09-04 10:05:32+09:00,241,18,5,,0,27.77777777777778
2026-09-04 10:10:32+09:00,241,18,3,,0,16.666666666666664
2026-09-04 10:15:32+09:00,241,18,2,,0,11.11111111111111
2026-09-04 10:20:32+09:00,241,18,4,,0,22.22222222222222
2026-09-04 10:25:32+09:00,241,18,4,,0,22.22222222222222
2026-09-04 10:30:32+09:00,241,18,5,,0,27.77777777777778
2026-09-04 10:35:32+09:00,241,18,6,,0,33.33333333333333
2026-09-04 10:40:32+09:00,241,18,6,,0,33.33333333333333
2026-09-04 10:45:32+09:00,241,18,6,,0,33.33333333333333
2026-09-04 10:50:32+09:00,241,18,6,,0,33.33333333333333
2026-09-04 10:55:32+09:00,241,18,5,,0,27.77777777777778
2026-09-04 11:00:32+09:00,241,18,1,,0,5.555555555555555
2026-09-04 11:05:32+09:00,241,18,2,,0,11.11111111111111
2026-09-04 11:10:32+09:00,241,18,1,,0,5.555555555555555
2026-09-04 11:15:32+09:00,241,18,1,,0,5.555555555555555
2026-09-04 11:20:32+09:00,241,18,1,,0,5.555555555555555
2026-09-04 11:25:32+09:00,241,18,1,,0,5.555555555555555
2026-09-04 11:30:32+09:00,241,18,4,,0,22.22222222222222
2026-09-04 11:35:32+09:00,241,18,1,,0,5.555555555555555
2026-09-04 11:40:35+09:00,241,18,1,,0,5.555555555555555
2026-09-04 11:45:32+09:00,241,18,1,,0,5.555555555555555
2026-09-04 11:50:32+09:00,241,18,3,,0,16.666666666666664
2026-09-04 11:55:33+09:00,241,18,1,,0,5.555555555555555
2026-09-04 12:00:32+09:00,241,18,1,,0,5.555555555555555
2026-09-04 12:05:32+09:00,241,18,2,,0,11.11111111111111
2026-09-04 12:10:32+09:00,241,18,1,,0,5.555555555555555
2026-09-04 12:15:33+09:00,241,18,1,,0,5.555555555555555
2026-09-04 12:20:32+09:00,241,18,2,,0,11.11111111111111
2026-09-04 12:25:32+09:00,241,18,3,,0,16.666666666666664
2026-09-04 12:30:32+09:00,241,18,2,,0,11.11111111111111
2026-09-04 12:35:32+09:00,241,18,2,,0,11.11111111111111
2026-09-04 12:40:33+09:00,241,18,1,,0,5.555555555555555
2026-09-04 12:45:32+09:00,241,18,1,,0,5.555555555555555
2026-09-04 12:50:32+09:00,241,18,2,,0,11.11111111111111
2026-09-04 12:55:32+09:00,241,18,2,,0,11.11111111111111
2026-09-04 13:00:32+09:00,241,18,2,,0,11.11111111111111
2026-09-04 13:05:32+09:00,241,18,2,,0,11.11111111111111
2026-09-04 13:10:32+09:00,241,18,3,,0,16.666666666666664
2026-09-04 13:15:32+09:00,241,18,3,,0,16.666666666666664
2026-09-04 13:20:32+09:00,241,18,3,,0,16.666666666666664
2026-09-04 13:25:32+09:00,241,18,2,,0,11.11111111111111
2026-09-04 13:30:32+09:00,241,18,2,,0,11.11111111111111
2026-09-04 13:35:32+09:00,241,18,4,,0,22.22222222222222
2026-09-04 13:40:32+09:00,241,18,2,,0,11.11111111111111
2026-09-04 13:45:33+09:00,241,18,3,,0,16.666666666666664
2026-09-04 13:50:32+09:00,241,18,1,,0,5.555555555555555
2026-09-04 13:55:33+09:00,241,18,1,,0,5.555555555555555
2026-09-04 14:00:32+09:00,241,18,1,,0,5.555555555555555
2026-09-04 14:05:33+09:00,241,18,2,81.41304347826086,4,11.11111111111111
2026-09-04 14:10:32+09:00,241,18,3,84.32971014492753,4,16.666666666666664
2026-09-04 14:15:34+09:00,241,18,2,89.32971014492753,4,11.11111111111111
2026-09-04 14:20:34+09:00,241,18,1,90.9963768115942,4,5.555555555555555
2026-09-04 14:25:34+09:00,241,18,0,89.32971014492753,4,0.0
2026-09-04 14:30:32+09:00,241,18,0,89.32971014492753,4,0.0
2026-09-04 14:35:33+09:00,241,18,2,87.66304347826087,4,11.11111111111111
2026-09-04 14:40:32+09:00,241,18,0,87.66304347826087,4,0.0
2026-09-04 14:45:35+09:00,241,18,0,89.7463768115942,4,0.0
2026-09-04 14:50:34+09:00,241,18,1,89.7463768115942,4,5.555555555555555
2026-09-04 14:55:34+09:00,241,18,0,87.66304347826087,4,0.0
2026-09-04 15:00:32+09:00,241,18,1,87.66304347826087,4,5.555555555555555
2026-09-04 15:05:33+09:00,241,18,2,87.66304347826087,4,11.11111111111111
2026-09-04 15:10:33+09:00,241,18,0,94.7463768115942,4,0.0
2026-09-04 15:15:33+09:00,241,18,0,93.65942028985506,4,0.0
2026-09-04 15:20:32+09:00,241,18,2,94.7463768115942,4,11.11111111111111
2026-09-04 15:25:32+09:00,241,18,0,92.9951690821256,3,0.0
2026-09-04 15:30:32+09:00,241,18,1,92.9951690821256,3,5.555555555555555
2026-09-04 15:35:32+09:00,241,18,0,90.21739130434783,3,0.0
2026-09-04 15:40:32+09:00,241,18,0,90.21739130434783,3,0.0
2026-09-04 15:45:34+09:00,241,18,1,90.21739130434783,3,5.555555555555555
2026-09-04 15:50:34+09:00,241,18,1,88.76811594202898,3,5.555555555555555
2026-09-04 15:55:33+09:00,241,18,1,88.64734299516908,3,5.555555555555555
2026-09-04 16:00:34+09:00,241,18,1,88.64734299516908,3,5.555555555555555
2026-09-04 16:05:34+09:00,241,18,1,88.64734299516908,3,5.555555555555555
2026-09-04 16:10:35+09:00,241,18,1,85.8695652173913,3,5.555555555555555
2026-09-04 16:15:35+09:00,241,18,1,90.09661835748791,3,5.555555555555555
2026-09-04 16:20:33+09:00,241,18,2,91.9927536231884,4,11.11111111111111
2026-09-04 16:25:32+09:00,241,18,0,88.65942028985506,4,0.0
2026-09-04 16:30:33+09:00,241,18,1,86.9927536231884,4,5.555555555555555
2026-09-04 16:35:32+09:00,241,18,0,82.82608695652173,4,0.0
2026-09-04 16:40:32+09:00,241,18,1,78.56884057971014,4,5.555555555555555
2026-09-04 16:45:32+09:00,241,18,1,86.23188405797102,4,5.555555555555555
2026-09-04 16:50:32+09:00,241,18,0,88.31521739130434,4,0.0
2026-09-04 16:55:32+09:00,241,18,0,88.22463768115941,4,0.0
2026-09-04 17:00:32+09:00,241,18,1,90.09661835748791,3,5.555555555555555
2026-09-04 17:05:33+09:00,241,18,1,90.09661835748791,3,5.555555555555555
2026-09-04 17:10:33+09:00,241,18,0,91.54589371980676,3,0.0
2026-09-04 17:15:32+09:00,241,18,0,91.54589371980676,3,0.0
2026-09-04 17:20:32+09:00,241,18,1,93.65942028985506,4,5.555555555555555
2026-09-04 17:25:32+09:00,241,18,1,89.40217391304347,4,5.555555555555555
2026-09-04 17:30:34+09:00,241,18,0,90.48913043478261,4,0.0
2026-09-04 17:35:35+09:00,241,18,0,92.57246376811594,4,0.0
2026-09-04 17:40:35+09:00,241,18,0,90.09661835748791,3,0.0
2026-09-04 17:45:34+09:00,241,18,2,93.65942028985506,4,11.11111111111111
2026-09-04 17:50:32+09:00,241,18,1,93.65942028985506,4,5.555555555555555
2026-09-04 17:55:33+09:00,241,18,0,92.57246376811594,4,0.0
2026-09-04 18:00:32+09:00,241,18,0,91.48550724637681,4,0.0
2026-09-04 18:05:32+09:00,241,18,0,88.731884057971,4,0.0
2026-09-04 18:10:34+09:00,241,18,2,82.89855072463769,4,11.11111111111111
2026-09-04 18:15:32+09:00,241,18,2,81.23188405797102,4,11.11111111111111
2026-09-04 18:20:32+09:00,241,18,2,82.64492753623188,4,11.11111111111111
2026-09-04 18:25:32+09:00,241,18,2,80.47101449275362,4,11.11111111111111
2026-09-04 18:30:32+09:00,241,18,3,80.47101449275362,4,16.666666666666664
2026-09-04 18:35:32+09:00,241,18,6,77.39130434782608,4,33.33333333333333
2026-09-04 18:40:35+09:00,241,18,1,76.21376811594203,4,5.555555555555555
2026-09-04 18:45:35+09:00,241,18,2,80.79710144927536,4,11.11111111111111
2026-09-04 18:50:33+09:00,241,18,2,82.88043478260869,4,11.11111111111111
2026-09-04 18:55:34+09:00,241,18,2,81.8840579710145,4,11.11111111111111
2026-09-04 19:00:34+09:00,241,18,2,83.96739130434783,4,11.11111111111111
2026-09-04 19:05:32+09:00,241,18,1,82.30072463768116,4,5.555555555555555
2026-09-04 19:10:33+09:00,241,18,1,84.47463768115942,4,5.555555555555555
2026-09-04 19:15:32+09:00,241,18,3,78.55072463768116,4,16.666666666666664
2026-09-04 19:20:32+09:00,241,18,1,80.05434782608695,4,5.555555555555555
2026-09-04 19:25:32+09:00,241,18,1,68.46014492753623,4,5.555555555555555
2026-09-04 19:30:32+09:00,241,18,1,72.30072463768116,4,5.555555555555555
2026-09-04 19:35:33+09:00,241,18,2,72.80797101449275,4,11.11111111111111
2026-09-04 19:40:35+09:00,241,18,3,70.72463768115942,4,16.666666666666664
2026-09-04 19:45:32+09:00,241,18,3,69.63768115942028,4,16.666666666666664
2026-09-04 19:50:33+09:00,241,18,3,68.64130434782608,4,16.666666666666664
2026-09-04 19:55:34+09:00,241,18,4,61.46739130434782,4,22.22222222222222
2026-09-04 20:00:32+09:00,241,18,5,59.38405797101449,4,27.77777777777778
2026-09-04 20:05:33+09:00,241,18,7,54.130434782608695,4,38.88888888888889
2026-09-04 20:10:32+09:00,241,18,7,56.30434782608695,4,38.88888888888889
2026-09-04 20:15:32+09:00,241,18,7,55.21739130434783,4,38.88888888888889
2026-09-04 20:20:33+09:00,241,18,7,55.21739130434783,4,38.88888888888889
2026-09-04 20:25:33+09:00,241,18,7,53.04347826086956,4,38.88888888888889
2026-09-04 20:30:33+09:00,241,18,7,49.8731884057971,4,38.88888888888889
2026-09-04 20:35:32+09:00,241,18,9,48.78623188405797,4,50.0
2026-09-04 20:40:32+09:00,241,18,10,48.78623188405797,4,55.55555555555556
2026-09-04 20:45:32+09:00,241,18,16,45.61594202898551,4,88.88888888888889
2026-09-04 20:50:32+09:00,241,18,17,39.09420289855072,4,94.44444444444444
2026-09-04 20:55:33+09:00,241,18,17,39.09420289855072,4,94.44444444444444
2026-09-04 21:00:33+09:00,241,18,17,33.84057971014492,4,94.44444444444444
2026-09-04 21:05:33+09:00,241,18,17,33.84057971014492,4,94.44444444444444
2026-09-04 21:10:34+09:00,241,18,17,33.84057971014492,4,94.44444444444444
2026-09-04 21:15:36+09:00,241,18,17,33.84057971014492,4,94.44444444444444
2026-09-04 21:20:34+09:00,241,18,17,33.84057971014492,4,94.44444444444444
2026-09-04 21:25:32+09:00,241,18,17,33.84057971014492,4,94.44444444444444
2026-09-04 21:30:32+09:00,241,18,17,33.84057971014492,4,94.44444444444444
2026-09-04 21:35:32+09:00,241,18,17,33.84057971014492,4,94.44444444444444
2026-09-04 21:40:32+09:00,241,18,17,33.84057971014492,4,94.44444444444444
2026-09-04 21:45:34+09:00,241,18,17,33.84057971014492,4,94.44444444444444
2026-09-04 21:50:33+09:00,241,18,17,33.84057971014492,4,94.44444444444444
2026-09-04 21:55:32+09:00,241,18,17,33.84057971014492,4,94.44444444444444
2026-09-04 22:00:32+09:00,241,18,17,33.84057971014492,4,94.44444444444444
2026-09-04 22:05:32+09:00,241,18,17,33.84057971014492,4,94.44444444444444
2026-09-04 22:10:33+09:00,241,18,17,33.84057971014492,4,94.44444444444444
2026-09-04 22:15:33+09:00,241,18,17,33.84057971014492,4,94.44444444444444
2026-09-04 22:20:32+09:00,241,18,17,33.84057971014492,4,94.44444444444444
2026-09-04 22:25:33+09:00,241,18,17,33.84057971014492,4,94.44444444444444
2026-09-04 22:30:33+09:00,241,18,17,33.84057971014492,4,94.44444444444444
2026-09-04 22:35:32+09:00,241,18,17,33.84057971014492,4,94.44444444444444
2026-09-04 22:40:33+09:00,241,18,17,33.84057971014492,4,94.44444444444444
2026-09-04 22:45:33+09:00,241,18,17,33.84057971014492,4,94.44444444444444
2026-09-04 22:50:32+09:00,241,18,17,33.84057971014492,4,94.44444444444444
2026-09-04 22:55:32+09:00,241,18,17,33.84057971014492,4,94.44444444444444
2026-09-04 23:00:33+09:00,241,18,18,33.84057971014492,4,100.0
2026-09-04 23:05:32+09:00,241,18,18,22.916666666666664,4,100.0
2026-09-04 23:10:34+09:00,241,18,18,22.916666666666664,4,100.0
2026-09-04 23:15:36+09:00,241,18,18,22.916666666666664,4,100.0
2026-09-04 23:20:32+09:00,241,18,18,22.916666666666664,4,100.0
2026-09-04 23:25:32+09:00,241,18,18,22.916666666666664,4,100.0
2026-09-04 23:30:32+09:00,241,18,18,22.916666666666664,4,100.0
2026-09-04 23:35:32+09:00,241,18,18,22.916666666666664,4,100.0
2026-09-04 23:40:32+09:00,241,18,18,22.916666666666664,4,100.0
2026-09-04 23:45:32+09:00,241,18,18,22.916666666666664,4,100.0
2026-09-04 23:50:33+09:00,241,18,18,22.916666666666664,4,100.0
2026-09-04 23:55:32+09:00,241,18,18,22.916666666666664,4,100.0
2026-09-04 09:45:34+09:00,261,12,12,22.916666666666664,4,100.0
2026-09-04 09:50:33+09:00,261,12,12,22.916666666666664,4,100.0
2026-09-04 09:55:33+09:00,261,12,12,22.916666666666664,4,100.0
2026-09-04 10:00:32+09:00,261,12,11,,0,91.66666666666666
2026-09-04 10:05:32+09:00,261,12,7,,0,58.333333333333336
2026-09-04 10:10:32+09:00,261,12,3,,0,25.0
2026-09-04 10:15:32+09:00,261,12,2,,0,16.666666666666664
2026-09-04 10:20:32+09:00,261,12,2,,0,16.666666666666664
2026-09-04 10:25:32+09:00,261,12,2,,0,16.666666666666664
2026-09-04 10:30:32+09:00,261,12,2,,0,16.666666666666664
2026-09-04 10:35:32+09:00,261,12,1,,0,8.333333333333332
2026-09-04 10:40:32+09:00,261,12,2,,0,16.666666666666664
2026-09-04 10:45:32+09:00,261,12,2,,0,16.666666666666664
2026-09-04 10:50:32+09:00,261,12,1,,0,8.333333333333332
2026-09-04 10:55:32+09:00,261,12,2,,0,16.666666666666664
2026-09-04 11:00:32+09:00,261,12,2,,0,16.666666666666664
2026-09-04 11:05:32+09:00,261,12,1,,0,8.333333333333332
2026-09-04 11:10:32+09:00,261,12,1,,0,8.333333333333332
2026-09-04 11:15:32+09:00,261,12,2,,0,16.666666666666664
2026-09-04 11:20:32+09:00,261,12,2,,0,16.666666666666664
2026-09-04 11:25:32+09:00,261,12,1,,0,8.333333333333332
2026-09-04 11:30:32+09:00,261,12,1,,0,8.333333333333332
2026-09-04 11:35:32+09:00,261,12,1,,0,8.333333333333332
2026-09-04 11:40:35+09:00,261,12,1,,0,8.333333333333332
2026-09-04 11:45:32+09:00,261,12,1,,0,8.333333333333332
2026-09-04 11:50:32+09:00,261,12,2,,0,16.666666666666664
2026-09-04 11:55:33+09:00,261,12,2,,0,16.666666666666664
2026-09-04 12:00:32+09:00,261,12,2,,0,16.666666666666664
2026-09-04 12:05:32+09:00,261,12,1,,0,8.333333333333332
2026-09-04 12:10:32+09:00,261,12,1,,0,8.333333333333332
2026-09-04 12:15:33+09:00,261,12,1,,0,8.333333333333332
2026-09-04 12:20:32+09:00,261,12,1,,0,8.333333333333332
2026-09-04 12:25:32+09:00,261,12,1,,0,8.333333333333332
2026-09-04 12:30:32+09:00,261,12,1,,0,8.333333333333332
2026-09-04 12:35:32+09:00,261,12,2,,0,16.666666666666664
2026-09-04 12:40:33+09:00,261,12,2,,0,16.666666666666664
2026-09-04 12:45:32+09:00,261,12,1,,0,8.333333333333332
2026-09-04 12:50:32+09:00,261,12,1,,0,8.333333333333332
2026-09-04 12:55:32+09:00,261,12,3,,0,25.0
2026-09-04 13:00:32+09:00,261,12,3,,0,25.0
2026-09-04 13:05:32+09:00,261,12,2,,0,16.666666666666664
2026-09-04 13:10:32+09:00,261,12,2,,0,16.666666666666664
2026-09-04 13:15:32+09:00,261,12,3,,0,25.0
2026-09-04 13:20:32+09:00,261,12,2,,0,16.666666666666664
2026-09-04 13:25:32+09:00,261,12,3,,0,25.0
2026-09-04 13:30:32+09:00,261,12,3,,0,25.0
2026-09-04 13:35:32+09:00,261,12,1,,0,8.333333333333332
2026-09-04 13:40:32+09:00,261,12,1,,0,8.333333333333332
2026-09-04 13:45:33+09:00,261,12,1,,0,8.333333333333332
2026-09-04 13:50:32+09:00,261,12,2,,0,16.666666666666664
2026-09-04 13:55:33+09:00,261,12,1,,0,8.333333333333332
2026-09-04 14:00:32+09:00,261,12,1,,0,8.333333333333332
2026-09-04 14:05:33+09:00,261,12,2,82.1074879227053,4,16.666666666666664
2026-09-04 14:10:32+09:00,261,12,2,84.32971014492753,4,16.666666666666664
2026-09-04 14:15:34+09:00,261,12,2,90.71859903381642,4,16.666666666666664
2026-09-04 14:20:34+09:00,261,12,2,93.77415458937197,4,16.666666666666664
2026-09-04 14:25:34+09:00,261,12,2,93.4963768115942,4,16.666666666666664
2026-09-04 14:30:32+09:00,261,12,2,93.4963768115942,4,16.666666666666664
2026-09-04 14:35:33+09:00,261,12,2,89.05193236714976,4,16.666666666666664
2026-09-04 14:40:32+09:00,261,12,2,91.82971014492753,4,16.666666666666664
2026-09-04 14:45:35+09:00,261,12,1,91.82971014492753,4,8.333333333333332
2026-09-04 14:50:34+09:00,261,12,1,90.44082125603865,4,8.333333333333332
2026-09-04 14:55:34+09:00,261,12,2,90.44082125603865,4,16.666666666666664
2026-09-04 15:00:32+09:00,261,12,2,90.44082125603865,4,16.666666666666664
2026-09-04 15:05:33+09:00,261,12,1,90.44082125603865,4,8.333333333333332
2026-09-04 15:10:33+09:00,261,12,1,94.05193236714976,4,8.333333333333332
2026-09-04 15:15:33+09:00,261,12,1,95.7427536231884,4,8.333333333333332
2026-09-04 15:20:32+09:00,261,12,1,94.05193236714976,4,8.333333333333332
2026-09-04 15:25:32+09:00,261,12,1,95.77294685990337,3,8.333333333333332
2026-09-04 15:30:32+09:00,261,12,1,93.92109500805152,3,8.333333333333332
2026-09-04 15:35:32+09:00,261,12,3,95.77294685990337,3,25.0
2026-09-04 15:40:32+09:00,261,12,2,95.77294685990337,3,16.666666666666664
2026-09-04 15:45:34+09:00,261,12,3,95.77294685990337,3,25.0
2026-09-04 15:50:34+09:00,261,12,2,92.4718196457327,3,16.666666666666664
2026-09-04 15:55:33+09:00,261,12,1,89.573268921095,3,8.333333333333332
2026-09-04 16:00:34+09:00,261,12,1,89.573268921095,3,8.333333333333332
2026-09-04 16:05:34+09:00,261,12,1,89.573268921095,3,8.333333333333332
2026-09-04 16:10:35+09:00,261,12,2,89.573268921095,3,16.666666666666664
2026-09-04 16:15:35+09:00,261,12,1,91.02254428341384,3,8.333333333333332
2026-09-04 16:20:33+09:00,261,12,1,91.29830917874395,4,8.333333333333332
2026-09-04 16:25:32+09:00,261,12,1,90.7427536231884,4,8.333333333333332
2026-09-04 16:30:33+09:00,261,12,1,87.68719806763285,4,8.333333333333332
2026-09-04 16:35:32+09:00,261,12,3,87.68719806763285,4,25.0
2026-09-04 16:40:32+09:00,261,12,2,85.51328502415458,4,16.666666666666664
2026-09-04 16:45:32+09:00,261,12,2,92.48188405797102,4,16.666666666666664
2026-09-04 16:50:32+09:00,261,12,1,92.48188405797102,4,8.333333333333332
2026-09-04 16:55:32+09:00,261,12,1,90.30797101449275,4,8.333333333333332
2026-09-04 17:00:32+09:00,261,12,1,91.02254428341384,3,8.333333333333332
2026-09-04 17:05:33+09:00,261,12,1,87.31884057971014,3,8.333333333333332
2026-09-04 17:10:33+09:00,261,12,1,94.32367149758454,3,8.333333333333332
2026-09-04 17:15:32+09:00,261,12,1,94.32367149758454,3,8.333333333333332
2026-09-04 17:20:32+09:00,261,12,2,94.35386473429952,4,16.666666666666664
2026-09-04 17:25:32+09:00,261,12,2,93.56884057971014,4,16.666666666666664
2026-09-04 17:30:34+09:00,261,12,2,93.26690821256038,4,16.666666666666664
2026-09-04 17:35:35+09:00,261,12,1,94.65579710144928,4,8.333333333333332
2026-09-04 17:40:35+09:00,261,12,1,92.87439613526571,3,8.333333333333332
2026-09-04 17:45:34+09:00,261,12,1,94.35386473429952,4,8.333333333333332
2026-09-04 17:50:32+09:00,261,12,1,94.35386473429952,4,8.333333333333332
2026-09-04 17:55:33+09:00,261,12,1,94.65579710144928,4,8.333333333333332
2026-09-04 18:00:32+09:00,261,12,1,93.56884057971014,4,8.333333333333332
2026-09-04 18:05:32+09:00,261,12,2,90.81521739130434,4,16.666666666666664
2026-09-04 18:10:34+09:00,261,12,1,87.75966183574879,4,8.333333333333332
2026-09-04 18:15:32+09:00,261,12,2,84.70410628019323,4,16.666666666666664
2026-09-04 18:20:32+09:00,261,12,1,81.95048309178743,4,8.333333333333332
2026-09-04 18:25:32+09:00,261,12,1,78.38768115942028,4,8.333333333333332
2026-09-04 18:30:32+09:00,261,12,2,79.77657004830917,4,16.666666666666664
2026-09-04 18:35:32+09:00,261,12,3,75.30797101449275,4,25.0
2026-09-04 18:40:35+09:00,261,12,2,76.21376811594203,4,16.666666666666664
2026-09-04 18:45:35+09:00,261,12,3,84.26932367149757,4,25.0
2026-09-04 18:50:33+09:00,261,12,2,84.26932367149757,4,16.666666666666664
2026-09-04 18:55:34+09:00,261,12,2,85.35628019323671,4,16.666666666666664
2026-09-04 19:00:34+09:00,261,12,2,85.35628019323671,4,16.666666666666664
2026-09-04 19:05:32+09:00,261,12,2,85.07850241545893,4,16.666666666666664
2026-09-04 19:10:33+09:00,261,12,2,87.2524154589372,4,16.666666666666664
2026-09-04 19:15:32+09:00,261,12,2,83.41183574879227,4,16.666666666666664
2026-09-04 19:20:32+09:00,261,12,2,81.44323671497584,4,16.666666666666664
2026-09-04 19:25:32+09:00,261,12,2,71.237922705314,4,16.666666666666664
2026-09-04 19:30:32+09:00,261,12,2,75.07850241545893,4,16.666666666666664
2026-09-04 19:35:33+09:00,261,12,2,75.58574879227052,4,16.666666666666664
2026-09-04 19:40:35+09:00,261,12,3,72.80797101449275,4,25.0
2026-09-04 19:45:32+09:00,261,12,3,71.72101449275362,4,25.0
2026-09-04 19:50:33+09:00,261,12,4,72.80797101449275,4,33.33333333333333
2026-09-04 19:55:34+09:00,261,12,5,65.6340579710145,4,41.66666666666667
2026-09-04 20:00:32+09:00,261,12,5,62.856280193236714,4,41.66666666666667
2026-09-04 20:05:33+09:00,261,12,7,60.38043478260869,4,58.333333333333336
2026-09-04 20:10:32+09:00,261,12,7,61.16545893719807,4,58.333333333333336
2026-09-04 20:15:32+09:00,261,12,7,60.07850241545894,4,58.333333333333336
2026-09-04 20:20:33+09:00,261,12,7,60.07850241545894,4,58.333333333333336
2026-09-04 20:25:33+09:00,261,12,8,57.90458937198068,4,66.66666666666666
2026-09-04 20:30:33+09:00,261,12,8,56.817632850241544,4,66.66666666666666
2026-09-04 20:35:32+09:00,261,12,8,52.95289855072464,4,66.66666666666666
2026-09-04 20:40:32+09:00,261,12,9,52.95289855072464,4,75.0
2026-09-04 20:45:32+09:00,261,12,9,42.143719806763286,4,75.0
2026-09-04 20:50:32+09:00,261,12,9,34.23309178743961,4,75.0
2026-09-04 20:55:33+09:00,261,12,9,34.23309178743961,4,75.0
2026-09-04 21:00:33+09:00,261,12,11,33.14613526570048,4,91.66666666666666
2026-09-04 21:05:33+09:00,261,12,11,33.14613526570048,4,91.66666666666666
2026-09-04 21:10:34+09:00,261,12,11,33.14613526570048,4,91.66666666666666
2026-09-04 21:15:36+09:00,261,12,11,33.14613526570048,4,91.66666666666666
2026-09-04 21:20:34+09:00,261,12,11,33.14613526570048,4,91.66666666666666
2026-09-04 21:25:32+09:00,261,12,11,33.14613526570048,4,91.66666666666666
2026-09-04 21:30:32+09:00,261,12,11,33.14613526570048,4,91.66666666666666
2026-09-04 21:35:32+09:00,261,12,11,33.14613526570048,4,91.66666666666666
2026-09-04 21:40:32+09:00,261,12,11,33.14613526570048,4,91.66666666666666
2026-09-04 21:45:34+09:00,261,12,11,33.14613526570048,4,91.66666666666666
2026-09-04 21:50:33+09:00,261,12,11,33.14613526570048,4,91.66666666666666
2026-09-04 21:55:32+09:00,261,12,11,33.14613526570048,4,91.66666666666666
2026-09-04 22:00:32+09:00,261,12,11,33.14613526570048,4,91.66666666666666
2026-09-04 22:05:32+09:00,261,12,11,33.14613526570048,4,91.66666666666666
2026-09-04 22:10:33+09:00,261,12,11,33.14613526570048,4,91.66666666666666
2026-09-04 22:15:33+09:00,261,12,11,33.14613526570048,4,91.66666666666666
2026-09-04 22:20:32+09:00,261,12,11,33.14613526570048,4,91.66666666666666
2026-09-04 22:25:33+09:00,261,12,11,33.14613526570048,4,91.66666666666666
2026-09-04 22:30:33+09:00,261,12,11,33.14613526570048,4,91.66666666666666
2026-09-04 22:35:32+09:00,261,12,11,33.14613526570048,4,91.66666666666666
2026-09-04 22:40:33+09:00,261,12,11,33.14613526570048,4,91.66666666666666
2026-09-04 22:45:33+09:00,261,12,11,33.14613526570048,4,91.66666666666666
2026-09-04 22:50:32+09:00,261,12,11,33.14613526570048,4,91.66666666666666
2026-09-04 22:55:32+09:00,261,12,11,33.14613526570048,4,91.66666666666666
2026-09-04 23:00:33+09:00,261,12,12,33.14613526570048,4,100.0
2026-09-04 23:05:32+09:00,261,12,12,22.916666666666664,4,100.0
2026-09-04 23:10:34+09:00,261,12,12,22.916666666666664,4,100.0
2026-09-04 23:15:36+09:00,261,12,12,22.916666666666664,4,100.0
2026-09-04 23:20:32+09:00,261,12,12,22.916666666666664,4,100.0
2026-09-04 23:25:32+09:00,261,12,12,22.916666666666664,4,100.0
2026-09-04 23:30:32+09:00,261,12,12,22.916666666666664,4,100.0
2026-09-04 23:35:32+09:00,261,12,12,22.916666666666664,4,100.0
2026-09-04 23:40:32+09:00,261,12,12,22.916666666666664,4,100.0
2026-09-04 23:45:32+09:00,261,12,12,22.916666666666664,4,100.0
2026-09-04 23:50:33+09:00,261,12,12,22.916666666666664,4,100.0
2026-09-04 23:55:32+09:00,261,12,12,22.916666666666664,4,100.0
2026-09-04 09:45:34+09:00,262,23,23,22.916666666666664,4,100.0
2026-09-04 09:50:33+09:00,262,23,23,22.916666666666664,4,100.0
2026-09-04 09:55:33+09:00,262,23,23,22.916666666666664,4,100.0
2026-09-04 10:00:32+09:00,262,23,8,,0,34.78260869565217
2026-09-04 10:05:32+09:00,262,23,0,,0,0.0
2026-09-04 10:10:32+09:00,262,23,2,,0,8.695652173913043
2026-09-04 10:15:32+09:00,262,23,2,,0,8.695652173913043
2026-09-04 10:20:32+09:00,262,23,1,,0,4.3478260869565215
2026-09-04 10:25:32+09:00,262,23,1,,0,4.3478260869565215
2026-09-04 10:30:32+09:00,262,23,1,,0,4.3478260869565215
2026-09-04 10:35:32+09:00,262,23,1,,0,4.3478260869565215
2026-09-04 10:40:32+09:00,262,23,1,,0,4.3478260869565215
2026-09-04 10:45:32+09:00,262,23,1,,0,4.3478260869565215
2026-09-04 10:50:32+09:00,262,23,0,,0,0.0
2026-09-04 10:55:32+09:00,262,23,0,,0,0.0
2026-09-04 11:00:32+09:00,262,23,0,,0,0.0
2026-09-04 11:05:32+09:00,262,23,0,,0,0.0
2026-09-04 11:10:32+09:00,262,23,0,,0,0.0
2026-09-04 11:15:32+09:00,262,23,0,,0,0.0
2026-09-04 11:20:32+09:00,262,23,0,,0,0.0
2026-09-04 11:25:32+09:00,262,23,0,,0,0.0
2026-09-04 11:30:32+09:00,262,23,0,,0,0.0
2026-09-04 11:35:32+09:00,262,23,0,,0,0.0
2026-09-04 11:40:35+09:00,262,23,0,,0,0.0
2026-09-04 11:45:32+09:00,262,23,1,,0,4.3478260869565215
2026-09-04 11:50:32+09:00,262,23,1,,0,4.3478260869565215
2026-09-04 11:55:33+09:00,262,23,1,,0,4.3478260869565215
2026-09-04 12:00:32+09:00,262,23,1,,0,4.3478260869565215
2026-09-04 12:05:32+09:00,262,23,1,,0,4.3478260869565215
2026-09-04 12:10:32+09:00,262,23,1,,0,4.3478260869565215
2026-09-04 12:15:33+09:00,262,23,2,,0,8.695652173913043
2026-09-04 12:20:32+09:00,262,23,2,,0,8.695652173913043
2026-09-04 12:25:32+09:00,262,23,1,,0,4.3478260869565215
2026-09-04 12:30:32+09:00,262,23,1,,0,4.3478260869565215
2026-09-04 12:35:32+09:00,262,23,1,,0,4.3478260869565215
2026-09-04 12:40:33+09:00,262,23,1,,0,4.3478260869565215
2026-09-04 12:45:32+09:00,262,23,1,,0,4.3478260869565215
2026-09-04 12:50:32+09:00,262,23,1,,0,4.3478260869565215
2026-09-04 12:55:32+09:00,262,23,1,,0,4.3478260869565215
2026-09-04 13:00:32+09:00,262,23,1,,0,4.3478260869565215
2026-09-04 13:05:32+09:00,262,23,1,,0,4.3478260869565215
2026-09-04 13:10:32+09:00,262,23,1,,0,4.3478260869565215
2026-09-04 13:15:32+09:00,262,23,1,,0,4.3478260869565215
2026-09-04 13:20:32+09:00,262,23,1,,0,4.3478260869565215
2026-09-04 13:25:32+09:00,262,23,1,,0,4.3478260869565215
2026-09-04 13:30:32+09:00,262,23,1,,0,4.3478260869565215
2026-09-04 13:35:32+09:00,262,23,1,,0,4.3478260869565215
2026-09-04 13:40:32+09:00,262,23,1,,0,4.3478260869565215
2026-09-04 13:45:33+09:00,262,23,3,,0,13.043478260869565
2026-09-04 13:50:32+09:00,262,23,1,,0,4.3478260869565215
2026-09-04 13:55:33+09:00,262,23,2,,0,8.695652173913043
2026-09-04 14:00:32+09:00,262,23,1,,0,4.3478260869565215
2026-09-04 14:05:33+09:00,262,23,1,81.11111111111111,4,4.3478260869565215
2026-09-04 14:10:32+09:00,262,23,1,81.25,4,4.3478260869565215
2026-09-04 14:15:34+09:00,262,23,1,87.63888888888889,4,4.3478260869565215
2026-09-04 14:20:34+09:00,262,23,1,90.69444444444444,4,4.3478260869565215
2026-09-04 14:25:34+09:00,262,23,1,90.41666666666667,4,4.3478260869565215
2026-09-04 14:30:32+09:00,262,23,1,90.41666666666667,4,4.3478260869565215
2026-09-04 14:35:33+09:00,262,23,1,85.97222222222223,4,4.3478260869565215
2026-09-04 14:40:32+09:00,262,23,1,88.75,4,4.3478260869565215
2026-09-04 14:45:35+09:00,262,23,1,90.83333333333333,4,4.3478260869565215
2026-09-04 14:50:34+09:00,262,23,1,89.44444444444444,4,4.3478260869565215
2026-09-04 14:55:34+09:00,262,23,1,87.36111111111111,4,4.3478260869565215
2026-09-04 15:00:32+09:00,262,23,1,87.36111111111111,4,4.3478260869565215
2026-09-04 15:05:33+09:00,262,23,1,87.36111111111111,4,4.3478260869565215
2026-09-04 15:10:33+09:00,262,23,2,93.05555555555554,4,8.695652173913043
2026-09-04 15:15:33+09:00,262,23,1,95.83333333333333,4,4.3478260869565215
2026-09-04 15:20:32+09:00,262,23,1,93.05555555555554,4,4.3478260869565215
2026-09-04 15:25:32+09:00,262,23,1,94.44444444444444,3,4.3478260869565215
2026-09-04 15:30:32+09:00,262,23,1,92.5925925925926,3,4.3478260869565215
2026-09-04 15:35:32+09:00,262,23,1,91.66666666666667,3,4.3478260869565215
2026-09-04 15:40:32+09:00,262,23,1,91.66666666666667,3,4.3478260869565215
2026-09-04 15:45:34+09:00,262,23,1,91.66666666666667,3,4.3478260869565215
2026-09-04 15:50:34+09:00,262,23,3,89.81481481481482,3,13.043478260869565
2026-09-04 15:55:33+09:00,262,23,4,92.5925925925926,3,17.391304347826086
2026-09-04 16:00:34+09:00,262,23,4,92.5925925925926,3,17.391304347826086
2026-09-04 16:05:34+09:00,262,23,4,92.5925925925926,3,17.391304347826086
2026-09-04 16:10:35+09:00,262,23,3,89.81481481481482,3,13.043478260869565
2026-09-04 16:15:35+09:00,262,23,2,92.5925925925926,3,8.695652173913043
2026-09-04 16:20:33+09:00,262,23,2,91.38888888888889,4,8.695652173913043
2026-09-04 16:25:32+09:00,262,23,2,90.83333333333333,4,8.695652173913043
2026-09-04 16:30:33+09:00,262,23,3,87.77777777777777,4,13.043478260869565
2026-09-04 16:35:32+09:00,262,23,4,83.61111111111111,4,17.391304347826086
2026-09-04 16:40:32+09:00,262,23,3,81.52777777777777,4,13.043478260869565
2026-09-04 16:45:32+09:00,262,23,5,91.66666666666666,4,21.73913043478261
2026-09-04 16:50:32+09:00,262,23,5,93.75,4,21.73913043478261
2026-09-04 16:55:32+09:00,262,23,6,95.83333333333333,4,26.08695652173913
2026-09-04 17:00:32+09:00,262,23,4,92.5925925925926,3,17.391304347826086
2026-09-04 17:05:33+09:00,262,23,3,88.88888888888887,3,13.043478260869565
2026-09-04 17:10:33+09:00,262,23,2,94.44444444444444,3,8.695652173913043
2026-09-04 17:15:32+09:00,262,23,2,94.44444444444444,3,8.695652173913043
2026-09-04 17:20:32+09:00,262,23,3,94.44444444444444,4,13.043478260869565
2026-09-04 17:25:32+09:00,262,23,4,93.75,4,17.391304347826086
2026-09-04 17:30:34+09:00,262,23,3,92.36111111111111,4,13.043478260869565
2026-09-04 17:35:35+09:00,262,23,3,95.83333333333333,4,13.043478260869565
2026-09-04 17:40:35+09:00,262,23,3,94.44444444444444,3,13.043478260869565
2026-09-04 17:45:34+09:00,262,23,2,94.44444444444444,4,8.695652173913043
2026-09-04 17:50:32+09:00,262,23,2,94.44444444444444,4,8.695652173913043
2026-09-04 17:55:33+09:00,262,23,3,95.83333333333333,4,13.043478260869565
2026-09-04 18:00:32+09:00,262,23,5,95.83333333333333,4,21.73913043478261
2026-09-04 18:05:32+09:00,262,23,5,94.16666666666666,4,21.73913043478261
2026-09-04 18:10:34+09:00,262,23,5,86.94444444444444,4,21.73913043478261
2026-09-04 18:15:32+09:00,262,23,5,83.88888888888889,4,21.73913043478261
2026-09-04 18:20:32+09:00,262,23,7,86.38888888888889,4,30.434782608695656
2026-09-04 18:25:32+09:00,262,23,8,85.0,4,34.78260869565217
2026-09-04 18:30:32+09:00,262,23,8,86.38888888888889,4,34.78260869565217
2026-09-04 18:35:32+09:00,262,23,8,76.66666666666666,4,34.78260869565217
2026-09-04 18:40:35+09:00,262,23,10,82.91666666666667,4,43.47826086956522
2026-09-04 18:45:35+09:00,262,23,8,88.88888888888889,4,34.78260869565217
2026-09-04 18:50:33+09:00,262,23,10,90.97222222222223,4,43.47826086956522
2026-09-04 18:55:34+09:00,262,23,8,88.88888888888889,4,34.78260869565217
2026-09-04 19:00:34+09:00,262,23,9,90.97222222222223,4,39.130434782608695
2026-09-04 19:05:32+09:00,262,23,7,90.69444444444444,4,30.434782608695656
2026-09-04 19:10:33+09:00,262,23,9,90.69444444444444,4,39.130434782608695
2026-09-04 19:15:32+09:00,262,23,9,86.94444444444444,4,39.130434782608695
2026-09-04 19:20:32+09:00,262,23,8,85.97222222222223,4,34.78260869565217
2026-09-04 19:25:32+09:00,262,23,11,79.02777777777777,4,47.82608695652174
2026-09-04 19:30:32+09:00,262,23,9,80.69444444444444,4,39.130434782608695
2026-09-04 19:35:33+09:00,262,23,7,79.02777777777777,4,30.434782608695656
2026-09-04 19:40:35+09:00,262,23,7,74.16666666666666,4,30.434782608695656
2026-09-04 19:45:32+09:00,262,23,8,74.16666666666666,4,34.78260869565217
2026-09-04 19:50:33+09:00,262,23,7,72.08333333333333,4,30.434782608695656
2026-09-04 19:55:34+09:00,262,23,9,67.08333333333333,4,39.130434782608695
2026-09-04 20:00:32+09:00,262,23,10,62.222222222222214,4,43.47826086956522
2026-09-04 20:05:33+09:00,262,23,9,56.666666666666664,4,39.130434782608695
2026-09-04 20:10:32+09:00,262,23,8,55.27777777777778,4,34.78260869565217
2026-09-04 20:15:32+09:00,262,23,9,55.27777777777778,4,39.130434782608695
2026-09-04 20:20:33+09:00,262,23,10,55.27777777777778,4,43.47826086956522
2026-09-04 20:25:33+09:00,262,23,11,55.27777777777778,4,47.82608695652174
2026-09-04 20:30:33+09:00,262,23,12,53.19444444444444,4,52.17391304347826
2026-09-04 20:35:32+09:00,262,23,13,50.416666666666664,4,56.52173913043478
2026-09-04 20:40:32+09:00,262,23,14,50.416666666666664,4,60.86956521739131
2026-09-04 20:45:32+09:00,262,23,14,38.61111111111111,4,60.86956521739131
2026-09-04 20:50:32+09:00,262,23,20,37.22222222222222,4,86.95652173913044
2026-09-04 20:55:33+09:00,262,23,20,37.22222222222222,4,86.95652173913044
2026-09-04 21:00:33+09:00,262,23,21,33.05555555555555,4,91.30434782608695
2026-09-04 21:05:33+09:00,262,23,21,33.05555555555555,4,91.30434782608695
2026-09-04 21:10:34+09:00,262,23,21,33.05555555555555,4,91.30434782608695
2026-09-04 21:15:36+09:00,262,23,21,33.05555555555555,4,91.30434782608695
2026-09-04 21:20:34+09:00,262,23,21,33.05555555555555,4,91.30434782608695
2026-09-04 21:25:32+09:00,262,23,21,33.05555555555555,4,91.30434782608695
2026-09-04 21:30:32+09:00,262,23,21,33.05555555555555,4,91.30434782608695
2026-09-04 21:35:32+09:00,262,23,21,33.05555555555555,4,91.30434782608695
2026-09-04 21:40:32+09:00,262,23,21,33.05555555555555,4,91.30434782608695
2026-09-04 21:45:34+09:00,262,23,21,33.05555555555555,4,91.30434782608695
2026-09-04 21:50:33+09:00,262,23,21,33.05555555555555,4,91.30434782608695
2026-09-04 21:55:32+09:00,262,23,21,33.05555555555555,4,91.30434782608695
2026-09-04 22:00:32+09:00,262,23,21,33.05555555555555,4,91.30434782608695
2026-09-04 22:05:32+09:00,262,23,21,33.05555555555555,4,91.30434782608695
2026-09-04 22:10:33+09:00,262,23,21,33.05555555555555,4,91.30434782608695
2026-09-04 22:15:33+09:00,262,23,21,33.05555555555555,4,91.30434782608695
2026-09-04 22:20:32+09:00,262,23,21,33.05555555555555,4,91.30434782608695
2026-09-04 22:25:33+09:00,262,23,21,33.05555555555555,4,91.30434782608695
2026-09-04 22:30:33+09:00,262,23,21,33.05555555555555,4,91.30434782608695
2026-09-04 22:35:32+09:00,262,23,21,33.05555555555555,4,91.30434782608695
2026-09-04 22:40:33+09:00,262,23,21,33.05555555555555,4,91.30434782608695
2026-09-04 22:45:33+09:00,262,23,21,33.05555555555555,4,91.30434782608695
2026-09-04 22:50:32+09:00,262,23,21,33.05555555555555,4,91.30434782608695
2026-09-04 22:55:32+09:00,262,23,21,33.05555555555555,4,91.30434782608695
2026-09-04 23:00:33+09:00,262,23,23,33.05555555555555,4,100.0
2026-09-04 23:05:32+09:00,262,23,23,22.916666666666664,4,100.0
2026-09-04 23:10:34+09:00,262,23,23,22.916666666666664,4,100.0
2026-09-04 23:15:36+09:00,262,23,23,22.916666666666664,4,100.0
2026-09-04 23:20:32+09:00,262,23,23,22.916666666666664,4,100.0
2026-09-04 23:25:32+09:00,262,23,23,22.916666666666664,4,100.0
2026-09-04 23:30:32+09:00,262,23,23,22.916666666666664,4,100.0
2026-09-04 23:35:32+09:00,262,23,23,22.916666666666664,4,100.0
2026-09-04 23:40:32+09:00,262,23,23,22.916666666666664,4,100.0
2026-09-04 23:45:32+09:00,262,23,23,22.916666666666664,4,100.0
2026-09-04 23:50:33+09:00,262,23,23,22.916666666666664,4,100.0
2026-09-04 23:55:32+09:00,262,23,23,22.916666666666664,4,100.0
2026-09-04 09:45:34+09:00,301,48,20,66.53225806451613,2,41.66666666666667
2026-09-04 09:50:33+09:00,301,48,20,66.53225806451613,2,41.66666666666667
2026-09-04 09:55:33+09:00,301,48,20,66.53225806451613,2,41.66666666666667
2026-09-04 10:00:32+09:00,301,48,20,,0,41.66666666666667
2026-09-04 10:05:32+09:00,301,48,20,,0,41.66666666666667
2026-09-04 10:10:32+09:00,301,48,20,,0,41.66666666666667
2026-09-04 10:15:32+09:00,301,48,20,,0,41.66666666666667
2026-09-04 10:20:32+09:00,301,48,20,,0,41.66666666666667
2026-09-04 10:25:32+09:00,301,48,20,,0,41.66666666666667
2026-09-04 10:30:32+09:00,301,48,20,,0,41.66666666666667
2026-09-04 10:35:32+09:00,301,48,20,,0,41.66666666666667
2026-09-04 10:40:32+09:00,301,48,20,,0,41.66666666666667
2026-09-04 10:45:32+09:00,301,48,20,,0,41.66666666666667
2026-09-04 10:50:32+09:00,301,48,20,,0,41.66666666666667
2026-09-04 10:55:32+09:00,301,48,20,,0,41.66666666666667
2026-09-04 11:00:32+09:00,301,48,20,,0,41.66666666666667
2026-09-04 11:05:32+09:00,301,48,20,,0,41.66666666666667
2026-09-04 11:10:32+09:00,301,48,20,,0,41.66666666666667
2026-09-04 11:15:32+09:00,301,48,20,,0,41.66666666666667
2026-09-04 11:20:32+09:00,301,48,20,,0,41.66666666666667
2026-09-04 11:25:32+09:00,301,48,20,,0,41.66666666666667
2026-09-04 11:30:32+09:00,301,48,20,,0,41.66666666666667
2026-09-04 11:35:32+09:00,301,48,20,,0,41.66666666666667
2026-09-04 11:40:35+09:00,301,48,20,,0,41.66666666666667
2026-09-04 11:45:32+09:00,301,48,20,,0,41.66666666666667
2026-09-04 11:50:32+09:00,301,48,20,,0,41.66666666666667
2026-09-04 11:55:33+09:00,301,48,20,,0,41.66666666666667
2026-09-04 12:00:32+09:00,301,48,20,,0,41.66666666666667
2026-09-04 12:05:32+09:00,301,48,20,,0,41.66666666666667
2026-09-04 12:10:32+09:00,301,48,21,,0,43.75
2026-09-04 12:15:33+09:00,301,48,21,,0,43.75
2026-09-04 12:20:32+09:00,301,48,21,,0,43.75
2026-09-04 12:25:32+09:00,301,48,21,,0,43.75
2026-09-04 12:30:32+09:00,301,48,21,,0,43.75
2026-09-04 12:35:32+09:00,301,48,22,,0,45.83333333333333
2026-09-04 12:40:33+09:00,301,48,22,,0,45.83333333333333
2026-09-04 12:45:32+09:00,301,48,22,,0,45.83333333333333
2026-09-04 12:50:32+09:00,301,48,21,,0,43.75
2026-09-04 12:55:32+09:00,301,48,21,,0,43.75
2026-09-04 13:00:32+09:00,301,48,21,,0,43.75
2026-09-04 13:05:32+09:00,301,48,21,,0,43.75
2026-09-04 13:10:32+09:00,301,48,21,,0,43.75
2026-09-04 13:15:32+09:00,301,48,21,,0,43.75
2026-09-04 13:20:32+09:00,301,48,21,,0,43.75
2026-09-04 13:25:32+09:00,301,48,21,,0,43.75
2026-09-04 13:30:32+09:00,301,48,21,,0,43.75
2026-09-04 13:35:32+09:00,301,48,21,,0,43.75
2026-09-04 13:40:32+09:00,301,48,21,,0,43.75
2026-09-04 13:45:33+09:00,301,48,21,,0,43.75
2026-09-04 13:50:32+09:00,301,48,21,,0,43.75
2026-09-04 13:55:33+09:00,301,48,21,,0,43.75
2026-09-04 14:00:32+09:00,301,48,21,,0,43.75
2026-09-04 14:05:33+09:00,301,48,22,64.79334677419355,2,45.83333333333333
2026-09-04 14:10:32+09:00,301,48,22,64.79334677419355,2,45.83333333333333
2026-09-04 14:15:34+09:00,301,48,21,64.01209677419355,2,43.75
2026-09-04 14:20:34+09:00,301,48,21,64.01209677419355,2,43.75
2026-09-04 14:25:34+09:00,301,48,21,62.44959677419355,2,43.75
2026-09-04 14:30:32+09:00,301,48,21,63.256048387096776,2,43.75
2026-09-04 14:35:33+09:00,301,48,21,63.256048387096776,2,43.75
2026-09-04 14:40:32+09:00,301,48,20,63.256048387096776,2,41.66666666666667
2026-09-04 14:45:35+09:00,301,48,20,64.0625,2,41.66666666666667
2026-09-04 14:50:34+09:00,301,48,21,64.84375,2,43.75
2026-09-04 14:55:34+09:00,301,48,22,64.03729838709677,2,45.83333333333333
2026-09-04 15:00:32+09:00,301,48,22,64.03729838709677,2,45.83333333333333
2026-09-04 15:05:33+09:00,301,48,22,64.03729838709677,2,45.83333333333333
2026-09-04 15:10:33+09:00,301,48,22,64.03729838709677,2,45.83333333333333
2026-09-04 15:15:33+09:00,301,48,22,64.03729838709677,2,45.83333333333333
2026-09-04 15:20:32+09:00,301,48,22,63.23084677419355,2,45.83333333333333
2026-09-04 15:25:32+09:00,301,48,23,63.23084677419355,2,47.91666666666667
2026-09-04 15:30:32+09:00,301,48,23,60.08064516129032,2,47.91666666666667
2026-09-04 15:35:32+09:00,301,48,23,60.08064516129032,2,47.91666666666667
2026-09-04 15:40:32+09:00,301,48,23,60.08064516129032,2,47.91666666666667
2026-09-04 15:45:34+09:00,301,48,23,60.08064516129032,2,47.91666666666667
2026-09-04 15:50:34+09:00,301,48,23,60.86189516129032,2,47.91666666666667
2026-09-04 15:55:33+09:00,301,48,23,60.836693548387096,2,47.91666666666667
2026-09-04 16:00:34+09:00,301,48,23,60.836693548387096,2,47.91666666666667
2026-09-04 16:05:34+09:00,301,48,23,59.22379032258064,2,47.91666666666667
2026-09-04 16:10:35+09:00,301,48,23,60.78629032258064,2,47.91666666666667
2026-09-04 16:15:35+09:00,301,48,23,60.78629032258064,2,47.91666666666667
2026-09-04 16:20:33+09:00,301,48,23,60.00504032258064,2,47.91666666666667
2026-09-04 16:25:32+09:00,301,48,23,60.00504032258064,2,47.91666666666667
2026-09-04 16:30:33+09:00,301,48,23,60.00504032258064,2,47.91666666666667
2026-09-04 16:35:32+09:00,301,48,23,60.78629032258064,2,47.91666666666667
2026-09-04 16:40:32+09:00,301,48,23,61.56754032258064,2,47.91666666666667
2026-09-04 16:45:32+09:00,301,48,24,56.80443548387097,2,50.0
2026-09-04 16:50:32+09:00,301,48,24,56.02318548387097,2,50.0
2026-09-04 16:55:32+09:00,301,48,24,55.997983870967744,2,50.0
2026-09-04 17:00:32+09:00,301,48,24,55.997983870967744,2,50.0
2026-09-04 17:05:33+09:00,301,48,24,56.779233870967744,2,50.0
2026-09-04 17:10:33+09:00,301,48,24,56.779233870967744,2,50.0
2026-09-04 17:15:32+09:00,301,48,24,56.75403225806451,2,50.0
2026-09-04 17:20:32+09:00,301,48,24,55.97278225806451,2,50.0
2026-09-04 17:25:32+09:00,301,48,24,54.359879032258064,2,50.0
2026-09-04 17:30:34+09:00,301,48,24,52.746975806451616,2,50.0
2026-09-04 17:35:35+09:00,301,48,24,53.528225806451616,2,50.0
2026-09-04 17:40:35+09:00,301,48,24,53.578629032258064,2,50.0
2026-09-04 17:45:34+09:00,301,48,25,53.60383064516129,2,52.083333333333336
2026-09-04 17:50:32+09:00,301,48,26,52.82258064516129,2,54.166666666666664
2026-09-04 17:55:33+09:00,301,48,29,52.797379032258064,2,60.416666666666664
2026-09-04 18:00:32+09:00,301,48,31,52.797379032258064,2,64.58333333333334
2026-09-04 18:05:32+09:00,301,48,33,52.77217741935484,2,68.75
2026-09-04 18:10:34+09:00,301,48,38,51.965725806451616,2,79.16666666666666
2026-09-04 18:15:32+09:00,301,48,40,51.159274193548384,2,83.33333333333334
2026-09-04 18:20:32+09:00,301,48,40,50.35282258064516,2,83.33333333333334
2026-09-04 18:25:32+09:00,301,48,41,49.546370967741936,2,85.41666666666666
2026-09-04 18:30:32+09:00,301,48,41,48.765120967741936,2,85.41666666666666
2026-09-04 18:35:32+09:00,301,48,41,48.765120967741936,2,85.41666666666666
2026-09-04 18:40:35+09:00,301,48,42,49.546370967741936,2,87.5
2026-09-04 18:45:35+09:00,301,48,42,49.52116935483871,2,87.5
2026-09-04 18:50:33+09:00,301,48,42,50.30241935483871,2,87.5
2026-09-04 18:55:34+09:00,301,48,42,48.689516129032256,2,87.5
2026-09-04 19:00:34+09:00,301,48,42,47.908266129032256,2,87.5
2026-09-04 19:05:32+09:00,301,48,43,48.689516129032256,2,89.58333333333334
2026-09-04 19:10:33+09:00,301,48,43,48.689516129032256,2,89.58333333333334
2026-09-04 19:15:32+09:00,301,48,43,48.689516129032256,2,89.58333333333334
2026-09-04 19:20:32+09:00,301,48,43,47.908266129032256,2,89.58333333333334
2026-09-04 19:25:32+09:00,301,48,43,47.908266129032256,2,89.58333333333334
2026-09-04 19:30:32+09:00,301,48,43,47.127016129032256,2,89.58333333333334
2026-09-04 19:35:33+09:00,301,48,44,47.908266129032256,2,91.66666666666666
2026-09-04 19:40:35+09:00,301,48,44,47.908266129032256,2,91.66666666666666
2026-09-04 19:45:32+09:00,301,48,44,48.689516129032256,2,91.66666666666666
2026-09-04 19:50:33+09:00,301,48,44,48.689516129032256,2,91.66666666666666
2026-09-04 19:55:34+09:00,301,48,44,49.44556451612903,2,91.66666666666666
2026-09-04 20:00:32+09:00,301,48,44,49.42036290322581,2,91.66666666666666
2026-09-04 20:05:33+09:00,301,48,44,49.44556451612903,2,91.66666666666666
2026-09-04 20:10:32+09:00,301,48,44,50.22681451612903,2,91.66666666666666
2026-09-04 20:15:32+09:00,301,48,44,50.22681451612903,2,91.66666666666666
2026-09-04 20:20:33+09:00,301,48,44,49.44556451612903,2,91.66666666666666
2026-09-04 20:25:33+09:00,301,48,44,49.44556451612903,2,91.66666666666666
2026-09-04 20:30:33+09:00,301,48,44,49.44556451612903,2,91.66666666666666
2026-09-04 20:35:32+09:00,301,48,44,49.44556451612903,2,91.66666666666666
2026-09-04 20:40:32+09:00,301,48,45,49.44556451612903,2,93.75
2026-09-04 20:45:32+09:00,301,48,45,49.44556451612903,2,93.75
2026-09-04 20:50:32+09:00,301,48,45,49.44556451612903,2,93.75
2026-09-04 20:55:33+09:00,301,48,44,49.44556451612903,2,91.66666666666666
2026-09-04 21:00:33+09:00,301,48,45,45.53931451612903,2,93.75
2026-09-04 21:05:33+09:00,301,48,45,45.53931451612903,2,93.75
2026-09-04 21:10:34+09:00,301,48,45,45.53931451612903,2,93.75
2026-09-04 21:15:36+09:00,301,48,45,45.53931451612903,2,93.75
2026-09-04 21:20:34+09:00,301,48,45,45.53931451612903,2,93.75
2026-09-04 21:25:32+09:00,301,48,45,45.53931451612903,2,93.75
2026-09-04 21:30:32+09:00,301,48,45,45.53931451612903,2,93.75
2026-09-04 21:35:32+09:00,301,48,45,45.53931451612903,2,93.75
2026-09-04 21:40:32+09:00,301,48,45,45.53931451612903,2,93.75
2026-09-04 21:45:34+09:00,301,48,45,45.53931451612903,2,93.75
2026-09-04 21:50:33+09:00,301,48,45,45.53931451612903,2,93.75
2026-09-04 21:55:32+09:00,301,48,45,45.53931451612903,2,93.75
2026-09-04 22:00:32+09:00,301,48,45,45.53931451612903,2,93.75
2026-09-04 22:05:32+09:00,301,48,45,45.53931451612903,2,93.75
2026-09-04 22:10:33+09:00,301,48,45,45.53931451612903,2,93.75
2026-09-04 22:15:33+09:00,301,48,45,45.53931451612903,2,93.75
2026-09-04 22:20:32+09:00,301,48,45,45.53931451612903,2,93.75
2026-09-04 22:25:33+09:00,301,48,45,47.10181451612903,2,93.75
2026-09-04 22:30:33+09:00,301,48,45,46.32056451612903,2,93.75
2026-09-04 22:35:32+09:00,301,48,45,46.32056451612903,2,93.75
2026-09-04 22:40:33+09:00,301,48,45,46.32056451612903,2,93.75
2026-09-04 22:45:33+09:00,301,48,45,46.32056451612903,2,93.75
2026-09-04 22:50:32+09:00,301,48,45,46.32056451612903,2,93.75
2026-09-04 22:55:32+09:00,301,48,45,47.10181451612903,2,93.75
2026-09-04 23:00:33+09:00,301,48,45,47.10181451612903,2,93.75
2026-09-04 23:05:32+09:00,301,48,45,47.10181451612903,2,93.75
2026-09-04 23:10:34+09:00,301,48,45,47.10181451612903,2,93.75
2026-09-04 23:15:36+09:00,301,48,45,47.10181451612903,2,93.75
2026-09-04 23:20:32+09:00,301,48,45,47.10181451612903,2,93.75
2026-09-04 23:25:32+09:00,301,48,45,47.10181451612903,2,93.75
2026-09-04 23:30:32+09:00,301,48,45,47.10181451612903,2,93.75
2026-09-04 23:35:32+09:00,301,48,45,47.10181451612903,2,93.75
2026-09-04 23:40:32+09:00,301,48,45,47.10181451612903,2,93.75
2026-09-04 23:45:32+09:00,301,48,46,47.10181451612903,2,95.83333333333334
2026-09-04 23:50:33+09:00,301,48,46,47.10181451612903,2,95.83333333333334
2026-09-04 23:55:32+09:00,301,48,46,47.10181451612903,2,95.83333333333334
2026-09-04 09:45:34+09:00,401,31,16,92.72727272727273,3,51.61290322580645
2026-09-04 09:50:33+09:00,401,31,17,92.72727272727273,3,54.83870967741935
2026-09-04 09:55:33+09:00,401,31,16,92.72727272727273,3,51.61290322580645
2026-09-04 10:00:32+09:00,401,31,16,,0,51.61290322580645
2026-09-04 10:05:32+09:00,401,31,16,,0,51.61290322580645
2026-09-04 10:10:32+09:00,401,31,17,,0,54.83870967741935
2026-09-04 10:15:32+09:00,401,31,17,,0,54.83870967741935
2026-09-04 10:20:32+09:00,401,31,17,,0,54.83870967741935
2026-09-04 10:25:32+09:00,401,31,17,,0,54.83870967741935
2026-09-04 10:30:32+09:00,401,31,16,,0,51.61290322580645
2026-09-04 10:35:32+09:00,401,31,15,,0,48.38709677419355
2026-09-04 10:40:32+09:00,401,31,14,,0,45.16129032258064
2026-09-04 10:45:32+09:00,401,31,16,,0,51.61290322580645
2026-09-04 10:50:32+09:00,401,31,16,,0,51.61290322580645
2026-09-04 10:55:32+09:00,401,31,16,,0,51.61290322580645
2026-09-04 11:00:32+09:00,401,31,14,,0,45.16129032258064
2026-09-04 11:05:32+09:00,401,31,14,,0,45.16129032258064
2026-09-04 11:10:32+09:00,401,31,14,,0,45.16129032258064
2026-09-04 11:15:32+09:00,401,31,14,,0,45.16129032258064
2026-09-04 11:20:32+09:00,401,31,14,,0,45.16129032258064
2026-09-04 11:25:32+09:00,401,31,14,,0,45.16129032258064
2026-09-04 11:30:32+09:00,401,31,13,,0,41.935483870967744
2026-09-04 11:35:32+09:00,401,31,13,,0,41.935483870967744
2026-09-04 11:40:35+09:00,401,31,14,,0,45.16129032258064
2026-09-04 11:45:32+09:00,401,31,14,,0,45.16129032258064
2026-09-04 11:50:32+09:00,401,31,15,,0,48.38709677419355
2026-09-04 11:55:33+09:00,401,31,15,,0,48.38709677419355
2026-09-04 12:00:32+09:00,401,31,16,,0,51.61290322580645
2026-09-04 12:05:32+09:00,401,31,17,,0,54.83870967741935
2026-09-04 12:10:32+09:00,401,31,17,,0,54.83870967741935
2026-09-04 12:15:33+09:00,401,31,17,,0,54.83870967741935
2026-09-04 12:20:32+09:00,401,31,17,,0,54.83870967741935
2026-09-04 12:25:32+09:00,401,31,16,,0,51.61290322580645
2026-09-04 12:30:32+09:00,401,31,15,,0,48.38709677419355
2026-09-04 12:35:32+09:00,401,31,15,,0,48.38709677419355
2026-09-04 12:40:33+09:00,401,31,16,,0,51.61290322580645
2026-09-04 12:45:32+09:00,401,31,16,,0,51.61290322580645
2026-09-04 12:50:32+09:00,401,31,16,,0,51.61290322580645
2026-09-04 12:55:32+09:00,401,31,16,,0,51.61290322580645
2026-09-04 13:00:32+09:00,401,31,16,,0,51.61290322580645
2026-09-04 13:05:32+09:00,401,31,17,,0,54.83870967741935
2026-09-04 13:10:32+09:00,401,31,17,,0,54.83870967741935
2026-09-04 13:15:32+09:00,401,31,17,,0,54.83870967741935
2026-09-04 13:20:32+09:00,401,31,20,,0,64.51612903225806
2026-09-04 13:25:32+09:00,401,31,20,,0,64.51612903225806
2026-09-04 13:30:32+09:00,401,31,20,,0,64.51612903225806
2026-09-04 13:35:32+09:00,401,31,20,,0,64.51612903225806
2026-09-04 13:40:32+09:00,401,31,20,,0,64.51612903225806
2026-09-04 13:45:33+09:00,401,31,21,,0,67.74193548387096
2026-09-04 13:50:32+09:00,401,31,21,,0,67.74193548387096
2026-09-04 13:55:33+09:00,401,31,20,,0,64.51612903225806
2026-09-04 14:00:32+09:00,401,31,20,,0,64.51612903225806
2026-09-04 14:05:33+09:00,401,31,20,89.0909090909091,2,64.51612903225806
2026-09-04 14:10:32+09:00,401,31,20,89.0909090909091,2,64.51612903225806
2026-09-04 14:15:34+09:00,401,31,19,87.95454545454545,2,61.29032258064516
2026-09-04 14:20:34+09:00,401,31,19,92.95454545454545,2,61.29032258064516
2026-09-04 14:25:34+09:00,401,31,19,92.95454545454545,2,61.29032258064516
2026-09-04 14:30:32+09:00,401,31,18,90.45454545454545,2,58.06451612903226
2026-09-04 14:35:33+09:00,401,31,18,87.95454545454545,2,58.06451612903226
2026-09-04 14:40:32+09:00,401,31,18,87.95454545454545,2,58.06451612903226
2026-09-04 14:45:35+09:00,401,31,17,90.45454545454545,2,54.83870967741935
2026-09-04 14:50:34+09:00,401,31,17,92.95454545454545,2,54.83870967741935
2026-09-04 14:55:34+09:00,401,31,17,92.95454545454545,2,54.83870967741935
2026-09-04 15:00:32+09:00,401,31,18,94.0909090909091,2,58.06451612903226
2026-09-04 15:05:33+09:00,401,31,18,94.0909090909091,2,58.06451612903226
2026-09-04 15:10:33+09:00,401,31,18,96.36363636363637,2,58.06451612903226
2026-09-04 15:15:33+09:00,401,31,18,94.0909090909091,2,58.06451612903226
2026-09-04 15:20:32+09:00,401,31,18,92.95454545454545,2,58.06451612903226
2026-09-04 15:25:32+09:00,401,31,17,90.9090909090909,1,54.83870967741935
2026-09-04 15:30:32+09:00,401,31,17,86.36363636363636,1,54.83870967741935
2026-09-04 15:35:32+09:00,401,31,17,81.81818181818183,1,54.83870967741935
2026-09-04 15:40:32+09:00,401,31,17,90.9090909090909,2,54.83870967741935
2026-09-04 15:45:34+09:00,401,31,17,85.9090909090909,2,54.83870967741935
2026-09-04 15:50:34+09:00,401,31,16,85.9090909090909,2,51.61290322580645
2026-09-04 15:55:33+09:00,401,31,15,84.77272727272728,2,48.38709677419355
2026-09-04 16:00:34+09:00,401,31,16,83.63636363636363,2,51.61290322580645
2026-09-04 16:05:34+09:00,401,31,15,83.63636363636363,2,48.38709677419355
2026-09-04 16:10:35+09:00,401,31,15,76.5909090909091,2,48.38709677419355
2026-09-04 16:15:35+09:00,401,31,15,73.18181818181819,2,48.38709677419355
2026-09-04 16:20:33+09:00,401,31,16,81.40692640692642,3,51.61290322580645
2026-09-04 16:25:32+09:00,401,31,16,78.98268398268398,3,51.61290322580645
2026-09-04 16:30:33+09:00,401,31,16,78.93939393939394,3,51.61290322580645
2026-09-04 16:35:32+09:00,401,31,16,75.04329004329004,3,51.61290322580645
2026-09-04 16:40:32+09:00,401,31,16,76.66666666666667,3,51.61290322580645
2026-09-04 16:45:32+09:00,401,31,15,71.96969696969697,3,48.38709677419355
2026-09-04 16:50:32+09:00,401,31,15,71.96969696969697,3,48.38709677419355
2026-09-04 16:55:32+09:00,401,31,16,55.68181818181819,2,51.61290322580645
2026-09-04 17:00:32+09:00,401,31,16,57.04545454545455,2,51.61290322580645
2026-09-04 17:05:33+09:00,401,31,17,55.90909090909091,2,54.83870967741935
2026-09-04 17:10:33+09:00,401,31,18,50.90909090909091,2,58.06451612903226
2026-09-04 17:15:32+09:00,401,31,19,49.77272727272727,2,61.29032258064516
2026-09-04 17:20:32+09:00,401,31,19,51.13636363636363,2,61.29032258064516
2026-09-04 17:25:32+09:00,401,31,19,51.13636363636363,2,61.29032258064516
2026-09-04 17:30:34+09:00,401,31,20,48.63636363636363,2,64.51612903225806
2026-09-04 17:35:35+09:00,401,31,20,45.0,2,64.51612903225806
2026-09-04 17:40:35+09:00,401,31,20,45.0,2,64.51612903225806
2026-09-04 17:45:34+09:00,401,31,21,42.5,2,67.74193548387096
2026-09-04 17:50:32+09:00,401,31,21,41.36363636363636,2,67.74193548387096
2026-09-04 17:55:33+09:00,401,31,20,37.727272727272734,2,64.51612903225806
2026-09-04 18:00:32+09:00,401,31,20,38.86363636363637,2,64.51612903225806
2026-09-04 18:05:32+09:00,401,31,22,38.86363636363637,2,70.96774193548387
2026-09-04 18:10:34+09:00,401,31,22,40.0,2,70.96774193548387
2026-09-04 18:15:32+09:00,401,31,22,43.86363636363636,2,70.96774193548387
2026-09-04 18:20:32+09:00,401,31,22,43.86363636363636,2,70.96774193548387
2026-09-04 18:25:32+09:00,401,31,23,38.86363636363637,2,74.19354838709677
2026-09-04 18:30:32+09:00,401,31,24,38.86363636363637,2,77.41935483870968
2026-09-04 18:35:32+09:00,401,31,25,47.5,2,80.64516129032258
2026-09-04 18:40:35+09:00,401,31,23,46.13636363636363,2,74.19354838709677
2026-09-04 18:45:35+09:00,401,31,17,41.13636363636364,2,54.83870967741935
2026-09-04 18:50:33+09:00,401,31,19,40.90909090909091,2,61.29032258064516
2026-09-04 18:55:34+09:00,401,31,16,42.04545454545455,2,51.61290322580645
2026-09-04 19:00:34+09:00,401,31,18,44.54545454545455,2,58.06451612903226
2026-09-04 19:05:32+09:00,401,31,15,44.54545454545455,2,48.38709677419355
2026-09-04 19:10:33+09:00,401,31,14,43.409090909090914,2,45.16129032258064
2026-09-04 19:15:32+09:00,401,31,13,43.409090909090914,2,41.935483870967744
2026-09-04 19:20:32+09:00,401,31,10,44.54545454545455,2,32.25806451612903
2026-09-04 19:25:32+09:00,401,31,9,47.04545454545455,2,29.03225806451613
2026-09-04 19:30:32+09:00,401,31,10,44.54545454545455,2,32.25806451612903
2026-09-04 19:35:33+09:00,401,31,10,44.54545454545455,2,32.25806451612903
2026-09-04 19:40:35+09:00,401,31,10,44.54545454545455,2,32.25806451612903
2026-09-04 19:45:32+09:00,401,31,9,47.04545454545455,2,29.03225806451613
2026-09-04 19:50:33+09:00,401,31,10,45.90909090909091,2,32.25806451612903
2026-09-04 19:55:34+09:00,401,31,8,49.54545454545455,2,25.806451612903224
2026-09-04 20:00:32+09:00,401,31,7,47.04545454545455,2,22.58064516129032
2026-09-04 20:05:33+09:00,401,31,8,55.68181818181819,2,25.806451612903224
2026-09-04 20:10:32+09:00,401,31,7,58.18181818181819,2,22.58064516129032
2026-09-04 20:15:32+09:00,401,31,6,57.04545454545455,2,19.35483870967742
2026-09-04 20:20:33+09:00,401,31,8,64.54545454545455,2,25.806451612903224
2026-09-04 20:25:33+09:00,401,31,6,64.54545454545455,2,19.35483870967742
2026-09-04 20:30:33+09:00,401,31,5,64.54545454545455,2,16.129032258064516
2026-09-04 20:35:32+09:00,401,31,6,34.090909090909086,1,19.35483870967742
2026-09-04 20:40:32+09:00,401,31,7,36.36363636363637,1,22.58064516129032
2026-09-04 20:45:32+09:00,401,31,7,36.36363636363637,1,22.58064516129032
2026-09-04 20:50:32+09:00,401,31,6,36.36363636363637,1,19.35483870967742
2026-09-04 20:55:33+09:00,401,31,9,65.68181818181819,2,29.03225806451613
2026-09-04 21:00:33+09:00,401,31,10,65.68181818181819,2,32.25806451612903
2026-09-04 21:05:33+09:00,401,31,11,76.2121212121212,3,35.483870967741936
2026-09-04 21:10:34+09:00,401,31,11,76.2121212121212,3,35.483870967741936
2026-09-04 21:15:36+09:00,401,31,10,71.45021645021644,3,32.25806451612903
2026-09-04 21:20:34+09:00,401,31,10,61.27705627705628,3,32.25806451612903
2026-09-04 21:25:32+09:00,401,31,10,62.18614718614719,3,32.25806451612903
2026-09-04 21:30:32+09:00,401,31,11,60.51948051948052,3,35.483870967741936
2026-09-04 21:35:32+09:00,401,31,13,60.51948051948052,3,41.935483870967744
2026-09-04 21:40:32+09:00,401,31,13,62.18614718614719,3,41.935483870967744
2026-09-04 21:45:34+09:00,401,31,15,60.51948051948052,3,48.38709677419355
2026-09-04 21:50:33+09:00,401,31,15,59.80519480519481,3,48.38709677419355
2026-09-04 21:55:32+09:00,401,31,17,55.75757575757575,3,54.83870967741935
2026-09-04 22:00:32+09:00,401,31,17,58.13852813852814,3,54.83870967741935
2026-09-04 22:05:32+09:00,401,31,19,56.47186147186147,3,61.29032258064516
2026-09-04 22:10:33+09:00,401,31,20,53.13852813852814,3,64.51612903225806
2026-09-04 22:15:33+09:00,401,31,20,48.85281385281386,3,64.51612903225806
2026-09-04 22:20:32+09:00,401,31,21,47.18614718614719,3,67.74193548387096
2026-09-04 22:25:33+09:00,401,31,21,43.85281385281385,3,67.74193548387096
2026-09-04 22:30:33+09:00,401,31,21,42.18614718614719,3,67.74193548387096
2026-09-04 22:35:32+09:00,401,31,24,42.18614718614719,3,77.41935483870968
2026-09-04 22:40:33+09:00,401,31,24,40.51948051948052,3,77.41935483870968
2026-09-04 22:45:33+09:00,401,31,23,40.51948051948052,3,74.19354838709677
2026-09-04 22:50:32+09:00,401,31,23,40.51948051948052,3,74.19354838709677
2026-09-04 22:55:32+09:00,401,31,22,38.85281385281385,3,70.96774193548387
2026-09-04 23:00:33+09:00,401,31,22,42.9004329004329,3,70.96774193548387
2026-09-04 23:05:32+09:00,401,31,23,42.9004329004329,3,74.19354838709677
2026-09-04 23:10:34+09:00,401,31,22,41.23376623376623,3,70.96774193548387
2026-09-04 23:15:36+09:00,401,31,22,41.23376623376623,3,70.96774193548387
2026-09-04 23:20:32+09:00,401,31,22,41.23376623376623,3,70.96774193548387
2026-09-04 23:25:32+09:00,401,31,22,41.23376623376623,3,70.96774193548387
2026-09-04 23:30:32+09:00,401,31,21,41.23376623376623,3,67.74193548387096
2026-09-04 23:35:32+09:00,401,31,21,41.23376623376623,3,67.74193548387096
2026-09-04 23:40:32+09:00,401,31,22,41.23376623376623,3,70.96774193548387
2026-09-04 23:45:32+09:00,401,31,21,41.23376623376623,3,67.74193548387096
2026-09-04 23:50:33+09:00,401,31,21,41.23376623376623,3,67.74193548387096
2026-09-04 23:55:32+09:00,401,31,21,41.23376623376623,3,67.74193548387096
2026-09-04 09:45:34+09:00,421,56,45,0.0,1,80.35714285714286
2026-09-04 09:50:33+09:00,421,56,45,0.0,1,80.35714285714286
2026-09-04 09:55:33+09:00,421,56,45,0.0,1,80.35714285714286
2026-09-04 10:00:32+09:00,421,56,45,,0,80.35714285714286
2026-09-04 10:05:32+09:00,421,56,43,,0,76.78571428571429
2026-09-04 10:10:32+09:00,421,56,43,,0,76.78571428571429
2026-09-04 10:15:32+09:00,421,56,43,,0,76.78571428571429
2026-09-04 10:20:32+09:00,421,56,44,,0,78.57142857142857
2026-09-04 10:25:32+09:00,421,56,44,,0,78.57142857142857
2026-09-04 10:30:32+09:00,421,56,44,,0,78.57142857142857
2026-09-04 10:35:32+09:00,421,56,44,,0,78.57142857142857
2026-09-04 10:40:32+09:00,421,56,44,,0,78.57142857142857
2026-09-04 10:45:32+09:00,421,56,44,,0,78.57142857142857
2026-09-04 10:50:32+09:00,421,56,43,,0,76.78571428571429
2026-09-04 10:55:32+09:00,421,56,43,,0,76.78571428571429
2026-09-04 11:00:32+09:00,421,56,43,,0,76.78571428571429
2026-09-04 11:05:32+09:00,421,56,42,,0,75.0
2026-09-04 11:10:32+09:00,421,56,43,,0,76.78571428571429
2026-09-04 11:15:32+09:00,421,56,42,,0,75.0
2026-09-04 11:20:32+09:00,421,56,40,,0,71.42857142857143
2026-09-04 11:25:32+09:00,421,56,39,,0,69.64285714285714
2026-09-04 11:30:32+09:00,421,56,37,,0,66.07142857142857
2026-09-04 11:35:32+09:00,421,56,37,,0,66.07142857142857
2026-09-04 11:40:35+09:00,421,56,35,,0,62.5
2026-09-04 11:45:32+09:00,421,56,33,,0,58.92857142857143
2026-09-04 11:50:32+09:00,421,56,32,,0,57.14285714285714
2026-09-04 11:55:33+09:00,421,56,29,,0,51.78571428571429
2026-09-04 12:00:32+09:00,421,56,28,,0,50.0
2026-09-04 12:05:32+09:00,421,56,28,,0,50.0
2026-09-04 12:10:32+09:00,421,56,29,,0,51.78571428571429
2026-09-04 12:15:33+09:00,421,56,26,,0,46.42857142857143
2026-09-04 12:20:32+09:00,421,56,28,,0,50.0
2026-09-04 12:25:32+09:00,421,56,30,,0,53.57142857142857
2026-09-04 12:30:32+09:00,421,56,31,,0,55.35714285714286
2026-09-04 12:35:32+09:00,421,56,30,,0,53.57142857142857
2026-09-04 12:40:33+09:00,421,56,30,,0,53.57142857142857
2026-09-04 12:45:32+09:00,421,56,31,,0,55.35714285714286
2026-09-04 12:50:32+09:00,421,56,30,,0,53.57142857142857
2026-09-04 12:55:32+09:00,421,56,31,,0,55.35714285714286
2026-09-04 13:00:32+09:00,421,56,32,,0,57.14285714285714
2026-09-04 13:05:32+09:00,421,56,32,,0,57.14285714285714
2026-09-04 13:10:32+09:00,421,56,32,,0,57.14285714285714
2026-09-04 13:15:32+09:00,421,56,31,,0,55.35714285714286
2026-09-04 13:20:32+09:00,421,56,33,,0,58.92857142857143
2026-09-04 13:25:32+09:00,421,56,33,,0,58.92857142857143
2026-09-04 13:30:32+09:00,421,56,32,,0,57.14285714285714
2026-09-04 13:35:32+09:00,421,56,33,,0,58.92857142857143
2026-09-04 13:40:32+09:00,421,56,33,,0,58.92857142857143
2026-09-04 13:45:33+09:00,421,56,35,,0,62.5
2026-09-04 13:50:32+09:00,421,56,34,,0,60.71428571428571
2026-09-04 13:55:33+09:00,421,56,34,,0,60.71428571428571
2026-09-04 14:00:32+09:00,421,56,31,,0,55.35714285714286
2026-09-04 14:05:33+09:00,421,56,34,0.0,1,60.71428571428571
2026-09-04 14:10:32+09:00,421,56,35,0.0,1,62.5
2026-09-04 14:15:34+09:00,421,56,36,0.0,1,64.28571428571429
2026-09-04 14:20:34+09:00,421,56,35,0.0,1,62.5
2026-09-04 14:25:34+09:00,421,56,35,0.0,1,62.5
2026-09-04 14:30:32+09:00,421,56,35,0.0,1,62.5
2026-09-04 14:35:33+09:00,421,56,37,0.0,1,66.07142857142857
2026-09-04 14:40:32+09:00,421,56,37,0.0,1,66.07142857142857
2026-09-04 14:45:35+09:00,421,56,39,0.0,1,69.64285714285714
2026-09-04 14:50:34+09:00,421,56,42,0.0,1,75.0
2026-09-04 14:55:34+09:00,421,56,42,0.0,1,75.0
2026-09-04 15:00:32+09:00,421,56,41,0.0,1,73.21428571428571
2026-09-04 15:05:33+09:00,421,56,41,0.0,1,73.21428571428571
2026-09-04 15:10:33+09:00,421,56,41,0.0,1,73.21428571428571
2026-09-04 15:15:33+09:00,421,56,41,0.0,1,73.21428571428571
2026-09-04 15:20:32+09:00,421,56,43,0.0,1,76.78571428571429
2026-09-04 15:25:32+09:00,421,56,43,0.0,1,76.78571428571429
2026-09-04 15:30:32+09:00,421,56,42,0.0,1,75.0
2026-09-04 15:35:32+09:00,421,56,40,0.0,1,71.42857142857143
2026-09-04 15:40:32+09:00,421,56,42,0.0,1,75.0
2026-09-04 15:45:34+09:00,421,56,44,0.0,1,78.57142857142857
2026-09-04 15:50:34+09:00,421,56,44,0.0,1,78.57142857142857
2026-09-04 15:55:33+09:00,421,56,44,0.0,1,78.57142857142857
2026-09-04 16:00:34+09:00,421,56,44,0.0,1,78.57142857142857
2026-09-04 16:05:34+09:00,421,56,43,0.0,1,76.78571428571429
2026-09-04 16:10:35+09:00,421,56,42,0.0,1,75.0
2026-09-04 16:15:35+09:00,421,56,41,0.0,1,73.21428571428571
2026-09-04 16:20:33+09:00,421,56,41,0.0,1,73.21428571428571
2026-09-04 16:25:32+09:00,421,56,40,0.0,1,71.42857142857143
2026-09-04 16:30:33+09:00,421,56,39,0.0,1,69.64285714285714
2026-09-04 16:35:32+09:00,421,56,38,0.0,1,67.85714285714286
2026-09-04 16:40:32+09:00,421,56,38,0.0,1,67.85714285714286
2026-09-04 16:45:32+09:00,421,56,40,0.0,1,71.42857142857143
2026-09-04 16:50:32+09:00,421,56,41,0.0,1,73.21428571428571
2026-09-04 16:55:32+09:00,421,56,41,0.0,1,73.21428571428571
2026-09-04 17:00:32+09:00,421,56,39,0.0,1,69.64285714285714
2026-09-04 17:05:33+09:00,421,56,38,0.0,1,67.85714285714286
2026-09-04 17:10:33+09:00,421,56,37,0.0,1,66.07142857142857
2026-09-04 17:15:32+09:00,421,56,33,0.0,1,58.92857142857143
2026-09-04 17:20:32+09:00,421,56,31,0.0,1,55.35714285714286
2026-09-04 17:25:32+09:00,421,56,29,0.0,1,51.78571428571429
2026-09-04 17:30:34+09:00,421,56,29,0.0,1,51.78571428571429
2026-09-04 17:35:35+09:00,421,56,28,0.0,1,50.0
2026-09-04 17:40:35+09:00,421,56,25,0.0,1,44.642857142857146
2026-09-04 17:45:34+09:00,421,56,25,0.0,1,44.642857142857146
2026-09-04 17:50:32+09:00,421,56,25,0.0,1,44.642857142857146
2026-09-04 17:55:33+09:00,421,56,25,0.0,1,44.642857142857146
2026-09-04 18:00:32+09:00,421,56,25,0.0,1,44.642857142857146
2026-09-04 18:05:32+09:00,421,56,23,0.0,1,41.07142857142857
2026-09-04 18:10:34+09:00,421,56,23,0.0,1,41.07142857142857
2026-09-04 18:15:32+09:00,421,56,23,0.0,1,41.07142857142857
2026-09-04 18:20:32+09:00,421,56,23,0.0,1,41.07142857142857
2026-09-04 18:25:32+09:00,421,56,21,0.0,1,37.5
2026-09-04 18:30:32+09:00,421,56,22,0.0,1,39.285714285714285
2026-09-04 18:35:32+09:00,421,56,23,0.0,1,41.07142857142857
2026-09-04 18:40:35+09:00,421,56,22,0.0,1,39.285714285714285
2026-09-04 18:45:35+09:00,421,56,24,0.0,1,42.857142857142854
2026-09-04 18:50:33+09:00,421,56,22,0.0,1,39.285714285714285
2026-09-04 18:55:34+09:00,421,56,24,0.0,1,42.857142857142854
2026-09-04 19:00:34+09:00,421,56,24,0.0,1,42.857142857142854
2026-09-04 19:05:32+09:00,421,56,23,0.0,1,41.07142857142857
2026-09-04 19:10:33+09:00,421,56,23,0.0,1,41.07142857142857
2026-09-04 19:15:32+09:00,421,56,23,0.0,1,41.07142857142857
2026-09-04 19:20:32+09:00,421,56,22,0.0,1,39.285714285714285
2026-09-04 19:25:32+09:00,421,56,20,0.0,1,35.714285714285715
2026-09-04 19:30:32+09:00,421,56,20,0.0,1,35.714285714285715
2026-09-04 19:35:33+09:00,421,56,19,0.0,1,33.92857142857143
2026-09-04 19:40:35+09:00,421,56,18,0.0,1,32.142857142857146
2026-09-04 19:45:32+09:00,421,56,16,0.0,1,28.57142857142857
2026-09-04 19:50:33+09:00,421,56,16,0.0,1,28.57142857142857
2026-09-04 19:55:34+09:00,421,56,18,0.0,1,32.142857142857146
2026-09-04 20:00:32+09:00,421,56,17,0.0,1,30.357142857142854
2026-09-04 20:05:33+09:00,421,56,17,0.0,1,30.357142857142854
2026-09-04 20:10:32+09:00,421,56,17,0.0,1,30.357142857142854
2026-09-04 20:15:32+09:00,421,56,17,0.0,1,30.357142857142854
2026-09-04 20:20:33+09:00,421,56,17,0.0,1,30.357142857142854
2026-09-04 20:25:33+09:00,421,56,23,0.0,1,41.07142857142857
2026-09-04 20:30:33+09:00,421,56,21,0.0,1,37.5
2026-09-04 20:35:32+09:00,421,56,20,0.0,1,35.714285714285715
2026-09-04 20:40:32+09:00,421,56,19,0.0,1,33.92857142857143
2026-09-04 20:45:32+09:00,421,56,19,0.0,1,33.92857142857143
2026-09-04 20:50:32+09:00,421,56,19,0.0,1,33.92857142857143
2026-09-04 20:55:33+09:00,421,56,19,0.0,1,33.92857142857143
2026-09-04 21:00:33+09:00,421,56,19,0.0,1,33.92857142857143
2026-09-04 21:05:33+09:00,421,56,20,0.0,1,35.714285714285715
2026-09-04 21:10:34+09:00,421,56,21,0.0,1,37.5
2026-09-04 21:15:36+09:00,421,56,22,0.0,1,39.285714285714285
2026-09-04 21:20:34+09:00,421,56,23,0.0,1,41.07142857142857
2026-09-04 21:25:32+09:00,421,56,23,0.0,1,41.07142857142857
2026-09-04 21:30:32+09:00,421,56,22,0.0,1,39.285714285714285
2026-09-04 21:35:32+09:00,421,56,23,0.0,1,41.07142857142857
2026-09-04 21:40:32+09:00,421,56,24,0.0,1,42.857142857142854
2026-09-04 21:45:34+09:00,421,56,25,0.0,1,44.642857142857146
2026-09-04 21:50:33+09:00,421,56,25,0.0,1,44.642857142857146
2026-09-04 21:55:32+09:00,421,56,24,0.0,1,42.857142857142854
2026-09-04 22:00:32+09:00,421,56,24,0.0,1,42.857142857142854
2026-09-04 22:05:32+09:00,421,56,23,0.0,1,41.07142857142857
2026-09-04 22:10:33+09:00,421,56,22,0.0,1,39.285714285714285
2026-09-04 22:15:33+09:00,421,56,22,0.0,1,39.285714285714285
2026-09-04 22:20:32+09:00,421,56,23,0.0,1,41.07142857142857
2026-09-04 22:25:33+09:00,421,56,23,0.0,1,41.07142857142857
2026-09-04 22:30:33+09:00,421,56,22,0.0,1,39.285714285714285
2026-09-04 22:35:32+09:00,421,56,22,0.0,1,39.285714285714285
2026-09-04 22:40:33+09:00,421,56,22,0.0,1,39.285714285714285
2026-09-04 22:45:33+09:00,421,56,22,0.0,1,39.285714285714285
2026-09-04 22:50:32+09:00,421,56,22,0.0,1,39.285714285714285
2026-09-04 22:55:32+09:00,421,56,22,0.0,1,39.285714285714285
2026-09-04 23:00:33+09:00,421,56,22,0.0,1,39.285714285714285
2026-09-04 23:05:32+09:00,421,56,22,0.0,1,39.285714285714285
2026-09-04 23:10:34+09:00,421,56,22,0.0,1,39.285714285714285
2026-09-04 23:15:36+09:00,421,56,23,0.0,1,41.07142857142857
2026-09-04 23:20:32+09:00,421,56,23,0.0,1,41.07142857142857
2026-09-04 23:25:32+09:00,421,56,23,0.0,1,41.07142857142857
2026-09-04 23:30:32+09:00,421,56,23,0.0,1,41.07142857142857
2026-09-04 23:35:32+09:00,421,56,23,0.0,1,41.07142857142857
2026-09-04 23:40:32+09:00,421,56,23,0.0,1,41.07142857142857
2026-09-04 23:45:32+09:00,421,56,24,0.0,1,42.857142857142854
2026-09-04 23:50:33+09:00,421,56,24,0.0,1,42.857142857142854
2026-09-04 23:55:32+09:00,421,56,25,0.0,1,44.642857142857146
2026-09-04 09:45:34+09:00,441,35,10,,0,28.57142857142857
2026-09-04 09:50:33+09:00,441,35,12,,0,34.285714285714285
2026-09-04 09:55:33+09:00,441,35,12,,0,34.285714285714285
2026-09-04 10:00:32+09:00,441,35,12,,0,34.285714285714285
2026-09-04 10:05:32+09:00,441,35,11,,0,31.428571428571427
2026-09-04 10:10:32+09:00,441,35,10,,0,28.57142857142857
2026-09-04 10:15:32+09:00,441,35,11,,0,31.428571428571427
2026-09-04 10:20:32+09:00,441,35,11,,0,31.428571428571427
2026-09-04 10:25:32+09:00,441,35,11,,0,31.428571428571427
2026-09-04 10:30:32+09:00,441,35,11,,0,31.428571428571427
2026-09-04 10:35:32+09:00,441,35,10,,0,28.57142857142857
2026-09-04 10:40:32+09:00,441,35,10,,0,28.57142857142857
2026-09-04 10:45:32+09:00,441,35,11,,0,31.428571428571427
2026-09-04 10:50:32+09:00,441,35,11,,0,31.428571428571427
2026-09-04 10:55:32+09:00,441,35,11,,0,31.428571428571427
2026-09-04 11:00:32+09:00,441,35,11,,0,31.428571428571427
2026-09-04 11:05:32+09:00,441,35,11,,0,31.428571428571427
2026-09-04 11:10:32+09:00,441,35,12,,0,34.285714285714285
2026-09-04 11:15:32+09:00,441,35,12,,0,34.285714285714285
2026-09-04 11:20:32+09:00,441,35,12,,0,34.285714285714285
2026-09-04 11:25:32+09:00,441,35,11,,0,31.428571428571427
2026-09-04 11:30:32+09:00,441,35,10,,0,28.57142857142857
2026-09-04 11:35:32+09:00,441,35,9,,0,25.71428571428571
2026-09-04 11:40:35+09:00,441,35,9,,0,25.71428571428571
2026-09-04 11:45:32+09:00,441,35,10,,0,28.57142857142857
2026-09-04 11:50:32+09:00,441,35,10,,0,28.57142857142857
2026-09-04 11:55:33+09:00,441,35,10,,0,28.57142857142857
2026-09-04 12:00:32+09:00,441,35,10,,0,28.57142857142857
2026-09-04 12:05:32+09:00,441,35,10,,0,28.57142857142857
2026-09-04 12:10:32+09:00,441,35,11,,0,31.428571428571427
2026-09-04 12:15:33+09:00,441,35,12,,0,34.285714285714285
2026-09-04 12:20:32+09:00,441,35,12,,0,34.285714285714285
2026-09-04 12:25:32+09:00,441,35,12,,0,34.285714285714285
2026-09-04 12:30:32+09:00,441,35,14,,0,40.0
2026-09-04 12:35:32+09:00,441,35,14,,0,40.0
2026-09-04 12:40:33+09:00,441,35,14,,0,40.0
2026-09-04 12:45:32+09:00,441,35,14,,0,40.0
2026-09-04 12:50:32+09:00,441,35,13,,0,37.142857142857146
2026-09-04 12:55:32+09:00,441,35,15,,0,42.857142857142854
2026-09-04 13:00:32+09:00,441,35,13,,0,37.142857142857146
2026-09-04 13:05:32+09:00,441,35,13,,0,37.142857142857146
2026-09-04 13:10:32+09:00,441,35,13,,0,37.142857142857146
2026-09-04 13:15:32+09:00,441,35,14,,0,40.0
2026-09-04 13:20:32+09:00,441,35,15,,0,42.857142857142854
2026-09-04 13:25:32+09:00,441,35,13,,0,37.142857142857146
2026-09-04 13:30:32+09:00,441,35,12,,0,34.285714285714285
2026-09-04 13:35:32+09:00,441,35,11,,0,31.428571428571427
2026-09-04 13:40:32+09:00,441,35,11,,0,31.428571428571427
2026-09-04 13:45:33+09:00,441,35,11,,0,31.428571428571427
2026-09-04 13:50:32+09:00,441,35,11,,0,31.428571428571427
2026-09-04 13:55:33+09:00,441,35,11,,0,31.428571428571427
2026-09-04 14:00:32+09:00,441,35,11,,0,31.428571428571427
2026-09-04 14:05:33+09:00,441,35,12,,0,34.285714285714285
2026-09-04 14:10:32+09:00,441,35,13,,0,37.142857142857146
2026-09-04 14:15:34+09:00,441,35,11,,0,31.428571428571427
2026-09-04 14:20:34+09:00,441,35,10,,0,28.57142857142857
2026-09-04 14:25:34+09:00,441,35,9,,0,25.71428571428571
2026-09-04 14:30:32+09:00,441,35,10,,0,28.57142857142857
2026-09-04 14:35:33+09:00,441,35,10,,0,28.57142857142857
2026-09-04 14:40:32+09:00,441,35,9,,0,25.71428571428571
2026-09-04 14:45:35+09:00,441,35,10,,0,28.57142857142857
2026-09-04 14:50:34+09:00,441,35,12,,0,34.285714285714285
2026-09-04 14:55:34+09:00,441,35,9,,0,25.71428571428571
2026-09-04 15:00:32+09:00,441,35,10,,0,28.57142857142857
2026-09-04 15:05:33+09:00,441,35,11,,0,31.428571428571427
2026-09-04 15:10:33+09:00,441,35,12,,0,34.285714285714285
2026-09-04 15:15:33+09:00,441,35,12,,0,34.285714285714285
2026-09-04 15:20:32+09:00,441,35,12,,0,34.285714285714285
2026-09-04 15:25:32+09:00,441,35,13,,0,37.142857142857146
2026-09-04 15:30:32+09:00,441,35,12,,0,34.285714285714285
2026-09-04 15:35:32+09:00,441,35,12,,0,34.285714285714285
2026-09-04 15:40:32+09:00,441,35,10,,0,28.57142857142857
2026-09-04 15:45:34+09:00,441,35,10,,0,28.57142857142857
2026-09-04 15:50:34+09:00,441,35,9,,0,25.71428571428571
2026-09-04 15:55:33+09:00,441,35,9,,0,25.71428571428571
2026-09-04 16:00:34+09:00,441,35,10,,0,28.57142857142857
2026-09-04 16:05:34+09:00,441,35,11,,0,31.428571428571427
2026-09-04 16:10:35+09:00,441,35,10,,0,28.57142857142857
2026-09-04 16:15:35+09:00,441,35,9,,0,25.71428571428571
2026-09-04 16:20:33+09:00,441,35,9,,0,25.71428571428571
2026-09-04 16:25:32+09:00,441,35,7,,0,20.0
2026-09-04 16:30:33+09:00,441,35,5,,0,14.285714285714285
2026-09-04 16:35:32+09:00,441,35,6,,0,17.142857142857142
2026-09-04 16:40:32+09:00,441,35,5,,0,14.285714285714285
2026-09-04 16:45:32+09:00,441,35,7,,0,20.0
2026-09-04 16:50:32+09:00,441,35,6,,0,17.142857142857142
2026-09-04 16:55:32+09:00,441,35,7,,0,20.0
2026-09-04 17:00:32+09:00,441,35,7,,0,20.0
2026-09-04 17:05:33+09:00,441,35,7,,0,20.0
2026-09-04 17:10:33+09:00,441,35,6,,0,17.142857142857142
2026-09-04 17:15:32+09:00,441,35,9,,0,25.71428571428571
2026-09-04 17:20:32+09:00,441,35,9,,0,25.71428571428571
2026-09-04 17:25:32+09:00,441,35,10,,0,28.57142857142857
2026-09-04 17:30:34+09:00,441,35,10,,0,28.57142857142857
2026-09-04 17:35:35+09:00,441,35,9,,0,25.71428571428571
2026-09-04 17:40:35+09:00,441,35,10,,0,28.57142857142857
2026-09-04 17:45:34+09:00,441,35,9,,0,25.71428571428571
2026-09-04 17:50:32+09:00,441,35,11,,0,31.428571428571427
2026-09-04 17:55:33+09:00,441,35,12,,0,34.285714285714285
2026-09-04 18:00:32+09:00,441,35,11,,0,31.428571428571427
2026-09-04 18:05:32+09:00,441,35,11,,0,31.428571428571427
2026-09-04 18:10:34+09:00,441,35,10,,0,28.57142857142857
2026-09-04 18:15:32+09:00,441,35,12,,0,34.285714285714285
2026-09-04 18:20:32+09:00,441,35,11,,0,31.428571428571427
2026-09-04 18:25:32+09:00,441,35,9,,0,25.71428571428571
2026-09-04 18:30:32+09:00,441,35,8,,0,22.857142857142858
2026-09-04 18:35:32+09:00,441,35,8,,0,22.857142857142858
2026-09-04 18:40:35+09:00,441,35,9,,0,25.71428571428571
2026-09-04 18:45:35+09:00,441,35,8,,0,22.857142857142858
2026-09-04 18:50:33+09:00,441,35,8,,0,22.857142857142858
2026-09-04 18:55:34+09:00,441,35,8,,0,22.857142857142858
2026-09-04 19:00:34+09:00,441,35,8,,0,22.857142857142858
2026-09-04 19:05:32+09:00,441,35,8,,0,22.857142857142858
2026-09-04 19:10:33+09:00,441,35,6,,0,17.142857142857142
2026-09-04 19:15:32+09:00,441,35,6,,0,17.142857142857142
2026-09-04 19:20:32+09:00,441,35,5,,0,14.285714285714285
2026-09-04 19:25:32+09:00,441,35,6,,0,17.142857142857142
2026-09-04 19:30:32+09:00,441,35,6,,0,17.142857142857142
2026-09-04 19:35:33+09:00,441,35,6,,0,17.142857142857142
2026-09-04 19:40:35+09:00,441,35,5,,0,14.285714285714285
2026-09-04 19:45:32+09:00,441,35,4,,0,11.428571428571429
2026-09-04 19:50:33+09:00,441,35,4,,0,11.428571428571429
2026-09-04 19:55:34+09:00,441,35,4,,0,11.428571428571429
2026-09-04 20:00:32+09:00,441,35,3,,0,8.571428571428571
2026-09-04 20:05:33+09:00,441,35,3,,0,8.571428571428571
2026-09-04 20:10:32+09:00,441,35,3,,0,8.571428571428571
2026-09-04 20:15:32+09:00,441,35,2,,0,5.714285714285714
2026-09-04 20:20:33+09:00,441,35,2,,0,5.714285714285714
2026-09-04 20:25:33+09:00,441,35,2,,0,5.714285714285714
2026-09-04 20:30:33+09:00,441,35,2,,0,5.714285714285714
2026-09-04 20:35:32+09:00,441,35,3,,0,8.571428571428571
2026-09-04 20:40:32+09:00,441,35,3,,0,8.571428571428571
2026-09-04 20:45:32+09:00,441,35,2,,0,5.714285714285714
2026-09-04 20:50:32+09:00,441,35,3,,0,8.571428571428571
2026-09-04 20:55:33+09:00,441,35,3,,0,8.571428571428571
2026-09-04 21:00:33+09:00,441,35,2,,0,5.714285714285714
2026-09-04 21:05:33+09:00,441,35,2,,0,5.714285714285714
2026-09-04 21:10:34+09:00,441,35,2,,0,5.714285714285714
2026-09-04 21:15:36+09:00,441,35,2,,0,5.714285714285714
2026-09-04 21:20:34+09:00,441,35,3,,0,8.571428571428571
2026-09-04 21:25:32+09:00,441,35,3,,0,8.571428571428571
2026-09-04 21:30:32+09:00,441,35,3,,0,8.571428571428571
2026-09-04 21:35:32+09:00,441,35,3,,0,8.571428571428571
2026-09-04 21:40:32+09:00,441,35,3,,0,8.571428571428571
2026-09-04 21:45:34+09:00,441,35,3,,0,8.571428571428571
2026-09-04 21:50:33+09:00,441,35,3,,0,8.571428571428571
2026-09-04 21:55:32+09:00,441,35,3,,0,8.571428571428571
2026-09-04 22:00:32+09:00,441,35,3,,0,8.571428571428571
2026-09-04 22:05:32+09:00,441,35,2,,0,5.714285714285714
2026-09-04 22:10:33+09:00,441,35,2,,0,5.714285714285714
2026-09-04 22:15:33+09:00,441,35,2,,0,5.714285714285714
2026-09-04 22:20:32+09:00,441,35,2,,0,5.714285714285714
2026-09-04 22:25:33+09:00,441,35,2,,0,5.714285714285714
2026-09-04 22:30:33+09:00,441,35,2,,0,5.714285714285714
2026-09-04 22:35:32+09:00,441,35,2,,0,5.714285714285714
2026-09-04 22:40:33+09:00,441,35,2,,0,5.714285714285714
2026-09-04 22:45:33+09:00,441,35,2,,0,5.714285714285714
2026-09-04 22:50:32+09:00,441,35,2,,0,5.714285714285714
2026-09-04 22:55:32+09:00,441,35,1,,0,2.857142857142857
2026-09-04 23:00:33+09:00,441,35,1,,0,2.857142857142857
2026-09-04 23:05:32+09:00,441,35,1,,0,2.857142857142857
2026-09-04 23:10:34+09:00,441,35,2,,0,5.714285714285714
2026-09-04 23:15:36+09:00,441,35,2,,0,5.714285714285714
2026-09-04 23:20:32+09:00,441,35,2,,0,5.714285714285714
2026-09-04 23:25:32+09:00,441,35,2,,0,5.714285714285714
2026-09-04 23:30:32+09:00,441,35,2,,0,5.714285714285714
2026-09-04 23:35:32+09:00,441,35,1,,0,2.857142857142857
2026-09-04 23:40:32+09:00,441,35,1,,0,2.857142857142857
2026-09-04 23:45:32+09:00,441,35,1,,0,2.857142857142857
2026-09-04 23:50:33+09:00,441,35,1,,0,2.857142857142857
2026-09-04 23:55:32+09:00,441,35,1,,0,2.857142857142857
2026-09-04 09:45:34+09:00,461,20,13,32.84604715868026,9,65.0
2026-09-04 09:50:33+09:00,461,20,12,32.84604715868026,9,60.0
2026-09-04 09:55:33+09:00,461,20,13,32.84604715868026,9,65.0
2026-09-04 10:00:32+09:00,461,20,13,,0,65.0
2026-09-04 10:05:32+09:00,461,20,14,,0,70.0
2026-09-04 10:10:32+09:00,461,20,14,,0,70.0
2026-09-04 10:15:32+09:00,461,20,14,,0,70.0
2026-09-04 10:20:32+09:00,461,20,14,,0,70.0
2026-09-04 10:25:32+09:00,461,20,14,,0,70.0
2026-09-04 10:30:32+09:00,461,20,14,,0,70.0
2026-09-04 10:35:32+09:00,461,20,15,,0,75.0
2026-09-04 10:40:32+09:00,461,20,15,,0,75.0
2026-09-04 10:45:32+09:00,461,20,15,,0,75.0
2026-09-04 10:50:32+09:00,461,20,15,,0,75.0
2026-09-04 10:55:32+09:00,461,20,15,,0,75.0
2026-09-04 11:00:32+09:00,461,20,15,,0,75.0
2026-09-04 11:05:32+09:00,461,20,15,,0,75.0
2026-09-04 11:10:32+09:00,461,20,15,,0,75.0
2026-09-04 11:15:32+09:00,461,20,15,,0,75.0
2026-09-04 11:20:32+09:00,461,20,14,,0,70.0
2026-09-04 11:25:32+09:00,461,20,14,,0,70.0
2026-09-04 11:30:32+09:00,461,20,14,,0,70.0
2026-09-04 11:35:32+09:00,461,20,14,,0,70.0
2026-09-04 11:40:35+09:00,461,20,14,,0,70.0
2026-09-04 11:45:32+09:00,461,20,13,,0,65.0
2026-09-04 11:50:32+09:00,461,20,13,,0,65.0
2026-09-04 11:55:33+09:00,461,20,15,,0,75.0
2026-09-04 12:00:32+09:00,461,20,15,,0,75.0
2026-09-04 12:05:32+09:00,461,20,15,,0,75.0
2026-09-04 12:10:32+09:00,461,20,15,,0,75.0
2026-09-04 12:15:33+09:00,461,20,15,,0,75.0
2026-09-04 12:20:32+09:00,461,20,16,,0,80.0
2026-09-04 12:25:32+09:00,461,20,15,,0,75.0
2026-09-04 12:30:32+09:00,461,20,15,,0,75.0
2026-09-04 12:35:32+09:00,461,20,15,,0,75.0
2026-09-04 12:40:33+09:00,461,20,16,,0,80.0
2026-09-04 12:45:32+09:00,461,20,16,,0,80.0
2026-09-04 12:50:32+09:00,461,20,16,,0,80.0
2026-09-04 12:55:32+09:00,461,20,16,,0,80.0
2026-09-04 13:00:32+09:00,461,20,15,,0,75.0
2026-09-04 13:05:32+09:00,461,20,14,,0,70.0
2026-09-04 13:10:32+09:00,461,20,14,,0,70.0
2026-09-04 13:15:32+09:00,461,20,14,,0,70.0
2026-09-04 13:20:32+09:00,461,20,14,,0,70.0
2026-09-04 13:25:32+09:00,461,20,14,,0,70.0
2026-09-04 13:30:32+09:00,461,20,14,,0,70.0
2026-09-04 13:35:32+09:00,461,20,14,,0,70.0
2026-09-04 13:40:32+09:00,461,20,12,,0,60.0
2026-09-04 13:45:33+09:00,461,20,13,,0,65.0
2026-09-04 13:50:32+09:00,461,20,13,,0,65.0
2026-09-04 13:55:33+09:00,461,20,14,,0,70.0
2026-09-04 14:00:32+09:00,461,20,13,,0,65.0
2026-09-04 14:05:33+09:00,461,20,13,34.2337328146957,9,65.0
2026-09-04 14:10:32+09:00,461,20,13,34.51777625663388,9,65.0
2026-09-04 14:15:34+09:00,461,20,13,34.200315939173564,9,65.0
2026-09-04 14:20:34+09:00,461,20,13,34.38950116942968,9,65.0
2026-09-04 14:25:34+09:00,461,20,13,34.525776346775736,9,65.0
2026-09-04 14:30:32+09:00,461,20,13,34.32545215801224,9,65.0
2026-09-04 14:35:33+09:00,461,20,13,34.241909969206894,9,65.0
2026-09-04 14:40:32+09:00,461,20,13,34.0748255915962,9,65.0
2026-09-04 14:45:35+09:00,461,20,13,33.90774121398551,9,65.0
2026-09-04 14:50:34+09:00,461,20,13,34.02470027831299,9,65.0
2026-09-04 14:55:34+09:00,461,20,12,34.108242467118345,9,60.0
2026-09-04 15:00:32+09:00,461,20,12,33.654329907942625,9,60.0
2026-09-04 15:05:33+09:00,461,20,13,33.601596919401906,9,65.0
2026-09-04 15:10:33+09:00,461,20,12,33.498738617577985,9,60.0
2026-09-04 15:15:33+09:00,461,20,12,33.94394282913449,9,60.0
2026-09-04 15:20:32+09:00,461,20,13,33.63779853455089,9,65.0
2026-09-04 15:25:32+09:00,461,20,13,33.604381659028746,9,65.0
2026-09-04 15:30:32+09:00,461,20,13,33.45679045880597,9,65.0
2026-09-04 15:35:32+09:00,461,20,14,33.45679045880597,9,70.0
2026-09-04 15:40:32+09:00,461,20,14,33.33983139447849,9,70.0
2026-09-04 15:45:34+09:00,461,20,14,33.89138690496311,9,70.0
2026-09-04 15:50:34+09:00,461,20,14,33.81602187066896,9,70.0
2026-09-04 15:55:33+09:00,461,20,13,33.381425424511825,9,65.0
2026-09-04 16:00:34+09:00,461,20,12,33.05021847328662,9,60.0
2026-09-04 16:05:34+09:00,461,20,12,32.99730842037657,9,60.0
2026-09-04 16:10:35+09:00,461,20,14,33.32276882797875,9,70.0
2026-09-04 16:15:35+09:00,461,20,14,33.144191363122005,9,70.0
2026-09-04 16:20:33+09:00,461,20,14,32.9744993102538,9,70.0
2026-09-04 16:25:32+09:00,461,20,14,29.10892657945442,9,70.0
2026-09-04 16:30:33+09:00,461,20,14,29.044700503667645,9,70.0
2026-09-04 16:35:32+09:00,461,20,14,28.941842201843727,9,70.0
2026-09-04 16:40:32+09:00,461,20,14,28.916248352094108,9,70.0
2026-09-04 16:45:32+09:00,461,20,13,29.203076533659132,9,65.0
2026-09-04 16:50:32+09:00,461,20,12,29.222392646677708,9,60.0
2026-09-04 16:55:32+09:00,461,20,11,29.378161001411684,9,55.00000000000001
2026-09-04 17:00:32+09:00,461,20,11,29.177659748278852,9,55.00000000000001
2026-09-04 17:05:33+09:00,461,20,11,28.74584804174856,9,55.00000000000001
2026-09-04 17:10:33+09:00,461,20,11,28.71243116622642,9,55.00000000000001
2026-09-04 17:15:32+09:00,461,20,11,28.311428659960754,9,55.00000000000001
2026-09-04 17:20:32+09:00,461,20,11,28.439880811534294,9,55.00000000000001
2026-09-04 17:25:32+09:00,461,20,10,28.484790774302482,9,50.0
2026-09-04 17:30:34+09:00,461,20,10,28.793542744143597,9,50.0
2026-09-04 17:35:35+09:00,461,20,9,28.91050180847108,9,45.0
2026-09-04 17:40:35+09:00,461,20,10,28.70129220771904,9,50.0
2026-09-04 17:45:34+09:00,461,20,10,28.534207830108343,9,50.0
2026-09-04 17:50:32+09:00,461,20,9,28.25016438817017,9,45.0
2026-09-04 17:55:33+09:00,461,20,8,27.606358341260986,9,40.0
2026-09-04 18:00:32+09:00,461,20,8,27.940527096482374,9,40.0
2026-09-04 18:05:32+09:00,461,20,7,28.16312920226063,9,35.0
2026-09-04 18:10:34+09:00,461,20,7,28.07958701345528,9,35.0
2026-09-04 18:15:32+09:00,461,20,7,27.979513451258203,9,35.0
2026-09-04 18:20:32+09:00,461,20,7,28.213608644282512,9,35.0
2026-09-04 18:25:32+09:00,461,20,6,28.06566331532106,9,30.0
2026-09-04 18:30:32+09:00,461,20,5,28.469450561213566,9,25.0
2026-09-04 18:35:32+09:00,461,20,5,29.18826751367822,9,25.0
2026-09-04 18:40:35+09:00,461,20,5,28.995589286317916,9,25.0
2026-09-04 18:45:35+09:00,461,20,5,29.241000502218938,9,25.0
2026-09-04 18:50:33+09:00,461,20,5,29.357959566546427,9,25.0
2026-09-04 18:55:34+09:00,461,20,5,29.577776932697834,9,25.0
2026-09-04 19:00:34+09:00,461,20,4,30.09313082803347,9,20.0
2026-09-04 19:05:32+09:00,461,20,4,30.74754464034202,9,20.0
2026-09-04 19:10:33+09:00,461,20,3,30.34097265482267,9,15.0
2026-09-04 19:15:32+09:00,461,20,3,30.544258647582346,9,15.0
2026-09-04 19:20:32+09:00,461,20,3,31.496993728701973,9,15.0
2026-09-04 19:25:32+09:00,461,20,2,31.496993728701973,9,10.0
2026-09-04 19:30:32+09:00,461,20,2,31.496993728701973,9,10.0
2026-09-04 19:35:33+09:00,461,20,2,31.368541577128433,9,10.0
2026-09-04 19:40:35+09:00,461,20,2,30.34097265482267,9,10.0
2026-09-04 19:45:32+09:00,461,20,2,30.57506784784698,9,10.0
2026-09-04 19:50:33+09:00,461,20,3,30.945438218217348,9,15.0
2026-09-04 19:55:34+09:00,461,20,2,31.031588082280198,9,10.0
2026-09-04 20:00:32+09:00,461,20,2,30.98146276899699,9,10.0
2026-09-04 20:05:33+09:00,461,20,2,31.10991492057053,9,10.0
2026-09-04 20:10:32+09:00,461,20,2,31.767113472505926,9,10.0
2026-09-04 20:15:32+09:00,461,20,0,31.747797359487347,9,0.0
2026-09-04 20:20:33+09:00,461,20,1,31.767113472505926,9,5.0
2026-09-04 20:25:33+09:00,461,20,1,31.895565624079463,9,5.0
2026-09-04 20:30:33+09:00,461,20,1,31.527979993335936,9,5.0
2026-09-04 20:35:32+09:00,461,20,1,31.59220606912271,9,5.0
2026-09-04 20:40:32+09:00,461,20,4,30.859642482893165,9,20.0
2026-09-04 20:45:32+09:00,461,20,3,22.45559142618106,8,15.0
2026-09-04 20:50:32+09:00,461,20,3,22.659424708809595,8,15.0
2026-09-04 20:55:33+09:00,461,20,3,23.013633931287757,8,15.0
2026-09-04 21:00:33+09:00,461,20,3,23.383706511582425,8,15.0
2026-09-04 21:05:33+09:00,461,20,3,23.44303112369073,8,15.0
2026-09-04 21:10:34+09:00,461,20,3,23.499422101134336,8,15.0
2026-09-04 21:15:36+09:00,461,20,3,23.52115272828024,8,15.0
2026-09-04 21:20:34+09:00,461,20,3,23.57167643639445,8,15.0
2026-09-04 21:25:32+09:00,461,20,3,23.719118741579383,8,15.0
2026-09-04 21:30:32+09:00,461,20,3,23.94468265135382,8,15.0
2026-09-04 21:35:32+09:00,461,20,3,23.94468265135382,8,15.0
2026-09-04 21:40:32+09:00,461,20,3,23.94468265135382,8,15.0
2026-09-04 21:45:34+09:00,461,20,3,24.220770269242472,8,15.0
2026-09-04 21:50:33+09:00,461,20,3,24.220770269242472,8,15.0
2026-09-04 21:55:32+09:00,461,20,3,24.220770269242472,8,15.0
2026-09-04 22:00:32+09:00,461,20,3,24.19903964209657,8,15.0
2026-09-04 22:05:32+09:00,461,20,3,24.365278939762703,8,15.0
2026-09-04 22:10:33+09:00,461,20,3,24.365278939762703,8,15.0
2026-09-04 22:15:33+09:00,461,20,3,24.139715029988267,8,15.0
2026-09-04 22:20:32+09:00,461,20,3,24.04573006758225,8,15.0
2026-09-04 22:25:33+09:00,461,20,3,24.21196936524838,8,15.0
2026-09-04 22:30:33+09:00,461,20,3,24.305954327654398,8,15.0
2026-09-04 22:35:32+09:00,461,20,3,24.21196936524838,8,15.0
2026-09-04 22:40:33+09:00,461,20,3,24.305954327654398,8,15.0
2026-09-04 22:45:33+09:00,461,20,3,24.378208662914513,8,15.0
2026-09-04 22:50:32+09:00,461,20,3,24.284223700508498,8,15.0
2026-09-04 22:55:32+09:00,461,20,3,24.190238738102483,8,15.0
2026-09-04 23:00:33+09:00,461,20,3,24.002268813290453,8,15.0
2026-09-04 23:05:32+09:00,461,20,3,23.181666005693423,8,15.0
2026-09-04 23:10:34+09:00,461,20,3,23.050087058325005,8,15.0
2026-09-04 23:15:36+09:00,461,20,2,22.883847760658874,8,10.0
2026-09-04 23:20:32+09:00,461,20,3,22.97783272306489,8,15.0
2026-09-04 23:25:32+09:00,461,20,3,22.9473011919249,8,15.0
2026-09-04 23:30:32+09:00,461,20,3,23.019555527185013,8,15.0
2026-09-04 23:35:32+09:00,461,20,3,22.87504685666478,8,15.0
2026-09-04 23:40:32+09:00,461,20,3,22.78106189425877,8,15.0
2026-09-04 23:45:32+09:00,461,20,3,22.78106189425877,8,15.0
2026-09-04 23:50:33+09:00,461,20,3,22.78106189425877,8,15.0
2026-09-04 23:55:32+09:00,461,20,3,22.687076931852754,8,15.0
2026-09-04 09:45:34+09:00,521,95,34,29.894434424210818,7,35.78947368421053
2026-09-04 09:50:33+09:00,521,95,34,29.894434424210818,7,35.78947368421053
2026-09-04 09:55:33+09:00,521,95,34,29.894434424210818,7,35.78947368421053
2026-09-04 10:00:32+09:00,521,95,34,,0,35.78947368421053
2026-09-04 10:05:32+09:00,521,95,34,,0,35.78947368421053
2026-09-04 10:10:32+09:00,521,95,33,,0,34.73684210526316
2026-09-04 10:15:32+09:00,521,95,33,,0,34.73684210526316
2026-09-04 10:20:32+09:00,521,95,33,,0,34.73684210526316
2026-09-04 10:25:32+09:00,521,95,33,,0,34.73684210526316
2026-09-04 10:30:32+09:00,521,95,33,,0,34.73684210526316
2026-09-04 10:35:32+09:00,521,95,34,,0,35.78947368421053
2026-09-04 10:40:32+09:00,521,95,34,,0,35.78947368421053
2026-09-04 10:45:32+09:00,521,95,34,,0,35.78947368421053
2026-09-04 10:50:32+09:00,521,95,34,,0,35.78947368421053
2026-09-04 10:55:32+09:00,521,95,33,,0,34.73684210526316
2026-09-04 11:00:32+09:00,521,95,33,,0,34.73684210526316
2026-09-04 11:05:32+09:00,521,95,34,,0,35.78947368421053
2026-09-04 11:10:32+09:00,521,95,34,,0,35.78947368421053
2026-09-04 11:15:32+09:00,521,95,34,,0,35.78947368421053
2026-09-04 11:20:32+09:00,521,95,33,,0,34.73684210526316
2026-09-04 11:25:32+09:00,521,95,33,,0,34.73684210526316
2026-09-04 11:30:32+09:00,521,95,34,,0,35.78947368421053
2026-09-04 11:35:32+09:00,521,95,35,,0,36.84210526315789
2026-09-04 11:40:35+09:00,521,95,37,,0,38.94736842105263
2026-09-04 11:45:32+09:00,521,95,38,,0,40.0
2026-09-04 11:50:32+09:00,521,95,38,,0,40.0
2026-09-04 11:55:33+09:00,521,95,38,,0,40.0
2026-09-04 12:00:32+09:00,521,95,38,,0,40.0
2026-09-04 12:05:32+09:00,521,95,37,,0,38.94736842105263
2026-09-04 12:10:32+09:00,521,95,37,,0,38.94736842105263
2026-09-04 12:15:33+09:00,521,95,36,,0,37.89473684210527
2026-09-04 12:20:32+09:00,521,95,36,,0,37.89473684210527
2026-09-04 12:25:32+09:00,521,95,36,,0,37.89473684210527
2026-09-04 12:30:32+09:00,521,95,36,,0,37.89473684210527
2026-09-04 12:35:32+09:00,521,95,36,,0,37.89473684210527
2026-09-04 12:40:33+09:00,521,95,36,,0,37.89473684210527
2026-09-04 12:45:32+09:00,521,95,37,,0,38.94736842105263
2026-09-04 12:50:32+09:00,521,95,37,,0,38.94736842105263
2026-09-04 12:55:32+09:00,521,95,37,,0,38.94736842105263
2026-09-04 13:00:32+09:00,521,95,38,,0,40.0
2026-09-04 13:05:32+09:00,521,95,38,,0,40.0
2026-09-04 13:10:32+09:00,521,95,39,,0,41.05263157894737
2026-09-04 13:15:32+09:00,521,95,38,,0,40.0
2026-09-04 13:20:32+09:00,521,95,37,,0,38.94736842105263
2026-09-04 13:25:32+09:00,521,95,37,,0,38.94736842105263
2026-09-04 13:30:32+09:00,521,95,37,,0,38.94736842105263
2026-09-04 13:35:32+09:00,521,95,38,,0,40.0
2026-09-04 13:40:32+09:00,521,95,38,,0,40.0
2026-09-04 13:45:33+09:00,521,95,37,,0,38.94736842105263
2026-09-04 13:50:32+09:00,521,95,37,,0,38.94736842105263
2026-09-04 13:55:33+09:00,521,95,37,,0,38.94736842105263
2026-09-04 14:00:32+09:00,521,95,37,,0,38.94736842105263
2026-09-04 14:05:33+09:00,521,95,36,32.81000162462308,7,37.89473684210527
2026-09-04 14:10:32+09:00,521,95,36,33.02482439583682,7,37.89473684210527
2026-09-04 14:15:34+09:00,521,95,39,32.91741301022996,7,41.05263157894737
2026-09-04 14:20:34+09:00,521,95,38,33.31102710326601,7,40.0
2026-09-04 14:25:34+09:00,521,95,38,33.33586210571847,7,40.0
2026-09-04 14:30:32+09:00,521,95,38,33.41843848887289,7,40.0
2026-09-04 14:35:33+09:00,521,95,38,33.31102710326601,7,40.0
2026-09-04 14:40:32+09:00,521,95,38,33.09620433205226,7,40.0
2026-09-04 14:45:35+09:00,521,95,38,32.88138156083851,7,40.0
2026-09-04 14:50:34+09:00,521,95,37,32.88138156083851,7,38.94736842105263
2026-09-04 14:55:34+09:00,521,95,37,33.7030786607311,7,38.94736842105263
2026-09-04 15:00:32+09:00,521,95,38,33.11947679893375,7,40.0
2026-09-04 15:05:33+09:00,521,95,38,33.20205318208817,7,40.0
2026-09-04 15:10:33+09:00,521,95,38,33.06980679402884,7,40.0
2026-09-04 15:15:33+09:00,521,95,38,33.64221220888721,7,40.0
2026-09-04 15:20:32+09:00,521,95,39,33.248598115851145,7,41.05263157894737
2026-09-04 15:25:32+09:00,521,95,39,32.6417237871723,7,41.05263157894737
2026-09-04 15:30:32+09:00,521,95,38,32.6417237871723,7,40.0
2026-09-04 15:35:32+09:00,521,95,38,32.6417237871723,7,40.0
2026-09-04 15:40:32+09:00,521,95,39,31.92743807288659,7,41.05263157894737
2026-09-04 15:45:34+09:00,521,95,38,32.48620493223149,7,40.0
2026-09-04 15:50:34+09:00,521,95,39,32.879819025267544,7,41.05263157894737
2026-09-04 15:55:33+09:00,521,95,39,33.03533788020837,7,41.05263157894737
2026-09-04 16:00:34+09:00,521,95,40,34.868719848754836,7,42.10526315789473
2026-09-04 16:05:34+09:00,521,95,38,34.499940758171235,7,40.0
2026-09-04 16:10:35+09:00,521,95,38,33.48981842508832,7,40.0
2026-09-04 16:15:35+09:00,521,95,38,32.39555717328002,7,40.0
2026-09-04 16:20:33+09:00,521,95,39,32.478133556434436,7,41.05263157894737
2026-09-04 16:25:32+09:00,521,95,40,32.42039217573248,7,42.10526315789473
2026-09-04 16:30:33+09:00,521,95,40,32.33781579257806,7,42.10526315789473
2026-09-04 16:35:32+09:00,521,95,40,32.20556940451873,7,42.10526315789473
2026-09-04 16:40:32+09:00,521,95,40,32.17266302626923,7,42.10526315789473
2026-09-04 16:45:32+09:00,521,95,40,32.54144211685282,7,42.10526315789473
2026-09-04 16:50:32+09:00,521,95,40,33.99484854787671,7,42.10526315789473
2026-09-04 16:55:32+09:00,521,95,42,35.21015974080536,7,44.21052631578947
2026-09-04 17:00:32+09:00,521,95,43,35.10274835519848,7,45.26315789473684
2026-09-04 17:05:33+09:00,521,95,44,34.69793781522344,7,46.31578947368421
2026-09-04 17:10:33+09:00,521,95,45,34.805349200830314,7,47.368421052631575
2026-09-04 17:15:32+09:00,521,95,47,34.59052642961657,7,49.473684210526315
2026-09-04 17:20:32+09:00,521,95,47,34.7556791959254,7,49.473684210526315
2026-09-04 17:25:32+09:00,521,95,45,35.52770629091308,7,47.368421052631575
2026-09-04 17:30:34+09:00,521,95,45,35.62392122958097,7,47.368421052631575
2026-09-04 17:35:35+09:00,521,95,45,36.33820694386669,7,47.368421052631575
2026-09-04 17:40:35+09:00,521,95,45,35.50531339703512,7,47.368421052631575
2026-09-04 17:45:34+09:00,521,95,46,35.29049062582136,7,48.421052631578945
2026-09-04 17:50:32+09:00,521,95,46,35.075667854607616,7,48.421052631578945
2026-09-04 17:55:33+09:00,521,95,47,35.8268645912883,7,49.473684210526315
2026-09-04 18:00:32+09:00,521,95,47,36.25651013371579,7,49.473684210526315
2026-09-04 18:05:32+09:00,521,95,47,37.25699855543069,7,49.473684210526315
2026-09-04 18:10:34+09:00,521,95,48,37.14958716982382,7,50.526315789473685
2026-09-04 18:15:32+09:00,521,95,48,37.171297101134336,7,50.526315789473685
2026-09-04 18:20:32+09:00,521,95,49,38.33693828915807,7,51.578947368421055
2026-09-04 18:25:32+09:00,521,95,45,36.981309332373044,7,47.368421052631575
2026-09-04 18:30:32+09:00,521,95,45,39.49294556581379,7,47.368421052631575
2026-09-04 18:35:32+09:00,521,95,47,40.00360495582474,7,49.473684210526315
2026-09-04 18:40:35+09:00,521,95,46,39.75587580636149,7,48.421052631578945
2026-09-04 18:45:35+09:00,521,95,46,39.921028572670316,7,48.421052631578945
2026-09-04 18:50:33+09:00,521,95,45,39.921028572670316,7,47.368421052631575
2026-09-04 18:55:34+09:00,521,95,44,40.05327496072965,7,46.31578947368421
2026-09-04 19:00:34+09:00,521,95,43,41.27978260059728,7,45.26315789473684
2026-09-04 19:05:32+09:00,521,95,43,41.97079584800151,7,45.26315789473684
2026-09-04 19:10:33+09:00,521,95,42,42.16234615233377,7,44.21052631578947
2026-09-04 19:15:32+09:00,521,95,42,42.42371385731049,7,44.21052631578947
2026-09-04 19:20:32+09:00,521,95,42,43.64865896160716,7,44.21052631578947
2026-09-04 19:25:32+09:00,521,95,42,43.64865896160716,7,44.21052631578947
2026-09-04 19:30:32+09:00,521,95,42,44.36294467589288,7,44.21052631578947
2026-09-04 19:35:33+09:00,521,95,42,44.19779190958403,7,44.21052631578947
2026-09-04 19:40:35+09:00,521,95,42,42.87663186661948,7,44.21052631578947
2026-09-04 19:45:32+09:00,521,95,43,43.327987340357495,7,45.26315789473684
2026-09-04 19:50:33+09:00,521,95,43,43.80417781654798,7,45.26315789473684
2026-09-04 19:55:34+09:00,521,95,40,43.61419004778668,7,42.10526315789473
2026-09-04 20:00:32+09:00,521,95,40,43.39936727657294,7,42.10526315789473
2026-09-04 20:05:33+09:00,521,95,40,43.56452004288177,7,42.10526315789473
2026-09-04 20:10:32+09:00,521,95,40,44.40948960965585,7,42.10526315789473
2026-09-04 20:15:32+09:00,521,95,40,45.813226035774825,7,42.10526315789473
2026-09-04 20:20:33+09:00,521,95,40,45.123775323941565,7,42.10526315789473
2026-09-04 20:25:33+09:00,521,95,41,45.2889280902504,7,43.15789473684211
2026-09-04 20:30:33+09:00,521,95,41,44.966693933429774,7,43.15789473684211
2026-09-04 20:35:32+09:00,521,95,41,45.04927031658419,7,43.15789473684211
2026-09-04 20:40:32+09:00,521,95,41,41.96454570571763,7,43.15789473684211
2026-09-04 20:45:32+09:00,521,95,41,32.60996150057224,6,43.15789473684211
2026-09-04 20:50:32+09:00,521,95,40,33.53963394758573,6,42.10526315789473
2026-09-04 20:55:33+09:00,521,95,39,34.01191291088994,6,41.05263157894737
2026-09-04 21:00:33+09:00,521,95,38,34.329904421458274,6,40.0
2026-09-04 21:05:33+09:00,521,95,39,34.233565307778115,6,41.05263157894737
2026-09-04 21:10:34+09:00,521,95,39,34.48419187419415,6,41.05263157894737
2026-09-04 21:15:36+09:00,521,95,39,34.51316604372202,6,41.05263157894737
2026-09-04 21:20:34+09:00,521,95,39,34.58053098787431,6,41.05263157894737
2026-09-04 21:25:32+09:00,521,95,37,34.426243535138426,6,38.94736842105263
2026-09-04 21:30:32+09:00,521,95,36,34.55155681834645,6,37.89473684210527
2026-09-04 21:35:32+09:00,521,95,36,34.55155681834645,6,37.89473684210527
2026-09-04 21:40:32+09:00,521,95,35,34.55155681834645,6,36.84210526315789
2026-09-04 21:45:34+09:00,521,95,35,34.74423504570675,6,36.84210526315789
2026-09-04 21:50:33+09:00,521,95,36,34.74423504570675,6,37.89473684210527
2026-09-04 21:55:32+09:00,521,95,35,34.74423504570675,6,36.84210526315789
2026-09-04 22:00:32+09:00,521,95,35,34.71526087617889,6,36.84210526315789
2026-09-04 22:05:32+09:00,521,95,35,34.93691327306706,6,36.84210526315789
2026-09-04 22:10:33+09:00,521,95,35,34.93691327306706,6,36.84210526315789
2026-09-04 22:15:33+09:00,521,95,36,34.81159998985904,6,37.89473684210527
2026-09-04 22:20:32+09:00,521,95,36,34.686286706651025,6,37.89473684210527
2026-09-04 22:25:33+09:00,521,95,36,34.9079391035392,6,37.89473684210527
2026-09-04 22:30:33+09:00,521,95,36,35.033252386747215,6,37.89473684210527
2026-09-04 22:35:32+09:00,521,95,36,34.9079391035392,6,37.89473684210527
2026-09-04 22:40:33+09:00,521,95,36,35.033252386747215,6,37.89473684210527
2026-09-04 22:45:33+09:00,521,95,36,35.129591500427374,6,37.89473684210527
2026-09-04 22:50:32+09:00,521,95,36,35.004278217219344,6,37.89473684210527
2026-09-04 22:55:32+09:00,521,95,36,34.87896493401133,6,37.89473684210527
2026-09-04 23:00:33+09:00,521,95,36,34.62833836759529,6,37.89473684210527
2026-09-04 23:05:32+09:00,521,95,36,34.72467748127544,6,37.89473684210527
2026-09-04 23:10:34+09:00,521,95,37,34.72467748127544,6,38.94736842105263
2026-09-04 23:15:36+09:00,521,95,37,34.50302508438727,6,38.94736842105263
2026-09-04 23:20:32+09:00,521,95,37,34.62833836759529,6,38.94736842105263
2026-09-04 23:25:32+09:00,521,95,38,34.76306825589987,6,40.0
2026-09-04 23:30:32+09:00,521,95,38,34.85940736958002,6,40.0
2026-09-04 23:35:32+09:00,521,95,38,34.66672914221971,6,40.0
2026-09-04 23:40:32+09:00,521,95,38,34.54141585901169,6,40.0
2026-09-04 23:45:32+09:00,521,95,38,34.54141585901169,6,40.0
2026-09-04 23:50:33+09:00,521,95,38,34.54141585901169,6,40.0
2026-09-04 23:55:32+09:00,521,95,38,34.41610257580367,6,40.0
2026-09-04 09:45:34+09:00,522,173,101,31.633771929824565,5,58.38150289017341
2026-09-04 09:50:33+09:00,522,173,101,31.633771929824565,5,58.38150289017341
2026-09-04 09:55:33+09:00,522,173,99,31.633771929824565,5,57.22543352601156
2026-09-04 10:00:32+09:00,522,173,99,,0,57.22543352601156
2026-09-04 10:05:32+09:00,522,173,97,,0,56.06936416184971
2026-09-04 10:10:32+09:00,522,173,98,,0,56.64739884393064
2026-09-04 10:15:32+09:00,522,173,96,,0,55.49132947976878
2026-09-04 10:20:32+09:00,522,173,98,,0,56.64739884393064
2026-09-04 10:25:32+09:00,522,173,99,,0,57.22543352601156
2026-09-04 10:30:32+09:00,522,173,99,,0,57.22543352601156
2026-09-04 10:35:32+09:00,522,173,99,,0,57.22543352601156
2026-09-04 10:40:32+09:00,522,173,99,,0,57.22543352601156
2026-09-04 10:45:32+09:00,522,173,98,,0,56.64739884393064
2026-09-04 10:50:32+09:00,522,173,99,,0,57.22543352601156
2026-09-04 10:55:32+09:00,522,173,100,,0,57.80346820809249
2026-09-04 11:00:32+09:00,522,173,98,,0,56.64739884393064
2026-09-04 11:05:32+09:00,522,173,96,,0,55.49132947976878
2026-09-04 11:10:32+09:00,522,173,97,,0,56.06936416184971
2026-09-04 11:15:32+09:00,522,173,97,,0,56.06936416184971
2026-09-04 11:20:32+09:00,522,173,95,,0,54.91329479768786
2026-09-04 11:25:32+09:00,522,173,95,,0,54.91329479768786
2026-09-04 11:30:32+09:00,522,173,94,,0,54.33526011560693
2026-09-04 11:35:32+09:00,522,173,95,,0,54.91329479768786
2026-09-04 11:40:35+09:00,522,173,96,,0,55.49132947976878
2026-09-04 11:45:32+09:00,522,173,96,,0,55.49132947976878
2026-09-04 11:50:32+09:00,522,173,96,,0,55.49132947976878
2026-09-04 11:55:33+09:00,522,173,96,,0,55.49132947976878
2026-09-04 12:00:32+09:00,522,173,94,,0,54.33526011560693
2026-09-04 12:05:32+09:00,522,173,94,,0,54.33526011560693
2026-09-04 12:10:32+09:00,522,173,94,,0,54.33526011560693
2026-09-04 12:15:33+09:00,522,173,94,,0,54.33526011560693
2026-09-04 12:20:32+09:00,522,173,94,,0,54.33526011560693
2026-09-04 12:25:32+09:00,522,173,95,,0,54.91329479768786
2026-09-04 12:30:32+09:00,522,173,96,,0,55.49132947976878
2026-09-04 12:35:32+09:00,522,173,96,,0,55.49132947976878
2026-09-04 12:40:33+09:00,522,173,94,,0,54.33526011560693
2026-09-04 12:45:32+09:00,522,173,94,,0,54.33526011560693
2026-09-04 12:50:32+09:00,522,173,95,,0,54.91329479768786
2026-09-04 12:55:32+09:00,522,173,95,,0,54.91329479768786
2026-09-04 13:00:32+09:00,522,173,95,,0,54.91329479768786
2026-09-04 13:05:32+09:00,522,173,93,,0,53.75722543352601
2026-09-04 13:10:32+09:00,522,173,92,,0,53.179190751445084
2026-09-04 13:15:32+09:00,522,173,94,,0,54.33526011560693
2026-09-04 13:20:32+09:00,522,173,97,,0,56.06936416184971
2026-09-04 13:25:32+09:00,522,173,99,,0,57.22543352601156
2026-09-04 13:30:32+09:00,522,173,97,,0,56.06936416184971
2026-09-04 13:35:32+09:00,522,173,98,,0,56.64739884393064
2026-09-04 13:40:32+09:00,522,173,97,,0,56.06936416184971
2026-09-04 13:45:33+09:00,522,173,97,,0,56.06936416184971
2026-09-04 13:50:32+09:00,522,173,97,,0,56.06936416184971
2026-09-04 13:55:33+09:00,522,173,98,,0,56.64739884393064
2026-09-04 14:00:32+09:00,522,173,96,,0,55.49132947976878
2026-09-04 14:05:33+09:00,522,173,96,33.002192982456144,5,55.49132947976878
2026-09-04 14:10:32+09:00,522,173,95,33.21271929824562,5,54.91329479768786
2026-09-04 14:15:34+09:00,522,173,96,32.79166666666667,5,55.49132947976878
2026-09-04 14:20:34+09:00,522,173,98,33.247807017543856,5,56.64739884393064
2026-09-04 14:25:34+09:00,522,173,98,33.45833333333333,5,56.64739884393064
2026-09-04 14:30:32+09:00,522,173,97,33.45833333333333,5,56.06936416184971
2026-09-04 14:35:33+09:00,522,173,97,33.45833333333333,5,56.06936416184971
2026-09-04 14:40:32+09:00,522,173,97,33.45833333333333,5,56.06936416184971
2026-09-04 14:45:35+09:00,522,173,97,33.45833333333333,5,56.06936416184971
2026-09-04 14:50:34+09:00,522,173,97,33.66885964912281,5,56.06936416184971
2026-09-04 14:55:34+09:00,522,173,97,34.66885964912281,5,56.06936416184971
2026-09-04 15:00:32+09:00,522,173,97,34.002192982456144,5,56.06936416184971
2026-09-04 15:05:33+09:00,522,173,95,33.79166666666667,5,54.91329479768786
2026-09-04 15:10:33+09:00,522,173,95,33.79166666666667,5,54.91329479768786
2026-09-04 15:15:33+09:00,522,173,97,35.125,5,56.06936416184971
2026-09-04 15:20:32+09:00,522,173,97,34.45833333333333,5,56.06936416184971
2026-09-04 15:25:32+09:00,522,173,96,33.247807017543856,5,55.49132947976878
2026-09-04 15:30:32+09:00,522,173,96,33.45833333333333,5,55.49132947976878
2026-09-04 15:35:32+09:00,522,173,96,33.45833333333333,5,55.49132947976878
2026-09-04 15:40:32+09:00,522,173,96,32.247807017543856,5,55.49132947976878
2026-09-04 15:45:34+09:00,522,173,95,33.125,5,54.91329479768786
2026-09-04 15:50:34+09:00,522,173,97,33.58114035087719,5,56.06936416184971
2026-09-04 15:55:33+09:00,522,173,97,33.91447368421053,5,56.06936416184971
2026-09-04 16:00:34+09:00,522,173,96,35.703947368421055,5,55.49132947976878
2026-09-04 16:05:34+09:00,522,173,96,35.45833333333333,5,55.49132947976878
2026-09-04 16:10:35+09:00,522,173,100,34.125,5,57.80346820809249
2026-09-04 16:15:35+09:00,522,173,100,33.33552631578947,5,57.80346820809249
2026-09-04 16:20:33+09:00,522,173,100,32.91447368421053,5,57.80346820809249
2026-09-04 16:25:32+09:00,522,173,101,32.703947368421055,5,58.38150289017341
2026-09-04 16:30:33+09:00,522,173,101,32.703947368421055,5,58.38150289017341
2026-09-04 16:35:32+09:00,522,173,103,32.703947368421055,5,59.53757225433526
2026-09-04 16:40:32+09:00,522,173,105,32.703947368421055,5,60.69364161849711
2026-09-04 16:45:32+09:00,522,173,105,33.37061403508772,5,60.69364161849711
2026-09-04 16:50:32+09:00,522,173,106,35.37061403508772,5,61.27167630057804
2026-09-04 16:55:32+09:00,522,173,106,36.61622807017544,5,61.27167630057804
2026-09-04 17:00:32+09:00,522,173,106,36.40570175438596,5,61.27167630057804
2026-09-04 17:05:33+09:00,522,173,107,36.195175438596486,5,61.849710982658955
2026-09-04 17:10:33+09:00,522,173,106,35.984649122807014,5,61.27167630057804
2026-09-04 17:15:32+09:00,522,173,107,35.56359649122807,5,61.849710982658955
2026-09-04 17:20:32+09:00,522,173,104,35.56359649122807,5,60.115606936416185
2026-09-04 17:25:32+09:00,522,173,103,36.56359649122807,5,59.53757225433526
2026-09-04 17:30:34+09:00,522,173,105,37.651315789473685,5,60.69364161849711
2026-09-04 17:35:35+09:00,522,173,106,38.86184210526316,5,61.27167630057804
2026-09-04 17:40:35+09:00,522,173,107,38.31798245614035,5,61.849710982658955
2026-09-04 17:45:34+09:00,522,173,106,38.31798245614035,5,61.27167630057804
2026-09-04 17:50:32+09:00,522,173,109,38.10745614035088,5,63.005780346820806
2026-09-04 17:55:33+09:00,522,173,110,39.896929824561404,5,63.58381502890174
2026-09-04 18:00:32+09:00,522,173,110,39.896929824561404,5,63.58381502890174
2026-09-04 18:05:32+09:00,522,173,111,41.56359649122807,5,64.16184971098265
2026-09-04 18:10:34+09:00,522,173,111,41.56359649122807,5,64.16184971098265
2026-09-04 18:15:32+09:00,522,173,109,42.01973684210526,5,63.005780346820806
2026-09-04 18:20:32+09:00,522,173,110,43.47587719298245,5,63.58381502890174
2026-09-04 18:25:32+09:00,522,173,111,42.440789473684205,5,64.16184971098265
2026-09-04 18:30:32+09:00,522,173,110,46.31798245614035,5,63.58381502890174
2026-09-04 18:35:32+09:00,522,173,109,46.23026315789474,5,63.005780346820806
2026-09-04 18:40:35+09:00,522,173,111,46.23026315789474,5,64.16184971098265
2026-09-04 18:45:35+09:00,522,173,110,46.440789473684205,5,63.58381502890174
2026-09-04 18:50:33+09:00,522,173,111,46.651315789473685,5,64.16184971098265
2026-09-04 18:55:34+09:00,522,173,111,46.86184210526316,5,64.16184971098265
2026-09-04 19:00:34+09:00,522,173,110,48.07236842105264,5,63.58381502890174
2026-09-04 19:05:32+09:00,522,173,110,48.94956140350877,5,63.58381502890174
2026-09-04 19:10:33+09:00,522,173,110,48.61622807017544,5,63.58381502890174
2026-09-04 19:15:32+09:00,522,173,108,49.2828947368421,5,62.42774566473989
2026-09-04 19:20:32+09:00,522,173,108,50.61622807017544,5,62.42774566473989
2026-09-04 19:25:32+09:00,522,173,108,50.61622807017544,5,62.42774566473989
2026-09-04 19:30:32+09:00,522,173,109,51.61622807017544,5,63.005780346820806
2026-09-04 19:35:33+09:00,522,173,110,51.61622807017544,5,63.58381502890174
2026-09-04 19:40:35+09:00,522,173,110,49.61622807017544,5,63.58381502890174
2026-09-04 19:45:32+09:00,522,173,109,50.07236842105264,5,63.005780346820806
2026-09-04 19:50:33+09:00,522,173,109,50.7390350877193,5,63.005780346820806
2026-09-04 19:55:34+09:00,522,173,110,51.16008771929825,5,63.58381502890174
2026-09-04 20:00:32+09:00,522,173,110,51.37061403508771,5,63.58381502890174
2026-09-04 20:05:33+09:00,522,173,108,51.37061403508771,5,62.42774566473989
2026-09-04 20:10:32+09:00,522,173,107,52.703947368421055,5,61.849710982658955
2026-09-04 20:15:32+09:00,522,173,108,54.703947368421055,5,62.42774566473989
2026-09-04 20:20:33+09:00,522,173,108,53.703947368421055,5,62.42774566473989
2026-09-04 20:25:33+09:00,522,173,106,53.703947368421055,5,61.27167630057804
2026-09-04 20:30:33+09:00,522,173,106,53.49342105263158,5,61.27167630057804
2026-09-04 20:35:32+09:00,522,173,106,53.49342105263158,5,61.27167630057804
2026-09-04 20:40:32+09:00,522,173,106,50.493421052631575,5,61.27167630057804
2026-09-04 20:45:32+09:00,522,173,104,38.11677631578947,4,60.115606936416185
2026-09-04 20:50:32+09:00,522,173,103,39.629934210526315,4,59.53757225433526
2026-09-04 20:55:33+09:00,522,173,102,39.629934210526315,4,58.95953757225434
2026-09-04 21:00:33+09:00,522,173,100,39.89309210526316,4,57.80346820809249
2026-09-04 21:05:33+09:00,522,173,101,40.15625,4,58.38150289017341
2026-09-04 21:10:34+09:00,522,173,102,39.89309210526316,4,58.95953757225434
2026-09-04 21:15:36+09:00,522,173,102,39.89309210526316,4,58.95953757225434
2026-09-04 21:20:34+09:00,522,173,100,39.89309210526316,4,57.80346820809249
2026-09-04 21:25:32+09:00,522,173,99,40.41940789473684,4,57.22543352601156
2026-09-04 21:30:32+09:00,522,173,99,40.682565789473685,4,57.22543352601156
2026-09-04 21:35:32+09:00,522,173,99,40.682565789473685,4,57.22543352601156
2026-09-04 21:40:32+09:00,522,173,98,40.682565789473685,4,56.64739884393064
2026-09-04 21:45:34+09:00,522,173,97,40.94572368421053,4,56.06936416184971
2026-09-04 21:50:33+09:00,522,173,97,40.94572368421053,4,56.06936416184971
2026-09-04 21:55:32+09:00,522,173,97,40.94572368421053,4,56.06936416184971
2026-09-04 22:00:32+09:00,522,173,95,40.94572368421053,4,54.91329479768786
2026-09-04 22:05:32+09:00,522,173,95,40.94572368421053,4,54.91329479768786
2026-09-04 22:10:33+09:00,522,173,95,40.94572368421053,4,54.91329479768786
2026-09-04 22:15:33+09:00,522,173,95,40.682565789473685,4,54.91329479768786
2026-09-04 22:20:32+09:00,522,173,94,40.682565789473685,4,54.33526011560693
2026-09-04 22:25:33+09:00,522,173,94,40.682565789473685,4,54.33526011560693
2026-09-04 22:30:33+09:00,522,173,94,40.682565789473685,4,54.33526011560693
2026-09-04 22:35:32+09:00,522,173,94,40.682565789473685,4,54.33526011560693
2026-09-04 22:40:33+09:00,522,173,93,40.682565789473685,4,53.75722543352601
2026-09-04 22:45:33+09:00,522,173,93,40.682565789473685,4,53.75722543352601
2026-09-04 22:50:32+09:00,522,173,93,40.682565789473685,4,53.75722543352601
2026-09-04 22:55:32+09:00,522,173,93,40.682565789473685,4,53.75722543352601
2026-09-04 23:00:33+09:00,522,173,92,40.682565789473685,4,53.179190751445084
2026-09-04 23:05:32+09:00,522,173,92,40.682565789473685,4,53.179190751445084
2026-09-04 23:10:34+09:00,522,173,93,40.41940789473684,4,53.75722543352601
2026-09-04 23:15:36+09:00,522,173,93,40.41940789473684,4,53.75722543352601
2026-09-04 23:20:32+09:00,522,173,92,40.41940789473684,4,53.179190751445084
2026-09-04 23:25:32+09:00,522,173,89,40.15625,4,51.445086705202314
2026-09-04 23:30:32+09:00,522,173,88,40.15625,4,50.86705202312138
2026-09-04 23:35:32+09:00,522,173,90,40.15625,4,52.02312138728323
2026-09-04 23:40:32+09:00,522,173,90,40.15625,4,52.02312138728323
2026-09-04 23:45:32+09:00,522,173,90,40.15625,4,52.02312138728323
2026-09-04 23:50:33+09:00,522,173,90,40.15625,4,52.02312138728323
2026-09-04 23:55:32+09:00,522,173,90,40.15625,4,52.02312138728323
