fold,horizon,dest,ts_kst,target_time,axis,state,n_candidates,rank_a,rank_b,rank_c,changed,top1_changed,a_fail,b_fail,c_fail,rescued,harmed,a_flagged,extra_walk,extra_fare,a_actual,b_actual,c_actual,a_prob,b_prob
1,15,안양시청,2026-09-03 12:00:00,2026-09-03 12:15:00,walk,operating|wd,25,"[16, 31, 161, 241, 165, 166, 81, 261, 162, 56, 262, 163, 167, 164, 21, 37, 30, 168, 172, 169, 170, 201, 27, 171, 401]","[16, 31, 161, 241, 165, 166, 81, 261, 162, 56, 262, 163, 167, 164, 21, 37, 30, 168, 172, 169, 170, 201, 27, 401, 171]","[16, 31, 161, 241, 165, 166, 81, 261, 162, 56, 262, 163, 167, 164, 21, 37, 30, 168, 172, 169, 170, 201, 27, 401, 171]",1,0,0,0,0,0,0,0,0,0,13.366960907944515,13.366960907944515,13.366960907944515,0.00029215652002048486,0.00029215652002048486
1,15,안양시청,2026-09-03 12:00:00,2026-09-03 12:15:00,fare,operating|wd,25,"[16, 21, 37, 30, 201, 27, 401, 31, 241, 81, 261, 56, 262, 172, 161, 165, 166, 162, 163, 167, 164, 168, 169, 170, 171]","[16, 21, 37, 30, 201, 27, 401, 31, 241, 81, 261, 56, 262, 172, 161, 165, 166, 162, 163, 167, 164, 168, 169, 170, 171]","[16, 21, 37, 30, 201, 27, 401, 31, 241, 81, 261, 56, 262, 172, 161, 165, 166, 162, 163, 167, 164, 168, 169, 170, 171]",0,0,0,0,0,0,0,0,0,0,13.366960907944515,13.366960907944515,13.366960907944515,0.00029215652002048486,0.00029215652002048486
1,15,안양시청,2026-09-03 14:00:00,2026-09-03 14:15:00,walk,operating|wd,25,"[16, 31, 161, 241, 165, 166, 81, 261, 162, 56, 262, 163, 167, 164, 21, 37, 30, 168, 172, 169, 170, 201, 27, 171, 401]","[16, 31, 161, 241, 165, 166, 81, 261, 162, 56, 262, 163, 167, 164, 21, 37, 30, 168, 172, 169, 170, 201, 27, 401, 171]","[16, 31, 161, 241, 165, 166, 81, 261, 162, 56, 262, 163, 167, 164, 21, 37, 30, 168, 172, 169, 170, 201, 27, 401, 171]",1,0,0,0,0,0,0,0,0,0,12.23203026481715,12.23203026481715,12.23203026481715,0.00031149865973867434,0.00031149865973867434
1,15,안양시청,2026-09-03 14:00:00,2026-09-03 14:15:00,fare,operating|wd,25,"[16, 21, 37, 30, 201, 27, 401, 31, 241, 81, 261, 56, 262, 172, 161, 165, 166, 162, 163, 167, 164, 168, 169, 170, 171]","[16, 21, 37, 30, 201, 27, 401, 31, 241, 81, 261, 56, 262, 172, 161, 165, 166, 162, 163, 167, 164, 168, 169, 170, 171]","[16, 21, 37, 30, 201, 27, 401, 31, 241, 81, 261, 56, 262, 172, 161, 165, 166, 162, 163, 167, 164, 168, 169, 170, 171]",0,0,0,0,0,0,0,0,0,0,12.23203026481715,12.23203026481715,12.23203026481715,0.00031149865973867434,0.00031149865973867434
1,15,안양시청,2026-09-03 16:00:00,2026-09-03 16:15:00,walk,operating|wd,25,"[16, 31, 161, 241, 165, 166, 81, 261, 162, 56, 262, 163, 167, 164, 21, 37, 30, 168, 172, 169, 170, 201, 27, 171, 401]","[16, 31, 161, 241, 165, 166, 81, 261, 162, 56, 262, 163, 167, 164, 21, 37, 30, 168, 172, 169, 170, 201, 27, 401, 171]","[16, 31, 161, 241, 165, 166, 81, 261, 162, 56, 262, 163, 167, 164, 21, 37, 30, 168, 172, 169, 170, 201, 27, 401, 171]",1,0,0,0,0,0,0,0,0,0,20.302648171500632,20.302648171500632,20.302648171500632,0.000306802529755564,0.000306802529755564
1,15,안양시청,2026-09-03 16:00:00,2026-09-03 16:15:00,fare,operating|wd,25,"[16, 21, 37, 30, 201, 27, 401, 81, 31, 241, 261, 56, 262, 172, 161, 165, 166, 162, 163, 167, 164, 168, 169, 170, 171]","[16, 21, 37, 30, 201, 27, 401, 81, 31, 241, 261, 56, 262, 172, 161, 165, 166, 162, 163, 167, 164, 168, 169, 170, 171]","[16, 21, 37, 30, 201, 27, 401, 81, 31, 241, 261, 56, 262, 172, 161, 165, 166, 162, 163, 167, 164, 168, 169, 170, 171]",0,0,0,0,0,0,0,0,0,0,20.302648171500632,20.302648171500632,20.302648171500632,0.000306802529755564,0.000306802529755564
1,15,석수역,2026-09-03 06:00:00,2026-09-03 06:15:00,walk,outside|wd,5,"[108, 25, 12, 13, 24]","[25, 12, 13, 24, 108]","[25, 12, 13, 24, 108]",1,1,1,0,0,1,0,1,21,0,99.15966386554622,53.389830508474574,53.389830508474574,0.994788030647649,0.0005188806182843482
1,15,석수역,2026-09-03 06:00:00,2026-09-03 06:15:00,fare,outside|wd,5,"[108, 25, 13, 24, 12]","[25, 13, 24, 12, 108]","[25, 13, 24, 12, 108]",1,1,1,0,0,1,0,1,21,0,99.15966386554622,53.389830508474574,53.389830508474574,0.994788030647649,0.0005188806182843482
1,15,석수역,2026-09-03 08:00:00,2026-09-03 08:15:00,walk,outside|wd,5,"[108, 25, 12, 13, 24]","[25, 12, 13, 24, 108]","[25, 12, 13, 24, 108]",1,1,1,0,0,1,0,1,21,0,99.15966386554622,41.52542372881356,41.52542372881356,0.9969064997290504,0.0005254410456549945
1,15,석수역,2026-09-03 08:00:00,2026-09-03 08:15:00,fare,outside|wd,5,"[108, 25, 13, 24, 12]","[25, 13, 24, 12, 108]","[25, 13, 24, 12, 108]",1,1,1,0,0,1,0,1,21,0,99.15966386554622,41.52542372881356,41.52542372881356,0.9969064997290504,0.0005254410456549945
1,15,석수역,2026-09-03 10:00:00,2026-09-03 10:15:00,walk,operating|wd,5,"[108, 25, 12, 13, 24]","[108, 25, 12, 13, 24]","[108, 25, 12, 13, 24]",0,0,0,0,0,0,0,0,0,0,44.53781512605042,44.53781512605042,44.53781512605042,0.0012349898198003057,0.0012349898198003057
1,15,석수역,2026-09-03 10:00:00,2026-09-03 10:15:00,fare,operating|wd,5,"[108, 25, 12, 13, 24]","[108, 25, 12, 13, 24]","[108, 25, 12, 13, 24]",0,0,0,0,0,0,0,0,0,0,44.53781512605042,44.53781512605042,44.53781512605042,0.0012349898198003057,0.0012349898198003057
1,15,석수역,2026-09-03 12:00:00,2026-09-03 12:15:00,walk,operating|wd,5,"[108, 25, 12, 13, 24]","[108, 25, 12, 13, 24]","[108, 25, 12, 13, 24]",0,0,0,0,0,0,0,0,0,0,44.53781512605042,44.53781512605042,44.53781512605042,0.0012767718829290592,0.0012767718829290592
1,15,석수역,2026-09-03 12:00:00,2026-09-03 12:15:00,fare,operating|wd,5,"[108, 25, 12, 13, 24]","[108, 25, 12, 13, 24]","[108, 25, 12, 13, 24]",0,0,0,0,0,0,0,0,0,0,44.53781512605042,44.53781512605042,44.53781512605042,0.0012767718829290592,0.0012767718829290592
1,15,석수역,2026-09-03 14:00:00,2026-09-03 14:15:00,walk,operating|wd,5,"[108, 25, 12, 13, 24]","[108, 25, 12, 13, 24]","[108, 25, 12, 13, 24]",0,0,0,0,0,0,0,0,0,0,45.378151260504204,45.378151260504204,45.378151260504204,0.0015651077384092461,0.0015651077384092461
1,15,석수역,2026-09-03 14:00:00,2026-09-03 14:15:00,fare,operating|wd,5,"[108, 25, 12, 13, 24]","[108, 25, 12, 13, 24]","[108, 25, 12, 13, 24]",0,0,0,0,0,0,0,0,0,0,45.378151260504204,45.378151260504204,45.378151260504204,0.0015651077384092461,0.0015651077384092461
1,15,석수역,2026-09-03 16:00:00,2026-09-03 16:15:00,walk,operating|wd,5,"[108, 25, 12, 13, 24]","[108, 25, 12, 13, 24]","[108, 25, 12, 13, 24]",0,0,0,0,0,0,0,0,0,0,45.378151260504204,45.378151260504204,45.378151260504204,0.001204170897164728,0.001204170897164728
1,15,석수역,2026-09-03 16:00:00,2026-09-03 16:15:00,fare,operating|wd,5,"[108, 25, 13, 24, 12]","[108, 25, 13, 24, 12]","[108, 25, 13, 24, 12]",0,0,0,0,0,0,0,0,0,0,45.378151260504204,45.378151260504204,45.378151260504204,0.001204170897164728,0.001204170897164728
1,15,석수역,2026-09-03 18:00:00,2026-09-03 18:15:00,walk,outside|wd,5,"[108, 25, 12, 13, 24]","[25, 12, 13, 24, 108]","[25, 12, 13, 24, 108]",1,1,1,0,0,1,0,1,21,0,94.95798319327731,0.0,0.0,0.9967545035247151,0.0003347985045146817
1,15,석수역,2026-09-03 18:00:00,2026-09-03 18:15:00,fare,outside|wd,5,"[108, 25, 13, 24, 12]","[25, 13, 24, 12, 108]","[25, 13, 24, 12, 108]",1,1,1,0,0,1,0,1,21,0,94.95798319327731,0.0,0.0,0.9967545035247151,0.0003347985045146817
1,15,석수역,2026-09-03 20:00:00,2026-09-03 20:15:00,walk,outside|wd,5,"[108, 25, 12, 13, 24]","[25, 12, 13, 24, 108]","[25, 12, 13, 24, 108]",1,1,1,0,0,1,0,1,21,0,94.95798319327731,13.559322033898304,13.559322033898304,0.9917302692857781,0.0003342435505616067
1,15,석수역,2026-09-03 20:00:00,2026-09-03 20:15:00,fare,outside|wd,5,"[108, 25, 13, 24, 12]","[25, 13, 24, 12, 108]","[25, 13, 24, 12, 108]",1,1,1,0,0,1,0,1,21,0,94.95798319327731,13.559322033898304,13.559322033898304,0.9917302692857781,0.0003342435505616067
1,15,석수역,2026-09-03 22:00:00,2026-09-03 22:15:00,walk,outside|wd,5,"[108, 25, 12, 13, 24]","[25, 12, 13, 24, 108]","[25, 12, 13, 24, 108]",1,1,1,0,0,1,0,1,21,0,94.95798319327731,55.08474576271186,55.08474576271186,0.9979487676712933,0.0005625161150125356
1,15,석수역,2026-09-03 22:00:00,2026-09-03 22:15:00,fare,outside|wd,5,"[108, 25, 13, 24, 12]","[25, 13, 24, 12, 108]","[25, 13, 24, 12, 108]",1,1,1,0,0,1,0,1,21,0,94.95798319327731,55.08474576271186,55.08474576271186,0.9979487676712933,0.0005625161150125356
1,15,범계역,2026-09-03 12:00:00,2026-09-03 12:15:00,walk,operating|wd,25,"[16, 81, 241, 56, 261, 262, 30, 401, 183, 39, 182, 31, 161, 201, 42, 23, 165, 461, 166, 82, 40, 162, 521, 167, 163]","[16, 81, 241, 56, 261, 262, 30, 401, 183, 39, 182, 31, 161, 201, 42, 23, 165, 461, 166, 82, 40, 162, 521, 167, 163]","[16, 81, 241, 56, 261, 262, 30, 401, 183, 39, 182, 31, 161, 201, 42, 23, 165, 461, 166, 82, 40, 162, 521, 167, 163]",0,0,0,0,0,0,0,0,0,0,13.366960907944515,13.366960907944515,13.366960907944515,0.00029215652002048486,0.00029215652002048486
1,15,범계역,2026-09-03 12:00:00,2026-09-03 12:15:00,fare,operating|wd,25,"[16, 30, 401, 201, 42, 82, 521, 81, 241, 56, 261, 262, 183, 39, 182, 31, 23, 461, 40, 161, 165, 166, 162, 167, 163]","[16, 30, 401, 201, 42, 82, 521, 81, 241, 56, 261, 262, 183, 39, 182, 31, 23, 461, 40, 161, 165, 166, 162, 167, 163]","[16, 30, 401, 201, 42, 82, 521, 81, 241, 56, 261, 262, 183, 39, 182, 31, 23, 461, 40, 161, 165, 166, 162, 167, 163]",0,0,0,0,0,0,0,0,0,0,13.366960907944515,13.366960907944515,13.366960907944515,0.00029215652002048486,0.00029215652002048486
1,15,범계역,2026-09-03 14:00:00,2026-09-03 14:15:00,walk,operating|wd,25,"[16, 81, 241, 56, 261, 262, 30, 401, 183, 39, 182, 31, 161, 201, 42, 23, 165, 461, 166, 82, 40, 162, 521, 167, 163]","[16, 81, 241, 56, 261, 262, 30, 401, 183, 39, 182, 31, 161, 201, 42, 23, 165, 461, 166, 82, 40, 162, 521, 167, 163]","[16, 81, 241, 56, 261, 262, 30, 401, 183, 39, 182, 31, 161, 201, 42, 23, 165, 461, 166, 82, 40, 162, 521, 167, 163]",0,0,0,0,0,0,0,0,0,0,12.23203026481715,12.23203026481715,12.23203026481715,0.00031149865973867434,0.00031149865973867434
1,15,범계역,2026-09-03 14:00:00,2026-09-03 14:15:00,fare,operating|wd,25,"[16, 30, 401, 201, 42, 82, 521, 81, 241, 56, 261, 262, 183, 39, 182, 31, 23, 461, 40, 161, 165, 166, 162, 167, 163]","[16, 30, 401, 201, 42, 82, 521, 81, 241, 56, 261, 262, 183, 39, 182, 31, 23, 461, 40, 161, 165, 166, 162, 167, 163]","[16, 30, 401, 201, 42, 82, 521, 81, 241, 56, 261, 262, 183, 39, 182, 31, 23, 461, 40, 161, 165, 166, 162, 167, 163]",0,0,0,0,0,0,0,0,0,0,12.23203026481715,12.23203026481715,12.23203026481715,0.00031149865973867434,0.00031149865973867434
1,15,안양역,2026-09-03 10:00:00,2026-09-03 10:15:00,walk,operating|wd,11,"[48, 112, 53, 11, 52, 7, 8, 38, 29, 18, 28]","[48, 112, 53, 11, 52, 7, 8, 38, 29, 18, 28]","[112, 11, 7, 8, 38, 29, 18, 28, 48, 53, 52]",0,0,0,0,0,0,0,0,0,0,54.166666666666664,54.166666666666664,46.666666666666664,0.029151789264301498,0.029151789264301498
1,15,안양역,2026-09-03 10:00:00,2026-09-03 10:15:00,fare,operating|wd,11,"[18, 8, 38, 28, 48, 112, 53, 11, 52, 7, 29]","[18, 8, 38, 28, 48, 112, 53, 11, 52, 7, 29]","[18, 8, 38, 28, 112, 11, 7, 29, 48, 53, 52]",0,0,0,0,0,0,0,0,0,0,42.857142857142854,42.857142857142854,42.857142857142854,0.0003372705204509105,0.0003372705204509105
1,15,안양역,2026-09-03 12:00:00,2026-09-03 12:15:00,walk,operating|wd,11,"[48, 112, 53, 11, 52, 7, 8, 38, 29, 18, 28]","[48, 112, 53, 11, 52, 7, 8, 38, 29, 18, 28]","[48, 112, 53, 11, 52, 7, 8, 38, 29, 18, 28]",0,0,0,0,0,0,0,0,0,0,25.0,25.0,25.0,0.00029215652002048486,0.00029215652002048486
1,15,안양역,2026-09-03 12:00:00,2026-09-03 12:15:00,fare,operating|wd,11,"[18, 8, 38, 28, 48, 112, 53, 11, 52, 7, 29]","[18, 8, 38, 28, 48, 112, 53, 11, 52, 7, 29]","[18, 8, 38, 28, 48, 112, 53, 11, 52, 7, 29]",0,0,0,0,0,0,0,0,0,0,35.714285714285715,35.714285714285715,35.714285714285715,0.00029215652002048486,0.00029215652002048486
1,15,안양역,2026-09-03 14:00:00,2026-09-03 14:15:00,walk,operating|wd,11,"[48, 112, 53, 11, 52, 7, 8, 38, 29, 18, 28]","[48, 112, 53, 11, 52, 7, 8, 38, 29, 18, 28]","[48, 112, 53, 11, 52, 7, 8, 38, 29, 18, 28]",0,0,0,0,0,0,0,0,0,0,41.666666666666664,41.666666666666664,41.666666666666664,0.0004078170893944523,0.0004078170893944523
1,15,안양역,2026-09-03 14:00:00,2026-09-03 14:15:00,fare,operating|wd,11,"[18, 8, 38, 28, 48, 112, 53, 11, 52, 7, 29]","[18, 8, 38, 28, 48, 112, 53, 11, 52, 7, 29]","[18, 8, 38, 28, 48, 112, 53, 11, 52, 7, 29]",0,0,0,0,0,0,0,0,0,0,37.5,37.5,37.5,0.0003111397958302623,0.0003111397958302623
1,15,평촌역,2026-09-03 12:00:00,2026-09-03 12:15:00,walk,operating|wd,24,"[16, 31, 162, 166, 241, 163, 161, 167, 164, 37, 172, 168, 169, 27, 165, 261, 170, 262, 56, 171, 10, 21, 81, 34]","[16, 31, 162, 166, 241, 163, 161, 167, 164, 37, 172, 168, 169, 27, 165, 261, 170, 262, 56, 10, 21, 81, 34, 171]","[16, 31, 162, 166, 241, 163, 161, 167, 164, 37, 172, 168, 169, 27, 165, 261, 170, 262, 56, 10, 21, 81, 34, 171]",1,0,0,0,0,0,0,0,0,0,13.366960907944515,13.366960907944515,13.366960907944515,0.00029215652002048486,0.00029215652002048486
1,15,평촌역,2026-09-03 12:00:00,2026-09-03 12:15:00,fare,outside|wd,24,"[10, 16, 37, 27, 21, 34, 31, 241, 172, 261, 262, 56, 81, 162, 166, 163, 161, 167, 164, 168, 169, 165, 170, 171]","[10, 16, 37, 27, 21, 34, 31, 241, 172, 261, 262, 56, 81, 162, 166, 163, 161, 167, 164, 168, 169, 165, 170, 171]","[10, 16, 37, 27, 21, 34, 31, 241, 172, 261, 262, 56, 81, 162, 166, 163, 161, 167, 164, 168, 169, 165, 170, 171]",0,0,0,0,0,0,0,0,0,0,54.94505494505494,54.94505494505494,54.94505494505494,0.0007301729356606394,0.0007301729356606394
1,15,평촌역,2026-09-03 14:00:00,2026-09-03 14:15:00,walk,operating|wd,24,"[16, 31, 162, 166, 241, 163, 161, 167, 164, 37, 172, 168, 169, 27, 165, 261, 170, 262, 56, 171, 10, 21, 81, 34]","[16, 31, 162, 166, 241, 163, 161, 167, 164, 37, 172, 168, 169, 27, 165, 261, 170, 262, 56, 10, 21, 81, 34, 171]","[16, 31, 162, 166, 241, 163, 161, 167, 164, 37, 172, 168, 169, 27, 165, 261, 170, 262, 56, 10, 21, 81, 34, 171]",1,0,0,0,0,0,0,0,0,0,12.23203026481715,12.23203026481715,12.23203026481715,0.00031149865973867434,0.00031149865973867434
1,15,평촌역,2026-09-03 14:00:00,2026-09-03 14:15:00,fare,outside|wd,24,"[10, 16, 37, 27, 21, 34, 31, 241, 172, 261, 262, 56, 81, 162, 166, 163, 161, 167, 164, 168, 169, 165, 170, 171]","[10, 16, 37, 27, 21, 34, 31, 241, 172, 261, 262, 56, 81, 162, 166, 163, 161, 167, 164, 168, 169, 165, 170, 171]","[10, 16, 37, 27, 21, 34, 31, 241, 172, 261, 262, 56, 81, 162, 166, 163, 161, 167, 164, 168, 169, 165, 170, 171]",0,0,0,0,0,0,0,0,0,0,46.7032967032967,46.7032967032967,46.7032967032967,0.0007813397329168498,0.0007813397329168498
1,15,평촌역,2026-09-03 16:00:00,2026-09-03 16:15:00,walk,operating|wd,24,"[16, 31, 162, 166, 241, 163, 161, 167, 164, 37, 172, 168, 169, 27, 165, 261, 170, 262, 56, 171, 10, 21, 81, 34]","[16, 31, 162, 166, 241, 163, 161, 167, 164, 37, 172, 168, 169, 27, 165, 261, 170, 262, 56, 10, 21, 81, 34, 171]","[16, 31, 162, 166, 241, 163, 161, 167, 164, 37, 172, 168, 169, 27, 165, 261, 170, 262, 56, 10, 21, 81, 34, 171]",1,0,0,0,0,0,0,0,0,0,20.302648171500632,20.302648171500632,20.302648171500632,0.000306802529755564,0.000306802529755564
1,15,평촌역,2026-09-03 16:00:00,2026-09-03 16:15:00,fare,outside|wd,24,"[10, 16, 37, 27, 21, 34, 81, 31, 241, 172, 261, 262, 56, 162, 166, 163, 161, 167, 164, 168, 169, 165, 170, 171]","[10, 16, 37, 27, 21, 34, 81, 31, 241, 172, 261, 262, 56, 162, 166, 163, 161, 167, 164, 168, 169, 165, 170, 171]","[10, 16, 37, 27, 21, 34, 81, 31, 241, 172, 261, 262, 56, 162, 166, 163, 161, 167, 164, 168, 169, 165, 170, 171]",0,0,0,0,0,0,0,0,0,0,49.45054945054945,49.45054945054945,49.45054945054945,0.0004988303819214085,0.0004988303819214085
1,15,인덕원역,2026-09-03 10:00:00,2026-09-03 10:15:00,walk,outside|wd,7,"[10, 172, 27, 171, 170, 164, 34]","[10, 172, 27, 170, 164, 34, 171]","[10, 172, 27, 170, 164, 34, 171]",1,0,0,0,0,0,0,0,0,0,57.142857142857146,57.142857142857146,57.142857142857146,0.0007130393048429631,0.0007130393048429631
1,15,인덕원역,2026-09-03 10:00:00,2026-09-03 10:15:00,fare,outside|wd,7,"[10, 27, 34, 172, 171, 170, 164]","[10, 27, 34, 172, 170, 164, 171]","[10, 27, 34, 172, 170, 164, 171]",1,0,0,0,0,0,0,0,0,0,57.142857142857146,57.142857142857146,57.142857142857146,0.0007130393048429631,0.0007130393048429631
1,15,인덕원역,2026-09-03 12:00:00,2026-09-03 12:15:00,walk,outside|wd,7,"[10, 172, 27, 171, 170, 164, 34]","[10, 172, 27, 170, 164, 34, 171]","[10, 172, 27, 170, 164, 34, 171]",1,0,0,0,0,0,0,0,0,0,54.94505494505494,54.94505494505494,54.94505494505494,0.0007301729356606394,0.0007301729356606394
1,15,인덕원역,2026-09-03 12:00:00,2026-09-03 12:15:00,fare,outside|wd,7,"[10, 27, 34, 172, 171, 170, 164]","[10, 27, 34, 172, 170, 164, 171]","[10, 27, 34, 172, 170, 164, 171]",1,0,0,0,0,0,0,0,0,0,54.94505494505494,54.94505494505494,54.94505494505494,0.0007301729356606394,0.0007301729356606394
1,15,인덕원역,2026-09-03 14:00:00,2026-09-03 14:15:00,walk,outside|wd,7,"[10, 172, 27, 171, 170, 164, 34]","[10, 172, 27, 170, 164, 34, 171]","[10, 172, 27, 170, 164, 34, 171]",1,0,0,0,0,0,0,0,0,0,46.7032967032967,46.7032967032967,46.7032967032967,0.0007813397329168498,0.0007813397329168498
1,15,인덕원역,2026-09-03 14:00:00,2026-09-03 14:15:00,fare,outside|wd,7,"[10, 27, 34, 172, 171, 170, 164]","[10, 27, 34, 172, 170, 164, 171]","[10, 27, 34, 172, 170, 164, 171]",1,0,0,0,0,0,0,0,0,0,46.7032967032967,46.7032967032967,46.7032967032967,0.0007813397329168498,0.0007813397329168498
1,15,인덕원역,2026-09-03 16:00:00,2026-09-03 16:15:00,walk,outside|wd,7,"[10, 172, 27, 171, 170, 164, 34]","[10, 172, 27, 170, 164, 34, 171]","[10, 172, 27, 170, 164, 34, 171]",1,0,0,0,0,0,0,0,0,0,49.45054945054945,49.45054945054945,49.45054945054945,0.0004988303819214085,0.0004988303819214085
1,15,인덕원역,2026-09-03 16:00:00,2026-09-03 16:15:00,fare,outside|wd,7,"[10, 27, 34, 172, 171, 170, 164]","[10, 27, 34, 172, 170, 164, 171]","[10, 27, 34, 172, 170, 164, 171]",1,0,0,0,0,0,0,0,0,0,49.45054945054945,49.45054945054945,49.45054945054945,0.0004988303819214085,0.0004988303819214085
1,30,안양시청,2026-09-03 12:00:00,2026-09-03 12:30:00,walk,operating|wd,25,"[16, 31, 161, 241, 165, 166, 81, 261, 162, 56, 262, 163, 167, 164, 21, 37, 30, 168, 172, 169, 170, 201, 27, 171, 401]","[16, 31, 161, 241, 165, 166, 81, 261, 162, 56, 262, 163, 167, 164, 21, 37, 30, 168, 172, 169, 170, 201, 27, 401, 171]","[16, 31, 161, 241, 165, 166, 81, 261, 162, 56, 262, 163, 167, 164, 21, 37, 30, 168, 172, 169, 170, 201, 27, 401, 171]",1,0,0,0,0,0,0,0,0,0,12.988650693568726,12.988650693568726,12.988650693568726,0.00022334029997452372,0.00022334029997452372
1,30,안양시청,2026-09-03 12:00:00,2026-09-03 12:30:00,fare,operating|wd,25,"[16, 21, 37, 30, 201, 27, 401, 31, 241, 81, 261, 56, 262, 172, 161, 165, 166, 162, 163, 167, 164, 168, 169, 170, 171]","[16, 21, 37, 30, 201, 27, 401, 31, 241, 81, 261, 56, 262, 172, 161, 165, 166, 162, 163, 167, 164, 168, 169, 170, 171]","[16, 21, 37, 30, 201, 27, 401, 31, 241, 81, 261, 56, 262, 172, 161, 165, 166, 162, 163, 167, 164, 168, 169, 170, 171]",0,0,0,0,0,0,0,0,0,0,12.988650693568726,12.988650693568726,12.988650693568726,0.00022334029997452372,0.00022334029997452372
1,30,안양시청,2026-09-03 14:00:00,2026-09-03 14:30:00,walk,operating|wd,25,"[16, 31, 161, 241, 165, 166, 81, 261, 162, 56, 262, 163, 167, 164, 21, 37, 30, 168, 172, 169, 170, 201, 27, 171, 401]","[16, 31, 161, 241, 165, 166, 81, 261, 162, 56, 262, 163, 167, 164, 21, 37, 30, 168, 172, 169, 170, 201, 27, 401, 171]","[16, 31, 161, 241, 165, 166, 81, 261, 162, 56, 262, 163, 167, 164, 21, 37, 30, 168, 172, 169, 170, 201, 27, 401, 171]",1,0,0,0,0,0,0,0,0,0,13.871374527112232,13.871374527112232,13.871374527112232,0.00022334029997452372,0.00022334029997452372
1,30,안양시청,2026-09-03 14:00:00,2026-09-03 14:30:00,fare,operating|wd,25,"[16, 21, 37, 30, 201, 27, 401, 31, 241, 81, 261, 56, 262, 172, 161, 165, 166, 162, 163, 167, 164, 168, 169, 170, 171]","[16, 21, 37, 30, 201, 27, 401, 31, 241, 81, 261, 56, 262, 172, 161, 165, 166, 162, 163, 167, 164, 168, 169, 170, 171]","[16, 21, 37, 30, 201, 27, 401, 31, 241, 81, 261, 56, 262, 172, 161, 165, 166, 162, 163, 167, 164, 168, 169, 170, 171]",0,0,0,0,0,0,0,0,0,0,13.871374527112232,13.871374527112232,13.871374527112232,0.00022334029997452372,0.00022334029997452372
1,30,안양시청,2026-09-03 16:00:00,2026-09-03 16:30:00,walk,operating|wd,25,"[16, 31, 161, 241, 165, 166, 81, 261, 162, 56, 262, 163, 167, 164, 21, 37, 30, 168, 172, 169, 170, 201, 27, 171, 401]","[16, 31, 161, 241, 165, 166, 81, 261, 162, 56, 262, 163, 167, 164, 21, 37, 30, 168, 172, 169, 170, 201, 27, 401, 171]","[16, 31, 161, 241, 165, 166, 81, 261, 162, 56, 262, 163, 167, 164, 21, 37, 30, 168, 172, 169, 170, 201, 27, 401, 171]",1,0,0,0,0,0,0,0,0,0,20.80706179066835,20.80706179066835,20.80706179066835,0.0002280868520835821,0.0002280868520835821
1,30,안양시청,2026-09-03 16:00:00,2026-09-03 16:30:00,fare,operating|wd,25,"[81, 16, 21, 37, 30, 201, 27, 401, 31, 241, 261, 56, 262, 172, 161, 165, 166, 162, 163, 167, 164, 168, 169, 170, 171]","[81, 16, 21, 37, 30, 201, 27, 401, 31, 241, 261, 56, 262, 172, 161, 165, 166, 162, 163, 167, 164, 168, 169, 170, 171]","[81, 16, 21, 37, 30, 201, 27, 401, 31, 241, 261, 56, 262, 172, 161, 165, 166, 162, 163, 167, 164, 168, 169, 170, 171]",0,0,0,0,0,0,0,0,0,0,21.428571428571427,21.428571428571427,21.428571428571427,0.0002280868520835821,0.0002280868520835821
1,30,석수역,2026-09-03 06:00:00,2026-09-03 06:30:00,walk,outside|wd,5,"[108, 25, 12, 13, 24]","[25, 12, 13, 24, 108]","[25, 12, 13, 24, 108]",1,1,1,0,0,1,0,1,21,0,99.15966386554622,52.54237288135593,52.54237288135593,0.9950694473263334,0.0003024280773956597
1,30,석수역,2026-09-03 06:00:00,2026-09-03 06:30:00,fare,outside|wd,5,"[108, 25, 13, 24, 12]","[25, 13, 24, 12, 108]","[25, 13, 24, 12, 108]",1,1,1,0,0,1,0,1,21,0,99.15966386554622,52.54237288135593,52.54237288135593,0.9950694473263334,0.0003024280773956597
1,30,석수역,2026-09-03 08:00:00,2026-09-03 08:30:00,walk,outside|wd,5,"[108, 25, 12, 13, 24]","[25, 12, 13, 24, 108]","[25, 12, 13, 24, 108]",1,1,1,0,0,1,0,1,21,0,99.15966386554622,38.13559322033898,38.13559322033898,0.995579717832296,0.0004252709679168231
1,30,석수역,2026-09-03 08:00:00,2026-09-03 08:30:00,fare,outside|wd,5,"[108, 25, 13, 24, 12]","[25, 13, 24, 12, 108]","[25, 13, 24, 12, 108]",1,1,1,0,0,1,0,1,21,0,99.15966386554622,38.13559322033898,38.13559322033898,0.995579717832296,0.0004252709679168231
1,30,석수역,2026-09-03 10:00:00,2026-09-03 10:30:00,walk,operating|wd,5,"[108, 25, 12, 13, 24]","[108, 25, 12, 13, 24]","[108, 25, 12, 13, 24]",0,0,0,0,0,0,0,0,0,0,45.378151260504204,45.378151260504204,45.378151260504204,0.0011221824296519308,0.0011221824296519308
1,30,석수역,2026-09-03 10:00:00,2026-09-03 10:30:00,fare,operating|wd,5,"[108, 25, 12, 13, 24]","[108, 25, 12, 13, 24]","[108, 25, 12, 13, 24]",0,0,0,0,0,0,0,0,0,0,45.378151260504204,45.378151260504204,45.378151260504204,0.0011221824296519308,0.0011221824296519308
1,30,석수역,2026-09-03 12:00:00,2026-09-03 12:30:00,walk,operating|wd,5,"[108, 25, 12, 13, 24]","[108, 25, 12, 13, 24]","[108, 25, 12, 13, 24]",0,0,0,0,0,0,0,0,0,0,45.378151260504204,45.378151260504204,45.378151260504204,0.006459495817431698,0.006459495817431698
1,30,석수역,2026-09-03 12:00:00,2026-09-03 12:30:00,fare,operating|wd,5,"[108, 25, 12, 13, 24]","[108, 25, 12, 13, 24]","[108, 25, 12, 13, 24]",0,0,0,0,0,0,0,0,0,0,45.378151260504204,45.378151260504204,45.378151260504204,0.006459495817431698,0.006459495817431698
1,30,석수역,2026-09-03 14:00:00,2026-09-03 14:30:00,walk,operating|wd,5,"[108, 25, 12, 13, 24]","[108, 25, 12, 13, 24]","[108, 25, 12, 13, 24]",0,0,0,0,0,0,0,0,0,0,41.1764705882353,41.1764705882353,41.1764705882353,0.0027527931606601266,0.0027527931606601266
1,30,석수역,2026-09-03 14:00:00,2026-09-03 14:30:00,fare,operating|wd,5,"[108, 25, 12, 13, 24]","[108, 25, 12, 13, 24]","[108, 25, 12, 13, 24]",0,0,0,0,0,0,0,0,0,0,41.1764705882353,41.1764705882353,41.1764705882353,0.0027527931606601266,0.0027527931606601266
1,30,석수역,2026-09-03 16:00:00,2026-09-03 16:30:00,walk,operating|wd,5,"[108, 25, 12, 13, 24]","[108, 25, 12, 13, 24]","[108, 25, 12, 13, 24]",0,0,0,0,0,0,0,0,0,0,54.621848739495796,54.621848739495796,54.621848739495796,0.00984609189598461,0.00984609189598461
1,30,석수역,2026-09-03 16:00:00,2026-09-03 16:30:00,fare,operating|wd,5,"[108, 25, 13, 24, 12]","[108, 25, 13, 24, 12]","[108, 25, 13, 24, 12]",0,0,0,0,0,0,0,0,0,0,54.621848739495796,54.621848739495796,54.621848739495796,0.00984609189598461,0.00984609189598461
1,30,석수역,2026-09-03 18:00:00,2026-09-03 18:30:00,walk,outside|wd,5,"[108, 25, 12, 13, 24]","[25, 12, 13, 24, 108]","[25, 12, 13, 24, 108]",1,1,1,0,0,1,0,1,21,0,94.95798319327731,0.0,0.0,0.9968162423676925,0.00034569929485952854
1,30,석수역,2026-09-03 18:00:00,2026-09-03 18:30:00,fare,outside|wd,5,"[108, 25, 13, 24, 12]","[25, 13, 24, 12, 108]","[25, 13, 24, 12, 108]",1,1,1,0,0,1,0,1,21,0,94.95798319327731,0.0,0.0,0.9968162423676925,0.00034569929485952854
1,30,석수역,2026-09-03 20:00:00,2026-09-03 20:30:00,walk,outside|wd,5,"[108, 25, 12, 13, 24]","[25, 12, 13, 24, 108]","[25, 12, 13, 24, 108]",1,1,1,0,0,1,0,1,21,0,94.95798319327731,11.016949152542374,11.016949152542374,0.9947496446695476,0.0003085109812544674
1,30,석수역,2026-09-03 20:00:00,2026-09-03 20:30:00,fare,outside|wd,5,"[108, 25, 13, 24, 12]","[25, 13, 24, 12, 108]","[25, 13, 24, 12, 108]",1,1,1,0,0,1,0,1,21,0,94.95798319327731,11.016949152542374,11.016949152542374,0.9947496446695476,0.0003085109812544674
1,30,석수역,2026-09-03 22:00:00,2026-09-03 22:30:00,walk,outside|wd,5,"[108, 25, 12, 13, 24]","[25, 12, 13, 24, 108]","[25, 12, 13, 24, 108]",1,1,1,0,0,1,0,1,21,0,94.95798319327731,61.86440677966102,61.86440677966102,0.9972464376142554,0.0005431557659528953
1,30,석수역,2026-09-03 22:00:00,2026-09-03 22:30:00,fare,outside|wd,5,"[108, 25, 13, 24, 12]","[25, 13, 24, 12, 108]","[25, 13, 24, 12, 108]",1,1,1,0,0,1,0,1,21,0,94.95798319327731,61.86440677966102,61.86440677966102,0.9972464376142554,0.0005431557659528953
1,30,범계역,2026-09-03 12:00:00,2026-09-03 12:30:00,walk,operating|wd,25,"[16, 81, 241, 56, 261, 262, 30, 401, 183, 39, 182, 31, 161, 201, 42, 23, 165, 461, 166, 82, 40, 162, 521, 167, 163]","[16, 81, 241, 56, 261, 262, 30, 401, 183, 39, 182, 31, 161, 201, 42, 23, 165, 461, 166, 82, 40, 162, 521, 167, 163]","[16, 81, 241, 56, 261, 262, 30, 401, 183, 39, 182, 31, 161, 201, 42, 23, 165, 461, 166, 82, 40, 162, 521, 167, 163]",0,0,0,0,0,0,0,0,0,0,12.988650693568726,12.988650693568726,12.988650693568726,0.00022334029997452372,0.00022334029997452372
1,30,범계역,2026-09-03 12:00:00,2026-09-03 12:30:00,fare,operating|wd,25,"[16, 30, 401, 201, 42, 82, 521, 81, 241, 56, 261, 262, 183, 39, 182, 31, 23, 461, 40, 161, 165, 166, 162, 167, 163]","[16, 30, 401, 201, 42, 82, 521, 81, 241, 56, 261, 262, 183, 39, 182, 31, 23, 461, 40, 161, 165, 166, 162, 167, 163]","[16, 30, 401, 201, 42, 82, 521, 81, 241, 56, 261, 262, 183, 39, 182, 31, 23, 461, 40, 161, 165, 166, 162, 167, 163]",0,0,0,0,0,0,0,0,0,0,12.988650693568726,12.988650693568726,12.988650693568726,0.00022334029997452372,0.00022334029997452372
1,30,범계역,2026-09-03 14:00:00,2026-09-03 14:30:00,walk,operating|wd,25,"[16, 81, 241, 56, 261, 262, 30, 401, 183, 39, 182, 31, 161, 201, 42, 23, 165, 461, 166, 82, 40, 162, 521, 167, 163]","[16, 81, 241, 56, 261, 262, 30, 401, 183, 39, 182, 31, 161, 201, 42, 23, 165, 461, 166, 82, 40, 162, 521, 167, 163]","[16, 81, 241, 56, 261, 262, 30, 401, 183, 39, 182, 31, 161, 201, 42, 23, 165, 461, 166, 82, 40, 162, 521, 167, 163]",0,0,0,0,0,0,0,0,0,0,13.871374527112232,13.871374527112232,13.871374527112232,0.00022334029997452372,0.00022334029997452372
1,30,범계역,2026-09-03 14:00:00,2026-09-03 14:30:00,fare,operating|wd,25,"[16, 30, 401, 201, 42, 82, 521, 81, 241, 56, 261, 262, 183, 39, 182, 31, 23, 461, 40, 161, 165, 166, 162, 167, 163]","[16, 30, 401, 201, 42, 82, 521, 81, 241, 56, 261, 262, 183, 39, 182, 31, 23, 461, 40, 161, 165, 166, 162, 167, 163]","[16, 30, 401, 201, 42, 82, 521, 81, 241, 56, 261, 262, 183, 39, 182, 31, 23, 461, 40, 161, 165, 166, 162, 167, 163]",0,0,0,0,0,0,0,0,0,0,13.871374527112232,13.871374527112232,13.871374527112232,0.00022334029997452372,0.00022334029997452372
1,30,안양역,2026-09-03 10:00:00,2026-09-03 10:30:00,walk,operating|wd,11,"[48, 112, 53, 11, 52, 7, 8, 38, 29, 18, 28]","[48, 112, 53, 11, 52, 7, 8, 38, 29, 18, 28]","[112, 11, 7, 8, 38, 29, 18, 28, 48, 53, 52]",0,0,0,0,0,0,0,0,0,0,41.666666666666664,41.666666666666664,46.666666666666664,0.035240289186359346,0.035240289186359346
1,30,안양역,2026-09-03 10:00:00,2026-09-03 10:30:00,fare,operating|wd,11,"[18, 8, 38, 28, 48, 112, 53, 11, 52, 7, 29]","[18, 8, 38, 28, 48, 112, 53, 11, 52, 7, 29]","[18, 8, 38, 28, 112, 11, 7, 29, 48, 53, 52]",0,0,0,0,0,0,0,0,0,0,42.857142857142854,42.857142857142854,42.857142857142854,0.00028333207351587445,0.00028333207351587445
1,30,안양역,2026-09-03 12:00:00,2026-09-03 12:30:00,walk,operating|wd,11,"[48, 112, 53, 11, 52, 7, 8, 38, 29, 18, 28]","[48, 112, 53, 11, 52, 7, 8, 38, 29, 18, 28]","[48, 112, 53, 11, 52, 7, 8, 38, 29, 18, 28]",0,0,0,0,0,0,0,0,0,0,29.166666666666668,29.166666666666668,29.166666666666668,0.00022334029997452372,0.00022334029997452372
1,30,안양역,2026-09-03 12:00:00,2026-09-03 12:30:00,fare,operating|wd,11,"[18, 8, 38, 28, 48, 112, 53, 11, 52, 7, 29]","[18, 8, 38, 28, 48, 112, 53, 11, 52, 7, 29]","[18, 8, 38, 28, 48, 112, 53, 11, 52, 7, 29]",0,0,0,0,0,0,0,0,0,0,35.714285714285715,35.714285714285715,35.714285714285715,0.0003180173730804703,0.0003180173730804703
1,30,안양역,2026-09-03 14:00:00,2026-09-03 14:30:00,walk,operating|wd,11,"[48, 112, 53, 11, 52, 7, 8, 38, 29, 18, 28]","[48, 112, 53, 11, 52, 7, 8, 38, 29, 18, 28]","[48, 112, 53, 11, 52, 7, 8, 38, 29, 18, 28]",0,0,0,0,0,0,0,0,0,0,45.833333333333336,45.833333333333336,45.833333333333336,0.00022334029997452372,0.00022334029997452372
1,30,안양역,2026-09-03 14:00:00,2026-09-03 14:30:00,fare,operating|wd,11,"[18, 8, 38, 28, 48, 112, 53, 11, 52, 7, 29]","[18, 8, 38, 28, 48, 112, 53, 11, 52, 7, 29]","[18, 8, 38, 28, 48, 112, 53, 11, 52, 7, 29]",0,0,0,0,0,0,0,0,0,0,39.285714285714285,39.285714285714285,39.285714285714285,0.00031326779861420997,0.00031326779861420997
1,30,평촌역,2026-09-03 12:00:00,2026-09-03 12:30:00,walk,operating|wd,24,"[16, 31, 162, 166, 241, 163, 161, 167, 164, 37, 172, 168, 169, 27, 165, 261, 170, 262, 56, 171, 10, 21, 81, 34]","[16, 31, 162, 166, 241, 163, 161, 167, 164, 37, 172, 168, 169, 27, 165, 261, 170, 262, 56, 10, 21, 81, 34, 171]","[16, 31, 162, 166, 241, 163, 161, 167, 164, 37, 172, 168, 169, 27, 165, 261, 170, 262, 56, 10, 21, 81, 34, 171]",1,0,0,0,0,0,0,0,0,0,12.988650693568726,12.988650693568726,12.988650693568726,0.00022334029997452372,0.00022334029997452372
1,30,평촌역,2026-09-03 12:00:00,2026-09-03 12:30:00,fare,outside|wd,24,"[10, 16, 37, 27, 21, 34, 31, 241, 172, 261, 262, 56, 81, 162, 166, 163, 161, 167, 164, 168, 169, 165, 170, 171]","[10, 16, 37, 27, 21, 34, 31, 241, 172, 261, 262, 56, 81, 162, 166, 163, 161, 167, 164, 168, 169, 165, 170, 171]","[10, 16, 37, 27, 21, 34, 31, 241, 172, 261, 262, 56, 81, 162, 166, 163, 161, 167, 164, 168, 169, 165, 170, 171]",0,0,0,0,0,0,0,0,0,0,56.043956043956044,56.043956043956044,56.043956043956044,0.0004158605939754922,0.0004158605939754922
1,30,평촌역,2026-09-03 14:00:00,2026-09-03 14:30:00,walk,operating|wd,24,"[16, 31, 162, 166, 241, 163, 161, 167, 164, 37, 172, 168, 169, 27, 165, 261, 170, 262, 56, 171, 10, 21, 81, 34]","[16, 31, 162, 166, 241, 163, 161, 167, 164, 37, 172, 168, 169, 27, 165, 261, 170, 262, 56, 10, 21, 81, 34, 171]","[16, 31, 162, 166, 241, 163, 161, 167, 164, 37, 172, 168, 169, 27, 165, 261, 170, 262, 56, 10, 21, 81, 34, 171]",1,0,0,0,0,0,0,0,0,0,13.871374527112232,13.871374527112232,13.871374527112232,0.00022334029997452372,0.00022334029997452372
1,30,평촌역,2026-09-03 14:00:00,2026-09-03 14:30:00,fare,outside|wd,24,"[10, 16, 37, 27, 21, 34, 31, 241, 172, 261, 262, 56, 81, 162, 166, 163, 161, 167, 164, 168, 169, 165, 170, 171]","[10, 16, 37, 27, 21, 34, 31, 241, 172, 261, 262, 56, 81, 162, 166, 163, 161, 167, 164, 168, 169, 165, 170, 171]","[10, 16, 37, 27, 21, 34, 31, 241, 172, 261, 262, 56, 81, 162, 166, 163, 161, 167, 164, 168, 169, 165, 170, 171]",0,0,0,0,0,0,0,0,0,0,46.7032967032967,46.7032967032967,46.7032967032967,0.0003793506650930862,0.0003793506650930862
1,30,평촌역,2026-09-03 16:00:00,2026-09-03 16:30:00,walk,operating|wd,24,"[16, 31, 162, 166, 241, 163, 161, 167, 164, 37, 172, 168, 169, 27, 165, 261, 170, 262, 56, 171, 10, 21, 81, 34]","[16, 31, 162, 166, 241, 163, 161, 167, 164, 37, 172, 168, 169, 27, 165, 261, 170, 262, 56, 10, 21, 81, 34, 171]","[16, 31, 162, 166, 241, 163, 161, 167, 164, 37, 172, 168, 169, 27, 165, 261, 170, 262, 56, 10, 21, 81, 34, 171]",1,0,0,0,0,0,0,0,0,0,20.80706179066835,20.80706179066835,20.80706179066835,0.0002280868520835821,0.0002280868520835821
1,30,평촌역,2026-09-03 16:00:00,2026-09-03 16:30:00,fare,outside|wd,24,"[10, 81, 16, 37, 27, 21, 34, 31, 241, 172, 261, 262, 56, 162, 166, 163, 161, 167, 164, 168, 169, 165, 170, 171]","[10, 81, 16, 37, 27, 21, 34, 31, 241, 172, 261, 262, 56, 162, 166, 163, 161, 167, 164, 168, 169, 165, 170, 171]","[10, 81, 16, 37, 27, 21, 34, 31, 241, 172, 261, 262, 56, 162, 166, 163, 161, 167, 164, 168, 169, 165, 170, 171]",0,0,0,0,0,0,0,0,0,0,51.64835164835165,51.64835164835165,51.64835164835165,0.0013871793146678548,0.0013871793146678548
1,30,인덕원역,2026-09-03 10:00:00,2026-09-03 10:30:00,walk,outside|wd,7,"[10, 172, 27, 171, 170, 164, 34]","[10, 172, 27, 170, 164, 34, 171]","[10, 172, 27, 170, 164, 34, 171]",1,0,0,0,0,0,0,0,0,0,58.24175824175824,58.24175824175824,58.24175824175824,0.0003399938156721772,0.0003399938156721772
1,30,인덕원역,2026-09-03 10:00:00,2026-09-03 10:30:00,fare,outside|wd,7,"[10, 27, 34, 172, 171, 170, 164]","[10, 27, 34, 172, 170, 164, 171]","[10, 27, 34, 172, 170, 164, 171]",1,0,0,0,0,0,0,0,0,0,58.24175824175824,58.24175824175824,58.24175824175824,0.0003399938156721772,0.0003399938156721772
1,30,인덕원역,2026-09-03 12:00:00,2026-09-03 12:30:00,walk,outside|wd,7,"[10, 172, 27, 171, 170, 164, 34]","[10, 172, 27, 170, 164, 34, 171]","[10, 172, 27, 170, 164, 34, 171]",1,0,0,0,0,0,0,0,0,0,56.043956043956044,56.043956043956044,56.043956043956044,0.0004158605939754922,0.0004158605939754922
1,30,인덕원역,2026-09-03 12:00:00,2026-09-03 12:30:00,fare,outside|wd,7,"[10, 27, 34, 172, 171, 170, 164]","[10, 27, 34, 172, 170, 164, 171]","[10, 27, 34, 172, 170, 164, 171]",1,0,0,0,0,0,0,0,0,0,56.043956043956044,56.043956043956044,56.043956043956044,0.0004158605939754922,0.0004158605939754922
1,30,인덕원역,2026-09-03 14:00:00,2026-09-03 14:30:00,walk,outside|wd,7,"[10, 172, 27, 171, 170, 164, 34]","[10, 172, 27, 170, 164, 34, 171]","[10, 172, 27, 170, 164, 34, 171]",1,0,0,0,0,0,0,0,0,0,46.7032967032967,46.7032967032967,46.7032967032967,0.0003793506650930862,0.0003793506650930862
1,30,인덕원역,2026-09-03 14:00:00,2026-09-03 14:30:00,fare,outside|wd,7,"[10, 27, 34, 172, 171, 170, 164]","[10, 27, 34, 172, 170, 164, 171]","[10, 27, 34, 172, 170, 164, 171]",1,0,0,0,0,0,0,0,0,0,46.7032967032967,46.7032967032967,46.7032967032967,0.0003793506650930862,0.0003793506650930862
1,30,인덕원역,2026-09-03 16:00:00,2026-09-03 16:30:00,walk,outside|wd,7,"[10, 172, 27, 171, 170, 164, 34]","[10, 172, 27, 170, 164, 34, 171]","[10, 172, 27, 170, 164, 34, 171]",1,0,0,0,0,0,0,0,0,0,51.64835164835165,51.64835164835165,51.64835164835165,0.0013871793146678548,0.0013871793146678548
1,30,인덕원역,2026-09-03 16:00:00,2026-09-03 16:30:00,fare,outside|wd,7,"[10, 27, 34, 172, 171, 170, 164]","[10, 27, 34, 172, 170, 164, 171]","[10, 27, 34, 172, 170, 164, 171]",1,0,0,0,0,0,0,0,0,0,51.64835164835165,51.64835164835165,51.64835164835165,0.0013871793146678548,0.0013871793146678548
1,60,안양시청,2026-09-03 12:00:00,2026-09-03 13:00:00,walk,operating|wd,25,"[16, 31, 161, 241, 165, 166, 81, 261, 162, 56, 262, 163, 167, 164, 21, 37, 30, 168, 172, 169, 170, 201, 27, 171, 401]","[16, 31, 161, 241, 165, 166, 81, 261, 162, 56, 262, 163, 167, 164, 21, 37, 30, 168, 172, 169, 170, 201, 27, 401, 171]","[16, 31, 161, 241, 165, 166, 81, 261, 162, 56, 262, 163, 167, 164, 21, 37, 30, 168, 172, 169, 170, 201, 27, 401, 171]",1,0,0,0,0,0,0,0,0,0,11.601513240857503,11.601513240857503,11.601513240857503,0.00030770577265497225,0.00030770577265497225
1,60,안양시청,2026-09-03 12:00:00,2026-09-03 13:00:00,fare,operating|wd,25,"[16, 21, 37, 30, 201, 27, 401, 31, 241, 81, 261, 56, 262, 172, 161, 165, 166, 162, 163, 167, 164, 168, 169, 170, 171]","[16, 21, 37, 30, 201, 27, 401, 31, 241, 81, 261, 56, 262, 172, 161, 165, 166, 162, 163, 167, 164, 168, 169, 170, 171]","[16, 21, 37, 30, 201, 27, 401, 31, 241, 81, 261, 56, 262, 172, 161, 165, 166, 162, 163, 167, 164, 168, 169, 170, 171]",0,0,0,0,0,0,0,0,0,0,11.601513240857503,11.601513240857503,11.601513240857503,0.00030770577265497225,0.00030770577265497225
1,60,안양시청,2026-09-03 14:00:00,2026-09-03 15:00:00,walk,operating|wd,25,"[16, 31, 161, 241, 165, 166, 81, 261, 162, 56, 262, 163, 167, 164, 21, 37, 30, 168, 172, 169, 170, 201, 27, 171, 401]","[16, 31, 161, 241, 165, 166, 81, 261, 162, 56, 262, 163, 167, 164, 21, 37, 30, 168, 172, 169, 170, 201, 27, 401, 171]","[16, 31, 161, 241, 165, 166, 81, 261, 162, 56, 262, 163, 167, 164, 21, 37, 30, 168, 172, 169, 170, 201, 27, 401, 171]",1,0,0,0,0,0,0,0,0,0,14.501891551071878,14.501891551071878,14.501891551071878,0.00034561143874726634,0.00034561143874726634
1,60,안양시청,2026-09-03 14:00:00,2026-09-03 15:00:00,fare,operating|wd,25,"[16, 21, 37, 30, 201, 27, 401, 31, 241, 81, 261, 56, 262, 172, 161, 165, 166, 162, 163, 167, 164, 168, 169, 170, 171]","[16, 21, 37, 30, 201, 27, 401, 31, 241, 81, 261, 56, 262, 172, 161, 165, 166, 162, 163, 167, 164, 168, 169, 170, 171]","[16, 21, 37, 30, 201, 27, 401, 31, 241, 81, 261, 56, 262, 172, 161, 165, 166, 162, 163, 167, 164, 168, 169, 170, 171]",0,0,0,0,0,0,0,0,0,0,14.501891551071878,14.501891551071878,14.501891551071878,0.00034561143874726634,0.00034561143874726634
1,60,안양시청,2026-09-03 16:00:00,2026-09-03 17:00:00,walk,operating|wd,25,"[16, 31, 161, 241, 165, 166, 81, 261, 162, 56, 262, 163, 167, 164, 21, 37, 30, 168, 172, 169, 170, 201, 27, 171, 401]","[16, 31, 161, 241, 165, 166, 81, 261, 162, 56, 262, 163, 167, 164, 21, 37, 30, 168, 172, 169, 170, 201, 27, 401, 171]","[16, 31, 161, 241, 165, 166, 81, 261, 162, 56, 262, 163, 167, 164, 21, 37, 30, 168, 172, 169, 170, 201, 27, 401, 171]",1,0,0,0,0,0,0,0,0,0,24.84237074401009,24.84237074401009,24.84237074401009,0.0003282256933971817,0.0003282256933971817
1,60,안양시청,2026-09-03 16:00:00,2026-09-03 17:00:00,fare,outside|wd,25,"[81, 16, 21, 37, 30, 201, 27, 401, 31, 241, 261, 56, 262, 172, 161, 165, 166, 162, 163, 167, 164, 168, 169, 170, 171]","[81, 16, 21, 37, 30, 201, 27, 401, 31, 241, 261, 56, 262, 172, 161, 165, 166, 162, 163, 167, 164, 168, 169, 170, 171]","[81, 16, 21, 37, 30, 201, 27, 401, 31, 241, 261, 56, 262, 172, 161, 165, 166, 162, 163, 167, 164, 168, 169, 170, 171]",0,0,0,0,0,0,0,0,0,0,16.666666666666668,16.666666666666668,16.666666666666668,0.00032824731510221135,0.00032824731510221135
1,60,석수역,2026-09-03 06:00:00,2026-09-03 07:00:00,walk,outside|wd,5,"[108, 25, 12, 13, 24]","[25, 12, 13, 24, 108]","[25, 12, 13, 24, 108]",1,1,1,0,0,1,0,1,21,0,99.15966386554622,51.69491525423729,51.69491525423729,0.9821456159881309,0.0007541669402473395
1,60,석수역,2026-09-03 06:00:00,2026-09-03 07:00:00,fare,outside|wd,5,"[108, 25, 13, 24, 12]","[25, 13, 24, 12, 108]","[25, 13, 24, 12, 108]",1,1,1,0,0,1,0,1,21,0,99.15966386554622,51.69491525423729,51.69491525423729,0.9821456159881309,0.0007541669402473395
1,60,석수역,2026-09-03 08:00:00,2026-09-03 09:00:00,walk,operating|wd,5,"[108, 25, 12, 13, 24]","[25, 12, 13, 24, 108]","[25, 12, 13, 24, 108]",1,1,1,0,0,1,0,1,21,0,99.15966386554622,32.20338983050848,32.20338983050848,0.977721680727448,0.0003972832188500333
1,60,석수역,2026-09-03 08:00:00,2026-09-03 09:00:00,fare,operating|wd,5,"[108, 25, 12, 13, 24]","[25, 12, 13, 24, 108]","[25, 12, 13, 24, 108]",1,1,1,0,0,1,0,1,21,0,99.15966386554622,32.20338983050848,32.20338983050848,0.977721680727448,0.0003972832188500333
1,60,석수역,2026-09-03 10:00:00,2026-09-03 11:00:00,walk,operating|wd,5,"[108, 25, 12, 13, 24]","[108, 25, 12, 13, 24]","[108, 25, 12, 13, 24]",0,0,0,0,0,0,0,0,0,0,42.857142857142854,42.857142857142854,42.857142857142854,0.003935243106563459,0.003935243106563459
1,60,석수역,2026-09-03 10:00:00,2026-09-03 11:00:00,fare,operating|wd,5,"[108, 25, 12, 13, 24]","[108, 25, 12, 13, 24]","[108, 25, 12, 13, 24]",0,0,0,0,0,0,0,0,0,0,42.857142857142854,42.857142857142854,42.857142857142854,0.003935243106563459,0.003935243106563459
1,60,석수역,2026-09-03 12:00:00,2026-09-03 13:00:00,walk,operating|wd,5,"[108, 25, 12, 13, 24]","[108, 25, 12, 13, 24]","[108, 25, 12, 13, 24]",0,0,0,0,0,0,0,0,0,0,48.739495798319325,48.739495798319325,48.739495798319325,0.0015961736258346638,0.0015961736258346638
1,60,석수역,2026-09-03 12:00:00,2026-09-03 13:00:00,fare,operating|wd,5,"[108, 25, 12, 13, 24]","[108, 25, 12, 13, 24]","[108, 25, 12, 13, 24]",0,0,0,0,0,0,0,0,0,0,48.739495798319325,48.739495798319325,48.739495798319325,0.0015961736258346638,0.0015961736258346638
1,60,석수역,2026-09-03 14:00:00,2026-09-03 15:00:00,walk,operating|wd,5,"[108, 25, 12, 13, 24]","[108, 25, 12, 13, 24]","[108, 25, 12, 13, 24]",0,0,0,0,0,0,0,0,0,0,43.69747899159664,43.69747899159664,43.69747899159664,0.0026156354199457403,0.0026156354199457403
1,60,석수역,2026-09-03 14:00:00,2026-09-03 15:00:00,fare,operating|wd,5,"[108, 25, 12, 13, 24]","[108, 25, 12, 13, 24]","[108, 25, 12, 13, 24]",0,0,0,0,0,0,0,0,0,0,43.69747899159664,43.69747899159664,43.69747899159664,0.0026156354199457403,0.0026156354199457403
1,60,석수역,2026-09-03 16:00:00,2026-09-03 17:00:00,walk,outside|wd,5,"[108, 25, 12, 13, 24]","[108, 25, 12, 13, 24]","[108, 25, 12, 13, 24]",0,0,1,1,1,0,0,0,0,0,94.95798319327731,94.95798319327731,94.95798319327731,0.08512873699382952,0.08512873699382952
1,60,석수역,2026-09-03 16:00:00,2026-09-03 17:00:00,fare,outside|wd,5,"[108, 25, 13, 24, 12]","[108, 25, 13, 24, 12]","[108, 25, 13, 24, 12]",0,0,1,1,1,0,0,0,0,0,94.95798319327731,94.95798319327731,94.95798319327731,0.08512873699382952,0.08512873699382952
1,60,석수역,2026-09-03 18:00:00,2026-09-03 19:00:00,walk,outside|wd,5,"[108, 25, 12, 13, 24]","[25, 12, 13, 24, 108]","[25, 12, 13, 24, 108]",1,1,1,0,0,1,0,1,21,0,94.95798319327731,5.084745762711864,5.084745762711864,0.9610830563096465,0.0006235468038487407
1,60,석수역,2026-09-03 18:00:00,2026-09-03 19:00:00,fare,outside|wd,5,"[108, 25, 13, 24, 12]","[25, 13, 24, 12, 108]","[25, 13, 24, 12, 108]",1,1,1,0,0,1,0,1,21,0,94.95798319327731,5.084745762711864,5.084745762711864,0.9610830563096465,0.0006235468038487407
1,60,석수역,2026-09-03 20:00:00,2026-09-03 21:00:00,walk,outside|wd,5,"[108, 25, 12, 13, 24]","[25, 12, 13, 24, 108]","[25, 12, 13, 24, 108]",1,1,1,0,0,1,0,1,21,0,94.95798319327731,53.389830508474574,53.389830508474574,0.8504673855371487,0.0003893195690344584
1,60,석수역,2026-09-03 20:00:00,2026-09-03 21:00:00,fare,outside|wd,5,"[108, 25, 13, 24, 12]","[25, 13, 24, 12, 108]","[25, 13, 24, 12, 108]",1,1,1,0,0,1,0,1,21,0,94.95798319327731,53.389830508474574,53.389830508474574,0.8504673855371487,0.0003893195690344584
1,60,범계역,2026-09-03 12:00:00,2026-09-03 13:00:00,walk,operating|wd,25,"[16, 81, 241, 56, 261, 262, 30, 401, 183, 39, 182, 31, 161, 201, 42, 23, 165, 461, 166, 82, 40, 162, 521, 167, 163]","[16, 81, 241, 56, 261, 262, 30, 401, 183, 39, 182, 31, 161, 201, 42, 23, 165, 461, 166, 82, 40, 162, 521, 167, 163]","[16, 81, 241, 56, 261, 262, 30, 401, 183, 39, 182, 31, 161, 201, 42, 23, 165, 461, 166, 82, 40, 162, 521, 167, 163]",0,0,0,0,0,0,0,0,0,0,11.601513240857503,11.601513240857503,11.601513240857503,0.00030770577265497225,0.00030770577265497225
1,60,범계역,2026-09-03 12:00:00,2026-09-03 13:00:00,fare,operating|wd,25,"[16, 30, 401, 201, 42, 82, 521, 81, 241, 56, 261, 262, 183, 39, 182, 31, 23, 461, 40, 161, 165, 166, 162, 167, 163]","[16, 30, 401, 201, 42, 82, 521, 81, 241, 56, 261, 262, 183, 39, 182, 31, 23, 461, 40, 161, 165, 166, 162, 167, 163]","[16, 30, 401, 201, 42, 82, 521, 81, 241, 56, 261, 262, 183, 39, 182, 31, 23, 461, 40, 161, 165, 166, 162, 167, 163]",0,0,0,0,0,0,0,0,0,0,11.601513240857503,11.601513240857503,11.601513240857503,0.00030770577265497225,0.00030770577265497225
1,60,범계역,2026-09-03 14:00:00,2026-09-03 15:00:00,walk,operating|wd,25,"[16, 81, 241, 56, 261, 262, 30, 401, 183, 39, 182, 31, 161, 201, 42, 23, 165, 461, 166, 82, 40, 162, 521, 167, 163]","[16, 81, 241, 56, 261, 262, 30, 401, 183, 39, 182, 31, 161, 201, 42, 23, 165, 461, 166, 82, 40, 162, 521, 167, 163]","[16, 81, 241, 56, 261, 262, 30, 401, 183, 39, 182, 31, 161, 201, 42, 23, 165, 461, 166, 82, 40, 162, 521, 167, 163]",0,0,0,0,0,0,0,0,0,0,14.501891551071878,14.501891551071878,14.501891551071878,0.00034561143874726634,0.00034561143874726634
1,60,범계역,2026-09-03 14:00:00,2026-09-03 15:00:00,fare,operating|wd,25,"[16, 30, 401, 201, 42, 82, 521, 81, 241, 56, 261, 262, 183, 39, 182, 31, 23, 461, 40, 161, 165, 166, 162, 167, 163]","[16, 30, 401, 201, 42, 82, 521, 81, 241, 56, 261, 262, 183, 39, 182, 31, 23, 461, 40, 161, 165, 166, 162, 167, 163]","[16, 30, 401, 201, 42, 82, 521, 81, 241, 56, 261, 262, 183, 39, 182, 31, 23, 461, 40, 161, 165, 166, 162, 167, 163]",0,0,0,0,0,0,0,0,0,0,14.501891551071878,14.501891551071878,14.501891551071878,0.00034561143874726634,0.00034561143874726634
1,60,안양역,2026-09-03 10:00:00,2026-09-03 11:00:00,walk,operating|wd,11,"[48, 112, 53, 11, 52, 7, 8, 38, 29, 18, 28]","[48, 112, 53, 11, 52, 7, 8, 38, 29, 18, 28]","[112, 11, 7, 8, 38, 29, 18, 28, 48, 53, 52]",0,0,0,0,0,0,0,0,0,0,33.333333333333336,33.333333333333336,42.666666666666664,0.0035099946269769033,0.0035099946269769033
1,60,안양역,2026-09-03 10:00:00,2026-09-03 11:00:00,fare,operating|wd,11,"[18, 8, 38, 28, 48, 112, 53, 11, 52, 7, 29]","[18, 8, 38, 28, 48, 112, 53, 11, 52, 7, 29]","[18, 8, 38, 28, 112, 11, 7, 29, 48, 53, 52]",0,0,0,0,0,0,0,0,0,0,37.5,37.5,37.5,0.0005177796905438406,0.0005177796905438406
1,60,안양역,2026-09-03 12:00:00,2026-09-03 13:00:00,walk,operating|wd,11,"[48, 112, 53, 11, 52, 7, 8, 38, 29, 18, 28]","[48, 112, 53, 11, 52, 7, 8, 38, 29, 18, 28]","[48, 112, 53, 11, 52, 7, 8, 38, 29, 18, 28]",0,0,0,0,0,0,0,0,0,0,25.0,25.0,25.0,0.0003052390618085099,0.0003052390618085099
1,60,안양역,2026-09-03 12:00:00,2026-09-03 13:00:00,fare,operating|wd,11,"[18, 8, 38, 28, 48, 112, 53, 11, 52, 7, 29]","[18, 8, 38, 28, 48, 112, 53, 11, 52, 7, 29]","[18, 8, 38, 28, 48, 112, 53, 11, 52, 7, 29]",0,0,0,0,0,0,0,0,0,0,39.285714285714285,39.285714285714285,39.285714285714285,0.0005472500308653932,0.0005472500308653932
1,60,평촌역,2026-09-03 12:00:00,2026-09-03 13:00:00,walk,operating|wd,24,"[16, 31, 162, 166, 241, 163, 161, 167, 164, 37, 172, 168, 169, 27, 165, 261, 170, 262, 56, 171, 10, 21, 81, 34]","[16, 31, 162, 166, 241, 163, 161, 167, 164, 37, 172, 168, 169, 27, 165, 261, 170, 262, 56, 10, 21, 81, 34, 171]","[16, 31, 162, 166, 241, 163, 161, 167, 164, 37, 172, 168, 169, 27, 165, 261, 170, 262, 56, 10, 21, 81, 34, 171]",1,0,0,0,0,0,0,0,0,0,11.601513240857503,11.601513240857503,11.601513240857503,0.00030770577265497225,0.00030770577265497225
1,60,평촌역,2026-09-03 12:00:00,2026-09-03 13:00:00,fare,outside|wd,24,"[10, 16, 37, 27, 21, 34, 31, 241, 172, 261, 262, 56, 81, 162, 166, 163, 161, 167, 164, 168, 169, 165, 170, 171]","[10, 16, 37, 27, 21, 34, 31, 241, 172, 261, 262, 56, 81, 162, 166, 163, 161, 167, 164, 168, 169, 165, 170, 171]","[10, 16, 37, 27, 21, 34, 31, 241, 172, 261, 262, 56, 81, 162, 166, 163, 161, 167, 164, 168, 169, 165, 170, 171]",0,0,0,0,0,0,0,0,0,0,53.84615384615385,53.84615384615385,53.84615384615385,0.00303723718727242,0.00303723718727242
1,60,평촌역,2026-09-03 14:00:00,2026-09-03 15:00:00,walk,operating|wd,24,"[16, 31, 162, 166, 241, 163, 161, 167, 164, 37, 172, 168, 169, 27, 165, 261, 170, 262, 56, 171, 10, 21, 81, 34]","[16, 31, 162, 166, 241, 163, 161, 167, 164, 37, 172, 168, 169, 27, 165, 261, 170, 262, 56, 10, 21, 81, 34, 171]","[16, 31, 162, 166, 241, 163, 161, 167, 164, 37, 172, 168, 169, 27, 165, 261, 170, 262, 56, 10, 21, 81, 34, 171]",1,0,0,0,0,0,0,0,0,0,14.501891551071878,14.501891551071878,14.501891551071878,0.00034561143874726634,0.00034561143874726634
1,60,평촌역,2026-09-03 14:00:00,2026-09-03 15:00:00,fare,outside|wd,24,"[10, 16, 37, 27, 21, 34, 31, 241, 172, 261, 262, 56, 81, 162, 166, 163, 161, 167, 164, 168, 169, 165, 170, 171]","[10, 16, 37, 27, 21, 34, 31, 241, 172, 261, 262, 56, 81, 162, 166, 163, 161, 167, 164, 168, 169, 165, 170, 171]","[10, 16, 37, 27, 21, 34, 31, 241, 172, 261, 262, 56, 81, 162, 166, 163, 161, 167, 164, 168, 169, 165, 170, 171]",0,0,0,0,0,0,0,0,0,0,43.40659340659341,43.40659340659341,43.40659340659341,0.0023459315412877107,0.0023459315412877107
1,60,평촌역,2026-09-03 16:00:00,2026-09-03 17:00:00,walk,operating|wd,24,"[16, 31, 162, 166, 241, 163, 161, 167, 164, 37, 172, 168, 169, 27, 165, 261, 170, 262, 56, 171, 10, 21, 81, 34]","[16, 31, 162, 166, 241, 163, 161, 167, 164, 37, 172, 168, 169, 27, 165, 261, 170, 262, 56, 10, 21, 81, 34, 171]","[16, 31, 162, 166, 241, 163, 161, 167, 164, 37, 172, 168, 169, 27, 165, 261, 170, 262, 56, 10, 21, 81, 34, 171]",1,0,0,0,0,0,0,0,0,0,24.84237074401009,24.84237074401009,24.84237074401009,0.0003282256933971817,0.0003282256933971817
1,60,평촌역,2026-09-03 16:00:00,2026-09-03 17:00:00,fare,outside|wd,24,"[10, 81, 16, 37, 27, 21, 34, 31, 241, 172, 261, 262, 56, 162, 166, 163, 161, 167, 164, 168, 169, 165, 170, 171]","[10, 81, 16, 37, 27, 21, 34, 31, 241, 172, 261, 262, 56, 162, 166, 163, 161, 167, 164, 168, 169, 165, 170, 171]","[10, 81, 16, 37, 27, 21, 34, 31, 241, 172, 261, 262, 56, 162, 166, 163, 161, 167, 164, 168, 169, 165, 170, 171]",0,0,0,0,0,0,0,0,0,0,54.94505494505494,54.94505494505494,54.94505494505494,0.0017052446202612504,0.0017052446202612504
1,60,인덕원역,2026-09-03 10:00:00,2026-09-03 11:00:00,walk,outside|wd,7,"[10, 172, 27, 171, 170, 164, 34]","[10, 172, 27, 170, 164, 34, 171]","[10, 172, 27, 170, 164, 34, 171]",1,0,0,0,0,0,0,0,0,0,56.043956043956044,56.043956043956044,56.043956043956044,0.0011144518619731984,0.0011144518619731984
1,60,인덕원역,2026-09-03 10:00:00,2026-09-03 11:00:00,fare,outside|wd,7,"[10, 27, 34, 172, 171, 170, 164]","[10, 27, 34, 172, 170, 164, 171]","[10, 27, 34, 172, 170, 164, 171]",1,0,0,0,0,0,0,0,0,0,56.043956043956044,56.043956043956044,56.043956043956044,0.0011144518619731984,0.0011144518619731984
1,60,인덕원역,2026-09-03 12:00:00,2026-09-03 13:00:00,walk,outside|wd,7,"[10, 172, 27, 171, 170, 164, 34]","[10, 172, 27, 170, 164, 34, 171]","[10, 172, 27, 170, 164, 34, 171]",1,0,0,0,0,0,0,0,0,0,53.84615384615385,53.84615384615385,53.84615384615385,0.00303723718727242,0.00303723718727242
1,60,인덕원역,2026-09-03 12:00:00,2026-09-03 13:00:00,fare,outside|wd,7,"[10, 27, 34, 172, 171, 170, 164]","[10, 27, 34, 172, 170, 164, 171]","[10, 27, 34, 172, 170, 164, 171]",1,0,0,0,0,0,0,0,0,0,53.84615384615385,53.84615384615385,53.84615384615385,0.00303723718727242,0.00303723718727242
1,60,인덕원역,2026-09-03 14:00:00,2026-09-03 15:00:00,walk,outside|wd,7,"[10, 172, 27, 171, 170, 164, 34]","[10, 172, 27, 170, 164, 34, 171]","[10, 172, 27, 170, 164, 34, 171]",1,0,0,0,0,0,0,0,0,0,43.40659340659341,43.40659340659341,43.40659340659341,0.0023459315412877107,0.0023459315412877107
1,60,인덕원역,2026-09-03 14:00:00,2026-09-03 15:00:00,fare,outside|wd,7,"[10, 27, 34, 172, 171, 170, 164]","[10, 27, 34, 172, 170, 164, 171]","[10, 27, 34, 172, 170, 164, 171]",1,0,0,0,0,0,0,0,0,0,43.40659340659341,43.40659340659341,43.40659340659341,0.0023459315412877107,0.0023459315412877107
1,60,인덕원역,2026-09-03 16:00:00,2026-09-03 17:00:00,walk,outside|wd,7,"[10, 172, 27, 171, 170, 164, 34]","[10, 172, 27, 170, 164, 34, 171]","[10, 172, 27, 170, 164, 34, 171]",1,0,0,0,0,0,0,0,0,0,54.94505494505494,54.94505494505494,54.94505494505494,0.0017052446202612504,0.0017052446202612504
1,60,인덕원역,2026-09-03 16:00:00,2026-09-03 17:00:00,fare,outside|wd,7,"[10, 27, 34, 172, 171, 170, 164]","[10, 27, 34, 172, 170, 164, 171]","[10, 27, 34, 172, 170, 164, 171]",1,0,0,0,0,0,0,0,0,0,54.94505494505494,54.94505494505494,54.94505494505494,0.0017052446202612504,0.0017052446202612504
1,120,안양시청,2026-09-03 12:00:00,2026-09-03 14:00:00,walk,operating|wd,25,"[16, 31, 161, 241, 165, 166, 81, 261, 162, 56, 262, 163, 167, 164, 21, 37, 30, 168, 172, 169, 170, 201, 27, 171, 401]","[16, 31, 161, 241, 165, 166, 81, 261, 162, 56, 262, 163, 167, 164, 21, 37, 30, 168, 172, 169, 170, 201, 27, 401, 171]","[16, 31, 161, 241, 165, 166, 81, 261, 162, 56, 262, 163, 167, 164, 21, 37, 30, 168, 172, 169, 170, 201, 27, 401, 171]",1,0,0,0,0,0,0,0,0,0,11.475409836065573,11.475409836065573,11.475409836065573,0.000752557613921265,0.000752557613921265
1,120,안양시청,2026-09-03 12:00:00,2026-09-03 14:00:00,fare,operating|wd,25,"[16, 21, 37, 30, 201, 27, 401, 31, 241, 81, 261, 56, 262, 172, 161, 165, 166, 162, 163, 167, 164, 168, 169, 170, 171]","[16, 21, 37, 30, 201, 27, 401, 31, 241, 81, 261, 56, 262, 172, 161, 165, 166, 162, 163, 167, 164, 168, 169, 170, 171]","[16, 21, 37, 30, 201, 27, 401, 31, 241, 81, 261, 56, 262, 172, 161, 165, 166, 162, 163, 167, 164, 168, 169, 170, 171]",0,0,0,0,0,0,0,0,0,0,11.475409836065573,11.475409836065573,11.475409836065573,0.000752557613921265,0.000752557613921265
1,120,안양시청,2026-09-03 14:00:00,2026-09-03 16:00:00,walk,operating|wd,25,"[16, 31, 161, 241, 165, 166, 81, 261, 162, 56, 262, 163, 167, 164, 21, 37, 30, 168, 172, 169, 170, 201, 27, 171, 401]","[16, 31, 161, 241, 165, 166, 81, 261, 162, 56, 262, 163, 167, 164, 21, 37, 30, 168, 172, 169, 170, 201, 27, 401, 171]","[16, 31, 161, 241, 165, 166, 81, 261, 162, 56, 262, 163, 167, 164, 21, 37, 30, 168, 172, 169, 170, 201, 27, 401, 171]",1,0,0,0,0,0,0,0,0,0,19.167717528373267,19.167717528373267,19.167717528373267,0.0008704724116951139,0.0008704724116951139
1,120,안양시청,2026-09-03 14:00:00,2026-09-03 16:00:00,fare,operating|wd,25,"[16, 21, 37, 30, 201, 27, 401, 31, 241, 81, 261, 56, 262, 172, 161, 165, 166, 162, 163, 167, 164, 168, 169, 170, 171]","[16, 21, 37, 30, 201, 27, 401, 31, 241, 81, 261, 56, 262, 172, 161, 165, 166, 162, 163, 167, 164, 168, 169, 170, 171]","[16, 21, 37, 30, 201, 27, 401, 31, 241, 81, 261, 56, 262, 172, 161, 165, 166, 162, 163, 167, 164, 168, 169, 170, 171]",0,0,0,0,0,0,0,0,0,0,19.167717528373267,19.167717528373267,19.167717528373267,0.0008704724116951139,0.0008704724116951139
1,120,석수역,2026-09-03 06:00:00,2026-09-03 08:00:00,walk,outside|wd,5,"[108, 25, 12, 13, 24]","[25, 12, 13, 24, 108]","[25, 12, 13, 24, 108]",1,1,1,0,0,1,0,1,21,0,99.15966386554622,45.76271186440678,45.76271186440678,0.9847458546780677,0.0011790862616535647
1,120,석수역,2026-09-03 06:00:00,2026-09-03 08:00:00,fare,outside|wd,5,"[108, 25, 13, 24, 12]","[25, 13, 24, 12, 108]","[25, 13, 24, 12, 108]",1,1,1,0,0,1,0,1,21,0,99.15966386554622,45.76271186440678,45.76271186440678,0.9847458546780677,0.0011790862616535647
1,120,석수역,2026-09-03 08:00:00,2026-09-03 10:00:00,walk,operating|wd,5,"[108, 25, 12, 13, 24]","[108, 25, 12, 13, 24]","[25, 12, 13, 24, 108]",0,0,0,0,0,0,0,0,0,0,47.05882352941177,47.05882352941177,17.796610169491526,0.437979013308975,0.437979013308975
1,120,석수역,2026-09-03 08:00:00,2026-09-03 10:00:00,fare,operating|wd,5,"[108, 25, 12, 13, 24]","[108, 25, 12, 13, 24]","[25, 12, 13, 24, 108]",0,0,0,0,0,0,0,0,0,0,47.05882352941177,47.05882352941177,17.796610169491526,0.437979013308975,0.437979013308975
1,120,석수역,2026-09-03 10:00:00,2026-09-03 12:00:00,walk,operating|wd,5,"[108, 25, 12, 13, 24]","[108, 25, 12, 13, 24]","[108, 25, 12, 13, 24]",0,0,0,0,0,0,0,0,0,0,44.53781512605042,44.53781512605042,44.53781512605042,0.0032840505180062904,0.0032840505180062904
1,120,석수역,2026-09-03 10:00:00,2026-09-03 12:00:00,fare,operating|wd,5,"[108, 25, 12, 13, 24]","[108, 25, 12, 13, 24]","[108, 25, 12, 13, 24]",0,0,0,0,0,0,0,0,0,0,44.53781512605042,44.53781512605042,44.53781512605042,0.0032840505180062904,0.0032840505180062904
1,120,석수역,2026-09-03 12:00:00,2026-09-03 14:00:00,walk,operating|wd,5,"[108, 25, 12, 13, 24]","[108, 25, 12, 13, 24]","[108, 25, 12, 13, 24]",0,0,0,0,0,0,0,0,0,0,44.53781512605042,44.53781512605042,44.53781512605042,0.002251806866219878,0.002251806866219878
1,120,석수역,2026-09-03 12:00:00,2026-09-03 14:00:00,fare,operating|wd,5,"[108, 25, 12, 13, 24]","[108, 25, 12, 13, 24]","[108, 25, 12, 13, 24]",0,0,0,0,0,0,0,0,0,0,44.53781512605042,44.53781512605042,44.53781512605042,0.002251806866219878,0.002251806866219878
1,120,석수역,2026-09-03 14:00:00,2026-09-03 16:00:00,walk,operating|wd,5,"[108, 25, 12, 13, 24]","[108, 25, 12, 13, 24]","[108, 25, 12, 13, 24]",0,0,0,0,0,0,0,0,0,0,44.53781512605042,44.53781512605042,44.53781512605042,0.006560538449513221,0.006560538449513221
1,120,석수역,2026-09-03 14:00:00,2026-09-03 16:00:00,fare,operating|wd,5,"[108, 25, 12, 13, 24]","[108, 25, 12, 13, 24]","[108, 25, 12, 13, 24]",0,0,0,0,0,0,0,0,0,0,44.53781512605042,44.53781512605042,44.53781512605042,0.006560538449513221,0.006560538449513221
1,120,석수역,2026-09-03 16:00:00,2026-09-03 18:00:00,walk,outside|wd,5,"[108, 25, 12, 13, 24]","[108, 25, 12, 13, 24]","[108, 25, 12, 13, 24]",0,0,1,1,1,0,0,0,0,0,94.95798319327731,94.95798319327731,94.95798319327731,0.029315181929866416,0.029315181929866416
1,120,석수역,2026-09-03 16:00:00,2026-09-03 18:00:00,fare,outside|wd,5,"[108, 25, 13, 24, 12]","[108, 25, 13, 24, 12]","[108, 25, 13, 24, 12]",0,0,1,1,1,0,0,0,0,0,94.95798319327731,94.95798319327731,94.95798319327731,0.029315181929866416,0.029315181929866416
1,120,석수역,2026-09-03 18:00:00,2026-09-03 20:00:00,walk,outside|wd,5,"[108, 25, 12, 13, 24]","[108, 25, 12, 13, 24]","[25, 12, 13, 24, 108]",0,0,1,1,0,0,0,0,0,0,94.95798319327731,94.95798319327731,11.016949152542374,0.4648128171029924,0.4648128171029924
1,120,석수역,2026-09-03 18:00:00,2026-09-03 20:00:00,fare,outside|wd,5,"[108, 25, 13, 24, 12]","[108, 25, 13, 24, 12]","[25, 13, 24, 12, 108]",0,0,1,1,0,0,0,0,0,0,94.95798319327731,94.95798319327731,11.016949152542374,0.4648128171029924,0.4648128171029924
1,120,석수역,2026-09-03 20:00:00,2026-09-03 22:00:00,walk,outside|wd,5,"[108, 25, 12, 13, 24]","[108, 25, 12, 13, 24]","[25, 12, 13, 24, 108]",0,0,1,1,0,0,0,0,0,0,94.95798319327731,94.95798319327731,54.23728813559322,0.29142354980600294,0.29142354980600294
1,120,석수역,2026-09-03 20:00:00,2026-09-03 22:00:00,fare,outside|wd,5,"[108, 25, 13, 24, 12]","[108, 25, 13, 24, 12]","[25, 13, 24, 12, 108]",0,0,1,1,0,0,0,0,0,0,94.95798319327731,94.95798319327731,54.23728813559322,0.29142354980600294,0.29142354980600294
1,120,범계역,2026-09-03 12:00:00,2026-09-03 14:00:00,walk,operating|wd,25,"[16, 81, 241, 56, 261, 262, 30, 401, 183, 39, 182, 31, 161, 201, 42, 23, 165, 461, 166, 82, 40, 162, 521, 167, 163]","[16, 81, 241, 56, 261, 262, 30, 401, 183, 39, 182, 31, 161, 201, 42, 23, 165, 461, 166, 82, 40, 162, 521, 167, 163]","[16, 81, 241, 56, 261, 262, 30, 401, 183, 39, 182, 31, 161, 201, 42, 23, 165, 461, 166, 82, 40, 162, 521, 167, 163]",0,0,0,0,0,0,0,0,0,0,11.475409836065573,11.475409836065573,11.475409836065573,0.000752557613921265,0.000752557613921265
1,120,범계역,2026-09-03 12:00:00,2026-09-03 14:00:00,fare,operating|wd,25,"[16, 30, 401, 201, 42, 82, 521, 81, 241, 56, 261, 262, 183, 39, 182, 31, 23, 461, 40, 161, 165, 166, 162, 167, 163]","[16, 30, 401, 201, 42, 82, 521, 81, 241, 56, 261, 262, 183, 39, 182, 31, 23, 461, 40, 161, 165, 166, 162, 167, 163]","[16, 30, 401, 201, 42, 82, 521, 81, 241, 56, 261, 262, 183, 39, 182, 31, 23, 461, 40, 161, 165, 166, 162, 167, 163]",0,0,0,0,0,0,0,0,0,0,11.475409836065573,11.475409836065573,11.475409836065573,0.000752557613921265,0.000752557613921265
1,120,안양역,2026-09-03 10:00:00,2026-09-03 12:00:00,walk,operating|wd,11,"[48, 112, 53, 11, 52, 7, 8, 38, 29, 18, 28]","[48, 112, 53, 11, 52, 7, 8, 38, 29, 18, 28]","[112, 11, 7, 8, 38, 29, 18, 28, 48, 53, 52]",0,0,0,0,0,0,0,0,0,0,20.833333333333332,20.833333333333332,13.333333333333334,0.003943059783776111,0.003943059783776111
1,120,안양역,2026-09-03 10:00:00,2026-09-03 12:00:00,fare,operating|wd,11,"[18, 8, 38, 28, 48, 112, 53, 11, 52, 7, 29]","[18, 8, 38, 28, 48, 112, 53, 11, 52, 7, 29]","[18, 8, 38, 28, 112, 11, 7, 29, 48, 53, 52]",0,0,0,0,0,0,0,0,0,0,37.5,37.5,37.5,0.0012791774713609742,0.0012791774713609742
1,120,안양역,2026-09-03 12:00:00,2026-09-03 14:00:00,walk,operating|wd,11,"[48, 112, 53, 11, 52, 7, 8, 38, 29, 18, 28]","[48, 112, 53, 11, 52, 7, 8, 38, 29, 18, 28]","[48, 112, 53, 11, 52, 7, 8, 38, 29, 18, 28]",0,0,0,0,0,0,0,0,0,0,25.0,25.0,25.0,0.0008651711861891244,0.0008651711861891244
1,120,안양역,2026-09-03 12:00:00,2026-09-03 14:00:00,fare,operating|wd,11,"[18, 8, 38, 28, 48, 112, 53, 11, 52, 7, 29]","[18, 8, 38, 28, 48, 112, 53, 11, 52, 7, 29]","[18, 8, 38, 28, 48, 112, 53, 11, 52, 7, 29]",0,0,0,0,0,0,0,0,0,0,39.285714285714285,39.285714285714285,39.285714285714285,0.0007706663489889657,0.0007706663489889657
1,120,평촌역,2026-09-03 12:00:00,2026-09-03 14:00:00,walk,operating|wd,24,"[16, 31, 162, 166, 241, 163, 161, 167, 164, 37, 172, 168, 169, 27, 165, 261, 170, 262, 56, 171, 10, 21, 81, 34]","[16, 31, 162, 166, 241, 163, 161, 167, 164, 37, 172, 168, 169, 27, 165, 261, 170, 262, 56, 10, 21, 81, 34, 171]","[16, 31, 162, 166, 241, 163, 161, 167, 164, 37, 172, 168, 169, 27, 165, 261, 170, 262, 56, 10, 21, 81, 34, 171]",1,0,0,0,0,0,0,0,0,0,11.475409836065573,11.475409836065573,11.475409836065573,0.000752557613921265,0.000752557613921265
1,120,평촌역,2026-09-03 12:00:00,2026-09-03 14:00:00,fare,outside|wd,24,"[10, 16, 37, 27, 21, 34, 31, 241, 172, 261, 262, 56, 81, 162, 166, 163, 161, 167, 164, 168, 169, 165, 170, 171]","[10, 16, 37, 27, 21, 34, 31, 241, 172, 261, 262, 56, 81, 162, 166, 163, 161, 167, 164, 168, 169, 165, 170, 171]","[10, 16, 37, 27, 21, 34, 31, 241, 172, 261, 262, 56, 81, 162, 166, 163, 161, 167, 164, 168, 169, 165, 170, 171]",0,0,0,0,0,0,0,0,0,0,47.252747252747255,47.252747252747255,47.252747252747255,0.003968804693898571,0.003968804693898571
1,120,평촌역,2026-09-03 14:00:00,2026-09-03 16:00:00,walk,operating|wd,24,"[16, 31, 162, 166, 241, 163, 161, 167, 164, 37, 172, 168, 169, 27, 165, 261, 170, 262, 56, 171, 10, 21, 81, 34]","[16, 31, 162, 166, 241, 163, 161, 167, 164, 37, 172, 168, 169, 27, 165, 261, 170, 262, 56, 10, 21, 81, 34, 171]","[16, 31, 162, 166, 241, 163, 161, 167, 164, 37, 172, 168, 169, 27, 165, 261, 170, 262, 56, 10, 21, 81, 34, 171]",1,0,0,0,0,0,0,0,0,0,19.167717528373267,19.167717528373267,19.167717528373267,0.0008704724116951139,0.0008704724116951139
1,120,평촌역,2026-09-03 14:00:00,2026-09-03 16:00:00,fare,outside|wd,24,"[10, 16, 37, 27, 21, 34, 31, 241, 172, 261, 262, 56, 81, 162, 166, 163, 161, 167, 164, 168, 169, 165, 170, 171]","[10, 16, 37, 27, 21, 34, 31, 241, 172, 261, 262, 56, 81, 162, 166, 163, 161, 167, 164, 168, 169, 165, 170, 171]","[10, 16, 37, 27, 21, 34, 31, 241, 172, 261, 262, 56, 81, 162, 166, 163, 161, 167, 164, 168, 169, 165, 170, 171]",0,0,0,0,0,0,0,0,0,0,47.252747252747255,47.252747252747255,47.252747252747255,0.006326955808774644,0.006326955808774644
1,120,인덕원역,2026-09-03 10:00:00,2026-09-03 12:00:00,walk,outside|wd,7,"[10, 172, 27, 171, 170, 164, 34]","[10, 172, 27, 170, 164, 34, 171]","[10, 172, 27, 170, 164, 34, 171]",1,0,0,0,0,0,0,0,0,0,54.395604395604394,54.395604395604394,54.395604395604394,0.004285085346763337,0.004285085346763337
1,120,인덕원역,2026-09-03 10:00:00,2026-09-03 12:00:00,fare,outside|wd,7,"[10, 27, 34, 172, 171, 170, 164]","[10, 27, 34, 172, 170, 164, 171]","[10, 27, 34, 172, 170, 164, 171]",1,0,0,0,0,0,0,0,0,0,54.395604395604394,54.395604395604394,54.395604395604394,0.004285085346763337,0.004285085346763337
1,120,인덕원역,2026-09-03 12:00:00,2026-09-03 14:00:00,walk,outside|wd,7,"[10, 172, 27, 171, 170, 164, 34]","[10, 172, 27, 170, 164, 34, 171]","[10, 172, 27, 170, 164, 34, 171]",1,0,0,0,0,0,0,0,0,0,47.252747252747255,47.252747252747255,47.252747252747255,0.003968804693898571,0.003968804693898571
1,120,인덕원역,2026-09-03 12:00:00,2026-09-03 14:00:00,fare,outside|wd,7,"[10, 27, 34, 172, 171, 170, 164]","[10, 27, 34, 172, 170, 164, 171]","[10, 27, 34, 172, 170, 164, 171]",1,0,0,0,0,0,0,0,0,0,47.252747252747255,47.252747252747255,47.252747252747255,0.003968804693898571,0.003968804693898571
1,120,인덕원역,2026-09-03 14:00:00,2026-09-03 16:00:00,walk,outside|wd,7,"[10, 172, 27, 171, 170, 164, 34]","[10, 172, 27, 170, 164, 34, 171]","[10, 172, 27, 170, 164, 34, 171]",1,0,0,0,0,0,0,0,0,0,47.252747252747255,47.252747252747255,47.252747252747255,0.006326955808774644,0.006326955808774644
1,120,인덕원역,2026-09-03 14:00:00,2026-09-03 16:00:00,fare,outside|wd,7,"[10, 27, 34, 172, 171, 170, 164]","[10, 27, 34, 172, 170, 164, 171]","[10, 27, 34, 172, 170, 164, 171]",1,0,0,0,0,0,0,0,0,0,47.252747252747255,47.252747252747255,47.252747252747255,0.006326955808774644,0.006326955808774644
1,240,안양시청,2026-09-03 12:00:00,2026-09-03 16:00:00,walk,operating|wd,25,"[16, 31, 161, 241, 165, 166, 81, 261, 162, 56, 262, 163, 167, 164, 21, 37, 30, 168, 172, 169, 170, 201, 27, 171, 401]","[16, 31, 161, 241, 165, 166, 81, 261, 162, 56, 262, 163, 167, 164, 21, 37, 30, 168, 172, 169, 170, 201, 27, 401, 171]","[16, 31, 161, 241, 165, 166, 81, 261, 162, 56, 262, 163, 167, 164, 21, 37, 30, 168, 172, 169, 170, 201, 27, 401, 171]",1,0,0,0,0,0,0,0,0,0,19.167717528373267,19.167717528373267,19.167717528373267,0.0012352582894432837,0.0012352582894432837
1,240,안양시청,2026-09-03 12:00:00,2026-09-03 16:00:00,fare,operating|wd,25,"[16, 21, 37, 30, 201, 27, 401, 31, 241, 81, 261, 56, 262, 172, 161, 165, 166, 162, 163, 167, 164, 168, 169, 170, 171]","[16, 21, 37, 30, 201, 27, 401, 31, 241, 81, 261, 56, 262, 172, 161, 165, 166, 162, 163, 167, 164, 168, 169, 170, 171]","[16, 21, 37, 30, 201, 27, 401, 31, 241, 81, 261, 56, 262, 172, 161, 165, 166, 162, 163, 167, 164, 168, 169, 170, 171]",0,0,0,0,0,0,0,0,0,0,19.167717528373267,19.167717528373267,19.167717528373267,0.0012352582894432837,0.0012352582894432837
1,240,석수역,2026-09-03 06:00:00,2026-09-03 10:00:00,walk,operating|wd,5,"[108, 25, 12, 13, 24]","[108, 25, 12, 13, 24]","[25, 12, 13, 24, 108]",0,0,0,0,0,0,0,0,0,0,47.05882352941177,47.05882352941177,17.796610169491526,0.12531393563616597,0.12531393563616597
1,240,석수역,2026-09-03 06:00:00,2026-09-03 10:00:00,fare,operating|wd,5,"[108, 25, 12, 13, 24]","[108, 25, 12, 13, 24]","[25, 12, 13, 24, 108]",0,0,0,0,0,0,0,0,0,0,47.05882352941177,47.05882352941177,17.796610169491526,0.12531393563616597,0.12531393563616597
1,240,석수역,2026-09-03 08:00:00,2026-09-03 12:00:00,walk,operating|wd,5,"[108, 25, 12, 13, 24]","[108, 25, 12, 13, 24]","[25, 12, 13, 24, 108]",0,0,0,0,0,0,0,0,0,0,44.53781512605042,44.53781512605042,11.864406779661017,0.007212948969495077,0.007212948969495077
1,240,석수역,2026-09-03 08:00:00,2026-09-03 12:00:00,fare,operating|wd,5,"[108, 25, 12, 13, 24]","[108, 25, 12, 13, 24]","[25, 12, 13, 24, 108]",0,0,0,0,0,0,0,0,0,0,44.53781512605042,44.53781512605042,11.864406779661017,0.007212948969495077,0.007212948969495077
1,240,석수역,2026-09-03 10:00:00,2026-09-03 14:00:00,walk,operating|wd,5,"[108, 25, 12, 13, 24]","[108, 25, 12, 13, 24]","[108, 25, 12, 13, 24]",0,0,0,0,0,0,0,0,0,0,44.53781512605042,44.53781512605042,44.53781512605042,0.0016499126524523017,0.0016499126524523017
1,240,석수역,2026-09-03 10:00:00,2026-09-03 14:00:00,fare,operating|wd,5,"[108, 25, 12, 13, 24]","[108, 25, 12, 13, 24]","[108, 25, 12, 13, 24]",0,0,0,0,0,0,0,0,0,0,44.53781512605042,44.53781512605042,44.53781512605042,0.0016499126524523017,0.0016499126524523017
1,240,석수역,2026-09-03 12:00:00,2026-09-03 16:00:00,walk,operating|wd,5,"[108, 25, 12, 13, 24]","[108, 25, 12, 13, 24]","[108, 25, 12, 13, 24]",0,0,0,0,0,0,0,0,0,0,44.53781512605042,44.53781512605042,44.53781512605042,0.0034677556876958246,0.0034677556876958246
1,240,석수역,2026-09-03 12:00:00,2026-09-03 16:00:00,fare,operating|wd,5,"[108, 25, 12, 13, 24]","[108, 25, 12, 13, 24]","[108, 25, 12, 13, 24]",0,0,0,0,0,0,0,0,0,0,44.53781512605042,44.53781512605042,44.53781512605042,0.0034677556876958246,0.0034677556876958246
1,240,석수역,2026-09-03 14:00:00,2026-09-03 18:00:00,walk,outside|wd,5,"[108, 25, 12, 13, 24]","[108, 25, 12, 13, 24]","[108, 25, 12, 13, 24]",0,0,1,1,1,0,0,0,0,0,94.95798319327731,94.95798319327731,94.95798319327731,0.03438251213074418,0.03438251213074418
1,240,석수역,2026-09-03 14:00:00,2026-09-03 18:00:00,fare,outside|wd,5,"[108, 25, 13, 24, 12]","[108, 25, 13, 24, 12]","[108, 25, 13, 24, 12]",0,0,1,1,1,0,0,0,0,0,94.95798319327731,94.95798319327731,94.95798319327731,0.03438251213074418,0.03438251213074418
1,240,석수역,2026-09-03 16:00:00,2026-09-03 20:00:00,walk,outside|wd,5,"[108, 25, 12, 13, 24]","[108, 25, 12, 13, 24]","[108, 25, 12, 13, 24]",0,0,1,1,1,0,0,0,0,0,94.95798319327731,94.95798319327731,94.95798319327731,0.030757159930541778,0.030757159930541778
1,240,석수역,2026-09-03 16:00:00,2026-09-03 20:00:00,fare,outside|wd,5,"[108, 25, 13, 24, 12]","[108, 25, 13, 24, 12]","[108, 25, 13, 24, 12]",0,0,1,1,1,0,0,0,0,0,94.95798319327731,94.95798319327731,94.95798319327731,0.030757159930541778,0.030757159930541778
1,240,석수역,2026-09-03 18:00:00,2026-09-03 22:00:00,walk,outside|wd,5,"[108, 25, 12, 13, 24]","[108, 25, 12, 13, 24]","[25, 12, 13, 24, 108]",0,0,1,1,0,0,0,0,0,0,94.95798319327731,94.95798319327731,54.23728813559322,0.36859195049252963,0.36859195049252963
1,240,석수역,2026-09-03 18:00:00,2026-09-03 22:00:00,fare,outside|wd,5,"[108, 25, 13, 24, 12]","[108, 25, 13, 24, 12]","[25, 13, 24, 12, 108]",0,0,1,1,0,0,0,0,0,0,94.95798319327731,94.95798319327731,54.23728813559322,0.36859195049252963,0.36859195049252963
1,240,안양역,2026-09-03 10:00:00,2026-09-03 14:00:00,walk,operating|wd,11,"[48, 112, 53, 11, 52, 7, 8, 38, 29, 18, 28]","[48, 112, 53, 11, 52, 7, 8, 38, 29, 18, 28]","[112, 11, 7, 8, 38, 29, 18, 28, 48, 53, 52]",0,0,0,0,0,0,0,0,0,0,25.0,25.0,21.333333333333332,0.004444654650236192,0.004444654650236192
1,240,안양역,2026-09-03 10:00:00,2026-09-03 14:00:00,fare,operating|wd,11,"[18, 8, 38, 28, 48, 112, 53, 11, 52, 7, 29]","[18, 8, 38, 28, 48, 112, 53, 11, 52, 7, 29]","[18, 8, 38, 28, 112, 11, 7, 29, 48, 53, 52]",0,0,0,0,0,0,0,0,0,0,39.285714285714285,39.285714285714285,39.285714285714285,0.0011037527226550243,0.0011037527226550243
1,240,평촌역,2026-09-03 12:00:00,2026-09-03 16:00:00,walk,operating|wd,24,"[16, 31, 162, 166, 241, 163, 161, 167, 164, 37, 172, 168, 169, 27, 165, 261, 170, 262, 56, 171, 10, 21, 81, 34]","[16, 31, 162, 166, 241, 163, 161, 167, 164, 37, 172, 168, 169, 27, 165, 261, 170, 262, 56, 10, 21, 81, 34, 171]","[16, 31, 162, 166, 241, 163, 161, 167, 164, 37, 172, 168, 169, 27, 165, 261, 170, 262, 56, 10, 21, 81, 34, 171]",1,0,0,0,0,0,0,0,0,0,19.167717528373267,19.167717528373267,19.167717528373267,0.0012352582894432837,0.0012352582894432837
1,240,평촌역,2026-09-03 12:00:00,2026-09-03 16:00:00,fare,outside|wd,24,"[10, 16, 37, 27, 21, 34, 31, 241, 172, 261, 262, 56, 81, 162, 166, 163, 161, 167, 164, 168, 169, 165, 170, 171]","[10, 16, 37, 27, 21, 34, 31, 241, 172, 261, 262, 56, 81, 162, 166, 163, 161, 167, 164, 168, 169, 165, 170, 171]","[10, 16, 37, 27, 21, 34, 31, 241, 172, 261, 262, 56, 81, 162, 166, 163, 161, 167, 164, 168, 169, 165, 170, 171]",0,0,0,0,0,0,0,0,0,0,47.252747252747255,47.252747252747255,47.252747252747255,0.0029889024346208366,0.0029889024346208366
1,240,인덕원역,2026-09-03 10:00:00,2026-09-03 14:00:00,walk,outside|wd,7,"[10, 172, 27, 171, 170, 164, 34]","[10, 172, 27, 170, 164, 34, 171]","[10, 172, 27, 170, 164, 34, 171]",1,0,0,0,0,0,0,0,0,0,47.252747252747255,47.252747252747255,47.252747252747255,0.002826376685089434,0.002826376685089434
1,240,인덕원역,2026-09-03 10:00:00,2026-09-03 14:00:00,fare,outside|wd,7,"[10, 27, 34, 172, 171, 170, 164]","[10, 27, 34, 172, 170, 164, 171]","[10, 27, 34, 172, 170, 164, 171]",1,0,0,0,0,0,0,0,0,0,47.252747252747255,47.252747252747255,47.252747252747255,0.002826376685089434,0.002826376685089434
1,240,인덕원역,2026-09-03 12:00:00,2026-09-03 16:00:00,walk,outside|wd,7,"[10, 172, 27, 171, 170, 164, 34]","[10, 172, 27, 170, 164, 34, 171]","[10, 172, 27, 170, 164, 34, 171]",1,0,0,0,0,0,0,0,0,0,47.252747252747255,47.252747252747255,47.252747252747255,0.0029889024346208366,0.0029889024346208366
1,240,인덕원역,2026-09-03 12:00:00,2026-09-03 16:00:00,fare,outside|wd,7,"[10, 27, 34, 172, 171, 170, 164]","[10, 27, 34, 172, 170, 164, 171]","[10, 27, 34, 172, 170, 164, 171]",1,0,0,0,0,0,0,0,0,0,47.252747252747255,47.252747252747255,47.252747252747255,0.0029889024346208366,0.0029889024346208366
1,360,석수역,2026-09-03 06:00:00,2026-09-03 12:00:00,walk,operating|wd,5,"[108, 25, 12, 13, 24]","[108, 25, 12, 13, 24]","[25, 12, 13, 24, 108]",0,0,0,0,0,0,0,0,0,0,44.53781512605042,44.53781512605042,11.864406779661017,0.08268986299193541,0.08268986299193541
1,360,석수역,2026-09-03 06:00:00,2026-09-03 12:00:00,fare,operating|wd,5,"[108, 25, 12, 13, 24]","[108, 25, 12, 13, 24]","[25, 12, 13, 24, 108]",0,0,0,0,0,0,0,0,0,0,44.53781512605042,44.53781512605042,11.864406779661017,0.08268986299193541,0.08268986299193541
1,360,석수역,2026-09-03 08:00:00,2026-09-03 14:00:00,walk,operating|wd,5,"[108, 25, 12, 13, 24]","[108, 25, 12, 13, 24]","[25, 12, 13, 24, 108]",0,0,0,0,0,0,0,0,0,0,44.53781512605042,44.53781512605042,11.016949152542374,0.005367464545220273,0.005367464545220273
1,360,석수역,2026-09-03 08:00:00,2026-09-03 14:00:00,fare,operating|wd,5,"[108, 25, 12, 13, 24]","[108, 25, 12, 13, 24]","[25, 12, 13, 24, 108]",0,0,0,0,0,0,0,0,0,0,44.53781512605042,44.53781512605042,11.016949152542374,0.005367464545220273,0.005367464545220273
1,360,석수역,2026-09-03 10:00:00,2026-09-03 16:00:00,walk,operating|wd,5,"[108, 25, 12, 13, 24]","[108, 25, 12, 13, 24]","[108, 25, 12, 13, 24]",0,0,0,0,0,0,0,0,0,0,44.53781512605042,44.53781512605042,44.53781512605042,0.0045834133926033705,0.0045834133926033705
1,360,석수역,2026-09-03 10:00:00,2026-09-03 16:00:00,fare,operating|wd,5,"[108, 25, 12, 13, 24]","[108, 25, 12, 13, 24]","[108, 25, 12, 13, 24]",0,0,0,0,0,0,0,0,0,0,44.53781512605042,44.53781512605042,44.53781512605042,0.0045834133926033705,0.0045834133926033705
1,360,석수역,2026-09-03 12:00:00,2026-09-03 18:00:00,walk,outside|wd,5,"[108, 25, 12, 13, 24]","[108, 25, 12, 13, 24]","[108, 25, 12, 13, 24]",0,0,1,1,1,0,0,0,0,0,94.95798319327731,94.95798319327731,94.95798319327731,0.021966480162744398,0.021966480162744398
1,360,석수역,2026-09-03 12:00:00,2026-09-03 18:00:00,fare,outside|wd,5,"[108, 25, 13, 24, 12]","[108, 25, 13, 24, 12]","[108, 25, 13, 24, 12]",0,0,1,1,1,0,0,0,0,0,94.95798319327731,94.95798319327731,94.95798319327731,0.021966480162744398,0.021966480162744398
1,360,석수역,2026-09-03 14:00:00,2026-09-03 20:00:00,walk,outside|wd,5,"[108, 25, 12, 13, 24]","[108, 25, 12, 13, 24]","[108, 25, 12, 13, 24]",0,0,1,1,1,0,0,0,0,0,94.95798319327731,94.95798319327731,94.95798319327731,0.04692555077733908,0.04692555077733908
1,360,석수역,2026-09-03 14:00:00,2026-09-03 20:00:00,fare,outside|wd,5,"[108, 25, 13, 24, 12]","[108, 25, 13, 24, 12]","[108, 25, 13, 24, 12]",0,0,1,1,1,0,0,0,0,0,94.95798319327731,94.95798319327731,94.95798319327731,0.04692555077733908,0.04692555077733908
1,360,석수역,2026-09-03 16:00:00,2026-09-03 22:00:00,walk,outside|wd,5,"[108, 25, 12, 13, 24]","[108, 25, 12, 13, 24]","[108, 25, 12, 13, 24]",0,0,1,1,1,0,0,0,0,0,94.95798319327731,94.95798319327731,94.95798319327731,0.08352431465981253,0.08352431465981253
1,360,석수역,2026-09-03 16:00:00,2026-09-03 22:00:00,fare,outside|wd,5,"[108, 25, 13, 24, 12]","[108, 25, 13, 24, 12]","[108, 25, 13, 24, 12]",0,0,1,1,1,0,0,0,0,0,94.95798319327731,94.95798319327731,94.95798319327731,0.08352431465981253,0.08352431465981253
1,360,인덕원역,2026-09-03 10:00:00,2026-09-03 16:00:00,walk,outside|wd,7,"[10, 172, 27, 171, 170, 164, 34]","[10, 172, 27, 170, 164, 34, 171]","[10, 172, 27, 170, 164, 34, 171]",1,0,0,0,0,0,0,0,0,0,47.252747252747255,47.252747252747255,47.252747252747255,0.003179568255027919,0.003179568255027919
1,360,인덕원역,2026-09-03 10:00:00,2026-09-03 16:00:00,fare,outside|wd,7,"[10, 27, 34, 172, 171, 170, 164]","[10, 27, 34, 172, 170, 164, 171]","[10, 27, 34, 172, 170, 164, 171]",1,0,0,0,0,0,0,0,0,0,47.252747252747255,47.252747252747255,47.252747252747255,0.003179568255027919,0.003179568255027919
2,15,안양시청,2026-09-04 12:00:00,2026-09-04 12:15:00,walk,operating|wd,25,"[16, 31, 161, 241, 165, 166, 81, 261, 162, 56, 262, 163, 167, 164, 21, 37, 30, 168, 172, 169, 170, 201, 27, 171, 401]","[16, 31, 161, 241, 165, 166, 81, 261, 162, 56, 262, 163, 167, 164, 21, 37, 30, 168, 172, 169, 170, 201, 27, 401, 171]","[16, 31, 161, 241, 165, 166, 81, 261, 162, 56, 262, 163, 167, 164, 21, 37, 30, 168, 172, 169, 170, 201, 27, 401, 171]",1,0,0,0,0,0,0,0,0,0,11.097099621689786,11.097099621689786,11.097099621689786,0.0002495761343320323,0.0002495761343320323
2,15,안양시청,2026-09-04 12:00:00,2026-09-04 12:15:00,fare,operating|wd,25,"[16, 21, 37, 30, 201, 27, 401, 31, 241, 81, 261, 56, 262, 172, 161, 165, 166, 162, 163, 167, 164, 168, 169, 170, 171]","[16, 21, 37, 30, 201, 27, 401, 31, 241, 81, 261, 56, 262, 172, 161, 165, 166, 162, 163, 167, 164, 168, 169, 170, 171]","[16, 21, 37, 30, 201, 27, 401, 31, 241, 81, 261, 56, 262, 172, 161, 165, 166, 162, 163, 167, 164, 168, 169, 170, 171]",0,0,0,0,0,0,0,0,0,0,11.097099621689786,11.097099621689786,11.097099621689786,0.0002495761343320323,0.0002495761343320323
2,15,안양시청,2026-09-04 14:00:00,2026-09-04 14:15:00,walk,operating|wd,25,"[16, 31, 161, 241, 165, 166, 81, 261, 162, 56, 262, 163, 167, 164, 21, 37, 30, 168, 172, 169, 170, 201, 27, 171, 401]","[16, 31, 161, 241, 165, 166, 81, 261, 162, 56, 262, 163, 167, 164, 21, 37, 30, 168, 172, 169, 170, 201, 27, 401, 171]","[16, 31, 161, 241, 165, 166, 81, 261, 162, 56, 262, 163, 167, 164, 21, 37, 30, 168, 172, 169, 170, 201, 27, 401, 171]",1,0,0,0,0,0,0,0,0,0,15.510718789407314,15.510718789407314,15.510718789407314,0.00023528379724213844,0.00023528379724213844
2,15,안양시청,2026-09-04 14:00:00,2026-09-04 14:15:00,fare,operating|wd,25,"[16, 21, 37, 30, 201, 27, 401, 31, 241, 81, 261, 56, 262, 172, 161, 165, 166, 162, 163, 167, 164, 168, 169, 170, 171]","[16, 21, 37, 30, 201, 27, 401, 31, 241, 81, 261, 56, 262, 172, 161, 165, 166, 162, 163, 167, 164, 168, 169, 170, 171]","[16, 21, 37, 30, 201, 27, 401, 31, 241, 81, 261, 56, 262, 172, 161, 165, 166, 162, 163, 167, 164, 168, 169, 170, 171]",0,0,0,0,0,0,0,0,0,0,15.510718789407314,15.510718789407314,15.510718789407314,0.00023528379724213844,0.00023528379724213844
2,15,안양시청,2026-09-04 16:00:00,2026-09-04 16:15:00,walk,operating|wd,25,"[16, 31, 161, 241, 165, 166, 81, 261, 162, 56, 262, 163, 167, 164, 21, 37, 30, 168, 172, 169, 170, 201, 27, 171, 401]","[16, 31, 161, 241, 165, 166, 81, 261, 162, 56, 262, 163, 167, 164, 21, 37, 30, 168, 172, 169, 170, 201, 27, 401, 171]","[16, 31, 161, 241, 165, 166, 81, 261, 162, 56, 262, 163, 167, 164, 21, 37, 30, 168, 172, 169, 170, 201, 27, 401, 171]",1,0,0,0,0,0,0,0,0,0,20.302648171500632,20.302648171500632,20.302648171500632,0.00024327258744293972,0.00024327258744293972
2,15,안양시청,2026-09-04 16:00:00,2026-09-04 16:15:00,fare,operating|wd,25,"[16, 21, 37, 30, 201, 27, 401, 81, 31, 241, 261, 56, 262, 172, 161, 165, 166, 162, 163, 167, 164, 168, 169, 170, 171]","[16, 21, 37, 30, 201, 27, 401, 81, 31, 241, 261, 56, 262, 172, 161, 165, 166, 162, 163, 167, 164, 168, 169, 170, 171]","[16, 21, 37, 30, 201, 27, 401, 81, 31, 241, 261, 56, 262, 172, 161, 165, 166, 162, 163, 167, 164, 168, 169, 170, 171]",0,0,0,0,0,0,0,0,0,0,20.302648171500632,20.302648171500632,20.302648171500632,0.00024327258744293972,0.00024327258744293972
2,15,석수역,2026-09-04 06:00:00,2026-09-04 06:15:00,walk,outside|wd,5,"[108, 25, 12, 13, 24]","[25, 12, 13, 24, 108]","[25, 12, 13, 24, 108]",1,1,1,0,0,1,0,1,21,0,99.15966386554622,59.32203389830509,59.32203389830509,0.993841929810904,0.0005789892530693168
2,15,석수역,2026-09-04 06:00:00,2026-09-04 06:15:00,fare,outside|wd,5,"[108, 25, 13, 24, 12]","[25, 13, 24, 12, 108]","[25, 13, 24, 12, 108]",1,1,1,0,0,1,0,1,21,0,99.15966386554622,59.32203389830509,59.32203389830509,0.993841929810904,0.0005789892530693168
2,15,석수역,2026-09-04 08:00:00,2026-09-04 08:15:00,walk,outside|wd,5,"[108, 25, 12, 13, 24]","[25, 12, 13, 24, 108]","[25, 12, 13, 24, 108]",1,1,1,0,0,1,0,1,21,0,98.31932773109244,55.932203389830505,55.932203389830505,0.9967385469533239,0.0006048264737211788
2,15,석수역,2026-09-04 08:00:00,2026-09-04 08:15:00,fare,outside|wd,5,"[108, 25, 13, 24, 12]","[25, 13, 24, 12, 108]","[25, 13, 24, 12, 108]",1,1,1,0,0,1,0,1,21,0,98.31932773109244,55.932203389830505,55.932203389830505,0.9967385469533239,0.0006048264737211788
2,15,석수역,2026-09-04 10:00:00,2026-09-04 10:15:00,walk,operating|wd,5,"[108, 25, 12, 13, 24]","[108, 25, 12, 13, 24]","[108, 25, 12, 13, 24]",0,0,0,0,0,0,0,0,0,0,46.21848739495798,46.21848739495798,46.21848739495798,0.0011092263710016708,0.0011092263710016708
2,15,석수역,2026-09-04 10:00:00,2026-09-04 10:15:00,fare,operating|wd,5,"[108, 25, 12, 13, 24]","[108, 25, 12, 13, 24]","[108, 25, 12, 13, 24]",0,0,0,0,0,0,0,0,0,0,46.21848739495798,46.21848739495798,46.21848739495798,0.0011092263710016708,0.0011092263710016708
2,15,석수역,2026-09-04 12:00:00,2026-09-04 12:15:00,walk,operating|wd,5,"[108, 25, 12, 13, 24]","[108, 25, 12, 13, 24]","[108, 25, 12, 13, 24]",0,0,0,0,0,0,0,0,0,0,42.016806722689076,42.016806722689076,42.016806722689076,0.0006343425101770886,0.0006343425101770886
2,15,석수역,2026-09-04 12:00:00,2026-09-04 12:15:00,fare,operating|wd,5,"[108, 25, 12, 13, 24]","[108, 25, 12, 13, 24]","[108, 25, 12, 13, 24]",0,0,0,0,0,0,0,0,0,0,42.016806722689076,42.016806722689076,42.016806722689076,0.0006343425101770886,0.0006343425101770886
2,15,석수역,2026-09-04 14:00:00,2026-09-04 14:15:00,walk,operating|wd,5,"[108, 25, 12, 13, 24]","[108, 25, 12, 13, 24]","[108, 25, 12, 13, 24]",0,0,0,0,0,0,0,0,0,0,37.81512605042017,37.81512605042017,37.81512605042017,0.0009003600303905267,0.0009003600303905267
2,15,석수역,2026-09-04 14:00:00,2026-09-04 14:15:00,fare,operating|wd,5,"[108, 25, 12, 13, 24]","[108, 25, 12, 13, 24]","[108, 25, 12, 13, 24]",0,0,0,0,0,0,0,0,0,0,37.81512605042017,37.81512605042017,37.81512605042017,0.0009003600303905267,0.0009003600303905267
2,15,석수역,2026-09-04 16:00:00,2026-09-04 16:15:00,walk,operating|wd,5,"[108, 25, 12, 13, 24]","[108, 25, 12, 13, 24]","[108, 25, 12, 13, 24]",0,0,0,0,0,0,0,0,0,0,34.45378151260504,34.45378151260504,34.45378151260504,0.0023358469561981835,0.0023358469561981835
2,15,석수역,2026-09-04 16:00:00,2026-09-04 16:15:00,fare,operating|wd,5,"[108, 25, 13, 24, 12]","[108, 25, 13, 24, 12]","[108, 25, 13, 24, 12]",0,0,0,0,0,0,0,0,0,0,34.45378151260504,34.45378151260504,34.45378151260504,0.0023358469561981835,0.0023358469561981835
2,15,석수역,2026-09-04 18:00:00,2026-09-04 18:15:00,walk,outside|wd,5,"[108, 25, 12, 13, 24]","[108, 25, 12, 13, 24]","[108, 25, 12, 13, 24]",0,0,0,0,0,0,0,0,0,0,85.71428571428571,85.71428571428571,85.71428571428571,0.007274079258247604,0.007274079258247604
2,15,석수역,2026-09-04 18:00:00,2026-09-04 18:15:00,fare,outside|wd,5,"[108, 25, 13, 24, 12]","[108, 25, 13, 24, 12]","[108, 25, 13, 24, 12]",0,0,0,0,0,0,0,0,0,0,85.71428571428571,85.71428571428571,85.71428571428571,0.007274079258247604,0.007274079258247604
2,15,석수역,2026-09-04 20:00:00,2026-09-04 20:15:00,walk,outside|wd,5,"[108, 25, 12, 13, 24]","[108, 25, 12, 13, 24]","[108, 25, 12, 13, 24]",0,0,0,0,0,0,0,0,0,0,85.71428571428571,85.71428571428571,85.71428571428571,0.012832776213186193,0.012832776213186193
2,15,석수역,2026-09-04 20:00:00,2026-09-04 20:15:00,fare,outside|wd,5,"[108, 25, 13, 24, 12]","[108, 25, 13, 24, 12]","[108, 25, 13, 24, 12]",0,0,0,0,0,0,0,0,0,0,85.71428571428571,85.71428571428571,85.71428571428571,0.012832776213186193,0.012832776213186193
2,15,석수역,2026-09-04 22:00:00,2026-09-04 22:15:00,walk,outside|wd,5,"[108, 25, 12, 13, 24]","[25, 12, 13, 24, 108]","[108, 25, 12, 13, 24]",1,1,0,0,0,0,0,0,21,0,89.91596638655462,57.6271186440678,89.91596638655462,0.6189177238692612,0.00037316917909836463
2,15,석수역,2026-09-04 22:00:00,2026-09-04 22:15:00,fare,outside|wd,5,"[108, 25, 13, 24, 12]","[25, 13, 24, 12, 108]","[108, 25, 13, 24, 12]",1,1,0,0,0,0,0,0,21,0,89.91596638655462,57.6271186440678,89.91596638655462,0.6189177238692612,0.00037316917909836463
2,15,범계역,2026-09-04 12:00:00,2026-09-04 12:15:00,walk,operating|wd,25,"[16, 81, 241, 56, 261, 262, 30, 401, 183, 39, 182, 31, 161, 201, 42, 23, 165, 461, 166, 82, 40, 162, 521, 167, 163]","[16, 81, 241, 56, 261, 262, 30, 401, 183, 39, 182, 31, 161, 201, 42, 23, 165, 461, 166, 82, 40, 162, 521, 167, 163]","[16, 81, 241, 56, 261, 262, 30, 401, 183, 39, 182, 31, 161, 201, 42, 23, 165, 461, 166, 82, 40, 162, 521, 167, 163]",0,0,0,0,0,0,0,0,0,0,11.097099621689786,11.097099621689786,11.097099621689786,0.0002495761343320323,0.0002495761343320323
2,15,범계역,2026-09-04 12:00:00,2026-09-04 12:15:00,fare,operating|wd,25,"[16, 30, 401, 201, 42, 82, 521, 81, 241, 56, 261, 262, 183, 39, 182, 31, 23, 461, 40, 161, 165, 166, 162, 167, 163]","[16, 30, 401, 201, 42, 82, 521, 81, 241, 56, 261, 262, 183, 39, 182, 31, 23, 461, 40, 161, 165, 166, 162, 167, 163]","[16, 30, 401, 201, 42, 82, 521, 81, 241, 56, 261, 262, 183, 39, 182, 31, 23, 461, 40, 161, 165, 166, 162, 167, 163]",0,0,0,0,0,0,0,0,0,0,11.097099621689786,11.097099621689786,11.097099621689786,0.0002495761343320323,0.0002495761343320323
2,15,범계역,2026-09-04 14:00:00,2026-09-04 14:15:00,walk,operating|wd,25,"[16, 81, 241, 56, 261, 262, 30, 401, 183, 39, 182, 31, 161, 201, 42, 23, 165, 461, 166, 82, 40, 162, 521, 167, 163]","[16, 81, 241, 56, 261, 262, 30, 401, 183, 39, 182, 31, 161, 201, 42, 23, 165, 461, 166, 82, 40, 162, 521, 167, 163]","[16, 81, 241, 56, 261, 262, 30, 401, 183, 39, 182, 31, 161, 201, 42, 23, 165, 461, 166, 82, 40, 162, 521, 167, 163]",0,0,0,0,0,0,0,0,0,0,15.510718789407314,15.510718789407314,15.510718789407314,0.00023528379724213844,0.00023528379724213844
2,15,범계역,2026-09-04 14:00:00,2026-09-04 14:15:00,fare,operating|wd,25,"[16, 30, 401, 201, 42, 82, 521, 81, 241, 56, 261, 262, 183, 39, 182, 31, 23, 461, 40, 161, 165, 166, 162, 167, 163]","[16, 30, 401, 201, 42, 82, 521, 81, 241, 56, 261, 262, 183, 39, 182, 31, 23, 461, 40, 161, 165, 166, 162, 167, 163]","[16, 30, 401, 201, 42, 82, 521, 81, 241, 56, 261, 262, 183, 39, 182, 31, 23, 461, 40, 161, 165, 166, 162, 167, 163]",0,0,0,0,0,0,0,0,0,0,15.510718789407314,15.510718789407314,15.510718789407314,0.00023528379724213844,0.00023528379724213844
2,15,안양역,2026-09-04 10:00:00,2026-09-04 10:15:00,walk,operating|wd,11,"[48, 112, 53, 11, 52, 7, 8, 38, 29, 18, 28]","[48, 112, 53, 11, 52, 7, 8, 38, 29, 18, 28]","[112, 11, 7, 8, 38, 29, 18, 28, 48, 53, 52]",0,0,0,0,0,0,0,0,0,0,75.0,75.0,58.666666666666664,0.075823752025527,0.075823752025527
2,15,안양역,2026-09-04 10:00:00,2026-09-04 10:15:00,fare,operating|wd,11,"[18, 8, 38, 28, 48, 112, 53, 11, 52, 7, 29]","[18, 8, 38, 28, 48, 112, 53, 11, 52, 7, 29]","[18, 8, 38, 28, 112, 11, 7, 29, 48, 53, 52]",0,0,0,0,0,0,0,0,0,0,35.714285714285715,35.714285714285715,35.714285714285715,0.0003023617399660937,0.0003023617399660937
2,15,안양역,2026-09-04 12:00:00,2026-09-04 12:15:00,walk,operating|wd,11,"[48, 112, 53, 11, 52, 7, 8, 38, 29, 18, 28]","[48, 112, 53, 11, 52, 7, 8, 38, 29, 18, 28]","[48, 112, 53, 11, 52, 7, 8, 38, 29, 18, 28]",0,0,0,0,0,0,0,0,0,0,33.333333333333336,33.333333333333336,33.333333333333336,0.00025310854394002517,0.00025310854394002517
2,15,안양역,2026-09-04 12:00:00,2026-09-04 12:15:00,fare,operating|wd,11,"[18, 8, 38, 28, 48, 112, 53, 11, 52, 7, 29]","[18, 8, 38, 28, 48, 112, 53, 11, 52, 7, 29]","[18, 8, 38, 28, 48, 112, 53, 11, 52, 7, 29]",0,0,0,0,0,0,0,0,0,0,28.571428571428573,28.571428571428573,28.571428571428573,0.0003673468220580636,0.0003673468220580636
2,15,안양역,2026-09-04 14:00:00,2026-09-04 14:15:00,walk,operating|wd,11,"[48, 112, 53, 11, 52, 7, 8, 38, 29, 18, 28]","[48, 112, 53, 11, 52, 7, 8, 38, 29, 18, 28]","[48, 112, 53, 11, 52, 7, 8, 38, 29, 18, 28]",0,0,0,0,0,0,0,0,0,0,33.333333333333336,33.333333333333336,33.333333333333336,0.0005151122110785169,0.0005151122110785169
2,15,안양역,2026-09-04 14:00:00,2026-09-04 14:15:00,fare,operating|wd,11,"[18, 8, 38, 28, 48, 112, 53, 11, 52, 7, 29]","[18, 8, 38, 28, 48, 112, 53, 11, 52, 7, 29]","[18, 8, 38, 28, 48, 112, 53, 11, 52, 7, 29]",0,0,0,0,0,0,0,0,0,0,33.92857142857143,33.92857142857143,33.92857142857143,0.00028220738651402915,0.00028220738651402915
2,15,평촌역,2026-09-04 12:00:00,2026-09-04 12:15:00,walk,operating|wd,24,"[16, 31, 162, 166, 241, 163, 161, 167, 164, 37, 172, 168, 169, 27, 165, 261, 170, 262, 56, 171, 10, 21, 81, 34]","[16, 31, 162, 166, 241, 163, 161, 167, 164, 37, 172, 168, 169, 27, 165, 261, 170, 262, 56, 10, 21, 81, 34, 171]","[16, 31, 162, 166, 241, 163, 161, 167, 164, 37, 172, 168, 169, 27, 165, 261, 170, 262, 56, 10, 21, 81, 34, 171]",1,0,0,0,0,0,0,0,0,0,11.097099621689786,11.097099621689786,11.097099621689786,0.0002495761343320323,0.0002495761343320323
2,15,평촌역,2026-09-04 12:00:00,2026-09-04 12:15:00,fare,outside|wd,24,"[10, 16, 37, 27, 21, 34, 31, 241, 172, 261, 262, 56, 81, 162, 166, 163, 161, 167, 164, 168, 169, 165, 170, 171]","[10, 16, 37, 27, 21, 34, 31, 241, 172, 261, 262, 56, 81, 162, 166, 163, 161, 167, 164, 168, 169, 165, 170, 171]","[10, 16, 37, 27, 21, 34, 31, 241, 172, 261, 262, 56, 81, 162, 166, 163, 161, 167, 164, 168, 169, 165, 170, 171]",0,0,0,0,0,0,0,0,0,0,48.9010989010989,48.9010989010989,48.9010989010989,0.0007218859420374973,0.0007218859420374973
2,15,평촌역,2026-09-04 14:00:00,2026-09-04 14:15:00,walk,operating|wd,24,"[16, 31, 162, 166, 241, 163, 161, 167, 164, 37, 172, 168, 169, 27, 165, 261, 170, 262, 56, 171, 10, 21, 81, 34]","[16, 31, 162, 166, 241, 163, 161, 167, 164, 37, 172, 168, 169, 27, 165, 261, 170, 262, 56, 10, 21, 81, 34, 171]","[16, 31, 162, 166, 241, 163, 161, 167, 164, 37, 172, 168, 169, 27, 165, 261, 170, 262, 56, 10, 21, 81, 34, 171]",1,0,0,0,0,0,0,0,0,0,15.510718789407314,15.510718789407314,15.510718789407314,0.00023528379724213844,0.00023528379724213844
2,15,평촌역,2026-09-04 14:00:00,2026-09-04 14:15:00,fare,outside|wd,24,"[10, 16, 37, 27, 21, 34, 31, 241, 172, 261, 262, 56, 81, 162, 166, 163, 161, 167, 164, 168, 169, 165, 170, 171]","[10, 16, 37, 27, 21, 34, 31, 241, 172, 261, 262, 56, 81, 162, 166, 163, 161, 167, 164, 168, 169, 165, 170, 171]","[10, 16, 37, 27, 21, 34, 31, 241, 172, 261, 262, 56, 81, 162, 166, 163, 161, 167, 164, 168, 169, 165, 170, 171]",0,0,0,0,0,0,0,0,0,0,47.252747252747255,47.252747252747255,47.252747252747255,0.0007014341733853607,0.0007014341733853607
2,15,평촌역,2026-09-04 16:00:00,2026-09-04 16:15:00,walk,operating|wd,24,"[16, 31, 162, 166, 241, 163, 161, 167, 164, 37, 172, 168, 169, 27, 165, 261, 170, 262, 56, 171, 10, 21, 81, 34]","[16, 31, 162, 166, 241, 163, 161, 167, 164, 37, 172, 168, 169, 27, 165, 261, 170, 262, 56, 10, 21, 81, 34, 171]","[16, 31, 162, 166, 241, 163, 161, 167, 164, 37, 172, 168, 169, 27, 165, 261, 170, 262, 56, 10, 21, 81, 34, 171]",1,0,0,0,0,0,0,0,0,0,20.302648171500632,20.302648171500632,20.302648171500632,0.00024327258744293972,0.00024327258744293972
2,15,평촌역,2026-09-04 16:00:00,2026-09-04 16:15:00,fare,outside|wd,24,"[10, 16, 37, 27, 21, 34, 81, 31, 241, 172, 261, 262, 56, 162, 166, 163, 161, 167, 164, 168, 169, 165, 170, 171]","[10, 16, 37, 27, 21, 34, 81, 31, 241, 172, 261, 262, 56, 162, 166, 163, 161, 167, 164, 168, 169, 165, 170, 171]","[10, 16, 37, 27, 21, 34, 81, 31, 241, 172, 261, 262, 56, 162, 166, 163, 161, 167, 164, 168, 169, 165, 170, 171]",0,0,0,0,0,0,0,0,0,0,56.043956043956044,56.043956043956044,56.043956043956044,0.0013218993397917129,0.0013218993397917129
2,15,인덕원역,2026-09-04 10:00:00,2026-09-04 10:15:00,walk,outside|wd,7,"[10, 172, 27, 171, 170, 164, 34]","[10, 172, 27, 170, 164, 34, 171]","[10, 172, 27, 170, 164, 34, 171]",1,0,0,0,0,0,0,0,0,0,59.34065934065934,59.34065934065934,59.34065934065934,0.0005784180976563471,0.0005784180976563471
2,15,인덕원역,2026-09-04 10:00:00,2026-09-04 10:15:00,fare,outside|wd,7,"[10, 27, 34, 172, 171, 170, 164]","[10, 27, 34, 172, 170, 164, 171]","[10, 27, 34, 172, 170, 164, 171]",1,0,0,0,0,0,0,0,0,0,59.34065934065934,59.34065934065934,59.34065934065934,0.0005784180976563471,0.0005784180976563471
2,15,인덕원역,2026-09-04 12:00:00,2026-09-04 12:15:00,walk,outside|wd,7,"[10, 172, 27, 171, 170, 164, 34]","[10, 172, 27, 170, 164, 34, 171]","[10, 172, 27, 170, 164, 34, 171]",1,0,0,0,0,0,0,0,0,0,48.9010989010989,48.9010989010989,48.9010989010989,0.0007218859420374973,0.0007218859420374973
2,15,인덕원역,2026-09-04 12:00:00,2026-09-04 12:15:00,fare,outside|wd,7,"[10, 27, 34, 172, 171, 170, 164]","[10, 27, 34, 172, 170, 164, 171]","[10, 27, 34, 172, 170, 164, 171]",1,0,0,0,0,0,0,0,0,0,48.9010989010989,48.9010989010989,48.9010989010989,0.0007218859420374973,0.0007218859420374973
2,15,인덕원역,2026-09-04 14:00:00,2026-09-04 14:15:00,walk,outside|wd,7,"[10, 172, 27, 171, 170, 164, 34]","[10, 172, 27, 170, 164, 34, 171]","[10, 172, 27, 170, 164, 34, 171]",1,0,0,0,0,0,0,0,0,0,47.252747252747255,47.252747252747255,47.252747252747255,0.0007014341733853607,0.0007014341733853607
2,15,인덕원역,2026-09-04 14:00:00,2026-09-04 14:15:00,fare,outside|wd,7,"[10, 27, 34, 172, 171, 170, 164]","[10, 27, 34, 172, 170, 164, 171]","[10, 27, 34, 172, 170, 164, 171]",1,0,0,0,0,0,0,0,0,0,47.252747252747255,47.252747252747255,47.252747252747255,0.0007014341733853607,0.0007014341733853607
2,15,인덕원역,2026-09-04 16:00:00,2026-09-04 16:15:00,walk,outside|wd,7,"[10, 172, 27, 171, 170, 164, 34]","[10, 172, 27, 170, 164, 34, 171]","[10, 172, 27, 170, 164, 34, 171]",1,0,0,0,0,0,0,0,0,0,56.043956043956044,56.043956043956044,56.043956043956044,0.0013218993397917129,0.0013218993397917129
2,15,인덕원역,2026-09-04 16:00:00,2026-09-04 16:15:00,fare,outside|wd,7,"[10, 27, 34, 172, 171, 170, 164]","[10, 27, 34, 172, 170, 164, 171]","[10, 27, 34, 172, 170, 164, 171]",1,0,0,0,0,0,0,0,0,0,56.043956043956044,56.043956043956044,56.043956043956044,0.0013218993397917129,0.0013218993397917129
2,30,안양시청,2026-09-04 12:00:00,2026-09-04 12:30:00,walk,operating|wd,25,"[16, 31, 161, 241, 165, 166, 81, 261, 162, 56, 262, 163, 167, 164, 21, 37, 30, 168, 172, 169, 170, 201, 27, 171, 401]","[16, 31, 161, 241, 165, 166, 81, 261, 162, 56, 262, 163, 167, 164, 21, 37, 30, 168, 172, 169, 170, 201, 27, 401, 171]","[16, 31, 161, 241, 165, 166, 81, 261, 162, 56, 262, 163, 167, 164, 21, 37, 30, 168, 172, 169, 170, 201, 27, 401, 171]",1,0,0,0,0,0,0,0,0,0,11.349306431273645,11.349306431273645,11.349306431273645,0.00046640780871540905,0.00046640780871540905
2,30,안양시청,2026-09-04 12:00:00,2026-09-04 12:30:00,fare,operating|wd,25,"[16, 21, 37, 30, 201, 27, 401, 31, 241, 81, 261, 56, 262, 172, 161, 165, 166, 162, 163, 167, 164, 168, 169, 170, 171]","[16, 21, 37, 30, 201, 27, 401, 31, 241, 81, 261, 56, 262, 172, 161, 165, 166, 162, 163, 167, 164, 168, 169, 170, 171]","[16, 21, 37, 30, 201, 27, 401, 31, 241, 81, 261, 56, 262, 172, 161, 165, 166, 162, 163, 167, 164, 168, 169, 170, 171]",0,0,0,0,0,0,0,0,0,0,11.349306431273645,11.349306431273645,11.349306431273645,0.00046640780871540905,0.00046640780871540905
2,30,안양시청,2026-09-04 14:00:00,2026-09-04 14:30:00,walk,operating|wd,25,"[16, 31, 161, 241, 165, 166, 81, 261, 162, 56, 262, 163, 167, 164, 21, 37, 30, 168, 172, 169, 170, 201, 27, 171, 401]","[16, 31, 161, 241, 165, 166, 81, 261, 162, 56, 262, 163, 167, 164, 21, 37, 30, 168, 172, 169, 170, 201, 27, 401, 171]","[16, 31, 161, 241, 165, 166, 81, 261, 162, 56, 262, 163, 167, 164, 21, 37, 30, 168, 172, 169, 170, 201, 27, 401, 171]",1,0,0,0,0,0,0,0,0,0,16.77175283732661,16.77175283732661,16.77175283732661,0.00046640780871540905,0.00046640780871540905
2,30,안양시청,2026-09-04 14:00:00,2026-09-04 14:30:00,fare,operating|wd,25,"[16, 21, 37, 30, 201, 27, 401, 31, 241, 81, 261, 56, 262, 172, 161, 165, 166, 162, 163, 167, 164, 168, 169, 170, 171]","[16, 21, 37, 30, 201, 27, 401, 31, 241, 81, 261, 56, 262, 172, 161, 165, 166, 162, 163, 167, 164, 168, 169, 170, 171]","[16, 21, 37, 30, 201, 27, 401, 31, 241, 81, 261, 56, 262, 172, 161, 165, 166, 162, 163, 167, 164, 168, 169, 170, 171]",0,0,0,0,0,0,0,0,0,0,16.77175283732661,16.77175283732661,16.77175283732661,0.00046640780871540905,0.00046640780871540905
2,30,안양시청,2026-09-04 16:00:00,2026-09-04 16:30:00,walk,operating|wd,25,"[16, 31, 161, 241, 165, 166, 81, 261, 162, 56, 262, 163, 167, 164, 21, 37, 30, 168, 172, 169, 170, 201, 27, 171, 401]","[16, 31, 161, 241, 165, 166, 81, 261, 162, 56, 262, 163, 167, 164, 21, 37, 30, 168, 172, 169, 170, 201, 27, 401, 171]","[16, 31, 161, 241, 165, 166, 81, 261, 162, 56, 262, 163, 167, 164, 21, 37, 30, 168, 172, 169, 170, 201, 27, 401, 171]",1,0,0,0,0,0,0,0,0,0,22.194199243379572,22.194199243379572,22.194199243379572,0.0005507446136397212,0.0005507446136397212
2,30,안양시청,2026-09-04 16:00:00,2026-09-04 16:30:00,fare,operating|wd,25,"[81, 16, 21, 37, 30, 201, 27, 401, 31, 241, 261, 56, 262, 172, 161, 165, 166, 162, 163, 167, 164, 168, 169, 170, 171]","[81, 16, 21, 37, 30, 201, 27, 401, 31, 241, 261, 56, 262, 172, 161, 165, 166, 162, 163, 167, 164, 168, 169, 170, 171]","[81, 16, 21, 37, 30, 201, 27, 401, 31, 241, 261, 56, 262, 172, 161, 165, 166, 162, 163, 167, 164, 168, 169, 170, 171]",0,0,0,0,0,0,0,0,0,0,16.666666666666668,16.666666666666668,16.666666666666668,0.0005977549408688496,0.0005977549408688496
2,30,석수역,2026-09-04 06:00:00,2026-09-04 06:30:00,walk,outside|wd,5,"[108, 25, 12, 13, 24]","[25, 12, 13, 24, 108]","[25, 12, 13, 24, 108]",1,1,1,0,0,1,0,1,21,0,99.15966386554622,61.86440677966102,61.86440677966102,0.9937570389449358,0.00046360109228845
2,30,석수역,2026-09-04 06:00:00,2026-09-04 06:30:00,fare,outside|wd,5,"[108, 25, 13, 24, 12]","[25, 13, 24, 12, 108]","[25, 13, 24, 12, 108]",1,1,1,0,0,1,0,1,21,0,99.15966386554622,61.86440677966102,61.86440677966102,0.9937570389449358,0.00046360109228845
2,30,석수역,2026-09-04 08:00:00,2026-09-04 08:30:00,walk,outside|wd,5,"[108, 25, 12, 13, 24]","[25, 12, 13, 24, 108]","[25, 12, 13, 24, 108]",1,1,1,0,0,1,0,1,21,0,97.47899159663865,54.23728813559322,54.23728813559322,0.9913726926543825,0.00047105968805988166
2,30,석수역,2026-09-04 08:00:00,2026-09-04 08:30:00,fare,outside|wd,5,"[108, 25, 13, 24, 12]","[25, 13, 24, 12, 108]","[25, 13, 24, 12, 108]",1,1,1,0,0,1,0,1,21,0,97.47899159663865,54.23728813559322,54.23728813559322,0.9913726926543825,0.00047105968805988166
2,30,석수역,2026-09-04 10:00:00,2026-09-04 10:30:00,walk,operating|wd,5,"[108, 25, 12, 13, 24]","[108, 25, 12, 13, 24]","[108, 25, 12, 13, 24]",0,0,0,0,0,0,0,0,0,0,46.21848739495798,46.21848739495798,46.21848739495798,0.0017273117297394273,0.0017273117297394273
2,30,석수역,2026-09-04 10:00:00,2026-09-04 10:30:00,fare,operating|wd,5,"[108, 25, 12, 13, 24]","[108, 25, 12, 13, 24]","[108, 25, 12, 13, 24]",0,0,0,0,0,0,0,0,0,0,46.21848739495798,46.21848739495798,46.21848739495798,0.0017273117297394273,0.0017273117297394273
2,30,석수역,2026-09-04 12:00:00,2026-09-04 12:30:00,walk,operating|wd,5,"[108, 25, 12, 13, 24]","[108, 25, 12, 13, 24]","[108, 25, 12, 13, 24]",0,0,0,0,0,0,0,0,0,0,39.49579831932773,39.49579831932773,39.49579831932773,0.0014425939253512616,0.0014425939253512616
2,30,석수역,2026-09-04 12:00:00,2026-09-04 12:30:00,fare,operating|wd,5,"[108, 25, 12, 13, 24]","[108, 25, 12, 13, 24]","[108, 25, 12, 13, 24]",0,0,0,0,0,0,0,0,0,0,39.49579831932773,39.49579831932773,39.49579831932773,0.0014425939253512616,0.0014425939253512616
2,30,석수역,2026-09-04 14:00:00,2026-09-04 14:30:00,walk,operating|wd,5,"[108, 25, 12, 13, 24]","[108, 25, 12, 13, 24]","[108, 25, 12, 13, 24]",0,0,0,0,0,0,0,0,0,0,28.571428571428573,28.571428571428573,28.571428571428573,0.002234783485492358,0.002234783485492358
2,30,석수역,2026-09-04 14:00:00,2026-09-04 14:30:00,fare,operating|wd,5,"[108, 25, 12, 13, 24]","[108, 25, 12, 13, 24]","[108, 25, 12, 13, 24]",0,0,0,0,0,0,0,0,0,0,28.571428571428573,28.571428571428573,28.571428571428573,0.002234783485492358,0.002234783485492358
2,30,석수역,2026-09-04 16:00:00,2026-09-04 16:30:00,walk,operating|wd,5,"[108, 25, 12, 13, 24]","[108, 25, 12, 13, 24]","[108, 25, 12, 13, 24]",0,0,0,0,0,0,0,0,0,0,47.05882352941177,47.05882352941177,47.05882352941177,0.0037126766257811034,0.0037126766257811034
2,30,석수역,2026-09-04 16:00:00,2026-09-04 16:30:00,fare,operating|wd,5,"[108, 25, 13, 24, 12]","[108, 25, 13, 24, 12]","[108, 25, 13, 24, 12]",0,0,0,0,0,0,0,0,0,0,47.05882352941177,47.05882352941177,47.05882352941177,0.0037126766257811034,0.0037126766257811034
2,30,석수역,2026-09-04 18:00:00,2026-09-04 18:30:00,walk,outside|wd,5,"[108, 25, 12, 13, 24]","[108, 25, 12, 13, 24]","[108, 25, 12, 13, 24]",0,0,0,0,0,0,0,0,0,0,85.71428571428571,85.71428571428571,85.71428571428571,0.024357867492078897,0.024357867492078897
2,30,석수역,2026-09-04 18:00:00,2026-09-04 18:30:00,fare,outside|wd,5,"[108, 25, 13, 24, 12]","[108, 25, 13, 24, 12]","[108, 25, 13, 24, 12]",0,0,0,0,0,0,0,0,0,0,85.71428571428571,85.71428571428571,85.71428571428571,0.024357867492078897,0.024357867492078897
2,30,석수역,2026-09-04 20:00:00,2026-09-04 20:30:00,walk,outside|wd,5,"[108, 25, 12, 13, 24]","[108, 25, 12, 13, 24]","[108, 25, 12, 13, 24]",0,0,0,0,0,0,0,0,0,0,85.71428571428571,85.71428571428571,85.71428571428571,0.037741721390915355,0.037741721390915355
2,30,석수역,2026-09-04 20:00:00,2026-09-04 20:30:00,fare,outside|wd,5,"[108, 25, 13, 24, 12]","[108, 25, 13, 24, 12]","[108, 25, 13, 24, 12]",0,0,0,0,0,0,0,0,0,0,85.71428571428571,85.71428571428571,85.71428571428571,0.037741721390915355,0.037741721390915355
2,30,석수역,2026-09-04 22:00:00,2026-09-04 22:30:00,walk,outside|wd,5,"[108, 25, 12, 13, 24]","[25, 12, 13, 24, 108]","[108, 25, 12, 13, 24]",1,1,0,0,0,0,0,0,21,0,89.91596638655462,60.16949152542373,89.91596638655462,0.7955238434781573,0.0008281662289662167
2,30,석수역,2026-09-04 22:00:00,2026-09-04 22:30:00,fare,outside|wd,5,"[108, 25, 13, 24, 12]","[25, 13, 24, 12, 108]","[108, 25, 13, 24, 12]",1,1,0,0,0,0,0,0,21,0,89.91596638655462,60.16949152542373,89.91596638655462,0.7955238434781573,0.0008281662289662167
2,30,범계역,2026-09-04 12:00:00,2026-09-04 12:30:00,walk,operating|wd,25,"[16, 81, 241, 56, 261, 262, 30, 401, 183, 39, 182, 31, 161, 201, 42, 23, 165, 461, 166, 82, 40, 162, 521, 167, 163]","[16, 81, 241, 56, 261, 262, 30, 401, 183, 39, 182, 31, 161, 201, 42, 23, 165, 461, 166, 82, 40, 162, 521, 167, 163]","[16, 81, 241, 56, 261, 262, 30, 401, 183, 39, 182, 31, 161, 201, 42, 23, 165, 461, 166, 82, 40, 162, 521, 167, 163]",0,0,0,0,0,0,0,0,0,0,11.349306431273645,11.349306431273645,11.349306431273645,0.00046640780871540905,0.00046640780871540905
2,30,범계역,2026-09-04 12:00:00,2026-09-04 12:30:00,fare,operating|wd,25,"[16, 30, 401, 201, 42, 82, 521, 81, 241, 56, 261, 262, 183, 39, 182, 31, 23, 461, 40, 161, 165, 166, 162, 167, 163]","[16, 30, 401, 201, 42, 82, 521, 81, 241, 56, 261, 262, 183, 39, 182, 31, 23, 461, 40, 161, 165, 166, 162, 167, 163]","[16, 30, 401, 201, 42, 82, 521, 81, 241, 56, 261, 262, 183, 39, 182, 31, 23, 461, 40, 161, 165, 166, 162, 167, 163]",0,0,0,0,0,0,0,0,0,0,11.349306431273645,11.349306431273645,11.349306431273645,0.00046640780871540905,0.00046640780871540905
2,30,범계역,2026-09-04 14:00:00,2026-09-04 14:30:00,walk,operating|wd,25,"[16, 81, 241, 56, 261, 262, 30, 401, 183, 39, 182, 31, 161, 201, 42, 23, 165, 461, 166, 82, 40, 162, 521, 167, 163]","[16, 81, 241, 56, 261, 262, 30, 401, 183, 39, 182, 31, 161, 201, 42, 23, 165, 461, 166, 82, 40, 162, 521, 167, 163]","[16, 81, 241, 56, 261, 262, 30, 401, 183, 39, 182, 31, 161, 201, 42, 23, 165, 461, 166, 82, 40, 162, 521, 167, 163]",0,0,0,0,0,0,0,0,0,0,16.77175283732661,16.77175283732661,16.77175283732661,0.00046640780871540905,0.00046640780871540905
2,30,범계역,2026-09-04 14:00:00,2026-09-04 14:30:00,fare,operating|wd,25,"[16, 30, 401, 201, 42, 82, 521, 81, 241, 56, 261, 262, 183, 39, 182, 31, 23, 461, 40, 161, 165, 166, 162, 167, 163]","[16, 30, 401, 201, 42, 82, 521, 81, 241, 56, 261, 262, 183, 39, 182, 31, 23, 461, 40, 161, 165, 166, 162, 167, 163]","[16, 30, 401, 201, 42, 82, 521, 81, 241, 56, 261, 262, 183, 39, 182, 31, 23, 461, 40, 161, 165, 166, 162, 167, 163]",0,0,0,0,0,0,0,0,0,0,16.77175283732661,16.77175283732661,16.77175283732661,0.00046640780871540905,0.00046640780871540905
2,30,안양역,2026-09-04 10:00:00,2026-09-04 10:30:00,walk,operating|wd,11,"[48, 112, 53, 11, 52, 7, 8, 38, 29, 18, 28]","[48, 112, 53, 11, 52, 7, 8, 38, 29, 18, 28]","[112, 11, 7, 8, 38, 29, 18, 28, 48, 53, 52]",0,0,0,0,0,0,0,0,0,0,58.333333333333336,58.333333333333336,52.0,0.06926401088261318,0.06926401088261318
2,30,안양역,2026-09-04 10:00:00,2026-09-04 10:30:00,fare,operating|wd,11,"[18, 8, 38, 28, 48, 112, 53, 11, 52, 7, 29]","[18, 8, 38, 28, 48, 112, 53, 11, 52, 7, 29]","[18, 8, 38, 28, 112, 11, 7, 29, 48, 53, 52]",0,0,0,0,0,0,0,0,0,0,35.714285714285715,35.714285714285715,35.714285714285715,0.0005216814352880126,0.0005216814352880126
2,30,안양역,2026-09-04 12:00:00,2026-09-04 12:30:00,walk,operating|wd,11,"[48, 112, 53, 11, 52, 7, 8, 38, 29, 18, 28]","[48, 112, 53, 11, 52, 7, 8, 38, 29, 18, 28]","[48, 112, 53, 11, 52, 7, 8, 38, 29, 18, 28]",0,0,0,0,0,0,0,0,0,0,41.666666666666664,41.666666666666664,41.666666666666664,0.00048607285715477434,0.00048607285715477434
2,30,안양역,2026-09-04 12:00:00,2026-09-04 12:30:00,fare,operating|wd,11,"[18, 8, 38, 28, 48, 112, 53, 11, 52, 7, 29]","[18, 8, 38, 28, 48, 112, 53, 11, 52, 7, 29]","[18, 8, 38, 28, 48, 112, 53, 11, 52, 7, 29]",0,0,0,0,0,0,0,0,0,0,30.357142857142858,30.357142857142858,30.357142857142858,0.00046631999161427944,0.00046631999161427944
2,30,안양역,2026-09-04 14:00:00,2026-09-04 14:30:00,walk,operating|wd,11,"[48, 112, 53, 11, 52, 7, 8, 38, 29, 18, 28]","[48, 112, 53, 11, 52, 7, 8, 38, 29, 18, 28]","[48, 112, 53, 11, 52, 7, 8, 38, 29, 18, 28]",0,0,0,0,0,0,0,0,0,0,29.166666666666668,29.166666666666668,29.166666666666668,0.00045887467321975784,0.00045887467321975784
2,30,안양역,2026-09-04 14:00:00,2026-09-04 14:30:00,fare,operating|wd,11,"[18, 8, 38, 28, 48, 112, 53, 11, 52, 7, 29]","[18, 8, 38, 28, 48, 112, 53, 11, 52, 7, 29]","[18, 8, 38, 28, 48, 112, 53, 11, 52, 7, 29]",0,0,0,0,0,0,0,0,0,0,33.92857142857143,33.92857142857143,33.92857142857143,0.00046640780871540905,0.00046640780871540905
2,30,평촌역,2026-09-04 12:00:00,2026-09-04 12:30:00,walk,operating|wd,24,"[16, 31, 162, 166, 241, 163, 161, 167, 164, 37, 172, 168, 169, 27, 165, 261, 170, 262, 56, 171, 10, 21, 81, 34]","[16, 31, 162, 166, 241, 163, 161, 167, 164, 37, 172, 168, 169, 27, 165, 261, 170, 262, 56, 10, 21, 81, 34, 171]","[16, 31, 162, 166, 241, 163, 161, 167, 164, 37, 172, 168, 169, 27, 165, 261, 170, 262, 56, 10, 21, 81, 34, 171]",1,0,0,0,0,0,0,0,0,0,11.349306431273645,11.349306431273645,11.349306431273645,0.00046640780871540905,0.00046640780871540905
2,30,평촌역,2026-09-04 12:00:00,2026-09-04 12:30:00,fare,outside|wd,24,"[10, 16, 37, 27, 21, 34, 31, 241, 172, 261, 262, 56, 81, 162, 166, 163, 161, 167, 164, 168, 169, 165, 170, 171]","[10, 16, 37, 27, 21, 34, 31, 241, 172, 261, 262, 56, 81, 162, 166, 163, 161, 167, 164, 168, 169, 165, 170, 171]","[10, 16, 37, 27, 21, 34, 31, 241, 172, 261, 262, 56, 81, 162, 166, 163, 161, 167, 164, 168, 169, 165, 170, 171]",0,0,0,0,0,0,0,0,0,0,52.1978021978022,52.1978021978022,52.1978021978022,0.0007794076082022912,0.0007794076082022912
2,30,평촌역,2026-09-04 14:00:00,2026-09-04 14:30:00,walk,operating|wd,24,"[16, 31, 162, 166, 241, 163, 161, 167, 164, 37, 172, 168, 169, 27, 165, 261, 170, 262, 56, 171, 10, 21, 81, 34]","[16, 31, 162, 166, 241, 163, 161, 167, 164, 37, 172, 168, 169, 27, 165, 261, 170, 262, 56, 10, 21, 81, 34, 171]","[16, 31, 162, 166, 241, 163, 161, 167, 164, 37, 172, 168, 169, 27, 165, 261, 170, 262, 56, 10, 21, 81, 34, 171]",1,0,0,0,0,0,0,0,0,0,16.77175283732661,16.77175283732661,16.77175283732661,0.00046640780871540905,0.00046640780871540905
2,30,평촌역,2026-09-04 14:00:00,2026-09-04 14:30:00,fare,outside|wd,24,"[10, 16, 37, 27, 21, 34, 31, 241, 172, 261, 262, 56, 81, 162, 166, 163, 161, 167, 164, 168, 169, 165, 170, 171]","[10, 16, 37, 27, 21, 34, 31, 241, 172, 261, 262, 56, 81, 162, 166, 163, 161, 167, 164, 168, 169, 165, 170, 171]","[10, 16, 37, 27, 21, 34, 31, 241, 172, 261, 262, 56, 81, 162, 166, 163, 161, 167, 164, 168, 169, 165, 170, 171]",0,0,0,0,0,0,0,0,0,0,45.05494505494506,45.05494505494506,45.05494505494506,0.0007906531794418517,0.0007906531794418517
2,30,평촌역,2026-09-04 16:00:00,2026-09-04 16:30:00,walk,operating|wd,24,"[16, 31, 162, 166, 241, 163, 161, 167, 164, 37, 172, 168, 169, 27, 165, 261, 170, 262, 56, 171, 10, 21, 81, 34]","[16, 31, 162, 166, 241, 163, 161, 167, 164, 37, 172, 168, 169, 27, 165, 261, 170, 262, 56, 10, 21, 81, 34, 171]","[16, 31, 162, 166, 241, 163, 161, 167, 164, 37, 172, 168, 169, 27, 165, 261, 170, 262, 56, 10, 21, 81, 34, 171]",1,0,0,0,0,0,0,0,0,0,22.194199243379572,22.194199243379572,22.194199243379572,0.0005507446136397212,0.0005507446136397212
2,30,평촌역,2026-09-04 16:00:00,2026-09-04 16:30:00,fare,outside|wd,24,"[10, 81, 16, 37, 27, 21, 34, 31, 241, 172, 261, 262, 56, 162, 166, 163, 161, 167, 164, 168, 169, 165, 170, 171]","[10, 81, 16, 37, 27, 21, 34, 31, 241, 172, 261, 262, 56, 162, 166, 163, 161, 167, 164, 168, 169, 165, 170, 171]","[10, 81, 16, 37, 27, 21, 34, 31, 241, 172, 261, 262, 56, 162, 166, 163, 161, 167, 164, 168, 169, 165, 170, 171]",0,0,0,0,0,0,0,0,0,0,57.142857142857146,57.142857142857146,57.142857142857146,0.0016438432410354918,0.0016438432410354918
2,30,인덕원역,2026-09-04 10:00:00,2026-09-04 10:30:00,walk,outside|wd,7,"[10, 172, 27, 171, 170, 164, 34]","[10, 172, 27, 170, 164, 34, 171]","[10, 172, 27, 170, 164, 34, 171]",1,0,0,0,0,0,0,0,0,0,54.395604395604394,54.395604395604394,54.395604395604394,0.0007437765242780419,0.0007437765242780419
2,30,인덕원역,2026-09-04 10:00:00,2026-09-04 10:30:00,fare,outside|wd,7,"[10, 27, 34, 172, 171, 170, 164]","[10, 27, 34, 172, 170, 164, 171]","[10, 27, 34, 172, 170, 164, 171]",1,0,0,0,0,0,0,0,0,0,54.395604395604394,54.395604395604394,54.395604395604394,0.0007437765242780419,0.0007437765242780419
2,30,인덕원역,2026-09-04 12:00:00,2026-09-04 12:30:00,walk,outside|wd,7,"[10, 172, 27, 171, 170, 164, 34]","[10, 172, 27, 170, 164, 34, 171]","[10, 172, 27, 170, 164, 34, 171]",1,0,0,0,0,0,0,0,0,0,52.1978021978022,52.1978021978022,52.1978021978022,0.0007794076082022912,0.0007794076082022912
2,30,인덕원역,2026-09-04 12:00:00,2026-09-04 12:30:00,fare,outside|wd,7,"[10, 27, 34, 172, 171, 170, 164]","[10, 27, 34, 172, 170, 164, 171]","[10, 27, 34, 172, 170, 164, 171]",1,0,0,0,0,0,0,0,0,0,52.1978021978022,52.1978021978022,52.1978021978022,0.0007794076082022912,0.0007794076082022912
2,30,인덕원역,2026-09-04 14:00:00,2026-09-04 14:30:00,walk,outside|wd,7,"[10, 172, 27, 171, 170, 164, 34]","[10, 172, 27, 170, 164, 34, 171]","[10, 172, 27, 170, 164, 34, 171]",1,0,0,0,0,0,0,0,0,0,45.05494505494506,45.05494505494506,45.05494505494506,0.0007906531794418517,0.0007906531794418517
2,30,인덕원역,2026-09-04 14:00:00,2026-09-04 14:30:00,fare,outside|wd,7,"[10, 27, 34, 172, 171, 170, 164]","[10, 27, 34, 172, 170, 164, 171]","[10, 27, 34, 172, 170, 164, 171]",1,0,0,0,0,0,0,0,0,0,45.05494505494506,45.05494505494506,45.05494505494506,0.0007906531794418517,0.0007906531794418517
2,30,인덕원역,2026-09-04 16:00:00,2026-09-04 16:30:00,walk,outside|wd,7,"[10, 172, 27, 171, 170, 164, 34]","[10, 172, 27, 170, 164, 34, 171]","[10, 172, 27, 170, 164, 34, 171]",1,0,0,0,0,0,0,0,0,0,57.142857142857146,57.142857142857146,57.142857142857146,0.0016438432410354918,0.0016438432410354918
2,30,인덕원역,2026-09-04 16:00:00,2026-09-04 16:30:00,fare,outside|wd,7,"[10, 27, 34, 172, 171, 170, 164]","[10, 27, 34, 172, 170, 164, 171]","[10, 27, 34, 172, 170, 164, 171]",1,0,0,0,0,0,0,0,0,0,57.142857142857146,57.142857142857146,57.142857142857146,0.0016438432410354918,0.0016438432410354918
2,60,안양시청,2026-09-04 12:00:00,2026-09-04 13:00:00,walk,operating|wd,25,"[16, 31, 161, 241, 165, 166, 81, 261, 162, 56, 262, 163, 167, 164, 21, 37, 30, 168, 172, 169, 170, 201, 27, 171, 401]","[16, 31, 161, 241, 165, 166, 81, 261, 162, 56, 262, 163, 167, 164, 21, 37, 30, 168, 172, 169, 170, 201, 27, 401, 171]","[16, 31, 161, 241, 165, 166, 81, 261, 162, 56, 262, 163, 167, 164, 21, 37, 30, 168, 172, 169, 170, 201, 27, 401, 171]",1,0,0,0,0,0,0,0,0,0,10.970996216897856,10.970996216897856,10.970996216897856,0.0004167749722430566,0.0004167749722430566
2,60,안양시청,2026-09-04 12:00:00,2026-09-04 13:00:00,fare,operating|wd,25,"[16, 21, 37, 30, 201, 27, 401, 31, 241, 81, 261, 56, 262, 172, 161, 165, 166, 162, 163, 167, 164, 168, 169, 170, 171]","[16, 21, 37, 30, 201, 27, 401, 31, 241, 81, 261, 56, 262, 172, 161, 165, 166, 162, 163, 167, 164, 168, 169, 170, 171]","[16, 21, 37, 30, 201, 27, 401, 31, 241, 81, 261, 56, 262, 172, 161, 165, 166, 162, 163, 167, 164, 168, 169, 170, 171]",0,0,0,0,0,0,0,0,0,0,10.970996216897856,10.970996216897856,10.970996216897856,0.0004167749722430566,0.0004167749722430566
2,60,안양시청,2026-09-04 14:00:00,2026-09-04 15:00:00,walk,operating|wd,25,"[16, 31, 161, 241, 165, 166, 81, 261, 162, 56, 262, 163, 167, 164, 21, 37, 30, 168, 172, 169, 170, 201, 27, 171, 401]","[16, 31, 161, 241, 165, 166, 81, 261, 162, 56, 262, 163, 167, 164, 21, 37, 30, 168, 172, 169, 170, 201, 27, 401, 171]","[16, 31, 161, 241, 165, 166, 81, 261, 162, 56, 262, 163, 167, 164, 21, 37, 30, 168, 172, 169, 170, 201, 27, 401, 171]",1,0,0,0,0,0,0,0,0,0,17.402269861286253,17.402269861286253,17.402269861286253,0.0003980066367070123,0.0003980066367070123
2,60,안양시청,2026-09-04 14:00:00,2026-09-04 15:00:00,fare,operating|wd,25,"[16, 21, 37, 30, 201, 27, 401, 31, 241, 81, 261, 56, 262, 172, 161, 165, 166, 162, 163, 167, 164, 168, 169, 170, 171]","[16, 21, 37, 30, 201, 27, 401, 31, 241, 81, 261, 56, 262, 172, 161, 165, 166, 162, 163, 167, 164, 168, 169, 170, 171]","[16, 21, 37, 30, 201, 27, 401, 31, 241, 81, 261, 56, 262, 172, 161, 165, 166, 162, 163, 167, 164, 168, 169, 170, 171]",0,0,0,0,0,0,0,0,0,0,17.402269861286253,17.402269861286253,17.402269861286253,0.0003980066367070123,0.0003980066367070123
2,60,안양시청,2026-09-04 16:00:00,2026-09-04 17:00:00,walk,operating|wd,25,"[16, 31, 161, 241, 165, 166, 81, 261, 162, 56, 262, 163, 167, 164, 21, 37, 30, 168, 172, 169, 170, 201, 27, 171, 401]","[16, 31, 161, 241, 165, 166, 81, 261, 162, 56, 262, 163, 167, 164, 21, 37, 30, 168, 172, 169, 170, 201, 27, 401, 171]","[16, 31, 161, 241, 165, 166, 81, 261, 162, 56, 262, 163, 167, 164, 21, 37, 30, 168, 172, 169, 170, 201, 27, 401, 171]",1,0,0,0,0,0,0,0,0,0,28.62547288776797,28.62547288776797,28.62547288776797,0.00041565820391856564,0.00041565820391856564
2,60,안양시청,2026-09-04 16:00:00,2026-09-04 17:00:00,fare,outside|wd,25,"[81, 16, 21, 37, 30, 201, 27, 401, 31, 241, 261, 56, 262, 172, 161, 165, 166, 162, 163, 167, 164, 168, 169, 170, 171]","[81, 16, 21, 37, 30, 201, 27, 401, 31, 241, 261, 56, 262, 172, 161, 165, 166, 162, 163, 167, 164, 168, 169, 170, 171]","[81, 16, 21, 37, 30, 201, 27, 401, 31, 241, 261, 56, 262, 172, 161, 165, 166, 162, 163, 167, 164, 168, 169, 170, 171]",0,0,0,0,0,0,0,0,0,0,9.523809523809524,9.523809523809524,9.523809523809524,0.0004946345233314124,0.0004946345233314124
2,60,석수역,2026-09-04 06:00:00,2026-09-04 07:00:00,walk,outside|wd,5,"[108, 25, 12, 13, 24]","[25, 12, 13, 24, 108]","[25, 12, 13, 24, 108]",1,1,1,0,0,1,0,1,21,0,99.15966386554622,63.559322033898304,63.559322033898304,0.9959178253375129,0.0008934678606034984
2,60,석수역,2026-09-04 06:00:00,2026-09-04 07:00:00,fare,outside|wd,5,"[108, 25, 13, 24, 12]","[25, 13, 24, 12, 108]","[25, 13, 24, 12, 108]",1,1,1,0,0,1,0,1,21,0,99.15966386554622,63.559322033898304,63.559322033898304,0.9959178253375129,0.0008934678606034984
2,60,석수역,2026-09-04 08:00:00,2026-09-04 09:00:00,walk,operating|wd,5,"[108, 25, 12, 13, 24]","[25, 12, 13, 24, 108]","[25, 12, 13, 24, 108]",1,1,1,0,0,1,0,1,21,0,95.7983193277311,47.45762711864407,47.45762711864407,0.913493061602214,0.0006864978598136306
2,60,석수역,2026-09-04 08:00:00,2026-09-04 09:00:00,fare,operating|wd,5,"[108, 25, 12, 13, 24]","[25, 12, 13, 24, 108]","[25, 12, 13, 24, 108]",1,1,1,0,0,1,0,1,21,0,95.7983193277311,47.45762711864407,47.45762711864407,0.913493061602214,0.0006864978598136306
2,60,석수역,2026-09-04 10:00:00,2026-09-04 11:00:00,walk,operating|wd,5,"[108, 25, 12, 13, 24]","[108, 25, 12, 13, 24]","[108, 25, 12, 13, 24]",0,0,0,0,0,0,0,0,0,0,44.53781512605042,44.53781512605042,44.53781512605042,0.0077812384900916185,0.0077812384900916185
2,60,석수역,2026-09-04 10:00:00,2026-09-04 11:00:00,fare,operating|wd,5,"[108, 25, 12, 13, 24]","[108, 25, 12, 13, 24]","[108, 25, 12, 13, 24]",0,0,0,0,0,0,0,0,0,0,44.53781512605042,44.53781512605042,44.53781512605042,0.0077812384900916185,0.0077812384900916185
2,60,석수역,2026-09-04 12:00:00,2026-09-04 13:00:00,walk,operating|wd,5,"[108, 25, 12, 13, 24]","[108, 25, 12, 13, 24]","[108, 25, 12, 13, 24]",0,0,0,0,0,0,0,0,0,0,39.49579831932773,39.49579831932773,39.49579831932773,0.0021138282821245445,0.0021138282821245445
2,60,석수역,2026-09-04 12:00:00,2026-09-04 13:00:00,fare,operating|wd,5,"[108, 25, 12, 13, 24]","[108, 25, 12, 13, 24]","[108, 25, 12, 13, 24]",0,0,0,0,0,0,0,0,0,0,39.49579831932773,39.49579831932773,39.49579831932773,0.0021138282821245445,0.0021138282821245445
2,60,석수역,2026-09-04 14:00:00,2026-09-04 15:00:00,walk,operating|wd,5,"[108, 25, 12, 13, 24]","[108, 25, 12, 13, 24]","[108, 25, 12, 13, 24]",0,0,0,0,0,0,0,0,0,0,29.41176470588235,29.41176470588235,29.41176470588235,0.0037687069001561975,0.0037687069001561975
2,60,석수역,2026-09-04 14:00:00,2026-09-04 15:00:00,fare,operating|wd,5,"[108, 25, 12, 13, 24]","[108, 25, 12, 13, 24]","[108, 25, 12, 13, 24]",0,0,0,0,0,0,0,0,0,0,29.41176470588235,29.41176470588235,29.41176470588235,0.0037687069001561975,0.0037687069001561975
2,60,석수역,2026-09-04 16:00:00,2026-09-04 17:00:00,walk,outside|wd,5,"[108, 25, 12, 13, 24]","[108, 25, 12, 13, 24]","[108, 25, 12, 13, 24]",0,0,0,0,0,0,0,0,0,0,85.71428571428571,85.71428571428571,85.71428571428571,0.01131690755816131,0.01131690755816131
2,60,석수역,2026-09-04 16:00:00,2026-09-04 17:00:00,fare,outside|wd,5,"[108, 25, 13, 24, 12]","[108, 25, 13, 24, 12]","[108, 25, 13, 24, 12]",0,0,0,0,0,0,0,0,0,0,85.71428571428571,85.71428571428571,85.71428571428571,0.01131690755816131,0.01131690755816131
2,60,석수역,2026-09-04 18:00:00,2026-09-04 19:00:00,walk,outside|wd,5,"[108, 25, 12, 13, 24]","[108, 25, 12, 13, 24]","[108, 25, 12, 13, 24]",0,0,0,0,0,0,0,0,0,0,85.71428571428571,85.71428571428571,85.71428571428571,0.03354176849120662,0.03354176849120662
2,60,석수역,2026-09-04 18:00:00,2026-09-04 19:00:00,fare,outside|wd,5,"[108, 25, 13, 24, 12]","[108, 25, 13, 24, 12]","[108, 25, 13, 24, 12]",0,0,0,0,0,0,0,0,0,0,85.71428571428571,85.71428571428571,85.71428571428571,0.03354176849120662,0.03354176849120662
2,60,석수역,2026-09-04 20:00:00,2026-09-04 21:00:00,walk,outside|wd,5,"[108, 25, 12, 13, 24]","[108, 25, 12, 13, 24]","[108, 25, 12, 13, 24]",0,0,0,0,0,0,0,0,0,0,85.71428571428571,85.71428571428571,85.71428571428571,0.07507999895926025,0.07507999895926025
2,60,석수역,2026-09-04 20:00:00,2026-09-04 21:00:00,fare,outside|wd,5,"[108, 25, 13, 24, 12]","[108, 25, 13, 24, 12]","[108, 25, 13, 24, 12]",0,0,0,0,0,0,0,0,0,0,85.71428571428571,85.71428571428571,85.71428571428571,0.07507999895926025,0.07507999895926025
2,60,범계역,2026-09-04 12:00:00,2026-09-04 13:00:00,walk,operating|wd,25,"[16, 81, 241, 56, 261, 262, 30, 401, 183, 39, 182, 31, 161, 201, 42, 23, 165, 461, 166, 82, 40, 162, 521, 167, 163]","[16, 81, 241, 56, 261, 262, 30, 401, 183, 39, 182, 31, 161, 201, 42, 23, 165, 461, 166, 82, 40, 162, 521, 167, 163]","[16, 81, 241, 56, 261, 262, 30, 401, 183, 39, 182, 31, 161, 201, 42, 23, 165, 461, 166, 82, 40, 162, 521, 167, 163]",0,0,0,0,0,0,0,0,0,0,10.970996216897856,10.970996216897856,10.970996216897856,0.0004167749722430566,0.0004167749722430566
2,60,범계역,2026-09-04 12:00:00,2026-09-04 13:00:00,fare,operating|wd,25,"[16, 30, 401, 201, 42, 82, 521, 81, 241, 56, 261, 262, 183, 39, 182, 31, 23, 461, 40, 161, 165, 166, 162, 167, 163]","[16, 30, 401, 201, 42, 82, 521, 81, 241, 56, 261, 262, 183, 39, 182, 31, 23, 461, 40, 161, 165, 166, 162, 167, 163]","[16, 30, 401, 201, 42, 82, 521, 81, 241, 56, 261, 262, 183, 39, 182, 31, 23, 461, 40, 161, 165, 166, 162, 167, 163]",0,0,0,0,0,0,0,0,0,0,10.970996216897856,10.970996216897856,10.970996216897856,0.0004167749722430566,0.0004167749722430566
2,60,범계역,2026-09-04 14:00:00,2026-09-04 15:00:00,walk,operating|wd,25,"[16, 81, 241, 56, 261, 262, 30, 401, 183, 39, 182, 31, 161, 201, 42, 23, 165, 461, 166, 82, 40, 162, 521, 167, 163]","[16, 81, 241, 56, 261, 262, 30, 401, 183, 39, 182, 31, 161, 201, 42, 23, 165, 461, 166, 82, 40, 162, 521, 167, 163]","[16, 81, 241, 56, 261, 262, 30, 401, 183, 39, 182, 31, 161, 201, 42, 23, 165, 461, 166, 82, 40, 162, 521, 167, 163]",0,0,0,0,0,0,0,0,0,0,17.402269861286253,17.402269861286253,17.402269861286253,0.0003980066367070123,0.0003980066367070123
2,60,범계역,2026-09-04 14:00:00,2026-09-04 15:00:00,fare,operating|wd,25,"[16, 30, 401, 201, 42, 82, 521, 81, 241, 56, 261, 262, 183, 39, 182, 31, 23, 461, 40, 161, 165, 166, 162, 167, 163]","[16, 30, 401, 201, 42, 82, 521, 81, 241, 56, 261, 262, 183, 39, 182, 31, 23, 461, 40, 161, 165, 166, 162, 167, 163]","[16, 30, 401, 201, 42, 82, 521, 81, 241, 56, 261, 262, 183, 39, 182, 31, 23, 461, 40, 161, 165, 166, 162, 167, 163]",0,0,0,0,0,0,0,0,0,0,17.402269861286253,17.402269861286253,17.402269861286253,0.0003980066367070123,0.0003980066367070123
2,60,안양역,2026-09-04 10:00:00,2026-09-04 11:00:00,walk,operating|wd,11,"[48, 112, 53, 11, 52, 7, 8, 38, 29, 18, 28]","[48, 112, 53, 11, 52, 7, 8, 38, 29, 18, 28]","[112, 11, 7, 8, 38, 29, 18, 28, 48, 53, 52]",0,0,0,0,0,0,0,0,0,0,33.333333333333336,33.333333333333336,37.333333333333336,0.012097811240506583,0.012097811240506583
2,60,안양역,2026-09-04 10:00:00,2026-09-04 11:00:00,fare,operating|wd,11,"[18, 8, 38, 28, 48, 112, 53, 11, 52, 7, 29]","[18, 8, 38, 28, 48, 112, 53, 11, 52, 7, 29]","[18, 8, 38, 28, 112, 11, 7, 29, 48, 53, 52]",0,0,0,0,0,0,0,0,0,0,39.285714285714285,39.285714285714285,39.285714285714285,0.0005749515591661074,0.0005749515591661074
2,60,안양역,2026-09-04 12:00:00,2026-09-04 13:00:00,walk,operating|wd,11,"[48, 112, 53, 11, 52, 7, 8, 38, 29, 18, 28]","[48, 112, 53, 11, 52, 7, 8, 38, 29, 18, 28]","[48, 112, 53, 11, 52, 7, 8, 38, 29, 18, 28]",0,0,0,0,0,0,0,0,0,0,25.0,25.0,25.0,0.0004842097845473052,0.0004842097845473052
2,60,안양역,2026-09-04 12:00:00,2026-09-04 13:00:00,fare,operating|wd,11,"[18, 8, 38, 28, 48, 112, 53, 11, 52, 7, 29]","[18, 8, 38, 28, 48, 112, 53, 11, 52, 7, 29]","[18, 8, 38, 28, 48, 112, 53, 11, 52, 7, 29]",0,0,0,0,0,0,0,0,0,0,26.785714285714285,26.785714285714285,26.785714285714285,0.000756873522157764,0.000756873522157764
2,60,평촌역,2026-09-04 12:00:00,2026-09-04 13:00:00,walk,operating|wd,24,"[16, 31, 162, 166, 241, 163, 161, 167, 164, 37, 172, 168, 169, 27, 165, 261, 170, 262, 56, 171, 10, 21, 81, 34]","[16, 31, 162, 166, 241, 163, 161, 167, 164, 37, 172, 168, 169, 27, 165, 261, 170, 262, 56, 10, 21, 81, 34, 171]","[16, 31, 162, 166, 241, 163, 161, 167, 164, 37, 172, 168, 169, 27, 165, 261, 170, 262, 56, 10, 21, 81, 34, 171]",1,0,0,0,0,0,0,0,0,0,10.970996216897856,10.970996216897856,10.970996216897856,0.0004167749722430566,0.0004167749722430566
2,60,평촌역,2026-09-04 12:00:00,2026-09-04 13:00:00,fare,outside|wd,24,"[10, 16, 37, 27, 21, 34, 31, 241, 172, 261, 262, 56, 81, 162, 166, 163, 161, 167, 164, 168, 169, 165, 170, 171]","[10, 16, 37, 27, 21, 34, 31, 241, 172, 261, 262, 56, 81, 162, 166, 163, 161, 167, 164, 168, 169, 165, 170, 171]","[10, 16, 37, 27, 21, 34, 31, 241, 172, 261, 262, 56, 81, 162, 166, 163, 161, 167, 164, 168, 169, 165, 170, 171]",0,0,0,0,0,0,0,0,0,0,59.34065934065934,59.34065934065934,59.34065934065934,0.0034086377258228887,0.0034086377258228887
2,60,평촌역,2026-09-04 14:00:00,2026-09-04 15:00:00,walk,operating|wd,24,"[16, 31, 162, 166, 241, 163, 161, 167, 164, 37, 172, 168, 169, 27, 165, 261, 170, 262, 56, 171, 10, 21, 81, 34]","[16, 31, 162, 166, 241, 163, 161, 167, 164, 37, 172, 168, 169, 27, 165, 261, 170, 262, 56, 10, 21, 81, 34, 171]","[16, 31, 162, 166, 241, 163, 161, 167, 164, 37, 172, 168, 169, 27, 165, 261, 170, 262, 56, 10, 21, 81, 34, 171]",1,0,0,0,0,0,0,0,0,0,17.402269861286253,17.402269861286253,17.402269861286253,0.0003980066367070123,0.0003980066367070123
2,60,평촌역,2026-09-04 14:00:00,2026-09-04 15:00:00,fare,outside|wd,24,"[10, 16, 37, 27, 21, 34, 31, 241, 172, 261, 262, 56, 81, 162, 166, 163, 161, 167, 164, 168, 169, 165, 170, 171]","[10, 16, 37, 27, 21, 34, 31, 241, 172, 261, 262, 56, 81, 162, 166, 163, 161, 167, 164, 168, 169, 165, 170, 171]","[10, 16, 37, 27, 21, 34, 31, 241, 172, 261, 262, 56, 81, 162, 166, 163, 161, 167, 164, 168, 169, 165, 170, 171]",0,0,0,0,0,0,0,0,0,0,46.15384615384615,46.15384615384615,46.15384615384615,0.004510007660615146,0.004510007660615146
2,60,평촌역,2026-09-04 16:00:00,2026-09-04 17:00:00,walk,operating|wd,24,"[16, 31, 162, 166, 241, 163, 161, 167, 164, 37, 172, 168, 169, 27, 165, 261, 170, 262, 56, 171, 10, 21, 81, 34]","[16, 31, 162, 166, 241, 163, 161, 167, 164, 37, 172, 168, 169, 27, 165, 261, 170, 262, 56, 10, 21, 81, 34, 171]","[16, 31, 162, 166, 241, 163, 161, 167, 164, 37, 172, 168, 169, 27, 165, 261, 170, 262, 56, 10, 21, 81, 34, 171]",1,0,0,0,0,0,0,0,0,0,28.62547288776797,28.62547288776797,28.62547288776797,0.00041565820391856564,0.00041565820391856564
2,60,평촌역,2026-09-04 16:00:00,2026-09-04 17:00:00,fare,outside|wd,24,"[10, 81, 16, 37, 27, 21, 34, 31, 241, 172, 261, 262, 56, 162, 166, 163, 161, 167, 164, 168, 169, 165, 170, 171]","[10, 81, 16, 37, 27, 21, 34, 31, 241, 172, 261, 262, 56, 162, 166, 163, 161, 167, 164, 168, 169, 165, 170, 171]","[10, 81, 16, 37, 27, 21, 34, 31, 241, 172, 261, 262, 56, 162, 166, 163, 161, 167, 164, 168, 169, 165, 170, 171]",0,0,0,0,0,0,0,0,0,0,52.1978021978022,52.1978021978022,52.1978021978022,0.010045658496228098,0.010045658496228098
2,60,인덕원역,2026-09-04 10:00:00,2026-09-04 11:00:00,walk,outside|wd,7,"[10, 172, 27, 171, 170, 164, 34]","[10, 172, 27, 170, 164, 34, 171]","[10, 172, 27, 170, 164, 34, 171]",1,0,0,0,0,0,0,0,0,0,57.69230769230769,57.69230769230769,57.69230769230769,0.001865408358486568,0.001865408358486568
2,60,인덕원역,2026-09-04 10:00:00,2026-09-04 11:00:00,fare,outside|wd,7,"[10, 27, 34, 172, 171, 170, 164]","[10, 27, 34, 172, 170, 164, 171]","[10, 27, 34, 172, 170, 164, 171]",1,0,0,0,0,0,0,0,0,0,57.69230769230769,57.69230769230769,57.69230769230769,0.001865408358486568,0.001865408358486568
2,60,인덕원역,2026-09-04 12:00:00,2026-09-04 13:00:00,walk,outside|wd,7,"[10, 172, 27, 171, 170, 164, 34]","[10, 172, 27, 170, 164, 34, 171]","[10, 172, 27, 170, 164, 34, 171]",1,0,0,0,0,0,0,0,0,0,59.34065934065934,59.34065934065934,59.34065934065934,0.0034086377258228887,0.0034086377258228887
2,60,인덕원역,2026-09-04 12:00:00,2026-09-04 13:00:00,fare,outside|wd,7,"[10, 27, 34, 172, 171, 170, 164]","[10, 27, 34, 172, 170, 164, 171]","[10, 27, 34, 172, 170, 164, 171]",1,0,0,0,0,0,0,0,0,0,59.34065934065934,59.34065934065934,59.34065934065934,0.0034086377258228887,0.0034086377258228887
2,60,인덕원역,2026-09-04 14:00:00,2026-09-04 15:00:00,walk,outside|wd,7,"[10, 172, 27, 171, 170, 164, 34]","[10, 172, 27, 170, 164, 34, 171]","[10, 172, 27, 170, 164, 34, 171]",1,0,0,0,0,0,0,0,0,0,46.15384615384615,46.15384615384615,46.15384615384615,0.004510007660615146,0.004510007660615146
2,60,인덕원역,2026-09-04 14:00:00,2026-09-04 15:00:00,fare,outside|wd,7,"[10, 27, 34, 172, 171, 170, 164]","[10, 27, 34, 172, 170, 164, 171]","[10, 27, 34, 172, 170, 164, 171]",1,0,0,0,0,0,0,0,0,0,46.15384615384615,46.15384615384615,46.15384615384615,0.004510007660615146,0.004510007660615146
2,60,인덕원역,2026-09-04 16:00:00,2026-09-04 17:00:00,walk,outside|wd,7,"[10, 172, 27, 171, 170, 164, 34]","[10, 172, 27, 170, 164, 34, 171]","[10, 172, 27, 170, 164, 34, 171]",1,0,0,0,0,0,0,0,0,0,52.1978021978022,52.1978021978022,52.1978021978022,0.010045658496228098,0.010045658496228098
2,60,인덕원역,2026-09-04 16:00:00,2026-09-04 17:00:00,fare,outside|wd,7,"[10, 27, 34, 172, 171, 170, 164]","[10, 27, 34, 172, 170, 164, 171]","[10, 27, 34, 172, 170, 164, 171]",1,0,0,0,0,0,0,0,0,0,52.1978021978022,52.1978021978022,52.1978021978022,0.010045658496228098,0.010045658496228098
2,120,안양시청,2026-09-04 12:00:00,2026-09-04 14:00:00,walk,operating|wd,25,"[16, 31, 161, 241, 165, 166, 81, 261, 162, 56, 262, 163, 167, 164, 21, 37, 30, 168, 172, 169, 170, 201, 27, 171, 401]","[16, 31, 161, 241, 165, 166, 81, 261, 162, 56, 262, 163, 167, 164, 21, 37, 30, 168, 172, 169, 170, 201, 27, 401, 171]","[16, 31, 161, 241, 165, 166, 81, 261, 162, 56, 262, 163, 167, 164, 21, 37, 30, 168, 172, 169, 170, 201, 27, 401, 171]",1,0,0,0,0,0,0,0,0,0,15.636822194199244,15.636822194199244,15.636822194199244,0.0008262361852528013,0.0008262361852528013
2,120,안양시청,2026-09-04 12:00:00,2026-09-04 14:00:00,fare,operating|wd,25,"[16, 21, 37, 30, 201, 27, 401, 31, 241, 81, 261, 56, 262, 172, 161, 165, 166, 162, 163, 167, 164, 168, 169, 170, 171]","[16, 21, 37, 30, 201, 27, 401, 31, 241, 81, 261, 56, 262, 172, 161, 165, 166, 162, 163, 167, 164, 168, 169, 170, 171]","[16, 21, 37, 30, 201, 27, 401, 31, 241, 81, 261, 56, 262, 172, 161, 165, 166, 162, 163, 167, 164, 168, 169, 170, 171]",0,0,0,0,0,0,0,0,0,0,15.636822194199244,15.636822194199244,15.636822194199244,0.0008262361852528013,0.0008262361852528013
2,120,안양시청,2026-09-04 14:00:00,2026-09-04 16:00:00,walk,operating|wd,25,"[16, 31, 161, 241, 165, 166, 81, 261, 162, 56, 262, 163, 167, 164, 21, 37, 30, 168, 172, 169, 170, 201, 27, 171, 401]","[16, 31, 161, 241, 165, 166, 81, 261, 162, 56, 262, 163, 167, 164, 21, 37, 30, 168, 172, 169, 170, 201, 27, 401, 171]","[16, 31, 161, 241, 165, 166, 81, 261, 162, 56, 262, 163, 167, 164, 21, 37, 30, 168, 172, 169, 170, 201, 27, 401, 171]",1,0,0,0,0,0,0,0,0,0,19.419924337957124,19.419924337957124,19.419924337957124,0.0009766764988545732,0.0009766764988545732
2,120,안양시청,2026-09-04 14:00:00,2026-09-04 16:00:00,fare,operating|wd,25,"[16, 21, 37, 30, 201, 27, 401, 31, 241, 81, 261, 56, 262, 172, 161, 165, 166, 162, 163, 167, 164, 168, 169, 170, 171]","[16, 21, 37, 30, 201, 27, 401, 31, 241, 81, 261, 56, 262, 172, 161, 165, 166, 162, 163, 167, 164, 168, 169, 170, 171]","[16, 21, 37, 30, 201, 27, 401, 31, 241, 81, 261, 56, 262, 172, 161, 165, 166, 162, 163, 167, 164, 168, 169, 170, 171]",0,0,0,0,0,0,0,0,0,0,19.419924337957124,19.419924337957124,19.419924337957124,0.0009766764988545732,0.0009766764988545732
2,120,석수역,2026-09-04 06:00:00,2026-09-04 08:00:00,walk,outside|wd,5,"[108, 25, 12, 13, 24]","[25, 12, 13, 24, 108]","[25, 12, 13, 24, 108]",1,1,1,0,0,1,0,1,21,0,99.15966386554622,58.47457627118644,58.47457627118644,0.9947733523418943,0.002565689562048804
2,120,석수역,2026-09-04 06:00:00,2026-09-04 08:00:00,fare,outside|wd,5,"[108, 25, 13, 24, 12]","[25, 13, 24, 12, 108]","[25, 13, 24, 12, 108]",1,1,1,0,0,1,0,1,21,0,99.15966386554622,58.47457627118644,58.47457627118644,0.9947733523418943,0.002565689562048804
2,120,석수역,2026-09-04 08:00:00,2026-09-04 10:00:00,walk,operating|wd,5,"[108, 25, 12, 13, 24]","[108, 25, 12, 13, 24]","[25, 12, 13, 24, 108]",0,0,0,0,0,0,0,0,0,0,45.378151260504204,45.378151260504204,38.13559322033898,0.06053678909153083,0.06053678909153083
2,120,석수역,2026-09-04 08:00:00,2026-09-04 10:00:00,fare,operating|wd,5,"[108, 25, 12, 13, 24]","[108, 25, 12, 13, 24]","[25, 12, 13, 24, 108]",0,0,0,0,0,0,0,0,0,0,45.378151260504204,45.378151260504204,38.13559322033898,0.06053678909153083,0.06053678909153083
2,120,석수역,2026-09-04 10:00:00,2026-09-04 12:00:00,walk,operating|wd,5,"[108, 25, 12, 13, 24]","[108, 25, 12, 13, 24]","[108, 25, 12, 13, 24]",0,0,0,0,0,0,0,0,0,0,42.016806722689076,42.016806722689076,42.016806722689076,0.0071347946522166816,0.0071347946522166816
2,120,석수역,2026-09-04 10:00:00,2026-09-04 12:00:00,fare,operating|wd,5,"[108, 25, 12, 13, 24]","[108, 25, 12, 13, 24]","[108, 25, 12, 13, 24]",0,0,0,0,0,0,0,0,0,0,42.016806722689076,42.016806722689076,42.016806722689076,0.0071347946522166816,0.0071347946522166816
2,120,석수역,2026-09-04 12:00:00,2026-09-04 14:00:00,walk,operating|wd,5,"[108, 25, 12, 13, 24]","[108, 25, 12, 13, 24]","[108, 25, 12, 13, 24]",0,0,0,0,0,0,0,0,0,0,38.65546218487395,38.65546218487395,38.65546218487395,0.002571396940475774,0.002571396940475774
2,120,석수역,2026-09-04 12:00:00,2026-09-04 14:00:00,fare,operating|wd,5,"[108, 25, 12, 13, 24]","[108, 25, 12, 13, 24]","[108, 25, 12, 13, 24]",0,0,0,0,0,0,0,0,0,0,38.65546218487395,38.65546218487395,38.65546218487395,0.002571396940475774,0.002571396940475774
2,120,석수역,2026-09-04 14:00:00,2026-09-04 16:00:00,walk,operating|wd,5,"[108, 25, 12, 13, 24]","[108, 25, 12, 13, 24]","[108, 25, 12, 13, 24]",0,0,0,0,0,0,0,0,0,0,33.61344537815126,33.61344537815126,33.61344537815126,0.003399558309859158,0.003399558309859158
2,120,석수역,2026-09-04 14:00:00,2026-09-04 16:00:00,fare,operating|wd,5,"[108, 25, 12, 13, 24]","[108, 25, 12, 13, 24]","[108, 25, 12, 13, 24]",0,0,0,0,0,0,0,0,0,0,33.61344537815126,33.61344537815126,33.61344537815126,0.003399558309859158,0.003399558309859158
2,120,석수역,2026-09-04 16:00:00,2026-09-04 18:00:00,walk,outside|wd,5,"[108, 25, 12, 13, 24]","[108, 25, 12, 13, 24]","[108, 25, 12, 13, 24]",0,0,0,0,0,0,0,0,0,0,85.71428571428571,85.71428571428571,85.71428571428571,0.0668504132088422,0.0668504132088422
2,120,석수역,2026-09-04 16:00:00,2026-09-04 18:00:00,fare,outside|wd,5,"[108, 25, 13, 24, 12]","[108, 25, 13, 24, 12]","[108, 25, 13, 24, 12]",0,0,0,0,0,0,0,0,0,0,85.71428571428571,85.71428571428571,85.71428571428571,0.0668504132088422,0.0668504132088422
2,120,석수역,2026-09-04 18:00:00,2026-09-04 20:00:00,walk,outside|wd,5,"[108, 25, 12, 13, 24]","[108, 25, 12, 13, 24]","[108, 25, 12, 13, 24]",0,0,0,0,0,0,0,0,0,0,85.71428571428571,85.71428571428571,85.71428571428571,0.18416610927124866,0.18416610927124866
2,120,석수역,2026-09-04 18:00:00,2026-09-04 20:00:00,fare,outside|wd,5,"[108, 25, 13, 24, 12]","[108, 25, 13, 24, 12]","[108, 25, 13, 24, 12]",0,0,0,0,0,0,0,0,0,0,85.71428571428571,85.71428571428571,85.71428571428571,0.18416610927124866,0.18416610927124866
2,120,석수역,2026-09-04 20:00:00,2026-09-04 22:00:00,walk,outside|wd,5,"[108, 25, 12, 13, 24]","[108, 25, 12, 13, 24]","[108, 25, 12, 13, 24]",0,0,0,0,0,0,0,0,0,0,89.91596638655462,89.91596638655462,89.91596638655462,0.20969039407088352,0.20969039407088352
2,120,석수역,2026-09-04 20:00:00,2026-09-04 22:00:00,fare,outside|wd,5,"[108, 25, 13, 24, 12]","[108, 25, 13, 24, 12]","[108, 25, 13, 24, 12]",0,0,0,0,0,0,0,0,0,0,89.91596638655462,89.91596638655462,89.91596638655462,0.20969039407088352,0.20969039407088352
2,120,범계역,2026-09-04 12:00:00,2026-09-04 14:00:00,walk,operating|wd,25,"[16, 81, 241, 56, 261, 262, 30, 401, 183, 39, 182, 31, 161, 201, 42, 23, 165, 461, 166, 82, 40, 162, 521, 167, 163]","[16, 81, 241, 56, 261, 262, 30, 401, 183, 39, 182, 31, 161, 201, 42, 23, 165, 461, 166, 82, 40, 162, 521, 167, 163]","[16, 81, 241, 56, 261, 262, 30, 401, 183, 39, 182, 31, 161, 201, 42, 23, 165, 461, 166, 82, 40, 162, 521, 167, 163]",0,0,0,0,0,0,0,0,0,0,15.636822194199244,15.636822194199244,15.636822194199244,0.0008262361852528013,0.0008262361852528013
2,120,범계역,2026-09-04 12:00:00,2026-09-04 14:00:00,fare,operating|wd,25,"[16, 30, 401, 201, 42, 82, 521, 81, 241, 56, 261, 262, 183, 39, 182, 31, 23, 461, 40, 161, 165, 166, 162, 167, 163]","[16, 30, 401, 201, 42, 82, 521, 81, 241, 56, 261, 262, 183, 39, 182, 31, 23, 461, 40, 161, 165, 166, 162, 167, 163]","[16, 30, 401, 201, 42, 82, 521, 81, 241, 56, 261, 262, 183, 39, 182, 31, 23, 461, 40, 161, 165, 166, 162, 167, 163]",0,0,0,0,0,0,0,0,0,0,15.636822194199244,15.636822194199244,15.636822194199244,0.0008262361852528013,0.0008262361852528013
2,120,안양역,2026-09-04 10:00:00,2026-09-04 12:00:00,walk,operating|wd,11,"[48, 112, 53, 11, 52, 7, 8, 38, 29, 18, 28]","[48, 112, 53, 11, 52, 7, 8, 38, 29, 18, 28]","[112, 11, 7, 8, 38, 29, 18, 28, 48, 53, 52]",0,0,0,0,0,0,0,0,0,0,20.833333333333332,20.833333333333332,6.666666666666667,0.00428192934797656,0.00428192934797656
2,120,안양역,2026-09-04 10:00:00,2026-09-04 12:00:00,fare,operating|wd,11,"[18, 8, 38, 28, 48, 112, 53, 11, 52, 7, 29]","[18, 8, 38, 28, 48, 112, 53, 11, 52, 7, 29]","[18, 8, 38, 28, 112, 11, 7, 29, 48, 53, 52]",0,0,0,0,0,0,0,0,0,0,33.92857142857143,33.92857142857143,33.92857142857143,0.0008655858921527545,0.0008655858921527545
2,120,안양역,2026-09-04 12:00:00,2026-09-04 14:00:00,walk,operating|wd,11,"[48, 112, 53, 11, 52, 7, 8, 38, 29, 18, 28]","[48, 112, 53, 11, 52, 7, 8, 38, 29, 18, 28]","[48, 112, 53, 11, 52, 7, 8, 38, 29, 18, 28]",0,0,0,0,0,0,0,0,0,0,33.333333333333336,33.333333333333336,33.333333333333336,0.0006740740948867583,0.0006740740948867583
2,120,안양역,2026-09-04 12:00:00,2026-09-04 14:00:00,fare,operating|wd,11,"[18, 8, 38, 28, 48, 112, 53, 11, 52, 7, 29]","[18, 8, 38, 28, 48, 112, 53, 11, 52, 7, 29]","[18, 8, 38, 28, 48, 112, 53, 11, 52, 7, 29]",0,0,0,0,0,0,0,0,0,0,30.357142857142858,30.357142857142858,30.357142857142858,0.0008220358664705669,0.0008220358664705669
2,120,평촌역,2026-09-04 12:00:00,2026-09-04 14:00:00,walk,operating|wd,24,"[16, 31, 162, 166, 241, 163, 161, 167, 164, 37, 172, 168, 169, 27, 165, 261, 170, 262, 56, 171, 10, 21, 81, 34]","[16, 31, 162, 166, 241, 163, 161, 167, 164, 37, 172, 168, 169, 27, 165, 261, 170, 262, 56, 10, 21, 81, 34, 171]","[16, 31, 162, 166, 241, 163, 161, 167, 164, 37, 172, 168, 169, 27, 165, 261, 170, 262, 56, 10, 21, 81, 34, 171]",1,0,0,0,0,0,0,0,0,0,15.636822194199244,15.636822194199244,15.636822194199244,0.0008262361852528013,0.0008262361852528013
2,120,평촌역,2026-09-04 12:00:00,2026-09-04 14:00:00,fare,outside|wd,24,"[10, 16, 37, 27, 21, 34, 31, 241, 172, 261, 262, 56, 81, 162, 166, 163, 161, 167, 164, 168, 169, 165, 170, 171]","[10, 16, 37, 27, 21, 34, 31, 241, 172, 261, 262, 56, 81, 162, 166, 163, 161, 167, 164, 168, 169, 165, 170, 171]","[10, 16, 37, 27, 21, 34, 31, 241, 172, 261, 262, 56, 81, 162, 166, 163, 161, 167, 164, 168, 169, 165, 170, 171]",0,0,0,0,0,0,0,0,0,0,48.35164835164835,48.35164835164835,48.35164835164835,0.005011712602946123,0.005011712602946123
2,120,평촌역,2026-09-04 14:00:00,2026-09-04 16:00:00,walk,operating|wd,24,"[16, 31, 162, 166, 241, 163, 161, 167, 164, 37, 172, 168, 169, 27, 165, 261, 170, 262, 56, 171, 10, 21, 81, 34]","[16, 31, 162, 166, 241, 163, 161, 167, 164, 37, 172, 168, 169, 27, 165, 261, 170, 262, 56, 10, 21, 81, 34, 171]","[16, 31, 162, 166, 241, 163, 161, 167, 164, 37, 172, 168, 169, 27, 165, 261, 170, 262, 56, 10, 21, 81, 34, 171]",1,0,0,0,0,0,0,0,0,0,19.419924337957124,19.419924337957124,19.419924337957124,0.0009766764988545732,0.0009766764988545732
2,120,평촌역,2026-09-04 14:00:00,2026-09-04 16:00:00,fare,outside|wd,24,"[10, 16, 37, 27, 21, 34, 31, 241, 172, 261, 262, 56, 81, 162, 166, 163, 161, 167, 164, 168, 169, 165, 170, 171]","[10, 16, 37, 27, 21, 34, 31, 241, 172, 261, 262, 56, 81, 162, 166, 163, 161, 167, 164, 168, 169, 165, 170, 171]","[10, 16, 37, 27, 21, 34, 31, 241, 172, 261, 262, 56, 81, 162, 166, 163, 161, 167, 164, 168, 169, 165, 170, 171]",0,0,0,0,0,0,0,0,0,0,55.494505494505496,55.494505494505496,55.494505494505496,0.010170409927149597,0.010170409927149597
2,120,인덕원역,2026-09-04 10:00:00,2026-09-04 12:00:00,walk,outside|wd,7,"[10, 172, 27, 171, 170, 164, 34]","[10, 172, 27, 170, 164, 34, 171]","[10, 172, 27, 170, 164, 34, 171]",1,0,0,0,0,0,0,0,0,0,54.395604395604394,54.395604395604394,54.395604395604394,0.00798547902946703,0.00798547902946703
2,120,인덕원역,2026-09-04 10:00:00,2026-09-04 12:00:00,fare,outside|wd,7,"[10, 27, 34, 172, 171, 170, 164]","[10, 27, 34, 172, 170, 164, 171]","[10, 27, 34, 172, 170, 164, 171]",1,0,0,0,0,0,0,0,0,0,54.395604395604394,54.395604395604394,54.395604395604394,0.00798547902946703,0.00798547902946703
2,120,인덕원역,2026-09-04 12:00:00,2026-09-04 14:00:00,walk,outside|wd,7,"[10, 172, 27, 171, 170, 164, 34]","[10, 172, 27, 170, 164, 34, 171]","[10, 172, 27, 170, 164, 34, 171]",1,0,0,0,0,0,0,0,0,0,48.35164835164835,48.35164835164835,48.35164835164835,0.005011712602946123,0.005011712602946123
2,120,인덕원역,2026-09-04 12:00:00,2026-09-04 14:00:00,fare,outside|wd,7,"[10, 27, 34, 172, 171, 170, 164]","[10, 27, 34, 172, 170, 164, 171]","[10, 27, 34, 172, 170, 164, 171]",1,0,0,0,0,0,0,0,0,0,48.35164835164835,48.35164835164835,48.35164835164835,0.005011712602946123,0.005011712602946123
2,120,인덕원역,2026-09-04 14:00:00,2026-09-04 16:00:00,walk,outside|wd,7,"[10, 172, 27, 171, 170, 164, 34]","[10, 172, 27, 170, 164, 34, 171]","[10, 172, 27, 170, 164, 34, 171]",1,0,0,0,0,0,0,0,0,0,55.494505494505496,55.494505494505496,55.494505494505496,0.010170409927149597,0.010170409927149597
2,120,인덕원역,2026-09-04 14:00:00,2026-09-04 16:00:00,fare,outside|wd,7,"[10, 27, 34, 172, 171, 170, 164]","[10, 27, 34, 172, 170, 164, 171]","[10, 27, 34, 172, 170, 164, 171]",1,0,0,0,0,0,0,0,0,0,55.494505494505496,55.494505494505496,55.494505494505496,0.010170409927149597,0.010170409927149597
2,240,안양시청,2026-09-04 12:00:00,2026-09-04 16:00:00,walk,operating|wd,25,"[16, 31, 161, 241, 165, 166, 81, 261, 162, 56, 262, 163, 167, 164, 21, 37, 30, 168, 172, 169, 170, 201, 27, 171, 401]","[16, 31, 161, 241, 165, 166, 81, 261, 162, 56, 262, 163, 167, 164, 21, 37, 30, 168, 172, 169, 170, 201, 27, 401, 171]","[16, 31, 161, 241, 165, 166, 81, 261, 162, 56, 262, 163, 167, 164, 21, 37, 30, 168, 172, 169, 170, 201, 27, 401, 171]",1,0,0,0,0,0,0,0,0,0,19.419924337957124,19.419924337957124,19.419924337957124,0.0053402112205819426,0.0053402112205819426
2,240,안양시청,2026-09-04 12:00:00,2026-09-04 16:00:00,fare,operating|wd,25,"[16, 21, 37, 30, 201, 27, 401, 31, 241, 81, 261, 56, 262, 172, 161, 165, 166, 162, 163, 167, 164, 168, 169, 170, 171]","[16, 21, 37, 30, 201, 27, 401, 31, 241, 81, 261, 56, 262, 172, 161, 165, 166, 162, 163, 167, 164, 168, 169, 170, 171]","[16, 21, 37, 30, 201, 27, 401, 31, 241, 81, 261, 56, 262, 172, 161, 165, 166, 162, 163, 167, 164, 168, 169, 170, 171]",0,0,0,0,0,0,0,0,0,0,19.419924337957124,19.419924337957124,19.419924337957124,0.0053402112205819426,0.0053402112205819426
2,240,석수역,2026-09-04 06:00:00,2026-09-04 10:00:00,walk,operating|wd,5,"[108, 25, 12, 13, 24]","[108, 25, 12, 13, 24]","[25, 12, 13, 24, 108]",0,0,0,0,0,0,0,0,0,0,45.378151260504204,45.378151260504204,38.13559322033898,0.3188364423392371,0.3188364423392371
2,240,석수역,2026-09-04 06:00:00,2026-09-04 10:00:00,fare,operating|wd,5,"[108, 25, 12, 13, 24]","[108, 25, 12, 13, 24]","[25, 12, 13, 24, 108]",0,0,0,0,0,0,0,0,0,0,45.378151260504204,45.378151260504204,38.13559322033898,0.3188364423392371,0.3188364423392371
2,240,석수역,2026-09-04 08:00:00,2026-09-04 12:00:00,walk,operating|wd,5,"[108, 25, 12, 13, 24]","[108, 25, 12, 13, 24]","[25, 12, 13, 24, 108]",0,0,0,0,0,0,0,0,0,0,42.016806722689076,42.016806722689076,24.576271186440678,0.03427279824736272,0.03427279824736272
2,240,석수역,2026-09-04 08:00:00,2026-09-04 12:00:00,fare,operating|wd,5,"[108, 25, 12, 13, 24]","[108, 25, 12, 13, 24]","[25, 12, 13, 24, 108]",0,0,0,0,0,0,0,0,0,0,42.016806722689076,42.016806722689076,24.576271186440678,0.03427279824736272,0.03427279824736272
2,240,석수역,2026-09-04 10:00:00,2026-09-04 14:00:00,walk,operating|wd,5,"[108, 25, 12, 13, 24]","[108, 25, 12, 13, 24]","[108, 25, 12, 13, 24]",0,0,0,0,0,0,0,0,0,0,38.65546218487395,38.65546218487395,38.65546218487395,0.08165999654457497,0.08165999654457497
2,240,석수역,2026-09-04 10:00:00,2026-09-04 14:00:00,fare,operating|wd,5,"[108, 25, 12, 13, 24]","[108, 25, 12, 13, 24]","[108, 25, 12, 13, 24]",0,0,0,0,0,0,0,0,0,0,38.65546218487395,38.65546218487395,38.65546218487395,0.08165999654457497,0.08165999654457497
2,240,석수역,2026-09-04 12:00:00,2026-09-04 16:00:00,walk,operating|wd,5,"[108, 25, 12, 13, 24]","[108, 25, 12, 13, 24]","[108, 25, 12, 13, 24]",0,0,0,0,0,0,0,0,0,0,33.61344537815126,33.61344537815126,33.61344537815126,0.06005747366823005,0.06005747366823005
2,240,석수역,2026-09-04 12:00:00,2026-09-04 16:00:00,fare,operating|wd,5,"[108, 25, 12, 13, 24]","[108, 25, 12, 13, 24]","[108, 25, 12, 13, 24]",0,0,0,0,0,0,0,0,0,0,33.61344537815126,33.61344537815126,33.61344537815126,0.06005747366823005,0.06005747366823005
2,240,석수역,2026-09-04 14:00:00,2026-09-04 18:00:00,walk,outside|wd,5,"[108, 25, 12, 13, 24]","[108, 25, 12, 13, 24]","[108, 25, 12, 13, 24]",0,0,0,0,0,0,0,0,0,0,85.71428571428571,85.71428571428571,85.71428571428571,0.1562499260594437,0.1562499260594437
2,240,석수역,2026-09-04 14:00:00,2026-09-04 18:00:00,fare,outside|wd,5,"[108, 25, 13, 24, 12]","[108, 25, 13, 24, 12]","[108, 25, 13, 24, 12]",0,0,0,0,0,0,0,0,0,0,85.71428571428571,85.71428571428571,85.71428571428571,0.1562499260594437,0.1562499260594437
2,240,석수역,2026-09-04 16:00:00,2026-09-04 20:00:00,walk,outside|wd,5,"[108, 25, 12, 13, 24]","[108, 25, 12, 13, 24]","[108, 25, 12, 13, 24]",0,0,0,0,0,0,0,0,0,0,85.71428571428571,85.71428571428571,85.71428571428571,0.47005267395502914,0.47005267395502914
2,240,석수역,2026-09-04 16:00:00,2026-09-04 20:00:00,fare,outside|wd,5,"[108, 25, 13, 24, 12]","[108, 25, 13, 24, 12]","[108, 25, 13, 24, 12]",0,0,0,0,0,0,0,0,0,0,85.71428571428571,85.71428571428571,85.71428571428571,0.47005267395502914,0.47005267395502914
2,240,석수역,2026-09-04 18:00:00,2026-09-04 22:00:00,walk,outside|wd,5,"[108, 25, 12, 13, 24]","[25, 12, 13, 24, 108]","[108, 25, 12, 13, 24]",1,1,0,0,0,0,0,0,21,0,89.91596638655462,50.0,89.91596638655462,0.6350981888876581,0.008846520323430522
2,240,석수역,2026-09-04 18:00:00,2026-09-04 22:00:00,fare,outside|wd,5,"[108, 25, 13, 24, 12]","[25, 13, 24, 12, 108]","[108, 25, 13, 24, 12]",1,1,0,0,0,0,0,0,21,0,89.91596638655462,50.0,89.91596638655462,0.6350981888876581,0.008846520323430522
2,240,안양역,2026-09-04 10:00:00,2026-09-04 14:00:00,walk,operating|wd,11,"[48, 112, 53, 11, 52, 7, 8, 38, 29, 18, 28]","[48, 112, 53, 11, 52, 7, 8, 38, 29, 18, 28]","[112, 11, 7, 8, 38, 29, 18, 28, 48, 53, 52]",0,0,0,0,0,0,0,0,0,0,33.333333333333336,33.333333333333336,1.3333333333333333,0.02254503407654516,0.02254503407654516
2,240,안양역,2026-09-04 10:00:00,2026-09-04 14:00:00,fare,operating|wd,11,"[18, 8, 38, 28, 48, 112, 53, 11, 52, 7, 29]","[18, 8, 38, 28, 48, 112, 53, 11, 52, 7, 29]","[18, 8, 38, 28, 112, 11, 7, 29, 48, 53, 52]",0,0,0,0,0,0,0,0,0,0,30.357142857142858,30.357142857142858,30.357142857142858,0.005293273962384982,0.005293273962384982
2,240,평촌역,2026-09-04 12:00:00,2026-09-04 16:00:00,walk,operating|wd,24,"[16, 31, 162, 166, 241, 163, 161, 167, 164, 37, 172, 168, 169, 27, 165, 261, 170, 262, 56, 171, 10, 21, 81, 34]","[16, 31, 162, 166, 241, 163, 161, 167, 164, 37, 172, 168, 169, 27, 165, 261, 170, 262, 56, 10, 21, 81, 34, 171]","[16, 31, 162, 166, 241, 163, 161, 167, 164, 37, 172, 168, 169, 27, 165, 261, 170, 262, 56, 10, 21, 81, 34, 171]",1,0,0,0,0,0,0,0,0,0,19.419924337957124,19.419924337957124,19.419924337957124,0.0053402112205819426,0.0053402112205819426
2,240,평촌역,2026-09-04 12:00:00,2026-09-04 16:00:00,fare,outside|wd,24,"[10, 16, 37, 27, 21, 34, 31, 241, 172, 261, 262, 56, 81, 162, 166, 163, 161, 167, 164, 168, 169, 165, 170, 171]","[10, 16, 37, 27, 21, 34, 31, 241, 172, 261, 262, 56, 81, 162, 166, 163, 161, 167, 164, 168, 169, 165, 170, 171]","[10, 16, 37, 27, 21, 34, 31, 241, 172, 261, 262, 56, 81, 162, 166, 163, 161, 167, 164, 168, 169, 165, 170, 171]",0,0,0,0,0,0,0,0,0,0,55.494505494505496,55.494505494505496,55.494505494505496,0.012924386058082007,0.012924386058082007
2,240,인덕원역,2026-09-04 10:00:00,2026-09-04 14:00:00,walk,outside|wd,7,"[10, 172, 27, 171, 170, 164, 34]","[10, 172, 27, 170, 164, 34, 171]","[10, 172, 27, 170, 164, 34, 171]",1,0,0,0,0,0,0,0,0,0,48.35164835164835,48.35164835164835,48.35164835164835,0.01201165454344698,0.01201165454344698
2,240,인덕원역,2026-09-04 10:00:00,2026-09-04 14:00:00,fare,outside|wd,7,"[10, 27, 34, 172, 171, 170, 164]","[10, 27, 34, 172, 170, 164, 171]","[10, 27, 34, 172, 170, 164, 171]",1,0,0,0,0,0,0,0,0,0,48.35164835164835,48.35164835164835,48.35164835164835,0.01201165454344698,0.01201165454344698
2,240,인덕원역,2026-09-04 12:00:00,2026-09-04 16:00:00,walk,outside|wd,7,"[10, 172, 27, 171, 170, 164, 34]","[10, 172, 27, 170, 164, 34, 171]","[10, 172, 27, 170, 164, 34, 171]",1,0,0,0,0,0,0,0,0,0,55.494505494505496,55.494505494505496,55.494505494505496,0.012924386058082007,0.012924386058082007
2,240,인덕원역,2026-09-04 12:00:00,2026-09-04 16:00:00,fare,outside|wd,7,"[10, 27, 34, 172, 171, 170, 164]","[10, 27, 34, 172, 170, 164, 171]","[10, 27, 34, 172, 170, 164, 171]",1,0,0,0,0,0,0,0,0,0,55.494505494505496,55.494505494505496,55.494505494505496,0.012924386058082007,0.012924386058082007
2,360,석수역,2026-09-04 06:00:00,2026-09-04 12:00:00,walk,operating|wd,5,"[108, 25, 12, 13, 24]","[108, 25, 12, 13, 24]","[25, 12, 13, 24, 108]",0,0,0,0,0,0,0,0,0,0,42.016806722689076,42.016806722689076,24.576271186440678,0.16507165072423774,0.16507165072423774
2,360,석수역,2026-09-04 06:00:00,2026-09-04 12:00:00,fare,operating|wd,5,"[108, 25, 12, 13, 24]","[108, 25, 12, 13, 24]","[25, 12, 13, 24, 108]",0,0,0,0,0,0,0,0,0,0,42.016806722689076,42.016806722689076,24.576271186440678,0.16507165072423774,0.16507165072423774
2,360,석수역,2026-09-04 08:00:00,2026-09-04 14:00:00,walk,operating|wd,5,"[108, 25, 12, 13, 24]","[108, 25, 12, 13, 24]","[25, 12, 13, 24, 108]",0,0,0,0,0,0,0,0,0,0,38.65546218487395,38.65546218487395,26.271186440677965,0.03635167520666776,0.03635167520666776
2,360,석수역,2026-09-04 08:00:00,2026-09-04 14:00:00,fare,operating|wd,5,"[108, 25, 12, 13, 24]","[108, 25, 12, 13, 24]","[25, 12, 13, 24, 108]",0,0,0,0,0,0,0,0,0,0,38.65546218487395,38.65546218487395,26.271186440677965,0.03635167520666776,0.03635167520666776
2,360,석수역,2026-09-04 10:00:00,2026-09-04 16:00:00,walk,operating|wd,5,"[108, 25, 12, 13, 24]","[108, 25, 12, 13, 24]","[108, 25, 12, 13, 24]",0,0,0,0,0,0,0,0,0,0,33.61344537815126,33.61344537815126,33.61344537815126,0.1072350942398431,0.1072350942398431
2,360,석수역,2026-09-04 10:00:00,2026-09-04 16:00:00,fare,operating|wd,5,"[108, 25, 12, 13, 24]","[108, 25, 12, 13, 24]","[108, 25, 12, 13, 24]",0,0,0,0,0,0,0,0,0,0,33.61344537815126,33.61344537815126,33.61344537815126,0.1072350942398431,0.1072350942398431
2,360,석수역,2026-09-04 12:00:00,2026-09-04 18:00:00,walk,outside|wd,5,"[108, 25, 12, 13, 24]","[108, 25, 12, 13, 24]","[108, 25, 12, 13, 24]",0,0,0,0,0,0,0,0,0,0,85.71428571428571,85.71428571428571,85.71428571428571,0.38475004346218394,0.38475004346218394
2,360,석수역,2026-09-04 12:00:00,2026-09-04 18:00:00,fare,outside|wd,5,"[108, 25, 13, 24, 12]","[108, 25, 13, 24, 12]","[108, 25, 13, 24, 12]",0,0,0,0,0,0,0,0,0,0,85.71428571428571,85.71428571428571,85.71428571428571,0.38475004346218394,0.38475004346218394
2,360,석수역,2026-09-04 14:00:00,2026-09-04 20:00:00,walk,outside|wd,5,"[108, 25, 12, 13, 24]","[108, 25, 12, 13, 24]","[108, 25, 12, 13, 24]",0,0,0,0,0,0,0,0,0,0,85.71428571428571,85.71428571428571,85.71428571428571,0.3568952482453489,0.3568952482453489
2,360,석수역,2026-09-04 14:00:00,2026-09-04 20:00:00,fare,outside|wd,5,"[108, 25, 13, 24, 12]","[108, 25, 13, 24, 12]","[108, 25, 13, 24, 12]",0,0,0,0,0,0,0,0,0,0,85.71428571428571,85.71428571428571,85.71428571428571,0.3568952482453489,0.3568952482453489
2,360,석수역,2026-09-04 16:00:00,2026-09-04 22:00:00,walk,outside|wd,5,"[108, 25, 12, 13, 24]","[25, 12, 13, 24, 108]","[108, 25, 12, 13, 24]",1,1,0,0,0,0,0,0,21,0,89.91596638655462,50.0,89.91596638655462,0.5592730370542798,0.009248007338296203
2,360,석수역,2026-09-04 16:00:00,2026-09-04 22:00:00,fare,outside|wd,5,"[108, 25, 13, 24, 12]","[25, 13, 24, 12, 108]","[108, 25, 13, 24, 12]",1,1,0,0,0,0,0,0,21,0,89.91596638655462,50.0,89.91596638655462,0.5592730370542798,0.009248007338296203
2,360,인덕원역,2026-09-04 10:00:00,2026-09-04 16:00:00,walk,outside|wd,7,"[10, 172, 27, 171, 170, 164, 34]","[10, 172, 27, 170, 164, 34, 171]","[10, 172, 27, 170, 164, 34, 171]",1,0,0,0,0,0,0,0,0,0,55.494505494505496,55.494505494505496,55.494505494505496,0.022198710835682853,0.022198710835682853
2,360,인덕원역,2026-09-04 10:00:00,2026-09-04 16:00:00,fare,outside|wd,7,"[10, 27, 34, 172, 171, 170, 164]","[10, 27, 34, 172, 170, 164, 171]","[10, 27, 34, 172, 170, 164, 171]",1,0,0,0,0,0,0,0,0,0,55.494505494505496,55.494505494505496,55.494505494505496,0.022198710835682853,0.022198710835682853
5,15,안양시청,2026-09-07 12:00:00,2026-09-07 12:15:00,walk,operating|wd,25,"[16, 31, 161, 241, 165, 166, 81, 261, 162, 56, 262, 163, 167, 164, 21, 37, 30, 168, 172, 169, 170, 201, 27, 171, 401]","[16, 31, 161, 241, 165, 166, 81, 261, 162, 56, 262, 163, 167, 164, 21, 37, 30, 168, 172, 169, 170, 201, 27, 401, 171]","[16, 31, 161, 241, 165, 166, 81, 261, 162, 56, 262, 163, 167, 164, 21, 37, 30, 168, 172, 169, 170, 201, 27, 401, 171]",1,0,0,0,0,0,0,0,0,0,9.331651954602775,9.331651954602775,9.331651954602775,9.477290880511662e-05,9.477290880511662e-05
5,15,안양시청,2026-09-07 12:00:00,2026-09-07 12:15:00,fare,operating|wd,25,"[16, 21, 37, 30, 201, 27, 401, 31, 241, 81, 261, 56, 262, 172, 161, 165, 166, 162, 163, 167, 164, 168, 169, 170, 171]","[16, 21, 37, 30, 201, 27, 401, 31, 241, 81, 261, 56, 262, 172, 161, 165, 166, 162, 163, 167, 164, 168, 169, 170, 171]","[16, 21, 37, 30, 201, 27, 401, 31, 241, 81, 261, 56, 262, 172, 161, 165, 166, 162, 163, 167, 164, 168, 169, 170, 171]",0,0,0,0,0,0,0,0,0,0,9.331651954602775,9.331651954602775,9.331651954602775,9.477290880511662e-05,9.477290880511662e-05
5,15,안양시청,2026-09-07 14:00:00,2026-09-07 14:15:00,walk,operating|wd,25,"[16, 31, 161, 241, 165, 166, 81, 261, 162, 56, 262, 163, 167, 164, 21, 37, 30, 168, 172, 169, 170, 201, 27, 171, 401]","[16, 31, 161, 241, 165, 166, 81, 261, 162, 56, 262, 163, 167, 164, 21, 37, 30, 168, 172, 169, 170, 201, 27, 401, 171]","[16, 31, 161, 241, 165, 166, 81, 261, 162, 56, 262, 163, 167, 164, 21, 37, 30, 168, 172, 169, 170, 201, 27, 401, 171]",1,0,0,0,0,0,0,0,0,0,8.07061790668348,8.07061790668348,8.07061790668348,9.477290880511662e-05,9.477290880511662e-05
5,15,안양시청,2026-09-07 14:00:00,2026-09-07 14:15:00,fare,operating|wd,25,"[16, 21, 37, 30, 201, 27, 401, 31, 241, 81, 261, 56, 262, 172, 161, 165, 166, 162, 163, 167, 164, 168, 169, 170, 171]","[16, 21, 37, 30, 201, 27, 401, 31, 241, 81, 261, 56, 262, 172, 161, 165, 166, 162, 163, 167, 164, 168, 169, 170, 171]","[16, 21, 37, 30, 201, 27, 401, 31, 241, 81, 261, 56, 262, 172, 161, 165, 166, 162, 163, 167, 164, 168, 169, 170, 171]",0,0,0,0,0,0,0,0,0,0,8.07061790668348,8.07061790668348,8.07061790668348,9.477290880511662e-05,9.477290880511662e-05
5,15,안양시청,2026-09-07 16:00:00,2026-09-07 16:15:00,walk,operating|wd,25,"[16, 31, 161, 241, 165, 166, 81, 261, 162, 56, 262, 163, 167, 164, 21, 37, 30, 168, 172, 169, 170, 201, 27, 171, 401]","[16, 31, 161, 241, 165, 166, 81, 261, 162, 56, 262, 163, 167, 164, 21, 37, 30, 168, 172, 169, 170, 201, 27, 401, 171]","[16, 31, 161, 241, 165, 166, 81, 261, 162, 56, 262, 163, 167, 164, 21, 37, 30, 168, 172, 169, 170, 201, 27, 401, 171]",1,0,0,0,0,0,0,0,0,0,15.006305170239596,15.006305170239596,15.006305170239596,9.477290880511662e-05,9.477290880511662e-05
5,15,안양시청,2026-09-07 16:00:00,2026-09-07 16:15:00,fare,operating|wd,25,"[16, 21, 37, 30, 201, 27, 401, 81, 31, 241, 261, 56, 262, 172, 161, 165, 166, 162, 163, 167, 164, 168, 169, 170, 171]","[16, 21, 37, 30, 201, 27, 401, 81, 31, 241, 261, 56, 262, 172, 161, 165, 166, 162, 163, 167, 164, 168, 169, 170, 171]","[16, 21, 37, 30, 201, 27, 401, 81, 31, 241, 261, 56, 262, 172, 161, 165, 166, 162, 163, 167, 164, 168, 169, 170, 171]",0,0,0,0,0,0,0,0,0,0,15.006305170239596,15.006305170239596,15.006305170239596,9.477290880511662e-05,9.477290880511662e-05
5,15,석수역,2026-09-07 06:00:00,2026-09-07 06:15:00,walk,outside|wd,5,"[108, 25, 12, 13, 24]","[25, 12, 13, 24, 108]","[25, 12, 13, 24, 108]",1,1,1,0,0,1,0,1,21,0,99.15966386554622,54.23728813559322,54.23728813559322,0.997122033395469,0.00018276575998115062
5,15,석수역,2026-09-07 06:00:00,2026-09-07 06:15:00,fare,outside|wd,5,"[108, 25, 13, 24, 12]","[25, 13, 24, 12, 108]","[25, 13, 24, 12, 108]",1,1,1,0,0,1,0,1,21,0,99.15966386554622,54.23728813559322,54.23728813559322,0.997122033395469,0.00018276575998115062
5,15,석수역,2026-09-07 08:00:00,2026-09-07 08:15:00,walk,outside|wd,5,"[108, 25, 12, 13, 24]","[25, 12, 13, 24, 108]","[25, 12, 13, 24, 108]",1,1,1,0,0,1,0,1,21,0,98.31932773109244,50.0,50.0,0.9973849389649653,0.00019308454615534927
5,15,석수역,2026-09-07 08:00:00,2026-09-07 08:15:00,fare,outside|wd,5,"[108, 25, 13, 24, 12]","[25, 13, 24, 12, 108]","[25, 13, 24, 12, 108]",1,1,1,0,0,1,0,1,21,0,98.31932773109244,50.0,50.0,0.9973849389649653,0.00019308454615534927
5,15,석수역,2026-09-07 10:00:00,2026-09-07 10:15:00,walk,operating|wd,5,"[108, 25, 12, 13, 24]","[108, 25, 12, 13, 24]","[108, 25, 12, 13, 24]",0,0,0,0,0,0,0,0,0,0,40.33613445378151,40.33613445378151,40.33613445378151,0.00039164192979198,0.00039164192979198
5,15,석수역,2026-09-07 10:00:00,2026-09-07 10:15:00,fare,operating|wd,5,"[108, 25, 12, 13, 24]","[108, 25, 12, 13, 24]","[108, 25, 12, 13, 24]",0,0,0,0,0,0,0,0,0,0,40.33613445378151,40.33613445378151,40.33613445378151,0.00039164192979198,0.00039164192979198
5,15,석수역,2026-09-07 12:00:00,2026-09-07 12:15:00,walk,operating|wd,5,"[108, 25, 12, 13, 24]","[108, 25, 12, 13, 24]","[108, 25, 12, 13, 24]",0,0,0,0,0,0,0,0,0,0,41.1764705882353,41.1764705882353,41.1764705882353,0.00026742581911134376,0.00026742581911134376
5,15,석수역,2026-09-07 12:00:00,2026-09-07 12:15:00,fare,operating|wd,5,"[108, 25, 12, 13, 24]","[108, 25, 12, 13, 24]","[108, 25, 12, 13, 24]",0,0,0,0,0,0,0,0,0,0,41.1764705882353,41.1764705882353,41.1764705882353,0.00026742581911134376,0.00026742581911134376
5,15,석수역,2026-09-07 14:00:00,2026-09-07 14:15:00,walk,operating|wd,5,"[108, 25, 12, 13, 24]","[108, 25, 12, 13, 24]","[108, 25, 12, 13, 24]",0,0,0,0,0,0,0,0,0,0,38.65546218487395,38.65546218487395,38.65546218487395,0.0002473208883620126,0.0002473208883620126
5,15,석수역,2026-09-07 14:00:00,2026-09-07 14:15:00,fare,operating|wd,5,"[108, 25, 12, 13, 24]","[108, 25, 12, 13, 24]","[108, 25, 12, 13, 24]",0,0,0,0,0,0,0,0,0,0,38.65546218487395,38.65546218487395,38.65546218487395,0.0002473208883620126,0.0002473208883620126
5,15,석수역,2026-09-07 16:00:00,2026-09-07 16:15:00,walk,operating|wd,5,"[108, 25, 12, 13, 24]","[108, 25, 12, 13, 24]","[108, 25, 12, 13, 24]",0,0,0,0,0,0,0,0,0,0,42.016806722689076,42.016806722689076,42.016806722689076,0.0003646298728100232,0.0003646298728100232
5,15,석수역,2026-09-07 16:00:00,2026-09-07 16:15:00,fare,operating|wd,5,"[108, 25, 13, 24, 12]","[108, 25, 13, 24, 12]","[108, 25, 13, 24, 12]",0,0,0,0,0,0,0,0,0,0,42.016806722689076,42.016806722689076,42.016806722689076,0.0003646298728100232,0.0003646298728100232
5,15,석수역,2026-09-07 18:00:00,2026-09-07 18:15:00,walk,outside|wd,5,"[108, 25, 12, 13, 24]","[25, 12, 13, 24, 108]","[25, 12, 13, 24, 108]",1,1,1,0,0,1,0,1,21,0,90.75630252100841,9.322033898305085,9.322033898305085,0.5416534205638291,0.00013273089635388818
5,15,석수역,2026-09-07 18:00:00,2026-09-07 18:15:00,fare,outside|wd,5,"[108, 25, 13, 24, 12]","[25, 13, 24, 12, 108]","[25, 13, 24, 12, 108]",1,1,1,0,0,1,0,1,21,0,90.75630252100841,9.322033898305085,9.322033898305085,0.5416534205638291,0.00013273089635388818
5,15,석수역,2026-09-07 20:00:00,2026-09-07 20:15:00,walk,outside|wd,5,"[108, 25, 12, 13, 24]","[25, 12, 13, 24, 108]","[25, 12, 13, 24, 108]",1,1,1,0,0,1,0,1,21,0,90.75630252100841,18.64406779661017,18.64406779661017,0.6850701175756803,0.00010992424283363447
5,15,석수역,2026-09-07 20:00:00,2026-09-07 20:15:00,fare,outside|wd,5,"[108, 25, 13, 24, 12]","[25, 13, 24, 12, 108]","[25, 13, 24, 12, 108]",1,1,1,0,0,1,0,1,21,0,90.75630252100841,18.64406779661017,18.64406779661017,0.6850701175756803,0.00010992424283363447
5,15,석수역,2026-09-07 22:00:00,2026-09-07 22:15:00,walk,outside|wd,5,"[108, 25, 12, 13, 24]","[25, 12, 13, 24, 108]","[25, 12, 13, 24, 108]",1,1,1,0,0,1,0,1,21,0,90.75630252100841,58.47457627118644,58.47457627118644,0.9079603354445343,0.00015735691140058368
5,15,석수역,2026-09-07 22:00:00,2026-09-07 22:15:00,fare,outside|wd,5,"[108, 25, 13, 24, 12]","[25, 13, 24, 12, 108]","[25, 13, 24, 12, 108]",1,1,1,0,0,1,0,1,21,0,90.75630252100841,58.47457627118644,58.47457627118644,0.9079603354445343,0.00015735691140058368
5,15,범계역,2026-09-07 12:00:00,2026-09-07 12:15:00,walk,operating|wd,25,"[16, 81, 241, 56, 261, 262, 30, 401, 183, 39, 182, 31, 161, 201, 42, 23, 165, 461, 166, 82, 40, 162, 521, 167, 163]","[16, 81, 241, 56, 261, 262, 30, 401, 183, 39, 182, 31, 161, 201, 42, 23, 165, 461, 166, 82, 40, 162, 521, 167, 163]","[16, 81, 241, 56, 261, 262, 30, 401, 183, 39, 182, 31, 161, 201, 42, 23, 165, 461, 166, 82, 40, 162, 521, 167, 163]",0,0,0,0,0,0,0,0,0,0,9.331651954602775,9.331651954602775,9.331651954602775,9.477290880511662e-05,9.477290880511662e-05
5,15,범계역,2026-09-07 12:00:00,2026-09-07 12:15:00,fare,operating|wd,25,"[16, 30, 401, 201, 42, 82, 521, 81, 241, 56, 261, 262, 183, 39, 182, 31, 23, 461, 40, 161, 165, 166, 162, 167, 163]","[16, 30, 401, 201, 42, 82, 521, 81, 241, 56, 261, 262, 183, 39, 182, 31, 23, 461, 40, 161, 165, 166, 162, 167, 163]","[16, 30, 401, 201, 42, 82, 521, 81, 241, 56, 261, 262, 183, 39, 182, 31, 23, 461, 40, 161, 165, 166, 162, 167, 163]",0,0,0,0,0,0,0,0,0,0,9.331651954602775,9.331651954602775,9.331651954602775,9.477290880511662e-05,9.477290880511662e-05
5,15,범계역,2026-09-07 14:00:00,2026-09-07 14:15:00,walk,operating|wd,25,"[16, 81, 241, 56, 261, 262, 30, 401, 183, 39, 182, 31, 161, 201, 42, 23, 165, 461, 166, 82, 40, 162, 521, 167, 163]","[16, 81, 241, 56, 261, 262, 30, 401, 183, 39, 182, 31, 161, 201, 42, 23, 165, 461, 166, 82, 40, 162, 521, 167, 163]","[16, 81, 241, 56, 261, 262, 30, 401, 183, 39, 182, 31, 161, 201, 42, 23, 165, 461, 166, 82, 40, 162, 521, 167, 163]",0,0,0,0,0,0,0,0,0,0,8.07061790668348,8.07061790668348,8.07061790668348,9.477290880511662e-05,9.477290880511662e-05
5,15,범계역,2026-09-07 14:00:00,2026-09-07 14:15:00,fare,operating|wd,25,"[16, 30, 401, 201, 42, 82, 521, 81, 241, 56, 261, 262, 183, 39, 182, 31, 23, 461, 40, 161, 165, 166, 162, 167, 163]","[16, 30, 401, 201, 42, 82, 521, 81, 241, 56, 261, 262, 183, 39, 182, 31, 23, 461, 40, 161, 165, 166, 162, 167, 163]","[16, 30, 401, 201, 42, 82, 521, 81, 241, 56, 261, 262, 183, 39, 182, 31, 23, 461, 40, 161, 165, 166, 162, 167, 163]",0,0,0,0,0,0,0,0,0,0,8.07061790668348,8.07061790668348,8.07061790668348,9.477290880511662e-05,9.477290880511662e-05
5,15,안양역,2026-09-07 10:00:00,2026-09-07 10:15:00,walk,operating|wd,11,"[48, 112, 53, 11, 52, 7, 8, 38, 29, 18, 28]","[48, 112, 53, 11, 52, 7, 8, 38, 29, 18, 28]","[112, 11, 7, 8, 38, 29, 18, 28, 48, 53, 52]",0,0,0,0,0,0,0,0,0,0,54.166666666666664,54.166666666666664,60.0,0.1831796683386252,0.1831796683386252
5,15,안양역,2026-09-07 10:00:00,2026-09-07 10:15:00,fare,operating|wd,11,"[18, 8, 38, 28, 48, 112, 53, 11, 52, 7, 29]","[18, 8, 38, 28, 48, 112, 53, 11, 52, 7, 29]","[18, 8, 38, 28, 112, 11, 7, 29, 48, 53, 52]",0,0,0,0,0,0,0,0,0,0,32.142857142857146,32.142857142857146,32.142857142857146,0.00014848027783984818,0.00014848027783984818
5,15,안양역,2026-09-07 12:00:00,2026-09-07 12:15:00,walk,operating|wd,11,"[48, 112, 53, 11, 52, 7, 8, 38, 29, 18, 28]","[48, 112, 53, 11, 52, 7, 8, 38, 29, 18, 28]","[48, 112, 53, 11, 52, 7, 8, 38, 29, 18, 28]",0,0,0,0,0,0,0,0,0,0,25.0,25.0,25.0,0.00022140203933338151,0.00022140203933338151
5,15,안양역,2026-09-07 12:00:00,2026-09-07 12:15:00,fare,operating|wd,11,"[18, 8, 38, 28, 48, 112, 53, 11, 52, 7, 29]","[18, 8, 38, 28, 48, 112, 53, 11, 52, 7, 29]","[18, 8, 38, 28, 48, 112, 53, 11, 52, 7, 29]",0,0,0,0,0,0,0,0,0,0,37.5,37.5,37.5,0.00014486890841596608,0.00014486890841596608
5,15,안양역,2026-09-07 14:00:00,2026-09-07 14:15:00,walk,operating|wd,11,"[48, 112, 53, 11, 52, 7, 8, 38, 29, 18, 28]","[48, 112, 53, 11, 52, 7, 8, 38, 29, 18, 28]","[48, 112, 53, 11, 52, 7, 8, 38, 29, 18, 28]",0,0,0,0,0,0,0,0,0,0,29.166666666666668,29.166666666666668,29.166666666666668,0.000509622890350774,0.000509622890350774
5,15,안양역,2026-09-07 14:00:00,2026-09-07 14:15:00,fare,operating|wd,11,"[18, 8, 38, 28, 48, 112, 53, 11, 52, 7, 29]","[18, 8, 38, 28, 48, 112, 53, 11, 52, 7, 29]","[18, 8, 38, 28, 48, 112, 53, 11, 52, 7, 29]",0,0,0,0,0,0,0,0,0,0,33.92857142857143,33.92857142857143,33.92857142857143,0.0001168960714611001,0.0001168960714611001
5,15,평촌역,2026-09-07 12:00:00,2026-09-07 12:15:00,walk,operating|wd,24,"[16, 31, 162, 166, 241, 163, 161, 167, 164, 37, 172, 168, 169, 27, 165, 261, 170, 262, 56, 171, 10, 21, 81, 34]","[16, 31, 162, 166, 241, 163, 161, 167, 164, 37, 172, 168, 169, 27, 165, 261, 170, 262, 56, 10, 21, 81, 34, 171]","[16, 31, 162, 166, 241, 163, 161, 167, 164, 37, 172, 168, 169, 27, 165, 261, 170, 262, 56, 10, 21, 81, 34, 171]",1,0,0,0,0,0,0,0,0,0,9.331651954602775,9.331651954602775,9.331651954602775,9.477290880511662e-05,9.477290880511662e-05
5,15,평촌역,2026-09-07 12:00:00,2026-09-07 12:15:00,fare,outside|wd,24,"[10, 16, 37, 27, 21, 34, 31, 241, 172, 261, 262, 56, 81, 162, 166, 163, 161, 167, 164, 168, 169, 165, 170, 171]","[10, 16, 37, 27, 21, 34, 31, 241, 172, 261, 262, 56, 81, 162, 166, 163, 161, 167, 164, 168, 169, 165, 170, 171]","[10, 16, 37, 27, 21, 34, 31, 241, 172, 261, 262, 56, 81, 162, 166, 163, 161, 167, 164, 168, 169, 165, 170, 171]",0,0,0,0,0,0,0,0,0,0,55.494505494505496,55.494505494505496,55.494505494505496,0.00031111602625719776,0.00031111602625719776
5,15,평촌역,2026-09-07 14:00:00,2026-09-07 14:15:00,walk,operating|wd,24,"[16, 31, 162, 166, 241, 163, 161, 167, 164, 37, 172, 168, 169, 27, 165, 261, 170, 262, 56, 171, 10, 21, 81, 34]","[16, 31, 162, 166, 241, 163, 161, 167, 164, 37, 172, 168, 169, 27, 165, 261, 170, 262, 56, 10, 21, 81, 34, 171]","[16, 31, 162, 166, 241, 163, 161, 167, 164, 37, 172, 168, 169, 27, 165, 261, 170, 262, 56, 10, 21, 81, 34, 171]",1,0,0,0,0,0,0,0,0,0,8.07061790668348,8.07061790668348,8.07061790668348,9.477290880511662e-05,9.477290880511662e-05
5,15,평촌역,2026-09-07 14:00:00,2026-09-07 14:15:00,fare,outside|wd,24,"[10, 16, 37, 27, 21, 34, 31, 241, 172, 261, 262, 56, 81, 162, 166, 163, 161, 167, 164, 168, 169, 165, 170, 171]","[10, 16, 37, 27, 21, 34, 31, 241, 172, 261, 262, 56, 81, 162, 166, 163, 161, 167, 164, 168, 169, 165, 170, 171]","[10, 16, 37, 27, 21, 34, 31, 241, 172, 261, 262, 56, 81, 162, 166, 163, 161, 167, 164, 168, 169, 165, 170, 171]",0,0,0,0,0,0,0,0,0,0,54.395604395604394,54.395604395604394,54.395604395604394,0.00037832837890513273,0.00037832837890513273
5,15,평촌역,2026-09-07 16:00:00,2026-09-07 16:15:00,walk,operating|wd,24,"[16, 31, 162, 166, 241, 163, 161, 167, 164, 37, 172, 168, 169, 27, 165, 261, 170, 262, 56, 171, 10, 21, 81, 34]","[16, 31, 162, 166, 241, 163, 161, 167, 164, 37, 172, 168, 169, 27, 165, 261, 170, 262, 56, 10, 21, 81, 34, 171]","[16, 31, 162, 166, 241, 163, 161, 167, 164, 37, 172, 168, 169, 27, 165, 261, 170, 262, 56, 10, 21, 81, 34, 171]",1,0,0,0,0,0,0,0,0,0,15.006305170239596,15.006305170239596,15.006305170239596,9.477290880511662e-05,9.477290880511662e-05
5,15,평촌역,2026-09-07 16:00:00,2026-09-07 16:15:00,fare,outside|wd,24,"[10, 16, 37, 27, 21, 34, 81, 31, 241, 172, 261, 262, 56, 162, 166, 163, 161, 167, 164, 168, 169, 165, 170, 171]","[10, 16, 37, 27, 21, 34, 81, 31, 241, 172, 261, 262, 56, 162, 166, 163, 161, 167, 164, 168, 169, 165, 170, 171]","[10, 16, 37, 27, 21, 34, 81, 31, 241, 172, 261, 262, 56, 162, 166, 163, 161, 167, 164, 168, 169, 165, 170, 171]",0,0,0,0,0,0,0,0,0,0,58.79120879120879,58.79120879120879,58.79120879120879,0.00041438334547484295,0.00041438334547484295
5,15,인덕원역,2026-09-07 10:00:00,2026-09-07 10:15:00,walk,outside|wd,7,"[10, 172, 27, 171, 170, 164, 34]","[10, 172, 27, 170, 164, 34, 171]","[10, 172, 27, 170, 164, 34, 171]",1,0,0,0,0,0,0,0,0,0,64.28571428571429,64.28571428571429,64.28571428571429,0.0004115364101378177,0.0004115364101378177
5,15,인덕원역,2026-09-07 10:00:00,2026-09-07 10:15:00,fare,outside|wd,7,"[10, 27, 34, 172, 171, 170, 164]","[10, 27, 34, 172, 170, 164, 171]","[10, 27, 34, 172, 170, 164, 171]",1,0,0,0,0,0,0,0,0,0,64.28571428571429,64.28571428571429,64.28571428571429,0.0004115364101378177,0.0004115364101378177
5,15,인덕원역,2026-09-07 12:00:00,2026-09-07 12:15:00,walk,outside|wd,7,"[10, 172, 27, 171, 170, 164, 34]","[10, 172, 27, 170, 164, 34, 171]","[10, 172, 27, 170, 164, 34, 171]",1,0,0,0,0,0,0,0,0,0,55.494505494505496,55.494505494505496,55.494505494505496,0.00031111602625719776,0.00031111602625719776
5,15,인덕원역,2026-09-07 12:00:00,2026-09-07 12:15:00,fare,outside|wd,7,"[10, 27, 34, 172, 171, 170, 164]","[10, 27, 34, 172, 170, 164, 171]","[10, 27, 34, 172, 170, 164, 171]",1,0,0,0,0,0,0,0,0,0,55.494505494505496,55.494505494505496,55.494505494505496,0.00031111602625719776,0.00031111602625719776
5,15,인덕원역,2026-09-07 14:00:00,2026-09-07 14:15:00,walk,outside|wd,7,"[10, 172, 27, 171, 170, 164, 34]","[10, 172, 27, 170, 164, 34, 171]","[10, 172, 27, 170, 164, 34, 171]",1,0,0,0,0,0,0,0,0,0,54.395604395604394,54.395604395604394,54.395604395604394,0.00037832837890513273,0.00037832837890513273
5,15,인덕원역,2026-09-07 14:00:00,2026-09-07 14:15:00,fare,outside|wd,7,"[10, 27, 34, 172, 171, 170, 164]","[10, 27, 34, 172, 170, 164, 171]","[10, 27, 34, 172, 170, 164, 171]",1,0,0,0,0,0,0,0,0,0,54.395604395604394,54.395604395604394,54.395604395604394,0.00037832837890513273,0.00037832837890513273
5,15,인덕원역,2026-09-07 16:00:00,2026-09-07 16:15:00,walk,outside|wd,7,"[10, 172, 27, 171, 170, 164, 34]","[10, 172, 27, 170, 164, 34, 171]","[10, 172, 27, 170, 164, 34, 171]",1,0,0,0,0,0,0,0,0,0,58.79120879120879,58.79120879120879,58.79120879120879,0.00041438334547484295,0.00041438334547484295
5,15,인덕원역,2026-09-07 16:00:00,2026-09-07 16:15:00,fare,outside|wd,7,"[10, 27, 34, 172, 171, 170, 164]","[10, 27, 34, 172, 170, 164, 171]","[10, 27, 34, 172, 170, 164, 171]",1,0,0,0,0,0,0,0,0,0,58.79120879120879,58.79120879120879,58.79120879120879,0.00041438334547484295,0.00041438334547484295
5,30,안양시청,2026-09-07 12:00:00,2026-09-07 12:30:00,walk,operating|wd,25,"[16, 31, 161, 241, 165, 166, 81, 261, 162, 56, 262, 163, 167, 164, 21, 37, 30, 168, 172, 169, 170, 201, 27, 171, 401]","[16, 31, 161, 241, 165, 166, 81, 261, 162, 56, 262, 163, 167, 164, 21, 37, 30, 168, 172, 169, 170, 201, 27, 401, 171]","[16, 31, 161, 241, 165, 166, 81, 261, 162, 56, 262, 163, 167, 164, 21, 37, 30, 168, 172, 169, 170, 201, 27, 401, 171]",1,0,0,0,0,0,0,0,0,0,9.079445145018916,9.079445145018916,9.079445145018916,0.0001921548669140631,0.0001921548669140631
5,30,안양시청,2026-09-07 12:00:00,2026-09-07 12:30:00,fare,operating|wd,25,"[16, 21, 37, 30, 201, 27, 401, 31, 241, 81, 261, 56, 262, 172, 161, 165, 166, 162, 163, 167, 164, 168, 169, 170, 171]","[16, 21, 37, 30, 201, 27, 401, 31, 241, 81, 261, 56, 262, 172, 161, 165, 166, 162, 163, 167, 164, 168, 169, 170, 171]","[16, 21, 37, 30, 201, 27, 401, 31, 241, 81, 261, 56, 262, 172, 161, 165, 166, 162, 163, 167, 164, 168, 169, 170, 171]",0,0,0,0,0,0,0,0,0,0,9.079445145018916,9.079445145018916,9.079445145018916,0.0001921548669140631,0.0001921548669140631
5,30,안양시청,2026-09-07 14:00:00,2026-09-07 14:30:00,walk,operating|wd,25,"[16, 31, 161, 241, 165, 166, 81, 261, 162, 56, 262, 163, 167, 164, 21, 37, 30, 168, 172, 169, 170, 201, 27, 171, 401]","[16, 31, 161, 241, 165, 166, 81, 261, 162, 56, 262, 163, 167, 164, 21, 37, 30, 168, 172, 169, 170, 201, 27, 401, 171]","[16, 31, 161, 241, 165, 166, 81, 261, 162, 56, 262, 163, 167, 164, 21, 37, 30, 168, 172, 169, 170, 201, 27, 401, 171]",1,0,0,0,0,0,0,0,0,0,8.701134930643127,8.701134930643127,8.701134930643127,0.0001921548669140631,0.0001921548669140631
5,30,안양시청,2026-09-07 14:00:00,2026-09-07 14:30:00,fare,operating|wd,25,"[16, 21, 37, 30, 201, 27, 401, 31, 241, 81, 261, 56, 262, 172, 161, 165, 166, 162, 163, 167, 164, 168, 169, 170, 171]","[16, 21, 37, 30, 201, 27, 401, 31, 241, 81, 261, 56, 262, 172, 161, 165, 166, 162, 163, 167, 164, 168, 169, 170, 171]","[16, 21, 37, 30, 201, 27, 401, 31, 241, 81, 261, 56, 262, 172, 161, 165, 166, 162, 163, 167, 164, 168, 169, 170, 171]",0,0,0,0,0,0,0,0,0,0,8.701134930643127,8.701134930643127,8.701134930643127,0.0001921548669140631,0.0001921548669140631
5,30,안양시청,2026-09-07 16:00:00,2026-09-07 16:30:00,walk,operating|wd,25,"[16, 31, 161, 241, 165, 166, 81, 261, 162, 56, 262, 163, 167, 164, 21, 37, 30, 168, 172, 169, 170, 201, 27, 171, 401]","[16, 31, 161, 241, 165, 166, 81, 261, 162, 56, 262, 163, 167, 164, 21, 37, 30, 168, 172, 169, 170, 201, 27, 401, 171]","[16, 31, 161, 241, 165, 166, 81, 261, 162, 56, 262, 163, 167, 164, 21, 37, 30, 168, 172, 169, 170, 201, 27, 401, 171]",1,0,0,0,0,0,0,0,0,0,16.51954602774275,16.51954602774275,16.51954602774275,0.00028097934356004293,0.00028097934356004293
5,30,안양시청,2026-09-07 16:00:00,2026-09-07 16:30:00,fare,operating|wd,25,"[81, 16, 21, 37, 30, 201, 27, 401, 31, 241, 261, 56, 262, 172, 161, 165, 166, 162, 163, 167, 164, 168, 169, 170, 171]","[81, 16, 21, 37, 30, 201, 27, 401, 31, 241, 261, 56, 262, 172, 161, 165, 166, 162, 163, 167, 164, 168, 169, 170, 171]","[81, 16, 21, 37, 30, 201, 27, 401, 31, 241, 261, 56, 262, 172, 161, 165, 166, 162, 163, 167, 164, 168, 169, 170, 171]",0,0,0,0,0,0,0,0,0,0,4.761904761904762,4.761904761904762,4.761904761904762,0.00028097934356004293,0.00028097934356004293
5,30,석수역,2026-09-07 06:00:00,2026-09-07 06:30:00,walk,outside|wd,5,"[108, 25, 12, 13, 24]","[25, 12, 13, 24, 108]","[25, 12, 13, 24, 108]",1,1,1,0,0,1,0,1,21,0,98.31932773109244,55.932203389830505,55.932203389830505,0.9962018439738628,0.0004563920231651308
5,30,석수역,2026-09-07 06:00:00,2026-09-07 06:30:00,fare,outside|wd,5,"[108, 25, 13, 24, 12]","[25, 13, 24, 12, 108]","[25, 13, 24, 12, 108]",1,1,1,0,0,1,0,1,21,0,98.31932773109244,55.932203389830505,55.932203389830505,0.9962018439738628,0.0004563920231651308
5,30,석수역,2026-09-07 08:00:00,2026-09-07 08:30:00,walk,outside|wd,5,"[108, 25, 12, 13, 24]","[25, 12, 13, 24, 108]","[25, 12, 13, 24, 108]",1,1,1,0,0,1,0,1,21,0,98.31932773109244,44.91525423728814,44.91525423728814,0.995757690693443,0.00032708901762194484
5,30,석수역,2026-09-07 08:00:00,2026-09-07 08:30:00,fare,outside|wd,5,"[108, 25, 13, 24, 12]","[25, 13, 24, 12, 108]","[25, 13, 24, 12, 108]",1,1,1,0,0,1,0,1,21,0,98.31932773109244,44.91525423728814,44.91525423728814,0.995757690693443,0.00032708901762194484
5,30,석수역,2026-09-07 10:00:00,2026-09-07 10:30:00,walk,operating|wd,5,"[108, 25, 12, 13, 24]","[108, 25, 12, 13, 24]","[108, 25, 12, 13, 24]",0,0,0,0,0,0,0,0,0,0,39.49579831932773,39.49579831932773,39.49579831932773,0.0011623614185820126,0.0011623614185820126
5,30,석수역,2026-09-07 10:00:00,2026-09-07 10:30:00,fare,operating|wd,5,"[108, 25, 12, 13, 24]","[108, 25, 12, 13, 24]","[108, 25, 12, 13, 24]",0,0,0,0,0,0,0,0,0,0,39.49579831932773,39.49579831932773,39.49579831932773,0.0011623614185820126,0.0011623614185820126
5,30,석수역,2026-09-07 12:00:00,2026-09-07 12:30:00,walk,operating|wd,5,"[108, 25, 12, 13, 24]","[108, 25, 12, 13, 24]","[108, 25, 12, 13, 24]",0,0,0,0,0,0,0,0,0,0,38.65546218487395,38.65546218487395,38.65546218487395,0.0006263037350408389,0.0006263037350408389
5,30,석수역,2026-09-07 12:00:00,2026-09-07 12:30:00,fare,operating|wd,5,"[108, 25, 12, 13, 24]","[108, 25, 12, 13, 24]","[108, 25, 12, 13, 24]",0,0,0,0,0,0,0,0,0,0,38.65546218487395,38.65546218487395,38.65546218487395,0.0006263037350408389,0.0006263037350408389
5,30,석수역,2026-09-07 14:00:00,2026-09-07 14:30:00,walk,operating|wd,5,"[108, 25, 12, 13, 24]","[108, 25, 12, 13, 24]","[108, 25, 12, 13, 24]",0,0,0,0,0,0,0,0,0,0,37.81512605042017,37.81512605042017,37.81512605042017,0.0007459858264001898,0.0007459858264001898
5,30,석수역,2026-09-07 14:00:00,2026-09-07 14:30:00,fare,operating|wd,5,"[108, 25, 12, 13, 24]","[108, 25, 12, 13, 24]","[108, 25, 12, 13, 24]",0,0,0,0,0,0,0,0,0,0,37.81512605042017,37.81512605042017,37.81512605042017,0.0007459858264001898,0.0007459858264001898
5,30,석수역,2026-09-07 16:00:00,2026-09-07 16:30:00,walk,operating|wd,5,"[108, 25, 12, 13, 24]","[108, 25, 12, 13, 24]","[108, 25, 12, 13, 24]",0,0,0,0,0,0,0,0,0,0,49.57983193277311,49.57983193277311,49.57983193277311,0.04146991008951234,0.04146991008951234
5,30,석수역,2026-09-07 16:00:00,2026-09-07 16:30:00,fare,operating|wd,5,"[108, 25, 13, 24, 12]","[108, 25, 13, 24, 12]","[108, 25, 13, 24, 12]",0,0,0,0,0,0,0,0,0,0,49.57983193277311,49.57983193277311,49.57983193277311,0.04146991008951234,0.04146991008951234
5,30,석수역,2026-09-07 18:00:00,2026-09-07 18:30:00,walk,outside|wd,5,"[108, 25, 12, 13, 24]","[25, 12, 13, 24, 108]","[25, 12, 13, 24, 108]",1,1,1,0,0,1,0,1,21,0,90.75630252100841,8.474576271186441,8.474576271186441,0.6125137409473075,0.0003019765078860526
5,30,석수역,2026-09-07 18:00:00,2026-09-07 18:30:00,fare,outside|wd,5,"[108, 25, 13, 24, 12]","[25, 13, 24, 12, 108]","[25, 13, 24, 12, 108]",1,1,1,0,0,1,0,1,21,0,90.75630252100841,8.474576271186441,8.474576271186441,0.6125137409473075,0.0003019765078860526
5,30,석수역,2026-09-07 20:00:00,2026-09-07 20:30:00,walk,outside|wd,5,"[108, 25, 12, 13, 24]","[25, 12, 13, 24, 108]","[25, 12, 13, 24, 108]",1,1,1,0,0,1,0,1,21,0,90.75630252100841,22.88135593220339,22.88135593220339,0.6077757880086622,0.00028097934356004293
5,30,석수역,2026-09-07 20:00:00,2026-09-07 20:30:00,fare,outside|wd,5,"[108, 25, 13, 24, 12]","[25, 13, 24, 12, 108]","[25, 13, 24, 12, 108]",1,1,1,0,0,1,0,1,21,0,90.75630252100841,22.88135593220339,22.88135593220339,0.6077757880086622,0.00028097934356004293
5,30,석수역,2026-09-07 22:00:00,2026-09-07 22:30:00,walk,outside|wd,5,"[108, 25, 12, 13, 24]","[25, 12, 13, 24, 108]","[25, 12, 13, 24, 108]",1,1,1,0,0,1,0,1,21,0,90.75630252100841,61.016949152542374,61.016949152542374,0.9278596856769853,0.0002750782061495722
5,30,석수역,2026-09-07 22:00:00,2026-09-07 22:30:00,fare,outside|wd,5,"[108, 25, 13, 24, 12]","[25, 13, 24, 12, 108]","[25, 13, 24, 12, 108]",1,1,1,0,0,1,0,1,21,0,90.75630252100841,61.016949152542374,61.016949152542374,0.9278596856769853,0.0002750782061495722
5,30,범계역,2026-09-07 12:00:00,2026-09-07 12:30:00,walk,operating|wd,25,"[16, 81, 241, 56, 261, 262, 30, 401, 183, 39, 182, 31, 161, 201, 42, 23, 165, 461, 166, 82, 40, 162, 521, 167, 163]","[16, 81, 241, 56, 261, 262, 30, 401, 183, 39, 182, 31, 161, 201, 42, 23, 165, 461, 166, 82, 40, 162, 521, 167, 163]","[16, 81, 241, 56, 261, 262, 30, 401, 183, 39, 182, 31, 161, 201, 42, 23, 165, 461, 166, 82, 40, 162, 521, 167, 163]",0,0,0,0,0,0,0,0,0,0,9.079445145018916,9.079445145018916,9.079445145018916,0.0001921548669140631,0.0001921548669140631
5,30,범계역,2026-09-07 12:00:00,2026-09-07 12:30:00,fare,operating|wd,25,"[16, 30, 401, 201, 42, 82, 521, 81, 241, 56, 261, 262, 183, 39, 182, 31, 23, 461, 40, 161, 165, 166, 162, 167, 163]","[16, 30, 401, 201, 42, 82, 521, 81, 241, 56, 261, 262, 183, 39, 182, 31, 23, 461, 40, 161, 165, 166, 162, 167, 163]","[16, 30, 401, 201, 42, 82, 521, 81, 241, 56, 261, 262, 183, 39, 182, 31, 23, 461, 40, 161, 165, 166, 162, 167, 163]",0,0,0,0,0,0,0,0,0,0,9.079445145018916,9.079445145018916,9.079445145018916,0.0001921548669140631,0.0001921548669140631
5,30,범계역,2026-09-07 14:00:00,2026-09-07 14:30:00,walk,operating|wd,25,"[16, 81, 241, 56, 261, 262, 30, 401, 183, 39, 182, 31, 161, 201, 42, 23, 165, 461, 166, 82, 40, 162, 521, 167, 163]","[16, 81, 241, 56, 261, 262, 30, 401, 183, 39, 182, 31, 161, 201, 42, 23, 165, 461, 166, 82, 40, 162, 521, 167, 163]","[16, 81, 241, 56, 261, 262, 30, 401, 183, 39, 182, 31, 161, 201, 42, 23, 165, 461, 166, 82, 40, 162, 521, 167, 163]",0,0,0,0,0,0,0,0,0,0,8.701134930643127,8.701134930643127,8.701134930643127,0.0001921548669140631,0.0001921548669140631
5,30,범계역,2026-09-07 14:00:00,2026-09-07 14:30:00,fare,operating|wd,25,"[16, 30, 401, 201, 42, 82, 521, 81, 241, 56, 261, 262, 183, 39, 182, 31, 23, 461, 40, 161, 165, 166, 162, 167, 163]","[16, 30, 401, 201, 42, 82, 521, 81, 241, 56, 261, 262, 183, 39, 182, 31, 23, 461, 40, 161, 165, 166, 162, 167, 163]","[16, 30, 401, 201, 42, 82, 521, 81, 241, 56, 261, 262, 183, 39, 182, 31, 23, 461, 40, 161, 165, 166, 162, 167, 163]",0,0,0,0,0,0,0,0,0,0,8.701134930643127,8.701134930643127,8.701134930643127,0.0001921548669140631,0.0001921548669140631
5,30,안양역,2026-09-07 10:00:00,2026-09-07 10:30:00,walk,operating|wd,11,"[48, 112, 53, 11, 52, 7, 8, 38, 29, 18, 28]","[48, 112, 53, 11, 52, 7, 8, 38, 29, 18, 28]","[112, 11, 7, 8, 38, 29, 18, 28, 48, 53, 52]",0,0,0,0,0,0,0,0,0,0,50.0,50.0,52.0,0.21013196963777708,0.21013196963777708
5,30,안양역,2026-09-07 10:00:00,2026-09-07 10:30:00,fare,operating|wd,11,"[18, 8, 38, 28, 48, 112, 53, 11, 52, 7, 29]","[18, 8, 38, 28, 48, 112, 53, 11, 52, 7, 29]","[18, 8, 38, 28, 112, 11, 7, 29, 48, 53, 52]",0,0,0,0,0,0,0,0,0,0,35.714285714285715,35.714285714285715,35.714285714285715,0.00021740836894564155,0.00021740836894564155
5,30,안양역,2026-09-07 12:00:00,2026-09-07 12:30:00,walk,operating|wd,11,"[48, 112, 53, 11, 52, 7, 8, 38, 29, 18, 28]","[48, 112, 53, 11, 52, 7, 8, 38, 29, 18, 28]","[48, 112, 53, 11, 52, 7, 8, 38, 29, 18, 28]",0,0,0,0,0,0,0,0,0,0,25.0,25.0,25.0,0.0003091334830978337,0.0003091334830978337
5,30,안양역,2026-09-07 12:00:00,2026-09-07 12:30:00,fare,operating|wd,11,"[18, 8, 38, 28, 48, 112, 53, 11, 52, 7, 29]","[18, 8, 38, 28, 48, 112, 53, 11, 52, 7, 29]","[18, 8, 38, 28, 48, 112, 53, 11, 52, 7, 29]",0,0,0,0,0,0,0,0,0,0,35.714285714285715,35.714285714285715,35.714285714285715,0.000279525458824864,0.000279525458824864
5,30,안양역,2026-09-07 14:00:00,2026-09-07 14:30:00,walk,operating|wd,11,"[48, 112, 53, 11, 52, 7, 8, 38, 29, 18, 28]","[48, 112, 53, 11, 52, 7, 8, 38, 29, 18, 28]","[48, 112, 53, 11, 52, 7, 8, 38, 29, 18, 28]",0,0,0,0,0,0,0,0,0,0,16.666666666666668,16.666666666666668,16.666666666666668,0.0009395722509092555,0.0009395722509092555
5,30,안양역,2026-09-07 14:00:00,2026-09-07 14:30:00,fare,operating|wd,11,"[18, 8, 38, 28, 48, 112, 53, 11, 52, 7, 29]","[18, 8, 38, 28, 48, 112, 53, 11, 52, 7, 29]","[18, 8, 38, 28, 48, 112, 53, 11, 52, 7, 29]",0,0,0,0,0,0,0,0,0,0,32.142857142857146,32.142857142857146,32.142857142857146,0.00023195391870244124,0.00023195391870244124
5,30,평촌역,2026-09-07 12:00:00,2026-09-07 12:30:00,walk,operating|wd,24,"[16, 31, 162, 166, 241, 163, 161, 167, 164, 37, 172, 168, 169, 27, 165, 261, 170, 262, 56, 171, 10, 21, 81, 34]","[16, 31, 162, 166, 241, 163, 161, 167, 164, 37, 172, 168, 169, 27, 165, 261, 170, 262, 56, 10, 21, 81, 34, 171]","[16, 31, 162, 166, 241, 163, 161, 167, 164, 37, 172, 168, 169, 27, 165, 261, 170, 262, 56, 10, 21, 81, 34, 171]",1,0,0,0,0,0,0,0,0,0,9.079445145018916,9.079445145018916,9.079445145018916,0.0001921548669140631,0.0001921548669140631
5,30,평촌역,2026-09-07 12:00:00,2026-09-07 12:30:00,fare,outside|wd,24,"[10, 16, 37, 27, 21, 34, 31, 241, 172, 261, 262, 56, 81, 162, 166, 163, 161, 167, 164, 168, 169, 165, 170, 171]","[10, 16, 37, 27, 21, 34, 31, 241, 172, 261, 262, 56, 81, 162, 166, 163, 161, 167, 164, 168, 169, 165, 170, 171]","[10, 16, 37, 27, 21, 34, 31, 241, 172, 261, 262, 56, 81, 162, 166, 163, 161, 167, 164, 168, 169, 165, 170, 171]",0,0,0,0,0,0,0,0,0,0,54.94505494505494,54.94505494505494,54.94505494505494,0.0004903742010793982,0.0004903742010793982
5,30,평촌역,2026-09-07 14:00:00,2026-09-07 14:30:00,walk,operating|wd,24,"[16, 31, 162, 166, 241, 163, 161, 167, 164, 37, 172, 168, 169, 27, 165, 261, 170, 262, 56, 171, 10, 21, 81, 34]","[16, 31, 162, 166, 241, 163, 161, 167, 164, 37, 172, 168, 169, 27, 165, 261, 170, 262, 56, 10, 21, 81, 34, 171]","[16, 31, 162, 166, 241, 163, 161, 167, 164, 37, 172, 168, 169, 27, 165, 261, 170, 262, 56, 10, 21, 81, 34, 171]",1,0,0,0,0,0,0,0,0,0,8.701134930643127,8.701134930643127,8.701134930643127,0.0001921548669140631,0.0001921548669140631
5,30,평촌역,2026-09-07 14:00:00,2026-09-07 14:30:00,fare,outside|wd,24,"[10, 16, 37, 27, 21, 34, 31, 241, 172, 261, 262, 56, 81, 162, 166, 163, 161, 167, 164, 168, 169, 165, 170, 171]","[10, 16, 37, 27, 21, 34, 31, 241, 172, 261, 262, 56, 81, 162, 166, 163, 161, 167, 164, 168, 169, 165, 170, 171]","[10, 16, 37, 27, 21, 34, 31, 241, 172, 261, 262, 56, 81, 162, 166, 163, 161, 167, 164, 168, 169, 165, 170, 171]",0,0,0,0,0,0,0,0,0,0,51.64835164835165,51.64835164835165,51.64835164835165,0.0004295339282088639,0.0004295339282088639
5,30,평촌역,2026-09-07 16:00:00,2026-09-07 16:30:00,walk,operating|wd,24,"[16, 31, 162, 166, 241, 163, 161, 167, 164, 37, 172, 168, 169, 27, 165, 261, 170, 262, 56, 171, 10, 21, 81, 34]","[16, 31, 162, 166, 241, 163, 161, 167, 164, 37, 172, 168, 169, 27, 165, 261, 170, 262, 56, 10, 21, 81, 34, 171]","[16, 31, 162, 166, 241, 163, 161, 167, 164, 37, 172, 168, 169, 27, 165, 261, 170, 262, 56, 10, 21, 81, 34, 171]",1,0,0,0,0,0,0,0,0,0,16.51954602774275,16.51954602774275,16.51954602774275,0.00028097934356004293,0.00028097934356004293
5,30,평촌역,2026-09-07 16:00:00,2026-09-07 16:30:00,fare,outside|wd,24,"[10, 81, 16, 37, 27, 21, 34, 31, 241, 172, 261, 262, 56, 162, 166, 163, 161, 167, 164, 168, 169, 165, 170, 171]","[10, 81, 16, 37, 27, 21, 34, 31, 241, 172, 261, 262, 56, 162, 166, 163, 161, 167, 164, 168, 169, 165, 170, 171]","[10, 81, 16, 37, 27, 21, 34, 31, 241, 172, 261, 262, 56, 162, 166, 163, 161, 167, 164, 168, 169, 165, 170, 171]",0,0,0,0,0,0,0,0,0,0,59.89010989010989,59.89010989010989,59.89010989010989,0.001426091015424278,0.001426091015424278
5,30,인덕원역,2026-09-07 10:00:00,2026-09-07 10:30:00,walk,outside|wd,7,"[10, 172, 27, 171, 170, 164, 34]","[10, 172, 27, 170, 164, 34, 171]","[10, 172, 27, 170, 164, 34, 171]",1,0,0,0,0,0,0,0,0,0,60.989010989010985,60.989010989010985,60.989010989010985,0.00044135428763646735,0.00044135428763646735
5,30,인덕원역,2026-09-07 10:00:00,2026-09-07 10:30:00,fare,outside|wd,7,"[10, 27, 34, 172, 171, 170, 164]","[10, 27, 34, 172, 170, 164, 171]","[10, 27, 34, 172, 170, 164, 171]",1,0,0,0,0,0,0,0,0,0,60.989010989010985,60.989010989010985,60.989010989010985,0.00044135428763646735,0.00044135428763646735
5,30,인덕원역,2026-09-07 12:00:00,2026-09-07 12:30:00,walk,outside|wd,7,"[10, 172, 27, 171, 170, 164, 34]","[10, 172, 27, 170, 164, 34, 171]","[10, 172, 27, 170, 164, 34, 171]",1,0,0,0,0,0,0,0,0,0,54.94505494505494,54.94505494505494,54.94505494505494,0.0004903742010793982,0.0004903742010793982
5,30,인덕원역,2026-09-07 12:00:00,2026-09-07 12:30:00,fare,outside|wd,7,"[10, 27, 34, 172, 171, 170, 164]","[10, 27, 34, 172, 170, 164, 171]","[10, 27, 34, 172, 170, 164, 171]",1,0,0,0,0,0,0,0,0,0,54.94505494505494,54.94505494505494,54.94505494505494,0.0004903742010793982,0.0004903742010793982
5,30,인덕원역,2026-09-07 14:00:00,2026-09-07 14:30:00,walk,outside|wd,7,"[10, 172, 27, 171, 170, 164, 34]","[10, 172, 27, 170, 164, 34, 171]","[10, 172, 27, 170, 164, 34, 171]",1,0,0,0,0,0,0,0,0,0,51.64835164835165,51.64835164835165,51.64835164835165,0.0004295339282088639,0.0004295339282088639
5,30,인덕원역,2026-09-07 14:00:00,2026-09-07 14:30:00,fare,outside|wd,7,"[10, 27, 34, 172, 171, 170, 164]","[10, 27, 34, 172, 170, 164, 171]","[10, 27, 34, 172, 170, 164, 171]",1,0,0,0,0,0,0,0,0,0,51.64835164835165,51.64835164835165,51.64835164835165,0.0004295339282088639,0.0004295339282088639
5,30,인덕원역,2026-09-07 16:00:00,2026-09-07 16:30:00,walk,outside|wd,7,"[10, 172, 27, 171, 170, 164, 34]","[10, 172, 27, 170, 164, 34, 171]","[10, 172, 27, 170, 164, 34, 171]",1,0,0,0,0,0,0,0,0,0,59.89010989010989,59.89010989010989,59.89010989010989,0.001426091015424278,0.001426091015424278
5,30,인덕원역,2026-09-07 16:00:00,2026-09-07 16:30:00,fare,outside|wd,7,"[10, 27, 34, 172, 171, 170, 164]","[10, 27, 34, 172, 170, 164, 171]","[10, 27, 34, 172, 170, 164, 171]",1,0,0,0,0,0,0,0,0,0,59.89010989010989,59.89010989010989,59.89010989010989,0.001426091015424278,0.001426091015424278
5,60,안양시청,2026-09-07 12:00:00,2026-09-07 13:00:00,walk,operating|wd,25,"[16, 31, 161, 241, 165, 166, 81, 261, 162, 56, 262, 163, 167, 164, 21, 37, 30, 168, 172, 169, 170, 201, 27, 171, 401]","[16, 31, 161, 241, 165, 166, 81, 261, 162, 56, 262, 163, 167, 164, 21, 37, 30, 168, 172, 169, 170, 201, 27, 401, 171]","[16, 31, 161, 241, 165, 166, 81, 261, 162, 56, 262, 163, 167, 164, 21, 37, 30, 168, 172, 169, 170, 201, 27, 401, 171]",1,0,0,0,0,0,0,0,0,0,6.683480453972257,6.683480453972257,6.683480453972257,0.0006183514935207229,0.0006183514935207229
5,60,안양시청,2026-09-07 12:00:00,2026-09-07 13:00:00,fare,operating|wd,25,"[16, 21, 37, 30, 201, 27, 401, 31, 241, 81, 261, 56, 262, 172, 161, 165, 166, 162, 163, 167, 164, 168, 169, 170, 171]","[16, 21, 37, 30, 201, 27, 401, 31, 241, 81, 261, 56, 262, 172, 161, 165, 166, 162, 163, 167, 164, 168, 169, 170, 171]","[16, 21, 37, 30, 201, 27, 401, 31, 241, 81, 261, 56, 262, 172, 161, 165, 166, 162, 163, 167, 164, 168, 169, 170, 171]",0,0,0,0,0,0,0,0,0,0,6.683480453972257,6.683480453972257,6.683480453972257,0.0006183514935207229,0.0006183514935207229
5,60,안양시청,2026-09-07 14:00:00,2026-09-07 15:00:00,walk,operating|wd,25,"[16, 31, 161, 241, 165, 166, 81, 261, 162, 56, 262, 163, 167, 164, 21, 37, 30, 168, 172, 169, 170, 201, 27, 171, 401]","[16, 31, 161, 241, 165, 166, 81, 261, 162, 56, 262, 163, 167, 164, 21, 37, 30, 168, 172, 169, 170, 201, 27, 401, 171]","[16, 31, 161, 241, 165, 166, 81, 261, 162, 56, 262, 163, 167, 164, 21, 37, 30, 168, 172, 169, 170, 201, 27, 401, 171]",1,0,0,0,0,0,0,0,0,0,9.96216897856242,9.96216897856242,9.96216897856242,0.000597922795405382,0.000597922795405382
5,60,안양시청,2026-09-07 14:00:00,2026-09-07 15:00:00,fare,operating|wd,25,"[16, 21, 37, 30, 201, 27, 401, 31, 241, 81, 261, 56, 262, 172, 161, 165, 166, 162, 163, 167, 164, 168, 169, 170, 171]","[16, 21, 37, 30, 201, 27, 401, 31, 241, 81, 261, 56, 262, 172, 161, 165, 166, 162, 163, 167, 164, 168, 169, 170, 171]","[16, 21, 37, 30, 201, 27, 401, 31, 241, 81, 261, 56, 262, 172, 161, 165, 166, 162, 163, 167, 164, 168, 169, 170, 171]",0,0,0,0,0,0,0,0,0,0,9.96216897856242,9.96216897856242,9.96216897856242,0.000597922795405382,0.000597922795405382
5,60,안양시청,2026-09-07 16:00:00,2026-09-07 17:00:00,walk,operating|wd,25,"[16, 31, 161, 241, 165, 166, 81, 261, 162, 56, 262, 163, 167, 164, 21, 37, 30, 168, 172, 169, 170, 201, 27, 171, 401]","[16, 31, 161, 241, 165, 166, 81, 261, 162, 56, 262, 163, 167, 164, 21, 37, 30, 168, 172, 169, 170, 201, 27, 401, 171]","[16, 31, 161, 241, 165, 166, 81, 261, 162, 56, 262, 163, 167, 164, 21, 37, 30, 168, 172, 169, 170, 201, 27, 401, 171]",1,0,0,0,0,0,0,0,0,0,20.1765447667087,20.1765447667087,20.1765447667087,0.0006204888797669456,0.0006204888797669456
5,60,안양시청,2026-09-07 16:00:00,2026-09-07 17:00:00,fare,outside|wd,25,"[81, 16, 21, 37, 30, 201, 27, 401, 31, 241, 261, 56, 262, 172, 161, 165, 166, 162, 163, 167, 164, 168, 169, 170, 171]","[81, 16, 21, 37, 30, 201, 27, 401, 31, 241, 261, 56, 262, 172, 161, 165, 166, 162, 163, 167, 164, 168, 169, 170, 171]","[81, 16, 21, 37, 30, 201, 27, 401, 31, 241, 261, 56, 262, 172, 161, 165, 166, 162, 163, 167, 164, 168, 169, 170, 171]",0,0,0,0,0,0,0,0,0,0,9.523809523809524,9.523809523809524,9.523809523809524,0.0006204888797669456,0.0006204888797669456
5,60,석수역,2026-09-07 06:00:00,2026-09-07 07:00:00,walk,outside|wd,5,"[108, 25, 12, 13, 24]","[25, 12, 13, 24, 108]","[25, 12, 13, 24, 108]",1,1,1,0,0,1,0,1,21,0,98.31932773109244,56.779661016949156,56.779661016949156,0.9937422128294648,0.0010064290019276374
5,60,석수역,2026-09-07 06:00:00,2026-09-07 07:00:00,fare,outside|wd,5,"[108, 25, 13, 24, 12]","[25, 13, 24, 12, 108]","[25, 13, 24, 12, 108]",1,1,1,0,0,1,0,1,21,0,98.31932773109244,56.779661016949156,56.779661016949156,0.9937422128294648,0.0010064290019276374
5,60,석수역,2026-09-07 08:00:00,2026-09-07 09:00:00,walk,operating|wd,5,"[108, 25, 12, 13, 24]","[25, 12, 13, 24, 108]","[25, 12, 13, 24, 108]",1,1,1,0,0,1,0,1,21,0,98.31932773109244,33.898305084745765,33.898305084745765,0.9846367569489495,0.0016016015951150302
5,60,석수역,2026-09-07 08:00:00,2026-09-07 09:00:00,fare,operating|wd,5,"[108, 25, 12, 13, 24]","[25, 12, 13, 24, 108]","[25, 12, 13, 24, 108]",1,1,1,0,0,1,0,1,21,0,98.31932773109244,33.898305084745765,33.898305084745765,0.9846367569489495,0.0016016015951150302
5,60,석수역,2026-09-07 10:00:00,2026-09-07 11:00:00,walk,operating|wd,5,"[108, 25, 12, 13, 24]","[108, 25, 12, 13, 24]","[108, 25, 12, 13, 24]",0,0,0,0,0,0,0,0,0,0,40.33613445378151,40.33613445378151,40.33613445378151,0.00599060563030109,0.00599060563030109
5,60,석수역,2026-09-07 10:00:00,2026-09-07 11:00:00,fare,operating|wd,5,"[108, 25, 12, 13, 24]","[108, 25, 12, 13, 24]","[108, 25, 12, 13, 24]",0,0,0,0,0,0,0,0,0,0,40.33613445378151,40.33613445378151,40.33613445378151,0.00599060563030109,0.00599060563030109
5,60,석수역,2026-09-07 12:00:00,2026-09-07 13:00:00,walk,operating|wd,5,"[108, 25, 12, 13, 24]","[108, 25, 12, 13, 24]","[108, 25, 12, 13, 24]",0,0,0,0,0,0,0,0,0,0,36.97478991596638,36.97478991596638,36.97478991596638,0.006058499634195202,0.006058499634195202
5,60,석수역,2026-09-07 12:00:00,2026-09-07 13:00:00,fare,operating|wd,5,"[108, 25, 12, 13, 24]","[108, 25, 12, 13, 24]","[108, 25, 12, 13, 24]",0,0,0,0,0,0,0,0,0,0,36.97478991596638,36.97478991596638,36.97478991596638,0.006058499634195202,0.006058499634195202
5,60,석수역,2026-09-07 14:00:00,2026-09-07 15:00:00,walk,operating|wd,5,"[108, 25, 12, 13, 24]","[108, 25, 12, 13, 24]","[108, 25, 12, 13, 24]",0,0,0,0,0,0,0,0,0,0,39.49579831932773,39.49579831932773,39.49579831932773,0.005074346939166327,0.005074346939166327
5,60,석수역,2026-09-07 14:00:00,2026-09-07 15:00:00,fare,operating|wd,5,"[108, 25, 12, 13, 24]","[108, 25, 12, 13, 24]","[108, 25, 12, 13, 24]",0,0,0,0,0,0,0,0,0,0,39.49579831932773,39.49579831932773,39.49579831932773,0.005074346939166327,0.005074346939166327
5,60,석수역,2026-09-07 16:00:00,2026-09-07 17:00:00,walk,outside|wd,5,"[108, 25, 12, 13, 24]","[25, 12, 13, 24, 108]","[108, 25, 12, 13, 24]",1,1,1,0,1,1,0,1,21,0,90.75630252100841,13.559322033898304,90.75630252100841,0.5603296963308728,0.0005742610740049232
5,60,석수역,2026-09-07 16:00:00,2026-09-07 17:00:00,fare,outside|wd,5,"[108, 25, 13, 24, 12]","[25, 13, 24, 12, 108]","[108, 25, 13, 24, 12]",1,1,1,0,1,1,0,1,21,0,90.75630252100841,13.559322033898304,90.75630252100841,0.5603296963308728,0.0005742610740049232
5,60,석수역,2026-09-07 18:00:00,2026-09-07 19:00:00,walk,outside|wd,5,"[108, 25, 12, 13, 24]","[108, 25, 12, 13, 24]","[25, 12, 13, 24, 108]",0,0,1,1,0,0,0,0,0,0,90.75630252100841,90.75630252100841,5.932203389830509,0.4553667293536699,0.4553667293536699
5,60,석수역,2026-09-07 18:00:00,2026-09-07 19:00:00,fare,outside|wd,5,"[108, 25, 13, 24, 12]","[108, 25, 13, 24, 12]","[25, 13, 24, 12, 108]",0,0,1,1,0,0,0,0,0,0,90.75630252100841,90.75630252100841,5.932203389830509,0.4553667293536699,0.4553667293536699
5,60,석수역,2026-09-07 20:00:00,2026-09-07 21:00:00,walk,outside|wd,5,"[108, 25, 12, 13, 24]","[25, 12, 13, 24, 108]","[25, 12, 13, 24, 108]",1,1,1,0,0,1,0,1,21,0,90.75630252100841,31.35593220338983,31.35593220338983,0.5608059627401901,0.0005703202911531985
5,60,석수역,2026-09-07 20:00:00,2026-09-07 21:00:00,fare,outside|wd,5,"[108, 25, 13, 24, 12]","[25, 13, 24, 12, 108]","[25, 13, 24, 12, 108]",1,1,1,0,0,1,0,1,21,0,90.75630252100841,31.35593220338983,31.35593220338983,0.5608059627401901,0.0005703202911531985
5,60,범계역,2026-09-07 12:00:00,2026-09-07 13:00:00,walk,operating|wd,25,"[16, 81, 241, 56, 261, 262, 30, 401, 183, 39, 182, 31, 161, 201, 42, 23, 165, 461, 166, 82, 40, 162, 521, 167, 163]","[16, 81, 241, 56, 261, 262, 30, 401, 183, 39, 182, 31, 161, 201, 42, 23, 165, 461, 166, 82, 40, 162, 521, 167, 163]","[16, 81, 241, 56, 261, 262, 30, 401, 183, 39, 182, 31, 161, 201, 42, 23, 165, 461, 166, 82, 40, 162, 521, 167, 163]",0,0,0,0,0,0,0,0,0,0,6.683480453972257,6.683480453972257,6.683480453972257,0.0006183514935207229,0.0006183514935207229
5,60,범계역,2026-09-07 12:00:00,2026-09-07 13:00:00,fare,operating|wd,25,"[16, 30, 401, 201, 42, 82, 521, 81, 241, 56, 261, 262, 183, 39, 182, 31, 23, 461, 40, 161, 165, 166, 162, 167, 163]","[16, 30, 401, 201, 42, 82, 521, 81, 241, 56, 261, 262, 183, 39, 182, 31, 23, 461, 40, 161, 165, 166, 162, 167, 163]","[16, 30, 401, 201, 42, 82, 521, 81, 241, 56, 261, 262, 183, 39, 182, 31, 23, 461, 40, 161, 165, 166, 162, 167, 163]",0,0,0,0,0,0,0,0,0,0,6.683480453972257,6.683480453972257,6.683480453972257,0.0006183514935207229,0.0006183514935207229
5,60,범계역,2026-09-07 14:00:00,2026-09-07 15:00:00,walk,operating|wd,25,"[16, 81, 241, 56, 261, 262, 30, 401, 183, 39, 182, 31, 161, 201, 42, 23, 165, 461, 166, 82, 40, 162, 521, 167, 163]","[16, 81, 241, 56, 261, 262, 30, 401, 183, 39, 182, 31, 161, 201, 42, 23, 165, 461, 166, 82, 40, 162, 521, 167, 163]","[16, 81, 241, 56, 261, 262, 30, 401, 183, 39, 182, 31, 161, 201, 42, 23, 165, 461, 166, 82, 40, 162, 521, 167, 163]",0,0,0,0,0,0,0,0,0,0,9.96216897856242,9.96216897856242,9.96216897856242,0.000597922795405382,0.000597922795405382
5,60,범계역,2026-09-07 14:00:00,2026-09-07 15:00:00,fare,operating|wd,25,"[16, 30, 401, 201, 42, 82, 521, 81, 241, 56, 261, 262, 183, 39, 182, 31, 23, 461, 40, 161, 165, 166, 162, 167, 163]","[16, 30, 401, 201, 42, 82, 521, 81, 241, 56, 261, 262, 183, 39, 182, 31, 23, 461, 40, 161, 165, 166, 162, 167, 163]","[16, 30, 401, 201, 42, 82, 521, 81, 241, 56, 261, 262, 183, 39, 182, 31, 23, 461, 40, 161, 165, 166, 162, 167, 163]",0,0,0,0,0,0,0,0,0,0,9.96216897856242,9.96216897856242,9.96216897856242,0.000597922795405382,0.000597922795405382
5,60,안양역,2026-09-07 10:00:00,2026-09-07 11:00:00,walk,operating|wd,11,"[48, 112, 53, 11, 52, 7, 8, 38, 29, 18, 28]","[48, 112, 53, 11, 52, 7, 8, 38, 29, 18, 28]","[112, 11, 7, 8, 38, 29, 18, 28, 48, 53, 52]",0,0,0,0,0,0,0,0,0,0,41.666666666666664,41.666666666666664,48.0,0.07766227626368628,0.07766227626368628
5,60,안양역,2026-09-07 10:00:00,2026-09-07 11:00:00,fare,operating|wd,11,"[18, 8, 38, 28, 48, 112, 53, 11, 52, 7, 29]","[18, 8, 38, 28, 48, 112, 53, 11, 52, 7, 29]","[18, 8, 38, 28, 112, 11, 7, 29, 48, 53, 52]",0,0,0,0,0,0,0,0,0,0,33.92857142857143,33.92857142857143,33.92857142857143,0.0008251417315076732,0.0008251417315076732
5,60,안양역,2026-09-07 12:00:00,2026-09-07 13:00:00,walk,operating|wd,11,"[48, 112, 53, 11, 52, 7, 8, 38, 29, 18, 28]","[48, 112, 53, 11, 52, 7, 8, 38, 29, 18, 28]","[48, 112, 53, 11, 52, 7, 8, 38, 29, 18, 28]",0,0,0,0,0,0,0,0,0,0,33.333333333333336,33.333333333333336,33.333333333333336,0.004591880693053079,0.004591880693053079
5,60,안양역,2026-09-07 12:00:00,2026-09-07 13:00:00,fare,operating|wd,11,"[18, 8, 38, 28, 48, 112, 53, 11, 52, 7, 29]","[18, 8, 38, 28, 48, 112, 53, 11, 52, 7, 29]","[18, 8, 38, 28, 48, 112, 53, 11, 52, 7, 29]",0,0,0,0,0,0,0,0,0,0,35.714285714285715,35.714285714285715,35.714285714285715,0.0011971607860899478,0.0011971607860899478
5,60,평촌역,2026-09-07 12:00:00,2026-09-07 13:00:00,walk,operating|wd,24,"[16, 31, 162, 166, 241, 163, 161, 167, 164, 37, 172, 168, 169, 27, 165, 261, 170, 262, 56, 171, 10, 21, 81, 34]","[16, 31, 162, 166, 241, 163, 161, 167, 164, 37, 172, 168, 169, 27, 165, 261, 170, 262, 56, 10, 21, 81, 34, 171]","[16, 31, 162, 166, 241, 163, 161, 167, 164, 37, 172, 168, 169, 27, 165, 261, 170, 262, 56, 10, 21, 81, 34, 171]",1,0,0,0,0,0,0,0,0,0,6.683480453972257,6.683480453972257,6.683480453972257,0.0006183514935207229,0.0006183514935207229
5,60,평촌역,2026-09-07 12:00:00,2026-09-07 13:00:00,fare,outside|wd,24,"[10, 16, 37, 27, 21, 34, 31, 241, 172, 261, 262, 56, 81, 162, 166, 163, 161, 167, 164, 168, 169, 165, 170, 171]","[10, 16, 37, 27, 21, 34, 31, 241, 172, 261, 262, 56, 81, 162, 166, 163, 161, 167, 164, 168, 169, 165, 170, 171]","[10, 16, 37, 27, 21, 34, 31, 241, 172, 261, 262, 56, 81, 162, 166, 163, 161, 167, 164, 168, 169, 165, 170, 171]",0,0,0,0,0,0,0,0,0,0,58.24175824175824,58.24175824175824,58.24175824175824,0.007331497381459699,0.007331497381459699
5,60,평촌역,2026-09-07 14:00:00,2026-09-07 15:00:00,walk,operating|wd,24,"[16, 31, 162, 166, 241, 163, 161, 167, 164, 37, 172, 168, 169, 27, 165, 261, 170, 262, 56, 171, 10, 21, 81, 34]","[16, 31, 162, 166, 241, 163, 161, 167, 164, 37, 172, 168, 169, 27, 165, 261, 170, 262, 56, 10, 21, 81, 34, 171]","[16, 31, 162, 166, 241, 163, 161, 167, 164, 37, 172, 168, 169, 27, 165, 261, 170, 262, 56, 10, 21, 81, 34, 171]",1,0,0,0,0,0,0,0,0,0,9.96216897856242,9.96216897856242,9.96216897856242,0.000597922795405382,0.000597922795405382
5,60,평촌역,2026-09-07 14:00:00,2026-09-07 15:00:00,fare,outside|wd,24,"[10, 16, 37, 27, 21, 34, 31, 241, 172, 261, 262, 56, 81, 162, 166, 163, 161, 167, 164, 168, 169, 165, 170, 171]","[10, 16, 37, 27, 21, 34, 31, 241, 172, 261, 262, 56, 81, 162, 166, 163, 161, 167, 164, 168, 169, 165, 170, 171]","[10, 16, 37, 27, 21, 34, 31, 241, 172, 261, 262, 56, 81, 162, 166, 163, 161, 167, 164, 168, 169, 165, 170, 171]",0,0,0,0,0,0,0,0,0,0,51.0989010989011,51.0989010989011,51.0989010989011,0.005632805803171705,0.005632805803171705
5,60,평촌역,2026-09-07 16:00:00,2026-09-07 17:00:00,walk,operating|wd,24,"[16, 31, 162, 166, 241, 163, 161, 167, 164, 37, 172, 168, 169, 27, 165, 261, 170, 262, 56, 171, 10, 21, 81, 34]","[16, 31, 162, 166, 241, 163, 161, 167, 164, 37, 172, 168, 169, 27, 165, 261, 170, 262, 56, 10, 21, 81, 34, 171]","[16, 31, 162, 166, 241, 163, 161, 167, 164, 37, 172, 168, 169, 27, 165, 261, 170, 262, 56, 10, 21, 81, 34, 171]",1,0,0,0,0,0,0,0,0,0,20.1765447667087,20.1765447667087,20.1765447667087,0.0006204888797669456,0.0006204888797669456
5,60,평촌역,2026-09-07 16:00:00,2026-09-07 17:00:00,fare,outside|wd,24,"[10, 81, 16, 37, 27, 21, 34, 31, 241, 172, 261, 262, 56, 162, 166, 163, 161, 167, 164, 168, 169, 165, 170, 171]","[10, 81, 16, 37, 27, 21, 34, 31, 241, 172, 261, 262, 56, 162, 166, 163, 161, 167, 164, 168, 169, 165, 170, 171]","[10, 81, 16, 37, 27, 21, 34, 31, 241, 172, 261, 262, 56, 162, 166, 163, 161, 167, 164, 168, 169, 165, 170, 171]",0,0,0,0,0,0,0,0,0,0,60.989010989010985,60.989010989010985,60.989010989010985,0.006507116465422009,0.006507116465422009
5,60,인덕원역,2026-09-07 10:00:00,2026-09-07 11:00:00,walk,outside|wd,7,"[10, 172, 27, 171, 170, 164, 34]","[10, 172, 27, 170, 164, 34, 171]","[10, 172, 27, 170, 164, 34, 171]",1,0,0,0,0,0,0,0,0,0,59.34065934065934,59.34065934065934,59.34065934065934,0.00641046394180909,0.00641046394180909
5,60,인덕원역,2026-09-07 10:00:00,2026-09-07 11:00:00,fare,outside|wd,7,"[10, 27, 34, 172, 171, 170, 164]","[10, 27, 34, 172, 170, 164, 171]","[10, 27, 34, 172, 170, 164, 171]",1,0,0,0,0,0,0,0,0,0,59.34065934065934,59.34065934065934,59.34065934065934,0.00641046394180909,0.00641046394180909
5,60,인덕원역,2026-09-07 12:00:00,2026-09-07 13:00:00,walk,outside|wd,7,"[10, 172, 27, 171, 170, 164, 34]","[10, 172, 27, 170, 164, 34, 171]","[10, 172, 27, 170, 164, 34, 171]",1,0,0,0,0,0,0,0,0,0,58.24175824175824,58.24175824175824,58.24175824175824,0.007331497381459699,0.007331497381459699
5,60,인덕원역,2026-09-07 12:00:00,2026-09-07 13:00:00,fare,outside|wd,7,"[10, 27, 34, 172, 171, 170, 164]","[10, 27, 34, 172, 170, 164, 171]","[10, 27, 34, 172, 170, 164, 171]",1,0,0,0,0,0,0,0,0,0,58.24175824175824,58.24175824175824,58.24175824175824,0.007331497381459699,0.007331497381459699
5,60,인덕원역,2026-09-07 14:00:00,2026-09-07 15:00:00,walk,outside|wd,7,"[10, 172, 27, 171, 170, 164, 34]","[10, 172, 27, 170, 164, 34, 171]","[10, 172, 27, 170, 164, 34, 171]",1,0,0,0,0,0,0,0,0,0,51.0989010989011,51.0989010989011,51.0989010989011,0.005632805803171705,0.005632805803171705
5,60,인덕원역,2026-09-07 14:00:00,2026-09-07 15:00:00,fare,outside|wd,7,"[10, 27, 34, 172, 171, 170, 164]","[10, 27, 34, 172, 170, 164, 171]","[10, 27, 34, 172, 170, 164, 171]",1,0,0,0,0,0,0,0,0,0,51.0989010989011,51.0989010989011,51.0989010989011,0.005632805803171705,0.005632805803171705
5,60,인덕원역,2026-09-07 16:00:00,2026-09-07 17:00:00,walk,outside|wd,7,"[10, 172, 27, 171, 170, 164, 34]","[10, 172, 27, 170, 164, 34, 171]","[10, 172, 27, 170, 164, 34, 171]",1,0,0,0,0,0,0,0,0,0,60.989010989010985,60.989010989010985,60.989010989010985,0.006507116465422009,0.006507116465422009
5,60,인덕원역,2026-09-07 16:00:00,2026-09-07 17:00:00,fare,outside|wd,7,"[10, 27, 34, 172, 171, 170, 164]","[10, 27, 34, 172, 170, 164, 171]","[10, 27, 34, 172, 170, 164, 171]",1,0,0,0,0,0,0,0,0,0,60.989010989010985,60.989010989010985,60.989010989010985,0.006507116465422009,0.006507116465422009
5,120,안양시청,2026-09-07 12:00:00,2026-09-07 14:00:00,walk,operating|wd,25,"[16, 31, 161, 241, 165, 166, 81, 261, 162, 56, 262, 163, 167, 164, 21, 37, 30, 168, 172, 169, 170, 201, 27, 171, 401]","[16, 31, 161, 241, 165, 166, 81, 261, 162, 56, 262, 163, 167, 164, 21, 37, 30, 168, 172, 169, 170, 201, 27, 401, 171]","[16, 31, 161, 241, 165, 166, 81, 261, 162, 56, 262, 163, 167, 164, 21, 37, 30, 168, 172, 169, 170, 201, 27, 401, 171]",1,0,0,0,0,0,0,0,0,0,6.809583858764187,6.809583858764187,6.809583858764187,0.002087065393615669,0.002087065393615669
5,120,안양시청,2026-09-07 12:00:00,2026-09-07 14:00:00,fare,operating|wd,25,"[16, 21, 37, 30, 201, 27, 401, 31, 241, 81, 261, 56, 262, 172, 161, 165, 166, 162, 163, 167, 164, 168, 169, 170, 171]","[16, 21, 37, 30, 201, 27, 401, 31, 241, 81, 261, 56, 262, 172, 161, 165, 166, 162, 163, 167, 164, 168, 169, 170, 171]","[16, 21, 37, 30, 201, 27, 401, 31, 241, 81, 261, 56, 262, 172, 161, 165, 166, 162, 163, 167, 164, 168, 169, 170, 171]",0,0,0,0,0,0,0,0,0,0,6.809583858764187,6.809583858764187,6.809583858764187,0.002087065393615669,0.002087065393615669
5,120,안양시청,2026-09-07 14:00:00,2026-09-07 16:00:00,walk,operating|wd,25,"[16, 31, 161, 241, 165, 166, 81, 261, 162, 56, 262, 163, 167, 164, 21, 37, 30, 168, 172, 169, 170, 201, 27, 171, 401]","[16, 31, 161, 241, 165, 166, 81, 261, 162, 56, 262, 163, 167, 164, 21, 37, 30, 168, 172, 169, 170, 201, 27, 401, 171]","[16, 31, 161, 241, 165, 166, 81, 261, 162, 56, 262, 163, 167, 164, 21, 37, 30, 168, 172, 169, 170, 201, 27, 401, 171]",1,0,0,0,0,0,0,0,0,0,13.619167717528374,13.619167717528374,13.619167717528374,0.002429302433507321,0.002429302433507321
5,120,안양시청,2026-09-07 14:00:00,2026-09-07 16:00:00,fare,operating|wd,25,"[16, 21, 37, 30, 201, 27, 401, 31, 241, 81, 261, 56, 262, 172, 161, 165, 166, 162, 163, 167, 164, 168, 169, 170, 171]","[16, 21, 37, 30, 201, 27, 401, 31, 241, 81, 261, 56, 262, 172, 161, 165, 166, 162, 163, 167, 164, 168, 169, 170, 171]","[16, 21, 37, 30, 201, 27, 401, 31, 241, 81, 261, 56, 262, 172, 161, 165, 166, 162, 163, 167, 164, 168, 169, 170, 171]",0,0,0,0,0,0,0,0,0,0,13.619167717528374,13.619167717528374,13.619167717528374,0.002429302433507321,0.002429302433507321
5,120,석수역,2026-09-07 06:00:00,2026-09-07 08:00:00,walk,outside|wd,5,"[108, 25, 12, 13, 24]","[25, 12, 13, 24, 108]","[25, 12, 13, 24, 108]",1,1,1,0,0,1,0,1,21,0,98.31932773109244,52.54237288135593,52.54237288135593,0.9766337889661941,0.0038125260402355654
5,120,석수역,2026-09-07 06:00:00,2026-09-07 08:00:00,fare,outside|wd,5,"[108, 25, 13, 24, 12]","[25, 13, 24, 12, 108]","[25, 13, 24, 12, 108]",1,1,1,0,0,1,0,1,21,0,98.31932773109244,52.54237288135593,52.54237288135593,0.9766337889661941,0.0038125260402355654
5,120,석수역,2026-09-07 08:00:00,2026-09-07 10:00:00,walk,operating|wd,5,"[108, 25, 12, 13, 24]","[108, 25, 12, 13, 24]","[25, 12, 13, 24, 108]",0,0,0,0,0,0,0,0,0,0,39.49579831932773,39.49579831932773,24.576271186440678,0.310822703859696,0.310822703859696
5,120,석수역,2026-09-07 08:00:00,2026-09-07 10:00:00,fare,operating|wd,5,"[108, 25, 12, 13, 24]","[108, 25, 12, 13, 24]","[25, 12, 13, 24, 108]",0,0,0,0,0,0,0,0,0,0,39.49579831932773,39.49579831932773,24.576271186440678,0.310822703859696,0.310822703859696
5,120,석수역,2026-09-07 10:00:00,2026-09-07 12:00:00,walk,operating|wd,5,"[108, 25, 12, 13, 24]","[108, 25, 12, 13, 24]","[108, 25, 12, 13, 24]",0,0,0,0,0,0,0,0,0,0,40.33613445378151,40.33613445378151,40.33613445378151,0.018346350218883967,0.018346350218883967
5,120,석수역,2026-09-07 10:00:00,2026-09-07 12:00:00,fare,operating|wd,5,"[108, 25, 12, 13, 24]","[108, 25, 12, 13, 24]","[108, 25, 12, 13, 24]",0,0,0,0,0,0,0,0,0,0,40.33613445378151,40.33613445378151,40.33613445378151,0.018346350218883967,0.018346350218883967
5,120,석수역,2026-09-07 12:00:00,2026-09-07 14:00:00,walk,operating|wd,5,"[108, 25, 12, 13, 24]","[108, 25, 12, 13, 24]","[108, 25, 12, 13, 24]",0,0,0,0,0,0,0,0,0,0,37.81512605042017,37.81512605042017,37.81512605042017,0.007194332061471049,0.007194332061471049
5,120,석수역,2026-09-07 12:00:00,2026-09-07 14:00:00,fare,operating|wd,5,"[108, 25, 12, 13, 24]","[108, 25, 12, 13, 24]","[108, 25, 12, 13, 24]",0,0,0,0,0,0,0,0,0,0,37.81512605042017,37.81512605042017,37.81512605042017,0.007194332061471049,0.007194332061471049
5,120,석수역,2026-09-07 14:00:00,2026-09-07 16:00:00,walk,operating|wd,5,"[108, 25, 12, 13, 24]","[108, 25, 12, 13, 24]","[108, 25, 12, 13, 24]",0,0,0,0,0,0,0,0,0,0,42.016806722689076,42.016806722689076,42.016806722689076,0.01157617445649694,0.01157617445649694
5,120,석수역,2026-09-07 14:00:00,2026-09-07 16:00:00,fare,operating|wd,5,"[108, 25, 12, 13, 24]","[108, 25, 12, 13, 24]","[108, 25, 12, 13, 24]",0,0,0,0,0,0,0,0,0,0,42.016806722689076,42.016806722689076,42.016806722689076,0.01157617445649694,0.01157617445649694
5,120,석수역,2026-09-07 16:00:00,2026-09-07 18:00:00,walk,outside|wd,5,"[108, 25, 12, 13, 24]","[108, 25, 12, 13, 24]","[108, 25, 12, 13, 24]",0,0,1,1,1,0,0,0,0,0,90.75630252100841,90.75630252100841,90.75630252100841,0.2047324622417803,0.2047324622417803
5,120,석수역,2026-09-07 16:00:00,2026-09-07 18:00:00,fare,outside|wd,5,"[108, 25, 13, 24, 12]","[108, 25, 13, 24, 12]","[108, 25, 13, 24, 12]",0,0,1,1,1,0,0,0,0,0,90.75630252100841,90.75630252100841,90.75630252100841,0.2047324622417803,0.2047324622417803
5,120,석수역,2026-09-07 18:00:00,2026-09-07 20:00:00,walk,outside|wd,5,"[108, 25, 12, 13, 24]","[25, 12, 13, 24, 108]","[25, 12, 13, 24, 108]",1,1,1,0,0,1,0,1,21,0,90.75630252100841,12.711864406779661,12.711864406779661,0.8113490949911468,0.002815173653220567
5,120,석수역,2026-09-07 18:00:00,2026-09-07 20:00:00,fare,outside|wd,5,"[108, 25, 13, 24, 12]","[25, 13, 24, 12, 108]","[25, 13, 24, 12, 108]",1,1,1,0,0,1,0,1,21,0,90.75630252100841,12.711864406779661,12.711864406779661,0.8113490949911468,0.002815173653220567
5,120,석수역,2026-09-07 20:00:00,2026-09-07 22:00:00,walk,outside|wd,5,"[108, 25, 12, 13, 24]","[25, 12, 13, 24, 108]","[25, 12, 13, 24, 108]",1,1,1,0,0,1,0,1,21,0,90.75630252100841,33.05084745762712,33.05084745762712,0.9377948347316969,0.0041955260393688205
5,120,석수역,2026-09-07 20:00:00,2026-09-07 22:00:00,fare,outside|wd,5,"[108, 25, 13, 24, 12]","[25, 13, 24, 12, 108]","[25, 13, 24, 12, 108]",1,1,1,0,0,1,0,1,21,0,90.75630252100841,33.05084745762712,33.05084745762712,0.9377948347316969,0.0041955260393688205
5,120,범계역,2026-09-07 12:00:00,2026-09-07 14:00:00,walk,operating|wd,25,"[16, 81, 241, 56, 261, 262, 30, 401, 183, 39, 182, 31, 161, 201, 42, 23, 165, 461, 166, 82, 40, 162, 521, 167, 163]","[16, 81, 241, 56, 261, 262, 30, 401, 183, 39, 182, 31, 161, 201, 42, 23, 165, 461, 166, 82, 40, 162, 521, 167, 163]","[16, 81, 241, 56, 261, 262, 30, 401, 183, 39, 182, 31, 161, 201, 42, 23, 165, 461, 166, 82, 40, 162, 521, 167, 163]",0,0,0,0,0,0,0,0,0,0,6.809583858764187,6.809583858764187,6.809583858764187,0.002087065393615669,0.002087065393615669
5,120,범계역,2026-09-07 12:00:00,2026-09-07 14:00:00,fare,operating|wd,25,"[16, 30, 401, 201, 42, 82, 521, 81, 241, 56, 261, 262, 183, 39, 182, 31, 23, 461, 40, 161, 165, 166, 162, 167, 163]","[16, 30, 401, 201, 42, 82, 521, 81, 241, 56, 261, 262, 183, 39, 182, 31, 23, 461, 40, 161, 165, 166, 162, 167, 163]","[16, 30, 401, 201, 42, 82, 521, 81, 241, 56, 261, 262, 183, 39, 182, 31, 23, 461, 40, 161, 165, 166, 162, 167, 163]",0,0,0,0,0,0,0,0,0,0,6.809583858764187,6.809583858764187,6.809583858764187,0.002087065393615669,0.002087065393615669
5,120,안양역,2026-09-07 10:00:00,2026-09-07 12:00:00,walk,operating|wd,11,"[48, 112, 53, 11, 52, 7, 8, 38, 29, 18, 28]","[48, 112, 53, 11, 52, 7, 8, 38, 29, 18, 28]","[112, 11, 7, 8, 38, 29, 18, 28, 48, 53, 52]",0,0,0,0,0,0,0,0,0,0,29.166666666666668,29.166666666666668,25.333333333333332,0.06456046190397871,0.06456046190397871
5,120,안양역,2026-09-07 10:00:00,2026-09-07 12:00:00,fare,operating|wd,11,"[18, 8, 38, 28, 48, 112, 53, 11, 52, 7, 29]","[18, 8, 38, 28, 48, 112, 53, 11, 52, 7, 29]","[18, 8, 38, 28, 112, 11, 7, 29, 48, 53, 52]",0,0,0,0,0,0,0,0,0,0,32.142857142857146,32.142857142857146,32.142857142857146,0.0018090677955356499,0.0018090677955356499
5,120,안양역,2026-09-07 12:00:00,2026-09-07 14:00:00,walk,operating|wd,11,"[48, 112, 53, 11, 52, 7, 8, 38, 29, 18, 28]","[48, 112, 53, 11, 52, 7, 8, 38, 29, 18, 28]","[48, 112, 53, 11, 52, 7, 8, 38, 29, 18, 28]",0,0,0,0,0,0,0,0,0,0,54.166666666666664,54.166666666666664,54.166666666666664,0.004686711153212041,0.004686711153212041
5,120,안양역,2026-09-07 12:00:00,2026-09-07 14:00:00,fare,operating|wd,11,"[18, 8, 38, 28, 48, 112, 53, 11, 52, 7, 29]","[18, 8, 38, 28, 48, 112, 53, 11, 52, 7, 29]","[18, 8, 38, 28, 48, 112, 53, 11, 52, 7, 29]",0,0,0,0,0,0,0,0,0,0,33.92857142857143,33.92857142857143,33.92857142857143,0.0018993268222483738,0.0018993268222483738
5,120,평촌역,2026-09-07 12:00:00,2026-09-07 14:00:00,walk,operating|wd,24,"[16, 31, 162, 166, 241, 163, 161, 167, 164, 37, 172, 168, 169, 27, 165, 261, 170, 262, 56, 171, 10, 21, 81, 34]","[16, 31, 162, 166, 241, 163, 161, 167, 164, 37, 172, 168, 169, 27, 165, 261, 170, 262, 56, 10, 21, 81, 34, 171]","[16, 31, 162, 166, 241, 163, 161, 167, 164, 37, 172, 168, 169, 27, 165, 261, 170, 262, 56, 10, 21, 81, 34, 171]",1,0,0,0,0,0,0,0,0,0,6.809583858764187,6.809583858764187,6.809583858764187,0.002087065393615669,0.002087065393615669
5,120,평촌역,2026-09-07 12:00:00,2026-09-07 14:00:00,fare,outside|wd,24,"[10, 16, 37, 27, 21, 34, 31, 241, 172, 261, 262, 56, 81, 162, 166, 163, 161, 167, 164, 168, 169, 165, 170, 171]","[10, 16, 37, 27, 21, 34, 31, 241, 172, 261, 262, 56, 81, 162, 166, 163, 161, 167, 164, 168, 169, 165, 170, 171]","[10, 16, 37, 27, 21, 34, 31, 241, 172, 261, 262, 56, 81, 162, 166, 163, 161, 167, 164, 168, 169, 165, 170, 171]",0,0,0,0,0,0,0,0,0,0,56.043956043956044,56.043956043956044,56.043956043956044,0.027716507819389228,0.027716507819389228
5,120,평촌역,2026-09-07 14:00:00,2026-09-07 16:00:00,walk,operating|wd,24,"[16, 31, 162, 166, 241, 163, 161, 167, 164, 37, 172, 168, 169, 27, 165, 261, 170, 262, 56, 171, 10, 21, 81, 34]","[16, 31, 162, 166, 241, 163, 161, 167, 164, 37, 172, 168, 169, 27, 165, 261, 170, 262, 56, 10, 21, 81, 34, 171]","[16, 31, 162, 166, 241, 163, 161, 167, 164, 37, 172, 168, 169, 27, 165, 261, 170, 262, 56, 10, 21, 81, 34, 171]",1,0,0,0,0,0,0,0,0,0,13.619167717528374,13.619167717528374,13.619167717528374,0.002429302433507321,0.002429302433507321
5,120,평촌역,2026-09-07 14:00:00,2026-09-07 16:00:00,fare,outside|wd,24,"[10, 16, 37, 27, 21, 34, 31, 241, 172, 261, 262, 56, 81, 162, 166, 163, 161, 167, 164, 168, 169, 165, 170, 171]","[10, 16, 37, 27, 21, 34, 31, 241, 172, 261, 262, 56, 81, 162, 166, 163, 161, 167, 164, 168, 169, 165, 170, 171]","[10, 16, 37, 27, 21, 34, 31, 241, 172, 261, 262, 56, 81, 162, 166, 163, 161, 167, 164, 168, 169, 165, 170, 171]",0,0,0,0,0,0,0,0,0,0,56.59340659340659,56.59340659340659,56.59340659340659,0.03001820708267777,0.03001820708267777
5,120,인덕원역,2026-09-07 10:00:00,2026-09-07 12:00:00,walk,outside|wd,7,"[10, 172, 27, 171, 170, 164, 34]","[10, 172, 27, 170, 164, 34, 171]","[10, 172, 27, 170, 164, 34, 171]",1,0,0,0,0,0,0,0,0,0,56.59340659340659,56.59340659340659,56.59340659340659,0.03661082046536513,0.03661082046536513
5,120,인덕원역,2026-09-07 10:00:00,2026-09-07 12:00:00,fare,outside|wd,7,"[10, 27, 34, 172, 171, 170, 164]","[10, 27, 34, 172, 170, 164, 171]","[10, 27, 34, 172, 170, 164, 171]",1,0,0,0,0,0,0,0,0,0,56.59340659340659,56.59340659340659,56.59340659340659,0.03661082046536513,0.03661082046536513
5,120,인덕원역,2026-09-07 12:00:00,2026-09-07 14:00:00,walk,outside|wd,7,"[10, 172, 27, 171, 170, 164, 34]","[10, 172, 27, 170, 164, 34, 171]","[10, 172, 27, 170, 164, 34, 171]",1,0,0,0,0,0,0,0,0,0,56.043956043956044,56.043956043956044,56.043956043956044,0.027716507819389228,0.027716507819389228
5,120,인덕원역,2026-09-07 12:00:00,2026-09-07 14:00:00,fare,outside|wd,7,"[10, 27, 34, 172, 171, 170, 164]","[10, 27, 34, 172, 170, 164, 171]","[10, 27, 34, 172, 170, 164, 171]",1,0,0,0,0,0,0,0,0,0,56.043956043956044,56.043956043956044,56.043956043956044,0.027716507819389228,0.027716507819389228
5,120,인덕원역,2026-09-07 14:00:00,2026-09-07 16:00:00,walk,outside|wd,7,"[10, 172, 27, 171, 170, 164, 34]","[10, 172, 27, 170, 164, 34, 171]","[10, 172, 27, 170, 164, 34, 171]",1,0,0,0,0,0,0,0,0,0,56.59340659340659,56.59340659340659,56.59340659340659,0.03001820708267777,0.03001820708267777
5,120,인덕원역,2026-09-07 14:00:00,2026-09-07 16:00:00,fare,outside|wd,7,"[10, 27, 34, 172, 171, 170, 164]","[10, 27, 34, 172, 170, 164, 171]","[10, 27, 34, 172, 170, 164, 171]",1,0,0,0,0,0,0,0,0,0,56.59340659340659,56.59340659340659,56.59340659340659,0.03001820708267777,0.03001820708267777
5,240,안양시청,2026-09-07 12:00:00,2026-09-07 16:00:00,walk,operating|wd,25,"[16, 31, 161, 241, 165, 166, 81, 261, 162, 56, 262, 163, 167, 164, 21, 37, 30, 168, 172, 169, 170, 201, 27, 171, 401]","[16, 31, 161, 241, 165, 166, 81, 261, 162, 56, 262, 163, 167, 164, 21, 37, 30, 168, 172, 169, 170, 201, 27, 401, 171]","[16, 31, 161, 241, 165, 166, 81, 261, 162, 56, 262, 163, 167, 164, 21, 37, 30, 168, 172, 169, 170, 201, 27, 401, 171]",1,0,0,0,0,0,0,0,0,0,13.619167717528374,13.619167717528374,13.619167717528374,0.005277664110779275,0.005277664110779275
5,240,안양시청,2026-09-07 12:00:00,2026-09-07 16:00:00,fare,operating|wd,25,"[16, 21, 37, 30, 201, 27, 401, 31, 241, 81, 261, 56, 262, 172, 161, 165, 166, 162, 163, 167, 164, 168, 169, 170, 171]","[16, 21, 37, 30, 201, 27, 401, 31, 241, 81, 261, 56, 262, 172, 161, 165, 166, 162, 163, 167, 164, 168, 169, 170, 171]","[16, 21, 37, 30, 201, 27, 401, 31, 241, 81, 261, 56, 262, 172, 161, 165, 166, 162, 163, 167, 164, 168, 169, 170, 171]",0,0,0,0,0,0,0,0,0,0,13.619167717528374,13.619167717528374,13.619167717528374,0.005277664110779275,0.005277664110779275
5,240,석수역,2026-09-07 06:00:00,2026-09-07 10:00:00,walk,operating|wd,5,"[108, 25, 12, 13, 24]","[108, 25, 12, 13, 24]","[25, 12, 13, 24, 108]",0,0,0,0,0,0,0,0,0,0,39.49579831932773,39.49579831932773,24.576271186440678,0.12340074221242935,0.12340074221242935
5,240,석수역,2026-09-07 06:00:00,2026-09-07 10:00:00,fare,operating|wd,5,"[108, 25, 12, 13, 24]","[108, 25, 12, 13, 24]","[25, 12, 13, 24, 108]",0,0,0,0,0,0,0,0,0,0,39.49579831932773,39.49579831932773,24.576271186440678,0.12340074221242935,0.12340074221242935
5,240,석수역,2026-09-07 08:00:00,2026-09-07 12:00:00,walk,operating|wd,5,"[108, 25, 12, 13, 24]","[108, 25, 12, 13, 24]","[25, 12, 13, 24, 108]",0,0,0,0,0,0,0,0,0,0,40.33613445378151,40.33613445378151,22.033898305084747,0.06509997563711263,0.06509997563711263
5,240,석수역,2026-09-07 08:00:00,2026-09-07 12:00:00,fare,operating|wd,5,"[108, 25, 12, 13, 24]","[108, 25, 12, 13, 24]","[25, 12, 13, 24, 108]",0,0,0,0,0,0,0,0,0,0,40.33613445378151,40.33613445378151,22.033898305084747,0.06509997563711263,0.06509997563711263
5,240,석수역,2026-09-07 10:00:00,2026-09-07 14:00:00,walk,operating|wd,5,"[108, 25, 12, 13, 24]","[108, 25, 12, 13, 24]","[108, 25, 12, 13, 24]",0,0,0,0,0,0,0,0,0,0,37.81512605042017,37.81512605042017,37.81512605042017,0.03393224255769277,0.03393224255769277
5,240,석수역,2026-09-07 10:00:00,2026-09-07 14:00:00,fare,operating|wd,5,"[108, 25, 12, 13, 24]","[108, 25, 12, 13, 24]","[108, 25, 12, 13, 24]",0,0,0,0,0,0,0,0,0,0,37.81512605042017,37.81512605042017,37.81512605042017,0.03393224255769277,0.03393224255769277
5,240,석수역,2026-09-07 12:00:00,2026-09-07 16:00:00,walk,operating|wd,5,"[108, 25, 12, 13, 24]","[108, 25, 12, 13, 24]","[108, 25, 12, 13, 24]",0,0,0,0,0,0,0,0,0,0,42.016806722689076,42.016806722689076,42.016806722689076,0.04637343159745748,0.04637343159745748
5,240,석수역,2026-09-07 12:00:00,2026-09-07 16:00:00,fare,operating|wd,5,"[108, 25, 12, 13, 24]","[108, 25, 12, 13, 24]","[108, 25, 12, 13, 24]",0,0,0,0,0,0,0,0,0,0,42.016806722689076,42.016806722689076,42.016806722689076,0.04637343159745748,0.04637343159745748
5,240,석수역,2026-09-07 14:00:00,2026-09-07 18:00:00,walk,outside|wd,5,"[108, 25, 12, 13, 24]","[108, 25, 12, 13, 24]","[108, 25, 12, 13, 24]",0,0,1,1,1,0,0,0,0,0,90.75630252100841,90.75630252100841,90.75630252100841,0.23945516799925198,0.23945516799925198
5,240,석수역,2026-09-07 14:00:00,2026-09-07 18:00:00,fare,outside|wd,5,"[108, 25, 13, 24, 12]","[108, 25, 13, 24, 12]","[108, 25, 13, 24, 12]",0,0,1,1,1,0,0,0,0,0,90.75630252100841,90.75630252100841,90.75630252100841,0.23945516799925198,0.23945516799925198
5,240,석수역,2026-09-07 16:00:00,2026-09-07 20:00:00,walk,outside|wd,5,"[108, 25, 12, 13, 24]","[108, 25, 12, 13, 24]","[108, 25, 12, 13, 24]",0,0,1,1,1,0,0,0,0,0,90.75630252100841,90.75630252100841,90.75630252100841,0.4220196323440201,0.4220196323440201
5,240,석수역,2026-09-07 16:00:00,2026-09-07 20:00:00,fare,outside|wd,5,"[108, 25, 13, 24, 12]","[108, 25, 13, 24, 12]","[108, 25, 13, 24, 12]",0,0,1,1,1,0,0,0,0,0,90.75630252100841,90.75630252100841,90.75630252100841,0.4220196323440201,0.4220196323440201
5,240,석수역,2026-09-07 18:00:00,2026-09-07 22:00:00,walk,outside|wd,5,"[108, 25, 12, 13, 24]","[25, 12, 13, 24, 108]","[25, 12, 13, 24, 108]",1,1,1,0,0,1,0,1,21,0,90.75630252100841,33.05084745762712,33.05084745762712,0.9106447375427144,0.009811046307540814
5,240,석수역,2026-09-07 18:00:00,2026-09-07 22:00:00,fare,outside|wd,5,"[108, 25, 13, 24, 12]","[25, 13, 24, 12, 108]","[25, 13, 24, 12, 108]",1,1,1,0,0,1,0,1,21,0,90.75630252100841,33.05084745762712,33.05084745762712,0.9106447375427144,0.009811046307540814
5,240,안양역,2026-09-07 10:00:00,2026-09-07 14:00:00,walk,operating|wd,11,"[48, 112, 53, 11, 52, 7, 8, 38, 29, 18, 28]","[48, 112, 53, 11, 52, 7, 8, 38, 29, 18, 28]","[112, 11, 7, 8, 38, 29, 18, 28, 48, 53, 52]",0,0,0,0,0,0,0,0,0,0,54.166666666666664,54.166666666666664,30.666666666666668,0.03495951087075593,0.03495951087075593
5,240,안양역,2026-09-07 10:00:00,2026-09-07 14:00:00,fare,operating|wd,11,"[18, 8, 38, 28, 48, 112, 53, 11, 52, 7, 29]","[18, 8, 38, 28, 48, 112, 53, 11, 52, 7, 29]","[18, 8, 38, 28, 112, 11, 7, 29, 48, 53, 52]",0,0,0,0,0,0,0,0,0,0,33.92857142857143,33.92857142857143,33.92857142857143,0.005335697113683043,0.005335697113683043
5,240,평촌역,2026-09-07 12:00:00,2026-09-07 16:00:00,walk,operating|wd,24,"[16, 31, 162, 166, 241, 163, 161, 167, 164, 37, 172, 168, 169, 27, 165, 261, 170, 262, 56, 171, 10, 21, 81, 34]","[16, 31, 162, 166, 241, 163, 161, 167, 164, 37, 172, 168, 169, 27, 165, 261, 170, 262, 56, 10, 21, 81, 34, 171]","[16, 31, 162, 166, 241, 163, 161, 167, 164, 37, 172, 168, 169, 27, 165, 261, 170, 262, 56, 10, 21, 81, 34, 171]",1,0,0,0,0,0,0,0,0,0,13.619167717528374,13.619167717528374,13.619167717528374,0.005277664110779275,0.005277664110779275
5,240,평촌역,2026-09-07 12:00:00,2026-09-07 16:00:00,fare,outside|wd,24,"[10, 16, 37, 27, 21, 34, 31, 241, 172, 261, 262, 56, 81, 162, 166, 163, 161, 167, 164, 168, 169, 165, 170, 171]","[10, 16, 37, 27, 21, 34, 31, 241, 172, 261, 262, 56, 81, 162, 166, 163, 161, 167, 164, 168, 169, 165, 170, 171]","[10, 16, 37, 27, 21, 34, 31, 241, 172, 261, 262, 56, 81, 162, 166, 163, 161, 167, 164, 168, 169, 165, 170, 171]",0,0,0,0,0,0,0,0,0,0,56.59340659340659,56.59340659340659,56.59340659340659,0.02228584459888672,0.02228584459888672
5,240,인덕원역,2026-09-07 10:00:00,2026-09-07 14:00:00,walk,outside|wd,7,"[10, 172, 27, 171, 170, 164, 34]","[10, 172, 27, 170, 164, 34, 171]","[10, 172, 27, 170, 164, 34, 171]",1,0,0,0,0,0,0,0,0,0,56.043956043956044,56.043956043956044,56.043956043956044,0.031243365585990578,0.031243365585990578
5,240,인덕원역,2026-09-07 10:00:00,2026-09-07 14:00:00,fare,outside|wd,7,"[10, 27, 34, 172, 171, 170, 164]","[10, 27, 34, 172, 170, 164, 171]","[10, 27, 34, 172, 170, 164, 171]",1,0,0,0,0,0,0,0,0,0,56.043956043956044,56.043956043956044,56.043956043956044,0.031243365585990578,0.031243365585990578
5,240,인덕원역,2026-09-07 12:00:00,2026-09-07 16:00:00,walk,outside|wd,7,"[10, 172, 27, 171, 170, 164, 34]","[10, 172, 27, 170, 164, 34, 171]","[10, 172, 27, 170, 164, 34, 171]",1,0,0,0,0,0,0,0,0,0,56.59340659340659,56.59340659340659,56.59340659340659,0.02228584459888672,0.02228584459888672
5,240,인덕원역,2026-09-07 12:00:00,2026-09-07 16:00:00,fare,outside|wd,7,"[10, 27, 34, 172, 171, 170, 164]","[10, 27, 34, 172, 170, 164, 171]","[10, 27, 34, 172, 170, 164, 171]",1,0,0,0,0,0,0,0,0,0,56.59340659340659,56.59340659340659,56.59340659340659,0.02228584459888672,0.02228584459888672
5,360,석수역,2026-09-07 06:00:00,2026-09-07 12:00:00,walk,operating|wd,5,"[108, 25, 12, 13, 24]","[108, 25, 12, 13, 24]","[25, 12, 13, 24, 108]",0,0,0,0,0,0,0,0,0,0,40.33613445378151,40.33613445378151,22.033898305084747,0.1008787604346871,0.1008787604346871
5,360,석수역,2026-09-07 06:00:00,2026-09-07 12:00:00,fare,operating|wd,5,"[108, 25, 12, 13, 24]","[108, 25, 12, 13, 24]","[25, 12, 13, 24, 108]",0,0,0,0,0,0,0,0,0,0,40.33613445378151,40.33613445378151,22.033898305084747,0.1008787604346871,0.1008787604346871
5,360,석수역,2026-09-07 08:00:00,2026-09-07 14:00:00,walk,operating|wd,5,"[108, 25, 12, 13, 24]","[108, 25, 12, 13, 24]","[25, 12, 13, 24, 108]",0,0,0,0,0,0,0,0,0,0,37.81512605042017,37.81512605042017,19.491525423728813,0.06815185980716247,0.06815185980716247
5,360,석수역,2026-09-07 08:00:00,2026-09-07 14:00:00,fare,operating|wd,5,"[108, 25, 12, 13, 24]","[108, 25, 12, 13, 24]","[25, 12, 13, 24, 108]",0,0,0,0,0,0,0,0,0,0,37.81512605042017,37.81512605042017,19.491525423728813,0.06815185980716247,0.06815185980716247
5,360,석수역,2026-09-07 10:00:00,2026-09-07 16:00:00,walk,operating|wd,5,"[108, 25, 12, 13, 24]","[108, 25, 12, 13, 24]","[108, 25, 12, 13, 24]",0,0,0,0,0,0,0,0,0,0,42.016806722689076,42.016806722689076,42.016806722689076,0.1135447516945306,0.1135447516945306
5,360,석수역,2026-09-07 10:00:00,2026-09-07 16:00:00,fare,operating|wd,5,"[108, 25, 12, 13, 24]","[108, 25, 12, 13, 24]","[108, 25, 12, 13, 24]",0,0,0,0,0,0,0,0,0,0,42.016806722689076,42.016806722689076,42.016806722689076,0.1135447516945306,0.1135447516945306
5,360,석수역,2026-09-07 12:00:00,2026-09-07 18:00:00,walk,outside|wd,5,"[108, 25, 12, 13, 24]","[108, 25, 12, 13, 24]","[108, 25, 12, 13, 24]",0,0,1,1,1,0,0,0,0,0,90.75630252100841,90.75630252100841,90.75630252100841,0.2588597586147071,0.2588597586147071
5,360,석수역,2026-09-07 12:00:00,2026-09-07 18:00:00,fare,outside|wd,5,"[108, 25, 13, 24, 12]","[108, 25, 13, 24, 12]","[108, 25, 13, 24, 12]",0,0,1,1,1,0,0,0,0,0,90.75630252100841,90.75630252100841,90.75630252100841,0.2588597586147071,0.2588597586147071
5,360,석수역,2026-09-07 14:00:00,2026-09-07 20:00:00,walk,outside|wd,5,"[108, 25, 12, 13, 24]","[108, 25, 12, 13, 24]","[108, 25, 12, 13, 24]",0,0,1,1,1,0,0,0,0,0,90.75630252100841,90.75630252100841,90.75630252100841,0.2699809090260746,0.2699809090260746
5,360,석수역,2026-09-07 14:00:00,2026-09-07 20:00:00,fare,outside|wd,5,"[108, 25, 13, 24, 12]","[108, 25, 13, 24, 12]","[108, 25, 13, 24, 12]",0,0,1,1,1,0,0,0,0,0,90.75630252100841,90.75630252100841,90.75630252100841,0.2699809090260746,0.2699809090260746
5,360,석수역,2026-09-07 16:00:00,2026-09-07 22:00:00,walk,outside|wd,5,"[108, 25, 12, 13, 24]","[25, 12, 13, 24, 108]","[108, 25, 12, 13, 24]",1,1,1,0,1,1,0,1,21,0,90.75630252100841,33.05084745762712,90.75630252100841,0.6182707797606929,0.010673042777610584
5,360,석수역,2026-09-07 16:00:00,2026-09-07 22:00:00,fare,outside|wd,5,"[108, 25, 13, 24, 12]","[25, 13, 24, 12, 108]","[108, 25, 13, 24, 12]",1,1,1,0,1,1,0,1,21,0,90.75630252100841,33.05084745762712,90.75630252100841,0.6182707797606929,0.010673042777610584
5,360,인덕원역,2026-09-07 10:00:00,2026-09-07 16:00:00,walk,outside|wd,7,"[10, 172, 27, 171, 170, 164, 34]","[10, 172, 27, 170, 164, 34, 171]","[10, 172, 27, 170, 164, 34, 171]",1,0,0,0,0,0,0,0,0,0,56.59340659340659,56.59340659340659,56.59340659340659,0.03541650530787532,0.03541650530787532
5,360,인덕원역,2026-09-07 10:00:00,2026-09-07 16:00:00,fare,outside|wd,7,"[10, 27, 34, 172, 171, 170, 164]","[10, 27, 34, 172, 170, 164, 171]","[10, 27, 34, 172, 170, 164, 171]",1,0,0,0,0,0,0,0,0,0,56.59340659340659,56.59340659340659,56.59340659340659,0.03541650530787532,0.03541650530787532
6,15,안양시청,2026-09-08 12:00:00,2026-09-08 12:15:00,walk,operating|wd,25,"[16, 31, 161, 241, 165, 166, 81, 261, 162, 56, 262, 163, 167, 164, 21, 37, 30, 168, 172, 169, 170, 201, 27, 171, 401]","[16, 31, 161, 241, 165, 166, 81, 261, 162, 56, 262, 163, 167, 164, 21, 37, 30, 168, 172, 169, 170, 201, 27, 171, 401]","[16, 31, 161, 241, 165, 166, 81, 261, 162, 56, 262, 163, 167, 164, 21, 37, 30, 168, 172, 169, 170, 201, 27, 171, 401]",0,0,0,0,0,0,0,0,0,0,7.944514501891551,7.944514501891551,7.944514501891551,3.488732664469987e-05,3.488732664469987e-05
6,15,안양시청,2026-09-08 12:00:00,2026-09-08 12:15:00,fare,operating|wd,25,"[16, 21, 37, 30, 201, 27, 401, 31, 241, 81, 261, 56, 262, 172, 161, 165, 166, 162, 163, 167, 164, 168, 169, 170, 171]","[16, 21, 37, 30, 201, 27, 401, 31, 241, 81, 261, 56, 262, 172, 161, 165, 166, 162, 163, 167, 164, 168, 169, 170, 171]","[16, 21, 37, 30, 201, 27, 401, 31, 241, 81, 261, 56, 262, 172, 161, 165, 166, 162, 163, 167, 164, 168, 169, 170, 171]",0,0,0,0,0,0,0,0,0,0,7.944514501891551,7.944514501891551,7.944514501891551,3.488732664469987e-05,3.488732664469987e-05
6,15,안양시청,2026-09-08 14:00:00,2026-09-08 14:15:00,walk,operating|wd,25,"[16, 31, 161, 241, 165, 166, 81, 261, 162, 56, 262, 163, 167, 164, 21, 37, 30, 168, 172, 169, 170, 201, 27, 171, 401]","[16, 31, 161, 241, 165, 166, 81, 261, 162, 56, 262, 163, 167, 164, 21, 37, 30, 168, 172, 169, 170, 201, 27, 171, 401]","[16, 31, 161, 241, 165, 166, 81, 261, 162, 56, 262, 163, 167, 164, 21, 37, 30, 168, 172, 169, 170, 201, 27, 171, 401]",0,0,0,0,0,0,0,0,0,0,6.809583858764187,6.809583858764187,6.809583858764187,3.420757599041659e-05,3.420757599041659e-05
6,15,안양시청,2026-09-08 14:00:00,2026-09-08 14:15:00,fare,operating|wd,25,"[16, 21, 37, 30, 201, 27, 401, 31, 241, 81, 261, 56, 262, 172, 161, 165, 166, 162, 163, 167, 164, 168, 169, 170, 171]","[16, 21, 37, 30, 201, 27, 401, 31, 241, 81, 261, 56, 262, 172, 161, 165, 166, 162, 163, 167, 164, 168, 169, 170, 171]","[16, 21, 37, 30, 201, 27, 401, 31, 241, 81, 261, 56, 262, 172, 161, 165, 166, 162, 163, 167, 164, 168, 169, 170, 171]",0,0,0,0,0,0,0,0,0,0,6.809583858764187,6.809583858764187,6.809583858764187,3.420757599041659e-05,3.420757599041659e-05
6,15,안양시청,2026-09-08 16:00:00,2026-09-08 16:15:00,walk,operating|wd,25,"[16, 31, 161, 241, 165, 166, 81, 261, 162, 56, 262, 163, 167, 164, 21, 37, 30, 168, 172, 169, 170, 201, 27, 171, 401]","[16, 31, 161, 241, 165, 166, 81, 261, 162, 56, 262, 163, 167, 164, 21, 37, 30, 168, 172, 169, 170, 201, 27, 171, 401]","[16, 31, 161, 241, 165, 166, 81, 261, 162, 56, 262, 163, 167, 164, 21, 37, 30, 168, 172, 169, 170, 201, 27, 171, 401]",0,0,0,0,0,0,0,0,0,0,12.988650693568726,12.988650693568726,12.988650693568726,3.7865620714718195e-05,3.7865620714718195e-05
6,15,안양시청,2026-09-08 16:00:00,2026-09-08 16:15:00,fare,operating|wd,25,"[16, 21, 37, 30, 201, 27, 401, 81, 31, 241, 261, 56, 262, 172, 161, 165, 166, 162, 163, 167, 164, 168, 169, 170, 171]","[16, 21, 37, 30, 201, 27, 401, 81, 31, 241, 261, 56, 262, 172, 161, 165, 166, 162, 163, 167, 164, 168, 169, 170, 171]","[16, 21, 37, 30, 201, 27, 401, 81, 31, 241, 261, 56, 262, 172, 161, 165, 166, 162, 163, 167, 164, 168, 169, 170, 171]",0,0,0,0,0,0,0,0,0,0,12.988650693568726,12.988650693568726,12.988650693568726,3.7865620714718195e-05,3.7865620714718195e-05
6,15,석수역,2026-09-08 06:00:00,2026-09-08 06:15:00,walk,outside|wd,5,"[108, 25, 12, 13, 24]","[25, 12, 13, 24, 108]","[25, 12, 13, 24, 108]",1,1,1,0,0,1,0,1,21,0,100.0,61.86440677966102,61.86440677966102,0.9983158911208404,6.976764154779727e-05
6,15,석수역,2026-09-08 06:00:00,2026-09-08 06:15:00,fare,outside|wd,5,"[108, 25, 13, 24, 12]","[25, 13, 24, 12, 108]","[25, 13, 24, 12, 108]",1,1,1,0,0,1,0,1,21,0,100.0,61.86440677966102,61.86440677966102,0.9983158911208404,6.976764154779727e-05
6,15,석수역,2026-09-08 08:00:00,2026-09-08 08:15:00,walk,outside|wd,5,"[108, 25, 12, 13, 24]","[25, 12, 13, 24, 108]","[25, 12, 13, 24, 108]",1,1,1,0,0,1,0,1,21,0,100.0,53.389830508474574,53.389830508474574,0.998551476138152,0.00010146414917324162
6,15,석수역,2026-09-08 08:00:00,2026-09-08 08:15:00,fare,outside|wd,5,"[108, 25, 13, 24, 12]","[25, 13, 24, 12, 108]","[25, 13, 24, 12, 108]",1,1,1,0,0,1,0,1,21,0,100.0,53.389830508474574,53.389830508474574,0.998551476138152,0.00010146414917324162
6,15,석수역,2026-09-08 10:00:00,2026-09-08 10:15:00,walk,operating|wd,5,"[108, 25, 12, 13, 24]","[108, 25, 12, 13, 24]","[108, 25, 12, 13, 24]",0,0,0,0,0,0,0,0,0,0,52.10084033613445,52.10084033613445,52.10084033613445,0.0002111151816185741,0.0002111151816185741
6,15,석수역,2026-09-08 10:00:00,2026-09-08 10:15:00,fare,operating|wd,5,"[108, 25, 12, 13, 24]","[108, 25, 12, 13, 24]","[108, 25, 12, 13, 24]",0,0,0,0,0,0,0,0,0,0,52.10084033613445,52.10084033613445,52.10084033613445,0.0002111151816185741,0.0002111151816185741
6,15,석수역,2026-09-08 12:00:00,2026-09-08 12:15:00,walk,operating|wd,5,"[108, 25, 12, 13, 24]","[108, 25, 12, 13, 24]","[108, 25, 12, 13, 24]",0,0,0,0,0,0,0,0,0,0,42.016806722689076,42.016806722689076,42.016806722689076,0.00014542128064595785,0.00014542128064595785
6,15,석수역,2026-09-08 12:00:00,2026-09-08 12:15:00,fare,operating|wd,5,"[108, 25, 12, 13, 24]","[108, 25, 12, 13, 24]","[108, 25, 12, 13, 24]",0,0,0,0,0,0,0,0,0,0,42.016806722689076,42.016806722689076,42.016806722689076,0.00014542128064595785,0.00014542128064595785
6,15,석수역,2026-09-08 14:00:00,2026-09-08 14:15:00,walk,operating|wd,5,"[108, 25, 12, 13, 24]","[108, 25, 12, 13, 24]","[108, 25, 12, 13, 24]",0,0,0,0,0,0,0,0,0,0,39.49579831932773,39.49579831932773,39.49579831932773,0.0001438440766513739,0.0001438440766513739
6,15,석수역,2026-09-08 14:00:00,2026-09-08 14:15:00,fare,operating|wd,5,"[108, 25, 12, 13, 24]","[108, 25, 12, 13, 24]","[108, 25, 12, 13, 24]",0,0,0,0,0,0,0,0,0,0,39.49579831932773,39.49579831932773,39.49579831932773,0.0001438440766513739,0.0001438440766513739
6,15,석수역,2026-09-08 16:00:00,2026-09-08 16:15:00,walk,operating|wd,5,"[108, 25, 12, 13, 24]","[108, 25, 12, 13, 24]","[108, 25, 12, 13, 24]",0,0,0,0,0,0,0,0,0,0,43.69747899159664,43.69747899159664,43.69747899159664,0.00014610479512539454,0.00014610479512539454
6,15,석수역,2026-09-08 16:00:00,2026-09-08 16:15:00,fare,operating|wd,5,"[108, 25, 13, 24, 12]","[108, 25, 13, 24, 12]","[108, 25, 13, 24, 12]",0,0,0,0,0,0,0,0,0,0,43.69747899159664,43.69747899159664,43.69747899159664,0.00014610479512539454,0.00014610479512539454
6,15,석수역,2026-09-08 18:00:00,2026-09-08 18:15:00,walk,outside|wd,5,"[108, 25, 12, 13, 24]","[25, 12, 13, 24, 108]","[25, 12, 13, 24, 108]",1,1,1,0,0,1,0,1,21,0,95.7983193277311,11.864406779661017,11.864406779661017,0.998188597766956,5.7227856143479346e-05
6,15,석수역,2026-09-08 18:00:00,2026-09-08 18:15:00,fare,outside|wd,5,"[108, 25, 13, 24, 12]","[25, 13, 24, 12, 108]","[25, 13, 24, 12, 108]",1,1,1,0,0,1,0,1,21,0,95.7983193277311,11.864406779661017,11.864406779661017,0.998188597766956,5.7227856143479346e-05
6,15,석수역,2026-09-08 20:00:00,2026-09-08 20:15:00,walk,outside|wd,5,"[108, 25, 12, 13, 24]","[25, 12, 13, 24, 108]","[25, 12, 13, 24, 108]",1,1,1,0,0,1,0,1,21,0,95.7983193277311,18.64406779661017,18.64406779661017,0.9983968384084227,3.801995658131922e-05
6,15,석수역,2026-09-08 20:00:00,2026-09-08 20:15:00,fare,outside|wd,5,"[108, 25, 13, 24, 12]","[25, 13, 24, 12, 108]","[25, 13, 24, 12, 108]",1,1,1,0,0,1,0,1,21,0,95.7983193277311,18.64406779661017,18.64406779661017,0.9983968384084227,3.801995658131922e-05
6,15,석수역,2026-09-08 22:00:00,2026-09-08 22:15:00,walk,outside|wd,5,"[108, 25, 12, 13, 24]","[25, 12, 13, 24, 108]","[25, 12, 13, 24, 108]",1,1,1,0,0,1,0,1,21,0,95.7983193277311,51.69491525423729,51.69491525423729,0.9988453136553759,0.00011638485020621414
6,15,석수역,2026-09-08 22:00:00,2026-09-08 22:15:00,fare,outside|wd,5,"[108, 25, 13, 24, 12]","[25, 13, 24, 12, 108]","[25, 13, 24, 12, 108]",1,1,1,0,0,1,0,1,21,0,95.7983193277311,51.69491525423729,51.69491525423729,0.9988453136553759,0.00011638485020621414
6,15,범계역,2026-09-08 12:00:00,2026-09-08 12:15:00,walk,operating|wd,25,"[16, 81, 241, 56, 261, 262, 30, 401, 183, 39, 182, 31, 161, 201, 42, 23, 165, 461, 166, 82, 40, 162, 521, 167, 163]","[16, 81, 241, 56, 261, 262, 30, 401, 183, 39, 182, 31, 161, 201, 42, 23, 165, 461, 166, 82, 40, 162, 521, 167, 163]","[16, 81, 241, 56, 261, 262, 30, 401, 183, 39, 182, 31, 161, 201, 42, 23, 165, 461, 166, 82, 40, 162, 521, 167, 163]",0,0,0,0,0,0,0,0,0,0,7.944514501891551,7.944514501891551,7.944514501891551,3.488732664469987e-05,3.488732664469987e-05
6,15,범계역,2026-09-08 12:00:00,2026-09-08 12:15:00,fare,operating|wd,25,"[16, 30, 401, 201, 42, 82, 521, 81, 241, 56, 261, 262, 183, 39, 182, 31, 23, 461, 40, 161, 165, 166, 162, 167, 163]","[16, 30, 401, 201, 42, 82, 521, 81, 241, 56, 261, 262, 183, 39, 182, 31, 23, 461, 40, 161, 165, 166, 162, 167, 163]","[16, 30, 401, 201, 42, 82, 521, 81, 241, 56, 261, 262, 183, 39, 182, 31, 23, 461, 40, 161, 165, 166, 162, 167, 163]",0,0,0,0,0,0,0,0,0,0,7.944514501891551,7.944514501891551,7.944514501891551,3.488732664469987e-05,3.488732664469987e-05
6,15,범계역,2026-09-08 14:00:00,2026-09-08 14:15:00,walk,operating|wd,25,"[16, 81, 241, 56, 261, 262, 30, 401, 183, 39, 182, 31, 161, 201, 42, 23, 165, 461, 166, 82, 40, 162, 521, 167, 163]","[16, 81, 241, 56, 261, 262, 30, 401, 183, 39, 182, 31, 161, 201, 42, 23, 165, 461, 166, 82, 40, 162, 521, 167, 163]","[16, 81, 241, 56, 261, 262, 30, 401, 183, 39, 182, 31, 161, 201, 42, 23, 165, 461, 166, 82, 40, 162, 521, 167, 163]",0,0,0,0,0,0,0,0,0,0,6.809583858764187,6.809583858764187,6.809583858764187,3.420757599041659e-05,3.420757599041659e-05
6,15,범계역,2026-09-08 14:00:00,2026-09-08 14:15:00,fare,operating|wd,25,"[16, 30, 401, 201, 42, 82, 521, 81, 241, 56, 261, 262, 183, 39, 182, 31, 23, 461, 40, 161, 165, 166, 162, 167, 163]","[16, 30, 401, 201, 42, 82, 521, 81, 241, 56, 261, 262, 183, 39, 182, 31, 23, 461, 40, 161, 165, 166, 162, 167, 163]","[16, 30, 401, 201, 42, 82, 521, 81, 241, 56, 261, 262, 183, 39, 182, 31, 23, 461, 40, 161, 165, 166, 162, 167, 163]",0,0,0,0,0,0,0,0,0,0,6.809583858764187,6.809583858764187,6.809583858764187,3.420757599041659e-05,3.420757599041659e-05
6,15,안양역,2026-09-08 10:00:00,2026-09-08 10:15:00,walk,operating|wd,11,"[48, 112, 53, 11, 52, 7, 8, 38, 29, 18, 28]","[48, 112, 53, 11, 52, 7, 8, 38, 29, 18, 28]","[112, 11, 7, 8, 38, 29, 18, 28, 48, 53, 52]",0,0,0,0,0,0,0,0,0,0,62.5,62.5,62.666666666666664,0.05728767429093281,0.05728767429093281
6,15,안양역,2026-09-08 10:00:00,2026-09-08 10:15:00,fare,operating|wd,11,"[18, 8, 38, 28, 48, 112, 53, 11, 52, 7, 29]","[18, 8, 38, 28, 48, 112, 53, 11, 52, 7, 29]","[18, 8, 38, 28, 112, 11, 7, 29, 48, 53, 52]",0,0,0,0,0,0,0,0,0,0,39.285714285714285,39.285714285714285,39.285714285714285,6.0843207106152615e-05,6.0843207106152615e-05
6,15,안양역,2026-09-08 12:00:00,2026-09-08 12:15:00,walk,operating|wd,11,"[48, 112, 53, 11, 52, 7, 8, 38, 29, 18, 28]","[48, 112, 53, 11, 52, 7, 8, 38, 29, 18, 28]","[48, 112, 53, 11, 52, 7, 8, 38, 29, 18, 28]",0,0,0,0,0,0,0,0,0,0,37.5,37.5,37.5,0.00021365702877529358,0.00021365702877529358
6,15,안양역,2026-09-08 12:00:00,2026-09-08 12:15:00,fare,operating|wd,11,"[18, 8, 38, 28, 48, 112, 53, 11, 52, 7, 29]","[18, 8, 38, 28, 48, 112, 53, 11, 52, 7, 29]","[18, 8, 38, 28, 48, 112, 53, 11, 52, 7, 29]",0,0,0,0,0,0,0,0,0,0,23.214285714285715,23.214285714285715,23.214285714285715,4.0393564097801684e-05,4.0393564097801684e-05
6,15,안양역,2026-09-08 14:00:00,2026-09-08 14:15:00,walk,operating|wd,11,"[48, 112, 53, 11, 52, 7, 8, 38, 29, 18, 28]","[48, 112, 53, 11, 52, 7, 8, 38, 29, 18, 28]","[48, 112, 53, 11, 52, 7, 8, 38, 29, 18, 28]",0,0,0,0,0,0,0,0,0,0,29.166666666666668,29.166666666666668,29.166666666666668,0.00010313298316094187,0.00010313298316094187
6,15,안양역,2026-09-08 14:00:00,2026-09-08 14:15:00,fare,operating|wd,11,"[18, 8, 38, 28, 48, 112, 53, 11, 52, 7, 29]","[18, 8, 38, 28, 48, 112, 53, 11, 52, 7, 29]","[18, 8, 38, 28, 48, 112, 53, 11, 52, 7, 29]",0,0,0,0,0,0,0,0,0,0,30.357142857142858,30.357142857142858,30.357142857142858,3.618018177413661e-05,3.618018177413661e-05
6,15,평촌역,2026-09-08 12:00:00,2026-09-08 12:15:00,walk,operating|wd,24,"[16, 31, 162, 166, 241, 163, 161, 167, 164, 37, 172, 168, 169, 27, 165, 261, 170, 262, 56, 171, 10, 21, 81, 34]","[16, 31, 162, 166, 241, 163, 161, 167, 164, 37, 172, 168, 169, 27, 165, 261, 170, 262, 56, 171, 10, 21, 81, 34]","[16, 31, 162, 166, 241, 163, 161, 167, 164, 37, 172, 168, 169, 27, 165, 261, 170, 262, 56, 171, 10, 21, 81, 34]",0,0,0,0,0,0,0,0,0,0,7.944514501891551,7.944514501891551,7.944514501891551,3.488732664469987e-05,3.488732664469987e-05
6,15,평촌역,2026-09-08 12:00:00,2026-09-08 12:15:00,fare,outside|wd,24,"[10, 16, 37, 27, 21, 34, 31, 241, 172, 261, 262, 56, 81, 162, 166, 163, 161, 167, 164, 168, 169, 165, 170, 171]","[10, 16, 37, 27, 21, 34, 31, 241, 172, 261, 262, 56, 81, 162, 166, 163, 161, 167, 164, 168, 169, 165, 170, 171]","[10, 16, 37, 27, 21, 34, 31, 241, 172, 261, 262, 56, 81, 162, 166, 163, 161, 167, 164, 168, 169, 165, 170, 171]",0,0,0,0,0,0,0,0,0,0,50.0,50.0,50.0,7.490834599386054e-05,7.490834599386054e-05
6,15,평촌역,2026-09-08 14:00:00,2026-09-08 14:15:00,walk,operating|wd,24,"[16, 31, 162, 166, 241, 163, 161, 167, 164, 37, 172, 168, 169, 27, 165, 261, 170, 262, 56, 171, 10, 21, 81, 34]","[16, 31, 162, 166, 241, 163, 161, 167, 164, 37, 172, 168, 169, 27, 165, 261, 170, 262, 56, 171, 10, 21, 81, 34]","[16, 31, 162, 166, 241, 163, 161, 167, 164, 37, 172, 168, 169, 27, 165, 261, 170, 262, 56, 171, 10, 21, 81, 34]",0,0,0,0,0,0,0,0,0,0,6.809583858764187,6.809583858764187,6.809583858764187,3.420757599041659e-05,3.420757599041659e-05
6,15,평촌역,2026-09-08 14:00:00,2026-09-08 14:15:00,fare,outside|wd,24,"[10, 16, 37, 27, 21, 34, 31, 241, 172, 261, 262, 56, 81, 162, 166, 163, 161, 167, 164, 168, 169, 165, 170, 171]","[10, 16, 37, 27, 21, 34, 31, 241, 172, 261, 262, 56, 81, 162, 166, 163, 161, 167, 164, 168, 169, 165, 170, 171]","[10, 16, 37, 27, 21, 34, 31, 241, 172, 261, 262, 56, 81, 162, 166, 163, 161, 167, 164, 168, 169, 165, 170, 171]",0,0,0,0,0,0,0,0,0,0,45.05494505494506,45.05494505494506,45.05494505494506,6.699842426596318e-05,6.699842426596318e-05
6,15,평촌역,2026-09-08 16:00:00,2026-09-08 16:15:00,walk,operating|wd,24,"[16, 31, 162, 166, 241, 163, 161, 167, 164, 37, 172, 168, 169, 27, 165, 261, 170, 262, 56, 171, 10, 21, 81, 34]","[16, 31, 162, 166, 241, 163, 161, 167, 164, 37, 172, 168, 169, 27, 165, 261, 170, 262, 56, 171, 10, 21, 81, 34]","[16, 31, 162, 166, 241, 163, 161, 167, 164, 37, 172, 168, 169, 27, 165, 261, 170, 262, 56, 171, 10, 21, 81, 34]",0,0,0,0,0,0,0,0,0,0,12.988650693568726,12.988650693568726,12.988650693568726,3.7865620714718195e-05,3.7865620714718195e-05
6,15,평촌역,2026-09-08 16:00:00,2026-09-08 16:15:00,fare,outside|wd,24,"[10, 16, 37, 27, 21, 34, 81, 31, 241, 172, 261, 262, 56, 162, 166, 163, 161, 167, 164, 168, 169, 165, 170, 171]","[10, 16, 37, 27, 21, 34, 81, 31, 241, 172, 261, 262, 56, 162, 166, 163, 161, 167, 164, 168, 169, 165, 170, 171]","[10, 16, 37, 27, 21, 34, 81, 31, 241, 172, 261, 262, 56, 162, 166, 163, 161, 167, 164, 168, 169, 165, 170, 171]",0,0,0,0,0,0,0,0,0,0,51.0989010989011,51.0989010989011,51.0989010989011,0.00011660174288751823,0.00011660174288751823
6,15,인덕원역,2026-09-08 10:00:00,2026-09-08 10:15:00,walk,outside|wd,7,"[10, 172, 27, 171, 170, 164, 34]","[10, 172, 27, 171, 170, 164, 34]","[10, 172, 27, 171, 170, 164, 34]",0,0,0,0,0,0,0,0,0,0,56.043956043956044,56.043956043956044,56.043956043956044,7.362946639076281e-05,7.362946639076281e-05
6,15,인덕원역,2026-09-08 10:00:00,2026-09-08 10:15:00,fare,outside|wd,7,"[10, 27, 34, 172, 171, 170, 164]","[10, 27, 34, 172, 171, 170, 164]","[10, 27, 34, 172, 171, 170, 164]",0,0,0,0,0,0,0,0,0,0,56.043956043956044,56.043956043956044,56.043956043956044,7.362946639076281e-05,7.362946639076281e-05
6,15,인덕원역,2026-09-08 12:00:00,2026-09-08 12:15:00,walk,outside|wd,7,"[10, 172, 27, 171, 170, 164, 34]","[10, 172, 27, 171, 170, 164, 34]","[10, 172, 27, 171, 170, 164, 34]",0,0,0,0,0,0,0,0,0,0,50.0,50.0,50.0,7.490834599386054e-05,7.490834599386054e-05
6,15,인덕원역,2026-09-08 12:00:00,2026-09-08 12:15:00,fare,outside|wd,7,"[10, 27, 34, 172, 171, 170, 164]","[10, 27, 34, 172, 171, 170, 164]","[10, 27, 34, 172, 171, 170, 164]",0,0,0,0,0,0,0,0,0,0,50.0,50.0,50.0,7.490834599386054e-05,7.490834599386054e-05
6,15,인덕원역,2026-09-08 14:00:00,2026-09-08 14:15:00,walk,outside|wd,7,"[10, 172, 27, 171, 170, 164, 34]","[10, 172, 27, 171, 170, 164, 34]","[10, 172, 27, 171, 170, 164, 34]",0,0,0,0,0,0,0,0,0,0,45.05494505494506,45.05494505494506,45.05494505494506,6.699842426596318e-05,6.699842426596318e-05
6,15,인덕원역,2026-09-08 14:00:00,2026-09-08 14:15:00,fare,outside|wd,7,"[10, 27, 34, 172, 171, 170, 164]","[10, 27, 34, 172, 171, 170, 164]","[10, 27, 34, 172, 171, 170, 164]",0,0,0,0,0,0,0,0,0,0,45.05494505494506,45.05494505494506,45.05494505494506,6.699842426596318e-05,6.699842426596318e-05
6,15,인덕원역,2026-09-08 16:00:00,2026-09-08 16:15:00,walk,outside|wd,7,"[10, 172, 27, 171, 170, 164, 34]","[10, 172, 27, 171, 170, 164, 34]","[10, 172, 27, 171, 170, 164, 34]",0,0,0,0,0,0,0,0,0,0,51.0989010989011,51.0989010989011,51.0989010989011,0.00011660174288751823,0.00011660174288751823
6,15,인덕원역,2026-09-08 16:00:00,2026-09-08 16:15:00,fare,outside|wd,7,"[10, 27, 34, 172, 171, 170, 164]","[10, 27, 34, 172, 171, 170, 164]","[10, 27, 34, 172, 171, 170, 164]",0,0,0,0,0,0,0,0,0,0,51.0989010989011,51.0989010989011,51.0989010989011,0.00011660174288751823,0.00011660174288751823
6,30,안양시청,2026-09-08 12:00:00,2026-09-08 12:30:00,walk,operating|wd,25,"[16, 31, 161, 241, 165, 166, 81, 261, 162, 56, 262, 163, 167, 164, 21, 37, 30, 168, 172, 169, 170, 201, 27, 171, 401]","[16, 31, 161, 241, 165, 166, 81, 261, 162, 56, 262, 163, 167, 164, 21, 37, 30, 168, 172, 169, 170, 201, 27, 171, 401]","[16, 31, 161, 241, 165, 166, 81, 261, 162, 56, 262, 163, 167, 164, 21, 37, 30, 168, 172, 169, 170, 201, 27, 171, 401]",0,0,0,0,0,0,0,0,0,0,8.448928121059268,8.448928121059268,8.448928121059268,0.00010977580171456839,0.00010977580171456839
6,30,안양시청,2026-09-08 12:00:00,2026-09-08 12:30:00,fare,operating|wd,25,"[16, 21, 37, 30, 201, 27, 401, 31, 241, 81, 261, 56, 262, 172, 161, 165, 166, 162, 163, 167, 164, 168, 169, 170, 171]","[16, 21, 37, 30, 201, 27, 401, 31, 241, 81, 261, 56, 262, 172, 161, 165, 166, 162, 163, 167, 164, 168, 169, 170, 171]","[16, 21, 37, 30, 201, 27, 401, 31, 241, 81, 261, 56, 262, 172, 161, 165, 166, 162, 163, 167, 164, 168, 169, 170, 171]",0,0,0,0,0,0,0,0,0,0,8.448928121059268,8.448928121059268,8.448928121059268,0.00010977580171456839,0.00010977580171456839
6,30,안양시청,2026-09-08 14:00:00,2026-09-08 14:30:00,walk,operating|wd,25,"[16, 31, 161, 241, 165, 166, 81, 261, 162, 56, 262, 163, 167, 164, 21, 37, 30, 168, 172, 169, 170, 201, 27, 171, 401]","[16, 31, 161, 241, 165, 166, 81, 261, 162, 56, 262, 163, 167, 164, 21, 37, 30, 168, 172, 169, 170, 201, 27, 171, 401]","[16, 31, 161, 241, 165, 166, 81, 261, 162, 56, 262, 163, 167, 164, 21, 37, 30, 168, 172, 169, 170, 201, 27, 171, 401]",0,0,0,0,0,0,0,0,0,0,7.061790668348046,7.061790668348046,7.061790668348046,0.00010977580171456839,0.00010977580171456839
6,30,안양시청,2026-09-08 14:00:00,2026-09-08 14:30:00,fare,operating|wd,25,"[16, 21, 37, 30, 201, 27, 401, 31, 241, 81, 261, 56, 262, 172, 161, 165, 166, 162, 163, 167, 164, 168, 169, 170, 171]","[16, 21, 37, 30, 201, 27, 401, 31, 241, 81, 261, 56, 262, 172, 161, 165, 166, 162, 163, 167, 164, 168, 169, 170, 171]","[16, 21, 37, 30, 201, 27, 401, 31, 241, 81, 261, 56, 262, 172, 161, 165, 166, 162, 163, 167, 164, 168, 169, 170, 171]",0,0,0,0,0,0,0,0,0,0,7.061790668348046,7.061790668348046,7.061790668348046,0.00010977580171456839,0.00010977580171456839
6,30,안양시청,2026-09-08 16:00:00,2026-09-08 16:30:00,walk,operating|wd,25,"[16, 31, 161, 241, 165, 166, 81, 261, 162, 56, 262, 163, 167, 164, 21, 37, 30, 168, 172, 169, 170, 201, 27, 171, 401]","[16, 31, 161, 241, 165, 166, 81, 261, 162, 56, 262, 163, 167, 164, 21, 37, 30, 168, 172, 169, 170, 201, 27, 171, 401]","[16, 31, 161, 241, 165, 166, 81, 261, 162, 56, 262, 163, 167, 164, 21, 37, 30, 168, 172, 169, 170, 201, 27, 171, 401]",0,0,0,0,0,0,0,0,0,0,14.37578814627995,14.37578814627995,14.37578814627995,0.0001487550117358624,0.0001487550117358624
6,30,안양시청,2026-09-08 16:00:00,2026-09-08 16:30:00,fare,operating|wd,25,"[81, 16, 21, 37, 30, 201, 27, 401, 31, 241, 261, 56, 262, 172, 161, 165, 166, 162, 163, 167, 164, 168, 169, 170, 171]","[81, 16, 21, 37, 30, 201, 27, 401, 31, 241, 261, 56, 262, 172, 161, 165, 166, 162, 163, 167, 164, 168, 169, 170, 171]","[81, 16, 21, 37, 30, 201, 27, 401, 31, 241, 261, 56, 262, 172, 161, 165, 166, 162, 163, 167, 164, 168, 169, 170, 171]",0,0,0,0,0,0,0,0,0,0,2.380952380952381,2.380952380952381,2.380952380952381,0.0001487550117358624,0.0001487550117358624
6,30,석수역,2026-09-08 06:00:00,2026-09-08 06:30:00,walk,outside|wd,5,"[108, 25, 12, 13, 24]","[25, 12, 13, 24, 108]","[25, 12, 13, 24, 108]",1,1,1,0,0,1,0,1,21,0,100.0,61.86440677966102,61.86440677966102,0.9931694088969626,0.000402871001820683
6,30,석수역,2026-09-08 06:00:00,2026-09-08 06:30:00,fare,outside|wd,5,"[108, 25, 13, 24, 12]","[25, 13, 24, 12, 108]","[25, 13, 24, 12, 108]",1,1,1,0,0,1,0,1,21,0,100.0,61.86440677966102,61.86440677966102,0.9931694088969626,0.000402871001820683
6,30,석수역,2026-09-08 08:00:00,2026-09-08 08:30:00,walk,outside|wd,5,"[108, 25, 12, 13, 24]","[25, 12, 13, 24, 108]","[25, 12, 13, 24, 108]",1,1,1,0,0,1,0,1,21,0,100.0,50.847457627118644,50.847457627118644,0.9951876809899238,0.00030204721823826346
6,30,석수역,2026-09-08 08:00:00,2026-09-08 08:30:00,fare,outside|wd,5,"[108, 25, 13, 24, 12]","[25, 13, 24, 12, 108]","[25, 13, 24, 12, 108]",1,1,1,0,0,1,0,1,21,0,100.0,50.847457627118644,50.847457627118644,0.9951876809899238,0.00030204721823826346
6,30,석수역,2026-09-08 10:00:00,2026-09-08 10:30:00,walk,operating|wd,5,"[108, 25, 12, 13, 24]","[108, 25, 12, 13, 24]","[108, 25, 12, 13, 24]",0,0,0,0,0,0,0,0,0,0,47.05882352941177,47.05882352941177,47.05882352941177,0.0025825455560659354,0.0025825455560659354
6,30,석수역,2026-09-08 10:00:00,2026-09-08 10:30:00,fare,operating|wd,5,"[108, 25, 12, 13, 24]","[108, 25, 12, 13, 24]","[108, 25, 12, 13, 24]",0,0,0,0,0,0,0,0,0,0,47.05882352941177,47.05882352941177,47.05882352941177,0.0025825455560659354,0.0025825455560659354
6,30,석수역,2026-09-08 12:00:00,2026-09-08 12:30:00,walk,operating|wd,5,"[108, 25, 12, 13, 24]","[108, 25, 12, 13, 24]","[108, 25, 12, 13, 24]",0,0,0,0,0,0,0,0,0,0,36.97478991596638,36.97478991596638,36.97478991596638,0.0007300386902049271,0.0007300386902049271
6,30,석수역,2026-09-08 12:00:00,2026-09-08 12:30:00,fare,operating|wd,5,"[108, 25, 12, 13, 24]","[108, 25, 12, 13, 24]","[108, 25, 12, 13, 24]",0,0,0,0,0,0,0,0,0,0,36.97478991596638,36.97478991596638,36.97478991596638,0.0007300386902049271,0.0007300386902049271
6,30,석수역,2026-09-08 14:00:00,2026-09-08 14:30:00,walk,operating|wd,5,"[108, 25, 12, 13, 24]","[108, 25, 12, 13, 24]","[108, 25, 12, 13, 24]",0,0,0,0,0,0,0,0,0,0,38.65546218487395,38.65546218487395,38.65546218487395,0.00033313966827260954,0.00033313966827260954
6,30,석수역,2026-09-08 14:00:00,2026-09-08 14:30:00,fare,operating|wd,5,"[108, 25, 12, 13, 24]","[108, 25, 12, 13, 24]","[108, 25, 12, 13, 24]",0,0,0,0,0,0,0,0,0,0,38.65546218487395,38.65546218487395,38.65546218487395,0.00033313966827260954,0.00033313966827260954
6,30,석수역,2026-09-08 16:00:00,2026-09-08 16:30:00,walk,operating|wd,5,"[108, 25, 12, 13, 24]","[108, 25, 12, 13, 24]","[108, 25, 12, 13, 24]",0,0,0,0,0,0,0,0,0,0,60.50420168067227,60.50420168067227,60.50420168067227,0.034408430869107505,0.034408430869107505
6,30,석수역,2026-09-08 16:00:00,2026-09-08 16:30:00,fare,operating|wd,5,"[108, 25, 13, 24, 12]","[108, 25, 13, 24, 12]","[108, 25, 13, 24, 12]",0,0,0,0,0,0,0,0,0,0,60.50420168067227,60.50420168067227,60.50420168067227,0.034408430869107505,0.034408430869107505
6,30,석수역,2026-09-08 18:00:00,2026-09-08 18:30:00,walk,outside|wd,5,"[108, 25, 12, 13, 24]","[25, 12, 13, 24, 108]","[25, 12, 13, 24, 108]",1,1,1,0,0,1,0,1,21,0,95.7983193277311,10.169491525423728,10.169491525423728,0.9930297044724615,0.0001598326822302347
6,30,석수역,2026-09-08 18:00:00,2026-09-08 18:30:00,fare,outside|wd,5,"[108, 25, 13, 24, 12]","[25, 13, 24, 12, 108]","[25, 13, 24, 12, 108]",1,1,1,0,0,1,0,1,21,0,95.7983193277311,10.169491525423728,10.169491525423728,0.9930297044724615,0.0001598326822302347
6,30,석수역,2026-09-08 20:00:00,2026-09-08 20:30:00,walk,outside|wd,5,"[108, 25, 12, 13, 24]","[25, 12, 13, 24, 108]","[25, 12, 13, 24, 108]",1,1,1,0,0,1,0,1,21,0,95.7983193277311,40.67796610169491,40.67796610169491,0.9928908735301899,0.00014520411970202196
6,30,석수역,2026-09-08 20:00:00,2026-09-08 20:30:00,fare,outside|wd,5,"[108, 25, 13, 24, 12]","[25, 13, 24, 12, 108]","[25, 13, 24, 12, 108]",1,1,1,0,0,1,0,1,21,0,95.7983193277311,40.67796610169491,40.67796610169491,0.9928908735301899,0.00014520411970202196
6,30,석수역,2026-09-08 22:00:00,2026-09-08 22:30:00,walk,outside|wd,5,"[108, 25, 12, 13, 24]","[25, 12, 13, 24, 108]","[25, 12, 13, 24, 108]",1,1,1,0,0,1,0,1,21,0,95.7983193277311,55.08474576271186,55.08474576271186,0.9953061058628331,0.00034480638886990185
6,30,석수역,2026-09-08 22:00:00,2026-09-08 22:30:00,fare,outside|wd,5,"[108, 25, 13, 24, 12]","[25, 13, 24, 12, 108]","[25, 13, 24, 12, 108]",1,1,1,0,0,1,0,1,21,0,95.7983193277311,55.08474576271186,55.08474576271186,0.9953061058628331,0.00034480638886990185
6,30,범계역,2026-09-08 12:00:00,2026-09-08 12:30:00,walk,operating|wd,25,"[16, 81, 241, 56, 261, 262, 30, 401, 183, 39, 182, 31, 161, 201, 42, 23, 165, 461, 166, 82, 40, 162, 521, 167, 163]","[16, 81, 241, 56, 261, 262, 30, 401, 183, 39, 182, 31, 161, 201, 42, 23, 165, 461, 166, 82, 40, 162, 521, 167, 163]","[16, 81, 241, 56, 261, 262, 30, 401, 183, 39, 182, 31, 161, 201, 42, 23, 165, 461, 166, 82, 40, 162, 521, 167, 163]",0,0,0,0,0,0,0,0,0,0,8.448928121059268,8.448928121059268,8.448928121059268,0.00010977580171456839,0.00010977580171456839
6,30,범계역,2026-09-08 12:00:00,2026-09-08 12:30:00,fare,operating|wd,25,"[16, 30, 401, 201, 42, 82, 521, 81, 241, 56, 261, 262, 183, 39, 182, 31, 23, 461, 40, 161, 165, 166, 162, 167, 163]","[16, 30, 401, 201, 42, 82, 521, 81, 241, 56, 261, 262, 183, 39, 182, 31, 23, 461, 40, 161, 165, 166, 162, 167, 163]","[16, 30, 401, 201, 42, 82, 521, 81, 241, 56, 261, 262, 183, 39, 182, 31, 23, 461, 40, 161, 165, 166, 162, 167, 163]",0,0,0,0,0,0,0,0,0,0,8.448928121059268,8.448928121059268,8.448928121059268,0.00010977580171456839,0.00010977580171456839
6,30,범계역,2026-09-08 14:00:00,2026-09-08 14:30:00,walk,operating|wd,25,"[16, 81, 241, 56, 261, 262, 30, 401, 183, 39, 182, 31, 161, 201, 42, 23, 165, 461, 166, 82, 40, 162, 521, 167, 163]","[16, 81, 241, 56, 261, 262, 30, 401, 183, 39, 182, 31, 161, 201, 42, 23, 165, 461, 166, 82, 40, 162, 521, 167, 163]","[16, 81, 241, 56, 261, 262, 30, 401, 183, 39, 182, 31, 161, 201, 42, 23, 165, 461, 166, 82, 40, 162, 521, 167, 163]",0,0,0,0,0,0,0,0,0,0,7.061790668348046,7.061790668348046,7.061790668348046,0.00010977580171456839,0.00010977580171456839
6,30,범계역,2026-09-08 14:00:00,2026-09-08 14:30:00,fare,operating|wd,25,"[16, 30, 401, 201, 42, 82, 521, 81, 241, 56, 261, 262, 183, 39, 182, 31, 23, 461, 40, 161, 165, 166, 162, 167, 163]","[16, 30, 401, 201, 42, 82, 521, 81, 241, 56, 261, 262, 183, 39, 182, 31, 23, 461, 40, 161, 165, 166, 162, 167, 163]","[16, 30, 401, 201, 42, 82, 521, 81, 241, 56, 261, 262, 183, 39, 182, 31, 23, 461, 40, 161, 165, 166, 162, 167, 163]",0,0,0,0,0,0,0,0,0,0,7.061790668348046,7.061790668348046,7.061790668348046,0.00010977580171456839,0.00010977580171456839
6,30,안양역,2026-09-08 10:00:00,2026-09-08 10:30:00,walk,operating|wd,11,"[48, 112, 53, 11, 52, 7, 8, 38, 29, 18, 28]","[48, 112, 53, 11, 52, 7, 8, 38, 29, 18, 28]","[112, 11, 7, 8, 38, 29, 18, 28, 48, 53, 52]",0,0,0,0,0,0,0,0,0,0,58.333333333333336,58.333333333333336,61.333333333333336,0.04045153889730235,0.04045153889730235
6,30,안양역,2026-09-08 10:00:00,2026-09-08 10:30:00,fare,operating|wd,11,"[18, 8, 38, 28, 48, 112, 53, 11, 52, 7, 29]","[18, 8, 38, 28, 48, 112, 53, 11, 52, 7, 29]","[18, 8, 38, 28, 112, 11, 7, 29, 48, 53, 52]",0,0,0,0,0,0,0,0,0,0,39.285714285714285,39.285714285714285,39.285714285714285,0.00018605437693842189,0.00018605437693842189
6,30,안양역,2026-09-08 12:00:00,2026-09-08 12:30:00,walk,operating|wd,11,"[48, 112, 53, 11, 52, 7, 8, 38, 29, 18, 28]","[48, 112, 53, 11, 52, 7, 8, 38, 29, 18, 28]","[48, 112, 53, 11, 52, 7, 8, 38, 29, 18, 28]",0,0,0,0,0,0,0,0,0,0,25.0,25.0,25.0,0.0012367818165723015,0.0012367818165723015
6,30,안양역,2026-09-08 12:00:00,2026-09-08 12:30:00,fare,operating|wd,11,"[18, 8, 38, 28, 48, 112, 53, 11, 52, 7, 29]","[18, 8, 38, 28, 48, 112, 53, 11, 52, 7, 29]","[18, 8, 38, 28, 48, 112, 53, 11, 52, 7, 29]",0,0,0,0,0,0,0,0,0,0,26.785714285714285,26.785714285714285,26.785714285714285,0.00011869937878529084,0.00011869937878529084
6,30,안양역,2026-09-08 14:00:00,2026-09-08 14:30:00,walk,operating|wd,11,"[48, 112, 53, 11, 52, 7, 8, 38, 29, 18, 28]","[48, 112, 53, 11, 52, 7, 8, 38, 29, 18, 28]","[48, 112, 53, 11, 52, 7, 8, 38, 29, 18, 28]",0,0,0,0,0,0,0,0,0,0,33.333333333333336,33.333333333333336,33.333333333333336,0.0005003769046386942,0.0005003769046386942
6,30,안양역,2026-09-08 14:00:00,2026-09-08 14:30:00,fare,operating|wd,11,"[18, 8, 38, 28, 48, 112, 53, 11, 52, 7, 29]","[18, 8, 38, 28, 48, 112, 53, 11, 52, 7, 29]","[18, 8, 38, 28, 48, 112, 53, 11, 52, 7, 29]",0,0,0,0,0,0,0,0,0,0,33.92857142857143,33.92857142857143,33.92857142857143,0.00010977580171456839,0.00010977580171456839
6,30,평촌역,2026-09-08 12:00:00,2026-09-08 12:30:00,walk,operating|wd,24,"[16, 31, 162, 166, 241, 163, 161, 167, 164, 37, 172, 168, 169, 27, 165, 261, 170, 262, 56, 171, 10, 21, 81, 34]","[16, 31, 162, 166, 241, 163, 161, 167, 164, 37, 172, 168, 169, 27, 165, 261, 170, 262, 56, 171, 10, 21, 81, 34]","[16, 31, 162, 166, 241, 163, 161, 167, 164, 37, 172, 168, 169, 27, 165, 261, 170, 262, 56, 171, 10, 21, 81, 34]",0,0,0,0,0,0,0,0,0,0,8.448928121059268,8.448928121059268,8.448928121059268,0.00010977580171456839,0.00010977580171456839
6,30,평촌역,2026-09-08 12:00:00,2026-09-08 12:30:00,fare,outside|wd,24,"[10, 16, 37, 27, 21, 34, 31, 241, 172, 261, 262, 56, 81, 162, 166, 163, 161, 167, 164, 168, 169, 165, 170, 171]","[10, 16, 37, 27, 21, 34, 31, 241, 172, 261, 262, 56, 81, 162, 166, 163, 161, 167, 164, 168, 169, 165, 170, 171]","[10, 16, 37, 27, 21, 34, 31, 241, 172, 261, 262, 56, 81, 162, 166, 163, 161, 167, 164, 168, 169, 165, 170, 171]",0,0,0,0,0,0,0,0,0,0,48.35164835164835,48.35164835164835,48.35164835164835,0.0006513896320105841,0.0006513896320105841
6,30,평촌역,2026-09-08 14:00:00,2026-09-08 14:30:00,walk,operating|wd,24,"[16, 31, 162, 166, 241, 163, 161, 167, 164, 37, 172, 168, 169, 27, 165, 261, 170, 262, 56, 171, 10, 21, 81, 34]","[16, 31, 162, 166, 241, 163, 161, 167, 164, 37, 172, 168, 169, 27, 165, 261, 170, 262, 56, 171, 10, 21, 81, 34]","[16, 31, 162, 166, 241, 163, 161, 167, 164, 37, 172, 168, 169, 27, 165, 261, 170, 262, 56, 171, 10, 21, 81, 34]",0,0,0,0,0,0,0,0,0,0,7.061790668348046,7.061790668348046,7.061790668348046,0.00010977580171456839,0.00010977580171456839
6,30,평촌역,2026-09-08 14:00:00,2026-09-08 14:30:00,fare,outside|wd,24,"[10, 16, 37, 27, 21, 34, 31, 241, 172, 261, 262, 56, 81, 162, 166, 163, 161, 167, 164, 168, 169, 165, 170, 171]","[10, 16, 37, 27, 21, 34, 31, 241, 172, 261, 262, 56, 81, 162, 166, 163, 161, 167, 164, 168, 169, 165, 170, 171]","[10, 16, 37, 27, 21, 34, 31, 241, 172, 261, 262, 56, 81, 162, 166, 163, 161, 167, 164, 168, 169, 165, 170, 171]",0,0,0,0,0,0,0,0,0,0,46.15384615384615,46.15384615384615,46.15384615384615,0.0005379290478587128,0.0005379290478587128
6,30,평촌역,2026-09-08 16:00:00,2026-09-08 16:30:00,walk,operating|wd,24,"[16, 31, 162, 166, 241, 163, 161, 167, 164, 37, 172, 168, 169, 27, 165, 261, 170, 262, 56, 171, 10, 21, 81, 34]","[16, 31, 162, 166, 241, 163, 161, 167, 164, 37, 172, 168, 169, 27, 165, 261, 170, 262, 56, 171, 10, 21, 81, 34]","[16, 31, 162, 166, 241, 163, 161, 167, 164, 37, 172, 168, 169, 27, 165, 261, 170, 262, 56, 171, 10, 21, 81, 34]",0,0,0,0,0,0,0,0,0,0,14.37578814627995,14.37578814627995,14.37578814627995,0.0001487550117358624,0.0001487550117358624
6,30,평촌역,2026-09-08 16:00:00,2026-09-08 16:30:00,fare,outside|wd,24,"[10, 81, 16, 37, 27, 21, 34, 31, 241, 172, 261, 262, 56, 162, 166, 163, 161, 167, 164, 168, 169, 165, 170, 171]","[10, 81, 16, 37, 27, 21, 34, 31, 241, 172, 261, 262, 56, 162, 166, 163, 161, 167, 164, 168, 169, 165, 170, 171]","[10, 81, 16, 37, 27, 21, 34, 31, 241, 172, 261, 262, 56, 162, 166, 163, 161, 167, 164, 168, 169, 165, 170, 171]",0,0,0,0,0,0,0,0,0,0,51.64835164835165,51.64835164835165,51.64835164835165,0.0025931720687999106,0.0025931720687999106
6,30,인덕원역,2026-09-08 10:00:00,2026-09-08 10:30:00,walk,outside|wd,7,"[10, 172, 27, 171, 170, 164, 34]","[10, 172, 27, 171, 170, 164, 34]","[10, 172, 27, 171, 170, 164, 34]",0,0,0,0,0,0,0,0,0,0,54.395604395604394,54.395604395604394,54.395604395604394,0.0005365141089716881,0.0005365141089716881
6,30,인덕원역,2026-09-08 10:00:00,2026-09-08 10:30:00,fare,outside|wd,7,"[10, 27, 34, 172, 171, 170, 164]","[10, 27, 34, 172, 171, 170, 164]","[10, 27, 34, 172, 171, 170, 164]",0,0,0,0,0,0,0,0,0,0,54.395604395604394,54.395604395604394,54.395604395604394,0.0005365141089716881,0.0005365141089716881
6,30,인덕원역,2026-09-08 12:00:00,2026-09-08 12:30:00,walk,outside|wd,7,"[10, 172, 27, 171, 170, 164, 34]","[10, 172, 27, 171, 170, 164, 34]","[10, 172, 27, 171, 170, 164, 34]",0,0,0,0,0,0,0,0,0,0,48.35164835164835,48.35164835164835,48.35164835164835,0.0006513896320105841,0.0006513896320105841
6,30,인덕원역,2026-09-08 12:00:00,2026-09-08 12:30:00,fare,outside|wd,7,"[10, 27, 34, 172, 171, 170, 164]","[10, 27, 34, 172, 171, 170, 164]","[10, 27, 34, 172, 171, 170, 164]",0,0,0,0,0,0,0,0,0,0,48.35164835164835,48.35164835164835,48.35164835164835,0.0006513896320105841,0.0006513896320105841
6,30,인덕원역,2026-09-08 14:00:00,2026-09-08 14:30:00,walk,outside|wd,7,"[10, 172, 27, 171, 170, 164, 34]","[10, 172, 27, 171, 170, 164, 34]","[10, 172, 27, 171, 170, 164, 34]",0,0,0,0,0,0,0,0,0,0,46.15384615384615,46.15384615384615,46.15384615384615,0.0005379290478587128,0.0005379290478587128
6,30,인덕원역,2026-09-08 14:00:00,2026-09-08 14:30:00,fare,outside|wd,7,"[10, 27, 34, 172, 171, 170, 164]","[10, 27, 34, 172, 171, 170, 164]","[10, 27, 34, 172, 171, 170, 164]",0,0,0,0,0,0,0,0,0,0,46.15384615384615,46.15384615384615,46.15384615384615,0.0005379290478587128,0.0005379290478587128
6,30,인덕원역,2026-09-08 16:00:00,2026-09-08 16:30:00,walk,outside|wd,7,"[10, 172, 27, 171, 170, 164, 34]","[10, 172, 27, 171, 170, 164, 34]","[10, 172, 27, 171, 170, 164, 34]",0,0,0,0,0,0,0,0,0,0,51.64835164835165,51.64835164835165,51.64835164835165,0.0025931720687999106,0.0025931720687999106
6,30,인덕원역,2026-09-08 16:00:00,2026-09-08 16:30:00,fare,outside|wd,7,"[10, 27, 34, 172, 171, 170, 164]","[10, 27, 34, 172, 171, 170, 164]","[10, 27, 34, 172, 171, 170, 164]",0,0,0,0,0,0,0,0,0,0,51.64835164835165,51.64835164835165,51.64835164835165,0.0025931720687999106,0.0025931720687999106
6,60,안양시청,2026-09-08 12:00:00,2026-09-08 13:00:00,walk,operating|wd,25,"[16, 31, 161, 241, 165, 166, 81, 261, 162, 56, 262, 163, 167, 164, 21, 37, 30, 168, 172, 169, 170, 201, 27, 171, 401]","[16, 31, 161, 241, 165, 166, 81, 261, 162, 56, 262, 163, 167, 164, 21, 37, 30, 168, 172, 169, 170, 201, 27, 171, 401]","[16, 31, 161, 241, 165, 166, 81, 261, 162, 56, 262, 163, 167, 164, 21, 37, 30, 168, 172, 169, 170, 201, 27, 171, 401]",0,0,0,0,0,0,0,0,0,0,5.296343001261034,5.296343001261034,5.296343001261034,0.0001916891400205156,0.0001916891400205156
6,60,안양시청,2026-09-08 12:00:00,2026-09-08 13:00:00,fare,operating|wd,25,"[16, 21, 37, 30, 201, 27, 401, 31, 241, 81, 261, 56, 262, 172, 161, 165, 166, 162, 163, 167, 164, 168, 169, 170, 171]","[16, 21, 37, 30, 201, 27, 401, 31, 241, 81, 261, 56, 262, 172, 161, 165, 166, 162, 163, 167, 164, 168, 169, 170, 171]","[16, 21, 37, 30, 201, 27, 401, 31, 241, 81, 261, 56, 262, 172, 161, 165, 166, 162, 163, 167, 164, 168, 169, 170, 171]",0,0,0,0,0,0,0,0,0,0,5.296343001261034,5.296343001261034,5.296343001261034,0.0001916891400205156,0.0001916891400205156
6,60,안양시청,2026-09-08 14:00:00,2026-09-08 15:00:00,walk,operating|wd,25,"[16, 31, 161, 241, 165, 166, 81, 261, 162, 56, 262, 163, 167, 164, 21, 37, 30, 168, 172, 169, 170, 201, 27, 171, 401]","[16, 31, 161, 241, 165, 166, 81, 261, 162, 56, 262, 163, 167, 164, 21, 37, 30, 168, 172, 169, 170, 201, 27, 171, 401]","[16, 31, 161, 241, 165, 166, 81, 261, 162, 56, 262, 163, 167, 164, 21, 37, 30, 168, 172, 169, 170, 201, 27, 171, 401]",0,0,0,0,0,0,0,0,0,0,7.566204287515763,7.566204287515763,7.566204287515763,0.00019147638569959723,0.00019147638569959723
6,60,안양시청,2026-09-08 14:00:00,2026-09-08 15:00:00,fare,operating|wd,25,"[16, 21, 37, 30, 201, 27, 401, 31, 241, 81, 261, 56, 262, 172, 161, 165, 166, 162, 163, 167, 164, 168, 169, 170, 171]","[16, 21, 37, 30, 201, 27, 401, 31, 241, 81, 261, 56, 262, 172, 161, 165, 166, 162, 163, 167, 164, 168, 169, 170, 171]","[16, 21, 37, 30, 201, 27, 401, 31, 241, 81, 261, 56, 262, 172, 161, 165, 166, 162, 163, 167, 164, 168, 169, 170, 171]",0,0,0,0,0,0,0,0,0,0,7.566204287515763,7.566204287515763,7.566204287515763,0.00019147638569959723,0.00019147638569959723
6,60,안양시청,2026-09-08 16:00:00,2026-09-08 17:00:00,walk,operating|wd,25,"[16, 31, 161, 241, 165, 166, 81, 261, 162, 56, 262, 163, 167, 164, 21, 37, 30, 168, 172, 169, 170, 201, 27, 171, 401]","[16, 31, 161, 241, 165, 166, 81, 261, 162, 56, 262, 163, 167, 164, 21, 37, 30, 168, 172, 169, 170, 201, 27, 171, 401]","[16, 31, 161, 241, 165, 166, 81, 261, 162, 56, 262, 163, 167, 164, 21, 37, 30, 168, 172, 169, 170, 201, 27, 171, 401]",0,0,0,0,0,0,0,0,0,0,20.55485498108449,20.55485498108449,20.55485498108449,0.00023437686200566426,0.00023437686200566426
6,60,안양시청,2026-09-08 16:00:00,2026-09-08 17:00:00,fare,outside|wd,25,"[81, 16, 21, 37, 30, 201, 27, 401, 31, 241, 261, 56, 262, 172, 161, 165, 166, 162, 163, 167, 164, 168, 169, 170, 171]","[81, 16, 21, 37, 30, 201, 27, 401, 31, 241, 261, 56, 262, 172, 161, 165, 166, 162, 163, 167, 164, 168, 169, 170, 171]","[81, 16, 21, 37, 30, 201, 27, 401, 31, 241, 261, 56, 262, 172, 161, 165, 166, 162, 163, 167, 164, 168, 169, 170, 171]",0,0,0,0,0,0,0,0,0,0,4.761904761904762,4.761904761904762,4.761904761904762,0.00022801106835167165,0.00022801106835167165
6,60,석수역,2026-09-08 06:00:00,2026-09-08 07:00:00,walk,outside|wd,5,"[108, 25, 12, 13, 24]","[25, 12, 13, 24, 108]","[25, 12, 13, 24, 108]",1,1,1,0,0,1,0,1,21,0,100.0,57.6271186440678,57.6271186440678,0.9887150325734126,0.00045733127172581584
6,60,석수역,2026-09-08 06:00:00,2026-09-08 07:00:00,fare,outside|wd,5,"[108, 25, 13, 24, 12]","[25, 13, 24, 12, 108]","[25, 13, 24, 12, 108]",1,1,1,0,0,1,0,1,21,0,100.0,57.6271186440678,57.6271186440678,0.9887150325734126,0.00045733127172581584
6,60,석수역,2026-09-08 08:00:00,2026-09-08 09:00:00,walk,operating|wd,5,"[108, 25, 12, 13, 24]","[25, 12, 13, 24, 108]","[25, 12, 13, 24, 108]",1,1,1,0,0,1,0,1,21,0,100.0,44.91525423728814,44.91525423728814,0.9724038926902183,0.00047283544753031235
6,60,석수역,2026-09-08 08:00:00,2026-09-08 09:00:00,fare,operating|wd,5,"[108, 25, 12, 13, 24]","[25, 12, 13, 24, 108]","[25, 12, 13, 24, 108]",1,1,1,0,0,1,0,1,21,0,100.0,44.91525423728814,44.91525423728814,0.9724038926902183,0.00047283544753031235
6,60,석수역,2026-09-08 10:00:00,2026-09-08 11:00:00,walk,operating|wd,5,"[108, 25, 12, 13, 24]","[108, 25, 12, 13, 24]","[108, 25, 12, 13, 24]",0,0,0,0,0,0,0,0,0,0,47.05882352941177,47.05882352941177,47.05882352941177,0.007895897007378477,0.007895897007378477
6,60,석수역,2026-09-08 10:00:00,2026-09-08 11:00:00,fare,operating|wd,5,"[108, 25, 12, 13, 24]","[108, 25, 12, 13, 24]","[108, 25, 12, 13, 24]",0,0,0,0,0,0,0,0,0,0,47.05882352941177,47.05882352941177,47.05882352941177,0.007895897007378477,0.007895897007378477
6,60,석수역,2026-09-08 12:00:00,2026-09-08 13:00:00,walk,operating|wd,5,"[108, 25, 12, 13, 24]","[108, 25, 12, 13, 24]","[108, 25, 12, 13, 24]",0,0,0,0,0,0,0,0,0,0,36.134453781512605,36.134453781512605,36.134453781512605,0.0022439634522476337,0.0022439634522476337
6,60,석수역,2026-09-08 12:00:00,2026-09-08 13:00:00,fare,operating|wd,5,"[108, 25, 12, 13, 24]","[108, 25, 12, 13, 24]","[108, 25, 12, 13, 24]",0,0,0,0,0,0,0,0,0,0,36.134453781512605,36.134453781512605,36.134453781512605,0.0022439634522476337,0.0022439634522476337
6,60,석수역,2026-09-08 14:00:00,2026-09-08 15:00:00,walk,operating|wd,5,"[108, 25, 12, 13, 24]","[108, 25, 12, 13, 24]","[108, 25, 12, 13, 24]",0,0,0,0,0,0,0,0,0,0,38.65546218487395,38.65546218487395,38.65546218487395,0.0024128906543258175,0.0024128906543258175
6,60,석수역,2026-09-08 14:00:00,2026-09-08 15:00:00,fare,operating|wd,5,"[108, 25, 12, 13, 24]","[108, 25, 12, 13, 24]","[108, 25, 12, 13, 24]",0,0,0,0,0,0,0,0,0,0,38.65546218487395,38.65546218487395,38.65546218487395,0.0024128906543258175,0.0024128906543258175
6,60,석수역,2026-09-08 16:00:00,2026-09-08 17:00:00,walk,outside|wd,5,"[108, 25, 12, 13, 24]","[108, 25, 12, 13, 24]","[108, 25, 12, 13, 24]",0,0,1,1,1,0,0,0,0,0,95.7983193277311,95.7983193277311,95.7983193277311,0.30165242023022315,0.30165242023022315
6,60,석수역,2026-09-08 16:00:00,2026-09-08 17:00:00,fare,outside|wd,5,"[108, 25, 13, 24, 12]","[108, 25, 13, 24, 12]","[108, 25, 13, 24, 12]",0,0,1,1,1,0,0,0,0,0,95.7983193277311,95.7983193277311,95.7983193277311,0.30165242023022315,0.30165242023022315
6,60,석수역,2026-09-08 18:00:00,2026-09-08 19:00:00,walk,outside|wd,5,"[108, 25, 12, 13, 24]","[25, 12, 13, 24, 108]","[25, 12, 13, 24, 108]",1,1,1,0,0,1,0,1,21,0,95.7983193277311,4.237288135593221,4.237288135593221,0.9861609306884014,0.0003624489184080359
6,60,석수역,2026-09-08 18:00:00,2026-09-08 19:00:00,fare,outside|wd,5,"[108, 25, 13, 24, 12]","[25, 13, 24, 12, 108]","[25, 13, 24, 12, 108]",1,1,1,0,0,1,0,1,21,0,95.7983193277311,4.237288135593221,4.237288135593221,0.9861609306884014,0.0003624489184080359
6,60,석수역,2026-09-08 20:00:00,2026-09-08 21:00:00,walk,outside|wd,5,"[108, 25, 12, 13, 24]","[25, 12, 13, 24, 108]","[25, 12, 13, 24, 108]",1,1,1,0,0,1,0,1,21,0,95.7983193277311,42.3728813559322,42.3728813559322,0.9807606871277604,0.00022441232490430111
6,60,석수역,2026-09-08 20:00:00,2026-09-08 21:00:00,fare,outside|wd,5,"[108, 25, 13, 24, 12]","[25, 13, 24, 12, 108]","[25, 13, 24, 12, 108]",1,1,1,0,0,1,0,1,21,0,95.7983193277311,42.3728813559322,42.3728813559322,0.9807606871277604,0.00022441232490430111
6,60,범계역,2026-09-08 12:00:00,2026-09-08 13:00:00,walk,operating|wd,25,"[16, 81, 241, 56, 261, 262, 30, 401, 183, 39, 182, 31, 161, 201, 42, 23, 165, 461, 166, 82, 40, 162, 521, 167, 163]","[16, 81, 241, 56, 261, 262, 30, 401, 183, 39, 182, 31, 161, 201, 42, 23, 165, 461, 166, 82, 40, 162, 521, 167, 163]","[16, 81, 241, 56, 261, 262, 30, 401, 183, 39, 182, 31, 161, 201, 42, 23, 165, 461, 166, 82, 40, 162, 521, 167, 163]",0,0,0,0,0,0,0,0,0,0,5.296343001261034,5.296343001261034,5.296343001261034,0.0001916891400205156,0.0001916891400205156
6,60,범계역,2026-09-08 12:00:00,2026-09-08 13:00:00,fare,operating|wd,25,"[16, 30, 401, 201, 42, 82, 521, 81, 241, 56, 261, 262, 183, 39, 182, 31, 23, 461, 40, 161, 165, 166, 162, 167, 163]","[16, 30, 401, 201, 42, 82, 521, 81, 241, 56, 261, 262, 183, 39, 182, 31, 23, 461, 40, 161, 165, 166, 162, 167, 163]","[16, 30, 401, 201, 42, 82, 521, 81, 241, 56, 261, 262, 183, 39, 182, 31, 23, 461, 40, 161, 165, 166, 162, 167, 163]",0,0,0,0,0,0,0,0,0,0,5.296343001261034,5.296343001261034,5.296343001261034,0.0001916891400205156,0.0001916891400205156
6,60,범계역,2026-09-08 14:00:00,2026-09-08 15:00:00,walk,operating|wd,25,"[16, 81, 241, 56, 261, 262, 30, 401, 183, 39, 182, 31, 161, 201, 42, 23, 165, 461, 166, 82, 40, 162, 521, 167, 163]","[16, 81, 241, 56, 261, 262, 30, 401, 183, 39, 182, 31, 161, 201, 42, 23, 165, 461, 166, 82, 40, 162, 521, 167, 163]","[16, 81, 241, 56, 261, 262, 30, 401, 183, 39, 182, 31, 161, 201, 42, 23, 165, 461, 166, 82, 40, 162, 521, 167, 163]",0,0,0,0,0,0,0,0,0,0,7.566204287515763,7.566204287515763,7.566204287515763,0.00019147638569959723,0.00019147638569959723
6,60,범계역,2026-09-08 14:00:00,2026-09-08 15:00:00,fare,operating|wd,25,"[16, 30, 401, 201, 42, 82, 521, 81, 241, 56, 261, 262, 183, 39, 182, 31, 23, 461, 40, 161, 165, 166, 162, 167, 163]","[16, 30, 401, 201, 42, 82, 521, 81, 241, 56, 261, 262, 183, 39, 182, 31, 23, 461, 40, 161, 165, 166, 162, 167, 163]","[16, 30, 401, 201, 42, 82, 521, 81, 241, 56, 261, 262, 183, 39, 182, 31, 23, 461, 40, 161, 165, 166, 162, 167, 163]",0,0,0,0,0,0,0,0,0,0,7.566204287515763,7.566204287515763,7.566204287515763,0.00019147638569959723,0.00019147638569959723
6,60,안양역,2026-09-08 10:00:00,2026-09-08 11:00:00,walk,operating|wd,11,"[48, 112, 53, 11, 52, 7, 8, 38, 29, 18, 28]","[48, 112, 53, 11, 52, 7, 8, 38, 29, 18, 28]","[112, 11, 7, 8, 38, 29, 18, 28, 48, 53, 52]",0,0,0,0,0,0,0,0,0,0,62.5,62.5,49.333333333333336,0.09517022608279109,0.09517022608279109
6,60,안양역,2026-09-08 10:00:00,2026-09-08 11:00:00,fare,operating|wd,11,"[18, 8, 38, 28, 48, 112, 53, 11, 52, 7, 29]","[18, 8, 38, 28, 48, 112, 53, 11, 52, 7, 29]","[18, 8, 38, 28, 112, 11, 7, 29, 48, 53, 52]",0,0,0,0,0,0,0,0,0,0,30.357142857142858,30.357142857142858,30.357142857142858,0.00026569139777881474,0.00026569139777881474
6,60,안양역,2026-09-08 12:00:00,2026-09-08 13:00:00,walk,operating|wd,11,"[48, 112, 53, 11, 52, 7, 8, 38, 29, 18, 28]","[48, 112, 53, 11, 52, 7, 8, 38, 29, 18, 28]","[48, 112, 53, 11, 52, 7, 8, 38, 29, 18, 28]",0,0,0,0,0,0,0,0,0,0,4.166666666666667,4.166666666666667,4.166666666666667,0.010668765532823643,0.010668765532823643
6,60,안양역,2026-09-08 12:00:00,2026-09-08 13:00:00,fare,operating|wd,11,"[18, 8, 38, 28, 48, 112, 53, 11, 52, 7, 29]","[18, 8, 38, 28, 48, 112, 53, 11, 52, 7, 29]","[18, 8, 38, 28, 48, 112, 53, 11, 52, 7, 29]",0,0,0,0,0,0,0,0,0,0,26.785714285714285,26.785714285714285,26.785714285714285,0.0002559737050688589,0.0002559737050688589
6,60,평촌역,2026-09-08 12:00:00,2026-09-08 13:00:00,walk,operating|wd,24,"[16, 31, 162, 166, 241, 163, 161, 167, 164, 37, 172, 168, 169, 27, 165, 261, 170, 262, 56, 171, 10, 21, 81, 34]","[16, 31, 162, 166, 241, 163, 161, 167, 164, 37, 172, 168, 169, 27, 165, 261, 170, 262, 56, 171, 10, 21, 81, 34]","[16, 31, 162, 166, 241, 163, 161, 167, 164, 37, 172, 168, 169, 27, 165, 261, 170, 262, 56, 171, 10, 21, 81, 34]",0,0,0,0,0,0,0,0,0,0,5.296343001261034,5.296343001261034,5.296343001261034,0.0001916891400205156,0.0001916891400205156
6,60,평촌역,2026-09-08 12:00:00,2026-09-08 13:00:00,fare,outside|wd,24,"[10, 16, 37, 27, 21, 34, 31, 241, 172, 261, 262, 56, 81, 162, 166, 163, 161, 167, 164, 168, 169, 165, 170, 171]","[10, 16, 37, 27, 21, 34, 31, 241, 172, 261, 262, 56, 81, 162, 166, 163, 161, 167, 164, 168, 169, 165, 170, 171]","[10, 16, 37, 27, 21, 34, 31, 241, 172, 261, 262, 56, 81, 162, 166, 163, 161, 167, 164, 168, 169, 165, 170, 171]",0,0,0,0,0,0,0,0,0,0,47.8021978021978,47.8021978021978,47.8021978021978,0.003172402044042357,0.003172402044042357
6,60,평촌역,2026-09-08 14:00:00,2026-09-08 15:00:00,walk,operating|wd,24,"[16, 31, 162, 166, 241, 163, 161, 167, 164, 37, 172, 168, 169, 27, 165, 261, 170, 262, 56, 171, 10, 21, 81, 34]","[16, 31, 162, 166, 241, 163, 161, 167, 164, 37, 172, 168, 169, 27, 165, 261, 170, 262, 56, 171, 10, 21, 81, 34]","[16, 31, 162, 166, 241, 163, 161, 167, 164, 37, 172, 168, 169, 27, 165, 261, 170, 262, 56, 171, 10, 21, 81, 34]",0,0,0,0,0,0,0,0,0,0,7.566204287515763,7.566204287515763,7.566204287515763,0.00019147638569959723,0.00019147638569959723
6,60,평촌역,2026-09-08 14:00:00,2026-09-08 15:00:00,fare,outside|wd,24,"[10, 16, 37, 27, 21, 34, 31, 241, 172, 261, 262, 56, 81, 162, 166, 163, 161, 167, 164, 168, 169, 165, 170, 171]","[10, 16, 37, 27, 21, 34, 31, 241, 172, 261, 262, 56, 81, 162, 166, 163, 161, 167, 164, 168, 169, 165, 170, 171]","[10, 16, 37, 27, 21, 34, 31, 241, 172, 261, 262, 56, 81, 162, 166, 163, 161, 167, 164, 168, 169, 165, 170, 171]",0,0,0,0,0,0,0,0,0,0,46.7032967032967,46.7032967032967,46.7032967032967,0.0025806848292929158,0.0025806848292929158
6,60,평촌역,2026-09-08 16:00:00,2026-09-08 17:00:00,walk,operating|wd,24,"[16, 31, 162, 166, 241, 163, 161, 167, 164, 37, 172, 168, 169, 27, 165, 261, 170, 262, 56, 171, 10, 21, 81, 34]","[16, 31, 162, 166, 241, 163, 161, 167, 164, 37, 172, 168, 169, 27, 165, 261, 170, 262, 56, 171, 10, 21, 81, 34]","[16, 31, 162, 166, 241, 163, 161, 167, 164, 37, 172, 168, 169, 27, 165, 261, 170, 262, 56, 171, 10, 21, 81, 34]",0,0,0,0,0,0,0,0,0,0,20.55485498108449,20.55485498108449,20.55485498108449,0.00023437686200566426,0.00023437686200566426
6,60,평촌역,2026-09-08 16:00:00,2026-09-08 17:00:00,fare,outside|wd,24,"[10, 81, 16, 37, 27, 21, 34, 31, 241, 172, 261, 262, 56, 162, 166, 163, 161, 167, 164, 168, 169, 165, 170, 171]","[10, 81, 16, 37, 27, 21, 34, 31, 241, 172, 261, 262, 56, 162, 166, 163, 161, 167, 164, 168, 169, 165, 170, 171]","[10, 81, 16, 37, 27, 21, 34, 31, 241, 172, 261, 262, 56, 162, 166, 163, 161, 167, 164, 168, 169, 165, 170, 171]",0,0,0,0,0,0,0,0,0,0,56.59340659340659,56.59340659340659,56.59340659340659,0.005387274129570763,0.005387274129570763
6,60,인덕원역,2026-09-08 10:00:00,2026-09-08 11:00:00,walk,outside|wd,7,"[10, 172, 27, 171, 170, 164, 34]","[10, 172, 27, 171, 170, 164, 34]","[10, 172, 27, 171, 170, 164, 34]",0,0,0,0,0,0,0,0,0,0,52.747252747252745,52.747252747252745,52.747252747252745,0.002077880188490392,0.002077880188490392
6,60,인덕원역,2026-09-08 10:00:00,2026-09-08 11:00:00,fare,outside|wd,7,"[10, 27, 34, 172, 171, 170, 164]","[10, 27, 34, 172, 171, 170, 164]","[10, 27, 34, 172, 171, 170, 164]",0,0,0,0,0,0,0,0,0,0,52.747252747252745,52.747252747252745,52.747252747252745,0.002077880188490392,0.002077880188490392
6,60,인덕원역,2026-09-08 12:00:00,2026-09-08 13:00:00,walk,outside|wd,7,"[10, 172, 27, 171, 170, 164, 34]","[10, 172, 27, 171, 170, 164, 34]","[10, 172, 27, 171, 170, 164, 34]",0,0,0,0,0,0,0,0,0,0,47.8021978021978,47.8021978021978,47.8021978021978,0.003172402044042357,0.003172402044042357
6,60,인덕원역,2026-09-08 12:00:00,2026-09-08 13:00:00,fare,outside|wd,7,"[10, 27, 34, 172, 171, 170, 164]","[10, 27, 34, 172, 171, 170, 164]","[10, 27, 34, 172, 171, 170, 164]",0,0,0,0,0,0,0,0,0,0,47.8021978021978,47.8021978021978,47.8021978021978,0.003172402044042357,0.003172402044042357
6,60,인덕원역,2026-09-08 14:00:00,2026-09-08 15:00:00,walk,outside|wd,7,"[10, 172, 27, 171, 170, 164, 34]","[10, 172, 27, 171, 170, 164, 34]","[10, 172, 27, 171, 170, 164, 34]",0,0,0,0,0,0,0,0,0,0,46.7032967032967,46.7032967032967,46.7032967032967,0.0025806848292929158,0.0025806848292929158
6,60,인덕원역,2026-09-08 14:00:00,2026-09-08 15:00:00,fare,outside|wd,7,"[10, 27, 34, 172, 171, 170, 164]","[10, 27, 34, 172, 171, 170, 164]","[10, 27, 34, 172, 171, 170, 164]",0,0,0,0,0,0,0,0,0,0,46.7032967032967,46.7032967032967,46.7032967032967,0.0025806848292929158,0.0025806848292929158
6,60,인덕원역,2026-09-08 16:00:00,2026-09-08 17:00:00,walk,outside|wd,7,"[10, 172, 27, 171, 170, 164, 34]","[10, 172, 27, 171, 170, 164, 34]","[10, 172, 27, 171, 170, 164, 34]",0,0,0,0,0,0,0,0,0,0,56.59340659340659,56.59340659340659,56.59340659340659,0.005387274129570763,0.005387274129570763
6,60,인덕원역,2026-09-08 16:00:00,2026-09-08 17:00:00,fare,outside|wd,7,"[10, 27, 34, 172, 171, 170, 164]","[10, 27, 34, 172, 171, 170, 164]","[10, 27, 34, 172, 171, 170, 164]",0,0,0,0,0,0,0,0,0,0,56.59340659340659,56.59340659340659,56.59340659340659,0.005387274129570763,0.005387274129570763
6,120,안양시청,2026-09-08 12:00:00,2026-09-08 14:00:00,walk,operating|wd,25,"[16, 31, 161, 241, 165, 166, 81, 261, 162, 56, 262, 163, 167, 164, 21, 37, 30, 168, 172, 169, 170, 201, 27, 171, 401]","[16, 31, 161, 241, 165, 166, 81, 261, 162, 56, 262, 163, 167, 164, 21, 37, 30, 168, 172, 169, 170, 201, 27, 171, 401]","[16, 31, 161, 241, 165, 166, 81, 261, 162, 56, 262, 163, 167, 164, 21, 37, 30, 168, 172, 169, 170, 201, 27, 171, 401]",0,0,0,0,0,0,0,0,0,0,6.935687263556116,6.935687263556116,6.935687263556116,0.000918570142946529,0.000918570142946529
6,120,안양시청,2026-09-08 12:00:00,2026-09-08 14:00:00,fare,operating|wd,25,"[16, 21, 37, 30, 201, 27, 401, 31, 241, 81, 261, 56, 262, 172, 161, 165, 166, 162, 163, 167, 164, 168, 169, 170, 171]","[16, 21, 37, 30, 201, 27, 401, 31, 241, 81, 261, 56, 262, 172, 161, 165, 166, 162, 163, 167, 164, 168, 169, 170, 171]","[16, 21, 37, 30, 201, 27, 401, 31, 241, 81, 261, 56, 262, 172, 161, 165, 166, 162, 163, 167, 164, 168, 169, 170, 171]",0,0,0,0,0,0,0,0,0,0,6.935687263556116,6.935687263556116,6.935687263556116,0.000918570142946529,0.000918570142946529
6,120,안양시청,2026-09-08 14:00:00,2026-09-08 16:00:00,walk,operating|wd,25,"[16, 31, 161, 241, 165, 166, 81, 261, 162, 56, 262, 163, 167, 164, 21, 37, 30, 168, 172, 169, 170, 201, 27, 171, 401]","[16, 31, 161, 241, 165, 166, 81, 261, 162, 56, 262, 163, 167, 164, 21, 37, 30, 168, 172, 169, 170, 201, 27, 171, 401]","[16, 31, 161, 241, 165, 166, 81, 261, 162, 56, 262, 163, 167, 164, 21, 37, 30, 168, 172, 169, 170, 201, 27, 171, 401]",0,0,0,0,0,0,0,0,0,0,11.349306431273645,11.349306431273645,11.349306431273645,0.000918570142946529,0.000918570142946529
6,120,안양시청,2026-09-08 14:00:00,2026-09-08 16:00:00,fare,operating|wd,25,"[16, 21, 37, 30, 201, 27, 401, 31, 241, 81, 261, 56, 262, 172, 161, 165, 166, 162, 163, 167, 164, 168, 169, 170, 171]","[16, 21, 37, 30, 201, 27, 401, 31, 241, 81, 261, 56, 262, 172, 161, 165, 166, 162, 163, 167, 164, 168, 169, 170, 171]","[16, 21, 37, 30, 201, 27, 401, 31, 241, 81, 261, 56, 262, 172, 161, 165, 166, 162, 163, 167, 164, 168, 169, 170, 171]",0,0,0,0,0,0,0,0,0,0,11.349306431273645,11.349306431273645,11.349306431273645,0.000918570142946529,0.000918570142946529
6,120,석수역,2026-09-08 06:00:00,2026-09-08 08:00:00,walk,outside|wd,5,"[108, 25, 12, 13, 24]","[25, 12, 13, 24, 108]","[25, 12, 13, 24, 108]",1,1,1,0,0,1,0,1,21,0,100.0,54.23728813559322,54.23728813559322,0.9609767051739846,0.0020891499912347134
6,120,석수역,2026-09-08 06:00:00,2026-09-08 08:00:00,fare,outside|wd,5,"[108, 25, 13, 24, 12]","[25, 13, 24, 12, 108]","[25, 13, 24, 12, 108]",1,1,1,0,0,1,0,1,21,0,100.0,54.23728813559322,54.23728813559322,0.9609767051739846,0.0020891499912347134
6,120,석수역,2026-09-08 08:00:00,2026-09-08 10:00:00,walk,operating|wd,5,"[108, 25, 12, 13, 24]","[108, 25, 12, 13, 24]","[25, 12, 13, 24, 108]",0,0,0,0,0,0,0,0,0,0,52.10084033613445,52.10084033613445,33.05084745762712,0.15733217644928663,0.15733217644928663
6,120,석수역,2026-09-08 08:00:00,2026-09-08 10:00:00,fare,operating|wd,5,"[108, 25, 12, 13, 24]","[108, 25, 12, 13, 24]","[25, 12, 13, 24, 108]",0,0,0,0,0,0,0,0,0,0,52.10084033613445,52.10084033613445,33.05084745762712,0.15733217644928663,0.15733217644928663
6,120,석수역,2026-09-08 10:00:00,2026-09-08 12:00:00,walk,operating|wd,5,"[108, 25, 12, 13, 24]","[108, 25, 12, 13, 24]","[108, 25, 12, 13, 24]",0,0,0,0,0,0,0,0,0,0,41.1764705882353,41.1764705882353,41.1764705882353,0.025793841654126272,0.025793841654126272
6,120,석수역,2026-09-08 10:00:00,2026-09-08 12:00:00,fare,operating|wd,5,"[108, 25, 12, 13, 24]","[108, 25, 12, 13, 24]","[108, 25, 12, 13, 24]",0,0,0,0,0,0,0,0,0,0,41.1764705882353,41.1764705882353,41.1764705882353,0.025793841654126272,0.025793841654126272
6,120,석수역,2026-09-08 12:00:00,2026-09-08 14:00:00,walk,operating|wd,5,"[108, 25, 12, 13, 24]","[108, 25, 12, 13, 24]","[108, 25, 12, 13, 24]",0,0,0,0,0,0,0,0,0,0,36.97478991596638,36.97478991596638,36.97478991596638,0.0031701201459479462,0.0031701201459479462
6,120,석수역,2026-09-08 12:00:00,2026-09-08 14:00:00,fare,operating|wd,5,"[108, 25, 12, 13, 24]","[108, 25, 12, 13, 24]","[108, 25, 12, 13, 24]",0,0,0,0,0,0,0,0,0,0,36.97478991596638,36.97478991596638,36.97478991596638,0.0031701201459479462,0.0031701201459479462
6,120,석수역,2026-09-08 14:00:00,2026-09-08 16:00:00,walk,operating|wd,5,"[108, 25, 12, 13, 24]","[108, 25, 12, 13, 24]","[108, 25, 12, 13, 24]",0,0,0,0,0,0,0,0,0,0,42.857142857142854,42.857142857142854,42.857142857142854,0.002693302682505028,0.002693302682505028
6,120,석수역,2026-09-08 14:00:00,2026-09-08 16:00:00,fare,operating|wd,5,"[108, 25, 12, 13, 24]","[108, 25, 12, 13, 24]","[108, 25, 12, 13, 24]",0,0,0,0,0,0,0,0,0,0,42.857142857142854,42.857142857142854,42.857142857142854,0.002693302682505028,0.002693302682505028
6,120,석수역,2026-09-08 16:00:00,2026-09-08 18:00:00,walk,outside|wd,5,"[108, 25, 12, 13, 24]","[108, 25, 12, 13, 24]","[108, 25, 12, 13, 24]",0,0,1,1,1,0,0,0,0,0,95.7983193277311,95.7983193277311,95.7983193277311,0.08880985052462678,0.08880985052462678
6,120,석수역,2026-09-08 16:00:00,2026-09-08 18:00:00,fare,outside|wd,5,"[108, 25, 13, 24, 12]","[108, 25, 13, 24, 12]","[108, 25, 13, 24, 12]",0,0,1,1,1,0,0,0,0,0,95.7983193277311,95.7983193277311,95.7983193277311,0.08880985052462678,0.08880985052462678
6,120,석수역,2026-09-08 18:00:00,2026-09-08 20:00:00,walk,outside|wd,5,"[108, 25, 12, 13, 24]","[25, 12, 13, 24, 108]","[25, 12, 13, 24, 108]",1,1,1,0,0,1,0,1,21,0,95.7983193277311,14.40677966101695,14.40677966101695,0.9723638081396523,0.0010652668039711425
6,120,석수역,2026-09-08 18:00:00,2026-09-08 20:00:00,fare,outside|wd,5,"[108, 25, 13, 24, 12]","[25, 13, 24, 12, 108]","[25, 13, 24, 12, 108]",1,1,1,0,0,1,0,1,21,0,95.7983193277311,14.40677966101695,14.40677966101695,0.9723638081396523,0.0010652668039711425
6,120,석수역,2026-09-08 20:00:00,2026-09-08 22:00:00,walk,outside|wd,5,"[108, 25, 12, 13, 24]","[25, 12, 13, 24, 108]","[25, 12, 13, 24, 108]",1,1,1,0,0,1,0,1,21,0,95.7983193277311,50.847457627118644,50.847457627118644,0.9736259915568859,0.0014497683891695585
6,120,석수역,2026-09-08 20:00:00,2026-09-08 22:00:00,fare,outside|wd,5,"[108, 25, 13, 24, 12]","[25, 13, 24, 12, 108]","[25, 13, 24, 12, 108]",1,1,1,0,0,1,0,1,21,0,95.7983193277311,50.847457627118644,50.847457627118644,0.9736259915568859,0.0014497683891695585
6,120,범계역,2026-09-08 12:00:00,2026-09-08 14:00:00,walk,operating|wd,25,"[16, 81, 241, 56, 261, 262, 30, 401, 183, 39, 182, 31, 161, 201, 42, 23, 165, 461, 166, 82, 40, 162, 521, 167, 163]","[16, 81, 241, 56, 261, 262, 30, 401, 183, 39, 182, 31, 161, 201, 42, 23, 165, 461, 166, 82, 40, 162, 521, 167, 163]","[16, 81, 241, 56, 261, 262, 30, 401, 183, 39, 182, 31, 161, 201, 42, 23, 165, 461, 166, 82, 40, 162, 521, 167, 163]",0,0,0,0,0,0,0,0,0,0,6.935687263556116,6.935687263556116,6.935687263556116,0.000918570142946529,0.000918570142946529
6,120,범계역,2026-09-08 12:00:00,2026-09-08 14:00:00,fare,operating|wd,25,"[16, 30, 401, 201, 42, 82, 521, 81, 241, 56, 261, 262, 183, 39, 182, 31, 23, 461, 40, 161, 165, 166, 162, 167, 163]","[16, 30, 401, 201, 42, 82, 521, 81, 241, 56, 261, 262, 183, 39, 182, 31, 23, 461, 40, 161, 165, 166, 162, 167, 163]","[16, 30, 401, 201, 42, 82, 521, 81, 241, 56, 261, 262, 183, 39, 182, 31, 23, 461, 40, 161, 165, 166, 162, 167, 163]",0,0,0,0,0,0,0,0,0,0,6.935687263556116,6.935687263556116,6.935687263556116,0.000918570142946529,0.000918570142946529
6,120,안양역,2026-09-08 10:00:00,2026-09-08 12:00:00,walk,operating|wd,11,"[48, 112, 53, 11, 52, 7, 8, 38, 29, 18, 28]","[48, 112, 53, 11, 52, 7, 8, 38, 29, 18, 28]","[112, 11, 7, 8, 38, 29, 18, 28, 48, 53, 52]",0,0,0,0,0,0,0,0,0,0,50.0,50.0,13.333333333333334,0.03343725723522627,0.03343725723522627
6,120,안양역,2026-09-08 10:00:00,2026-09-08 12:00:00,fare,operating|wd,11,"[18, 8, 38, 28, 48, 112, 53, 11, 52, 7, 29]","[18, 8, 38, 28, 48, 112, 53, 11, 52, 7, 29]","[18, 8, 38, 28, 112, 11, 7, 29, 48, 53, 52]",0,0,0,0,0,0,0,0,0,0,23.214285714285715,23.214285714285715,23.214285714285715,0.0011109525816697058,0.0011109525816697058
6,120,안양역,2026-09-08 12:00:00,2026-09-08 14:00:00,walk,operating|wd,11,"[48, 112, 53, 11, 52, 7, 8, 38, 29, 18, 28]","[48, 112, 53, 11, 52, 7, 8, 38, 29, 18, 28]","[48, 112, 53, 11, 52, 7, 8, 38, 29, 18, 28]",0,0,0,0,0,0,0,0,0,0,33.333333333333336,33.333333333333336,33.333333333333336,0.004145734549626273,0.004145734549626273
6,120,안양역,2026-09-08 12:00:00,2026-09-08 14:00:00,fare,operating|wd,11,"[18, 8, 38, 28, 48, 112, 53, 11, 52, 7, 29]","[18, 8, 38, 28, 48, 112, 53, 11, 52, 7, 29]","[18, 8, 38, 28, 48, 112, 53, 11, 52, 7, 29]",0,0,0,0,0,0,0,0,0,0,28.571428571428573,28.571428571428573,28.571428571428573,0.0007721434173600688,0.0007721434173600688
6,120,평촌역,2026-09-08 12:00:00,2026-09-08 14:00:00,walk,operating|wd,24,"[16, 31, 162, 166, 241, 163, 161, 167, 164, 37, 172, 168, 169, 27, 165, 261, 170, 262, 56, 171, 10, 21, 81, 34]","[16, 31, 162, 166, 241, 163, 161, 167, 164, 37, 172, 168, 169, 27, 165, 261, 170, 262, 56, 171, 10, 21, 81, 34]","[16, 31, 162, 166, 241, 163, 161, 167, 164, 37, 172, 168, 169, 27, 165, 261, 170, 262, 56, 171, 10, 21, 81, 34]",0,0,0,0,0,0,0,0,0,0,6.935687263556116,6.935687263556116,6.935687263556116,0.000918570142946529,0.000918570142946529
6,120,평촌역,2026-09-08 12:00:00,2026-09-08 14:00:00,fare,outside|wd,24,"[10, 16, 37, 27, 21, 34, 31, 241, 172, 261, 262, 56, 81, 162, 166, 163, 161, 167, 164, 168, 169, 165, 170, 171]","[10, 16, 37, 27, 21, 34, 31, 241, 172, 261, 262, 56, 81, 162, 166, 163, 161, 167, 164, 168, 169, 165, 170, 171]","[10, 16, 37, 27, 21, 34, 31, 241, 172, 261, 262, 56, 81, 162, 166, 163, 161, 167, 164, 168, 169, 165, 170, 171]",0,0,0,0,0,0,0,0,0,0,46.15384615384615,46.15384615384615,46.15384615384615,0.004583809031971771,0.004583809031971771
6,120,평촌역,2026-09-08 14:00:00,2026-09-08 16:00:00,walk,operating|wd,24,"[16, 31, 162, 166, 241, 163, 161, 167, 164, 37, 172, 168, 169, 27, 165, 261, 170, 262, 56, 171, 10, 21, 81, 34]","[16, 31, 162, 166, 241, 163, 161, 167, 164, 37, 172, 168, 169, 27, 165, 261, 170, 262, 56, 171, 10, 21, 81, 34]","[16, 31, 162, 166, 241, 163, 161, 167, 164, 37, 172, 168, 169, 27, 165, 261, 170, 262, 56, 171, 10, 21, 81, 34]",0,0,0,0,0,0,0,0,0,0,11.349306431273645,11.349306431273645,11.349306431273645,0.000918570142946529,0.000918570142946529
6,120,평촌역,2026-09-08 14:00:00,2026-09-08 16:00:00,fare,outside|wd,24,"[10, 16, 37, 27, 21, 34, 31, 241, 172, 261, 262, 56, 81, 162, 166, 163, 161, 167, 164, 168, 169, 165, 170, 171]","[10, 16, 37, 27, 21, 34, 31, 241, 172, 261, 262, 56, 81, 162, 166, 163, 161, 167, 164, 168, 169, 165, 170, 171]","[10, 16, 37, 27, 21, 34, 31, 241, 172, 261, 262, 56, 81, 162, 166, 163, 161, 167, 164, 168, 169, 165, 170, 171]",0,0,0,0,0,0,0,0,0,0,50.54945054945055,50.54945054945055,50.54945054945055,0.010149534091859945,0.010149534091859945
6,120,인덕원역,2026-09-08 10:00:00,2026-09-08 12:00:00,walk,outside|wd,7,"[10, 172, 27, 171, 170, 164, 34]","[10, 172, 27, 171, 170, 164, 34]","[10, 172, 27, 171, 170, 164, 34]",0,0,0,0,0,0,0,0,0,0,49.45054945054945,49.45054945054945,49.45054945054945,0.011195844067365521,0.011195844067365521
6,120,인덕원역,2026-09-08 10:00:00,2026-09-08 12:00:00,fare,outside|wd,7,"[10, 27, 34, 172, 171, 170, 164]","[10, 27, 34, 172, 171, 170, 164]","[10, 27, 34, 172, 171, 170, 164]",0,0,0,0,0,0,0,0,0,0,49.45054945054945,49.45054945054945,49.45054945054945,0.011195844067365521,0.011195844067365521
6,120,인덕원역,2026-09-08 12:00:00,2026-09-08 14:00:00,walk,outside|wd,7,"[10, 172, 27, 171, 170, 164, 34]","[10, 172, 27, 171, 170, 164, 34]","[10, 172, 27, 171, 170, 164, 34]",0,0,0,0,0,0,0,0,0,0,46.15384615384615,46.15384615384615,46.15384615384615,0.004583809031971771,0.004583809031971771
6,120,인덕원역,2026-09-08 12:00:00,2026-09-08 14:00:00,fare,outside|wd,7,"[10, 27, 34, 172, 171, 170, 164]","[10, 27, 34, 172, 171, 170, 164]","[10, 27, 34, 172, 171, 170, 164]",0,0,0,0,0,0,0,0,0,0,46.15384615384615,46.15384615384615,46.15384615384615,0.004583809031971771,0.004583809031971771
6,120,인덕원역,2026-09-08 14:00:00,2026-09-08 16:00:00,walk,outside|wd,7,"[10, 172, 27, 171, 170, 164, 34]","[10, 172, 27, 171, 170, 164, 34]","[10, 172, 27, 171, 170, 164, 34]",0,0,0,0,0,0,0,0,0,0,50.54945054945055,50.54945054945055,50.54945054945055,0.010149534091859945,0.010149534091859945
6,120,인덕원역,2026-09-08 14:00:00,2026-09-08 16:00:00,fare,outside|wd,7,"[10, 27, 34, 172, 171, 170, 164]","[10, 27, 34, 172, 171, 170, 164]","[10, 27, 34, 172, 171, 170, 164]",0,0,0,0,0,0,0,0,0,0,50.54945054945055,50.54945054945055,50.54945054945055,0.010149534091859945,0.010149534091859945
6,240,안양시청,2026-09-08 12:00:00,2026-09-08 16:00:00,walk,operating|wd,25,"[16, 31, 161, 241, 165, 166, 81, 261, 162, 56, 262, 163, 167, 164, 21, 37, 30, 168, 172, 169, 170, 201, 27, 171, 401]","[16, 31, 161, 241, 165, 166, 81, 261, 162, 56, 262, 163, 167, 164, 21, 37, 30, 168, 172, 169, 170, 201, 27, 171, 401]","[16, 31, 161, 241, 165, 166, 81, 261, 162, 56, 262, 163, 167, 164, 21, 37, 30, 168, 172, 169, 170, 201, 27, 171, 401]",0,0,0,0,0,0,0,0,0,0,11.349306431273645,11.349306431273645,11.349306431273645,0.0008288637666201418,0.0008288637666201418
6,240,안양시청,2026-09-08 12:00:00,2026-09-08 16:00:00,fare,operating|wd,25,"[16, 21, 37, 30, 201, 27, 401, 31, 241, 81, 261, 56, 262, 172, 161, 165, 166, 162, 163, 167, 164, 168, 169, 170, 171]","[16, 21, 37, 30, 201, 27, 401, 31, 241, 81, 261, 56, 262, 172, 161, 165, 166, 162, 163, 167, 164, 168, 169, 170, 171]","[16, 21, 37, 30, 201, 27, 401, 31, 241, 81, 261, 56, 262, 172, 161, 165, 166, 162, 163, 167, 164, 168, 169, 170, 171]",0,0,0,0,0,0,0,0,0,0,11.349306431273645,11.349306431273645,11.349306431273645,0.0008288637666201418,0.0008288637666201418
6,240,석수역,2026-09-08 06:00:00,2026-09-08 10:00:00,walk,operating|wd,5,"[108, 25, 12, 13, 24]","[108, 25, 12, 13, 24]","[25, 12, 13, 24, 108]",0,0,0,0,0,0,0,0,0,0,52.10084033613445,52.10084033613445,33.05084745762712,0.04080991423394133,0.04080991423394133
6,240,석수역,2026-09-08 06:00:00,2026-09-08 10:00:00,fare,operating|wd,5,"[108, 25, 12, 13, 24]","[108, 25, 12, 13, 24]","[25, 12, 13, 24, 108]",0,0,0,0,0,0,0,0,0,0,52.10084033613445,52.10084033613445,33.05084745762712,0.04080991423394133,0.04080991423394133
6,240,석수역,2026-09-08 08:00:00,2026-09-08 12:00:00,walk,operating|wd,5,"[108, 25, 12, 13, 24]","[108, 25, 12, 13, 24]","[25, 12, 13, 24, 108]",0,0,0,0,0,0,0,0,0,0,41.1764705882353,41.1764705882353,26.271186440677965,0.008345514867135532,0.008345514867135532
6,240,석수역,2026-09-08 08:00:00,2026-09-08 12:00:00,fare,operating|wd,5,"[108, 25, 12, 13, 24]","[108, 25, 12, 13, 24]","[25, 12, 13, 24, 108]",0,0,0,0,0,0,0,0,0,0,41.1764705882353,41.1764705882353,26.271186440677965,0.008345514867135532,0.008345514867135532
6,240,석수역,2026-09-08 10:00:00,2026-09-08 14:00:00,walk,operating|wd,5,"[108, 25, 12, 13, 24]","[108, 25, 12, 13, 24]","[108, 25, 12, 13, 24]",0,0,0,0,0,0,0,0,0,0,36.97478991596638,36.97478991596638,36.97478991596638,0.018880917044218848,0.018880917044218848
6,240,석수역,2026-09-08 10:00:00,2026-09-08 14:00:00,fare,operating|wd,5,"[108, 25, 12, 13, 24]","[108, 25, 12, 13, 24]","[108, 25, 12, 13, 24]",0,0,0,0,0,0,0,0,0,0,36.97478991596638,36.97478991596638,36.97478991596638,0.018880917044218848,0.018880917044218848
6,240,석수역,2026-09-08 12:00:00,2026-09-08 16:00:00,walk,operating|wd,5,"[108, 25, 12, 13, 24]","[108, 25, 12, 13, 24]","[108, 25, 12, 13, 24]",0,0,0,0,0,0,0,0,0,0,42.857142857142854,42.857142857142854,42.857142857142854,0.010705058871931312,0.010705058871931312
6,240,석수역,2026-09-08 12:00:00,2026-09-08 16:00:00,fare,operating|wd,5,"[108, 25, 12, 13, 24]","[108, 25, 12, 13, 24]","[108, 25, 12, 13, 24]",0,0,0,0,0,0,0,0,0,0,42.857142857142854,42.857142857142854,42.857142857142854,0.010705058871931312,0.010705058871931312
6,240,석수역,2026-09-08 14:00:00,2026-09-08 18:00:00,walk,outside|wd,5,"[108, 25, 12, 13, 24]","[108, 25, 12, 13, 24]","[108, 25, 12, 13, 24]",0,0,1,1,1,0,0,0,0,0,95.7983193277311,95.7983193277311,95.7983193277311,0.059250782265524306,0.059250782265524306
6,240,석수역,2026-09-08 14:00:00,2026-09-08 18:00:00,fare,outside|wd,5,"[108, 25, 13, 24, 12]","[108, 25, 13, 24, 12]","[108, 25, 13, 24, 12]",0,0,1,1,1,0,0,0,0,0,95.7983193277311,95.7983193277311,95.7983193277311,0.059250782265524306,0.059250782265524306
6,240,석수역,2026-09-08 16:00:00,2026-09-08 20:00:00,walk,outside|wd,5,"[108, 25, 12, 13, 24]","[108, 25, 12, 13, 24]","[108, 25, 12, 13, 24]",0,0,1,1,1,0,0,0,0,0,95.7983193277311,95.7983193277311,95.7983193277311,0.3206342518875987,0.3206342518875987
6,240,석수역,2026-09-08 16:00:00,2026-09-08 20:00:00,fare,outside|wd,5,"[108, 25, 13, 24, 12]","[108, 25, 13, 24, 12]","[108, 25, 13, 24, 12]",0,0,1,1,1,0,0,0,0,0,95.7983193277311,95.7983193277311,95.7983193277311,0.3206342518875987,0.3206342518875987
6,240,석수역,2026-09-08 18:00:00,2026-09-08 22:00:00,walk,outside|wd,5,"[108, 25, 12, 13, 24]","[25, 12, 13, 24, 108]","[25, 12, 13, 24, 108]",1,1,1,0,0,1,0,1,21,0,95.7983193277311,50.847457627118644,50.847457627118644,0.959240394742188,0.001538534882690832
6,240,석수역,2026-09-08 18:00:00,2026-09-08 22:00:00,fare,outside|wd,5,"[108, 25, 13, 24, 12]","[25, 13, 24, 12, 108]","[25, 13, 24, 12, 108]",1,1,1,0,0,1,0,1,21,0,95.7983193277311,50.847457627118644,50.847457627118644,0.959240394742188,0.001538534882690832
6,240,안양역,2026-09-08 10:00:00,2026-09-08 14:00:00,walk,operating|wd,11,"[48, 112, 53, 11, 52, 7, 8, 38, 29, 18, 28]","[48, 112, 53, 11, 52, 7, 8, 38, 29, 18, 28]","[112, 11, 7, 8, 38, 29, 18, 28, 48, 53, 52]",0,0,0,0,0,0,0,0,0,0,33.333333333333336,33.333333333333336,20.0,0.006635062724676063,0.006635062724676063
6,240,안양역,2026-09-08 10:00:00,2026-09-08 14:00:00,fare,operating|wd,11,"[18, 8, 38, 28, 48, 112, 53, 11, 52, 7, 29]","[18, 8, 38, 28, 48, 112, 53, 11, 52, 7, 29]","[18, 8, 38, 28, 112, 11, 7, 29, 48, 53, 52]",0,0,0,0,0,0,0,0,0,0,28.571428571428573,28.571428571428573,28.571428571428573,0.0010495879750564757,0.0010495879750564757
6,240,평촌역,2026-09-08 12:00:00,2026-09-08 16:00:00,walk,operating|wd,24,"[16, 31, 162, 166, 241, 163, 161, 167, 164, 37, 172, 168, 169, 27, 165, 261, 170, 262, 56, 171, 10, 21, 81, 34]","[16, 31, 162, 166, 241, 163, 161, 167, 164, 37, 172, 168, 169, 27, 165, 261, 170, 262, 56, 171, 10, 21, 81, 34]","[16, 31, 162, 166, 241, 163, 161, 167, 164, 37, 172, 168, 169, 27, 165, 261, 170, 262, 56, 171, 10, 21, 81, 34]",0,0,0,0,0,0,0,0,0,0,11.349306431273645,11.349306431273645,11.349306431273645,0.0008288637666201418,0.0008288637666201418
6,240,평촌역,2026-09-08 12:00:00,2026-09-08 16:00:00,fare,outside|wd,24,"[10, 16, 37, 27, 21, 34, 31, 241, 172, 261, 262, 56, 81, 162, 166, 163, 161, 167, 164, 168, 169, 165, 170, 171]","[10, 16, 37, 27, 21, 34, 31, 241, 172, 261, 262, 56, 81, 162, 166, 163, 161, 167, 164, 168, 169, 165, 170, 171]","[10, 16, 37, 27, 21, 34, 31, 241, 172, 261, 262, 56, 81, 162, 166, 163, 161, 167, 164, 168, 169, 165, 170, 171]",0,0,0,0,0,0,0,0,0,0,50.54945054945055,50.54945054945055,50.54945054945055,0.004579850344179277,0.004579850344179277
6,240,인덕원역,2026-09-08 10:00:00,2026-09-08 14:00:00,walk,outside|wd,7,"[10, 172, 27, 171, 170, 164, 34]","[10, 172, 27, 171, 170, 164, 34]","[10, 172, 27, 171, 170, 164, 34]",0,0,0,0,0,0,0,0,0,0,46.15384615384615,46.15384615384615,46.15384615384615,0.0055666922004468395,0.0055666922004468395
6,240,인덕원역,2026-09-08 10:00:00,2026-09-08 14:00:00,fare,outside|wd,7,"[10, 27, 34, 172, 171, 170, 164]","[10, 27, 34, 172, 171, 170, 164]","[10, 27, 34, 172, 171, 170, 164]",0,0,0,0,0,0,0,0,0,0,46.15384615384615,46.15384615384615,46.15384615384615,0.0055666922004468395,0.0055666922004468395
6,240,인덕원역,2026-09-08 12:00:00,2026-09-08 16:00:00,walk,outside|wd,7,"[10, 172, 27, 171, 170, 164, 34]","[10, 172, 27, 171, 170, 164, 34]","[10, 172, 27, 171, 170, 164, 34]",0,0,0,0,0,0,0,0,0,0,50.54945054945055,50.54945054945055,50.54945054945055,0.004579850344179277,0.004579850344179277
6,240,인덕원역,2026-09-08 12:00:00,2026-09-08 16:00:00,fare,outside|wd,7,"[10, 27, 34, 172, 171, 170, 164]","[10, 27, 34, 172, 171, 170, 164]","[10, 27, 34, 172, 171, 170, 164]",0,0,0,0,0,0,0,0,0,0,50.54945054945055,50.54945054945055,50.54945054945055,0.004579850344179277,0.004579850344179277
6,360,석수역,2026-09-08 06:00:00,2026-09-08 12:00:00,walk,operating|wd,5,"[108, 25, 12, 13, 24]","[108, 25, 12, 13, 24]","[25, 12, 13, 24, 108]",0,0,0,0,0,0,0,0,0,0,41.1764705882353,41.1764705882353,26.271186440677965,0.09864856425237004,0.09864856425237004
6,360,석수역,2026-09-08 06:00:00,2026-09-08 12:00:00,fare,operating|wd,5,"[108, 25, 12, 13, 24]","[108, 25, 12, 13, 24]","[25, 12, 13, 24, 108]",0,0,0,0,0,0,0,0,0,0,41.1764705882353,41.1764705882353,26.271186440677965,0.09864856425237004,0.09864856425237004
6,360,석수역,2026-09-08 08:00:00,2026-09-08 14:00:00,walk,operating|wd,5,"[108, 25, 12, 13, 24]","[108, 25, 12, 13, 24]","[25, 12, 13, 24, 108]",0,0,0,0,0,0,0,0,0,0,36.97478991596638,36.97478991596638,13.559322033898304,0.0660698717230561,0.0660698717230561
6,360,석수역,2026-09-08 08:00:00,2026-09-08 14:00:00,fare,operating|wd,5,"[108, 25, 12, 13, 24]","[108, 25, 12, 13, 24]","[25, 12, 13, 24, 108]",0,0,0,0,0,0,0,0,0,0,36.97478991596638,36.97478991596638,13.559322033898304,0.0660698717230561,0.0660698717230561
6,360,석수역,2026-09-08 10:00:00,2026-09-08 16:00:00,walk,operating|wd,5,"[108, 25, 12, 13, 24]","[108, 25, 12, 13, 24]","[108, 25, 12, 13, 24]",0,0,0,0,0,0,0,0,0,0,42.857142857142854,42.857142857142854,42.857142857142854,0.08047287929785431,0.08047287929785431
6,360,석수역,2026-09-08 10:00:00,2026-09-08 16:00:00,fare,operating|wd,5,"[108, 25, 12, 13, 24]","[108, 25, 12, 13, 24]","[108, 25, 12, 13, 24]",0,0,0,0,0,0,0,0,0,0,42.857142857142854,42.857142857142854,42.857142857142854,0.08047287929785431,0.08047287929785431
6,360,석수역,2026-09-08 12:00:00,2026-09-08 18:00:00,walk,outside|wd,5,"[108, 25, 12, 13, 24]","[108, 25, 12, 13, 24]","[108, 25, 12, 13, 24]",0,0,1,1,1,0,0,0,0,0,95.7983193277311,95.7983193277311,95.7983193277311,0.28618143179646555,0.28618143179646555
6,360,석수역,2026-09-08 12:00:00,2026-09-08 18:00:00,fare,outside|wd,5,"[108, 25, 13, 24, 12]","[108, 25, 13, 24, 12]","[108, 25, 13, 24, 12]",0,0,1,1,1,0,0,0,0,0,95.7983193277311,95.7983193277311,95.7983193277311,0.28618143179646555,0.28618143179646555
6,360,석수역,2026-09-08 14:00:00,2026-09-08 20:00:00,walk,outside|wd,5,"[108, 25, 12, 13, 24]","[108, 25, 12, 13, 24]","[108, 25, 12, 13, 24]",0,0,1,1,1,0,0,0,0,0,95.7983193277311,95.7983193277311,95.7983193277311,0.16138793645002517,0.16138793645002517
6,360,석수역,2026-09-08 14:00:00,2026-09-08 20:00:00,fare,outside|wd,5,"[108, 25, 13, 24, 12]","[108, 25, 13, 24, 12]","[108, 25, 13, 24, 12]",0,0,1,1,1,0,0,0,0,0,95.7983193277311,95.7983193277311,95.7983193277311,0.16138793645002517,0.16138793645002517
6,360,석수역,2026-09-08 16:00:00,2026-09-08 22:00:00,walk,outside|wd,5,"[108, 25, 12, 13, 24]","[25, 12, 13, 24, 108]","[108, 25, 12, 13, 24]",1,1,1,0,1,1,0,1,21,0,95.7983193277311,50.847457627118644,95.7983193277311,0.643307572201961,0.0017878044353420593
6,360,석수역,2026-09-08 16:00:00,2026-09-08 22:00:00,fare,outside|wd,5,"[108, 25, 13, 24, 12]","[25, 13, 24, 12, 108]","[108, 25, 13, 24, 12]",1,1,1,0,1,1,0,1,21,0,95.7983193277311,50.847457627118644,95.7983193277311,0.643307572201961,0.0017878044353420593
6,360,인덕원역,2026-09-08 10:00:00,2026-09-08 16:00:00,walk,outside|wd,7,"[10, 172, 27, 171, 170, 164, 34]","[10, 172, 27, 171, 170, 164, 34]","[10, 172, 27, 171, 170, 164, 34]",0,0,0,0,0,0,0,0,0,0,50.54945054945055,50.54945054945055,50.54945054945055,0.009943185944439334,0.009943185944439334
6,360,인덕원역,2026-09-08 10:00:00,2026-09-08 16:00:00,fare,outside|wd,7,"[10, 27, 34, 172, 171, 170, 164]","[10, 27, 34, 172, 171, 170, 164]","[10, 27, 34, 172, 171, 170, 164]",0,0,0,0,0,0,0,0,0,0,50.54945054945055,50.54945054945055,50.54945054945055,0.009943185944439334,0.009943185944439334
7,15,안양시청,2026-09-09 10:00:00,2026-09-09 10:15:00,walk,operating|wd,5,"[106, 16, 31, 161, 165]","[16, 31, 161, 165, 106]","[16, 31, 161, 165, 106]",1,1,0,0,0,0,0,0,1,-500,79.41176470588235,14.754098360655737,14.754098360655737,0.8621030142707247,6.56296084570725e-05
7,15,안양시청,2026-09-09 10:00:00,2026-09-09 10:15:00,fare,operating|wd,5,"[16, 106, 31, 161, 165]","[16, 31, 161, 165, 106]","[16, 31, 161, 165, 106]",1,0,0,0,0,0,0,0,0,0,14.754098360655737,14.754098360655737,14.754098360655737,6.56296084570725e-05,6.56296084570725e-05
7,15,안양시청,2026-09-09 12:00:00,2026-09-09 12:15:00,walk,operating|wd,5,"[106, 16, 31, 161, 165]","[106, 16, 31, 161, 165]","[106, 16, 31, 161, 165]",0,0,0,0,0,0,0,0,0,0,55.88235294117647,55.88235294117647,55.88235294117647,0.0003426937211585568,0.0003426937211585568
7,15,안양시청,2026-09-09 12:00:00,2026-09-09 12:15:00,fare,operating|wd,5,"[16, 106, 31, 161, 165]","[16, 106, 31, 161, 165]","[16, 106, 31, 161, 165]",0,0,0,0,0,0,0,0,0,0,11.223203026481714,11.223203026481714,11.223203026481714,6.120571894850245e-05,6.120571894850245e-05
7,15,안양시청,2026-09-09 14:00:00,2026-09-09 14:15:00,walk,operating|wd,5,"[106, 16, 31, 161, 165]","[106, 16, 31, 161, 165]","[106, 16, 31, 161, 165]",0,0,0,0,0,0,0,0,0,0,88.23529411764706,88.23529411764706,88.23529411764706,0.1292964843428347,0.1292964843428347
7,15,안양시청,2026-09-09 14:00:00,2026-09-09 14:15:00,fare,operating|wd,5,"[16, 106, 31, 161, 165]","[16, 106, 31, 161, 165]","[16, 106, 31, 161, 165]",0,0,0,0,0,0,0,0,0,0,9.457755359394703,9.457755359394703,9.457755359394703,6.120571894850245e-05,6.120571894850245e-05
7,15,안양시청,2026-09-09 16:00:00,2026-09-09 16:15:00,walk,operating|wd,5,"[106, 16, 31, 161, 165]","[106, 16, 31, 161, 165]","[106, 16, 31, 161, 165]",0,0,0,0,0,0,0,0,0,0,67.6470588235294,67.6470588235294,67.6470588235294,0.008683883058544674,0.008683883058544674
7,15,안양시청,2026-09-09 16:00:00,2026-09-09 16:15:00,fare,operating|wd,5,"[16, 106, 31, 161, 165]","[16, 106, 31, 161, 165]","[16, 106, 31, 161, 165]",0,0,0,0,0,0,0,0,0,0,15.006305170239596,15.006305170239596,15.006305170239596,6.186198390703835e-05,6.186198390703835e-05
7,15,석수역,2026-09-09 06:00:00,2026-09-09 06:15:00,walk,outside|wd,5,"[108, 25, 12, 13, 24]","[25, 12, 13, 24, 108]","[25, 12, 13, 24, 108]",1,1,1,0,0,1,0,1,21,0,100.0,50.847457627118644,50.847457627118644,0.9890147405237895,0.00013157730510617952
7,15,석수역,2026-09-09 06:00:00,2026-09-09 06:15:00,fare,outside|wd,5,"[108, 25, 13, 24, 12]","[25, 13, 24, 12, 108]","[25, 13, 24, 12, 108]",1,1,1,0,0,1,0,1,21,0,100.0,50.847457627118644,50.847457627118644,0.9890147405237895,0.00013157730510617952
7,15,석수역,2026-09-09 08:00:00,2026-09-09 08:15:00,walk,outside|wd,5,"[108, 25, 12, 13, 24]","[25, 12, 13, 24, 108]","[25, 12, 13, 24, 108]",1,1,1,0,0,1,0,1,21,0,100.0,48.30508474576271,48.30508474576271,0.9936425737482917,0.00015337368682533166
7,15,석수역,2026-09-09 08:00:00,2026-09-09 08:15:00,fare,outside|wd,5,"[108, 25, 13, 24, 12]","[25, 13, 24, 12, 108]","[25, 13, 24, 12, 108]",1,1,1,0,0,1,0,1,21,0,100.0,48.30508474576271,48.30508474576271,0.9936425737482917,0.00015337368682533166
7,15,석수역,2026-09-09 10:00:00,2026-09-09 10:15:00,walk,operating|wd,5,"[108, 25, 12, 13, 24]","[108, 25, 12, 13, 24]","[108, 25, 12, 13, 24]",0,0,0,0,0,0,0,0,0,0,45.378151260504204,45.378151260504204,45.378151260504204,0.0002652414273955795,0.0002652414273955795
7,15,석수역,2026-09-09 10:00:00,2026-09-09 10:15:00,fare,operating|wd,5,"[108, 25, 12, 13, 24]","[108, 25, 12, 13, 24]","[108, 25, 12, 13, 24]",0,0,0,0,0,0,0,0,0,0,45.378151260504204,45.378151260504204,45.378151260504204,0.0002652414273955795,0.0002652414273955795
7,15,석수역,2026-09-09 12:00:00,2026-09-09 12:15:00,walk,operating|wd,5,"[108, 25, 12, 13, 24]","[108, 25, 12, 13, 24]","[108, 25, 12, 13, 24]",0,0,0,0,0,0,0,0,0,0,43.69747899159664,43.69747899159664,43.69747899159664,0.0003872848122845086,0.0003872848122845086
7,15,석수역,2026-09-09 12:00:00,2026-09-09 12:15:00,fare,operating|wd,5,"[108, 25, 12, 13, 24]","[108, 25, 12, 13, 24]","[108, 25, 12, 13, 24]",0,0,0,0,0,0,0,0,0,0,43.69747899159664,43.69747899159664,43.69747899159664,0.0003872848122845086,0.0003872848122845086
7,15,석수역,2026-09-09 14:00:00,2026-09-09 14:15:00,walk,operating|wd,5,"[108, 25, 12, 13, 24]","[108, 25, 12, 13, 24]","[108, 25, 12, 13, 24]",0,0,0,0,0,0,0,0,0,0,37.81512605042017,37.81512605042017,37.81512605042017,0.0002361758075962878,0.0002361758075962878
7,15,석수역,2026-09-09 14:00:00,2026-09-09 14:15:00,fare,operating|wd,5,"[108, 25, 12, 13, 24]","[108, 25, 12, 13, 24]","[108, 25, 12, 13, 24]",0,0,0,0,0,0,0,0,0,0,37.81512605042017,37.81512605042017,37.81512605042017,0.0002361758075962878,0.0002361758075962878
7,15,석수역,2026-09-09 16:00:00,2026-09-09 16:15:00,walk,operating|wd,5,"[108, 25, 12, 13, 24]","[108, 25, 12, 13, 24]","[108, 25, 12, 13, 24]",0,0,0,0,0,0,0,0,0,0,42.857142857142854,42.857142857142854,42.857142857142854,0.00028666383385077086,0.00028666383385077086
7,15,석수역,2026-09-09 16:00:00,2026-09-09 16:15:00,fare,operating|wd,5,"[108, 25, 13, 24, 12]","[108, 25, 13, 24, 12]","[108, 25, 13, 24, 12]",0,0,0,0,0,0,0,0,0,0,42.857142857142854,42.857142857142854,42.857142857142854,0.00028666383385077086,0.00028666383385077086
7,15,석수역,2026-09-09 18:00:00,2026-09-09 18:15:00,walk,outside|wd,5,"[108, 25, 12, 13, 24]","[25, 12, 13, 24, 108]","[25, 12, 13, 24, 108]",1,1,1,0,0,1,0,1,21,0,91.59663865546219,0.0,0.0,0.9573936839426038,8.828180433639178e-05
7,15,석수역,2026-09-09 18:00:00,2026-09-09 18:15:00,fare,outside|wd,5,"[108, 25, 13, 24, 12]","[25, 13, 24, 12, 108]","[25, 13, 24, 12, 108]",1,1,1,0,0,1,0,1,21,0,91.59663865546219,0.0,0.0,0.9573936839426038,8.828180433639178e-05
7,15,석수역,2026-09-09 20:00:00,2026-09-09 20:15:00,walk,outside|wd,5,"[108, 25, 12, 13, 24]","[25, 12, 13, 24, 108]","[25, 12, 13, 24, 108]",1,1,1,0,0,1,0,1,21,0,91.59663865546219,4.237288135593221,4.237288135593221,0.9552311454573345,6.319224285572915e-05
7,15,석수역,2026-09-09 20:00:00,2026-09-09 20:15:00,fare,outside|wd,5,"[108, 25, 13, 24, 12]","[25, 13, 24, 12, 108]","[25, 13, 24, 12, 108]",1,1,1,0,0,1,0,1,21,0,91.59663865546219,4.237288135593221,4.237288135593221,0.9552311454573345,6.319224285572915e-05
7,15,석수역,2026-09-09 22:00:00,2026-09-09 22:15:00,walk,outside|wd,5,"[108, 25, 12, 13, 24]","[25, 12, 13, 24, 108]","[25, 12, 13, 24, 108]",1,1,1,0,0,1,0,1,21,0,92.43697478991596,57.6271186440678,57.6271186440678,0.9808805399950726,0.00023812911759163265
7,15,석수역,2026-09-09 22:00:00,2026-09-09 22:15:00,fare,outside|wd,5,"[108, 25, 13, 24, 12]","[25, 13, 24, 12, 108]","[25, 13, 24, 12, 108]",1,1,1,0,0,1,0,1,21,0,92.43697478991596,57.6271186440678,57.6271186440678,0.9808805399950726,0.00023812911759163265
7,15,범계역,2026-09-09 12:00:00,2026-09-09 12:15:00,walk,operating|wd,26,"[106, 16, 81, 241, 56, 261, 262, 30, 401, 183, 39, 182, 31, 161, 201, 42, 23, 165, 461, 166, 82, 40, 162, 521, 167, 163]","[106, 16, 81, 241, 56, 261, 262, 30, 401, 183, 39, 182, 31, 161, 201, 42, 23, 165, 461, 166, 82, 40, 162, 521, 167, 163]","[106, 16, 81, 241, 56, 261, 262, 30, 401, 183, 39, 182, 31, 161, 201, 42, 23, 165, 461, 166, 82, 40, 162, 521, 167, 163]",0,0,0,0,0,0,0,0,0,0,55.88235294117647,55.88235294117647,55.88235294117647,0.0003426937211585568,0.0003426937211585568
7,15,범계역,2026-09-09 12:00:00,2026-09-09 12:15:00,fare,operating|wd,26,"[16, 30, 401, 201, 42, 82, 521, 106, 81, 241, 56, 261, 262, 183, 39, 182, 31, 23, 461, 40, 161, 165, 166, 162, 167, 163]","[16, 30, 401, 201, 42, 82, 521, 106, 81, 241, 56, 261, 262, 183, 39, 182, 31, 23, 461, 40, 161, 165, 166, 162, 167, 163]","[16, 30, 401, 201, 42, 82, 521, 106, 81, 241, 56, 261, 262, 183, 39, 182, 31, 23, 461, 40, 161, 165, 166, 162, 167, 163]",0,0,0,0,0,0,0,0,0,0,11.223203026481714,11.223203026481714,11.223203026481714,6.120571894850245e-05,6.120571894850245e-05
7,15,범계역,2026-09-09 14:00:00,2026-09-09 14:15:00,walk,operating|wd,26,"[106, 16, 81, 241, 56, 261, 262, 30, 401, 183, 39, 182, 31, 161, 201, 42, 23, 165, 461, 166, 82, 40, 162, 521, 167, 163]","[106, 16, 81, 241, 56, 261, 262, 30, 401, 183, 39, 182, 31, 161, 201, 42, 23, 165, 461, 166, 82, 40, 162, 521, 167, 163]","[106, 16, 81, 241, 56, 261, 262, 30, 401, 183, 39, 182, 31, 161, 201, 42, 23, 165, 461, 166, 82, 40, 162, 521, 167, 163]",0,0,0,0,0,0,0,0,0,0,88.23529411764706,88.23529411764706,88.23529411764706,0.1292964843428347,0.1292964843428347
7,15,범계역,2026-09-09 14:00:00,2026-09-09 14:15:00,fare,operating|wd,26,"[16, 30, 401, 201, 42, 82, 521, 106, 81, 241, 56, 261, 262, 183, 39, 182, 31, 23, 461, 40, 161, 165, 166, 162, 167, 163]","[16, 30, 401, 201, 42, 82, 521, 106, 81, 241, 56, 261, 262, 183, 39, 182, 31, 23, 461, 40, 161, 165, 166, 162, 167, 163]","[16, 30, 401, 201, 42, 82, 521, 106, 81, 241, 56, 261, 262, 183, 39, 182, 31, 23, 461, 40, 161, 165, 166, 162, 167, 163]",0,0,0,0,0,0,0,0,0,0,9.457755359394703,9.457755359394703,9.457755359394703,6.120571894850245e-05,6.120571894850245e-05
7,15,안양역,2026-09-09 10:00:00,2026-09-09 10:15:00,walk,operating|wd,11,"[48, 112, 53, 11, 52, 7, 8, 38, 29, 18, 28]","[48, 112, 53, 11, 52, 7, 8, 38, 29, 18, 28]","[112, 11, 7, 8, 38, 29, 18, 28, 48, 53, 52]",0,0,0,0,0,0,0,0,0,0,75.0,75.0,66.66666666666667,0.04247664576192801,0.04247664576192801
7,15,안양역,2026-09-09 10:00:00,2026-09-09 10:15:00,fare,operating|wd,11,"[18, 8, 38, 28, 48, 112, 53, 11, 52, 7, 29]","[18, 8, 38, 28, 48, 112, 53, 11, 52, 7, 29]","[18, 8, 38, 28, 112, 11, 7, 29, 48, 53, 52]",0,0,0,0,0,0,0,0,0,0,37.5,37.5,37.5,0.0001121506254472234,0.0001121506254472234
7,15,안양역,2026-09-09 12:00:00,2026-09-09 12:15:00,walk,operating|wd,11,"[48, 112, 53, 11, 52, 7, 8, 38, 29, 18, 28]","[48, 112, 53, 11, 52, 7, 8, 38, 29, 18, 28]","[48, 112, 53, 11, 52, 7, 8, 38, 29, 18, 28]",0,0,0,0,0,0,0,0,0,0,16.666666666666668,16.666666666666668,16.666666666666668,0.0005605247131484026,0.0005605247131484026
7,15,안양역,2026-09-09 12:00:00,2026-09-09 12:15:00,fare,operating|wd,11,"[18, 8, 38, 28, 48, 112, 53, 11, 52, 7, 29]","[18, 8, 38, 28, 48, 112, 53, 11, 52, 7, 29]","[18, 8, 38, 28, 48, 112, 53, 11, 52, 7, 29]",0,0,0,0,0,0,0,0,0,0,35.714285714285715,35.714285714285715,35.714285714285715,0.00011132754557067815,0.00011132754557067815
7,15,안양역,2026-09-09 14:00:00,2026-09-09 14:15:00,walk,operating|wd,11,"[48, 112, 53, 11, 52, 7, 8, 38, 29, 18, 28]","[48, 112, 53, 11, 52, 7, 8, 38, 29, 18, 28]","[48, 112, 53, 11, 52, 7, 8, 38, 29, 18, 28]",0,0,0,0,0,0,0,0,0,0,33.333333333333336,33.333333333333336,33.333333333333336,0.00028270885826180077,0.00028270885826180077
7,15,안양역,2026-09-09 14:00:00,2026-09-09 14:15:00,fare,operating|wd,11,"[18, 8, 38, 28, 48, 112, 53, 11, 52, 7, 29]","[18, 8, 38, 28, 48, 112, 53, 11, 52, 7, 29]","[18, 8, 38, 28, 48, 112, 53, 11, 52, 7, 29]",0,0,0,0,0,0,0,0,0,0,35.714285714285715,35.714285714285715,35.714285714285715,0.0001539940063592255,0.0001539940063592255
7,15,평촌역,2026-09-09 12:00:00,2026-09-09 12:15:00,walk,operating|wd,25,"[16, 31, 106, 162, 166, 241, 163, 161, 167, 164, 37, 172, 168, 169, 27, 165, 261, 170, 262, 56, 171, 10, 21, 81, 34]","[16, 31, 106, 162, 166, 241, 163, 161, 167, 164, 37, 172, 168, 169, 27, 165, 261, 170, 262, 56, 171, 10, 21, 81, 34]","[16, 31, 106, 162, 166, 241, 163, 161, 167, 164, 37, 172, 168, 169, 27, 165, 261, 170, 262, 56, 171, 10, 21, 81, 34]",0,0,0,0,0,0,0,0,0,0,11.223203026481714,11.223203026481714,11.223203026481714,6.120571894850245e-05,6.120571894850245e-05
7,15,평촌역,2026-09-09 12:00:00,2026-09-09 12:15:00,fare,outside|wd,25,"[10, 16, 37, 27, 21, 34, 31, 106, 241, 172, 261, 262, 56, 81, 162, 166, 163, 161, 167, 164, 168, 169, 165, 170, 171]","[10, 16, 37, 27, 21, 34, 31, 106, 241, 172, 261, 262, 56, 81, 162, 166, 163, 161, 167, 164, 168, 169, 165, 170, 171]","[10, 16, 37, 27, 21, 34, 31, 106, 241, 172, 261, 262, 56, 81, 162, 166, 163, 161, 167, 164, 168, 169, 165, 170, 171]",0,0,0,0,0,0,0,0,0,0,48.35164835164835,48.35164835164835,48.35164835164835,0.00028601862140121767,0.00028601862140121767
7,15,평촌역,2026-09-09 14:00:00,2026-09-09 14:15:00,walk,operating|wd,25,"[16, 31, 106, 162, 166, 241, 163, 161, 167, 164, 37, 172, 168, 169, 27, 165, 261, 170, 262, 56, 171, 10, 21, 81, 34]","[16, 31, 106, 162, 166, 241, 163, 161, 167, 164, 37, 172, 168, 169, 27, 165, 261, 170, 262, 56, 171, 10, 21, 81, 34]","[16, 31, 106, 162, 166, 241, 163, 161, 167, 164, 37, 172, 168, 169, 27, 165, 261, 170, 262, 56, 171, 10, 21, 81, 34]",0,0,0,0,0,0,0,0,0,0,9.457755359394703,9.457755359394703,9.457755359394703,6.120571894850245e-05,6.120571894850245e-05
7,15,평촌역,2026-09-09 14:00:00,2026-09-09 14:15:00,fare,outside|wd,25,"[10, 16, 37, 27, 21, 34, 31, 106, 241, 172, 261, 262, 56, 81, 162, 166, 163, 161, 167, 164, 168, 169, 165, 170, 171]","[10, 16, 37, 27, 21, 34, 31, 106, 241, 172, 261, 262, 56, 81, 162, 166, 163, 161, 167, 164, 168, 169, 165, 170, 171]","[10, 16, 37, 27, 21, 34, 31, 106, 241, 172, 261, 262, 56, 81, 162, 166, 163, 161, 167, 164, 168, 169, 165, 170, 171]",0,0,0,0,0,0,0,0,0,0,35.714285714285715,35.714285714285715,35.714285714285715,0.000207451736965505,0.000207451736965505
7,15,평촌역,2026-09-09 16:00:00,2026-09-09 16:15:00,walk,operating|wd,25,"[16, 31, 106, 162, 166, 241, 163, 161, 167, 164, 37, 172, 168, 169, 27, 165, 261, 170, 262, 56, 171, 10, 21, 81, 34]","[16, 31, 106, 162, 166, 241, 163, 161, 167, 164, 37, 172, 168, 169, 27, 165, 261, 170, 262, 56, 171, 10, 21, 81, 34]","[16, 31, 106, 162, 166, 241, 163, 161, 167, 164, 37, 172, 168, 169, 27, 165, 261, 170, 262, 56, 171, 10, 21, 81, 34]",0,0,0,0,0,0,0,0,0,0,15.006305170239596,15.006305170239596,15.006305170239596,6.186198390703835e-05,6.186198390703835e-05
7,15,평촌역,2026-09-09 16:00:00,2026-09-09 16:15:00,fare,outside|wd,25,"[10, 16, 37, 27, 21, 34, 81, 31, 106, 241, 172, 261, 262, 56, 162, 166, 163, 161, 167, 164, 168, 169, 165, 170, 171]","[10, 16, 37, 27, 21, 34, 81, 31, 106, 241, 172, 261, 262, 56, 162, 166, 163, 161, 167, 164, 168, 169, 165, 170, 171]","[10, 16, 37, 27, 21, 34, 81, 31, 106, 241, 172, 261, 262, 56, 162, 166, 163, 161, 167, 164, 168, 169, 165, 170, 171]",0,0,0,0,0,0,0,0,0,0,44.505494505494504,44.505494505494504,44.505494505494504,0.00020785954316736765,0.00020785954316736765
7,15,인덕원역,2026-09-09 10:00:00,2026-09-09 10:15:00,walk,outside|wd,7,"[10, 172, 27, 171, 170, 164, 34]","[10, 172, 27, 171, 170, 164, 34]","[10, 172, 27, 171, 170, 164, 34]",0,0,0,0,0,0,0,0,0,0,59.89010989010989,59.89010989010989,59.89010989010989,0.00021706007223096542,0.00021706007223096542
7,15,인덕원역,2026-09-09 10:00:00,2026-09-09 10:15:00,fare,outside|wd,7,"[10, 27, 34, 172, 171, 170, 164]","[10, 27, 34, 172, 171, 170, 164]","[10, 27, 34, 172, 171, 170, 164]",0,0,0,0,0,0,0,0,0,0,59.89010989010989,59.89010989010989,59.89010989010989,0.00021706007223096542,0.00021706007223096542
7,15,인덕원역,2026-09-09 12:00:00,2026-09-09 12:15:00,walk,outside|wd,7,"[10, 172, 27, 171, 170, 164, 34]","[10, 172, 27, 171, 170, 164, 34]","[10, 172, 27, 171, 170, 164, 34]",0,0,0,0,0,0,0,0,0,0,48.35164835164835,48.35164835164835,48.35164835164835,0.00028601862140121767,0.00028601862140121767
7,15,인덕원역,2026-09-09 12:00:00,2026-09-09 12:15:00,fare,outside|wd,7,"[10, 27, 34, 172, 171, 170, 164]","[10, 27, 34, 172, 171, 170, 164]","[10, 27, 34, 172, 171, 170, 164]",0,0,0,0,0,0,0,0,0,0,48.35164835164835,48.35164835164835,48.35164835164835,0.00028601862140121767,0.00028601862140121767
7,15,인덕원역,2026-09-09 14:00:00,2026-09-09 14:15:00,walk,outside|wd,7,"[10, 172, 27, 171, 170, 164, 34]","[10, 172, 27, 171, 170, 164, 34]","[10, 172, 27, 171, 170, 164, 34]",0,0,0,0,0,0,0,0,0,0,35.714285714285715,35.714285714285715,35.714285714285715,0.000207451736965505,0.000207451736965505
7,15,인덕원역,2026-09-09 14:00:00,2026-09-09 14:15:00,fare,outside|wd,7,"[10, 27, 34, 172, 171, 170, 164]","[10, 27, 34, 172, 171, 170, 164]","[10, 27, 34, 172, 171, 170, 164]",0,0,0,0,0,0,0,0,0,0,35.714285714285715,35.714285714285715,35.714285714285715,0.000207451736965505,0.000207451736965505
7,15,인덕원역,2026-09-09 16:00:00,2026-09-09 16:15:00,walk,outside|wd,7,"[10, 172, 27, 171, 170, 164, 34]","[10, 172, 27, 171, 170, 164, 34]","[10, 172, 27, 171, 170, 164, 34]",0,0,0,0,0,0,0,0,0,0,44.505494505494504,44.505494505494504,44.505494505494504,0.00020785954316736765,0.00020785954316736765
7,15,인덕원역,2026-09-09 16:00:00,2026-09-09 16:15:00,fare,outside|wd,7,"[10, 27, 34, 172, 171, 170, 164]","[10, 27, 34, 172, 171, 170, 164]","[10, 27, 34, 172, 171, 170, 164]",0,0,0,0,0,0,0,0,0,0,44.505494505494504,44.505494505494504,44.505494505494504,0.00020785954316736765,0.00020785954316736765
7,30,안양시청,2026-09-09 10:00:00,2026-09-09 10:30:00,walk,operating|wd,5,"[106, 16, 31, 161, 165]","[16, 31, 161, 165, 106]","[16, 31, 161, 165, 106]",1,1,0,0,0,0,0,0,1,-500,79.41176470588235,14.627994955863809,14.627994955863809,0.8164745619077445,0.00016744920036051945
7,30,안양시청,2026-09-09 10:00:00,2026-09-09 10:30:00,fare,operating|wd,5,"[16, 106, 31, 161, 165]","[16, 31, 161, 165, 106]","[16, 31, 161, 165, 106]",1,0,0,0,0,0,0,0,0,0,14.627994955863809,14.627994955863809,14.627994955863809,0.00016744920036051945,0.00016744920036051945
7,30,안양시청,2026-09-09 12:00:00,2026-09-09 12:30:00,walk,operating|wd,5,"[106, 16, 31, 161, 165]","[106, 16, 31, 161, 165]","[106, 16, 31, 161, 165]",0,0,0,0,0,0,0,0,0,0,55.88235294117647,55.88235294117647,55.88235294117647,0.001023968660186446,0.001023968660186446
7,30,안양시청,2026-09-09 12:00:00,2026-09-09 12:30:00,fare,operating|wd,5,"[16, 106, 31, 161, 165]","[16, 106, 31, 161, 165]","[16, 106, 31, 161, 165]",0,0,0,0,0,0,0,0,0,0,11.727616645649432,11.727616645649432,11.727616645649432,0.00017420227947613205,0.00017420227947613205
7,30,안양시청,2026-09-09 14:00:00,2026-09-09 14:30:00,walk,operating|wd,5,"[106, 16, 31, 161, 165]","[106, 16, 31, 161, 165]","[106, 16, 31, 161, 165]",0,0,0,0,0,0,0,0,0,0,88.23529411764706,88.23529411764706,88.23529411764706,0.2914014574381623,0.2914014574381623
7,30,안양시청,2026-09-09 14:00:00,2026-09-09 14:30:00,fare,operating|wd,5,"[16, 106, 31, 161, 165]","[16, 106, 31, 161, 165]","[16, 106, 31, 161, 165]",0,0,0,0,0,0,0,0,0,0,9.96216897856242,9.96216897856242,9.96216897856242,0.00015716668941132935,0.00015716668941132935
7,30,안양시청,2026-09-09 16:00:00,2026-09-09 16:30:00,walk,operating|wd,5,"[106, 16, 31, 161, 165]","[106, 16, 31, 161, 165]","[106, 16, 31, 161, 165]",0,0,0,0,0,0,0,0,0,0,67.6470588235294,67.6470588235294,67.6470588235294,0.4596231183183596,0.4596231183183596
7,30,안양시청,2026-09-09 16:00:00,2026-09-09 16:30:00,fare,operating|wd,5,"[16, 106, 31, 161, 165]","[16, 106, 31, 161, 165]","[16, 106, 31, 161, 165]",0,0,0,0,0,0,0,0,0,0,16.77175283732661,16.77175283732661,16.77175283732661,0.00020559122625210213,0.00020559122625210213
7,30,석수역,2026-09-09 06:00:00,2026-09-09 06:30:00,walk,outside|wd,5,"[108, 25, 12, 13, 24]","[25, 12, 13, 24, 108]","[25, 12, 13, 24, 108]",1,1,1,0,0,1,0,1,21,0,100.0,49.152542372881356,49.152542372881356,0.985903256343301,0.0003780736348284581
7,30,석수역,2026-09-09 06:00:00,2026-09-09 06:30:00,fare,outside|wd,5,"[108, 25, 13, 24, 12]","[25, 13, 24, 12, 108]","[25, 13, 24, 12, 108]",1,1,1,0,0,1,0,1,21,0,100.0,49.152542372881356,49.152542372881356,0.985903256343301,0.0003780736348284581
7,30,석수역,2026-09-09 08:00:00,2026-09-09 08:30:00,walk,outside|wd,5,"[108, 25, 12, 13, 24]","[25, 12, 13, 24, 108]","[25, 12, 13, 24, 108]",1,1,1,0,0,1,0,1,21,0,99.15966386554622,44.91525423728814,44.91525423728814,0.9892694772606672,0.00030859186066458684
7,30,석수역,2026-09-09 08:00:00,2026-09-09 08:30:00,fare,outside|wd,5,"[108, 25, 13, 24, 12]","[25, 13, 24, 12, 108]","[25, 13, 24, 12, 108]",1,1,1,0,0,1,0,1,21,0,99.15966386554622,44.91525423728814,44.91525423728814,0.9892694772606672,0.00030859186066458684
7,30,석수역,2026-09-09 10:00:00,2026-09-09 10:30:00,walk,operating|wd,5,"[108, 25, 12, 13, 24]","[108, 25, 12, 13, 24]","[108, 25, 12, 13, 24]",0,0,0,0,0,0,0,0,0,0,43.69747899159664,43.69747899159664,43.69747899159664,0.0009833551359303542,0.0009833551359303542
7,30,석수역,2026-09-09 10:00:00,2026-09-09 10:30:00,fare,operating|wd,5,"[108, 25, 12, 13, 24]","[108, 25, 12, 13, 24]","[108, 25, 12, 13, 24]",0,0,0,0,0,0,0,0,0,0,43.69747899159664,43.69747899159664,43.69747899159664,0.0009833551359303542,0.0009833551359303542
7,30,석수역,2026-09-09 12:00:00,2026-09-09 12:30:00,walk,operating|wd,5,"[108, 25, 12, 13, 24]","[108, 25, 12, 13, 24]","[108, 25, 12, 13, 24]",0,0,0,0,0,0,0,0,0,0,41.1764705882353,41.1764705882353,41.1764705882353,0.0013955722554661806,0.0013955722554661806
7,30,석수역,2026-09-09 12:00:00,2026-09-09 12:30:00,fare,operating|wd,5,"[108, 25, 12, 13, 24]","[108, 25, 12, 13, 24]","[108, 25, 12, 13, 24]",0,0,0,0,0,0,0,0,0,0,41.1764705882353,41.1764705882353,41.1764705882353,0.0013955722554661806,0.0013955722554661806
7,30,석수역,2026-09-09 14:00:00,2026-09-09 14:30:00,walk,operating|wd,5,"[108, 25, 12, 13, 24]","[108, 25, 12, 13, 24]","[108, 25, 12, 13, 24]",0,0,0,0,0,0,0,0,0,0,33.61344537815126,33.61344537815126,33.61344537815126,0.0004477562055951345,0.0004477562055951345
7,30,석수역,2026-09-09 14:00:00,2026-09-09 14:30:00,fare,operating|wd,5,"[108, 25, 12, 13, 24]","[108, 25, 12, 13, 24]","[108, 25, 12, 13, 24]",0,0,0,0,0,0,0,0,0,0,33.61344537815126,33.61344537815126,33.61344537815126,0.0004477562055951345,0.0004477562055951345
7,30,석수역,2026-09-09 16:00:00,2026-09-09 16:30:00,walk,operating|wd,5,"[108, 25, 12, 13, 24]","[108, 25, 12, 13, 24]","[108, 25, 12, 13, 24]",0,0,0,0,0,0,0,0,0,0,54.621848739495796,54.621848739495796,54.621848739495796,0.014939056390599885,0.014939056390599885
7,30,석수역,2026-09-09 16:00:00,2026-09-09 16:30:00,fare,operating|wd,5,"[108, 25, 13, 24, 12]","[108, 25, 13, 24, 12]","[108, 25, 13, 24, 12]",0,0,0,0,0,0,0,0,0,0,54.621848739495796,54.621848739495796,54.621848739495796,0.014939056390599885,0.014939056390599885
7,30,석수역,2026-09-09 18:00:00,2026-09-09 18:30:00,walk,outside|wd,5,"[108, 25, 12, 13, 24]","[25, 12, 13, 24, 108]","[25, 12, 13, 24, 108]",1,1,1,0,0,1,0,1,21,0,91.59663865546219,0.847457627118644,0.847457627118644,0.9516614114782534,0.00023126101882491092
7,30,석수역,2026-09-09 18:00:00,2026-09-09 18:30:00,fare,outside|wd,5,"[108, 25, 13, 24, 12]","[25, 13, 24, 12, 108]","[25, 13, 24, 12, 108]",1,1,1,0,0,1,0,1,21,0,91.59663865546219,0.847457627118644,0.847457627118644,0.9516614114782534,0.00023126101882491092
7,30,석수역,2026-09-09 20:00:00,2026-09-09 20:30:00,walk,outside|wd,5,"[108, 25, 12, 13, 24]","[25, 12, 13, 24, 108]","[25, 12, 13, 24, 108]",1,1,1,0,0,1,0,1,21,0,91.59663865546219,11.016949152542374,11.016949152542374,0.965286778769721,0.0002115436986936777
7,30,석수역,2026-09-09 20:00:00,2026-09-09 20:30:00,fare,outside|wd,5,"[108, 25, 13, 24, 12]","[25, 13, 24, 12, 108]","[25, 13, 24, 12, 108]",1,1,1,0,0,1,0,1,21,0,91.59663865546219,11.016949152542374,11.016949152542374,0.965286778769721,0.0002115436986936777
7,30,석수역,2026-09-09 22:00:00,2026-09-09 22:30:00,walk,outside|wd,5,"[108, 25, 12, 13, 24]","[25, 12, 13, 24, 108]","[25, 12, 13, 24, 108]",1,1,1,0,0,1,0,1,21,0,92.43697478991596,56.779661016949156,56.779661016949156,0.9787231584388785,0.0004176882923064249
7,30,석수역,2026-09-09 22:00:00,2026-09-09 22:30:00,fare,outside|wd,5,"[108, 25, 13, 24, 12]","[25, 13, 24, 12, 108]","[25, 13, 24, 12, 108]",1,1,1,0,0,1,0,1,21,0,92.43697478991596,56.779661016949156,56.779661016949156,0.9787231584388785,0.0004176882923064249
7,30,범계역,2026-09-09 12:00:00,2026-09-09 12:30:00,walk,operating|wd,26,"[106, 16, 81, 241, 56, 261, 262, 30, 401, 183, 39, 182, 31, 161, 201, 42, 23, 165, 461, 166, 82, 40, 162, 521, 167, 163]","[106, 16, 81, 241, 56, 261, 262, 30, 401, 183, 39, 182, 31, 161, 201, 42, 23, 165, 461, 166, 82, 40, 162, 521, 167, 163]","[106, 16, 81, 241, 56, 261, 262, 30, 401, 183, 39, 182, 31, 161, 201, 42, 23, 165, 461, 166, 82, 40, 162, 521, 167, 163]",0,0,0,0,0,0,0,0,0,0,55.88235294117647,55.88235294117647,55.88235294117647,0.001023968660186446,0.001023968660186446
7,30,범계역,2026-09-09 12:00:00,2026-09-09 12:30:00,fare,operating|wd,26,"[16, 30, 401, 201, 42, 82, 521, 106, 81, 241, 56, 261, 262, 183, 39, 182, 31, 23, 461, 40, 161, 165, 166, 162, 167, 163]","[16, 30, 401, 201, 42, 82, 521, 106, 81, 241, 56, 261, 262, 183, 39, 182, 31, 23, 461, 40, 161, 165, 166, 162, 167, 163]","[16, 30, 401, 201, 42, 82, 521, 106, 81, 241, 56, 261, 262, 183, 39, 182, 31, 23, 461, 40, 161, 165, 166, 162, 167, 163]",0,0,0,0,0,0,0,0,0,0,11.727616645649432,11.727616645649432,11.727616645649432,0.00017420227947613205,0.00017420227947613205
7,30,범계역,2026-09-09 14:00:00,2026-09-09 14:30:00,walk,operating|wd,26,"[106, 16, 81, 241, 56, 261, 262, 30, 401, 183, 39, 182, 31, 161, 201, 42, 23, 165, 461, 166, 82, 40, 162, 521, 167, 163]","[106, 16, 81, 241, 56, 261, 262, 30, 401, 183, 39, 182, 31, 161, 201, 42, 23, 165, 461, 166, 82, 40, 162, 521, 167, 163]","[106, 16, 81, 241, 56, 261, 262, 30, 401, 183, 39, 182, 31, 161, 201, 42, 23, 165, 461, 166, 82, 40, 162, 521, 167, 163]",0,0,0,0,0,0,0,0,0,0,88.23529411764706,88.23529411764706,88.23529411764706,0.2914014574381623,0.2914014574381623
7,30,범계역,2026-09-09 14:00:00,2026-09-09 14:30:00,fare,operating|wd,26,"[16, 30, 401, 201, 42, 82, 521, 106, 81, 241, 56, 261, 262, 183, 39, 182, 31, 23, 461, 40, 161, 165, 166, 162, 167, 163]","[16, 30, 401, 201, 42, 82, 521, 106, 81, 241, 56, 261, 262, 183, 39, 182, 31, 23, 461, 40, 161, 165, 166, 162, 167, 163]","[16, 30, 401, 201, 42, 82, 521, 106, 81, 241, 56, 261, 262, 183, 39, 182, 31, 23, 461, 40, 161, 165, 166, 162, 167, 163]",0,0,0,0,0,0,0,0,0,0,9.96216897856242,9.96216897856242,9.96216897856242,0.00015716668941132935,0.00015716668941132935
7,30,안양역,2026-09-09 10:00:00,2026-09-09 10:30:00,walk,operating|wd,11,"[48, 112, 53, 11, 52, 7, 8, 38, 29, 18, 28]","[48, 112, 53, 11, 52, 7, 8, 38, 29, 18, 28]","[112, 11, 7, 8, 38, 29, 18, 28, 48, 53, 52]",0,0,0,0,0,0,0,0,0,0,70.83333333333333,70.83333333333333,61.333333333333336,0.04137135606311045,0.04137135606311045
7,30,안양역,2026-09-09 10:00:00,2026-09-09 10:30:00,fare,operating|wd,11,"[18, 8, 38, 28, 48, 112, 53, 11, 52, 7, 29]","[18, 8, 38, 28, 48, 112, 53, 11, 52, 7, 29]","[18, 8, 38, 28, 112, 11, 7, 29, 48, 53, 52]",0,0,0,0,0,0,0,0,0,0,41.07142857142857,41.07142857142857,41.07142857142857,0.00020555832597359615,0.00020555832597359615
7,30,안양역,2026-09-09 12:00:00,2026-09-09 12:30:00,walk,operating|wd,11,"[48, 112, 53, 11, 52, 7, 8, 38, 29, 18, 28]","[48, 112, 53, 11, 52, 7, 8, 38, 29, 18, 28]","[48, 112, 53, 11, 52, 7, 8, 38, 29, 18, 28]",0,0,0,0,0,0,0,0,0,0,20.833333333333332,20.833333333333332,20.833333333333332,0.0015964088671853618,0.0015964088671853618
7,30,안양역,2026-09-09 12:00:00,2026-09-09 12:30:00,fare,operating|wd,11,"[18, 8, 38, 28, 48, 112, 53, 11, 52, 7, 29]","[18, 8, 38, 28, 48, 112, 53, 11, 52, 7, 29]","[18, 8, 38, 28, 48, 112, 53, 11, 52, 7, 29]",0,0,0,0,0,0,0,0,0,0,35.714285714285715,35.714285714285715,35.714285714285715,0.00022483025999504115,0.00022483025999504115
7,30,안양역,2026-09-09 14:00:00,2026-09-09 14:30:00,walk,operating|wd,11,"[48, 112, 53, 11, 52, 7, 8, 38, 29, 18, 28]","[48, 112, 53, 11, 52, 7, 8, 38, 29, 18, 28]","[48, 112, 53, 11, 52, 7, 8, 38, 29, 18, 28]",0,0,0,0,0,0,0,0,0,0,33.333333333333336,33.333333333333336,33.333333333333336,0.0007196280709469181,0.0007196280709469181
7,30,안양역,2026-09-09 14:00:00,2026-09-09 14:30:00,fare,operating|wd,11,"[18, 8, 38, 28, 48, 112, 53, 11, 52, 7, 29]","[18, 8, 38, 28, 48, 112, 53, 11, 52, 7, 29]","[18, 8, 38, 28, 48, 112, 53, 11, 52, 7, 29]",0,0,0,0,0,0,0,0,0,0,37.5,37.5,37.5,0.00020104816542215604,0.00020104816542215604
7,30,평촌역,2026-09-09 12:00:00,2026-09-09 12:30:00,walk,operating|wd,25,"[16, 31, 106, 162, 166, 241, 163, 161, 167, 164, 37, 172, 168, 169, 27, 165, 261, 170, 262, 56, 171, 10, 21, 81, 34]","[16, 31, 106, 162, 166, 241, 163, 161, 167, 164, 37, 172, 168, 169, 27, 165, 261, 170, 262, 56, 171, 10, 21, 81, 34]","[16, 31, 106, 162, 166, 241, 163, 161, 167, 164, 37, 172, 168, 169, 27, 165, 261, 170, 262, 56, 171, 10, 21, 81, 34]",0,0,0,0,0,0,0,0,0,0,11.727616645649432,11.727616645649432,11.727616645649432,0.00017420227947613205,0.00017420227947613205
7,30,평촌역,2026-09-09 12:00:00,2026-09-09 12:30:00,fare,outside|wd,25,"[10, 16, 37, 27, 21, 34, 31, 106, 241, 172, 261, 262, 56, 81, 162, 166, 163, 161, 167, 164, 168, 169, 165, 170, 171]","[10, 16, 37, 27, 21, 34, 31, 106, 241, 172, 261, 262, 56, 81, 162, 166, 163, 161, 167, 164, 168, 169, 165, 170, 171]","[10, 16, 37, 27, 21, 34, 31, 106, 241, 172, 261, 262, 56, 81, 162, 166, 163, 161, 167, 164, 168, 169, 165, 170, 171]",0,0,0,0,0,0,0,0,0,0,46.7032967032967,46.7032967032967,46.7032967032967,0.0004286510146606968,0.0004286510146606968
7,30,평촌역,2026-09-09 14:00:00,2026-09-09 14:30:00,walk,operating|wd,25,"[16, 31, 106, 162, 166, 241, 163, 161, 167, 164, 37, 172, 168, 169, 27, 165, 261, 170, 262, 56, 171, 10, 21, 81, 34]","[16, 31, 106, 162, 166, 241, 163, 161, 167, 164, 37, 172, 168, 169, 27, 165, 261, 170, 262, 56, 171, 10, 21, 81, 34]","[16, 31, 106, 162, 166, 241, 163, 161, 167, 164, 37, 172, 168, 169, 27, 165, 261, 170, 262, 56, 171, 10, 21, 81, 34]",0,0,0,0,0,0,0,0,0,0,9.96216897856242,9.96216897856242,9.96216897856242,0.00015716668941132935,0.00015716668941132935
7,30,평촌역,2026-09-09 14:00:00,2026-09-09 14:30:00,fare,outside|wd,25,"[10, 16, 37, 27, 21, 34, 31, 106, 241, 172, 261, 262, 56, 81, 162, 166, 163, 161, 167, 164, 168, 169, 165, 170, 171]","[10, 16, 37, 27, 21, 34, 31, 106, 241, 172, 261, 262, 56, 81, 162, 166, 163, 161, 167, 164, 168, 169, 165, 170, 171]","[10, 16, 37, 27, 21, 34, 31, 106, 241, 172, 261, 262, 56, 81, 162, 166, 163, 161, 167, 164, 168, 169, 165, 170, 171]",0,0,0,0,0,0,0,0,0,0,35.714285714285715,35.714285714285715,35.714285714285715,0.0003566138766699242,0.0003566138766699242
7,30,평촌역,2026-09-09 16:00:00,2026-09-09 16:30:00,walk,operating|wd,25,"[16, 31, 106, 162, 166, 241, 163, 161, 167, 164, 37, 172, 168, 169, 27, 165, 261, 170, 262, 56, 171, 10, 21, 81, 34]","[16, 31, 106, 162, 166, 241, 163, 161, 167, 164, 37, 172, 168, 169, 27, 165, 261, 170, 262, 56, 171, 10, 21, 81, 34]","[16, 31, 106, 162, 166, 241, 163, 161, 167, 164, 37, 172, 168, 169, 27, 165, 261, 170, 262, 56, 171, 10, 21, 81, 34]",0,0,0,0,0,0,0,0,0,0,16.77175283732661,16.77175283732661,16.77175283732661,0.00020559122625210213,0.00020559122625210213
7,30,평촌역,2026-09-09 16:00:00,2026-09-09 16:30:00,fare,outside|wd,25,"[10, 81, 16, 37, 27, 21, 34, 31, 106, 241, 172, 261, 262, 56, 162, 166, 163, 161, 167, 164, 168, 169, 165, 170, 171]","[10, 81, 16, 37, 27, 21, 34, 31, 106, 241, 172, 261, 262, 56, 162, 166, 163, 161, 167, 164, 168, 169, 165, 170, 171]","[10, 81, 16, 37, 27, 21, 34, 31, 106, 241, 172, 261, 262, 56, 162, 166, 163, 161, 167, 164, 168, 169, 165, 170, 171]",0,0,0,0,0,0,0,0,0,0,45.604395604395606,45.604395604395606,45.604395604395606,0.000699183111684349,0.000699183111684349
7,30,인덕원역,2026-09-09 10:00:00,2026-09-09 10:30:00,walk,outside|wd,7,"[10, 172, 27, 171, 170, 164, 34]","[10, 172, 27, 171, 170, 164, 34]","[10, 172, 27, 171, 170, 164, 34]",0,0,0,0,0,0,0,0,0,0,59.89010989010989,59.89010989010989,59.89010989010989,0.00035885054938946314,0.00035885054938946314
7,30,인덕원역,2026-09-09 10:00:00,2026-09-09 10:30:00,fare,outside|wd,7,"[10, 27, 34, 172, 171, 170, 164]","[10, 27, 34, 172, 171, 170, 164]","[10, 27, 34, 172, 171, 170, 164]",0,0,0,0,0,0,0,0,0,0,59.89010989010989,59.89010989010989,59.89010989010989,0.00035885054938946314,0.00035885054938946314
7,30,인덕원역,2026-09-09 12:00:00,2026-09-09 12:30:00,walk,outside|wd,7,"[10, 172, 27, 171, 170, 164, 34]","[10, 172, 27, 171, 170, 164, 34]","[10, 172, 27, 171, 170, 164, 34]",0,0,0,0,0,0,0,0,0,0,46.7032967032967,46.7032967032967,46.7032967032967,0.0004286510146606968,0.0004286510146606968
7,30,인덕원역,2026-09-09 12:00:00,2026-09-09 12:30:00,fare,outside|wd,7,"[10, 27, 34, 172, 171, 170, 164]","[10, 27, 34, 172, 171, 170, 164]","[10, 27, 34, 172, 171, 170, 164]",0,0,0,0,0,0,0,0,0,0,46.7032967032967,46.7032967032967,46.7032967032967,0.0004286510146606968,0.0004286510146606968
7,30,인덕원역,2026-09-09 14:00:00,2026-09-09 14:30:00,walk,outside|wd,7,"[10, 172, 27, 171, 170, 164, 34]","[10, 172, 27, 171, 170, 164, 34]","[10, 172, 27, 171, 170, 164, 34]",0,0,0,0,0,0,0,0,0,0,35.714285714285715,35.714285714285715,35.714285714285715,0.0003566138766699242,0.0003566138766699242
7,30,인덕원역,2026-09-09 14:00:00,2026-09-09 14:30:00,fare,outside|wd,7,"[10, 27, 34, 172, 171, 170, 164]","[10, 27, 34, 172, 171, 170, 164]","[10, 27, 34, 172, 171, 170, 164]",0,0,0,0,0,0,0,0,0,0,35.714285714285715,35.714285714285715,35.714285714285715,0.0003566138766699242,0.0003566138766699242
7,30,인덕원역,2026-09-09 16:00:00,2026-09-09 16:30:00,walk,outside|wd,7,"[10, 172, 27, 171, 170, 164, 34]","[10, 172, 27, 171, 170, 164, 34]","[10, 172, 27, 171, 170, 164, 34]",0,0,0,0,0,0,0,0,0,0,45.604395604395606,45.604395604395606,45.604395604395606,0.000699183111684349,0.000699183111684349
7,30,인덕원역,2026-09-09 16:00:00,2026-09-09 16:30:00,fare,outside|wd,7,"[10, 27, 34, 172, 171, 170, 164]","[10, 27, 34, 172, 171, 170, 164]","[10, 27, 34, 172, 171, 170, 164]",0,0,0,0,0,0,0,0,0,0,45.604395604395606,45.604395604395606,45.604395604395606,0.000699183111684349,0.000699183111684349
7,60,안양시청,2026-09-09 10:00:00,2026-09-09 11:00:00,walk,operating|wd,5,"[106, 16, 31, 161, 165]","[16, 31, 161, 165, 106]","[16, 31, 161, 165, 106]",1,1,0,0,0,0,0,0,1,-500,79.41176470588235,12.988650693568726,12.988650693568726,0.784542225086579,0.00027313471351887204
7,60,안양시청,2026-09-09 10:00:00,2026-09-09 11:00:00,fare,operating|wd,5,"[16, 106, 31, 161, 165]","[16, 31, 161, 165, 106]","[16, 31, 161, 165, 106]",1,0,0,0,0,0,0,0,0,0,12.988650693568726,12.988650693568726,12.988650693568726,0.00027313471351887204,0.00027313471351887204
7,60,안양시청,2026-09-09 12:00:00,2026-09-09 13:00:00,walk,operating|wd,5,"[106, 16, 31, 161, 165]","[106, 16, 31, 161, 165]","[106, 16, 31, 161, 165]",0,0,0,0,0,0,0,0,0,0,76.47058823529412,76.47058823529412,76.47058823529412,0.0026345974417229783,0.0026345974417229783
7,60,안양시청,2026-09-09 12:00:00,2026-09-09 13:00:00,fare,operating|wd,5,"[16, 106, 31, 161, 165]","[16, 106, 31, 161, 165]","[16, 106, 31, 161, 165]",0,0,0,0,0,0,0,0,0,0,11.223203026481714,11.223203026481714,11.223203026481714,0.00026423750065630093,0.00026423750065630093
7,60,안양시청,2026-09-09 14:00:00,2026-09-09 15:00:00,walk,operating|wd,5,"[106, 16, 31, 161, 165]","[106, 16, 31, 161, 165]","[106, 16, 31, 161, 165]",0,0,0,0,0,0,0,0,0,0,82.3529411764706,82.3529411764706,82.3529411764706,0.27300093865396124,0.27300093865396124
7,60,안양시청,2026-09-09 14:00:00,2026-09-09 15:00:00,fare,operating|wd,5,"[16, 106, 31, 161, 165]","[16, 106, 31, 161, 165]","[16, 106, 31, 161, 165]",0,0,0,0,0,0,0,0,0,0,10.34047919293821,10.34047919293821,10.34047919293821,0.0002833458459006769,0.0002833458459006769
7,60,안양시청,2026-09-09 16:00:00,2026-09-09 17:00:00,walk,operating|wd,5,"[106, 16, 31, 161, 165]","[106, 16, 31, 161, 165]","[106, 16, 31, 161, 165]",0,0,0,0,0,0,0,0,0,0,64.70588235294117,64.70588235294117,64.70588235294117,0.206155365860765,0.206155365860765
7,60,안양시청,2026-09-09 16:00:00,2026-09-09 17:00:00,fare,operating|wd,5,"[16, 106, 31, 161, 165]","[16, 106, 31, 161, 165]","[16, 106, 31, 161, 165]",0,0,0,0,0,0,0,0,0,0,21.815889029003785,21.815889029003785,21.815889029003785,0.00028197329169049487,0.00028197329169049487
7,60,석수역,2026-09-09 06:00:00,2026-09-09 07:00:00,walk,outside|wd,5,"[108, 25, 12, 13, 24]","[25, 12, 13, 24, 108]","[25, 12, 13, 24, 108]",1,1,1,0,0,1,0,1,21,0,100.0,47.45762711864407,47.45762711864407,0.9743637874428352,0.000630767624259701
7,60,석수역,2026-09-09 06:00:00,2026-09-09 07:00:00,fare,outside|wd,5,"[108, 25, 13, 24, 12]","[25, 13, 24, 12, 108]","[25, 13, 24, 12, 108]",1,1,1,0,0,1,0,1,21,0,100.0,47.45762711864407,47.45762711864407,0.9743637874428352,0.000630767624259701
7,60,석수역,2026-09-09 08:00:00,2026-09-09 09:00:00,walk,operating|wd,5,"[108, 25, 12, 13, 24]","[25, 12, 13, 24, 108]","[25, 12, 13, 24, 108]",1,1,1,0,0,1,0,1,21,0,98.31932773109244,41.52542372881356,41.52542372881356,0.9228485491936327,0.0004312671282328652
7,60,석수역,2026-09-09 08:00:00,2026-09-09 09:00:00,fare,operating|wd,5,"[108, 25, 12, 13, 24]","[25, 12, 13, 24, 108]","[25, 12, 13, 24, 108]",1,1,1,0,0,1,0,1,21,0,98.31932773109244,41.52542372881356,41.52542372881356,0.9228485491936327,0.0004312671282328652
7,60,석수역,2026-09-09 10:00:00,2026-09-09 11:00:00,walk,operating|wd,5,"[108, 25, 12, 13, 24]","[108, 25, 12, 13, 24]","[108, 25, 12, 13, 24]",0,0,0,0,0,0,0,0,0,0,42.857142857142854,42.857142857142854,42.857142857142854,0.007168045349562282,0.007168045349562282
7,60,석수역,2026-09-09 10:00:00,2026-09-09 11:00:00,fare,operating|wd,5,"[108, 25, 12, 13, 24]","[108, 25, 12, 13, 24]","[108, 25, 12, 13, 24]",0,0,0,0,0,0,0,0,0,0,42.857142857142854,42.857142857142854,42.857142857142854,0.007168045349562282,0.007168045349562282
7,60,석수역,2026-09-09 12:00:00,2026-09-09 13:00:00,walk,operating|wd,5,"[108, 25, 12, 13, 24]","[108, 25, 12, 13, 24]","[108, 25, 12, 13, 24]",0,0,0,0,0,0,0,0,0,0,42.016806722689076,42.016806722689076,42.016806722689076,0.007141946301015501,0.007141946301015501
7,60,석수역,2026-09-09 12:00:00,2026-09-09 13:00:00,fare,operating|wd,5,"[108, 25, 12, 13, 24]","[108, 25, 12, 13, 24]","[108, 25, 12, 13, 24]",0,0,0,0,0,0,0,0,0,0,42.016806722689076,42.016806722689076,42.016806722689076,0.007141946301015501,0.007141946301015501
7,60,석수역,2026-09-09 14:00:00,2026-09-09 15:00:00,walk,operating|wd,5,"[108, 25, 12, 13, 24]","[108, 25, 12, 13, 24]","[108, 25, 12, 13, 24]",0,0,0,0,0,0,0,0,0,0,35.294117647058826,35.294117647058826,35.294117647058826,0.004737233683140218,0.004737233683140218
7,60,석수역,2026-09-09 14:00:00,2026-09-09 15:00:00,fare,operating|wd,5,"[108, 25, 12, 13, 24]","[108, 25, 12, 13, 24]","[108, 25, 12, 13, 24]",0,0,0,0,0,0,0,0,0,0,35.294117647058826,35.294117647058826,35.294117647058826,0.004737233683140218,0.004737233683140218
7,60,석수역,2026-09-09 16:00:00,2026-09-09 17:00:00,walk,outside|wd,5,"[108, 25, 12, 13, 24]","[25, 12, 13, 24, 108]","[108, 25, 12, 13, 24]",1,1,1,0,1,1,0,1,21,0,91.59663865546219,0.847457627118644,91.59663865546219,0.6470140593618539,0.00028197329169049487
7,60,석수역,2026-09-09 16:00:00,2026-09-09 17:00:00,fare,outside|wd,5,"[108, 25, 13, 24, 12]","[25, 13, 24, 12, 108]","[108, 25, 13, 24, 12]",1,1,1,0,1,1,0,1,21,0,91.59663865546219,0.847457627118644,91.59663865546219,0.6470140593618539,0.00028197329169049487
7,60,석수역,2026-09-09 18:00:00,2026-09-09 19:00:00,walk,outside|wd,5,"[108, 25, 12, 13, 24]","[25, 12, 13, 24, 108]","[25, 12, 13, 24, 108]",1,1,1,0,0,1,0,1,21,0,91.59663865546219,2.542372881355932,2.542372881355932,0.9765867786170944,0.0004379451801674922
7,60,석수역,2026-09-09 18:00:00,2026-09-09 19:00:00,fare,outside|wd,5,"[108, 25, 13, 24, 12]","[25, 13, 24, 12, 108]","[25, 13, 24, 12, 108]",1,1,1,0,0,1,0,1,21,0,91.59663865546219,2.542372881355932,2.542372881355932,0.9765867786170944,0.0004379451801674922
7,60,석수역,2026-09-09 20:00:00,2026-09-09 21:00:00,walk,outside|wd,5,"[108, 25, 12, 13, 24]","[25, 12, 13, 24, 108]","[25, 12, 13, 24, 108]",1,1,1,0,0,1,0,1,21,0,92.43697478991596,43.220338983050844,43.220338983050844,0.9690257415078315,0.0003393673058766061
7,60,석수역,2026-09-09 20:00:00,2026-09-09 21:00:00,fare,outside|wd,5,"[108, 25, 13, 24, 12]","[25, 13, 24, 12, 108]","[25, 13, 24, 12, 108]",1,1,1,0,0,1,0,1,21,0,92.43697478991596,43.220338983050844,43.220338983050844,0.9690257415078315,0.0003393673058766061
7,60,범계역,2026-09-09 12:00:00,2026-09-09 13:00:00,walk,operating|wd,26,"[106, 16, 81, 241, 56, 261, 262, 30, 401, 183, 39, 182, 31, 161, 201, 42, 23, 165, 461, 166, 82, 40, 162, 521, 167, 163]","[106, 16, 81, 241, 56, 261, 262, 30, 401, 183, 39, 182, 31, 161, 201, 42, 23, 165, 461, 166, 82, 40, 162, 521, 167, 163]","[106, 16, 81, 241, 56, 261, 262, 30, 401, 183, 39, 182, 31, 161, 201, 42, 23, 165, 461, 166, 82, 40, 162, 521, 167, 163]",0,0,0,0,0,0,0,0,0,0,76.47058823529412,76.47058823529412,76.47058823529412,0.0026345974417229783,0.0026345974417229783
7,60,범계역,2026-09-09 12:00:00,2026-09-09 13:00:00,fare,operating|wd,26,"[16, 30, 401, 201, 42, 82, 521, 106, 81, 241, 56, 261, 262, 183, 39, 182, 31, 23, 461, 40, 161, 165, 166, 162, 167, 163]","[16, 30, 401, 201, 42, 82, 521, 106, 81, 241, 56, 261, 262, 183, 39, 182, 31, 23, 461, 40, 161, 165, 166, 162, 167, 163]","[16, 30, 401, 201, 42, 82, 521, 106, 81, 241, 56, 261, 262, 183, 39, 182, 31, 23, 461, 40, 161, 165, 166, 162, 167, 163]",0,0,0,0,0,0,0,0,0,0,11.223203026481714,11.223203026481714,11.223203026481714,0.00026423750065630093,0.00026423750065630093
7,60,범계역,2026-09-09 14:00:00,2026-09-09 15:00:00,walk,operating|wd,26,"[106, 16, 81, 241, 56, 261, 262, 30, 401, 183, 39, 182, 31, 161, 201, 42, 23, 165, 461, 166, 82, 40, 162, 521, 167, 163]","[106, 16, 81, 241, 56, 261, 262, 30, 401, 183, 39, 182, 31, 161, 201, 42, 23, 165, 461, 166, 82, 40, 162, 521, 167, 163]","[106, 16, 81, 241, 56, 261, 262, 30, 401, 183, 39, 182, 31, 161, 201, 42, 23, 165, 461, 166, 82, 40, 162, 521, 167, 163]",0,0,0,0,0,0,0,0,0,0,82.3529411764706,82.3529411764706,82.3529411764706,0.27300093865396124,0.27300093865396124
7,60,범계역,2026-09-09 14:00:00,2026-09-09 15:00:00,fare,operating|wd,26,"[16, 30, 401, 201, 42, 82, 521, 106, 81, 241, 56, 261, 262, 183, 39, 182, 31, 23, 461, 40, 161, 165, 166, 162, 167, 163]","[16, 30, 401, 201, 42, 82, 521, 106, 81, 241, 56, 261, 262, 183, 39, 182, 31, 23, 461, 40, 161, 165, 166, 162, 167, 163]","[16, 30, 401, 201, 42, 82, 521, 106, 81, 241, 56, 261, 262, 183, 39, 182, 31, 23, 461, 40, 161, 165, 166, 162, 167, 163]",0,0,0,0,0,0,0,0,0,0,10.34047919293821,10.34047919293821,10.34047919293821,0.0002833458459006769,0.0002833458459006769
7,60,안양역,2026-09-09 10:00:00,2026-09-09 11:00:00,walk,operating|wd,11,"[48, 112, 53, 11, 52, 7, 8, 38, 29, 18, 28]","[48, 112, 53, 11, 52, 7, 8, 38, 29, 18, 28]","[112, 11, 7, 8, 38, 29, 18, 28, 48, 53, 52]",0,0,0,0,0,0,0,0,0,0,41.666666666666664,41.666666666666664,52.0,0.021080804466362672,0.021080804466362672
7,60,안양역,2026-09-09 10:00:00,2026-09-09 11:00:00,fare,operating|wd,11,"[18, 8, 38, 28, 48, 112, 53, 11, 52, 7, 29]","[18, 8, 38, 28, 48, 112, 53, 11, 52, 7, 29]","[18, 8, 38, 28, 112, 11, 7, 29, 48, 53, 52]",0,0,0,0,0,0,0,0,0,0,37.5,37.5,37.5,0.0004762332930985656,0.0004762332930985656
7,60,안양역,2026-09-09 12:00:00,2026-09-09 13:00:00,walk,operating|wd,11,"[48, 112, 53, 11, 52, 7, 8, 38, 29, 18, 28]","[48, 112, 53, 11, 52, 7, 8, 38, 29, 18, 28]","[48, 112, 53, 11, 52, 7, 8, 38, 29, 18, 28]",0,0,0,0,0,0,0,0,0,0,41.666666666666664,41.666666666666664,41.666666666666664,0.0024987192161056247,0.0024987192161056247
7,60,안양역,2026-09-09 12:00:00,2026-09-09 13:00:00,fare,operating|wd,11,"[18, 8, 38, 28, 48, 112, 53, 11, 52, 7, 29]","[18, 8, 38, 28, 48, 112, 53, 11, 52, 7, 29]","[18, 8, 38, 28, 48, 112, 53, 11, 52, 7, 29]",0,0,0,0,0,0,0,0,0,0,32.142857142857146,32.142857142857146,32.142857142857146,0.00041393068120043034,0.00041393068120043034
7,60,평촌역,2026-09-09 12:00:00,2026-09-09 13:00:00,walk,operating|wd,25,"[16, 31, 106, 162, 166, 241, 163, 161, 167, 164, 37, 172, 168, 169, 27, 165, 261, 170, 262, 56, 171, 10, 21, 81, 34]","[16, 31, 106, 162, 166, 241, 163, 161, 167, 164, 37, 172, 168, 169, 27, 165, 261, 170, 262, 56, 171, 10, 21, 81, 34]","[16, 31, 106, 162, 166, 241, 163, 161, 167, 164, 37, 172, 168, 169, 27, 165, 261, 170, 262, 56, 171, 10, 21, 81, 34]",0,0,0,0,0,0,0,0,0,0,11.223203026481714,11.223203026481714,11.223203026481714,0.00026423750065630093,0.00026423750065630093
7,60,평촌역,2026-09-09 12:00:00,2026-09-09 13:00:00,fare,outside|wd,25,"[10, 16, 37, 27, 21, 34, 31, 106, 241, 172, 261, 262, 56, 81, 162, 166, 163, 161, 167, 164, 168, 169, 165, 170, 171]","[10, 16, 37, 27, 21, 34, 31, 106, 241, 172, 261, 262, 56, 81, 162, 166, 163, 161, 167, 164, 168, 169, 165, 170, 171]","[10, 16, 37, 27, 21, 34, 31, 106, 241, 172, 261, 262, 56, 81, 162, 166, 163, 161, 167, 164, 168, 169, 165, 170, 171]",0,0,0,0,0,0,0,0,0,0,47.252747252747255,47.252747252747255,47.252747252747255,0.0020649580985134517,0.0020649580985134517
7,60,평촌역,2026-09-09 14:00:00,2026-09-09 15:00:00,walk,operating|wd,25,"[16, 31, 106, 162, 166, 241, 163, 161, 167, 164, 37, 172, 168, 169, 27, 165, 261, 170, 262, 56, 171, 10, 21, 81, 34]","[16, 31, 106, 162, 166, 241, 163, 161, 167, 164, 37, 172, 168, 169, 27, 165, 261, 170, 262, 56, 171, 10, 21, 81, 34]","[16, 31, 106, 162, 166, 241, 163, 161, 167, 164, 37, 172, 168, 169, 27, 165, 261, 170, 262, 56, 171, 10, 21, 81, 34]",0,0,0,0,0,0,0,0,0,0,10.34047919293821,10.34047919293821,10.34047919293821,0.0002833458459006769,0.0002833458459006769
7,60,평촌역,2026-09-09 14:00:00,2026-09-09 15:00:00,fare,outside|wd,25,"[10, 16, 37, 27, 21, 34, 31, 106, 241, 172, 261, 262, 56, 81, 162, 166, 163, 161, 167, 164, 168, 169, 165, 170, 171]","[10, 16, 37, 27, 21, 34, 31, 106, 241, 172, 261, 262, 56, 81, 162, 166, 163, 161, 167, 164, 168, 169, 165, 170, 171]","[10, 16, 37, 27, 21, 34, 31, 106, 241, 172, 261, 262, 56, 81, 162, 166, 163, 161, 167, 164, 168, 169, 165, 170, 171]",0,0,0,0,0,0,0,0,0,0,36.26373626373626,36.26373626373626,36.26373626373626,0.0009962815777430996,0.0009962815777430996
7,60,평촌역,2026-09-09 16:00:00,2026-09-09 17:00:00,walk,operating|wd,25,"[16, 31, 106, 162, 166, 241, 163, 161, 167, 164, 37, 172, 168, 169, 27, 165, 261, 170, 262, 56, 171, 10, 21, 81, 34]","[16, 31, 106, 162, 166, 241, 163, 161, 167, 164, 37, 172, 168, 169, 27, 165, 261, 170, 262, 56, 171, 10, 21, 81, 34]","[16, 31, 106, 162, 166, 241, 163, 161, 167, 164, 37, 172, 168, 169, 27, 165, 261, 170, 262, 56, 171, 10, 21, 81, 34]",0,0,0,0,0,0,0,0,0,0,21.815889029003785,21.815889029003785,21.815889029003785,0.00028197329169049487,0.00028197329169049487
7,60,평촌역,2026-09-09 16:00:00,2026-09-09 17:00:00,fare,outside|wd,25,"[10, 81, 16, 37, 27, 21, 34, 31, 106, 241, 172, 261, 262, 56, 162, 166, 163, 161, 167, 164, 168, 169, 165, 170, 171]","[10, 81, 16, 37, 27, 21, 34, 31, 106, 241, 172, 261, 262, 56, 162, 166, 163, 161, 167, 164, 168, 169, 165, 170, 171]","[10, 81, 16, 37, 27, 21, 34, 31, 106, 241, 172, 261, 262, 56, 162, 166, 163, 161, 167, 164, 168, 169, 165, 170, 171]",0,0,0,0,0,0,0,0,0,0,54.395604395604394,54.395604395604394,54.395604395604394,0.0017793127594387644,0.0017793127594387644
7,60,인덕원역,2026-09-09 10:00:00,2026-09-09 11:00:00,walk,outside|wd,7,"[10, 172, 27, 171, 170, 164, 34]","[10, 172, 27, 171, 170, 164, 34]","[10, 172, 27, 171, 170, 164, 34]",0,0,0,0,0,0,0,0,0,0,56.043956043956044,56.043956043956044,56.043956043956044,0.0018452432720210625,0.0018452432720210625
7,60,인덕원역,2026-09-09 10:00:00,2026-09-09 11:00:00,fare,outside|wd,7,"[10, 27, 34, 172, 171, 170, 164]","[10, 27, 34, 172, 171, 170, 164]","[10, 27, 34, 172, 171, 170, 164]",0,0,0,0,0,0,0,0,0,0,56.043956043956044,56.043956043956044,56.043956043956044,0.0018452432720210625,0.0018452432720210625
7,60,인덕원역,2026-09-09 12:00:00,2026-09-09 13:00:00,walk,outside|wd,7,"[10, 172, 27, 171, 170, 164, 34]","[10, 172, 27, 171, 170, 164, 34]","[10, 172, 27, 171, 170, 164, 34]",0,0,0,0,0,0,0,0,0,0,47.252747252747255,47.252747252747255,47.252747252747255,0.0020649580985134517,0.0020649580985134517
7,60,인덕원역,2026-09-09 12:00:00,2026-09-09 13:00:00,fare,outside|wd,7,"[10, 27, 34, 172, 171, 170, 164]","[10, 27, 34, 172, 171, 170, 164]","[10, 27, 34, 172, 171, 170, 164]",0,0,0,0,0,0,0,0,0,0,47.252747252747255,47.252747252747255,47.252747252747255,0.0020649580985134517,0.0020649580985134517
7,60,인덕원역,2026-09-09 14:00:00,2026-09-09 15:00:00,walk,outside|wd,7,"[10, 172, 27, 171, 170, 164, 34]","[10, 172, 27, 171, 170, 164, 34]","[10, 172, 27, 171, 170, 164, 34]",0,0,0,0,0,0,0,0,0,0,36.26373626373626,36.26373626373626,36.26373626373626,0.0009962815777430996,0.0009962815777430996
7,60,인덕원역,2026-09-09 14:00:00,2026-09-09 15:00:00,fare,outside|wd,7,"[10, 27, 34, 172, 171, 170, 164]","[10, 27, 34, 172, 171, 170, 164]","[10, 27, 34, 172, 171, 170, 164]",0,0,0,0,0,0,0,0,0,0,36.26373626373626,36.26373626373626,36.26373626373626,0.0009962815777430996,0.0009962815777430996
7,60,인덕원역,2026-09-09 16:00:00,2026-09-09 17:00:00,walk,outside|wd,7,"[10, 172, 27, 171, 170, 164, 34]","[10, 172, 27, 171, 170, 164, 34]","[10, 172, 27, 171, 170, 164, 34]",0,0,0,0,0,0,0,0,0,0,54.395604395604394,54.395604395604394,54.395604395604394,0.0017793127594387644,0.0017793127594387644
7,60,인덕원역,2026-09-09 16:00:00,2026-09-09 17:00:00,fare,outside|wd,7,"[10, 27, 34, 172, 171, 170, 164]","[10, 27, 34, 172, 171, 170, 164]","[10, 27, 34, 172, 171, 170, 164]",0,0,0,0,0,0,0,0,0,0,54.395604395604394,54.395604395604394,54.395604395604394,0.0017793127594387644,0.0017793127594387644
7,120,안양시청,2026-09-09 10:00:00,2026-09-09 12:00:00,walk,operating|wd,5,"[106, 16, 31, 161, 165]","[16, 31, 161, 165, 106]","[16, 31, 161, 165, 106]",1,1,0,0,0,0,0,0,1,-500,58.8235294117647,10.592686002522068,10.592686002522068,0.8116327824999416,0.00017156036765610404
7,120,안양시청,2026-09-09 10:00:00,2026-09-09 12:00:00,fare,operating|wd,5,"[16, 106, 31, 161, 165]","[16, 31, 161, 165, 106]","[16, 31, 161, 165, 106]",1,0,0,0,0,0,0,0,0,0,10.592686002522068,10.592686002522068,10.592686002522068,0.00017156036765610404,0.00017156036765610404
7,120,안양시청,2026-09-09 12:00:00,2026-09-09 14:00:00,walk,operating|wd,5,"[106, 16, 31, 161, 165]","[106, 16, 31, 161, 165]","[106, 16, 31, 161, 165]",0,0,0,0,0,0,0,0,0,0,85.29411764705883,85.29411764705883,85.29411764705883,0.014035980205366049,0.014035980205366049
7,120,안양시청,2026-09-09 12:00:00,2026-09-09 14:00:00,fare,operating|wd,5,"[16, 106, 31, 161, 165]","[16, 106, 31, 161, 165]","[16, 106, 31, 161, 165]",0,0,0,0,0,0,0,0,0,0,7.944514501891551,7.944514501891551,7.944514501891551,0.00016543302953323232,0.00016543302953323232
7,120,안양시청,2026-09-09 14:00:00,2026-09-09 16:00:00,walk,operating|wd,5,"[106, 16, 31, 161, 165]","[106, 16, 31, 161, 165]","[106, 16, 31, 161, 165]",0,0,0,0,0,0,0,0,0,0,76.47058823529412,76.47058823529412,76.47058823529412,0.18096855207422413,0.18096855207422413
7,120,안양시청,2026-09-09 14:00:00,2026-09-09 16:00:00,fare,operating|wd,5,"[16, 106, 31, 161, 165]","[16, 106, 31, 161, 165]","[16, 106, 31, 161, 165]",0,0,0,0,0,0,0,0,0,0,13.745271122320302,13.745271122320302,13.745271122320302,0.000156281695419675,0.000156281695419675
7,120,석수역,2026-09-09 06:00:00,2026-09-09 08:00:00,walk,outside|wd,5,"[108, 25, 12, 13, 24]","[25, 12, 13, 24, 108]","[25, 12, 13, 24, 108]",1,1,1,0,0,1,0,1,21,0,100.0,50.0,50.0,0.9113302039469406,0.0003130575340213949
7,120,석수역,2026-09-09 06:00:00,2026-09-09 08:00:00,fare,outside|wd,5,"[108, 25, 13, 24, 12]","[25, 13, 24, 12, 108]","[25, 13, 24, 12, 108]",1,1,1,0,0,1,0,1,21,0,100.0,50.0,50.0,0.9113302039469406,0.0003130575340213949
7,120,석수역,2026-09-09 08:00:00,2026-09-09 10:00:00,walk,operating|wd,5,"[108, 25, 12, 13, 24]","[108, 25, 12, 13, 24]","[25, 12, 13, 24, 108]",0,0,0,0,0,0,0,0,0,0,44.53781512605042,44.53781512605042,26.271186440677965,0.13969076115237086,0.13969076115237086
7,120,석수역,2026-09-09 08:00:00,2026-09-09 10:00:00,fare,operating|wd,5,"[108, 25, 12, 13, 24]","[108, 25, 12, 13, 24]","[25, 12, 13, 24, 108]",0,0,0,0,0,0,0,0,0,0,44.53781512605042,44.53781512605042,26.271186440677965,0.13969076115237086,0.13969076115237086
7,120,석수역,2026-09-09 10:00:00,2026-09-09 12:00:00,walk,operating|wd,5,"[108, 25, 12, 13, 24]","[108, 25, 12, 13, 24]","[108, 25, 12, 13, 24]",0,0,0,0,0,0,0,0,0,0,43.69747899159664,43.69747899159664,43.69747899159664,0.003228571632488297,0.003228571632488297
7,120,석수역,2026-09-09 10:00:00,2026-09-09 12:00:00,fare,operating|wd,5,"[108, 25, 12, 13, 24]","[108, 25, 12, 13, 24]","[108, 25, 12, 13, 24]",0,0,0,0,0,0,0,0,0,0,43.69747899159664,43.69747899159664,43.69747899159664,0.003228571632488297,0.003228571632488297
7,120,석수역,2026-09-09 12:00:00,2026-09-09 14:00:00,walk,operating|wd,5,"[108, 25, 12, 13, 24]","[108, 25, 12, 13, 24]","[108, 25, 12, 13, 24]",0,0,0,0,0,0,0,0,0,0,37.81512605042017,37.81512605042017,37.81512605042017,0.00442179727348908,0.00442179727348908
7,120,석수역,2026-09-09 12:00:00,2026-09-09 14:00:00,fare,operating|wd,5,"[108, 25, 12, 13, 24]","[108, 25, 12, 13, 24]","[108, 25, 12, 13, 24]",0,0,0,0,0,0,0,0,0,0,37.81512605042017,37.81512605042017,37.81512605042017,0.00442179727348908,0.00442179727348908
7,120,석수역,2026-09-09 14:00:00,2026-09-09 16:00:00,walk,operating|wd,5,"[108, 25, 12, 13, 24]","[108, 25, 12, 13, 24]","[108, 25, 12, 13, 24]",0,0,0,0,0,0,0,0,0,0,42.857142857142854,42.857142857142854,42.857142857142854,0.006588603002580208,0.006588603002580208
7,120,석수역,2026-09-09 14:00:00,2026-09-09 16:00:00,fare,operating|wd,5,"[108, 25, 12, 13, 24]","[108, 25, 12, 13, 24]","[108, 25, 12, 13, 24]",0,0,0,0,0,0,0,0,0,0,42.857142857142854,42.857142857142854,42.857142857142854,0.006588603002580208,0.006588603002580208
7,120,석수역,2026-09-09 16:00:00,2026-09-09 18:00:00,walk,outside|wd,5,"[108, 25, 12, 13, 24]","[25, 12, 13, 24, 108]","[108, 25, 12, 13, 24]",1,1,1,0,1,1,0,1,21,0,91.59663865546219,0.0,91.59663865546219,0.6214542904310314,0.00020739708179328832
7,120,석수역,2026-09-09 16:00:00,2026-09-09 18:00:00,fare,outside|wd,5,"[108, 25, 13, 24, 12]","[25, 13, 24, 12, 108]","[108, 25, 13, 24, 12]",1,1,1,0,1,1,0,1,21,0,91.59663865546219,0.0,91.59663865546219,0.6214542904310314,0.00020739708179328832
7,120,석수역,2026-09-09 18:00:00,2026-09-09 20:00:00,walk,outside|wd,5,"[108, 25, 12, 13, 24]","[25, 12, 13, 24, 108]","[25, 12, 13, 24, 108]",1,1,1,0,0,1,0,1,21,0,91.59663865546219,1.694915254237288,1.694915254237288,0.9478247324714808,0.00016392595903033603
7,120,석수역,2026-09-09 18:00:00,2026-09-09 20:00:00,fare,outside|wd,5,"[108, 25, 13, 24, 12]","[25, 13, 24, 12, 108]","[25, 13, 24, 12, 108]",1,1,1,0,0,1,0,1,21,0,91.59663865546219,1.694915254237288,1.694915254237288,0.9478247324714808,0.00016392595903033603
7,120,석수역,2026-09-09 20:00:00,2026-09-09 22:00:00,walk,outside|wd,5,"[108, 25, 12, 13, 24]","[25, 12, 13, 24, 108]","[25, 12, 13, 24, 108]",1,1,1,0,0,1,0,1,21,0,92.43697478991596,54.23728813559322,54.23728813559322,0.9376472378149475,0.00024057212528405246
7,120,석수역,2026-09-09 20:00:00,2026-09-09 22:00:00,fare,outside|wd,5,"[108, 25, 13, 24, 12]","[25, 13, 24, 12, 108]","[25, 13, 24, 12, 108]",1,1,1,0,0,1,0,1,21,0,92.43697478991596,54.23728813559322,54.23728813559322,0.9376472378149475,0.00024057212528405246
7,120,범계역,2026-09-09 12:00:00,2026-09-09 14:00:00,walk,operating|wd,26,"[106, 16, 81, 241, 56, 261, 262, 30, 401, 183, 39, 182, 31, 161, 201, 42, 23, 165, 461, 166, 82, 40, 162, 521, 167, 163]","[106, 16, 81, 241, 56, 261, 262, 30, 401, 183, 39, 182, 31, 161, 201, 42, 23, 165, 461, 166, 82, 40, 162, 521, 167, 163]","[106, 16, 81, 241, 56, 261, 262, 30, 401, 183, 39, 182, 31, 161, 201, 42, 23, 165, 461, 166, 82, 40, 162, 521, 167, 163]",0,0,0,0,0,0,0,0,0,0,85.29411764705883,85.29411764705883,85.29411764705883,0.014035980205366049,0.014035980205366049
7,120,범계역,2026-09-09 12:00:00,2026-09-09 14:00:00,fare,operating|wd,26,"[16, 30, 401, 201, 42, 82, 521, 106, 81, 241, 56, 261, 262, 183, 39, 182, 31, 23, 461, 40, 161, 165, 166, 162, 167, 163]","[16, 30, 401, 201, 42, 82, 521, 106, 81, 241, 56, 261, 262, 183, 39, 182, 31, 23, 461, 40, 161, 165, 166, 162, 167, 163]","[16, 30, 401, 201, 42, 82, 521, 106, 81, 241, 56, 261, 262, 183, 39, 182, 31, 23, 461, 40, 161, 165, 166, 162, 167, 163]",0,0,0,0,0,0,0,0,0,0,7.944514501891551,7.944514501891551,7.944514501891551,0.00016543302953323232,0.00016543302953323232
7,120,안양역,2026-09-09 10:00:00,2026-09-09 12:00:00,walk,operating|wd,11,"[48, 112, 53, 11, 52, 7, 8, 38, 29, 18, 28]","[48, 112, 53, 11, 52, 7, 8, 38, 29, 18, 28]","[112, 11, 7, 8, 38, 29, 18, 28, 48, 53, 52]",0,0,0,0,0,0,0,0,0,0,58.333333333333336,58.333333333333336,34.666666666666664,0.007441094297935358,0.007441094297935358
7,120,안양역,2026-09-09 10:00:00,2026-09-09 12:00:00,fare,operating|wd,11,"[18, 8, 38, 28, 48, 112, 53, 11, 52, 7, 29]","[18, 8, 38, 28, 48, 112, 53, 11, 52, 7, 29]","[18, 8, 38, 28, 112, 11, 7, 29, 48, 53, 52]",0,0,0,0,0,0,0,0,0,0,35.714285714285715,35.714285714285715,35.714285714285715,0.00016731872769462804,0.00016731872769462804
7,120,안양역,2026-09-09 12:00:00,2026-09-09 14:00:00,walk,operating|wd,11,"[48, 112, 53, 11, 52, 7, 8, 38, 29, 18, 28]","[48, 112, 53, 11, 52, 7, 8, 38, 29, 18, 28]","[48, 112, 53, 11, 52, 7, 8, 38, 29, 18, 28]",0,0,0,0,0,0,0,0,0,0,41.666666666666664,41.666666666666664,41.666666666666664,0.0013713208239306803,0.0013713208239306803
7,120,안양역,2026-09-09 12:00:00,2026-09-09 14:00:00,fare,operating|wd,11,"[18, 8, 38, 28, 48, 112, 53, 11, 52, 7, 29]","[18, 8, 38, 28, 48, 112, 53, 11, 52, 7, 29]","[18, 8, 38, 28, 48, 112, 53, 11, 52, 7, 29]",0,0,0,0,0,0,0,0,0,0,30.357142857142858,30.357142857142858,30.357142857142858,0.00015753093624723056,0.00015753093624723056
7,120,평촌역,2026-09-09 12:00:00,2026-09-09 14:00:00,walk,operating|wd,25,"[16, 31, 106, 162, 166, 241, 163, 161, 167, 164, 37, 172, 168, 169, 27, 165, 261, 170, 262, 56, 171, 10, 21, 81, 34]","[16, 31, 106, 162, 166, 241, 163, 161, 167, 164, 37, 172, 168, 169, 27, 165, 261, 170, 262, 56, 171, 10, 21, 81, 34]","[16, 31, 106, 162, 166, 241, 163, 161, 167, 164, 37, 172, 168, 169, 27, 165, 261, 170, 262, 56, 171, 10, 21, 81, 34]",0,0,0,0,0,0,0,0,0,0,7.944514501891551,7.944514501891551,7.944514501891551,0.00016543302953323232,0.00016543302953323232
7,120,평촌역,2026-09-09 12:00:00,2026-09-09 14:00:00,fare,outside|wd,25,"[10, 16, 37, 27, 21, 34, 31, 106, 241, 172, 261, 262, 56, 81, 162, 166, 163, 161, 167, 164, 168, 169, 165, 170, 171]","[10, 16, 37, 27, 21, 34, 31, 106, 241, 172, 261, 262, 56, 81, 162, 166, 163, 161, 167, 164, 168, 169, 165, 170, 171]","[10, 16, 37, 27, 21, 34, 31, 106, 241, 172, 261, 262, 56, 81, 162, 166, 163, 161, 167, 164, 168, 169, 165, 170, 171]",0,0,0,0,0,0,0,0,0,0,38.46153846153846,38.46153846153846,38.46153846153846,0.0011100053133527943,0.0011100053133527943
7,120,평촌역,2026-09-09 14:00:00,2026-09-09 16:00:00,walk,operating|wd,25,"[16, 31, 106, 162, 166, 241, 163, 161, 167, 164, 37, 172, 168, 169, 27, 165, 261, 170, 262, 56, 171, 10, 21, 81, 34]","[16, 31, 106, 162, 166, 241, 163, 161, 167, 164, 37, 172, 168, 169, 27, 165, 261, 170, 262, 56, 171, 10, 21, 81, 34]","[16, 31, 106, 162, 166, 241, 163, 161, 167, 164, 37, 172, 168, 169, 27, 165, 261, 170, 262, 56, 171, 10, 21, 81, 34]",0,0,0,0,0,0,0,0,0,0,13.745271122320302,13.745271122320302,13.745271122320302,0.000156281695419675,0.000156281695419675
7,120,평촌역,2026-09-09 14:00:00,2026-09-09 16:00:00,fare,outside|wd,25,"[10, 16, 37, 27, 21, 34, 31, 106, 241, 172, 261, 262, 56, 81, 162, 166, 163, 161, 167, 164, 168, 169, 165, 170, 171]","[10, 16, 37, 27, 21, 34, 31, 106, 241, 172, 261, 262, 56, 81, 162, 166, 163, 161, 167, 164, 168, 169, 165, 170, 171]","[10, 16, 37, 27, 21, 34, 31, 106, 241, 172, 261, 262, 56, 81, 162, 166, 163, 161, 167, 164, 168, 169, 165, 170, 171]",0,0,0,0,0,0,0,0,0,0,42.30769230769231,42.30769230769231,42.30769230769231,0.0018790120576536247,0.0018790120576536247
7,120,인덕원역,2026-09-09 10:00:00,2026-09-09 12:00:00,walk,outside|wd,7,"[10, 172, 27, 171, 170, 164, 34]","[10, 172, 27, 171, 170, 164, 34]","[10, 172, 27, 171, 170, 164, 34]",0,0,0,0,0,0,0,0,0,0,51.64835164835165,51.64835164835165,51.64835164835165,0.0024625857432629093,0.0024625857432629093
7,120,인덕원역,2026-09-09 10:00:00,2026-09-09 12:00:00,fare,outside|wd,7,"[10, 27, 34, 172, 171, 170, 164]","[10, 27, 34, 172, 171, 170, 164]","[10, 27, 34, 172, 171, 170, 164]",0,0,0,0,0,0,0,0,0,0,51.64835164835165,51.64835164835165,51.64835164835165,0.0024625857432629093,0.0024625857432629093
7,120,인덕원역,2026-09-09 12:00:00,2026-09-09 14:00:00,walk,outside|wd,7,"[10, 172, 27, 171, 170, 164, 34]","[10, 172, 27, 171, 170, 164, 34]","[10, 172, 27, 171, 170, 164, 34]",0,0,0,0,0,0,0,0,0,0,38.46153846153846,38.46153846153846,38.46153846153846,0.0011100053133527943,0.0011100053133527943
7,120,인덕원역,2026-09-09 12:00:00,2026-09-09 14:00:00,fare,outside|wd,7,"[10, 27, 34, 172, 171, 170, 164]","[10, 27, 34, 172, 171, 170, 164]","[10, 27, 34, 172, 171, 170, 164]",0,0,0,0,0,0,0,0,0,0,38.46153846153846,38.46153846153846,38.46153846153846,0.0011100053133527943,0.0011100053133527943
7,120,인덕원역,2026-09-09 14:00:00,2026-09-09 16:00:00,walk,outside|wd,7,"[10, 172, 27, 171, 170, 164, 34]","[10, 172, 27, 171, 170, 164, 34]","[10, 172, 27, 171, 170, 164, 34]",0,0,0,0,0,0,0,0,0,0,42.30769230769231,42.30769230769231,42.30769230769231,0.0018790120576536247,0.0018790120576536247
7,120,인덕원역,2026-09-09 14:00:00,2026-09-09 16:00:00,fare,outside|wd,7,"[10, 27, 34, 172, 171, 170, 164]","[10, 27, 34, 172, 171, 170, 164]","[10, 27, 34, 172, 171, 170, 164]",0,0,0,0,0,0,0,0,0,0,42.30769230769231,42.30769230769231,42.30769230769231,0.0018790120576536247,0.0018790120576536247
7,240,안양시청,2026-09-09 10:00:00,2026-09-09 14:00:00,walk,operating|wd,5,"[106, 16, 31, 161, 165]","[16, 31, 161, 165, 106]","[16, 31, 161, 165, 106]",1,1,0,0,0,0,0,0,1,-500,85.29411764705883,7.944514501891551,7.944514501891551,0.833086078502029,0.0004972827724836606
7,240,안양시청,2026-09-09 10:00:00,2026-09-09 14:00:00,fare,operating|wd,5,"[16, 106, 31, 161, 165]","[16, 31, 161, 165, 106]","[16, 31, 161, 165, 106]",1,0,0,0,0,0,0,0,0,0,7.944514501891551,7.944514501891551,7.944514501891551,0.0004972827724836606,0.0004972827724836606
7,240,안양시청,2026-09-09 12:00:00,2026-09-09 16:00:00,walk,operating|wd,5,"[106, 16, 31, 161, 165]","[106, 16, 31, 161, 165]","[106, 16, 31, 161, 165]",0,0,0,0,0,0,0,0,0,0,76.47058823529412,76.47058823529412,76.47058823529412,0.09417398328606358,0.09417398328606358
7,240,안양시청,2026-09-09 12:00:00,2026-09-09 16:00:00,fare,operating|wd,5,"[16, 106, 31, 161, 165]","[16, 106, 31, 161, 165]","[16, 106, 31, 161, 165]",0,0,0,0,0,0,0,0,0,0,13.745271122320302,13.745271122320302,13.745271122320302,0.0005544406492974362,0.0005544406492974362
7,240,석수역,2026-09-09 06:00:00,2026-09-09 10:00:00,walk,operating|wd,5,"[108, 25, 12, 13, 24]","[108, 25, 12, 13, 24]","[25, 12, 13, 24, 108]",0,0,0,0,0,0,0,0,0,0,44.53781512605042,44.53781512605042,26.271186440677965,0.015690191974542946,0.015690191974542946
7,240,석수역,2026-09-09 06:00:00,2026-09-09 10:00:00,fare,operating|wd,5,"[108, 25, 12, 13, 24]","[108, 25, 12, 13, 24]","[25, 12, 13, 24, 108]",0,0,0,0,0,0,0,0,0,0,44.53781512605042,44.53781512605042,26.271186440677965,0.015690191974542946,0.015690191974542946
7,240,석수역,2026-09-09 08:00:00,2026-09-09 12:00:00,walk,operating|wd,5,"[108, 25, 12, 13, 24]","[108, 25, 12, 13, 24]","[25, 12, 13, 24, 108]",0,0,0,0,0,0,0,0,0,0,43.69747899159664,43.69747899159664,24.576271186440678,0.01761888931788482,0.01761888931788482
7,240,석수역,2026-09-09 08:00:00,2026-09-09 12:00:00,fare,operating|wd,5,"[108, 25, 12, 13, 24]","[108, 25, 12, 13, 24]","[25, 12, 13, 24, 108]",0,0,0,0,0,0,0,0,0,0,43.69747899159664,43.69747899159664,24.576271186440678,0.01761888931788482,0.01761888931788482
7,240,석수역,2026-09-09 10:00:00,2026-09-09 14:00:00,walk,operating|wd,5,"[108, 25, 12, 13, 24]","[108, 25, 12, 13, 24]","[108, 25, 12, 13, 24]",0,0,0,0,0,0,0,0,0,0,37.81512605042017,37.81512605042017,37.81512605042017,0.013166327254559922,0.013166327254559922
7,240,석수역,2026-09-09 10:00:00,2026-09-09 14:00:00,fare,operating|wd,5,"[108, 25, 12, 13, 24]","[108, 25, 12, 13, 24]","[108, 25, 12, 13, 24]",0,0,0,0,0,0,0,0,0,0,37.81512605042017,37.81512605042017,37.81512605042017,0.013166327254559922,0.013166327254559922
7,240,석수역,2026-09-09 12:00:00,2026-09-09 16:00:00,walk,operating|wd,5,"[108, 25, 12, 13, 24]","[108, 25, 12, 13, 24]","[108, 25, 12, 13, 24]",0,0,0,0,0,0,0,0,0,0,42.857142857142854,42.857142857142854,42.857142857142854,0.022946976359584814,0.022946976359584814
7,240,석수역,2026-09-09 12:00:00,2026-09-09 16:00:00,fare,operating|wd,5,"[108, 25, 12, 13, 24]","[108, 25, 12, 13, 24]","[108, 25, 12, 13, 24]",0,0,0,0,0,0,0,0,0,0,42.857142857142854,42.857142857142854,42.857142857142854,0.022946976359584814,0.022946976359584814
7,240,석수역,2026-09-09 14:00:00,2026-09-09 18:00:00,walk,outside|wd,5,"[108, 25, 12, 13, 24]","[108, 25, 12, 13, 24]","[108, 25, 12, 13, 24]",0,0,1,1,1,0,0,0,0,0,91.59663865546219,91.59663865546219,91.59663865546219,0.48013113124045437,0.48013113124045437
7,240,석수역,2026-09-09 14:00:00,2026-09-09 18:00:00,fare,outside|wd,5,"[108, 25, 13, 24, 12]","[108, 25, 13, 24, 12]","[108, 25, 13, 24, 12]",0,0,1,1,1,0,0,0,0,0,91.59663865546219,91.59663865546219,91.59663865546219,0.48013113124045437,0.48013113124045437
7,240,석수역,2026-09-09 16:00:00,2026-09-09 20:00:00,walk,outside|wd,5,"[108, 25, 12, 13, 24]","[25, 12, 13, 24, 108]","[108, 25, 12, 13, 24]",1,1,1,0,1,1,0,1,21,0,91.59663865546219,1.694915254237288,91.59663865546219,0.5324935048788874,0.0006542016573203169
7,240,석수역,2026-09-09 16:00:00,2026-09-09 20:00:00,fare,outside|wd,5,"[108, 25, 13, 24, 12]","[25, 13, 24, 12, 108]","[108, 25, 13, 24, 12]",1,1,1,0,1,1,0,1,21,0,91.59663865546219,1.694915254237288,91.59663865546219,0.5324935048788874,0.0006542016573203169
7,240,석수역,2026-09-09 18:00:00,2026-09-09 22:00:00,walk,outside|wd,5,"[108, 25, 12, 13, 24]","[25, 12, 13, 24, 108]","[25, 12, 13, 24, 108]",1,1,1,0,0,1,0,1,21,0,92.43697478991596,54.23728813559322,54.23728813559322,0.7002365417133775,0.0007293099364184349
7,240,석수역,2026-09-09 18:00:00,2026-09-09 22:00:00,fare,outside|wd,5,"[108, 25, 13, 24, 12]","[25, 13, 24, 12, 108]","[25, 13, 24, 12, 108]",1,1,1,0,0,1,0,1,21,0,92.43697478991596,54.23728813559322,54.23728813559322,0.7002365417133775,0.0007293099364184349
7,240,안양역,2026-09-09 10:00:00,2026-09-09 14:00:00,walk,operating|wd,11,"[48, 112, 53, 11, 52, 7, 8, 38, 29, 18, 28]","[48, 112, 53, 11, 52, 7, 8, 38, 29, 18, 28]","[112, 11, 7, 8, 38, 29, 18, 28, 48, 53, 52]",0,0,0,0,0,0,0,0,0,0,41.666666666666664,41.666666666666664,12.0,0.0042619929595239334,0.0042619929595239334
7,240,안양역,2026-09-09 10:00:00,2026-09-09 14:00:00,fare,operating|wd,11,"[18, 8, 38, 28, 48, 112, 53, 11, 52, 7, 29]","[18, 8, 38, 28, 48, 112, 53, 11, 52, 7, 29]","[18, 8, 38, 28, 112, 11, 7, 29, 48, 53, 52]",0,0,0,0,0,0,0,0,0,0,30.357142857142858,30.357142857142858,30.357142857142858,0.0006235562267082147,0.0006235562267082147
7,240,평촌역,2026-09-09 12:00:00,2026-09-09 16:00:00,walk,operating|wd,25,"[16, 31, 106, 162, 166, 241, 163, 161, 167, 164, 37, 172, 168, 169, 27, 165, 261, 170, 262, 56, 171, 10, 21, 81, 34]","[16, 31, 106, 162, 166, 241, 163, 161, 167, 164, 37, 172, 168, 169, 27, 165, 261, 170, 262, 56, 171, 10, 21, 81, 34]","[16, 31, 106, 162, 166, 241, 163, 161, 167, 164, 37, 172, 168, 169, 27, 165, 261, 170, 262, 56, 171, 10, 21, 81, 34]",0,0,0,0,0,0,0,0,0,0,13.745271122320302,13.745271122320302,13.745271122320302,0.0005544406492974362,0.0005544406492974362
7,240,평촌역,2026-09-09 12:00:00,2026-09-09 16:00:00,fare,outside|wd,25,"[10, 16, 37, 27, 21, 34, 31, 106, 241, 172, 261, 262, 56, 81, 162, 166, 163, 161, 167, 164, 168, 169, 165, 170, 171]","[10, 16, 37, 27, 21, 34, 31, 106, 241, 172, 261, 262, 56, 81, 162, 166, 163, 161, 167, 164, 168, 169, 165, 170, 171]","[10, 16, 37, 27, 21, 34, 31, 106, 241, 172, 261, 262, 56, 81, 162, 166, 163, 161, 167, 164, 168, 169, 165, 170, 171]",0,0,0,0,0,0,0,0,0,0,42.30769230769231,42.30769230769231,42.30769230769231,0.003230092708673772,0.003230092708673772
7,240,인덕원역,2026-09-09 10:00:00,2026-09-09 14:00:00,walk,outside|wd,7,"[10, 172, 27, 171, 170, 164, 34]","[10, 172, 27, 171, 170, 164, 34]","[10, 172, 27, 171, 170, 164, 34]",0,0,0,0,0,0,0,0,0,0,38.46153846153846,38.46153846153846,38.46153846153846,0.002508531313906808,0.002508531313906808
7,240,인덕원역,2026-09-09 10:00:00,2026-09-09 14:00:00,fare,outside|wd,7,"[10, 27, 34, 172, 171, 170, 164]","[10, 27, 34, 172, 171, 170, 164]","[10, 27, 34, 172, 171, 170, 164]",0,0,0,0,0,0,0,0,0,0,38.46153846153846,38.46153846153846,38.46153846153846,0.002508531313906808,0.002508531313906808
7,240,인덕원역,2026-09-09 12:00:00,2026-09-09 16:00:00,walk,outside|wd,7,"[10, 172, 27, 171, 170, 164, 34]","[10, 172, 27, 171, 170, 164, 34]","[10, 172, 27, 171, 170, 164, 34]",0,0,0,0,0,0,0,0,0,0,42.30769230769231,42.30769230769231,42.30769230769231,0.003230092708673772,0.003230092708673772
7,240,인덕원역,2026-09-09 12:00:00,2026-09-09 16:00:00,fare,outside|wd,7,"[10, 27, 34, 172, 171, 170, 164]","[10, 27, 34, 172, 171, 170, 164]","[10, 27, 34, 172, 171, 170, 164]",0,0,0,0,0,0,0,0,0,0,42.30769230769231,42.30769230769231,42.30769230769231,0.003230092708673772,0.003230092708673772
7,360,안양시청,2026-09-09 10:00:00,2026-09-09 16:00:00,walk,operating|wd,5,"[106, 16, 31, 161, 165]","[16, 31, 161, 165, 106]","[16, 31, 161, 165, 106]",1,1,0,0,0,0,0,0,1,-500,76.47058823529412,13.745271122320302,13.745271122320302,0.887611103004014,0.0008088606977041119
7,360,안양시청,2026-09-09 10:00:00,2026-09-09 16:00:00,fare,operating|wd,5,"[16, 106, 31, 161, 165]","[16, 31, 161, 165, 106]","[16, 31, 161, 165, 106]",1,0,0,0,0,0,0,0,0,0,13.745271122320302,13.745271122320302,13.745271122320302,0.0008088606977041119,0.0008088606977041119
7,360,석수역,2026-09-09 06:00:00,2026-09-09 12:00:00,walk,operating|wd,5,"[108, 25, 12, 13, 24]","[108, 25, 12, 13, 24]","[25, 12, 13, 24, 108]",0,0,0,0,0,0,0,0,0,0,43.69747899159664,43.69747899159664,24.576271186440678,0.022384651392288405,0.022384651392288405
7,360,석수역,2026-09-09 06:00:00,2026-09-09 12:00:00,fare,operating|wd,5,"[108, 25, 12, 13, 24]","[108, 25, 12, 13, 24]","[25, 12, 13, 24, 108]",0,0,0,0,0,0,0,0,0,0,43.69747899159664,43.69747899159664,24.576271186440678,0.022384651392288405,0.022384651392288405
7,360,석수역,2026-09-09 08:00:00,2026-09-09 14:00:00,walk,operating|wd,5,"[108, 25, 12, 13, 24]","[108, 25, 12, 13, 24]","[25, 12, 13, 24, 108]",0,0,0,0,0,0,0,0,0,0,37.81512605042017,37.81512605042017,20.338983050847457,0.02933415268529799,0.02933415268529799
7,360,석수역,2026-09-09 08:00:00,2026-09-09 14:00:00,fare,operating|wd,5,"[108, 25, 12, 13, 24]","[108, 25, 12, 13, 24]","[25, 12, 13, 24, 108]",0,0,0,0,0,0,0,0,0,0,37.81512605042017,37.81512605042017,20.338983050847457,0.02933415268529799,0.02933415268529799
7,360,석수역,2026-09-09 10:00:00,2026-09-09 16:00:00,walk,operating|wd,5,"[108, 25, 12, 13, 24]","[108, 25, 12, 13, 24]","[108, 25, 12, 13, 24]",0,0,0,0,0,0,0,0,0,0,42.857142857142854,42.857142857142854,42.857142857142854,0.030234766626357837,0.030234766626357837
7,360,석수역,2026-09-09 10:00:00,2026-09-09 16:00:00,fare,operating|wd,5,"[108, 25, 12, 13, 24]","[108, 25, 12, 13, 24]","[108, 25, 12, 13, 24]",0,0,0,0,0,0,0,0,0,0,42.857142857142854,42.857142857142854,42.857142857142854,0.030234766626357837,0.030234766626357837
7,360,석수역,2026-09-09 12:00:00,2026-09-09 18:00:00,walk,outside|wd,5,"[108, 25, 12, 13, 24]","[25, 12, 13, 24, 108]","[108, 25, 12, 13, 24]",1,1,1,0,1,1,0,1,21,0,91.59663865546219,0.0,91.59663865546219,0.6553380278956952,0.0007306011876093283
7,360,석수역,2026-09-09 12:00:00,2026-09-09 18:00:00,fare,outside|wd,5,"[108, 25, 13, 24, 12]","[25, 13, 24, 12, 108]","[108, 25, 13, 24, 12]",1,1,1,0,1,1,0,1,21,0,91.59663865546219,0.0,91.59663865546219,0.6553380278956952,0.0007306011876093283
7,360,석수역,2026-09-09 14:00:00,2026-09-09 20:00:00,walk,outside|wd,5,"[108, 25, 12, 13, 24]","[108, 25, 12, 13, 24]","[108, 25, 12, 13, 24]",0,0,1,1,1,0,0,0,0,0,91.59663865546219,91.59663865546219,91.59663865546219,0.4307711236624804,0.4307711236624804
7,360,석수역,2026-09-09 14:00:00,2026-09-09 20:00:00,fare,outside|wd,5,"[108, 25, 13, 24, 12]","[108, 25, 13, 24, 12]","[108, 25, 13, 24, 12]",0,0,1,1,1,0,0,0,0,0,91.59663865546219,91.59663865546219,91.59663865546219,0.4307711236624804,0.4307711236624804
7,360,석수역,2026-09-09 16:00:00,2026-09-09 22:00:00,walk,outside|wd,5,"[108, 25, 12, 13, 24]","[25, 12, 13, 24, 108]","[108, 25, 12, 13, 24]",1,1,1,0,1,1,0,1,21,0,92.43697478991596,54.23728813559322,92.43697478991596,0.5244048040806383,0.0013426120773990294
7,360,석수역,2026-09-09 16:00:00,2026-09-09 22:00:00,fare,outside|wd,5,"[108, 25, 13, 24, 12]","[25, 13, 24, 12, 108]","[108, 25, 13, 24, 12]",1,1,1,0,1,1,0,1,21,0,92.43697478991596,54.23728813559322,92.43697478991596,0.5244048040806383,0.0013426120773990294
7,360,인덕원역,2026-09-09 10:00:00,2026-09-09 16:00:00,walk,outside|wd,7,"[10, 172, 27, 171, 170, 164, 34]","[10, 172, 27, 171, 170, 164, 34]","[10, 172, 27, 171, 170, 164, 34]",0,0,0,0,0,0,0,0,0,0,42.30769230769231,42.30769230769231,42.30769230769231,0.005407732270309149,0.005407732270309149
7,360,인덕원역,2026-09-09 10:00:00,2026-09-09 16:00:00,fare,outside|wd,7,"[10, 27, 34, 172, 171, 170, 164]","[10, 27, 34, 172, 171, 170, 164]","[10, 27, 34, 172, 171, 170, 164]",0,0,0,0,0,0,0,0,0,0,42.30769230769231,42.30769230769231,42.30769230769231,0.005407732270309149,0.005407732270309149
8,15,안양시청,2026-09-10 12:00:00,2026-09-10 12:15:00,walk,operating|wd,5,"[106, 16, 31, 161, 165]","[106, 16, 31, 161, 165]","[106, 16, 31, 161, 165]",0,0,0,0,0,0,0,0,0,0,58.8235294117647,58.8235294117647,58.8235294117647,0.000474792854461943,0.000474792854461943
8,15,안양시청,2026-09-10 12:00:00,2026-09-10 12:15:00,fare,operating|wd,5,"[16, 106, 31, 161, 165]","[16, 106, 31, 161, 165]","[16, 106, 31, 161, 165]",0,0,0,0,0,0,0,0,0,0,9.205548549810844,9.205548549810844,9.205548549810844,5.616162685585449e-05,5.616162685585449e-05
8,15,안양시청,2026-09-10 14:00:00,2026-09-10 14:15:00,walk,operating|wd,5,"[106, 16, 31, 161, 165]","[106, 16, 31, 161, 165]","[106, 16, 31, 161, 165]",0,0,0,0,0,0,0,0,0,0,61.76470588235294,61.76470588235294,61.76470588235294,0.004245294925113775,0.004245294925113775
8,15,안양시청,2026-09-10 14:00:00,2026-09-10 14:15:00,fare,operating|wd,5,"[16, 106, 31, 161, 165]","[16, 106, 31, 161, 165]","[16, 106, 31, 161, 165]",0,0,0,0,0,0,0,0,0,0,12.862547288776797,12.862547288776797,12.862547288776797,6.0312123040084246e-05,6.0312123040084246e-05
8,15,안양시청,2026-09-10 16:00:00,2026-09-10 16:15:00,walk,operating|wd,5,"[106, 16, 31, 161, 165]","[106, 16, 31, 161, 165]","[106, 16, 31, 161, 165]",0,0,0,0,0,0,0,0,0,0,76.47058823529412,76.47058823529412,76.47058823529412,0.4298710018037146,0.4298710018037146
8,15,안양시청,2026-09-10 16:00:00,2026-09-10 16:15:00,fare,operating|wd,5,"[16, 106, 31, 161, 165]","[16, 106, 31, 161, 165]","[16, 106, 31, 161, 165]",0,0,0,0,0,0,0,0,0,0,18.915510718789406,18.915510718789406,18.915510718789406,6.0312123040084246e-05,6.0312123040084246e-05
8,15,석수역,2026-09-10 06:00:00,2026-09-10 06:15:00,walk,outside|wd,5,"[108, 25, 12, 13, 24]","[25, 12, 13, 24, 108]","[25, 12, 13, 24, 108]",1,1,1,0,0,1,0,1,21,0,99.15966386554622,50.847457627118644,50.847457627118644,0.9970422613175005,0.00014288450881112282
8,15,석수역,2026-09-10 06:00:00,2026-09-10 06:15:00,fare,outside|wd,5,"[108, 25, 13, 24, 12]","[25, 13, 24, 12, 108]","[25, 13, 24, 12, 108]",1,1,1,0,0,1,0,1,21,0,99.15966386554622,50.847457627118644,50.847457627118644,0.9970422613175005,0.00014288450881112282
8,15,석수역,2026-09-10 08:00:00,2026-09-10 08:15:00,walk,outside|wd,5,"[108, 25, 12, 13, 24]","[25, 12, 13, 24, 108]","[25, 12, 13, 24, 108]",1,1,1,0,0,1,0,1,21,0,99.15966386554622,41.52542372881356,41.52542372881356,0.9979908957343308,0.00014372368446961424
8,15,석수역,2026-09-10 08:00:00,2026-09-10 08:15:00,fare,outside|wd,5,"[108, 25, 13, 24, 12]","[25, 13, 24, 12, 108]","[25, 13, 24, 12, 108]",1,1,1,0,0,1,0,1,21,0,99.15966386554622,41.52542372881356,41.52542372881356,0.9979908957343308,0.00014372368446961424
8,15,석수역,2026-09-10 12:00:00,2026-09-10 12:15:00,walk,operating|wd,5,"[108, 25, 12, 13, 24]","[108, 25, 12, 13, 24]","[108, 25, 12, 13, 24]",0,0,0,0,0,0,0,0,0,0,50.42016806722689,50.42016806722689,50.42016806722689,0.0002989262700934982,0.0002989262700934982
8,15,석수역,2026-09-10 12:00:00,2026-09-10 12:15:00,fare,operating|wd,5,"[108, 25, 12, 13, 24]","[108, 25, 12, 13, 24]","[108, 25, 12, 13, 24]",0,0,0,0,0,0,0,0,0,0,50.42016806722689,50.42016806722689,50.42016806722689,0.0002989262700934982,0.0002989262700934982
8,15,석수역,2026-09-10 14:00:00,2026-09-10 14:15:00,walk,operating|wd,5,"[108, 25, 12, 13, 24]","[108, 25, 12, 13, 24]","[108, 25, 12, 13, 24]",0,0,0,0,0,0,0,0,0,0,47.89915966386555,47.89915966386555,47.89915966386555,0.00035973476654845173,0.00035973476654845173
8,15,석수역,2026-09-10 14:00:00,2026-09-10 14:15:00,fare,operating|wd,5,"[108, 25, 12, 13, 24]","[108, 25, 12, 13, 24]","[108, 25, 12, 13, 24]",0,0,0,0,0,0,0,0,0,0,47.89915966386555,47.89915966386555,47.89915966386555,0.00035973476654845173,0.00035973476654845173
8,15,석수역,2026-09-10 16:00:00,2026-09-10 16:15:00,walk,operating|wd,5,"[108, 25, 12, 13, 24]","[108, 25, 12, 13, 24]","[108, 25, 12, 13, 24]",0,0,0,0,0,0,0,0,0,0,56.30252100840336,56.30252100840336,56.30252100840336,0.0009328285119935586,0.0009328285119935586
8,15,석수역,2026-09-10 16:00:00,2026-09-10 16:15:00,fare,operating|wd,5,"[108, 25, 13, 24, 12]","[108, 25, 13, 24, 12]","[108, 25, 13, 24, 12]",0,0,0,0,0,0,0,0,0,0,56.30252100840336,56.30252100840336,56.30252100840336,0.0009328285119935586,0.0009328285119935586
8,15,석수역,2026-09-10 18:00:00,2026-09-10 18:15:00,walk,outside|wd,5,"[108, 25, 12, 13, 24]","[25, 12, 13, 24, 108]","[25, 12, 13, 24, 108]",1,1,1,0,0,1,0,1,21,0,94.11764705882354,5.084745762711864,5.084745762711864,0.9976621250965092,8.736245094655376e-05
8,15,석수역,2026-09-10 18:00:00,2026-09-10 18:15:00,fare,outside|wd,5,"[108, 25, 13, 24, 12]","[25, 13, 24, 12, 108]","[25, 13, 24, 12, 108]",1,1,1,0,0,1,0,1,21,0,94.11764705882354,5.084745762711864,5.084745762711864,0.9976621250965092,8.736245094655376e-05
8,15,석수역,2026-09-10 20:00:00,2026-09-10 20:15:00,walk,outside|wd,5,"[108, 25, 12, 13, 24]","[25, 12, 13, 24, 108]","[25, 12, 13, 24, 108]",1,1,1,0,0,1,0,1,21,0,94.11764705882354,16.10169491525424,16.10169491525424,0.9977613203046366,6.057366586047719e-05
8,15,석수역,2026-09-10 20:00:00,2026-09-10 20:15:00,fare,outside|wd,5,"[108, 25, 13, 24, 12]","[25, 13, 24, 12, 108]","[25, 13, 24, 12, 108]",1,1,1,0,0,1,0,1,21,0,94.11764705882354,16.10169491525424,16.10169491525424,0.9977613203046366,6.057366586047719e-05
8,15,석수역,2026-09-10 22:00:00,2026-09-10 22:15:00,walk,outside|wd,5,"[108, 25, 12, 13, 24]","[25, 12, 13, 24, 108]","[25, 12, 13, 24, 108]",1,1,1,0,0,1,0,1,21,0,94.11764705882354,50.847457627118644,50.847457627118644,0.9979748245730149,0.00016181989154961742
8,15,석수역,2026-09-10 22:00:00,2026-09-10 22:15:00,fare,outside|wd,5,"[108, 25, 13, 24, 12]","[25, 13, 24, 12, 108]","[25, 13, 24, 12, 108]",1,1,1,0,0,1,0,1,21,0,94.11764705882354,50.847457627118644,50.847457627118644,0.9979748245730149,0.00016181989154961742
8,15,범계역,2026-09-10 12:00:00,2026-09-10 12:15:00,walk,operating|wd,26,"[106, 16, 81, 241, 56, 261, 262, 30, 401, 183, 39, 182, 31, 161, 201, 42, 23, 165, 461, 166, 82, 40, 162, 521, 167, 163]","[106, 16, 81, 241, 56, 261, 262, 30, 401, 183, 39, 182, 31, 161, 201, 42, 23, 165, 461, 166, 82, 40, 162, 521, 167, 163]","[106, 16, 81, 241, 56, 261, 262, 30, 401, 183, 39, 182, 31, 161, 201, 42, 23, 165, 461, 166, 82, 40, 162, 521, 167, 163]",0,0,0,0,0,0,0,0,0,0,58.8235294117647,58.8235294117647,58.8235294117647,0.000474792854461943,0.000474792854461943
8,15,범계역,2026-09-10 12:00:00,2026-09-10 12:15:00,fare,operating|wd,26,"[16, 30, 401, 201, 42, 82, 521, 106, 81, 241, 56, 261, 262, 183, 39, 182, 31, 23, 461, 40, 161, 165, 166, 162, 167, 163]","[16, 30, 401, 201, 42, 82, 521, 106, 81, 241, 56, 261, 262, 183, 39, 182, 31, 23, 461, 40, 161, 165, 166, 162, 167, 163]","[16, 30, 401, 201, 42, 82, 521, 106, 81, 241, 56, 261, 262, 183, 39, 182, 31, 23, 461, 40, 161, 165, 166, 162, 167, 163]",0,0,0,0,0,0,0,0,0,0,9.205548549810844,9.205548549810844,9.205548549810844,5.616162685585449e-05,5.616162685585449e-05
8,15,범계역,2026-09-10 14:00:00,2026-09-10 14:15:00,walk,operating|wd,26,"[106, 16, 81, 241, 56, 261, 262, 30, 401, 183, 39, 182, 31, 161, 201, 42, 23, 165, 461, 166, 82, 40, 162, 521, 167, 163]","[106, 16, 81, 241, 56, 261, 262, 30, 401, 183, 39, 182, 31, 161, 201, 42, 23, 165, 461, 166, 82, 40, 162, 521, 167, 163]","[106, 16, 81, 241, 56, 261, 262, 30, 401, 183, 39, 182, 31, 161, 201, 42, 23, 165, 461, 166, 82, 40, 162, 521, 167, 163]",0,0,0,0,0,0,0,0,0,0,61.76470588235294,61.76470588235294,61.76470588235294,0.004245294925113775,0.004245294925113775
8,15,범계역,2026-09-10 14:00:00,2026-09-10 14:15:00,fare,operating|wd,26,"[16, 30, 401, 201, 42, 82, 521, 106, 81, 241, 56, 261, 262, 183, 39, 182, 31, 23, 461, 40, 161, 165, 166, 162, 167, 163]","[16, 30, 401, 201, 42, 82, 521, 106, 81, 241, 56, 261, 262, 183, 39, 182, 31, 23, 461, 40, 161, 165, 166, 162, 167, 163]","[16, 30, 401, 201, 42, 82, 521, 106, 81, 241, 56, 261, 262, 183, 39, 182, 31, 23, 461, 40, 161, 165, 166, 162, 167, 163]",0,0,0,0,0,0,0,0,0,0,12.862547288776797,12.862547288776797,12.862547288776797,6.0312123040084246e-05,6.0312123040084246e-05
8,15,안양역,2026-09-10 12:00:00,2026-09-10 12:15:00,walk,operating|wd,11,"[48, 112, 53, 11, 52, 7, 8, 38, 29, 18, 28]","[48, 112, 53, 11, 52, 7, 8, 38, 29, 18, 28]","[48, 112, 53, 11, 52, 7, 8, 38, 29, 18, 28]",0,0,0,0,0,0,0,0,0,0,20.833333333333332,20.833333333333332,20.833333333333332,0.00012638777087658495,0.00012638777087658495
8,15,안양역,2026-09-10 12:00:00,2026-09-10 12:15:00,fare,operating|wd,11,"[18, 8, 38, 28, 48, 112, 53, 11, 52, 7, 29]","[18, 8, 38, 28, 48, 112, 53, 11, 52, 7, 29]","[18, 8, 38, 28, 48, 112, 53, 11, 52, 7, 29]",0,0,0,0,0,0,0,0,0,0,28.571428571428573,28.571428571428573,28.571428571428573,9.222753754837613e-05,9.222753754837613e-05
8,15,안양역,2026-09-10 14:00:00,2026-09-10 14:15:00,walk,operating|wd,11,"[48, 112, 53, 11, 52, 7, 8, 38, 29, 18, 28]","[48, 112, 53, 11, 52, 7, 8, 38, 29, 18, 28]","[48, 112, 53, 11, 52, 7, 8, 38, 29, 18, 28]",0,0,0,0,0,0,0,0,0,0,41.666666666666664,41.666666666666664,41.666666666666664,7.082192642680245e-05,7.082192642680245e-05
8,15,안양역,2026-09-10 14:00:00,2026-09-10 14:15:00,fare,operating|wd,11,"[18, 8, 38, 28, 48, 112, 53, 11, 52, 7, 29]","[18, 8, 38, 28, 48, 112, 53, 11, 52, 7, 29]","[18, 8, 38, 28, 48, 112, 53, 11, 52, 7, 29]",0,0,0,0,0,0,0,0,0,0,46.42857142857143,46.42857142857143,46.42857142857143,0.00010099846240756687,0.00010099846240756687
8,15,평촌역,2026-09-10 12:00:00,2026-09-10 12:15:00,walk,operating|wd,25,"[16, 31, 106, 162, 166, 241, 163, 161, 167, 164, 37, 172, 168, 169, 27, 165, 261, 170, 262, 56, 171, 10, 21, 81, 34]","[16, 31, 106, 162, 166, 241, 163, 161, 167, 164, 37, 172, 168, 169, 27, 165, 261, 170, 262, 56, 10, 21, 81, 34, 171]","[16, 31, 106, 162, 166, 241, 163, 161, 167, 164, 37, 172, 168, 169, 27, 165, 261, 170, 262, 56, 10, 21, 81, 34, 171]",1,0,0,0,0,0,0,0,0,0,9.205548549810844,9.205548549810844,9.205548549810844,5.616162685585449e-05,5.616162685585449e-05
8,15,평촌역,2026-09-10 12:00:00,2026-09-10 12:15:00,fare,outside|wd,25,"[10, 16, 37, 27, 21, 34, 31, 106, 241, 172, 261, 262, 56, 81, 162, 166, 163, 161, 167, 164, 168, 169, 165, 170, 171]","[10, 16, 37, 27, 21, 34, 31, 106, 241, 172, 261, 262, 56, 81, 162, 166, 163, 161, 167, 164, 168, 169, 165, 170, 171]","[10, 16, 37, 27, 21, 34, 31, 106, 241, 172, 261, 262, 56, 81, 162, 166, 163, 161, 167, 164, 168, 169, 165, 170, 171]",0,0,0,0,0,0,0,0,0,0,59.89010989010989,59.89010989010989,59.89010989010989,0.00018224715257409915,0.00018224715257409915
8,15,평촌역,2026-09-10 14:00:00,2026-09-10 14:15:00,walk,operating|wd,25,"[16, 31, 106, 162, 166, 241, 163, 161, 167, 164, 37, 172, 168, 169, 27, 165, 261, 170, 262, 56, 171, 10, 21, 81, 34]","[16, 31, 106, 162, 166, 241, 163, 161, 167, 164, 37, 172, 168, 169, 27, 165, 261, 170, 262, 56, 10, 21, 81, 34, 171]","[16, 31, 106, 162, 166, 241, 163, 161, 167, 164, 37, 172, 168, 169, 27, 165, 261, 170, 262, 56, 10, 21, 81, 34, 171]",1,0,0,0,0,0,0,0,0,0,12.862547288776797,12.862547288776797,12.862547288776797,6.0312123040084246e-05,6.0312123040084246e-05
8,15,평촌역,2026-09-10 14:00:00,2026-09-10 14:15:00,fare,outside|wd,25,"[10, 16, 37, 27, 21, 34, 31, 106, 241, 172, 261, 262, 56, 81, 162, 166, 163, 161, 167, 164, 168, 169, 165, 170, 171]","[10, 16, 37, 27, 21, 34, 31, 106, 241, 172, 261, 262, 56, 81, 162, 166, 163, 161, 167, 164, 168, 169, 165, 170, 171]","[10, 16, 37, 27, 21, 34, 31, 106, 241, 172, 261, 262, 56, 81, 162, 166, 163, 161, 167, 164, 168, 169, 165, 170, 171]",0,0,0,0,0,0,0,0,0,0,55.494505494505496,55.494505494505496,55.494505494505496,0.00017869341980149766,0.00017869341980149766
8,15,평촌역,2026-09-10 16:00:00,2026-09-10 16:15:00,walk,operating|wd,25,"[16, 31, 106, 162, 166, 241, 163, 161, 167, 164, 37, 172, 168, 169, 27, 165, 261, 170, 262, 56, 171, 10, 21, 81, 34]","[16, 31, 106, 162, 166, 241, 163, 161, 167, 164, 37, 172, 168, 169, 27, 165, 261, 170, 262, 56, 10, 21, 81, 34, 171]","[16, 31, 106, 162, 166, 241, 163, 161, 167, 164, 37, 172, 168, 169, 27, 165, 261, 170, 262, 56, 10, 21, 81, 34, 171]",1,0,0,0,0,0,0,0,0,0,18.915510718789406,18.915510718789406,18.915510718789406,6.0312123040084246e-05,6.0312123040084246e-05
8,15,평촌역,2026-09-10 16:00:00,2026-09-10 16:15:00,fare,outside|wd,25,"[10, 16, 37, 27, 21, 34, 81, 31, 106, 241, 172, 261, 262, 56, 162, 166, 163, 161, 167, 164, 168, 169, 165, 170, 171]","[10, 16, 37, 27, 21, 34, 81, 31, 106, 241, 172, 261, 262, 56, 162, 166, 163, 161, 167, 164, 168, 169, 165, 170, 171]","[10, 16, 37, 27, 21, 34, 81, 31, 106, 241, 172, 261, 262, 56, 162, 166, 163, 161, 167, 164, 168, 169, 165, 170, 171]",0,0,0,0,0,0,0,0,0,0,60.989010989010985,60.989010989010985,60.989010989010985,0.0002487746448615256,0.0002487746448615256
8,15,인덕원역,2026-09-10 12:00:00,2026-09-10 12:15:00,walk,outside|wd,7,"[10, 172, 27, 171, 170, 164, 34]","[10, 172, 27, 170, 164, 34, 171]","[10, 172, 27, 170, 164, 34, 171]",1,0,0,0,0,0,0,0,0,0,59.89010989010989,59.89010989010989,59.89010989010989,0.00018224715257409915,0.00018224715257409915
8,15,인덕원역,2026-09-10 12:00:00,2026-09-10 12:15:00,fare,outside|wd,7,"[10, 27, 34, 172, 171, 170, 164]","[10, 27, 34, 172, 170, 164, 171]","[10, 27, 34, 172, 170, 164, 171]",1,0,0,0,0,0,0,0,0,0,59.89010989010989,59.89010989010989,59.89010989010989,0.00018224715257409915,0.00018224715257409915
8,15,인덕원역,2026-09-10 14:00:00,2026-09-10 14:15:00,walk,outside|wd,7,"[10, 172, 27, 171, 170, 164, 34]","[10, 172, 27, 170, 164, 34, 171]","[10, 172, 27, 170, 164, 34, 171]",1,0,0,0,0,0,0,0,0,0,55.494505494505496,55.494505494505496,55.494505494505496,0.00017869341980149766,0.00017869341980149766
8,15,인덕원역,2026-09-10 14:00:00,2026-09-10 14:15:00,fare,outside|wd,7,"[10, 27, 34, 172, 171, 170, 164]","[10, 27, 34, 172, 170, 164, 171]","[10, 27, 34, 172, 170, 164, 171]",1,0,0,0,0,0,0,0,0,0,55.494505494505496,55.494505494505496,55.494505494505496,0.00017869341980149766,0.00017869341980149766
8,15,인덕원역,2026-09-10 16:00:00,2026-09-10 16:15:00,walk,outside|wd,7,"[10, 172, 27, 171, 170, 164, 34]","[10, 172, 27, 170, 164, 34, 171]","[10, 172, 27, 170, 164, 34, 171]",1,0,0,0,0,0,0,0,0,0,60.989010989010985,60.989010989010985,60.989010989010985,0.0002487746448615256,0.0002487746448615256
8,15,인덕원역,2026-09-10 16:00:00,2026-09-10 16:15:00,fare,outside|wd,7,"[10, 27, 34, 172, 171, 170, 164]","[10, 27, 34, 172, 170, 164, 171]","[10, 27, 34, 172, 170, 164, 171]",1,0,0,0,0,0,0,0,0,0,60.989010989010985,60.989010989010985,60.989010989010985,0.0002487746448615256,0.0002487746448615256
8,30,안양시청,2026-09-10 12:00:00,2026-09-10 12:30:00,walk,operating|wd,5,"[106, 16, 31, 161, 165]","[106, 16, 31, 161, 165]","[106, 16, 31, 161, 165]",0,0,0,0,0,0,0,0,0,0,61.76470588235294,61.76470588235294,61.76470588235294,0.0019171077321588222,0.0019171077321588222
8,30,안양시청,2026-09-10 12:00:00,2026-09-10 12:30:00,fare,operating|wd,5,"[16, 106, 31, 161, 165]","[16, 106, 31, 161, 165]","[16, 106, 31, 161, 165]",0,0,0,0,0,0,0,0,0,0,9.836065573770492,9.836065573770492,9.836065573770492,9.13269670156769e-05,9.13269670156769e-05
8,30,안양시청,2026-09-10 14:00:00,2026-09-10 14:30:00,walk,operating|wd,5,"[106, 16, 31, 161, 165]","[106, 16, 31, 161, 165]","[106, 16, 31, 161, 165]",0,0,0,0,0,0,0,0,0,0,61.76470588235294,61.76470588235294,61.76470588235294,0.007036562997927052,0.007036562997927052
8,30,안양시청,2026-09-10 14:00:00,2026-09-10 14:30:00,fare,operating|wd,5,"[16, 106, 31, 161, 165]","[16, 106, 31, 161, 165]","[16, 106, 31, 161, 165]",0,0,0,0,0,0,0,0,0,0,13.493064312736443,13.493064312736443,13.493064312736443,0.00010203277210298322,0.00010203277210298322
8,30,안양시청,2026-09-10 16:00:00,2026-09-10 16:30:00,walk,operating|wd,5,"[106, 16, 31, 161, 165]","[16, 31, 161, 165, 106]","[106, 16, 31, 161, 165]",1,1,0,0,0,0,0,0,1,-500,76.47058823529412,20.42875157629256,76.47058823529412,0.6256392027808495,0.00010620319658466112
8,30,안양시청,2026-09-10 16:00:00,2026-09-10 16:30:00,fare,operating|wd,5,"[16, 106, 31, 161, 165]","[16, 31, 161, 165, 106]","[16, 106, 31, 161, 165]",1,0,0,0,0,0,0,0,0,0,20.42875157629256,20.42875157629256,20.42875157629256,0.00010620319658466112,0.00010620319658466112
8,30,석수역,2026-09-10 06:00:00,2026-09-10 06:30:00,walk,outside|wd,5,"[108, 25, 12, 13, 24]","[25, 12, 13, 24, 108]","[25, 12, 13, 24, 108]",1,1,1,0,0,1,0,1,21,0,99.15966386554622,51.69491525423729,51.69491525423729,0.9938295975679446,0.0003101495366392724
8,30,석수역,2026-09-10 06:00:00,2026-09-10 06:30:00,fare,outside|wd,5,"[108, 25, 13, 24, 12]","[25, 13, 24, 12, 108]","[25, 13, 24, 12, 108]",1,1,1,0,0,1,0,1,21,0,99.15966386554622,51.69491525423729,51.69491525423729,0.9938295975679446,0.0003101495366392724
8,30,석수역,2026-09-10 08:00:00,2026-09-10 08:30:00,walk,outside|wd,5,"[108, 25, 12, 13, 24]","[25, 12, 13, 24, 108]","[25, 12, 13, 24, 108]",1,1,1,0,0,1,0,1,21,0,99.15966386554622,38.983050847457626,38.983050847457626,0.9921244835967092,0.00036288065527052566
8,30,석수역,2026-09-10 08:00:00,2026-09-10 08:30:00,fare,outside|wd,5,"[108, 25, 13, 24, 12]","[25, 13, 24, 12, 108]","[25, 13, 24, 12, 108]",1,1,1,0,0,1,0,1,21,0,99.15966386554622,38.983050847457626,38.983050847457626,0.9921244835967092,0.00036288065527052566
8,30,석수역,2026-09-10 12:00:00,2026-09-10 12:30:00,walk,operating|wd,5,"[108, 25, 12, 13, 24]","[108, 25, 12, 13, 24]","[108, 25, 12, 13, 24]",0,0,0,0,0,0,0,0,0,0,49.57983193277311,49.57983193277311,49.57983193277311,0.0026930716859255143,0.0026930716859255143
8,30,석수역,2026-09-10 12:00:00,2026-09-10 12:30:00,fare,operating|wd,5,"[108, 25, 12, 13, 24]","[108, 25, 12, 13, 24]","[108, 25, 12, 13, 24]",0,0,0,0,0,0,0,0,0,0,49.57983193277311,49.57983193277311,49.57983193277311,0.0026930716859255143,0.0026930716859255143
8,30,석수역,2026-09-10 14:00:00,2026-09-10 14:30:00,walk,operating|wd,5,"[108, 25, 12, 13, 24]","[108, 25, 12, 13, 24]","[108, 25, 12, 13, 24]",0,0,0,0,0,0,0,0,0,0,46.21848739495798,46.21848739495798,46.21848739495798,0.002598244245653784,0.002598244245653784
8,30,석수역,2026-09-10 14:00:00,2026-09-10 14:30:00,fare,operating|wd,5,"[108, 25, 12, 13, 24]","[108, 25, 12, 13, 24]","[108, 25, 12, 13, 24]",0,0,0,0,0,0,0,0,0,0,46.21848739495798,46.21848739495798,46.21848739495798,0.002598244245653784,0.002598244245653784
8,30,석수역,2026-09-10 16:00:00,2026-09-10 16:30:00,walk,operating|wd,5,"[108, 25, 12, 13, 24]","[108, 25, 12, 13, 24]","[108, 25, 12, 13, 24]",0,0,0,0,0,0,0,0,0,0,63.865546218487395,63.865546218487395,63.865546218487395,0.07072083830946022,0.07072083830946022
8,30,석수역,2026-09-10 16:00:00,2026-09-10 16:30:00,fare,operating|wd,5,"[108, 25, 13, 24, 12]","[108, 25, 13, 24, 12]","[108, 25, 13, 24, 12]",0,0,0,0,0,0,0,0,0,0,63.865546218487395,63.865546218487395,63.865546218487395,0.07072083830946022,0.07072083830946022
8,30,석수역,2026-09-10 18:00:00,2026-09-10 18:30:00,walk,outside|wd,5,"[108, 25, 12, 13, 24]","[25, 12, 13, 24, 108]","[25, 12, 13, 24, 108]",1,1,1,0,0,1,0,1,21,0,94.11764705882354,7.627118644067797,7.627118644067797,0.990023163154872,0.0001365999584190739
8,30,석수역,2026-09-10 18:00:00,2026-09-10 18:30:00,fare,outside|wd,5,"[108, 25, 13, 24, 12]","[25, 13, 24, 12, 108]","[25, 13, 24, 12, 108]",1,1,1,0,0,1,0,1,21,0,94.11764705882354,7.627118644067797,7.627118644067797,0.990023163154872,0.0001365999584190739
8,30,석수역,2026-09-10 20:00:00,2026-09-10 20:30:00,walk,outside|wd,5,"[108, 25, 12, 13, 24]","[25, 12, 13, 24, 108]","[25, 12, 13, 24, 108]",1,1,1,0,0,1,0,1,21,0,94.11764705882354,43.220338983050844,43.220338983050844,0.993830003151844,0.00010875679217648122
8,30,석수역,2026-09-10 20:00:00,2026-09-10 20:30:00,fare,outside|wd,5,"[108, 25, 13, 24, 12]","[25, 13, 24, 12, 108]","[25, 13, 24, 12, 108]",1,1,1,0,0,1,0,1,21,0,94.11764705882354,43.220338983050844,43.220338983050844,0.993830003151844,0.00010875679217648122
8,30,석수역,2026-09-10 22:00:00,2026-09-10 22:30:00,walk,outside|wd,5,"[108, 25, 12, 13, 24]","[25, 12, 13, 24, 108]","[25, 12, 13, 24, 108]",1,1,1,0,0,1,0,1,21,0,94.11764705882354,49.152542372881356,49.152542372881356,0.9960090813252525,0.00036538371288858036
8,30,석수역,2026-09-10 22:00:00,2026-09-10 22:30:00,fare,outside|wd,5,"[108, 25, 13, 24, 12]","[25, 13, 24, 12, 108]","[25, 13, 24, 12, 108]",1,1,1,0,0,1,0,1,21,0,94.11764705882354,49.152542372881356,49.152542372881356,0.9960090813252525,0.00036538371288858036
8,30,범계역,2026-09-10 12:00:00,2026-09-10 12:30:00,walk,operating|wd,26,"[106, 16, 81, 241, 56, 261, 262, 30, 401, 183, 39, 182, 31, 161, 201, 42, 23, 165, 461, 166, 82, 40, 162, 521, 167, 163]","[106, 16, 81, 241, 56, 261, 262, 30, 401, 183, 39, 182, 31, 161, 201, 42, 23, 165, 461, 166, 82, 40, 162, 521, 167, 163]","[106, 16, 81, 241, 56, 261, 262, 30, 401, 183, 39, 182, 31, 161, 201, 42, 23, 165, 461, 166, 82, 40, 162, 521, 167, 163]",0,0,0,0,0,0,0,0,0,0,61.76470588235294,61.76470588235294,61.76470588235294,0.0019171077321588222,0.0019171077321588222
8,30,범계역,2026-09-10 12:00:00,2026-09-10 12:30:00,fare,operating|wd,26,"[16, 30, 401, 201, 42, 82, 521, 106, 81, 241, 56, 261, 262, 183, 39, 182, 31, 23, 461, 40, 161, 165, 166, 162, 167, 163]","[16, 30, 401, 201, 42, 82, 521, 106, 81, 241, 56, 261, 262, 183, 39, 182, 31, 23, 461, 40, 161, 165, 166, 162, 167, 163]","[16, 30, 401, 201, 42, 82, 521, 106, 81, 241, 56, 261, 262, 183, 39, 182, 31, 23, 461, 40, 161, 165, 166, 162, 167, 163]",0,0,0,0,0,0,0,0,0,0,9.836065573770492,9.836065573770492,9.836065573770492,9.13269670156769e-05,9.13269670156769e-05
8,30,범계역,2026-09-10 14:00:00,2026-09-10 14:30:00,walk,operating|wd,26,"[106, 16, 81, 241, 56, 261, 262, 30, 401, 183, 39, 182, 31, 161, 201, 42, 23, 165, 461, 166, 82, 40, 162, 521, 167, 163]","[106, 16, 81, 241, 56, 261, 262, 30, 401, 183, 39, 182, 31, 161, 201, 42, 23, 165, 461, 166, 82, 40, 162, 521, 167, 163]","[106, 16, 81, 241, 56, 261, 262, 30, 401, 183, 39, 182, 31, 161, 201, 42, 23, 165, 461, 166, 82, 40, 162, 521, 167, 163]",0,0,0,0,0,0,0,0,0,0,61.76470588235294,61.76470588235294,61.76470588235294,0.007036562997927052,0.007036562997927052
8,30,범계역,2026-09-10 14:00:00,2026-09-10 14:30:00,fare,operating|wd,26,"[16, 30, 401, 201, 42, 82, 521, 106, 81, 241, 56, 261, 262, 183, 39, 182, 31, 23, 461, 40, 161, 165, 166, 162, 167, 163]","[16, 30, 401, 201, 42, 82, 521, 106, 81, 241, 56, 261, 262, 183, 39, 182, 31, 23, 461, 40, 161, 165, 166, 162, 167, 163]","[16, 30, 401, 201, 42, 82, 521, 106, 81, 241, 56, 261, 262, 183, 39, 182, 31, 23, 461, 40, 161, 165, 166, 162, 167, 163]",0,0,0,0,0,0,0,0,0,0,13.493064312736443,13.493064312736443,13.493064312736443,0.00010203277210298322,0.00010203277210298322
8,30,안양역,2026-09-10 12:00:00,2026-09-10 12:30:00,walk,operating|wd,11,"[48, 112, 53, 11, 52, 7, 8, 38, 29, 18, 28]","[48, 112, 53, 11, 52, 7, 8, 38, 29, 18, 28]","[48, 112, 53, 11, 52, 7, 8, 38, 29, 18, 28]",0,0,0,0,0,0,0,0,0,0,25.0,25.0,25.0,0.0002069806669272754,0.0002069806669272754
8,30,안양역,2026-09-10 12:00:00,2026-09-10 12:30:00,fare,operating|wd,11,"[18, 8, 38, 28, 48, 112, 53, 11, 52, 7, 29]","[18, 8, 38, 28, 48, 112, 53, 11, 52, 7, 29]","[18, 8, 38, 28, 48, 112, 53, 11, 52, 7, 29]",0,0,0,0,0,0,0,0,0,0,30.357142857142858,30.357142857142858,30.357142857142858,0.00017403194265378427,0.00017403194265378427
8,30,안양역,2026-09-10 14:00:00,2026-09-10 14:30:00,walk,operating|wd,11,"[48, 112, 53, 11, 52, 7, 8, 38, 29, 18, 28]","[48, 112, 53, 11, 52, 7, 8, 38, 29, 18, 28]","[48, 112, 53, 11, 52, 7, 8, 38, 29, 18, 28]",0,0,0,0,0,0,0,0,0,0,37.5,37.5,37.5,0.00016615700011799868,0.00016615700011799868
8,30,안양역,2026-09-10 14:00:00,2026-09-10 14:30:00,fare,operating|wd,11,"[18, 8, 38, 28, 48, 112, 53, 11, 52, 7, 29]","[18, 8, 38, 28, 48, 112, 53, 11, 52, 7, 29]","[18, 8, 38, 28, 48, 112, 53, 11, 52, 7, 29]",0,0,0,0,0,0,0,0,0,0,46.42857142857143,46.42857142857143,46.42857142857143,0.0002810556395132125,0.0002810556395132125
8,30,평촌역,2026-09-10 12:00:00,2026-09-10 12:30:00,walk,operating|wd,25,"[16, 31, 106, 162, 166, 241, 163, 161, 167, 164, 37, 172, 168, 169, 27, 165, 261, 170, 262, 56, 171, 10, 21, 81, 34]","[16, 31, 106, 162, 166, 241, 163, 161, 167, 164, 37, 172, 168, 169, 27, 165, 261, 170, 262, 56, 10, 21, 81, 34, 171]","[16, 31, 106, 162, 166, 241, 163, 161, 167, 164, 37, 172, 168, 169, 27, 165, 261, 170, 262, 56, 10, 21, 81, 34, 171]",1,0,0,0,0,0,0,0,0,0,9.836065573770492,9.836065573770492,9.836065573770492,9.13269670156769e-05,9.13269670156769e-05
8,30,평촌역,2026-09-10 12:00:00,2026-09-10 12:30:00,fare,outside|wd,25,"[10, 16, 37, 27, 21, 34, 31, 106, 241, 172, 261, 262, 56, 81, 162, 166, 163, 161, 167, 164, 168, 169, 165, 170, 171]","[10, 16, 37, 27, 21, 34, 31, 106, 241, 172, 261, 262, 56, 81, 162, 166, 163, 161, 167, 164, 168, 169, 165, 170, 171]","[10, 16, 37, 27, 21, 34, 31, 106, 241, 172, 261, 262, 56, 81, 162, 166, 163, 161, 167, 164, 168, 169, 165, 170, 171]",0,0,0,0,0,0,0,0,0,0,59.34065934065934,59.34065934065934,59.34065934065934,0.0007322024581609162,0.0007322024581609162
8,30,평촌역,2026-09-10 14:00:00,2026-09-10 14:30:00,walk,operating|wd,25,"[16, 31, 106, 162, 166, 241, 163, 161, 167, 164, 37, 172, 168, 169, 27, 165, 261, 170, 262, 56, 171, 10, 21, 81, 34]","[16, 31, 106, 162, 166, 241, 163, 161, 167, 164, 37, 172, 168, 169, 27, 165, 261, 170, 262, 56, 10, 21, 81, 34, 171]","[16, 31, 106, 162, 166, 241, 163, 161, 167, 164, 37, 172, 168, 169, 27, 165, 261, 170, 262, 56, 10, 21, 81, 34, 171]",1,0,0,0,0,0,0,0,0,0,13.493064312736443,13.493064312736443,13.493064312736443,0.00010203277210298322,0.00010203277210298322
8,30,평촌역,2026-09-10 14:00:00,2026-09-10 14:30:00,fare,outside|wd,25,"[10, 16, 37, 27, 21, 34, 31, 106, 241, 172, 261, 262, 56, 81, 162, 166, 163, 161, 167, 164, 168, 169, 165, 170, 171]","[10, 16, 37, 27, 21, 34, 31, 106, 241, 172, 261, 262, 56, 81, 162, 166, 163, 161, 167, 164, 168, 169, 165, 170, 171]","[10, 16, 37, 27, 21, 34, 31, 106, 241, 172, 261, 262, 56, 81, 162, 166, 163, 161, 167, 164, 168, 169, 165, 170, 171]",0,0,0,0,0,0,0,0,0,0,54.94505494505494,54.94505494505494,54.94505494505494,0.0003702986569719408,0.0003702986569719408
8,30,평촌역,2026-09-10 16:00:00,2026-09-10 16:30:00,walk,operating|wd,25,"[16, 31, 106, 162, 166, 241, 163, 161, 167, 164, 37, 172, 168, 169, 27, 165, 261, 170, 262, 56, 171, 10, 21, 81, 34]","[16, 31, 162, 166, 241, 163, 161, 167, 164, 37, 172, 168, 169, 27, 165, 261, 170, 262, 56, 10, 21, 81, 34, 106, 171]","[16, 31, 106, 162, 166, 241, 163, 161, 167, 164, 37, 172, 168, 169, 27, 165, 261, 170, 262, 56, 10, 21, 81, 34, 171]",1,0,0,0,0,0,0,0,0,0,20.42875157629256,20.42875157629256,20.42875157629256,0.00010620319658466112,0.00010620319658466112
8,30,평촌역,2026-09-10 16:00:00,2026-09-10 16:30:00,fare,outside|wd,25,"[10, 81, 16, 37, 27, 21, 34, 31, 106, 241, 172, 261, 262, 56, 162, 166, 163, 161, 167, 164, 168, 169, 165, 170, 171]","[10, 81, 16, 37, 27, 21, 34, 31, 241, 172, 261, 262, 56, 162, 166, 163, 161, 167, 164, 168, 169, 165, 170, 106, 171]","[10, 81, 16, 37, 27, 21, 34, 31, 106, 241, 172, 261, 262, 56, 162, 166, 163, 161, 167, 164, 168, 169, 165, 170, 171]",1,0,0,0,0,0,0,0,0,0,60.989010989010985,60.989010989010985,60.989010989010985,0.001047621939520363,0.001047621939520363
8,30,인덕원역,2026-09-10 12:00:00,2026-09-10 12:30:00,walk,outside|wd,7,"[10, 172, 27, 171, 170, 164, 34]","[10, 172, 27, 170, 164, 34, 171]","[10, 172, 27, 170, 164, 34, 171]",1,0,0,0,0,0,0,0,0,0,59.34065934065934,59.34065934065934,59.34065934065934,0.0007322024581609162,0.0007322024581609162
8,30,인덕원역,2026-09-10 12:00:00,2026-09-10 12:30:00,fare,outside|wd,7,"[10, 27, 34, 172, 171, 170, 164]","[10, 27, 34, 172, 170, 164, 171]","[10, 27, 34, 172, 170, 164, 171]",1,0,0,0,0,0,0,0,0,0,59.34065934065934,59.34065934065934,59.34065934065934,0.0007322024581609162,0.0007322024581609162
8,30,인덕원역,2026-09-10 14:00:00,2026-09-10 14:30:00,walk,outside|wd,7,"[10, 172, 27, 171, 170, 164, 34]","[10, 172, 27, 170, 164, 34, 171]","[10, 172, 27, 170, 164, 34, 171]",1,0,0,0,0,0,0,0,0,0,54.94505494505494,54.94505494505494,54.94505494505494,0.0003702986569719408,0.0003702986569719408
8,30,인덕원역,2026-09-10 14:00:00,2026-09-10 14:30:00,fare,outside|wd,7,"[10, 27, 34, 172, 171, 170, 164]","[10, 27, 34, 172, 170, 164, 171]","[10, 27, 34, 172, 170, 164, 171]",1,0,0,0,0,0,0,0,0,0,54.94505494505494,54.94505494505494,54.94505494505494,0.0003702986569719408,0.0003702986569719408
8,30,인덕원역,2026-09-10 16:00:00,2026-09-10 16:30:00,walk,outside|wd,7,"[10, 172, 27, 171, 170, 164, 34]","[10, 172, 27, 170, 164, 34, 171]","[10, 172, 27, 170, 164, 34, 171]",1,0,0,0,0,0,0,0,0,0,60.989010989010985,60.989010989010985,60.989010989010985,0.001047621939520363,0.001047621939520363
8,30,인덕원역,2026-09-10 16:00:00,2026-09-10 16:30:00,fare,outside|wd,7,"[10, 27, 34, 172, 171, 170, 164]","[10, 27, 34, 172, 170, 164, 171]","[10, 27, 34, 172, 170, 164, 171]",1,0,0,0,0,0,0,0,0,0,60.989010989010985,60.989010989010985,60.989010989010985,0.001047621939520363,0.001047621939520363
8,60,안양시청,2026-09-10 12:00:00,2026-09-10 13:00:00,walk,operating|wd,5,"[106, 16, 31, 161, 165]","[106, 16, 31, 161, 165]","[106, 16, 31, 161, 165]",0,0,0,0,0,0,0,0,0,0,73.52941176470588,73.52941176470588,73.52941176470588,0.00731386110138009,0.00731386110138009
8,60,안양시청,2026-09-10 12:00:00,2026-09-10 13:00:00,fare,operating|wd,5,"[16, 106, 31, 161, 165]","[16, 106, 31, 161, 165]","[16, 106, 31, 161, 165]",0,0,0,0,0,0,0,0,0,0,10.21437578814628,10.21437578814628,10.21437578814628,0.00020828088897965373,0.00020828088897965373
8,60,안양시청,2026-09-10 14:00:00,2026-09-10 15:00:00,walk,operating|wd,5,"[106, 16, 31, 161, 165]","[106, 16, 31, 161, 165]","[106, 16, 31, 161, 165]",0,0,0,0,0,0,0,0,0,0,64.70588235294117,64.70588235294117,64.70588235294117,0.03041273925201061,0.03041273925201061
8,60,안양시청,2026-09-10 14:00:00,2026-09-10 15:00:00,fare,operating|wd,5,"[16, 106, 31, 161, 165]","[16, 106, 31, 161, 165]","[16, 106, 31, 161, 165]",0,0,0,0,0,0,0,0,0,0,13.745271122320302,13.745271122320302,13.745271122320302,0.0002673504834593197,0.0002673504834593197
8,60,안양시청,2026-09-10 16:00:00,2026-09-10 17:00:00,walk,operating|wd,5,"[106, 16, 31, 161, 165]","[16, 31, 161, 165, 106]","[106, 16, 31, 161, 165]",1,1,0,0,0,0,0,0,1,-500,76.47058823529412,25.97730138713745,76.47058823529412,0.8029568093631941,0.00024925836771421046
8,60,안양시청,2026-09-10 16:00:00,2026-09-10 17:00:00,fare,operating|wd,5,"[16, 106, 31, 161, 165]","[16, 31, 161, 165, 106]","[16, 106, 31, 161, 165]",1,0,0,0,0,0,0,0,0,0,25.97730138713745,25.97730138713745,25.97730138713745,0.00024925836771421046,0.00024925836771421046
8,60,석수역,2026-09-10 06:00:00,2026-09-10 07:00:00,walk,outside|wd,5,"[108, 25, 12, 13, 24]","[25, 12, 13, 24, 108]","[25, 12, 13, 24, 108]",1,1,1,0,0,1,0,1,21,0,99.15966386554622,49.152542372881356,49.152542372881356,0.9829879132129318,0.0004351671626835548
8,60,석수역,2026-09-10 06:00:00,2026-09-10 07:00:00,fare,outside|wd,5,"[108, 25, 13, 24, 12]","[25, 13, 24, 12, 108]","[25, 13, 24, 12, 108]",1,1,1,0,0,1,0,1,21,0,99.15966386554622,49.152542372881356,49.152542372881356,0.9829879132129318,0.0004351671626835548
8,60,석수역,2026-09-10 08:00:00,2026-09-10 09:00:00,walk,operating|wd,5,"[108, 25, 12, 13, 24]","[25, 12, 13, 24, 108]","[25, 12, 13, 24, 108]",1,1,1,0,0,1,0,1,21,0,99.15966386554622,34.74576271186441,34.74576271186441,0.9520300302109178,0.00035639480779370015
8,60,석수역,2026-09-10 08:00:00,2026-09-10 09:00:00,fare,operating|wd,5,"[108, 25, 12, 13, 24]","[25, 12, 13, 24, 108]","[25, 12, 13, 24, 108]",1,1,1,0,0,1,0,1,21,0,99.15966386554622,34.74576271186441,34.74576271186441,0.9520300302109178,0.00035639480779370015
8,60,석수역,2026-09-10 12:00:00,2026-09-10 13:00:00,walk,operating|wd,5,"[108, 25, 12, 13, 24]","[108, 25, 12, 13, 24]","[108, 25, 12, 13, 24]",0,0,0,0,0,0,0,0,0,0,47.05882352941177,47.05882352941177,47.05882352941177,0.007528732465358511,0.007528732465358511
8,60,석수역,2026-09-10 12:00:00,2026-09-10 13:00:00,fare,operating|wd,5,"[108, 25, 12, 13, 24]","[108, 25, 12, 13, 24]","[108, 25, 12, 13, 24]",0,0,0,0,0,0,0,0,0,0,47.05882352941177,47.05882352941177,47.05882352941177,0.007528732465358511,0.007528732465358511
8,60,석수역,2026-09-10 14:00:00,2026-09-10 15:00:00,walk,operating|wd,5,"[108, 25, 12, 13, 24]","[108, 25, 12, 13, 24]","[108, 25, 12, 13, 24]",0,0,0,0,0,0,0,0,0,0,47.89915966386555,47.89915966386555,47.89915966386555,0.0072936483736285645,0.0072936483736285645
8,60,석수역,2026-09-10 14:00:00,2026-09-10 15:00:00,fare,operating|wd,5,"[108, 25, 12, 13, 24]","[108, 25, 12, 13, 24]","[108, 25, 12, 13, 24]",0,0,0,0,0,0,0,0,0,0,47.89915966386555,47.89915966386555,47.89915966386555,0.0072936483736285645,0.0072936483736285645
8,60,석수역,2026-09-10 16:00:00,2026-09-10 17:00:00,walk,outside|wd,5,"[108, 25, 12, 13, 24]","[25, 12, 13, 24, 108]","[108, 25, 12, 13, 24]",1,1,1,0,1,1,0,1,21,0,94.11764705882354,5.084745762711864,94.11764705882354,0.9375822820797521,0.0002650072016294021
8,60,석수역,2026-09-10 16:00:00,2026-09-10 17:00:00,fare,outside|wd,5,"[108, 25, 13, 24, 12]","[25, 13, 24, 12, 108]","[108, 25, 13, 24, 12]",1,1,1,0,1,1,0,1,21,0,94.11764705882354,5.084745762711864,94.11764705882354,0.9375822820797521,0.0002650072016294021
8,60,석수역,2026-09-10 18:00:00,2026-09-10 19:00:00,walk,outside|wd,5,"[108, 25, 12, 13, 24]","[25, 12, 13, 24, 108]","[25, 12, 13, 24, 108]",1,1,1,0,0,1,0,1,21,0,94.11764705882354,6.779661016949152,6.779661016949152,0.9924481531575725,0.0002680191063946372
8,60,석수역,2026-09-10 18:00:00,2026-09-10 19:00:00,fare,outside|wd,5,"[108, 25, 13, 24, 12]","[25, 13, 24, 12, 108]","[25, 13, 24, 12, 108]",1,1,1,0,0,1,0,1,21,0,94.11764705882354,6.779661016949152,6.779661016949152,0.9924481531575725,0.0002680191063946372
8,60,석수역,2026-09-10 20:00:00,2026-09-10 21:00:00,walk,outside|wd,5,"[108, 25, 12, 13, 24]","[25, 12, 13, 24, 108]","[25, 12, 13, 24, 108]",1,1,1,0,0,1,0,1,21,0,94.11764705882354,42.3728813559322,42.3728813559322,0.9884158252755819,0.00026213106414003825
8,60,석수역,2026-09-10 20:00:00,2026-09-10 21:00:00,fare,outside|wd,5,"[108, 25, 13, 24, 12]","[25, 13, 24, 12, 108]","[25, 13, 24, 12, 108]",1,1,1,0,0,1,0,1,21,0,94.11764705882354,42.3728813559322,42.3728813559322,0.9884158252755819,0.00026213106414003825
8,60,범계역,2026-09-10 12:00:00,2026-09-10 13:00:00,walk,operating|wd,26,"[106, 16, 81, 241, 56, 261, 262, 30, 401, 183, 39, 182, 31, 161, 201, 42, 23, 165, 461, 166, 82, 40, 162, 521, 167, 163]","[106, 16, 81, 241, 56, 261, 262, 30, 401, 183, 39, 182, 31, 161, 201, 42, 23, 165, 461, 166, 82, 40, 162, 521, 167, 163]","[106, 16, 81, 241, 56, 261, 262, 30, 401, 183, 39, 182, 31, 161, 201, 42, 23, 165, 461, 166, 82, 40, 162, 521, 167, 163]",0,0,0,0,0,0,0,0,0,0,73.52941176470588,73.52941176470588,73.52941176470588,0.00731386110138009,0.00731386110138009
8,60,범계역,2026-09-10 12:00:00,2026-09-10 13:00:00,fare,operating|wd,26,"[16, 30, 401, 201, 42, 82, 521, 106, 81, 241, 56, 261, 262, 183, 39, 182, 31, 23, 461, 40, 161, 165, 166, 162, 167, 163]","[16, 30, 401, 201, 42, 82, 521, 106, 81, 241, 56, 261, 262, 183, 39, 182, 31, 23, 461, 40, 161, 165, 166, 162, 167, 163]","[16, 30, 401, 201, 42, 82, 521, 106, 81, 241, 56, 261, 262, 183, 39, 182, 31, 23, 461, 40, 161, 165, 166, 162, 167, 163]",0,0,0,0,0,0,0,0,0,0,10.21437578814628,10.21437578814628,10.21437578814628,0.00020828088897965373,0.00020828088897965373
8,60,범계역,2026-09-10 14:00:00,2026-09-10 15:00:00,walk,operating|wd,26,"[106, 16, 81, 241, 56, 261, 262, 30, 401, 183, 39, 182, 31, 161, 201, 42, 23, 165, 461, 166, 82, 40, 162, 521, 167, 163]","[106, 16, 81, 241, 56, 261, 262, 30, 401, 183, 39, 182, 31, 161, 201, 42, 23, 165, 461, 166, 82, 40, 162, 521, 167, 163]","[106, 16, 81, 241, 56, 261, 262, 30, 401, 183, 39, 182, 31, 161, 201, 42, 23, 165, 461, 166, 82, 40, 162, 521, 167, 163]",0,0,0,0,0,0,0,0,0,0,64.70588235294117,64.70588235294117,64.70588235294117,0.03041273925201061,0.03041273925201061
8,60,범계역,2026-09-10 14:00:00,2026-09-10 15:00:00,fare,operating|wd,26,"[16, 30, 401, 201, 42, 82, 521, 106, 81, 241, 56, 261, 262, 183, 39, 182, 31, 23, 461, 40, 161, 165, 166, 162, 167, 163]","[16, 30, 401, 201, 42, 82, 521, 106, 81, 241, 56, 261, 262, 183, 39, 182, 31, 23, 461, 40, 161, 165, 166, 162, 167, 163]","[16, 30, 401, 201, 42, 82, 521, 106, 81, 241, 56, 261, 262, 183, 39, 182, 31, 23, 461, 40, 161, 165, 166, 162, 167, 163]",0,0,0,0,0,0,0,0,0,0,13.745271122320302,13.745271122320302,13.745271122320302,0.0002673504834593197,0.0002673504834593197
8,60,안양역,2026-09-10 12:00:00,2026-09-10 13:00:00,walk,operating|wd,11,"[48, 112, 53, 11, 52, 7, 8, 38, 29, 18, 28]","[48, 112, 53, 11, 52, 7, 8, 38, 29, 18, 28]","[48, 112, 53, 11, 52, 7, 8, 38, 29, 18, 28]",0,0,0,0,0,0,0,0,0,0,8.333333333333334,8.333333333333334,8.333333333333334,0.0009807663774349371,0.0009807663774349371
8,60,안양역,2026-09-10 12:00:00,2026-09-10 13:00:00,fare,operating|wd,11,"[18, 8, 38, 28, 48, 112, 53, 11, 52, 7, 29]","[18, 8, 38, 28, 48, 112, 53, 11, 52, 7, 29]","[18, 8, 38, 28, 48, 112, 53, 11, 52, 7, 29]",0,0,0,0,0,0,0,0,0,0,33.92857142857143,33.92857142857143,33.92857142857143,0.00027674227220007705,0.00027674227220007705
8,60,평촌역,2026-09-10 12:00:00,2026-09-10 13:00:00,walk,operating|wd,25,"[16, 31, 106, 162, 166, 241, 163, 161, 167, 164, 37, 172, 168, 169, 27, 165, 261, 170, 262, 56, 171, 10, 21, 81, 34]","[16, 31, 106, 162, 166, 241, 163, 161, 167, 164, 37, 172, 168, 169, 27, 165, 261, 170, 262, 56, 10, 21, 81, 34, 171]","[16, 31, 106, 162, 166, 241, 163, 161, 167, 164, 37, 172, 168, 169, 27, 165, 261, 170, 262, 56, 10, 21, 81, 34, 171]",1,0,0,0,0,0,0,0,0,0,10.21437578814628,10.21437578814628,10.21437578814628,0.00020828088897965373,0.00020828088897965373
8,60,평촌역,2026-09-10 12:00:00,2026-09-10 13:00:00,fare,outside|wd,25,"[10, 16, 37, 27, 21, 34, 31, 106, 241, 172, 261, 262, 56, 81, 162, 166, 163, 161, 167, 164, 168, 169, 165, 170, 171]","[10, 16, 37, 27, 21, 34, 31, 106, 241, 172, 261, 262, 56, 81, 162, 166, 163, 161, 167, 164, 168, 169, 165, 170, 171]","[10, 16, 37, 27, 21, 34, 31, 106, 241, 172, 261, 262, 56, 81, 162, 166, 163, 161, 167, 164, 168, 169, 165, 170, 171]",0,0,0,0,0,0,0,0,0,0,63.18681318681319,63.18681318681319,63.18681318681319,0.004291153419082203,0.004291153419082203
8,60,평촌역,2026-09-10 14:00:00,2026-09-10 15:00:00,walk,operating|wd,25,"[16, 31, 106, 162, 166, 241, 163, 161, 167, 164, 37, 172, 168, 169, 27, 165, 261, 170, 262, 56, 171, 10, 21, 81, 34]","[16, 31, 106, 162, 166, 241, 163, 161, 167, 164, 37, 172, 168, 169, 27, 165, 261, 170, 262, 56, 10, 21, 81, 34, 171]","[16, 31, 106, 162, 166, 241, 163, 161, 167, 164, 37, 172, 168, 169, 27, 165, 261, 170, 262, 56, 10, 21, 81, 34, 171]",1,0,0,0,0,0,0,0,0,0,13.745271122320302,13.745271122320302,13.745271122320302,0.0002673504834593197,0.0002673504834593197
8,60,평촌역,2026-09-10 14:00:00,2026-09-10 15:00:00,fare,outside|wd,25,"[10, 16, 37, 27, 21, 34, 31, 106, 241, 172, 261, 262, 56, 81, 162, 166, 163, 161, 167, 164, 168, 169, 165, 170, 171]","[10, 16, 37, 27, 21, 34, 31, 106, 241, 172, 261, 262, 56, 81, 162, 166, 163, 161, 167, 164, 168, 169, 165, 170, 171]","[10, 16, 37, 27, 21, 34, 31, 106, 241, 172, 261, 262, 56, 81, 162, 166, 163, 161, 167, 164, 168, 169, 165, 170, 171]",0,0,0,0,0,0,0,0,0,0,52.1978021978022,52.1978021978022,52.1978021978022,0.003961619205488372,0.003961619205488372
8,60,평촌역,2026-09-10 16:00:00,2026-09-10 17:00:00,walk,operating|wd,25,"[16, 31, 106, 162, 166, 241, 163, 161, 167, 164, 37, 172, 168, 169, 27, 165, 261, 170, 262, 56, 171, 10, 21, 81, 34]","[16, 31, 162, 166, 241, 163, 161, 167, 164, 37, 172, 168, 169, 27, 165, 261, 170, 262, 56, 10, 21, 81, 34, 106, 171]","[16, 31, 106, 162, 166, 241, 163, 161, 167, 164, 37, 172, 168, 169, 27, 165, 261, 170, 262, 56, 10, 21, 81, 34, 171]",1,0,0,0,0,0,0,0,0,0,25.97730138713745,25.97730138713745,25.97730138713745,0.00024925836771421046,0.00024925836771421046
8,60,평촌역,2026-09-10 16:00:00,2026-09-10 17:00:00,fare,outside|wd,25,"[10, 81, 16, 37, 27, 21, 34, 31, 106, 241, 172, 261, 262, 56, 162, 166, 163, 161, 167, 164, 168, 169, 165, 170, 171]","[10, 81, 16, 37, 27, 21, 34, 31, 241, 172, 261, 262, 56, 162, 166, 163, 161, 167, 164, 168, 169, 165, 170, 106, 171]","[10, 81, 16, 37, 27, 21, 34, 31, 106, 241, 172, 261, 262, 56, 162, 166, 163, 161, 167, 164, 168, 169, 165, 170, 171]",1,0,0,0,0,0,0,0,0,0,64.83516483516483,64.83516483516483,64.83516483516483,0.0023533460881705486,0.0023533460881705486
8,60,인덕원역,2026-09-10 12:00:00,2026-09-10 13:00:00,walk,outside|wd,7,"[10, 172, 27, 171, 170, 164, 34]","[10, 172, 27, 170, 164, 34, 171]","[10, 172, 27, 170, 164, 34, 171]",1,0,0,0,0,0,0,0,0,0,63.18681318681319,63.18681318681319,63.18681318681319,0.004291153419082203,0.004291153419082203
8,60,인덕원역,2026-09-10 12:00:00,2026-09-10 13:00:00,fare,outside|wd,7,"[10, 27, 34, 172, 171, 170, 164]","[10, 27, 34, 172, 170, 164, 171]","[10, 27, 34, 172, 170, 164, 171]",1,0,0,0,0,0,0,0,0,0,63.18681318681319,63.18681318681319,63.18681318681319,0.004291153419082203,0.004291153419082203
8,60,인덕원역,2026-09-10 14:00:00,2026-09-10 15:00:00,walk,outside|wd,7,"[10, 172, 27, 171, 170, 164, 34]","[10, 172, 27, 170, 164, 34, 171]","[10, 172, 27, 170, 164, 34, 171]",1,0,0,0,0,0,0,0,0,0,52.1978021978022,52.1978021978022,52.1978021978022,0.003961619205488372,0.003961619205488372
8,60,인덕원역,2026-09-10 14:00:00,2026-09-10 15:00:00,fare,outside|wd,7,"[10, 27, 34, 172, 171, 170, 164]","[10, 27, 34, 172, 170, 164, 171]","[10, 27, 34, 172, 170, 164, 171]",1,0,0,0,0,0,0,0,0,0,52.1978021978022,52.1978021978022,52.1978021978022,0.003961619205488372,0.003961619205488372
8,60,인덕원역,2026-09-10 16:00:00,2026-09-10 17:00:00,walk,outside|wd,7,"[10, 172, 27, 171, 170, 164, 34]","[10, 172, 27, 170, 164, 34, 171]","[10, 172, 27, 170, 164, 34, 171]",1,0,0,0,0,0,0,0,0,0,64.83516483516483,64.83516483516483,64.83516483516483,0.0023533460881705486,0.0023533460881705486
8,60,인덕원역,2026-09-10 16:00:00,2026-09-10 17:00:00,fare,outside|wd,7,"[10, 27, 34, 172, 171, 170, 164]","[10, 27, 34, 172, 170, 164, 171]","[10, 27, 34, 172, 170, 164, 171]",1,0,0,0,0,0,0,0,0,0,64.83516483516483,64.83516483516483,64.83516483516483,0.0023533460881705486,0.0023533460881705486
8,120,안양시청,2026-09-10 12:00:00,2026-09-10 14:00:00,walk,operating|wd,5,"[106, 16, 31, 161, 165]","[106, 16, 31, 161, 165]","[106, 16, 31, 161, 165]",0,0,0,0,0,0,0,0,0,0,70.58823529411765,70.58823529411765,70.58823529411765,0.02350600520478433,0.02350600520478433
8,120,안양시청,2026-09-10 12:00:00,2026-09-10 14:00:00,fare,operating|wd,5,"[16, 106, 31, 161, 165]","[16, 106, 31, 161, 165]","[16, 106, 31, 161, 165]",0,0,0,0,0,0,0,0,0,0,12.23203026481715,12.23203026481715,12.23203026481715,0.0003946845150061382,0.0003946845150061382
8,120,안양시청,2026-09-10 14:00:00,2026-09-10 16:00:00,walk,operating|wd,5,"[106, 16, 31, 161, 165]","[106, 16, 31, 161, 165]","[106, 16, 31, 161, 165]",0,0,0,0,0,0,0,0,0,0,76.47058823529412,76.47058823529412,76.47058823529412,0.1229306123483329,0.1229306123483329
8,120,안양시청,2026-09-10 14:00:00,2026-09-10 16:00:00,fare,operating|wd,5,"[16, 106, 31, 161, 165]","[16, 106, 31, 161, 165]","[16, 106, 31, 161, 165]",0,0,0,0,0,0,0,0,0,0,17.528373266078184,17.528373266078184,17.528373266078184,0.000630420002373108,0.000630420002373108
8,120,석수역,2026-09-10 06:00:00,2026-09-10 08:00:00,walk,outside|wd,5,"[108, 25, 12, 13, 24]","[25, 12, 13, 24, 108]","[25, 12, 13, 24, 108]",1,1,1,0,0,1,0,1,21,0,99.15966386554622,43.220338983050844,43.220338983050844,0.9214684993484528,0.0005627334233937053
8,120,석수역,2026-09-10 06:00:00,2026-09-10 08:00:00,fare,outside|wd,5,"[108, 25, 13, 24, 12]","[25, 13, 24, 12, 108]","[25, 13, 24, 12, 108]",1,1,1,0,0,1,0,1,21,0,99.15966386554622,43.220338983050844,43.220338983050844,0.9214684993484528,0.0005627334233937053
8,120,석수역,2026-09-10 08:00:00,2026-09-10 10:00:00,walk,operating|wd,5,"[108, 25, 12, 13, 24]","[108, 25, 12, 13, 24]","[25, 12, 13, 24, 108]",0,0,0,0,0,0,0,0,0,0,55.46218487394958,55.46218487394958,20.338983050847457,0.11521204741510067,0.11521204741510067
8,120,석수역,2026-09-10 08:00:00,2026-09-10 10:00:00,fare,operating|wd,5,"[108, 25, 12, 13, 24]","[108, 25, 12, 13, 24]","[25, 12, 13, 24, 108]",0,0,0,0,0,0,0,0,0,0,55.46218487394958,55.46218487394958,20.338983050847457,0.11521204741510067,0.11521204741510067
8,120,석수역,2026-09-10 12:00:00,2026-09-10 14:00:00,walk,operating|wd,5,"[108, 25, 12, 13, 24]","[108, 25, 12, 13, 24]","[108, 25, 12, 13, 24]",0,0,0,0,0,0,0,0,0,0,47.89915966386555,47.89915966386555,47.89915966386555,0.007174576897546847,0.007174576897546847
8,120,석수역,2026-09-10 12:00:00,2026-09-10 14:00:00,fare,operating|wd,5,"[108, 25, 12, 13, 24]","[108, 25, 12, 13, 24]","[108, 25, 12, 13, 24]",0,0,0,0,0,0,0,0,0,0,47.89915966386555,47.89915966386555,47.89915966386555,0.007174576897546847,0.007174576897546847
8,120,석수역,2026-09-10 14:00:00,2026-09-10 16:00:00,walk,operating|wd,5,"[108, 25, 12, 13, 24]","[108, 25, 12, 13, 24]","[108, 25, 12, 13, 24]",0,0,0,0,0,0,0,0,0,0,50.42016806722689,50.42016806722689,50.42016806722689,0.058243258766030766,0.058243258766030766
8,120,석수역,2026-09-10 14:00:00,2026-09-10 16:00:00,fare,operating|wd,5,"[108, 25, 12, 13, 24]","[108, 25, 12, 13, 24]","[108, 25, 12, 13, 24]",0,0,0,0,0,0,0,0,0,0,50.42016806722689,50.42016806722689,50.42016806722689,0.058243258766030766,0.058243258766030766
8,120,석수역,2026-09-10 16:00:00,2026-09-10 18:00:00,walk,outside|wd,5,"[108, 25, 12, 13, 24]","[25, 12, 13, 24, 108]","[108, 25, 12, 13, 24]",1,1,1,0,1,1,0,1,21,0,94.11764705882354,0.847457627118644,94.11764705882354,0.866337288189183,0.0005998884323762186
8,120,석수역,2026-09-10 16:00:00,2026-09-10 18:00:00,fare,outside|wd,5,"[108, 25, 13, 24, 12]","[25, 13, 24, 12, 108]","[108, 25, 13, 24, 12]",1,1,1,0,1,1,0,1,21,0,94.11764705882354,0.847457627118644,94.11764705882354,0.866337288189183,0.0005998884323762186
8,120,석수역,2026-09-10 18:00:00,2026-09-10 20:00:00,walk,outside|wd,5,"[108, 25, 12, 13, 24]","[25, 12, 13, 24, 108]","[25, 12, 13, 24, 108]",1,1,1,0,0,1,0,1,21,0,94.11764705882354,13.559322033898304,13.559322033898304,0.9766110186038238,0.0006193624019109103
8,120,석수역,2026-09-10 18:00:00,2026-09-10 20:00:00,fare,outside|wd,5,"[108, 25, 13, 24, 12]","[25, 13, 24, 12, 108]","[25, 13, 24, 12, 108]",1,1,1,0,0,1,0,1,21,0,94.11764705882354,13.559322033898304,13.559322033898304,0.9766110186038238,0.0006193624019109103
8,120,석수역,2026-09-10 20:00:00,2026-09-10 22:00:00,walk,outside|wd,5,"[108, 25, 12, 13, 24]","[25, 12, 13, 24, 108]","[25, 12, 13, 24, 108]",1,1,1,0,0,1,0,1,21,0,94.11764705882354,48.30508474576271,48.30508474576271,0.9775183991202525,0.0007291058995078018
8,120,석수역,2026-09-10 20:00:00,2026-09-10 22:00:00,fare,outside|wd,5,"[108, 25, 13, 24, 12]","[25, 13, 24, 12, 108]","[25, 13, 24, 12, 108]",1,1,1,0,0,1,0,1,21,0,94.11764705882354,48.30508474576271,48.30508474576271,0.9775183991202525,0.0007291058995078018
8,120,범계역,2026-09-10 12:00:00,2026-09-10 14:00:00,walk,operating|wd,26,"[106, 16, 81, 241, 56, 261, 262, 30, 401, 183, 39, 182, 31, 161, 201, 42, 23, 165, 461, 166, 82, 40, 162, 521, 167, 163]","[106, 16, 81, 241, 56, 261, 262, 30, 401, 183, 39, 182, 31, 161, 201, 42, 23, 165, 461, 166, 82, 40, 162, 521, 167, 163]","[106, 16, 81, 241, 56, 261, 262, 30, 401, 183, 39, 182, 31, 161, 201, 42, 23, 165, 461, 166, 82, 40, 162, 521, 167, 163]",0,0,0,0,0,0,0,0,0,0,70.58823529411765,70.58823529411765,70.58823529411765,0.02350600520478433,0.02350600520478433
8,120,범계역,2026-09-10 12:00:00,2026-09-10 14:00:00,fare,operating|wd,26,"[16, 30, 401, 201, 42, 82, 521, 106, 81, 241, 56, 261, 262, 183, 39, 182, 31, 23, 461, 40, 161, 165, 166, 162, 167, 163]","[16, 30, 401, 201, 42, 82, 521, 106, 81, 241, 56, 261, 262, 183, 39, 182, 31, 23, 461, 40, 161, 165, 166, 162, 167, 163]","[16, 30, 401, 201, 42, 82, 521, 106, 81, 241, 56, 261, 262, 183, 39, 182, 31, 23, 461, 40, 161, 165, 166, 162, 167, 163]",0,0,0,0,0,0,0,0,0,0,12.23203026481715,12.23203026481715,12.23203026481715,0.0003946845150061382,0.0003946845150061382
8,120,안양역,2026-09-10 12:00:00,2026-09-10 14:00:00,walk,operating|wd,11,"[48, 112, 53, 11, 52, 7, 8, 38, 29, 18, 28]","[48, 112, 53, 11, 52, 7, 8, 38, 29, 18, 28]","[48, 112, 53, 11, 52, 7, 8, 38, 29, 18, 28]",0,0,0,0,0,0,0,0,0,0,25.0,25.0,25.0,0.0010670476980157186,0.0010670476980157186
8,120,안양역,2026-09-10 12:00:00,2026-09-10 14:00:00,fare,operating|wd,11,"[18, 8, 38, 28, 48, 112, 53, 11, 52, 7, 29]","[18, 8, 38, 28, 48, 112, 53, 11, 52, 7, 29]","[18, 8, 38, 28, 48, 112, 53, 11, 52, 7, 29]",0,0,0,0,0,0,0,0,0,0,42.857142857142854,42.857142857142854,42.857142857142854,0.00044426646022314265,0.00044426646022314265
8,120,평촌역,2026-09-10 12:00:00,2026-09-10 14:00:00,walk,operating|wd,25,"[16, 31, 106, 162, 166, 241, 163, 161, 167, 164, 37, 172, 168, 169, 27, 165, 261, 170, 262, 56, 171, 10, 21, 81, 34]","[16, 31, 106, 162, 166, 241, 163, 161, 167, 164, 37, 172, 168, 169, 27, 165, 261, 170, 262, 56, 10, 21, 81, 34, 171]","[16, 31, 106, 162, 166, 241, 163, 161, 167, 164, 37, 172, 168, 169, 27, 165, 261, 170, 262, 56, 10, 21, 81, 34, 171]",1,0,0,0,0,0,0,0,0,0,12.23203026481715,12.23203026481715,12.23203026481715,0.0003946845150061382,0.0003946845150061382
8,120,평촌역,2026-09-10 12:00:00,2026-09-10 14:00:00,fare,outside|wd,25,"[10, 16, 37, 27, 21, 34, 31, 106, 241, 172, 261, 262, 56, 81, 162, 166, 163, 161, 167, 164, 168, 169, 165, 170, 171]","[10, 16, 37, 27, 21, 34, 31, 106, 241, 172, 261, 262, 56, 81, 162, 166, 163, 161, 167, 164, 168, 169, 165, 170, 171]","[10, 16, 37, 27, 21, 34, 31, 106, 241, 172, 261, 262, 56, 81, 162, 166, 163, 161, 167, 164, 168, 169, 165, 170, 171]",0,0,0,0,0,0,0,0,0,0,54.94505494505494,54.94505494505494,54.94505494505494,0.00424048327355268,0.00424048327355268
8,120,평촌역,2026-09-10 14:00:00,2026-09-10 16:00:00,walk,operating|wd,25,"[16, 31, 106, 162, 166, 241, 163, 161, 167, 164, 37, 172, 168, 169, 27, 165, 261, 170, 262, 56, 171, 10, 21, 81, 34]","[16, 31, 106, 162, 166, 241, 163, 161, 167, 164, 37, 172, 168, 169, 27, 165, 261, 170, 262, 56, 10, 21, 81, 34, 171]","[16, 31, 106, 162, 166, 241, 163, 161, 167, 164, 37, 172, 168, 169, 27, 165, 261, 170, 262, 56, 10, 21, 81, 34, 171]",1,0,0,0,0,0,0,0,0,0,17.528373266078184,17.528373266078184,17.528373266078184,0.000630420002373108,0.000630420002373108
8,120,평촌역,2026-09-10 14:00:00,2026-09-10 16:00:00,fare,outside|wd,25,"[10, 16, 37, 27, 21, 34, 31, 106, 241, 172, 261, 262, 56, 81, 162, 166, 163, 161, 167, 164, 168, 169, 165, 170, 171]","[10, 16, 37, 27, 21, 34, 31, 106, 241, 172, 261, 262, 56, 81, 162, 166, 163, 161, 167, 164, 168, 169, 165, 170, 171]","[10, 16, 37, 27, 21, 34, 31, 106, 241, 172, 261, 262, 56, 81, 162, 166, 163, 161, 167, 164, 168, 169, 165, 170, 171]",0,0,0,0,0,0,0,0,0,0,58.79120879120879,58.79120879120879,58.79120879120879,0.006224851200596772,0.006224851200596772
8,120,인덕원역,2026-09-10 12:00:00,2026-09-10 14:00:00,walk,outside|wd,7,"[10, 172, 27, 171, 170, 164, 34]","[10, 172, 27, 170, 164, 34, 171]","[10, 172, 27, 170, 164, 34, 171]",1,0,0,0,0,0,0,0,0,0,54.94505494505494,54.94505494505494,54.94505494505494,0.00424048327355268,0.00424048327355268
8,120,인덕원역,2026-09-10 12:00:00,2026-09-10 14:00:00,fare,outside|wd,7,"[10, 27, 34, 172, 171, 170, 164]","[10, 27, 34, 172, 170, 164, 171]","[10, 27, 34, 172, 170, 164, 171]",1,0,0,0,0,0,0,0,0,0,54.94505494505494,54.94505494505494,54.94505494505494,0.00424048327355268,0.00424048327355268
8,120,인덕원역,2026-09-10 14:00:00,2026-09-10 16:00:00,walk,outside|wd,7,"[10, 172, 27, 171, 170, 164, 34]","[10, 172, 27, 170, 164, 34, 171]","[10, 172, 27, 170, 164, 34, 171]",1,0,0,0,0,0,0,0,0,0,58.79120879120879,58.79120879120879,58.79120879120879,0.006224851200596772,0.006224851200596772
8,120,인덕원역,2026-09-10 14:00:00,2026-09-10 16:00:00,fare,outside|wd,7,"[10, 27, 34, 172, 171, 170, 164]","[10, 27, 34, 172, 170, 164, 171]","[10, 27, 34, 172, 170, 164, 171]",1,0,0,0,0,0,0,0,0,0,58.79120879120879,58.79120879120879,58.79120879120879,0.006224851200596772,0.006224851200596772
8,240,안양시청,2026-09-10 12:00:00,2026-09-10 16:00:00,walk,operating|wd,5,"[106, 16, 31, 161, 165]","[106, 16, 31, 161, 165]","[106, 16, 31, 161, 165]",0,0,0,0,0,0,0,0,0,0,76.47058823529412,76.47058823529412,76.47058823529412,0.2148995631026729,0.2148995631026729
8,240,안양시청,2026-09-10 12:00:00,2026-09-10 16:00:00,fare,operating|wd,5,"[16, 106, 31, 161, 165]","[16, 106, 31, 161, 165]","[16, 106, 31, 161, 165]",0,0,0,0,0,0,0,0,0,0,17.528373266078184,17.528373266078184,17.528373266078184,0.0007897067960201268,0.0007897067960201268
8,240,석수역,2026-09-10 06:00:00,2026-09-10 10:00:00,walk,operating|wd,5,"[108, 25, 12, 13, 24]","[108, 25, 12, 13, 24]","[25, 12, 13, 24, 108]",0,0,0,0,0,0,0,0,0,0,55.46218487394958,55.46218487394958,20.338983050847457,0.03841928084692778,0.03841928084692778
8,240,석수역,2026-09-10 06:00:00,2026-09-10 10:00:00,fare,operating|wd,5,"[108, 25, 12, 13, 24]","[108, 25, 12, 13, 24]","[25, 12, 13, 24, 108]",0,0,0,0,0,0,0,0,0,0,55.46218487394958,55.46218487394958,20.338983050847457,0.03841928084692778,0.03841928084692778
8,240,석수역,2026-09-10 08:00:00,2026-09-10 12:00:00,walk,operating|wd,5,"[108, 25, 12, 13, 24]","[108, 25, 12, 13, 24]","[25, 12, 13, 24, 108]",0,0,0,0,0,0,0,0,0,0,49.57983193277311,49.57983193277311,16.949152542372882,0.04752323037532131,0.04752323037532131
8,240,석수역,2026-09-10 08:00:00,2026-09-10 12:00:00,fare,operating|wd,5,"[108, 25, 12, 13, 24]","[108, 25, 12, 13, 24]","[25, 12, 13, 24, 108]",0,0,0,0,0,0,0,0,0,0,49.57983193277311,49.57983193277311,16.949152542372882,0.04752323037532131,0.04752323037532131
8,240,석수역,2026-09-10 12:00:00,2026-09-10 16:00:00,walk,operating|wd,5,"[108, 25, 12, 13, 24]","[108, 25, 12, 13, 24]","[108, 25, 12, 13, 24]",0,0,0,0,0,0,0,0,0,0,50.42016806722689,50.42016806722689,50.42016806722689,0.10647923113131272,0.10647923113131272
8,240,석수역,2026-09-10 12:00:00,2026-09-10 16:00:00,fare,operating|wd,5,"[108, 25, 12, 13, 24]","[108, 25, 12, 13, 24]","[108, 25, 12, 13, 24]",0,0,0,0,0,0,0,0,0,0,50.42016806722689,50.42016806722689,50.42016806722689,0.10647923113131272,0.10647923113131272
8,240,석수역,2026-09-10 14:00:00,2026-09-10 18:00:00,walk,outside|wd,5,"[108, 25, 12, 13, 24]","[25, 12, 13, 24, 108]","[108, 25, 12, 13, 24]",1,1,1,0,1,1,0,1,21,0,94.11764705882354,0.847457627118644,94.11764705882354,0.8501052160845846,0.001003958359956626
8,240,석수역,2026-09-10 14:00:00,2026-09-10 18:00:00,fare,outside|wd,5,"[108, 25, 13, 24, 12]","[25, 13, 24, 12, 108]","[108, 25, 13, 24, 12]",1,1,1,0,1,1,0,1,21,0,94.11764705882354,0.847457627118644,94.11764705882354,0.8501052160845846,0.001003958359956626
8,240,석수역,2026-09-10 16:00:00,2026-09-10 20:00:00,walk,outside|wd,5,"[108, 25, 12, 13, 24]","[25, 12, 13, 24, 108]","[108, 25, 12, 13, 24]",1,1,1,0,1,1,0,1,21,0,94.11764705882354,13.559322033898304,94.11764705882354,0.8208202296673353,0.0016728779691012835
8,240,석수역,2026-09-10 16:00:00,2026-09-10 20:00:00,fare,outside|wd,5,"[108, 25, 13, 24, 12]","[25, 13, 24, 12, 108]","[108, 25, 13, 24, 12]",1,1,1,0,1,1,0,1,21,0,94.11764705882354,13.559322033898304,94.11764705882354,0.8208202296673353,0.0016728779691012835
8,240,석수역,2026-09-10 18:00:00,2026-09-10 22:00:00,walk,outside|wd,5,"[108, 25, 12, 13, 24]","[25, 12, 13, 24, 108]","[25, 12, 13, 24, 108]",1,1,1,0,0,1,0,1,21,0,94.11764705882354,48.30508474576271,48.30508474576271,0.9005964172266708,0.0015058667213394947
8,240,석수역,2026-09-10 18:00:00,2026-09-10 22:00:00,fare,outside|wd,5,"[108, 25, 13, 24, 12]","[25, 13, 24, 12, 108]","[25, 13, 24, 12, 108]",1,1,1,0,0,1,0,1,21,0,94.11764705882354,48.30508474576271,48.30508474576271,0.9005964172266708,0.0015058667213394947
8,240,평촌역,2026-09-10 12:00:00,2026-09-10 16:00:00,walk,operating|wd,25,"[16, 31, 106, 162, 166, 241, 163, 161, 167, 164, 37, 172, 168, 169, 27, 165, 261, 170, 262, 56, 171, 10, 21, 81, 34]","[16, 31, 106, 162, 166, 241, 163, 161, 167, 164, 37, 172, 168, 169, 27, 165, 261, 170, 262, 56, 10, 21, 81, 34, 171]","[16, 31, 106, 162, 166, 241, 163, 161, 167, 164, 37, 172, 168, 169, 27, 165, 261, 170, 262, 56, 10, 21, 81, 34, 171]",1,0,0,0,0,0,0,0,0,0,17.528373266078184,17.528373266078184,17.528373266078184,0.0007897067960201268,0.0007897067960201268
8,240,평촌역,2026-09-10 12:00:00,2026-09-10 16:00:00,fare,outside|wd,25,"[10, 16, 37, 27, 21, 34, 31, 106, 241, 172, 261, 262, 56, 81, 162, 166, 163, 161, 167, 164, 168, 169, 165, 170, 171]","[10, 16, 37, 27, 21, 34, 31, 106, 241, 172, 261, 262, 56, 81, 162, 166, 163, 161, 167, 164, 168, 169, 165, 170, 171]","[10, 16, 37, 27, 21, 34, 31, 106, 241, 172, 261, 262, 56, 81, 162, 166, 163, 161, 167, 164, 168, 169, 165, 170, 171]",0,0,0,0,0,0,0,0,0,0,58.79120879120879,58.79120879120879,58.79120879120879,0.008007921314394326,0.008007921314394326
8,240,인덕원역,2026-09-10 12:00:00,2026-09-10 16:00:00,walk,outside|wd,7,"[10, 172, 27, 171, 170, 164, 34]","[10, 172, 27, 170, 164, 34, 171]","[10, 172, 27, 170, 164, 34, 171]",1,0,0,0,0,0,0,0,0,0,58.79120879120879,58.79120879120879,58.79120879120879,0.008007921314394326,0.008007921314394326
8,240,인덕원역,2026-09-10 12:00:00,2026-09-10 16:00:00,fare,outside|wd,7,"[10, 27, 34, 172, 171, 170, 164]","[10, 27, 34, 172, 170, 164, 171]","[10, 27, 34, 172, 170, 164, 171]",1,0,0,0,0,0,0,0,0,0,58.79120879120879,58.79120879120879,58.79120879120879,0.008007921314394326,0.008007921314394326
8,360,석수역,2026-09-10 06:00:00,2026-09-10 12:00:00,walk,operating|wd,5,"[108, 25, 12, 13, 24]","[108, 25, 12, 13, 24]","[25, 12, 13, 24, 108]",0,0,0,0,0,0,0,0,0,0,49.57983193277311,49.57983193277311,16.949152542372882,0.07200483737833961,0.07200483737833961
8,360,석수역,2026-09-10 06:00:00,2026-09-10 12:00:00,fare,operating|wd,5,"[108, 25, 12, 13, 24]","[108, 25, 12, 13, 24]","[25, 12, 13, 24, 108]",0,0,0,0,0,0,0,0,0,0,49.57983193277311,49.57983193277311,16.949152542372882,0.07200483737833961,0.07200483737833961
8,360,석수역,2026-09-10 08:00:00,2026-09-10 14:00:00,walk,operating|wd,5,"[108, 25, 12, 13, 24]","[108, 25, 12, 13, 24]","[25, 12, 13, 24, 108]",0,0,0,0,0,0,0,0,0,0,47.89915966386555,47.89915966386555,11.016949152542374,0.045824949137268436,0.045824949137268436
8,360,석수역,2026-09-10 08:00:00,2026-09-10 14:00:00,fare,operating|wd,5,"[108, 25, 12, 13, 24]","[108, 25, 12, 13, 24]","[25, 12, 13, 24, 108]",0,0,0,0,0,0,0,0,0,0,47.89915966386555,47.89915966386555,11.016949152542374,0.045824949137268436,0.045824949137268436
8,360,석수역,2026-09-10 12:00:00,2026-09-10 18:00:00,walk,outside|wd,5,"[108, 25, 12, 13, 24]","[25, 12, 13, 24, 108]","[108, 25, 12, 13, 24]",1,1,1,0,1,1,0,1,21,0,94.11764705882354,0.847457627118644,94.11764705882354,0.8894066147013971,0.0005026719500909909
8,360,석수역,2026-09-10 12:00:00,2026-09-10 18:00:00,fare,outside|wd,5,"[108, 25, 13, 24, 12]","[25, 13, 24, 12, 108]","[108, 25, 13, 24, 12]",1,1,1,0,1,1,0,1,21,0,94.11764705882354,0.847457627118644,94.11764705882354,0.8894066147013971,0.0005026719500909909
8,360,석수역,2026-09-10 14:00:00,2026-09-10 20:00:00,walk,outside|wd,5,"[108, 25, 12, 13, 24]","[25, 12, 13, 24, 108]","[108, 25, 12, 13, 24]",1,1,1,0,1,1,0,1,21,0,94.11764705882354,13.559322033898304,94.11764705882354,0.9152530993200266,0.0008904886672279784
8,360,석수역,2026-09-10 14:00:00,2026-09-10 20:00:00,fare,outside|wd,5,"[108, 25, 13, 24, 12]","[25, 13, 24, 12, 108]","[108, 25, 13, 24, 12]",1,1,1,0,1,1,0,1,21,0,94.11764705882354,13.559322033898304,94.11764705882354,0.9152530993200266,0.0008904886672279784
8,360,석수역,2026-09-10 16:00:00,2026-09-10 22:00:00,walk,outside|wd,5,"[108, 25, 12, 13, 24]","[25, 12, 13, 24, 108]","[108, 25, 12, 13, 24]",1,1,1,0,1,1,0,1,21,0,94.11764705882354,48.30508474576271,94.11764705882354,0.9169629575255787,0.0009557720219333404
8,360,석수역,2026-09-10 16:00:00,2026-09-10 22:00:00,fare,outside|wd,5,"[108, 25, 13, 24, 12]","[25, 13, 24, 12, 108]","[108, 25, 13, 24, 12]",1,1,1,0,1,1,0,1,21,0,94.11764705882354,48.30508474576271,94.11764705882354,0.9169629575255787,0.0009557720219333404
9,15,안양시청,2026-09-11 10:00:00,2026-09-11 10:15:00,walk,operating|wd,5,"[106, 16, 31, 161, 165]","[16, 31, 161, 165, 106]","[16, 31, 161, 165, 106]",1,1,1,0,0,1,0,1,1,-500,100.0,13.493064312736443,13.493064312736443,0.9047032418890375,2.2144022376137178e-05
9,15,안양시청,2026-09-11 10:00:00,2026-09-11 10:15:00,fare,operating|wd,5,"[16, 106, 31, 161, 165]","[16, 31, 161, 165, 106]","[16, 31, 161, 165, 106]",1,0,0,0,0,0,0,0,0,0,13.493064312736443,13.493064312736443,13.493064312736443,2.2144022376137178e-05,2.2144022376137178e-05
9,15,안양시청,2026-09-11 12:00:00,2026-09-11 12:15:00,walk,operating|wd,5,"[106, 16, 31, 161, 165]","[16, 31, 161, 165, 106]","[16, 31, 161, 165, 106]",1,1,1,0,0,1,0,1,1,-500,100.0,3.7831021437578816,3.7831021437578816,0.999075284171742,7.765805891297904e-05
9,15,안양시청,2026-09-11 12:00:00,2026-09-11 12:15:00,fare,operating|wd,5,"[16, 106, 31, 161, 165]","[16, 31, 161, 165, 106]","[16, 31, 161, 165, 106]",1,0,0,0,0,0,0,0,0,0,3.7831021437578816,3.7831021437578816,3.7831021437578816,7.765805891297904e-05,7.765805891297904e-05
9,15,석수역,2026-09-11 06:00:00,2026-09-11 06:15:00,walk,outside|wd,5,"[108, 25, 12, 13, 24]","[25, 12, 13, 24, 108]","[25, 12, 13, 24, 108]",1,1,1,0,0,1,0,1,21,0,100.0,48.30508474576271,48.30508474576271,0.9966712093462115,2.5564861107598602e-05
9,15,석수역,2026-09-11 06:00:00,2026-09-11 06:15:00,fare,outside|wd,5,"[108, 25, 13, 24, 12]","[25, 13, 24, 12, 108]","[25, 13, 24, 12, 108]",1,1,1,0,0,1,0,1,21,0,100.0,48.30508474576271,48.30508474576271,0.9966712093462115,2.5564861107598602e-05
9,15,석수역,2026-09-11 08:00:00,2026-09-11 08:15:00,walk,outside|wd,5,"[108, 25, 12, 13, 24]","[25, 12, 13, 24, 108]","[25, 12, 13, 24, 108]",1,1,1,0,0,1,0,1,21,0,98.31932773109244,38.983050847457626,38.983050847457626,0.9977714995452948,2.7934488805416737e-05
9,15,석수역,2026-09-11 08:00:00,2026-09-11 08:15:00,fare,outside|wd,5,"[108, 25, 13, 24, 12]","[25, 13, 24, 12, 108]","[25, 13, 24, 12, 108]",1,1,1,0,0,1,0,1,21,0,98.31932773109244,38.983050847457626,38.983050847457626,0.9977714995452948,2.7934488805416737e-05
9,15,석수역,2026-09-11 10:00:00,2026-09-11 10:15:00,walk,operating|wd,5,"[108, 25, 12, 13, 24]","[108, 25, 12, 13, 24]","[108, 25, 12, 13, 24]",0,0,0,0,0,0,0,0,0,0,47.89915966386555,47.89915966386555,47.89915966386555,0.00033434071371449774,0.00033434071371449774
9,15,석수역,2026-09-11 10:00:00,2026-09-11 10:15:00,fare,operating|wd,5,"[108, 25, 12, 13, 24]","[108, 25, 12, 13, 24]","[108, 25, 12, 13, 24]",0,0,0,0,0,0,0,0,0,0,47.89915966386555,47.89915966386555,47.89915966386555,0.00033434071371449774,0.00033434071371449774
9,15,석수역,2026-09-11 12:00:00,2026-09-11 12:15:00,walk,operating|wd,5,"[108, 25, 12, 13, 24]","[108, 25, 12, 13, 24]","[108, 25, 12, 13, 24]",0,0,0,0,0,0,0,0,0,0,41.1764705882353,41.1764705882353,41.1764705882353,0.007640473867325126,0.007640473867325126
9,15,석수역,2026-09-11 12:00:00,2026-09-11 12:15:00,fare,operating|wd,5,"[108, 25, 12, 13, 24]","[108, 25, 12, 13, 24]","[108, 25, 12, 13, 24]",0,0,0,0,0,0,0,0,0,0,41.1764705882353,41.1764705882353,41.1764705882353,0.007640473867325126,0.007640473867325126
9,15,석수역,2026-09-11 20:00:00,2026-09-11 20:15:00,walk,outside|wd,5,"[108, 25, 12, 13, 24]","[25, 12, 13, 24, 108]","[25, 12, 13, 24, 108]",1,1,1,0,0,1,0,1,21,0,91.59663865546219,0.0,0.0,0.9844732447951892,4.3793546917413836e-05
9,15,석수역,2026-09-11 20:00:00,2026-09-11 20:15:00,fare,outside|wd,5,"[108, 25, 13, 24, 12]","[25, 13, 24, 12, 108]","[25, 13, 24, 12, 108]",1,1,1,0,0,1,0,1,21,0,91.59663865546219,0.0,0.0,0.9844732447951892,4.3793546917413836e-05
9,15,석수역,2026-09-11 22:00:00,2026-09-11 22:15:00,walk,outside|wd,5,"[108, 25, 12, 13, 24]","[25, 12, 13, 24, 108]","[25, 12, 13, 24, 108]",1,1,1,0,0,1,0,1,21,0,91.59663865546219,1.694915254237288,1.694915254237288,0.9884724866411495,5.025290297872332e-05
9,15,석수역,2026-09-11 22:00:00,2026-09-11 22:15:00,fare,outside|wd,5,"[108, 25, 13, 24, 12]","[25, 13, 24, 12, 108]","[25, 13, 24, 12, 108]",1,1,1,0,0,1,0,1,21,0,91.59663865546219,1.694915254237288,1.694915254237288,0.9884724866411495,5.025290297872332e-05
9,15,범계역,2026-09-11 12:00:00,2026-09-11 12:15:00,walk,operating|wd,26,"[106, 16, 81, 241, 56, 261, 262, 30, 401, 183, 39, 182, 31, 161, 201, 42, 23, 165, 461, 166, 82, 40, 162, 521, 167, 163]","[16, 81, 241, 56, 261, 262, 30, 401, 183, 39, 182, 31, 161, 201, 42, 23, 165, 461, 166, 82, 40, 162, 521, 167, 163, 106]","[16, 81, 241, 56, 261, 262, 30, 401, 183, 39, 182, 31, 161, 201, 42, 23, 165, 461, 166, 82, 40, 162, 521, 167, 163, 106]",1,1,1,0,0,1,0,1,1,-500,100.0,3.7831021437578816,3.7831021437578816,0.999075284171742,7.765805891297904e-05
9,15,범계역,2026-09-11 12:00:00,2026-09-11 12:15:00,fare,operating|wd,26,"[16, 30, 401, 201, 42, 82, 521, 106, 81, 241, 56, 261, 262, 183, 39, 182, 31, 23, 461, 40, 161, 165, 166, 162, 167, 163]","[16, 30, 401, 201, 42, 82, 521, 81, 241, 56, 261, 262, 183, 39, 182, 31, 23, 461, 40, 161, 165, 166, 162, 167, 163, 106]","[16, 30, 401, 201, 42, 82, 521, 81, 241, 56, 261, 262, 183, 39, 182, 31, 23, 461, 40, 161, 165, 166, 162, 167, 163, 106]",1,0,0,0,0,0,0,0,0,0,3.7831021437578816,3.7831021437578816,3.7831021437578816,7.765805891297904e-05,7.765805891297904e-05
9,15,안양역,2026-09-11 10:00:00,2026-09-11 10:15:00,walk,operating|wd,11,"[48, 112, 53, 11, 52, 7, 8, 38, 29, 18, 28]","[48, 112, 53, 11, 52, 7, 8, 38, 29, 18, 28]","[112, 53, 11, 52, 7, 8, 38, 29, 18, 28, 48]",0,0,0,0,0,0,0,0,0,0,45.833333333333336,45.833333333333336,70.66666666666667,0.010232286458466947,0.010232286458466947
9,15,안양역,2026-09-11 10:00:00,2026-09-11 10:15:00,fare,operating|wd,11,"[18, 8, 38, 28, 48, 112, 53, 11, 52, 7, 29]","[18, 8, 38, 28, 48, 112, 53, 11, 52, 7, 29]","[18, 8, 38, 28, 112, 53, 11, 52, 7, 29, 48]",0,0,0,0,0,0,0,0,0,0,28.571428571428573,28.571428571428573,28.571428571428573,2.6756866691792227e-05,2.6756866691792227e-05
9,15,안양역,2026-09-11 12:00:00,2026-09-11 12:15:00,walk,operating|wd,11,"[48, 112, 53, 11, 52, 7, 8, 38, 29, 18, 28]","[48, 112, 53, 11, 52, 7, 8, 38, 29, 18, 28]","[48, 112, 53, 11, 52, 7, 8, 38, 29, 18, 28]",0,0,0,0,0,0,0,0,0,0,29.166666666666668,29.166666666666668,29.166666666666668,0.00040959758771371536,0.00040959758771371536
9,15,안양역,2026-09-11 12:00:00,2026-09-11 12:15:00,fare,operating|wd,11,"[18, 8, 38, 28, 48, 112, 53, 11, 52, 7, 29]","[18, 8, 38, 28, 48, 112, 53, 11, 52, 7, 29]","[18, 8, 38, 28, 48, 112, 53, 11, 52, 7, 29]",0,0,0,0,0,0,0,0,0,0,25.0,25.0,25.0,8.080021496051542e-05,8.080021496051542e-05
9,15,평촌역,2026-09-11 12:00:00,2026-09-11 12:15:00,walk,operating|wd,25,"[16, 31, 106, 162, 166, 241, 163, 161, 167, 164, 37, 172, 168, 169, 27, 165, 261, 170, 262, 56, 171, 10, 21, 81, 34]","[16, 31, 162, 166, 241, 163, 161, 167, 164, 37, 172, 168, 169, 27, 165, 261, 170, 262, 56, 171, 10, 21, 81, 34, 106]","[16, 31, 162, 166, 241, 163, 161, 167, 164, 37, 172, 168, 169, 27, 165, 261, 170, 262, 56, 171, 10, 21, 81, 34, 106]",1,0,0,0,0,0,0,0,0,0,3.7831021437578816,3.7831021437578816,3.7831021437578816,7.765805891297904e-05,7.765805891297904e-05
9,15,평촌역,2026-09-11 12:00:00,2026-09-11 12:15:00,fare,outside|wd,25,"[10, 16, 37, 27, 21, 34, 31, 106, 241, 172, 261, 262, 56, 81, 162, 166, 163, 161, 167, 164, 168, 169, 165, 170, 171]","[10, 16, 37, 27, 21, 34, 31, 241, 172, 261, 262, 56, 81, 162, 166, 163, 161, 167, 164, 168, 169, 165, 170, 171, 106]","[10, 16, 37, 27, 21, 34, 31, 241, 172, 261, 262, 56, 81, 162, 166, 163, 161, 167, 164, 168, 169, 165, 170, 171, 106]",1,0,0,0,0,0,0,0,0,0,56.59340659340659,56.59340659340659,56.59340659340659,0.00011244098680285277,0.00011244098680285277
9,15,인덕원역,2026-09-11 10:00:00,2026-09-11 10:15:00,walk,outside|wd,7,"[10, 172, 27, 171, 170, 164, 34]","[10, 172, 27, 171, 170, 164, 34]","[10, 172, 27, 171, 170, 164, 34]",0,0,0,0,0,0,0,0,0,0,58.79120879120879,58.79120879120879,58.79120879120879,3.7649468071382724e-05,3.7649468071382724e-05
9,15,인덕원역,2026-09-11 10:00:00,2026-09-11 10:15:00,fare,outside|wd,7,"[10, 27, 34, 172, 171, 170, 164]","[10, 27, 34, 172, 171, 170, 164]","[10, 27, 34, 172, 171, 170, 164]",0,0,0,0,0,0,0,0,0,0,58.79120879120879,58.79120879120879,58.79120879120879,3.7649468071382724e-05,3.7649468071382724e-05
9,15,인덕원역,2026-09-11 12:00:00,2026-09-11 12:15:00,walk,outside|wd,7,"[10, 172, 27, 171, 170, 164, 34]","[10, 172, 27, 171, 170, 164, 34]","[10, 172, 27, 171, 170, 164, 34]",0,0,0,0,0,0,0,0,0,0,56.59340659340659,56.59340659340659,56.59340659340659,0.00011244098680285277,0.00011244098680285277
9,15,인덕원역,2026-09-11 12:00:00,2026-09-11 12:15:00,fare,outside|wd,7,"[10, 27, 34, 172, 171, 170, 164]","[10, 27, 34, 172, 171, 170, 164]","[10, 27, 34, 172, 171, 170, 164]",0,0,0,0,0,0,0,0,0,0,56.59340659340659,56.59340659340659,56.59340659340659,0.00011244098680285277,0.00011244098680285277
9,30,안양시청,2026-09-11 10:00:00,2026-09-11 10:30:00,walk,operating|wd,5,"[106, 16, 31, 161, 165]","[16, 31, 161, 165, 106]","[16, 31, 161, 165, 106]",1,1,1,0,0,1,0,1,1,-500,100.0,11.475409836065573,11.475409836065573,0.9384666116075362,1.746860179799266e-05
9,30,안양시청,2026-09-11 10:00:00,2026-09-11 10:30:00,fare,operating|wd,5,"[16, 106, 31, 161, 165]","[16, 31, 161, 165, 106]","[16, 31, 161, 165, 106]",1,0,0,0,0,0,0,0,0,0,11.475409836065573,11.475409836065573,11.475409836065573,1.746860179799266e-05,1.746860179799266e-05
9,30,안양시청,2026-09-11 12:00:00,2026-09-11 12:30:00,walk,operating|wd,5,"[106, 16, 31, 161, 165]","[16, 31, 161, 165, 106]","[16, 31, 161, 165, 106]",1,1,1,0,0,1,0,1,1,-500,100.0,7.061790668348046,7.061790668348046,0.9968215892605413,2.6231143545792173e-05
9,30,안양시청,2026-09-11 12:00:00,2026-09-11 12:30:00,fare,operating|wd,5,"[16, 106, 31, 161, 165]","[16, 31, 161, 165, 106]","[16, 31, 161, 165, 106]",1,0,0,0,0,0,0,0,0,0,7.061790668348046,7.061790668348046,7.061790668348046,2.6231143545792173e-05,2.6231143545792173e-05
9,30,안양시청,2026-09-11 14:00:00,2026-09-11 14:30:00,walk,operating|wd,5,"[106, 16, 31, 161, 165]","[16, 31, 161, 165, 106]","[16, 31, 161, 165, 106]",1,1,1,0,0,1,0,1,1,-500,100.0,14.627994955863809,14.627994955863809,0.996754693533565,1.873429077659236e-05
9,30,안양시청,2026-09-11 14:00:00,2026-09-11 14:30:00,fare,operating|wd,5,"[16, 106, 31, 161, 165]","[16, 31, 161, 165, 106]","[16, 31, 161, 165, 106]",1,0,0,0,0,0,0,0,0,0,14.627994955863809,14.627994955863809,14.627994955863809,1.873429077659236e-05,1.873429077659236e-05
9,30,석수역,2026-09-11 06:00:00,2026-09-11 06:30:00,walk,outside|wd,5,"[108, 25, 12, 13, 24]","[25, 12, 13, 24, 108]","[25, 12, 13, 24, 108]",1,1,1,0,0,1,0,1,21,0,99.15966386554622,48.30508474576271,48.30508474576271,0.9958991434230647,5.350715060108333e-05
9,30,석수역,2026-09-11 06:00:00,2026-09-11 06:30:00,fare,outside|wd,5,"[108, 25, 13, 24, 12]","[25, 13, 24, 12, 108]","[25, 13, 24, 12, 108]",1,1,1,0,0,1,0,1,21,0,99.15966386554622,48.30508474576271,48.30508474576271,0.9958991434230647,5.350715060108333e-05
9,30,석수역,2026-09-11 08:00:00,2026-09-11 08:30:00,walk,outside|wd,5,"[108, 25, 12, 13, 24]","[25, 12, 13, 24, 108]","[25, 12, 13, 24, 108]",1,1,1,0,0,1,0,1,21,0,98.31932773109244,35.59322033898305,35.59322033898305,0.9962578944279861,4.043167267027075e-05
9,30,석수역,2026-09-11 08:00:00,2026-09-11 08:30:00,fare,outside|wd,5,"[108, 25, 13, 24, 12]","[25, 13, 24, 12, 108]","[25, 13, 24, 12, 108]",1,1,1,0,0,1,0,1,21,0,98.31932773109244,35.59322033898305,35.59322033898305,0.9962578944279861,4.043167267027075e-05
9,30,석수역,2026-09-11 10:00:00,2026-09-11 10:30:00,walk,operating|wd,5,"[108, 25, 12, 13, 24]","[108, 25, 12, 13, 24]","[108, 25, 12, 13, 24]",0,0,0,0,0,0,0,0,0,0,42.016806722689076,42.016806722689076,42.016806722689076,0.0008742763337160552,0.0008742763337160552
9,30,석수역,2026-09-11 10:00:00,2026-09-11 10:30:00,fare,operating|wd,5,"[108, 25, 12, 13, 24]","[108, 25, 12, 13, 24]","[108, 25, 12, 13, 24]",0,0,0,0,0,0,0,0,0,0,42.016806722689076,42.016806722689076,42.016806722689076,0.0008742763337160552,0.0008742763337160552
9,30,석수역,2026-09-11 12:00:00,2026-09-11 12:30:00,walk,operating|wd,5,"[108, 25, 12, 13, 24]","[108, 25, 12, 13, 24]","[108, 25, 12, 13, 24]",0,0,0,0,0,0,0,0,0,0,42.857142857142854,42.857142857142854,42.857142857142854,0.0008436521794675662,0.0008436521794675662
9,30,석수역,2026-09-11 12:00:00,2026-09-11 12:30:00,fare,operating|wd,5,"[108, 25, 12, 13, 24]","[108, 25, 12, 13, 24]","[108, 25, 12, 13, 24]",0,0,0,0,0,0,0,0,0,0,42.857142857142854,42.857142857142854,42.857142857142854,0.0008436521794675662,0.0008436521794675662
9,30,석수역,2026-09-11 14:00:00,2026-09-11 14:30:00,walk,operating|wd,5,"[108, 25, 12, 13, 24]","[108, 25, 12, 13, 24]","[108, 25, 12, 13, 24]",0,0,0,0,0,0,0,0,0,0,37.81512605042017,37.81512605042017,37.81512605042017,0.0006045544098640643,0.0006045544098640643
9,30,석수역,2026-09-11 14:00:00,2026-09-11 14:30:00,fare,operating|wd,5,"[108, 25, 12, 13, 24]","[108, 25, 12, 13, 24]","[108, 25, 12, 13, 24]",0,0,0,0,0,0,0,0,0,0,37.81512605042017,37.81512605042017,37.81512605042017,0.0006045544098640643,0.0006045544098640643
9,30,석수역,2026-09-11 20:00:00,2026-09-11 20:30:00,walk,outside|wd,5,"[108, 25, 12, 13, 24]","[25, 12, 13, 24, 108]","[25, 12, 13, 24, 108]",1,1,1,0,0,1,0,1,21,0,91.59663865546219,1.694915254237288,1.694915254237288,0.987748879076733,3.237402840289412e-05
9,30,석수역,2026-09-11 20:00:00,2026-09-11 20:30:00,fare,outside|wd,5,"[108, 25, 13, 24, 12]","[25, 13, 24, 12, 108]","[25, 13, 24, 12, 108]",1,1,1,0,0,1,0,1,21,0,91.59663865546219,1.694915254237288,1.694915254237288,0.987748879076733,3.237402840289412e-05
9,30,석수역,2026-09-11 22:00:00,2026-09-11 22:30:00,walk,outside|wd,5,"[108, 25, 12, 13, 24]","[25, 12, 13, 24, 108]","[25, 12, 13, 24, 108]",1,1,1,0,0,1,0,1,21,0,91.59663865546219,2.542372881355932,2.542372881355932,0.9919153046727528,4.019650062117142e-05
9,30,석수역,2026-09-11 22:00:00,2026-09-11 22:30:00,fare,outside|wd,5,"[108, 25, 13, 24, 12]","[25, 13, 24, 12, 108]","[25, 13, 24, 12, 108]",1,1,1,0,0,1,0,1,21,0,91.59663865546219,2.542372881355932,2.542372881355932,0.9919153046727528,4.019650062117142e-05
9,30,범계역,2026-09-11 12:00:00,2026-09-11 12:30:00,walk,operating|wd,26,"[106, 16, 81, 241, 56, 261, 262, 30, 401, 183, 39, 182, 31, 161, 201, 42, 23, 165, 461, 166, 82, 40, 162, 521, 167, 163]","[16, 81, 241, 56, 261, 262, 30, 401, 183, 39, 182, 31, 161, 201, 42, 23, 165, 461, 166, 82, 40, 162, 521, 167, 163, 106]","[16, 81, 241, 56, 261, 262, 30, 401, 183, 39, 182, 31, 161, 201, 42, 23, 165, 461, 166, 82, 40, 162, 521, 167, 163, 106]",1,1,1,0,0,1,0,1,1,-500,100.0,7.061790668348046,7.061790668348046,0.9968215892605413,2.6231143545792173e-05
9,30,범계역,2026-09-11 12:00:00,2026-09-11 12:30:00,fare,operating|wd,26,"[16, 30, 401, 201, 42, 82, 521, 106, 81, 241, 56, 261, 262, 183, 39, 182, 31, 23, 461, 40, 161, 165, 166, 162, 167, 163]","[16, 30, 401, 201, 42, 82, 521, 81, 241, 56, 261, 262, 183, 39, 182, 31, 23, 461, 40, 161, 165, 166, 162, 167, 163, 106]","[16, 30, 401, 201, 42, 82, 521, 81, 241, 56, 261, 262, 183, 39, 182, 31, 23, 461, 40, 161, 165, 166, 162, 167, 163, 106]",1,0,0,0,0,0,0,0,0,0,7.061790668348046,7.061790668348046,7.061790668348046,2.6231143545792173e-05,2.6231143545792173e-05
9,30,범계역,2026-09-11 14:00:00,2026-09-11 14:30:00,walk,operating|wd,26,"[106, 16, 81, 241, 56, 261, 262, 30, 401, 183, 39, 182, 31, 161, 201, 42, 23, 165, 461, 166, 82, 40, 162, 521, 167, 163]","[16, 81, 241, 56, 261, 262, 30, 401, 183, 39, 182, 31, 161, 201, 42, 23, 165, 461, 166, 82, 40, 162, 521, 167, 163, 106]","[16, 81, 241, 56, 261, 262, 30, 401, 183, 39, 182, 31, 161, 201, 42, 23, 165, 461, 166, 82, 40, 162, 521, 167, 163, 106]",1,1,1,0,0,1,0,1,1,-500,100.0,14.627994955863809,14.627994955863809,0.996754693533565,1.873429077659236e-05
9,30,범계역,2026-09-11 14:00:00,2026-09-11 14:30:00,fare,operating|wd,26,"[16, 30, 401, 201, 42, 82, 521, 106, 81, 241, 56, 261, 262, 183, 39, 182, 31, 23, 461, 40, 161, 165, 166, 162, 167, 163]","[16, 30, 401, 201, 42, 82, 521, 81, 241, 56, 261, 262, 183, 39, 182, 31, 23, 461, 40, 161, 165, 166, 162, 167, 163, 106]","[16, 30, 401, 201, 42, 82, 521, 81, 241, 56, 261, 262, 183, 39, 182, 31, 23, 461, 40, 161, 165, 166, 162, 167, 163, 106]",1,0,0,0,0,0,0,0,0,0,14.627994955863809,14.627994955863809,14.627994955863809,1.873429077659236e-05,1.873429077659236e-05
9,30,안양역,2026-09-11 10:00:00,2026-09-11 10:30:00,walk,operating|wd,11,"[48, 112, 53, 11, 52, 7, 8, 38, 29, 18, 28]","[48, 112, 53, 11, 52, 7, 8, 38, 29, 18, 28]","[112, 53, 11, 52, 7, 8, 38, 29, 18, 28, 48]",0,0,0,0,0,0,0,0,0,0,41.666666666666664,41.666666666666664,64.0,0.004237482491953445,0.004237482491953445
9,30,안양역,2026-09-11 10:00:00,2026-09-11 10:30:00,fare,operating|wd,11,"[18, 8, 38, 28, 48, 112, 53, 11, 52, 7, 29]","[18, 8, 38, 28, 48, 112, 53, 11, 52, 7, 29]","[18, 8, 38, 28, 112, 53, 11, 52, 7, 29, 48]",0,0,0,0,0,0,0,0,0,0,28.571428571428573,28.571428571428573,28.571428571428573,2.0462223841791587e-05,2.0462223841791587e-05
9,30,안양역,2026-09-11 12:00:00,2026-09-11 12:30:00,walk,operating|wd,11,"[48, 112, 53, 11, 52, 7, 8, 38, 29, 18, 28]","[48, 112, 53, 11, 52, 7, 8, 38, 29, 18, 28]","[48, 112, 53, 11, 52, 7, 8, 38, 29, 18, 28]",0,0,0,0,0,0,0,0,0,0,25.0,25.0,25.0,0.0002406128366661457,0.0002406128366661457
9,30,안양역,2026-09-11 12:00:00,2026-09-11 12:30:00,fare,operating|wd,11,"[18, 8, 38, 28, 48, 112, 53, 11, 52, 7, 29]","[18, 8, 38, 28, 48, 112, 53, 11, 52, 7, 29]","[18, 8, 38, 28, 48, 112, 53, 11, 52, 7, 29]",0,0,0,0,0,0,0,0,0,0,19.642857142857142,19.642857142857142,19.642857142857142,2.7207561967723413e-05,2.7207561967723413e-05
9,30,안양역,2026-09-11 14:00:00,2026-09-11 14:30:00,walk,operating|wd,11,"[48, 112, 53, 11, 52, 7, 8, 38, 29, 18, 28]","[48, 112, 53, 11, 52, 7, 8, 38, 29, 18, 28]","[48, 112, 53, 11, 52, 7, 8, 38, 29, 18, 28]",0,0,0,0,0,0,0,0,0,0,37.5,37.5,37.5,0.0004069732191950973,0.0004069732191950973
9,30,안양역,2026-09-11 14:00:00,2026-09-11 14:30:00,fare,operating|wd,11,"[18, 8, 38, 28, 48, 112, 53, 11, 52, 7, 29]","[18, 8, 38, 28, 48, 112, 53, 11, 52, 7, 29]","[18, 8, 38, 28, 48, 112, 53, 11, 52, 7, 29]",0,0,0,0,0,0,0,0,0,0,23.214285714285715,23.214285714285715,23.214285714285715,2.165094396135922e-05,2.165094396135922e-05
9,30,평촌역,2026-09-11 12:00:00,2026-09-11 12:30:00,walk,operating|wd,25,"[16, 31, 106, 162, 166, 241, 163, 161, 167, 164, 37, 172, 168, 169, 27, 165, 261, 170, 262, 56, 171, 10, 21, 81, 34]","[16, 31, 162, 166, 241, 163, 161, 167, 164, 37, 172, 168, 169, 27, 165, 261, 170, 262, 56, 171, 10, 21, 81, 34, 106]","[16, 31, 162, 166, 241, 163, 161, 167, 164, 37, 172, 168, 169, 27, 165, 261, 170, 262, 56, 171, 10, 21, 81, 34, 106]",1,0,0,0,0,0,0,0,0,0,7.061790668348046,7.061790668348046,7.061790668348046,2.6231143545792173e-05,2.6231143545792173e-05
9,30,평촌역,2026-09-11 12:00:00,2026-09-11 12:30:00,fare,outside|wd,25,"[10, 16, 37, 27, 21, 34, 31, 106, 241, 172, 261, 262, 56, 81, 162, 166, 163, 161, 167, 164, 168, 169, 165, 170, 171]","[10, 16, 37, 27, 21, 34, 31, 241, 172, 261, 262, 56, 81, 162, 166, 163, 161, 167, 164, 168, 169, 165, 170, 171, 106]","[10, 16, 37, 27, 21, 34, 31, 241, 172, 261, 262, 56, 81, 162, 166, 163, 161, 167, 164, 168, 169, 165, 170, 171, 106]",1,0,0,0,0,0,0,0,0,0,57.69230769230769,57.69230769230769,57.69230769230769,0.00012171531760089118,0.00012171531760089118
9,30,평촌역,2026-09-11 14:00:00,2026-09-11 14:30:00,walk,operating|wd,25,"[16, 31, 106, 162, 166, 241, 163, 161, 167, 164, 37, 172, 168, 169, 27, 165, 261, 170, 262, 56, 171, 10, 21, 81, 34]","[16, 31, 162, 166, 241, 163, 161, 167, 164, 37, 172, 168, 169, 27, 165, 261, 170, 262, 56, 171, 10, 21, 81, 34, 106]","[16, 31, 162, 166, 241, 163, 161, 167, 164, 37, 172, 168, 169, 27, 165, 261, 170, 262, 56, 171, 10, 21, 81, 34, 106]",1,0,0,0,0,0,0,0,0,0,14.627994955863809,14.627994955863809,14.627994955863809,1.873429077659236e-05,1.873429077659236e-05
9,30,평촌역,2026-09-11 14:00:00,2026-09-11 14:30:00,fare,outside|wd,25,"[10, 16, 37, 27, 21, 34, 31, 106, 241, 172, 261, 262, 56, 81, 162, 166, 163, 161, 167, 164, 168, 169, 165, 170, 171]","[10, 16, 37, 27, 21, 34, 31, 241, 172, 261, 262, 56, 81, 162, 166, 163, 161, 167, 164, 168, 169, 165, 170, 171, 106]","[10, 16, 37, 27, 21, 34, 31, 241, 172, 261, 262, 56, 81, 162, 166, 163, 161, 167, 164, 168, 169, 165, 170, 171, 106]",1,0,0,0,0,0,0,0,0,0,56.043956043956044,56.043956043956044,56.043956043956044,0.0001399091947806284,0.0001399091947806284
9,30,인덕원역,2026-09-11 10:00:00,2026-09-11 10:30:00,walk,outside|wd,7,"[10, 172, 27, 171, 170, 164, 34]","[10, 172, 27, 171, 170, 164, 34]","[10, 172, 27, 171, 170, 164, 34]",0,0,0,0,0,0,0,0,0,0,58.79120879120879,58.79120879120879,58.79120879120879,0.00011011950453965121,0.00011011950453965121
9,30,인덕원역,2026-09-11 10:00:00,2026-09-11 10:30:00,fare,outside|wd,7,"[10, 27, 34, 172, 171, 170, 164]","[10, 27, 34, 172, 171, 170, 164]","[10, 27, 34, 172, 171, 170, 164]",0,0,0,0,0,0,0,0,0,0,58.79120879120879,58.79120879120879,58.79120879120879,0.00011011950453965121,0.00011011950453965121
9,30,인덕원역,2026-09-11 12:00:00,2026-09-11 12:30:00,walk,outside|wd,7,"[10, 172, 27, 171, 170, 164, 34]","[10, 172, 27, 171, 170, 164, 34]","[10, 172, 27, 171, 170, 164, 34]",0,0,0,0,0,0,0,0,0,0,57.69230769230769,57.69230769230769,57.69230769230769,0.00012171531760089118,0.00012171531760089118
9,30,인덕원역,2026-09-11 12:00:00,2026-09-11 12:30:00,fare,outside|wd,7,"[10, 27, 34, 172, 171, 170, 164]","[10, 27, 34, 172, 171, 170, 164]","[10, 27, 34, 172, 171, 170, 164]",0,0,0,0,0,0,0,0,0,0,57.69230769230769,57.69230769230769,57.69230769230769,0.00012171531760089118,0.00012171531760089118
9,30,인덕원역,2026-09-11 14:00:00,2026-09-11 14:30:00,walk,outside|wd,7,"[10, 172, 27, 171, 170, 164, 34]","[10, 172, 27, 171, 170, 164, 34]","[10, 172, 27, 171, 170, 164, 34]",0,0,0,0,0,0,0,0,0,0,56.043956043956044,56.043956043956044,56.043956043956044,0.0001399091947806284,0.0001399091947806284
9,30,인덕원역,2026-09-11 14:00:00,2026-09-11 14:30:00,fare,outside|wd,7,"[10, 27, 34, 172, 171, 170, 164]","[10, 27, 34, 172, 171, 170, 164]","[10, 27, 34, 172, 171, 170, 164]",0,0,0,0,0,0,0,0,0,0,56.043956043956044,56.043956043956044,56.043956043956044,0.0001399091947806284,0.0001399091947806284
9,60,안양시청,2026-09-11 10:00:00,2026-09-11 11:00:00,walk,operating|wd,5,"[106, 16, 31, 161, 165]","[16, 31, 161, 165, 106]","[16, 31, 161, 165, 106]",1,1,1,0,0,1,0,1,1,-500,100.0,4.03530895334174,4.03530895334174,0.921913520991422,3.483281512374329e-05
9,60,안양시청,2026-09-11 10:00:00,2026-09-11 11:00:00,fare,operating|wd,5,"[16, 106, 31, 161, 165]","[16, 31, 161, 165, 106]","[16, 31, 161, 165, 106]",1,0,0,0,0,0,0,0,0,0,4.03530895334174,4.03530895334174,4.03530895334174,3.483281512374329e-05,3.483281512374329e-05
9,60,안양시청,2026-09-11 12:00:00,2026-09-11 13:00:00,walk,operating|wd,5,"[106, 16, 31, 161, 165]","[16, 31, 161, 165, 106]","[16, 31, 161, 165, 106]",1,1,1,0,0,1,0,1,1,-500,100.0,9.331651954602775,9.331651954602775,0.9962431964556008,3.305550809243753e-05
9,60,안양시청,2026-09-11 12:00:00,2026-09-11 13:00:00,fare,operating|wd,5,"[16, 106, 31, 161, 165]","[16, 31, 161, 165, 106]","[16, 31, 161, 165, 106]",1,0,0,0,0,0,0,0,0,0,9.331651954602775,9.331651954602775,9.331651954602775,3.305550809243753e-05,3.305550809243753e-05
9,60,석수역,2026-09-11 06:00:00,2026-09-11 07:00:00,walk,outside|wd,5,"[108, 25, 12, 13, 24]","[25, 12, 13, 24, 108]","[25, 12, 13, 24, 108]",1,1,1,0,0,1,0,1,21,0,98.31932773109244,43.220338983050844,43.220338983050844,0.9840108827684159,5.5602506069986976e-05
9,60,석수역,2026-09-11 06:00:00,2026-09-11 07:00:00,fare,outside|wd,5,"[108, 25, 13, 24, 12]","[25, 13, 24, 12, 108]","[25, 13, 24, 12, 108]",1,1,1,0,0,1,0,1,21,0,98.31932773109244,43.220338983050844,43.220338983050844,0.9840108827684159,5.5602506069986976e-05
9,60,석수역,2026-09-11 08:00:00,2026-09-11 09:00:00,walk,operating|wd,5,"[108, 25, 12, 13, 24]","[25, 12, 13, 24, 108]","[25, 12, 13, 24, 108]",1,1,1,0,0,1,0,1,21,0,98.31932773109244,32.20338983050848,32.20338983050848,0.9123253528931479,5.635187240678784e-05
9,60,석수역,2026-09-11 08:00:00,2026-09-11 09:00:00,fare,operating|wd,5,"[108, 25, 12, 13, 24]","[25, 12, 13, 24, 108]","[25, 12, 13, 24, 108]",1,1,1,0,0,1,0,1,21,0,98.31932773109244,32.20338983050848,32.20338983050848,0.9123253528931479,5.635187240678784e-05
9,60,석수역,2026-09-11 10:00:00,2026-09-11 11:00:00,walk,operating|wd,5,"[108, 25, 12, 13, 24]","[108, 25, 12, 13, 24]","[108, 25, 12, 13, 24]",0,0,0,0,0,0,0,0,0,0,40.33613445378151,40.33613445378151,40.33613445378151,0.0010185743170230065,0.0010185743170230065
9,60,석수역,2026-09-11 10:00:00,2026-09-11 11:00:00,fare,operating|wd,5,"[108, 25, 12, 13, 24]","[108, 25, 12, 13, 24]","[108, 25, 12, 13, 24]",0,0,0,0,0,0,0,0,0,0,40.33613445378151,40.33613445378151,40.33613445378151,0.0010185743170230065,0.0010185743170230065
9,60,석수역,2026-09-11 12:00:00,2026-09-11 13:00:00,walk,operating|wd,5,"[108, 25, 12, 13, 24]","[108, 25, 12, 13, 24]","[108, 25, 12, 13, 24]",0,0,0,0,0,0,0,0,0,0,42.857142857142854,42.857142857142854,42.857142857142854,0.0021866000356884504,0.0021866000356884504
9,60,석수역,2026-09-11 12:00:00,2026-09-11 13:00:00,fare,operating|wd,5,"[108, 25, 12, 13, 24]","[108, 25, 12, 13, 24]","[108, 25, 12, 13, 24]",0,0,0,0,0,0,0,0,0,0,42.857142857142854,42.857142857142854,42.857142857142854,0.0021866000356884504,0.0021866000356884504
9,60,석수역,2026-09-11 20:00:00,2026-09-11 21:00:00,walk,outside|wd,5,"[108, 25, 12, 13, 24]","[25, 12, 13, 24, 108]","[25, 12, 13, 24, 108]",1,1,1,0,0,1,0,1,21,0,91.59663865546219,0.0,0.0,0.9801409095791839,7.001223959563563e-05
9,60,석수역,2026-09-11 20:00:00,2026-09-11 21:00:00,fare,outside|wd,5,"[108, 25, 13, 24, 12]","[25, 13, 24, 12, 108]","[25, 13, 24, 12, 108]",1,1,1,0,0,1,0,1,21,0,91.59663865546219,0.0,0.0,0.9801409095791839,7.001223959563563e-05
9,60,범계역,2026-09-11 12:00:00,2026-09-11 13:00:00,walk,operating|wd,26,"[106, 16, 81, 241, 56, 261, 262, 30, 401, 183, 39, 182, 31, 161, 201, 42, 23, 165, 461, 166, 82, 40, 162, 521, 167, 163]","[16, 81, 241, 56, 261, 262, 30, 401, 183, 39, 182, 31, 161, 201, 42, 23, 165, 461, 166, 82, 40, 162, 521, 167, 163, 106]","[16, 81, 241, 56, 261, 262, 30, 401, 183, 39, 182, 31, 161, 201, 42, 23, 165, 461, 166, 82, 40, 162, 521, 167, 163, 106]",1,1,1,0,0,1,0,1,1,-500,100.0,9.331651954602775,9.331651954602775,0.9962431964556008,3.305550809243753e-05
9,60,범계역,2026-09-11 12:00:00,2026-09-11 13:00:00,fare,operating|wd,26,"[16, 30, 401, 201, 42, 82, 521, 106, 81, 241, 56, 261, 262, 183, 39, 182, 31, 23, 461, 40, 161, 165, 166, 162, 167, 163]","[16, 30, 401, 201, 42, 82, 521, 81, 241, 56, 261, 262, 183, 39, 182, 31, 23, 461, 40, 161, 165, 166, 162, 167, 163, 106]","[16, 30, 401, 201, 42, 82, 521, 81, 241, 56, 261, 262, 183, 39, 182, 31, 23, 461, 40, 161, 165, 166, 162, 167, 163, 106]",1,0,0,0,0,0,0,0,0,0,9.331651954602775,9.331651954602775,9.331651954602775,3.305550809243753e-05,3.305550809243753e-05
9,60,안양역,2026-09-11 10:00:00,2026-09-11 11:00:00,walk,operating|wd,11,"[48, 112, 53, 11, 52, 7, 8, 38, 29, 18, 28]","[48, 112, 53, 11, 52, 7, 8, 38, 29, 18, 28]","[112, 53, 11, 52, 7, 8, 38, 29, 18, 28, 48]",0,0,0,0,0,0,0,0,0,0,25.0,25.0,53.333333333333336,0.007485553304507763,0.007485553304507763
9,60,안양역,2026-09-11 10:00:00,2026-09-11 11:00:00,fare,operating|wd,11,"[18, 8, 38, 28, 48, 112, 53, 11, 52, 7, 29]","[18, 8, 38, 28, 48, 112, 53, 11, 52, 7, 29]","[18, 8, 38, 28, 112, 53, 11, 52, 7, 29, 48]",0,0,0,0,0,0,0,0,0,0,28.571428571428573,28.571428571428573,28.571428571428573,3.947625109696122e-05,3.947625109696122e-05
9,60,안양역,2026-09-11 12:00:00,2026-09-11 13:00:00,walk,operating|wd,11,"[48, 112, 53, 11, 52, 7, 8, 38, 29, 18, 28]","[48, 112, 53, 11, 52, 7, 8, 38, 29, 18, 28]","[48, 112, 53, 11, 52, 7, 8, 38, 29, 18, 28]",0,0,0,0,0,0,0,0,0,0,54.166666666666664,54.166666666666664,54.166666666666664,0.0004015757791779302,0.0004015757791779302
9,60,안양역,2026-09-11 12:00:00,2026-09-11 13:00:00,fare,operating|wd,11,"[18, 8, 38, 28, 48, 112, 53, 11, 52, 7, 29]","[18, 8, 38, 28, 48, 112, 53, 11, 52, 7, 29]","[18, 8, 38, 28, 48, 112, 53, 11, 52, 7, 29]",0,0,0,0,0,0,0,0,0,0,21.428571428571427,21.428571428571427,21.428571428571427,4.007903382557336e-05,4.007903382557336e-05
9,60,평촌역,2026-09-11 12:00:00,2026-09-11 13:00:00,walk,operating|wd,25,"[16, 31, 106, 162, 166, 241, 163, 161, 167, 164, 37, 172, 168, 169, 27, 165, 261, 170, 262, 56, 171, 10, 21, 81, 34]","[16, 31, 162, 166, 241, 163, 161, 167, 164, 37, 172, 168, 169, 27, 165, 261, 170, 262, 56, 171, 10, 21, 81, 34, 106]","[16, 31, 162, 166, 241, 163, 161, 167, 164, 37, 172, 168, 169, 27, 165, 261, 170, 262, 56, 171, 10, 21, 81, 34, 106]",1,0,0,0,0,0,0,0,0,0,9.331651954602775,9.331651954602775,9.331651954602775,3.305550809243753e-05,3.305550809243753e-05
9,60,평촌역,2026-09-11 12:00:00,2026-09-11 13:00:00,fare,outside|wd,25,"[10, 16, 37, 27, 21, 34, 31, 106, 241, 172, 261, 262, 56, 81, 162, 166, 163, 161, 167, 164, 168, 169, 165, 170, 171]","[10, 16, 37, 27, 21, 34, 31, 241, 172, 261, 262, 56, 81, 162, 166, 163, 161, 167, 164, 168, 169, 165, 170, 171, 106]","[10, 16, 37, 27, 21, 34, 31, 241, 172, 261, 262, 56, 81, 162, 166, 163, 161, 167, 164, 168, 169, 165, 170, 171, 106]",1,0,0,0,0,0,0,0,0,0,62.08791208791209,62.08791208791209,62.08791208791209,0.00021187849814953186,0.00021187849814953186
9,60,인덕원역,2026-09-11 10:00:00,2026-09-11 11:00:00,walk,outside|wd,7,"[10, 172, 27, 171, 170, 164, 34]","[10, 172, 27, 171, 170, 164, 34]","[10, 172, 27, 171, 170, 164, 34]",0,0,0,0,0,0,0,0,0,0,58.79120879120879,58.79120879120879,58.79120879120879,0.000459837480294068,0.000459837480294068
9,60,인덕원역,2026-09-11 10:00:00,2026-09-11 11:00:00,fare,outside|wd,7,"[10, 27, 34, 172, 171, 170, 164]","[10, 27, 34, 172, 171, 170, 164]","[10, 27, 34, 172, 171, 170, 164]",0,0,0,0,0,0,0,0,0,0,58.79120879120879,58.79120879120879,58.79120879120879,0.000459837480294068,0.000459837480294068
9,60,인덕원역,2026-09-11 12:00:00,2026-09-11 13:00:00,walk,outside|wd,7,"[10, 172, 27, 171, 170, 164, 34]","[10, 172, 27, 171, 170, 164, 34]","[10, 172, 27, 171, 170, 164, 34]",0,0,0,0,0,0,0,0,0,0,62.08791208791209,62.08791208791209,62.08791208791209,0.00021187849814953186,0.00021187849814953186
9,60,인덕원역,2026-09-11 12:00:00,2026-09-11 13:00:00,fare,outside|wd,7,"[10, 27, 34, 172, 171, 170, 164]","[10, 27, 34, 172, 171, 170, 164]","[10, 27, 34, 172, 171, 170, 164]",0,0,0,0,0,0,0,0,0,0,62.08791208791209,62.08791208791209,62.08791208791209,0.00021187849814953186,0.00021187849814953186
9,120,안양시청,2026-09-11 10:00:00,2026-09-11 12:00:00,walk,operating|wd,5,"[106, 16, 31, 161, 165]","[16, 31, 161, 165, 106]","[16, 31, 161, 165, 106]",1,1,1,0,0,1,0,1,1,-500,100.0,4.03530895334174,4.03530895334174,0.9184340470217234,5.145849710890252e-05
9,120,안양시청,2026-09-11 10:00:00,2026-09-11 12:00:00,fare,operating|wd,5,"[16, 106, 31, 161, 165]","[16, 31, 161, 165, 106]","[16, 31, 161, 165, 106]",1,0,0,0,0,0,0,0,0,0,4.03530895334174,4.03530895334174,4.03530895334174,5.145849710890252e-05,5.145849710890252e-05
9,120,안양시청,2026-09-11 12:00:00,2026-09-11 14:00:00,walk,operating|wd,5,"[106, 16, 31, 161, 165]","[16, 31, 161, 165, 106]","[16, 31, 161, 165, 106]",1,1,1,0,0,1,0,1,1,-500,100.0,12.35813366960908,12.35813366960908,0.9883426556623839,4.751138150651654e-05
9,120,안양시청,2026-09-11 12:00:00,2026-09-11 14:00:00,fare,operating|wd,5,"[16, 106, 31, 161, 165]","[16, 31, 161, 165, 106]","[16, 31, 161, 165, 106]",1,0,0,0,0,0,0,0,0,0,12.35813366960908,12.35813366960908,12.35813366960908,4.751138150651654e-05,4.751138150651654e-05
9,120,안양시청,2026-09-11 14:00:00,2026-09-11 16:00:00,walk,operating|wd,5,"[106, 16, 31, 161, 165]","[16, 31, 161, 165, 106]","[16, 31, 161, 165, 106]",1,1,1,0,0,1,0,1,1,-500,100.0,22.194199243379572,22.194199243379572,0.9932780770198729,4.739260782206198e-05
9,120,안양시청,2026-09-11 14:00:00,2026-09-11 16:00:00,fare,operating|wd,5,"[16, 106, 31, 161, 165]","[16, 31, 161, 165, 106]","[16, 31, 161, 165, 106]",1,0,0,0,0,0,0,0,0,0,22.194199243379572,22.194199243379572,22.194199243379572,4.739260782206198e-05,4.739260782206198e-05
9,120,석수역,2026-09-11 06:00:00,2026-09-11 08:00:00,walk,outside|wd,5,"[108, 25, 12, 13, 24]","[25, 12, 13, 24, 108]","[25, 12, 13, 24, 108]",1,1,1,0,0,1,0,1,21,0,98.31932773109244,41.52542372881356,41.52542372881356,0.9523433003316445,0.00010070629167434232
9,120,석수역,2026-09-11 06:00:00,2026-09-11 08:00:00,fare,outside|wd,5,"[108, 25, 13, 24, 12]","[25, 13, 24, 12, 108]","[25, 13, 24, 12, 108]",1,1,1,0,0,1,0,1,21,0,98.31932773109244,41.52542372881356,41.52542372881356,0.9523433003316445,0.00010070629167434232
9,120,석수역,2026-09-11 08:00:00,2026-09-11 10:00:00,walk,operating|wd,5,"[108, 25, 12, 13, 24]","[108, 25, 12, 13, 24]","[25, 12, 13, 24, 108]",0,0,0,0,0,0,0,0,0,0,47.89915966386555,47.89915966386555,21.1864406779661,0.027308884712314446,0.027308884712314446
9,120,석수역,2026-09-11 08:00:00,2026-09-11 10:00:00,fare,operating|wd,5,"[108, 25, 12, 13, 24]","[108, 25, 12, 13, 24]","[25, 12, 13, 24, 108]",0,0,0,0,0,0,0,0,0,0,47.89915966386555,47.89915966386555,21.1864406779661,0.027308884712314446,0.027308884712314446
9,120,석수역,2026-09-11 10:00:00,2026-09-11 12:00:00,walk,operating|wd,5,"[108, 25, 12, 13, 24]","[108, 25, 12, 13, 24]","[108, 25, 12, 13, 24]",0,0,0,0,0,0,0,0,0,0,41.1764705882353,41.1764705882353,41.1764705882353,0.0025017691872097235,0.0025017691872097235
9,120,석수역,2026-09-11 10:00:00,2026-09-11 12:00:00,fare,operating|wd,5,"[108, 25, 12, 13, 24]","[108, 25, 12, 13, 24]","[108, 25, 12, 13, 24]",0,0,0,0,0,0,0,0,0,0,41.1764705882353,41.1764705882353,41.1764705882353,0.0025017691872097235,0.0025017691872097235
9,120,석수역,2026-09-11 12:00:00,2026-09-11 14:00:00,walk,operating|wd,5,"[108, 25, 12, 13, 24]","[108, 25, 12, 13, 24]","[108, 25, 12, 13, 24]",0,0,0,0,0,0,0,0,0,0,42.016806722689076,42.016806722689076,42.016806722689076,0.0039541000719091595,0.0039541000719091595
9,120,석수역,2026-09-11 12:00:00,2026-09-11 14:00:00,fare,operating|wd,5,"[108, 25, 12, 13, 24]","[108, 25, 12, 13, 24]","[108, 25, 12, 13, 24]",0,0,0,0,0,0,0,0,0,0,42.016806722689076,42.016806722689076,42.016806722689076,0.0039541000719091595,0.0039541000719091595
9,120,석수역,2026-09-11 14:00:00,2026-09-11 16:00:00,walk,operating|wd,5,"[108, 25, 12, 13, 24]","[108, 25, 12, 13, 24]","[108, 25, 12, 13, 24]",0,0,0,0,0,0,0,0,0,0,42.857142857142854,42.857142857142854,42.857142857142854,0.020472619280589334,0.020472619280589334
9,120,석수역,2026-09-11 14:00:00,2026-09-11 16:00:00,fare,operating|wd,5,"[108, 25, 12, 13, 24]","[108, 25, 12, 13, 24]","[108, 25, 12, 13, 24]",0,0,0,0,0,0,0,0,0,0,42.857142857142854,42.857142857142854,42.857142857142854,0.020472619280589334,0.020472619280589334
9,120,석수역,2026-09-11 20:00:00,2026-09-11 22:00:00,walk,outside|wd,5,"[108, 25, 12, 13, 24]","[25, 12, 13, 24, 108]","[25, 12, 13, 24, 108]",1,1,1,0,0,1,0,1,21,0,91.59663865546219,0.0,0.0,0.9535920117784219,0.00010791912806627527
9,120,석수역,2026-09-11 20:00:00,2026-09-11 22:00:00,fare,outside|wd,5,"[108, 25, 13, 24, 12]","[25, 13, 24, 12, 108]","[25, 13, 24, 12, 108]",1,1,1,0,0,1,0,1,21,0,91.59663865546219,0.0,0.0,0.9535920117784219,0.00010791912806627527
9,120,범계역,2026-09-11 12:00:00,2026-09-11 14:00:00,walk,operating|wd,26,"[106, 16, 81, 241, 56, 261, 262, 30, 401, 183, 39, 182, 31, 161, 201, 42, 23, 165, 461, 166, 82, 40, 162, 521, 167, 163]","[16, 81, 241, 56, 261, 262, 30, 401, 183, 39, 182, 31, 161, 201, 42, 23, 165, 461, 166, 82, 40, 162, 521, 167, 163, 106]","[16, 81, 241, 56, 261, 262, 30, 401, 183, 39, 182, 31, 161, 201, 42, 23, 165, 461, 166, 82, 40, 162, 521, 167, 163, 106]",1,1,1,0,0,1,0,1,1,-500,100.0,12.35813366960908,12.35813366960908,0.9883426556623839,4.751138150651654e-05
9,120,범계역,2026-09-11 12:00:00,2026-09-11 14:00:00,fare,operating|wd,26,"[16, 30, 401, 201, 42, 82, 521, 106, 81, 241, 56, 261, 262, 183, 39, 182, 31, 23, 461, 40, 161, 165, 166, 162, 167, 163]","[16, 30, 401, 201, 42, 82, 521, 81, 241, 56, 261, 262, 183, 39, 182, 31, 23, 461, 40, 161, 165, 166, 162, 167, 163, 106]","[16, 30, 401, 201, 42, 82, 521, 81, 241, 56, 261, 262, 183, 39, 182, 31, 23, 461, 40, 161, 165, 166, 162, 167, 163, 106]",1,0,0,0,0,0,0,0,0,0,12.35813366960908,12.35813366960908,12.35813366960908,4.751138150651654e-05,4.751138150651654e-05
9,120,안양역,2026-09-11 10:00:00,2026-09-11 12:00:00,walk,operating|wd,11,"[48, 112, 53, 11, 52, 7, 8, 38, 29, 18, 28]","[48, 112, 53, 11, 52, 7, 8, 38, 29, 18, 28]","[112, 53, 11, 52, 7, 8, 38, 29, 18, 28, 48]",0,0,0,0,0,0,0,0,0,0,33.333333333333336,33.333333333333336,16.0,0.001574551698791382,0.001574551698791382
9,120,안양역,2026-09-11 10:00:00,2026-09-11 12:00:00,fare,operating|wd,11,"[18, 8, 38, 28, 48, 112, 53, 11, 52, 7, 29]","[18, 8, 38, 28, 48, 112, 53, 11, 52, 7, 29]","[18, 8, 38, 28, 112, 53, 11, 52, 7, 29, 48]",0,0,0,0,0,0,0,0,0,0,25.0,25.0,25.0,5.6588271196324005e-05,5.6588271196324005e-05
9,120,안양역,2026-09-11 12:00:00,2026-09-11 14:00:00,walk,operating|wd,11,"[48, 112, 53, 11, 52, 7, 8, 38, 29, 18, 28]","[48, 112, 53, 11, 52, 7, 8, 38, 29, 18, 28]","[48, 112, 53, 11, 52, 7, 8, 38, 29, 18, 28]",0,0,0,0,0,0,0,0,0,0,33.333333333333336,33.333333333333336,33.333333333333336,0.00043064790645803107,0.00043064790645803107
9,120,안양역,2026-09-11 12:00:00,2026-09-11 14:00:00,fare,operating|wd,11,"[18, 8, 38, 28, 48, 112, 53, 11, 52, 7, 29]","[18, 8, 38, 28, 48, 112, 53, 11, 52, 7, 29]","[18, 8, 38, 28, 48, 112, 53, 11, 52, 7, 29]",0,0,0,0,0,0,0,0,0,0,21.428571428571427,21.428571428571427,21.428571428571427,5.458931989512064e-05,5.458931989512064e-05
9,120,평촌역,2026-09-11 12:00:00,2026-09-11 14:00:00,walk,operating|wd,25,"[16, 31, 106, 162, 166, 241, 163, 161, 167, 164, 37, 172, 168, 169, 27, 165, 261, 170, 262, 56, 171, 10, 21, 81, 34]","[16, 31, 162, 166, 241, 163, 161, 167, 164, 37, 172, 168, 169, 27, 165, 261, 170, 262, 56, 171, 10, 21, 81, 34, 106]","[16, 31, 162, 166, 241, 163, 161, 167, 164, 37, 172, 168, 169, 27, 165, 261, 170, 262, 56, 171, 10, 21, 81, 34, 106]",1,0,0,0,0,0,0,0,0,0,12.35813366960908,12.35813366960908,12.35813366960908,4.751138150651654e-05,4.751138150651654e-05
9,120,평촌역,2026-09-11 12:00:00,2026-09-11 14:00:00,fare,outside|wd,25,"[10, 16, 37, 27, 21, 34, 31, 106, 241, 172, 261, 262, 56, 81, 162, 166, 163, 161, 167, 164, 168, 169, 165, 170, 171]","[10, 16, 37, 27, 21, 34, 31, 241, 172, 261, 262, 56, 81, 162, 166, 163, 161, 167, 164, 168, 169, 165, 170, 171, 106]","[10, 16, 37, 27, 21, 34, 31, 241, 172, 261, 262, 56, 81, 162, 166, 163, 161, 167, 164, 168, 169, 165, 170, 171, 106]",1,0,0,0,0,0,0,0,0,0,59.34065934065934,59.34065934065934,59.34065934065934,0.00041170127191660755,0.00041170127191660755
9,120,평촌역,2026-09-11 14:00:00,2026-09-11 16:00:00,walk,operating|wd,25,"[16, 31, 106, 162, 166, 241, 163, 161, 167, 164, 37, 172, 168, 169, 27, 165, 261, 170, 262, 56, 171, 10, 21, 81, 34]","[16, 31, 162, 166, 241, 163, 161, 167, 164, 37, 172, 168, 169, 27, 165, 261, 170, 262, 56, 171, 10, 21, 81, 34, 106]","[16, 31, 162, 166, 241, 163, 161, 167, 164, 37, 172, 168, 169, 27, 165, 261, 170, 262, 56, 171, 10, 21, 81, 34, 106]",1,0,0,0,0,0,0,0,0,0,22.194199243379572,22.194199243379572,22.194199243379572,4.739260782206198e-05,4.739260782206198e-05
9,120,평촌역,2026-09-11 14:00:00,2026-09-11 16:00:00,fare,outside|wd,25,"[10, 16, 37, 27, 21, 34, 31, 106, 241, 172, 261, 262, 56, 81, 162, 166, 163, 161, 167, 164, 168, 169, 165, 170, 171]","[10, 16, 37, 27, 21, 34, 31, 241, 172, 261, 262, 56, 81, 162, 166, 163, 161, 167, 164, 168, 169, 165, 170, 171, 106]","[10, 16, 37, 27, 21, 34, 31, 241, 172, 261, 262, 56, 81, 162, 166, 163, 161, 167, 164, 168, 169, 165, 170, 171, 106]",1,0,0,0,0,0,0,0,0,0,58.24175824175824,58.24175824175824,58.24175824175824,0.0014702288425635435,0.0014702288425635435
9,120,인덕원역,2026-09-11 10:00:00,2026-09-11 12:00:00,walk,outside|wd,7,"[10, 172, 27, 171, 170, 164, 34]","[10, 172, 27, 171, 170, 164, 34]","[10, 172, 27, 171, 170, 164, 34]",0,0,0,0,0,0,0,0,0,0,53.84615384615385,53.84615384615385,53.84615384615385,0.001641944898200919,0.001641944898200919
9,120,인덕원역,2026-09-11 10:00:00,2026-09-11 12:00:00,fare,outside|wd,7,"[10, 27, 34, 172, 171, 170, 164]","[10, 27, 34, 172, 171, 170, 164]","[10, 27, 34, 172, 171, 170, 164]",0,0,0,0,0,0,0,0,0,0,53.84615384615385,53.84615384615385,53.84615384615385,0.001641944898200919,0.001641944898200919
9,120,인덕원역,2026-09-11 12:00:00,2026-09-11 14:00:00,walk,outside|wd,7,"[10, 172, 27, 171, 170, 164, 34]","[10, 172, 27, 171, 170, 164, 34]","[10, 172, 27, 171, 170, 164, 34]",0,0,0,0,0,0,0,0,0,0,59.34065934065934,59.34065934065934,59.34065934065934,0.00041170127191660755,0.00041170127191660755
9,120,인덕원역,2026-09-11 12:00:00,2026-09-11 14:00:00,fare,outside|wd,7,"[10, 27, 34, 172, 171, 170, 164]","[10, 27, 34, 172, 171, 170, 164]","[10, 27, 34, 172, 171, 170, 164]",0,0,0,0,0,0,0,0,0,0,59.34065934065934,59.34065934065934,59.34065934065934,0.00041170127191660755,0.00041170127191660755
9,120,인덕원역,2026-09-11 14:00:00,2026-09-11 16:00:00,walk,outside|wd,7,"[10, 172, 27, 171, 170, 164, 34]","[10, 172, 27, 171, 170, 164, 34]","[10, 172, 27, 171, 170, 164, 34]",0,0,0,0,0,0,0,0,0,0,58.24175824175824,58.24175824175824,58.24175824175824,0.0014702288425635435,0.0014702288425635435
9,120,인덕원역,2026-09-11 14:00:00,2026-09-11 16:00:00,fare,outside|wd,7,"[10, 27, 34, 172, 171, 170, 164]","[10, 27, 34, 172, 171, 170, 164]","[10, 27, 34, 172, 171, 170, 164]",0,0,0,0,0,0,0,0,0,0,58.24175824175824,58.24175824175824,58.24175824175824,0.0014702288425635435,0.0014702288425635435
9,240,안양시청,2026-09-11 10:00:00,2026-09-11 14:00:00,walk,operating|wd,5,"[106, 16, 31, 161, 165]","[16, 31, 161, 165, 106]","[16, 31, 161, 165, 106]",1,1,1,0,0,1,0,1,1,-500,100.0,12.35813366960908,12.35813366960908,0.7920214217753372,7.132969227312176e-05
9,240,안양시청,2026-09-11 10:00:00,2026-09-11 14:00:00,fare,operating|wd,5,"[16, 106, 31, 161, 165]","[16, 31, 161, 165, 106]","[16, 31, 161, 165, 106]",1,0,0,0,0,0,0,0,0,0,12.35813366960908,12.35813366960908,12.35813366960908,7.132969227312176e-05,7.132969227312176e-05
9,240,안양시청,2026-09-11 12:00:00,2026-09-11 16:00:00,walk,operating|wd,5,"[106, 16, 31, 161, 165]","[16, 31, 161, 165, 106]","[16, 31, 161, 165, 106]",1,1,1,0,0,1,0,1,1,-500,100.0,22.194199243379572,22.194199243379572,0.9745044487638788,7.362063636419078e-05
9,240,안양시청,2026-09-11 12:00:00,2026-09-11 16:00:00,fare,operating|wd,5,"[16, 106, 31, 161, 165]","[16, 31, 161, 165, 106]","[16, 31, 161, 165, 106]",1,0,0,0,0,0,0,0,0,0,22.194199243379572,22.194199243379572,22.194199243379572,7.362063636419078e-05,7.362063636419078e-05
9,240,석수역,2026-09-11 06:00:00,2026-09-11 10:00:00,walk,operating|wd,5,"[108, 25, 12, 13, 24]","[108, 25, 12, 13, 24]","[25, 12, 13, 24, 108]",0,0,0,0,0,0,0,0,0,0,47.89915966386555,47.89915966386555,21.1864406779661,0.0035186957188378352,0.0035186957188378352
9,240,석수역,2026-09-11 06:00:00,2026-09-11 10:00:00,fare,operating|wd,5,"[108, 25, 12, 13, 24]","[108, 25, 12, 13, 24]","[25, 12, 13, 24, 108]",0,0,0,0,0,0,0,0,0,0,47.89915966386555,47.89915966386555,21.1864406779661,0.0035186957188378352,0.0035186957188378352
9,240,석수역,2026-09-11 08:00:00,2026-09-11 12:00:00,walk,operating|wd,5,"[108, 25, 12, 13, 24]","[108, 25, 12, 13, 24]","[25, 12, 13, 24, 108]",0,0,0,0,0,0,0,0,0,0,41.1764705882353,41.1764705882353,19.491525423728813,0.004882956591054091,0.004882956591054091
9,240,석수역,2026-09-11 08:00:00,2026-09-11 12:00:00,fare,operating|wd,5,"[108, 25, 12, 13, 24]","[108, 25, 12, 13, 24]","[25, 12, 13, 24, 108]",0,0,0,0,0,0,0,0,0,0,41.1764705882353,41.1764705882353,19.491525423728813,0.004882956591054091,0.004882956591054091
9,240,석수역,2026-09-11 10:00:00,2026-09-11 14:00:00,walk,operating|wd,5,"[108, 25, 12, 13, 24]","[108, 25, 12, 13, 24]","[108, 25, 12, 13, 24]",0,0,0,0,0,0,0,0,0,0,42.016806722689076,42.016806722689076,42.016806722689076,0.0062756345836964,0.0062756345836964
9,240,석수역,2026-09-11 10:00:00,2026-09-11 14:00:00,fare,operating|wd,5,"[108, 25, 12, 13, 24]","[108, 25, 12, 13, 24]","[108, 25, 12, 13, 24]",0,0,0,0,0,0,0,0,0,0,42.016806722689076,42.016806722689076,42.016806722689076,0.0062756345836964,0.0062756345836964
9,240,석수역,2026-09-11 12:00:00,2026-09-11 16:00:00,walk,operating|wd,5,"[108, 25, 12, 13, 24]","[108, 25, 12, 13, 24]","[108, 25, 12, 13, 24]",0,0,0,0,0,0,0,0,0,0,42.857142857142854,42.857142857142854,42.857142857142854,0.007801645661385213,0.007801645661385213
9,240,석수역,2026-09-11 12:00:00,2026-09-11 16:00:00,fare,operating|wd,5,"[108, 25, 12, 13, 24]","[108, 25, 12, 13, 24]","[108, 25, 12, 13, 24]",0,0,0,0,0,0,0,0,0,0,42.857142857142854,42.857142857142854,42.857142857142854,0.007801645661385213,0.007801645661385213
9,240,안양역,2026-09-11 10:00:00,2026-09-11 14:00:00,walk,operating|wd,11,"[48, 112, 53, 11, 52, 7, 8, 38, 29, 18, 28]","[48, 112, 53, 11, 52, 7, 8, 38, 29, 18, 28]","[112, 53, 11, 52, 7, 8, 38, 29, 18, 28, 48]",0,0,0,0,0,0,0,0,0,0,33.333333333333336,33.333333333333336,9.333333333333334,0.0014236551843420234,0.0014236551843420234
9,240,안양역,2026-09-11 10:00:00,2026-09-11 14:00:00,fare,operating|wd,11,"[18, 8, 38, 28, 48, 112, 53, 11, 52, 7, 29]","[18, 8, 38, 28, 48, 112, 53, 11, 52, 7, 29]","[18, 8, 38, 28, 112, 53, 11, 52, 7, 29, 48]",0,0,0,0,0,0,0,0,0,0,21.428571428571427,21.428571428571427,21.428571428571427,6.551399982996976e-05,6.551399982996976e-05
9,240,평촌역,2026-09-11 12:00:00,2026-09-11 16:00:00,walk,operating|wd,25,"[16, 31, 106, 162, 166, 241, 163, 161, 167, 164, 37, 172, 168, 169, 27, 165, 261, 170, 262, 56, 171, 10, 21, 81, 34]","[16, 31, 162, 166, 241, 163, 161, 167, 164, 37, 172, 168, 169, 27, 165, 261, 170, 262, 56, 171, 10, 21, 81, 34, 106]","[16, 31, 162, 166, 241, 163, 161, 167, 164, 37, 172, 168, 169, 27, 165, 261, 170, 262, 56, 171, 10, 21, 81, 34, 106]",1,0,0,0,0,0,0,0,0,0,22.194199243379572,22.194199243379572,22.194199243379572,7.362063636419078e-05,7.362063636419078e-05
9,240,평촌역,2026-09-11 12:00:00,2026-09-11 16:00:00,fare,outside|wd,25,"[10, 16, 37, 27, 21, 34, 31, 106, 241, 172, 261, 262, 56, 81, 162, 166, 163, 161, 167, 164, 168, 169, 165, 170, 171]","[10, 16, 37, 27, 21, 34, 31, 241, 172, 261, 262, 56, 81, 162, 166, 163, 161, 167, 164, 168, 169, 165, 170, 171, 106]","[10, 16, 37, 27, 21, 34, 31, 241, 172, 261, 262, 56, 81, 162, 166, 163, 161, 167, 164, 168, 169, 165, 170, 171, 106]",1,0,0,0,0,0,0,0,0,0,58.24175824175824,58.24175824175824,58.24175824175824,0.0009081572995703892,0.0009081572995703892
9,240,인덕원역,2026-09-11 10:00:00,2026-09-11 14:00:00,walk,outside|wd,7,"[10, 172, 27, 171, 170, 164, 34]","[10, 172, 27, 171, 170, 164, 34]","[10, 172, 27, 171, 170, 164, 34]",0,0,0,0,0,0,0,0,0,0,59.34065934065934,59.34065934065934,59.34065934065934,0.0007013807978591895,0.0007013807978591895
9,240,인덕원역,2026-09-11 10:00:00,2026-09-11 14:00:00,fare,outside|wd,7,"[10, 27, 34, 172, 171, 170, 164]","[10, 27, 34, 172, 171, 170, 164]","[10, 27, 34, 172, 171, 170, 164]",0,0,0,0,0,0,0,0,0,0,59.34065934065934,59.34065934065934,59.34065934065934,0.0007013807978591895,0.0007013807978591895
9,240,인덕원역,2026-09-11 12:00:00,2026-09-11 16:00:00,walk,outside|wd,7,"[10, 172, 27, 171, 170, 164, 34]","[10, 172, 27, 171, 170, 164, 34]","[10, 172, 27, 171, 170, 164, 34]",0,0,0,0,0,0,0,0,0,0,58.24175824175824,58.24175824175824,58.24175824175824,0.0009081572995703892,0.0009081572995703892
9,240,인덕원역,2026-09-11 12:00:00,2026-09-11 16:00:00,fare,outside|wd,7,"[10, 27, 34, 172, 171, 170, 164]","[10, 27, 34, 172, 171, 170, 164]","[10, 27, 34, 172, 171, 170, 164]",0,0,0,0,0,0,0,0,0,0,58.24175824175824,58.24175824175824,58.24175824175824,0.0009081572995703892,0.0009081572995703892
9,360,안양시청,2026-09-11 10:00:00,2026-09-11 16:00:00,walk,operating|wd,5,"[106, 16, 31, 161, 165]","[16, 31, 161, 165, 106]","[16, 31, 161, 165, 106]",1,1,1,0,0,1,0,1,1,-500,100.0,22.194199243379572,22.194199243379572,0.7568622503883187,0.00013061151293710166
9,360,안양시청,2026-09-11 10:00:00,2026-09-11 16:00:00,fare,operating|wd,5,"[16, 106, 31, 161, 165]","[16, 31, 161, 165, 106]","[16, 31, 161, 165, 106]",1,0,0,0,0,0,0,0,0,0,22.194199243379572,22.194199243379572,22.194199243379572,0.00013061151293710166,0.00013061151293710166
9,360,석수역,2026-09-11 06:00:00,2026-09-11 12:00:00,walk,operating|wd,5,"[108, 25, 12, 13, 24]","[108, 25, 12, 13, 24]","[25, 12, 13, 24, 108]",0,0,0,0,0,0,0,0,0,0,41.1764705882353,41.1764705882353,19.491525423728813,0.011726690418172581,0.011726690418172581
9,360,석수역,2026-09-11 06:00:00,2026-09-11 12:00:00,fare,operating|wd,5,"[108, 25, 12, 13, 24]","[108, 25, 12, 13, 24]","[25, 12, 13, 24, 108]",0,0,0,0,0,0,0,0,0,0,41.1764705882353,41.1764705882353,19.491525423728813,0.011726690418172581,0.011726690418172581
9,360,석수역,2026-09-11 08:00:00,2026-09-11 14:00:00,walk,operating|wd,5,"[108, 25, 12, 13, 24]","[108, 25, 12, 13, 24]","[25, 12, 13, 24, 108]",0,0,0,0,0,0,0,0,0,0,42.016806722689076,42.016806722689076,10.169491525423728,0.010333329127147533,0.010333329127147533
9,360,석수역,2026-09-11 08:00:00,2026-09-11 14:00:00,fare,operating|wd,5,"[108, 25, 12, 13, 24]","[108, 25, 12, 13, 24]","[25, 12, 13, 24, 108]",0,0,0,0,0,0,0,0,0,0,42.016806722689076,42.016806722689076,10.169491525423728,0.010333329127147533,0.010333329127147533
9,360,석수역,2026-09-11 10:00:00,2026-09-11 16:00:00,walk,operating|wd,5,"[108, 25, 12, 13, 24]","[108, 25, 12, 13, 24]","[108, 25, 12, 13, 24]",0,0,0,0,0,0,0,0,0,0,42.857142857142854,42.857142857142854,42.857142857142854,0.006560864011677546,0.006560864011677546
9,360,석수역,2026-09-11 10:00:00,2026-09-11 16:00:00,fare,operating|wd,5,"[108, 25, 12, 13, 24]","[108, 25, 12, 13, 24]","[108, 25, 12, 13, 24]",0,0,0,0,0,0,0,0,0,0,42.857142857142854,42.857142857142854,42.857142857142854,0.006560864011677546,0.006560864011677546
9,360,석수역,2026-09-11 14:00:00,2026-09-11 20:00:00,walk,outside|wd,5,"[108, 25, 12, 13, 24]","[108, 25, 12, 13, 24]","[108, 25, 12, 13, 24]",0,0,1,1,1,0,0,0,0,0,91.59663865546219,91.59663865546219,91.59663865546219,0.09277521295355266,0.09277521295355266
9,360,석수역,2026-09-11 14:00:00,2026-09-11 20:00:00,fare,outside|wd,5,"[108, 25, 13, 24, 12]","[108, 25, 13, 24, 12]","[108, 25, 13, 24, 12]",0,0,1,1,1,0,0,0,0,0,91.59663865546219,91.59663865546219,91.59663865546219,0.09277521295355266,0.09277521295355266
9,360,인덕원역,2026-09-11 10:00:00,2026-09-11 16:00:00,walk,outside|wd,7,"[10, 172, 27, 171, 170, 164, 34]","[10, 172, 27, 171, 170, 164, 34]","[10, 172, 27, 171, 170, 164, 34]",0,0,0,0,0,0,0,0,0,0,58.24175824175824,58.24175824175824,58.24175824175824,0.0008162692351704076,0.0008162692351704076
9,360,인덕원역,2026-09-11 10:00:00,2026-09-11 16:00:00,fare,outside|wd,7,"[10, 27, 34, 172, 171, 170, 164]","[10, 27, 34, 172, 171, 170, 164]","[10, 27, 34, 172, 171, 170, 164]",0,0,0,0,0,0,0,0,0,0,58.24175824175824,58.24175824175824,58.24175824175824,0.0008162692351704076,0.0008162692351704076
12,15,안양시청,2026-09-14 10:00:00,2026-09-14 10:15:00,walk,operating|wd,5,"[106, 16, 31, 161, 165]","[16, 31, 161, 165, 106]","[16, 31, 165, 106, 161]",1,1,0,0,0,0,0,0,1,-500,70.58823529411765,9.205548549810844,9.205548549810844,0.7542345400405487,8.399389476580682e-05
12,15,안양시청,2026-09-14 10:00:00,2026-09-14 10:15:00,fare,operating|wd,5,"[16, 106, 31, 161, 165]","[16, 31, 161, 165, 106]","[16, 31, 165, 106, 161]",1,0,0,0,0,0,0,0,0,0,9.205548549810844,9.205548549810844,9.205548549810844,8.399389476580682e-05,8.399389476580682e-05
12,15,안양시청,2026-09-14 12:00:00,2026-09-14 12:15:00,walk,operating|wd,5,"[106, 16, 31, 161, 165]","[106, 16, 31, 161, 165]","[106, 16, 31, 161, 165]",0,0,0,0,0,0,0,0,0,0,58.8235294117647,58.8235294117647,58.8235294117647,0.0029626540368806846,0.0029626540368806846
12,15,안양시청,2026-09-14 12:00:00,2026-09-14 12:15:00,fare,operating|wd,5,"[16, 106, 31, 161, 165]","[16, 106, 31, 161, 165]","[16, 106, 31, 161, 165]",0,0,0,0,0,0,0,0,0,0,5.422446406052964,5.422446406052964,5.422446406052964,9.51972320674415e-05,9.51972320674415e-05
12,15,안양시청,2026-09-14 16:00:00,2026-09-14 16:15:00,walk,operating|wd,5,"[106, 16, 31, 161, 165]","[106, 16, 31, 161, 165]","[106, 16, 31, 161, 165]",0,0,0,0,0,0,0,0,0,0,85.29411764705883,85.29411764705883,85.29411764705883,0.3638801906417219,0.3638801906417219
12,15,안양시청,2026-09-14 16:00:00,2026-09-14 16:15:00,fare,operating|wd,5,"[16, 106, 31, 161, 165]","[16, 106, 31, 161, 165]","[16, 106, 31, 161, 165]",0,0,0,0,0,0,0,0,0,0,15.510718789407314,15.510718789407314,15.510718789407314,9.048425683004621e-05,9.048425683004621e-05
12,15,석수역,2026-09-14 06:00:00,2026-09-14 06:15:00,walk,outside|wd,5,"[108, 25, 12, 13, 24]","[25, 12, 13, 24, 108]","[25, 12, 13, 24, 108]",1,1,1,0,0,1,0,1,21,0,99.15966386554622,66.94915254237289,66.94915254237289,0.9961547280079871,0.0002686134551994282
12,15,석수역,2026-09-14 06:00:00,2026-09-14 06:15:00,fare,outside|wd,5,"[108, 25, 13, 24, 12]","[25, 13, 24, 12, 108]","[25, 13, 24, 12, 108]",1,1,1,0,0,1,0,1,21,0,99.15966386554622,66.94915254237289,66.94915254237289,0.9961547280079871,0.0002686134551994282
12,15,석수역,2026-09-14 08:00:00,2026-09-14 08:15:00,walk,outside|wd,5,"[108, 25, 12, 13, 24]","[25, 12, 13, 24, 108]","[25, 12, 13, 24, 108]",1,1,1,0,0,1,0,1,21,0,99.15966386554622,50.847457627118644,50.847457627118644,0.9977918773897325,0.00017685179063295015
12,15,석수역,2026-09-14 08:00:00,2026-09-14 08:15:00,fare,outside|wd,5,"[108, 25, 13, 24, 12]","[25, 13, 24, 12, 108]","[25, 13, 24, 12, 108]",1,1,1,0,0,1,0,1,21,0,99.15966386554622,50.847457627118644,50.847457627118644,0.9977918773897325,0.00017685179063295015
12,15,석수역,2026-09-14 10:00:00,2026-09-14 10:15:00,walk,operating|wd,5,"[108, 25, 12, 13, 24]","[108, 25, 12, 13, 24]","[108, 25, 12, 13, 24]",0,0,0,0,0,0,0,0,0,0,50.42016806722689,50.42016806722689,50.42016806722689,0.001283179268826246,0.001283179268826246
12,15,석수역,2026-09-14 10:00:00,2026-09-14 10:15:00,fare,operating|wd,5,"[108, 25, 12, 13, 24]","[108, 25, 12, 13, 24]","[108, 25, 12, 13, 24]",0,0,0,0,0,0,0,0,0,0,50.42016806722689,50.42016806722689,50.42016806722689,0.001283179268826246,0.001283179268826246
12,15,석수역,2026-09-14 12:00:00,2026-09-14 12:15:00,walk,operating|wd,5,"[108, 25, 12, 13, 24]","[108, 25, 12, 13, 24]","[108, 25, 12, 13, 24]",0,0,0,0,0,0,0,0,0,0,47.05882352941177,47.05882352941177,47.05882352941177,0.009802372734107563,0.009802372734107563
12,15,석수역,2026-09-14 12:00:00,2026-09-14 12:15:00,fare,operating|wd,5,"[108, 25, 12, 13, 24]","[108, 25, 12, 13, 24]","[108, 25, 12, 13, 24]",0,0,0,0,0,0,0,0,0,0,47.05882352941177,47.05882352941177,47.05882352941177,0.009802372734107563,0.009802372734107563
12,15,석수역,2026-09-14 16:00:00,2026-09-14 16:15:00,walk,operating|wd,5,"[108, 25, 12, 13, 24]","[108, 25, 12, 13, 24]","[108, 25, 12, 13, 24]",0,0,0,0,0,0,0,0,0,0,46.21848739495798,46.21848739495798,46.21848739495798,0.0036801789737875984,0.0036801789737875984
12,15,석수역,2026-09-14 16:00:00,2026-09-14 16:15:00,fare,operating|wd,5,"[108, 25, 13, 24, 12]","[108, 25, 13, 24, 12]","[108, 25, 13, 24, 12]",0,0,0,0,0,0,0,0,0,0,46.21848739495798,46.21848739495798,46.21848739495798,0.0036801789737875984,0.0036801789737875984
12,15,석수역,2026-09-14 18:00:00,2026-09-14 18:15:00,walk,outside|wd,5,"[108, 25, 12, 13, 24]","[25, 12, 13, 24, 108]","[25, 12, 13, 24, 108]",1,1,1,0,0,1,0,1,21,0,93.27731092436974,17.796610169491526,17.796610169491526,0.9951895217138308,0.00015345540680543167
12,15,석수역,2026-09-14 18:00:00,2026-09-14 18:15:00,fare,outside|wd,5,"[108, 25, 13, 24, 12]","[25, 13, 24, 12, 108]","[25, 13, 24, 12, 108]",1,1,1,0,0,1,0,1,21,0,93.27731092436974,17.796610169491526,17.796610169491526,0.9951895217138308,0.00015345540680543167
12,15,범계역,2026-09-14 12:00:00,2026-09-14 12:15:00,walk,operating|wd,26,"[106, 16, 81, 241, 56, 261, 262, 30, 401, 183, 39, 182, 31, 161, 201, 42, 23, 165, 461, 166, 82, 40, 162, 521, 167, 163]","[106, 16, 81, 241, 56, 261, 262, 30, 401, 183, 39, 182, 31, 161, 201, 42, 23, 165, 461, 166, 82, 40, 162, 521, 167, 163]","[106, 16, 81, 241, 56, 261, 262, 30, 401, 183, 39, 182, 31, 161, 201, 42, 23, 165, 461, 166, 82, 40, 162, 521, 167, 163]",0,0,0,0,0,0,0,0,0,0,58.8235294117647,58.8235294117647,58.8235294117647,0.0029626540368806846,0.0029626540368806846
12,15,범계역,2026-09-14 12:00:00,2026-09-14 12:15:00,fare,operating|wd,26,"[16, 30, 401, 201, 42, 82, 521, 106, 81, 241, 56, 261, 262, 183, 39, 182, 31, 23, 461, 40, 161, 165, 166, 162, 167, 163]","[16, 30, 401, 201, 42, 82, 521, 106, 81, 241, 56, 261, 262, 183, 39, 182, 31, 23, 461, 40, 161, 165, 166, 162, 167, 163]","[16, 30, 401, 201, 42, 82, 521, 106, 81, 241, 56, 261, 262, 183, 39, 182, 31, 23, 461, 40, 161, 165, 166, 162, 167, 163]",0,0,0,0,0,0,0,0,0,0,5.422446406052964,5.422446406052964,5.422446406052964,9.51972320674415e-05,9.51972320674415e-05
12,15,안양역,2026-09-14 10:00:00,2026-09-14 10:15:00,walk,operating|wd,11,"[48, 112, 53, 11, 52, 7, 8, 38, 29, 18, 28]","[48, 112, 53, 11, 52, 7, 8, 38, 29, 18, 28]","[112, 53, 11, 52, 7, 8, 38, 29, 18, 28, 48]",0,0,0,0,0,0,0,0,0,0,50.0,50.0,50.666666666666664,0.040254669007224624,0.040254669007224624
12,15,안양역,2026-09-14 10:00:00,2026-09-14 10:15:00,fare,operating|wd,11,"[18, 8, 38, 28, 48, 112, 53, 11, 52, 7, 29]","[18, 8, 38, 28, 48, 112, 53, 11, 52, 7, 29]","[18, 8, 38, 28, 112, 53, 11, 52, 7, 29, 48]",0,0,0,0,0,0,0,0,0,0,26.785714285714285,26.785714285714285,26.785714285714285,0.00013925917100340605,0.00013925917100340605
12,15,안양역,2026-09-14 12:00:00,2026-09-14 12:15:00,walk,operating|wd,11,"[48, 112, 53, 11, 52, 7, 8, 38, 29, 18, 28]","[48, 112, 53, 11, 52, 7, 8, 38, 29, 18, 28]","[48, 112, 53, 11, 52, 7, 8, 38, 29, 18, 28]",0,0,0,0,0,0,0,0,0,0,41.666666666666664,41.666666666666664,41.666666666666664,0.0004337510497766172,0.0004337510497766172
12,15,안양역,2026-09-14 12:00:00,2026-09-14 12:15:00,fare,operating|wd,11,"[18, 8, 38, 28, 48, 112, 53, 11, 52, 7, 29]","[18, 8, 38, 28, 48, 112, 53, 11, 52, 7, 29]","[18, 8, 38, 28, 48, 112, 53, 11, 52, 7, 29]",0,0,0,0,0,0,0,0,0,0,30.357142857142858,30.357142857142858,30.357142857142858,0.00025938114352295235,0.00025938114352295235
12,15,평촌역,2026-09-14 12:00:00,2026-09-14 12:15:00,walk,operating|wd,25,"[16, 31, 106, 162, 166, 241, 163, 161, 167, 164, 37, 172, 168, 169, 27, 165, 261, 170, 262, 56, 171, 10, 21, 81, 34]","[16, 31, 106, 162, 166, 241, 163, 161, 167, 164, 37, 172, 168, 169, 27, 165, 261, 170, 262, 56, 171, 10, 21, 81, 34]","[16, 31, 106, 162, 166, 241, 163, 161, 167, 164, 37, 172, 168, 169, 27, 165, 261, 170, 262, 56, 171, 10, 21, 81, 34]",0,0,0,0,0,0,0,0,0,0,5.422446406052964,5.422446406052964,5.422446406052964,9.51972320674415e-05,9.51972320674415e-05
12,15,평촌역,2026-09-14 12:00:00,2026-09-14 12:15:00,fare,outside|wd,25,"[10, 16, 37, 27, 21, 34, 31, 106, 241, 172, 261, 262, 56, 81, 162, 166, 163, 161, 167, 164, 168, 169, 165, 170, 171]","[10, 16, 37, 27, 21, 34, 31, 106, 241, 172, 261, 262, 56, 81, 162, 166, 163, 161, 167, 164, 168, 169, 165, 170, 171]","[10, 16, 37, 27, 21, 34, 31, 106, 241, 172, 261, 262, 56, 81, 162, 166, 163, 161, 167, 164, 168, 169, 165, 170, 171]",0,0,0,0,0,0,0,0,0,0,61.53846153846154,61.53846153846154,61.53846153846154,0.0003058736185300353,0.0003058736185300353
12,15,평촌역,2026-09-14 16:00:00,2026-09-14 16:15:00,walk,operating|wd,25,"[16, 31, 106, 162, 166, 241, 163, 161, 167, 164, 37, 172, 168, 169, 27, 165, 261, 170, 262, 56, 171, 10, 21, 81, 34]","[16, 31, 106, 162, 166, 241, 163, 161, 167, 164, 37, 172, 168, 169, 27, 165, 261, 170, 262, 56, 171, 10, 21, 81, 34]","[16, 31, 106, 162, 166, 241, 163, 161, 167, 164, 37, 172, 168, 169, 27, 165, 261, 170, 262, 56, 171, 10, 21, 81, 34]",0,0,0,0,0,0,0,0,0,0,15.510718789407314,15.510718789407314,15.510718789407314,9.048425683004621e-05,9.048425683004621e-05
12,15,평촌역,2026-09-14 16:00:00,2026-09-14 16:15:00,fare,outside|wd,25,"[10, 16, 37, 27, 21, 34, 81, 31, 106, 241, 172, 261, 262, 56, 162, 166, 163, 161, 167, 164, 168, 169, 165, 170, 171]","[10, 16, 37, 27, 21, 34, 81, 31, 106, 241, 172, 261, 262, 56, 162, 166, 163, 161, 167, 164, 168, 169, 165, 170, 171]","[10, 16, 37, 27, 21, 34, 81, 31, 106, 241, 172, 261, 262, 56, 162, 166, 163, 161, 167, 164, 168, 169, 165, 170, 171]",0,0,0,0,0,0,0,0,0,0,63.73626373626374,63.73626373626374,63.73626373626374,0.000390431733999795,0.000390431733999795
12,15,인덕원역,2026-09-14 10:00:00,2026-09-14 10:15:00,walk,outside|wd,7,"[10, 172, 27, 171, 170, 164, 34]","[10, 172, 27, 171, 170, 164, 34]","[10, 172, 27, 171, 170, 164, 34]",0,0,0,0,0,0,0,0,0,0,64.83516483516483,64.83516483516483,64.83516483516483,0.00029032077994927584,0.00029032077994927584
12,15,인덕원역,2026-09-14 10:00:00,2026-09-14 10:15:00,fare,outside|wd,7,"[10, 27, 34, 172, 171, 170, 164]","[10, 27, 34, 172, 171, 170, 164]","[10, 27, 34, 172, 171, 170, 164]",0,0,0,0,0,0,0,0,0,0,64.83516483516483,64.83516483516483,64.83516483516483,0.00029032077994927584,0.00029032077994927584
12,15,인덕원역,2026-09-14 12:00:00,2026-09-14 12:15:00,walk,outside|wd,7,"[10, 172, 27, 171, 170, 164, 34]","[10, 172, 27, 171, 170, 164, 34]","[10, 172, 27, 171, 170, 164, 34]",0,0,0,0,0,0,0,0,0,0,61.53846153846154,61.53846153846154,61.53846153846154,0.0003058736185300353,0.0003058736185300353
12,15,인덕원역,2026-09-14 12:00:00,2026-09-14 12:15:00,fare,outside|wd,7,"[10, 27, 34, 172, 171, 170, 164]","[10, 27, 34, 172, 171, 170, 164]","[10, 27, 34, 172, 171, 170, 164]",0,0,0,0,0,0,0,0,0,0,61.53846153846154,61.53846153846154,61.53846153846154,0.0003058736185300353,0.0003058736185300353
12,15,인덕원역,2026-09-14 16:00:00,2026-09-14 16:15:00,walk,outside|wd,7,"[10, 172, 27, 171, 170, 164, 34]","[10, 172, 27, 171, 170, 164, 34]","[10, 172, 27, 171, 170, 164, 34]",0,0,0,0,0,0,0,0,0,0,63.73626373626374,63.73626373626374,63.73626373626374,0.000390431733999795,0.000390431733999795
12,15,인덕원역,2026-09-14 16:00:00,2026-09-14 16:15:00,fare,outside|wd,7,"[10, 27, 34, 172, 171, 170, 164]","[10, 27, 34, 172, 171, 170, 164]","[10, 27, 34, 172, 171, 170, 164]",0,0,0,0,0,0,0,0,0,0,63.73626373626374,63.73626373626374,63.73626373626374,0.000390431733999795,0.000390431733999795
12,30,안양시청,2026-09-14 10:00:00,2026-09-14 10:30:00,walk,operating|wd,5,"[106, 16, 31, 161, 165]","[16, 31, 161, 165, 106]","[16, 31, 165, 106, 161]",1,1,0,0,0,0,0,0,1,-500,70.58823529411765,8.701134930643127,8.701134930643127,0.6955483198490972,0.00033198210412739804
12,30,안양시청,2026-09-14 10:00:00,2026-09-14 10:30:00,fare,operating|wd,5,"[16, 106, 31, 161, 165]","[16, 31, 161, 165, 106]","[16, 31, 165, 106, 161]",1,0,0,0,0,0,0,0,0,0,8.701134930643127,8.701134930643127,8.701134930643127,0.00033198210412739804,0.00033198210412739804
12,30,안양시청,2026-09-14 12:00:00,2026-09-14 12:30:00,walk,operating|wd,5,"[106, 16, 31, 161, 165]","[106, 16, 31, 161, 165]","[106, 16, 31, 161, 165]",0,0,0,0,0,0,0,0,0,0,50.0,50.0,50.0,0.0055234106643685275,0.0055234106643685275
12,30,안양시청,2026-09-14 12:00:00,2026-09-14 12:30:00,fare,operating|wd,5,"[16, 106, 31, 161, 165]","[16, 106, 31, 161, 165]","[16, 106, 31, 161, 165]",0,0,0,0,0,0,0,0,0,0,5.548549810844893,5.548549810844893,5.548549810844893,0.0004684036943742171,0.0004684036943742171
12,30,안양시청,2026-09-14 14:00:00,2026-09-14 14:30:00,walk,operating|wd,5,"[106, 16, 31, 161, 165]","[106, 16, 31, 161, 165]","[106, 16, 31, 161, 165]",0,0,0,0,0,0,0,0,0,0,79.41176470588235,79.41176470588235,79.41176470588235,0.005908075450900181,0.005908075450900181
12,30,안양시청,2026-09-14 14:00:00,2026-09-14 14:30:00,fare,operating|wd,5,"[16, 106, 31, 161, 165]","[16, 106, 31, 161, 165]","[16, 106, 31, 161, 165]",0,0,0,0,0,0,0,0,0,0,6.17906683480454,6.17906683480454,6.17906683480454,0.00040542923379350177,0.00040542923379350177
12,30,안양시청,2026-09-14 16:00:00,2026-09-14 16:30:00,walk,operating|wd,5,"[106, 16, 31, 161, 165]","[106, 16, 31, 161, 165]","[106, 16, 31, 161, 165]",0,0,0,0,0,0,0,0,0,0,82.3529411764706,82.3529411764706,82.3529411764706,0.26913445074576914,0.26913445074576914
12,30,안양시청,2026-09-14 16:00:00,2026-09-14 16:30:00,fare,operating|wd,5,"[16, 106, 31, 161, 165]","[16, 106, 31, 161, 165]","[16, 106, 31, 161, 165]",0,0,0,0,0,0,0,0,0,0,17.023959646910466,17.023959646910466,17.023959646910466,0.00042505245070305315,0.00042505245070305315
12,30,석수역,2026-09-14 06:00:00,2026-09-14 06:30:00,walk,outside|wd,5,"[108, 25, 12, 13, 24]","[25, 12, 13, 24, 108]","[25, 12, 13, 24, 108]",1,1,1,0,0,1,0,1,21,0,99.15966386554622,68.64406779661017,68.64406779661017,0.9930952581193065,0.0005971785265476918
12,30,석수역,2026-09-14 06:00:00,2026-09-14 06:30:00,fare,outside|wd,5,"[108, 25, 13, 24, 12]","[25, 13, 24, 12, 108]","[25, 13, 24, 12, 108]",1,1,1,0,0,1,0,1,21,0,99.15966386554622,68.64406779661017,68.64406779661017,0.9930952581193065,0.0005971785265476918
12,30,석수역,2026-09-14 08:00:00,2026-09-14 08:30:00,walk,outside|wd,5,"[108, 25, 12, 13, 24]","[25, 12, 13, 24, 108]","[25, 12, 13, 24, 108]",1,1,1,0,0,1,0,1,21,0,98.31932773109244,47.45762711864407,47.45762711864407,0.993569524522296,0.0005001962482801544
12,30,석수역,2026-09-14 08:00:00,2026-09-14 08:30:00,fare,outside|wd,5,"[108, 25, 13, 24, 12]","[25, 13, 24, 12, 108]","[25, 13, 24, 12, 108]",1,1,1,0,0,1,0,1,21,0,98.31932773109244,47.45762711864407,47.45762711864407,0.993569524522296,0.0005001962482801544
12,30,석수역,2026-09-14 10:00:00,2026-09-14 10:30:00,walk,operating|wd,5,"[108, 25, 12, 13, 24]","[108, 25, 12, 13, 24]","[108, 25, 12, 13, 24]",0,0,0,0,0,0,0,0,0,0,44.53781512605042,44.53781512605042,44.53781512605042,0.0067770745605148916,0.0067770745605148916
12,30,석수역,2026-09-14 10:00:00,2026-09-14 10:30:00,fare,operating|wd,5,"[108, 25, 12, 13, 24]","[108, 25, 12, 13, 24]","[108, 25, 12, 13, 24]",0,0,0,0,0,0,0,0,0,0,44.53781512605042,44.53781512605042,44.53781512605042,0.0067770745605148916,0.0067770745605148916
12,30,석수역,2026-09-14 12:00:00,2026-09-14 12:30:00,walk,operating|wd,5,"[108, 25, 12, 13, 24]","[108, 25, 12, 13, 24]","[108, 25, 12, 13, 24]",0,0,0,0,0,0,0,0,0,0,42.857142857142854,42.857142857142854,42.857142857142854,0.00800580610073869,0.00800580610073869
12,30,석수역,2026-09-14 12:00:00,2026-09-14 12:30:00,fare,operating|wd,5,"[108, 25, 12, 13, 24]","[108, 25, 12, 13, 24]","[108, 25, 12, 13, 24]",0,0,0,0,0,0,0,0,0,0,42.857142857142854,42.857142857142854,42.857142857142854,0.00800580610073869,0.00800580610073869
12,30,석수역,2026-09-14 14:00:00,2026-09-14 14:30:00,walk,operating|wd,5,"[108, 25, 12, 13, 24]","[108, 25, 12, 13, 24]","[108, 25, 12, 13, 24]",0,0,0,0,0,0,0,0,0,0,42.016806722689076,42.016806722689076,42.016806722689076,0.006081781999298798,0.006081781999298798
12,30,석수역,2026-09-14 14:00:00,2026-09-14 14:30:00,fare,operating|wd,5,"[108, 25, 12, 13, 24]","[108, 25, 12, 13, 24]","[108, 25, 12, 13, 24]",0,0,0,0,0,0,0,0,0,0,42.016806722689076,42.016806722689076,42.016806722689076,0.006081781999298798,0.006081781999298798
12,30,석수역,2026-09-14 16:00:00,2026-09-14 16:30:00,walk,operating|wd,5,"[108, 25, 12, 13, 24]","[108, 25, 12, 13, 24]","[108, 25, 12, 13, 24]",0,0,0,0,0,0,0,0,0,0,54.621848739495796,54.621848739495796,54.621848739495796,0.06620873590153914,0.06620873590153914
12,30,석수역,2026-09-14 16:00:00,2026-09-14 16:30:00,fare,operating|wd,5,"[108, 25, 13, 24, 12]","[108, 25, 13, 24, 12]","[108, 25, 13, 24, 12]",0,0,0,0,0,0,0,0,0,0,54.621848739495796,54.621848739495796,54.621848739495796,0.06620873590153914,0.06620873590153914
12,30,석수역,2026-09-14 18:00:00,2026-09-14 18:30:00,walk,outside|wd,5,"[108, 25, 12, 13, 24]","[25, 12, 13, 24, 108]","[25, 12, 13, 24, 108]",1,1,1,0,0,1,0,1,21,0,93.27731092436974,14.40677966101695,14.40677966101695,0.9886934753877241,0.00044720280408902226
12,30,석수역,2026-09-14 18:00:00,2026-09-14 18:30:00,fare,outside|wd,5,"[108, 25, 13, 24, 12]","[25, 13, 24, 12, 108]","[25, 13, 24, 12, 108]",1,1,1,0,0,1,0,1,21,0,93.27731092436974,14.40677966101695,14.40677966101695,0.9886934753877241,0.00044720280408902226
12,30,범계역,2026-09-14 12:00:00,2026-09-14 12:30:00,walk,operating|wd,26,"[106, 16, 81, 241, 56, 261, 262, 30, 401, 183, 39, 182, 31, 161, 201, 42, 23, 165, 461, 166, 82, 40, 162, 521, 167, 163]","[106, 16, 81, 241, 56, 261, 262, 30, 401, 183, 39, 182, 31, 161, 201, 42, 23, 165, 461, 166, 82, 40, 162, 521, 167, 163]","[106, 16, 81, 241, 56, 261, 262, 30, 401, 183, 39, 182, 31, 161, 201, 42, 23, 165, 461, 166, 82, 40, 162, 521, 167, 163]",0,0,0,0,0,0,0,0,0,0,50.0,50.0,50.0,0.0055234106643685275,0.0055234106643685275
12,30,범계역,2026-09-14 12:00:00,2026-09-14 12:30:00,fare,operating|wd,26,"[16, 30, 401, 201, 42, 82, 521, 106, 81, 241, 56, 261, 262, 183, 39, 182, 31, 23, 461, 40, 161, 165, 166, 162, 167, 163]","[16, 30, 401, 201, 42, 82, 521, 106, 81, 241, 56, 261, 262, 183, 39, 182, 31, 23, 461, 40, 161, 165, 166, 162, 167, 163]","[16, 30, 401, 201, 42, 82, 521, 106, 81, 241, 56, 261, 262, 183, 39, 182, 31, 23, 461, 40, 161, 165, 166, 162, 167, 163]",0,0,0,0,0,0,0,0,0,0,5.548549810844893,5.548549810844893,5.548549810844893,0.0004684036943742171,0.0004684036943742171
12,30,범계역,2026-09-14 14:00:00,2026-09-14 14:30:00,walk,operating|wd,26,"[106, 16, 81, 241, 56, 261, 262, 30, 401, 183, 39, 182, 31, 161, 201, 42, 23, 165, 461, 166, 82, 40, 162, 521, 167, 163]","[106, 16, 81, 241, 56, 261, 262, 30, 401, 183, 39, 182, 31, 161, 201, 42, 23, 165, 461, 166, 82, 40, 162, 521, 167, 163]","[106, 16, 81, 241, 56, 261, 262, 30, 401, 183, 39, 182, 31, 161, 201, 42, 23, 165, 461, 166, 82, 40, 162, 521, 167, 163]",0,0,0,0,0,0,0,0,0,0,79.41176470588235,79.41176470588235,79.41176470588235,0.005908075450900181,0.005908075450900181
12,30,범계역,2026-09-14 14:00:00,2026-09-14 14:30:00,fare,operating|wd,26,"[16, 30, 401, 201, 42, 82, 521, 106, 81, 241, 56, 261, 262, 183, 39, 182, 31, 23, 461, 40, 161, 165, 166, 162, 167, 163]","[16, 30, 401, 201, 42, 82, 521, 106, 81, 241, 56, 261, 262, 183, 39, 182, 31, 23, 461, 40, 161, 165, 166, 162, 167, 163]","[16, 30, 401, 201, 42, 82, 521, 106, 81, 241, 56, 261, 262, 183, 39, 182, 31, 23, 461, 40, 161, 165, 166, 162, 167, 163]",0,0,0,0,0,0,0,0,0,0,6.17906683480454,6.17906683480454,6.17906683480454,0.00040542923379350177,0.00040542923379350177
12,30,안양역,2026-09-14 10:00:00,2026-09-14 10:30:00,walk,operating|wd,11,"[48, 112, 53, 11, 52, 7, 8, 38, 29, 18, 28]","[48, 112, 53, 11, 52, 7, 8, 38, 29, 18, 28]","[112, 53, 11, 52, 7, 8, 38, 29, 18, 28, 48]",0,0,0,0,0,0,0,0,0,0,50.0,50.0,40.0,0.0711919795814563,0.0711919795814563
12,30,안양역,2026-09-14 10:00:00,2026-09-14 10:30:00,fare,operating|wd,11,"[18, 8, 38, 28, 48, 112, 53, 11, 52, 7, 29]","[18, 8, 38, 28, 48, 112, 53, 11, 52, 7, 29]","[18, 8, 38, 28, 112, 53, 11, 52, 7, 29, 48]",0,0,0,0,0,0,0,0,0,0,30.357142857142858,30.357142857142858,30.357142857142858,0.00040657139345612114,0.00040657139345612114
12,30,안양역,2026-09-14 12:00:00,2026-09-14 12:30:00,walk,operating|wd,11,"[48, 112, 53, 11, 52, 7, 8, 38, 29, 18, 28]","[48, 112, 53, 11, 52, 7, 8, 38, 29, 18, 28]","[48, 112, 53, 11, 52, 7, 8, 38, 29, 18, 28]",0,0,0,0,0,0,0,0,0,0,50.0,50.0,50.0,0.0012369988956738335,0.0012369988956738335
12,30,안양역,2026-09-14 12:00:00,2026-09-14 12:30:00,fare,operating|wd,11,"[18, 8, 38, 28, 48, 112, 53, 11, 52, 7, 29]","[18, 8, 38, 28, 48, 112, 53, 11, 52, 7, 29]","[18, 8, 38, 28, 48, 112, 53, 11, 52, 7, 29]",0,0,0,0,0,0,0,0,0,0,28.571428571428573,28.571428571428573,28.571428571428573,0.0005777545924350026,0.0005777545924350026
12,30,안양역,2026-09-14 14:00:00,2026-09-14 14:30:00,walk,operating|wd,11,"[48, 112, 53, 11, 52, 7, 8, 38, 29, 18, 28]","[48, 112, 53, 11, 52, 7, 8, 38, 29, 18, 28]","[48, 112, 53, 11, 52, 7, 8, 38, 29, 18, 28]",0,0,0,0,0,0,0,0,0,0,29.166666666666668,29.166666666666668,29.166666666666668,0.0010963003906620697,0.0010963003906620697
12,30,안양역,2026-09-14 14:00:00,2026-09-14 14:30:00,fare,operating|wd,11,"[18, 8, 38, 28, 48, 112, 53, 11, 52, 7, 29]","[18, 8, 38, 28, 48, 112, 53, 11, 52, 7, 29]","[18, 8, 38, 28, 48, 112, 53, 11, 52, 7, 29]",0,0,0,0,0,0,0,0,0,0,25.0,25.0,25.0,0.0005096619649433604,0.0005096619649433604
12,30,평촌역,2026-09-14 12:00:00,2026-09-14 12:30:00,walk,operating|wd,25,"[16, 31, 106, 162, 166, 241, 163, 161, 167, 164, 37, 172, 168, 169, 27, 165, 261, 170, 262, 56, 171, 10, 21, 81, 34]","[16, 31, 106, 162, 166, 241, 163, 161, 167, 164, 37, 172, 168, 169, 27, 165, 261, 170, 262, 56, 171, 10, 21, 81, 34]","[16, 31, 106, 162, 166, 241, 163, 161, 167, 164, 37, 172, 168, 169, 27, 165, 261, 170, 262, 56, 171, 10, 21, 81, 34]",0,0,0,0,0,0,0,0,0,0,5.548549810844893,5.548549810844893,5.548549810844893,0.0004684036943742171,0.0004684036943742171
12,30,평촌역,2026-09-14 12:00:00,2026-09-14 12:30:00,fare,outside|wd,25,"[10, 16, 37, 27, 21, 34, 31, 106, 241, 172, 261, 262, 56, 81, 162, 166, 163, 161, 167, 164, 168, 169, 165, 170, 171]","[10, 16, 37, 27, 21, 34, 31, 106, 241, 172, 261, 262, 56, 81, 162, 166, 163, 161, 167, 164, 168, 169, 165, 170, 171]","[10, 16, 37, 27, 21, 34, 31, 106, 241, 172, 261, 262, 56, 81, 162, 166, 163, 161, 167, 164, 168, 169, 165, 170, 171]",0,0,0,0,0,0,0,0,0,0,59.89010989010989,59.89010989010989,59.89010989010989,0.0021242871621184128,0.0021242871621184128
12,30,평촌역,2026-09-14 14:00:00,2026-09-14 14:30:00,walk,operating|wd,25,"[16, 31, 106, 162, 166, 241, 163, 161, 167, 164, 37, 172, 168, 169, 27, 165, 261, 170, 262, 56, 171, 10, 21, 81, 34]","[16, 31, 106, 162, 166, 241, 163, 161, 167, 164, 37, 172, 168, 169, 27, 165, 261, 170, 262, 56, 171, 10, 21, 81, 34]","[16, 31, 106, 162, 166, 241, 163, 161, 167, 164, 37, 172, 168, 169, 27, 165, 261, 170, 262, 56, 171, 10, 21, 81, 34]",0,0,0,0,0,0,0,0,0,0,6.17906683480454,6.17906683480454,6.17906683480454,0.00040542923379350177,0.00040542923379350177
12,30,평촌역,2026-09-14 14:00:00,2026-09-14 14:30:00,fare,outside|wd,25,"[10, 16, 37, 27, 21, 34, 31, 106, 241, 172, 261, 262, 56, 81, 162, 166, 163, 161, 167, 164, 168, 169, 165, 170, 171]","[10, 16, 37, 27, 21, 34, 31, 106, 241, 172, 261, 262, 56, 81, 162, 166, 163, 161, 167, 164, 168, 169, 165, 170, 171]","[10, 16, 37, 27, 21, 34, 31, 106, 241, 172, 261, 262, 56, 81, 162, 166, 163, 161, 167, 164, 168, 169, 165, 170, 171]",0,0,0,0,0,0,0,0,0,0,56.043956043956044,56.043956043956044,56.043956043956044,0.002195741005525179,0.002195741005525179
12,30,평촌역,2026-09-14 16:00:00,2026-09-14 16:30:00,walk,operating|wd,25,"[16, 31, 106, 162, 166, 241, 163, 161, 167, 164, 37, 172, 168, 169, 27, 165, 261, 170, 262, 56, 171, 10, 21, 81, 34]","[16, 31, 106, 162, 166, 241, 163, 161, 167, 164, 37, 172, 168, 169, 27, 165, 261, 170, 262, 56, 171, 10, 21, 81, 34]","[16, 31, 106, 162, 166, 241, 163, 161, 167, 164, 37, 172, 168, 169, 27, 165, 261, 170, 262, 56, 171, 10, 21, 81, 34]",0,0,0,0,0,0,0,0,0,0,17.023959646910466,17.023959646910466,17.023959646910466,0.00042505245070305315,0.00042505245070305315
12,30,평촌역,2026-09-14 16:00:00,2026-09-14 16:30:00,fare,outside|wd,25,"[10, 81, 16, 37, 27, 21, 34, 31, 106, 241, 172, 261, 262, 56, 162, 166, 163, 161, 167, 164, 168, 169, 165, 170, 171]","[10, 81, 16, 37, 27, 21, 34, 31, 106, 241, 172, 261, 262, 56, 162, 166, 163, 161, 167, 164, 168, 169, 165, 170, 171]","[10, 81, 16, 37, 27, 21, 34, 31, 106, 241, 172, 261, 262, 56, 162, 166, 163, 161, 167, 164, 168, 169, 165, 170, 171]",0,0,0,0,0,0,0,0,0,0,63.73626373626374,63.73626373626374,63.73626373626374,0.00296772975616192,0.00296772975616192
12,30,인덕원역,2026-09-14 10:00:00,2026-09-14 10:30:00,walk,outside|wd,7,"[10, 172, 27, 171, 170, 164, 34]","[10, 172, 27, 171, 170, 164, 34]","[10, 172, 27, 171, 170, 164, 34]",0,0,0,0,0,0,0,0,0,0,63.18681318681319,63.18681318681319,63.18681318681319,0.0017529533133346814,0.0017529533133346814
12,30,인덕원역,2026-09-14 10:00:00,2026-09-14 10:30:00,fare,outside|wd,7,"[10, 27, 34, 172, 171, 170, 164]","[10, 27, 34, 172, 171, 170, 164]","[10, 27, 34, 172, 171, 170, 164]",0,0,0,0,0,0,0,0,0,0,63.18681318681319,63.18681318681319,63.18681318681319,0.0017529533133346814,0.0017529533133346814
12,30,인덕원역,2026-09-14 12:00:00,2026-09-14 12:30:00,walk,outside|wd,7,"[10, 172, 27, 171, 170, 164, 34]","[10, 172, 27, 171, 170, 164, 34]","[10, 172, 27, 171, 170, 164, 34]",0,0,0,0,0,0,0,0,0,0,59.89010989010989,59.89010989010989,59.89010989010989,0.0021242871621184128,0.0021242871621184128
12,30,인덕원역,2026-09-14 12:00:00,2026-09-14 12:30:00,fare,outside|wd,7,"[10, 27, 34, 172, 171, 170, 164]","[10, 27, 34, 172, 171, 170, 164]","[10, 27, 34, 172, 171, 170, 164]",0,0,0,0,0,0,0,0,0,0,59.89010989010989,59.89010989010989,59.89010989010989,0.0021242871621184128,0.0021242871621184128
12,30,인덕원역,2026-09-14 14:00:00,2026-09-14 14:30:00,walk,outside|wd,7,"[10, 172, 27, 171, 170, 164, 34]","[10, 172, 27, 171, 170, 164, 34]","[10, 172, 27, 171, 170, 164, 34]",0,0,0,0,0,0,0,0,0,0,56.043956043956044,56.043956043956044,56.043956043956044,0.002195741005525179,0.002195741005525179
12,30,인덕원역,2026-09-14 14:00:00,2026-09-14 14:30:00,fare,outside|wd,7,"[10, 27, 34, 172, 171, 170, 164]","[10, 27, 34, 172, 171, 170, 164]","[10, 27, 34, 172, 171, 170, 164]",0,0,0,0,0,0,0,0,0,0,56.043956043956044,56.043956043956044,56.043956043956044,0.002195741005525179,0.002195741005525179
12,30,인덕원역,2026-09-14 16:00:00,2026-09-14 16:30:00,walk,outside|wd,7,"[10, 172, 27, 171, 170, 164, 34]","[10, 172, 27, 171, 170, 164, 34]","[10, 172, 27, 171, 170, 164, 34]",0,0,0,0,0,0,0,0,0,0,63.73626373626374,63.73626373626374,63.73626373626374,0.00296772975616192,0.00296772975616192
12,30,인덕원역,2026-09-14 16:00:00,2026-09-14 16:30:00,fare,outside|wd,7,"[10, 27, 34, 172, 171, 170, 164]","[10, 27, 34, 172, 171, 170, 164]","[10, 27, 34, 172, 171, 170, 164]",0,0,0,0,0,0,0,0,0,0,63.73626373626374,63.73626373626374,63.73626373626374,0.00296772975616192,0.00296772975616192
12,60,안양시청,2026-09-14 10:00:00,2026-09-14 11:00:00,walk,operating|wd,5,"[106, 16, 31, 161, 165]","[16, 31, 161, 165, 106]","[16, 31, 165, 106, 161]",1,1,0,0,0,0,0,0,1,-500,73.52941176470588,6.557377049180328,6.557377049180328,0.7336859160748169,0.00037936321254962045
12,60,안양시청,2026-09-14 10:00:00,2026-09-14 11:00:00,fare,operating|wd,5,"[16, 106, 31, 161, 165]","[16, 31, 161, 165, 106]","[16, 31, 165, 106, 161]",1,0,0,0,0,0,0,0,0,0,6.557377049180328,6.557377049180328,6.557377049180328,0.00037936321254962045,0.00037936321254962045
12,60,안양시청,2026-09-14 12:00:00,2026-09-14 13:00:00,walk,operating|wd,5,"[106, 16, 31, 161, 165]","[106, 16, 31, 161, 165]","[106, 16, 31, 161, 165]",0,0,0,0,0,0,0,0,0,0,52.94117647058823,52.94117647058823,52.94117647058823,0.010171840538941873,0.010171840538941873
12,60,안양시청,2026-09-14 12:00:00,2026-09-14 13:00:00,fare,operating|wd,5,"[16, 106, 31, 161, 165]","[16, 106, 31, 161, 165]","[16, 106, 31, 161, 165]",0,0,0,0,0,0,0,0,0,0,4.03530895334174,4.03530895334174,4.03530895334174,0.0004254082786995948,0.0004254082786995948
12,60,안양시청,2026-09-14 14:00:00,2026-09-14 15:00:00,walk,operating|wd,5,"[106, 16, 31, 161, 165]","[106, 16, 31, 161, 165]","[106, 16, 31, 161, 165]",0,0,0,0,0,0,0,0,0,0,79.41176470588235,79.41176470588235,79.41176470588235,0.029112336875679178,0.029112336875679178
12,60,안양시청,2026-09-14 14:00:00,2026-09-14 15:00:00,fare,operating|wd,5,"[16, 106, 31, 161, 165]","[16, 106, 31, 161, 165]","[16, 106, 31, 161, 165]",0,0,0,0,0,0,0,0,0,0,7.818411097099622,7.818411097099622,7.818411097099622,0.0003868707044193337,0.0003868707044193337
12,60,안양시청,2026-09-14 16:00:00,2026-09-14 17:00:00,walk,operating|wd,5,"[106, 16, 31, 161, 165]","[106, 16, 31, 161, 165]","[106, 16, 31, 161, 165]",0,0,0,0,0,0,0,0,0,0,79.41176470588235,79.41176470588235,79.41176470588235,0.26662838832735386,0.26662838832735386
12,60,안양시청,2026-09-14 16:00:00,2026-09-14 17:00:00,fare,operating|wd,5,"[16, 106, 31, 161, 165]","[16, 106, 31, 161, 165]","[16, 106, 31, 161, 165]",0,0,0,0,0,0,0,0,0,0,21.311475409836067,21.311475409836067,21.311475409836067,0.0003851367254873001,0.0003851367254873001
12,60,석수역,2026-09-14 06:00:00,2026-09-14 07:00:00,walk,outside|wd,5,"[108, 25, 12, 13, 24]","[25, 12, 13, 24, 108]","[25, 12, 13, 24, 108]",1,1,1,0,0,1,0,1,21,0,99.15966386554622,66.94915254237289,66.94915254237289,0.97646549328947,0.0013422739068784935
12,60,석수역,2026-09-14 06:00:00,2026-09-14 07:00:00,fare,outside|wd,5,"[108, 25, 13, 24, 12]","[25, 13, 24, 12, 108]","[25, 13, 24, 12, 108]",1,1,1,0,0,1,0,1,21,0,99.15966386554622,66.94915254237289,66.94915254237289,0.97646549328947,0.0013422739068784935
12,60,석수역,2026-09-14 08:00:00,2026-09-14 09:00:00,walk,operating|wd,5,"[108, 25, 12, 13, 24]","[25, 12, 13, 24, 108]","[25, 12, 13, 24, 108]",1,1,1,0,0,1,0,1,21,0,98.31932773109244,41.52542372881356,41.52542372881356,0.9360659570204427,0.000989661166533972
12,60,석수역,2026-09-14 08:00:00,2026-09-14 09:00:00,fare,operating|wd,5,"[108, 25, 12, 13, 24]","[25, 12, 13, 24, 108]","[25, 12, 13, 24, 108]",1,1,1,0,0,1,0,1,21,0,98.31932773109244,41.52542372881356,41.52542372881356,0.9360659570204427,0.000989661166533972
12,60,석수역,2026-09-14 10:00:00,2026-09-14 11:00:00,walk,operating|wd,5,"[108, 25, 12, 13, 24]","[108, 25, 12, 13, 24]","[108, 25, 12, 13, 24]",0,0,0,0,0,0,0,0,0,0,45.378151260504204,45.378151260504204,45.378151260504204,0.0164807032557344,0.0164807032557344
12,60,석수역,2026-09-14 10:00:00,2026-09-14 11:00:00,fare,operating|wd,5,"[108, 25, 12, 13, 24]","[108, 25, 12, 13, 24]","[108, 25, 12, 13, 24]",0,0,0,0,0,0,0,0,0,0,45.378151260504204,45.378151260504204,45.378151260504204,0.0164807032557344,0.0164807032557344
12,60,석수역,2026-09-14 12:00:00,2026-09-14 13:00:00,walk,operating|wd,5,"[108, 25, 12, 13, 24]","[108, 25, 12, 13, 24]","[108, 25, 12, 13, 24]",0,0,0,0,0,0,0,0,0,0,43.69747899159664,43.69747899159664,43.69747899159664,0.022415302906961514,0.022415302906961514
12,60,석수역,2026-09-14 12:00:00,2026-09-14 13:00:00,fare,operating|wd,5,"[108, 25, 12, 13, 24]","[108, 25, 12, 13, 24]","[108, 25, 12, 13, 24]",0,0,0,0,0,0,0,0,0,0,43.69747899159664,43.69747899159664,43.69747899159664,0.022415302906961514,0.022415302906961514
12,60,석수역,2026-09-14 14:00:00,2026-09-14 15:00:00,walk,operating|wd,5,"[108, 25, 12, 13, 24]","[108, 25, 12, 13, 24]","[108, 25, 12, 13, 24]",0,0,0,0,0,0,0,0,0,0,42.857142857142854,42.857142857142854,42.857142857142854,0.0279801008587368,0.0279801008587368
12,60,석수역,2026-09-14 14:00:00,2026-09-14 15:00:00,fare,operating|wd,5,"[108, 25, 12, 13, 24]","[108, 25, 12, 13, 24]","[108, 25, 12, 13, 24]",0,0,0,0,0,0,0,0,0,0,42.857142857142854,42.857142857142854,42.857142857142854,0.0279801008587368,0.0279801008587368
12,60,석수역,2026-09-14 16:00:00,2026-09-14 17:00:00,walk,outside|wd,5,"[108, 25, 12, 13, 24]","[25, 12, 13, 24, 108]","[108, 25, 12, 13, 24]",1,1,1,0,1,1,0,1,21,0,92.43697478991596,20.338983050847457,92.43697478991596,0.9355324391828002,0.0005639356776813966
12,60,석수역,2026-09-14 16:00:00,2026-09-14 17:00:00,fare,outside|wd,5,"[108, 25, 13, 24, 12]","[25, 13, 24, 12, 108]","[108, 25, 13, 24, 12]",1,1,1,0,1,1,0,1,21,0,92.43697478991596,20.338983050847457,92.43697478991596,0.9355324391828002,0.0005639356776813966
12,60,석수역,2026-09-14 18:00:00,2026-09-14 19:00:00,walk,outside|wd,5,"[108, 25, 12, 13, 24]","[25, 12, 13, 24, 108]","[25, 12, 13, 24, 108]",1,1,1,0,0,1,0,1,21,0,93.27731092436974,20.338983050847457,20.338983050847457,0.9881158639062914,0.00145963971939174
12,60,석수역,2026-09-14 18:00:00,2026-09-14 19:00:00,fare,outside|wd,5,"[108, 25, 13, 24, 12]","[25, 13, 24, 12, 108]","[25, 13, 24, 12, 108]",1,1,1,0,0,1,0,1,21,0,93.27731092436974,20.338983050847457,20.338983050847457,0.9881158639062914,0.00145963971939174
12,60,범계역,2026-09-14 12:00:00,2026-09-14 13:00:00,walk,operating|wd,26,"[106, 16, 81, 241, 56, 261, 262, 30, 401, 183, 39, 182, 31, 161, 201, 42, 23, 165, 461, 166, 82, 40, 162, 521, 167, 163]","[106, 16, 81, 241, 56, 261, 262, 30, 401, 183, 39, 182, 31, 161, 201, 42, 23, 165, 461, 166, 82, 40, 162, 521, 167, 163]","[106, 16, 81, 241, 56, 261, 262, 30, 401, 183, 39, 182, 31, 161, 201, 42, 23, 165, 461, 166, 82, 40, 162, 521, 167, 163]",0,0,0,0,0,0,0,0,0,0,52.94117647058823,52.94117647058823,52.94117647058823,0.010171840538941873,0.010171840538941873
12,60,범계역,2026-09-14 12:00:00,2026-09-14 13:00:00,fare,operating|wd,26,"[16, 30, 401, 201, 42, 82, 521, 106, 81, 241, 56, 261, 262, 183, 39, 182, 31, 23, 461, 40, 161, 165, 166, 162, 167, 163]","[16, 30, 401, 201, 42, 82, 521, 106, 81, 241, 56, 261, 262, 183, 39, 182, 31, 23, 461, 40, 161, 165, 166, 162, 167, 163]","[16, 30, 401, 201, 42, 82, 521, 106, 81, 241, 56, 261, 262, 183, 39, 182, 31, 23, 461, 40, 161, 165, 166, 162, 167, 163]",0,0,0,0,0,0,0,0,0,0,4.03530895334174,4.03530895334174,4.03530895334174,0.0004254082786995948,0.0004254082786995948
12,60,범계역,2026-09-14 14:00:00,2026-09-14 15:00:00,walk,operating|wd,26,"[106, 16, 81, 241, 56, 261, 262, 30, 401, 183, 39, 182, 31, 161, 201, 42, 23, 165, 461, 166, 82, 40, 162, 521, 167, 163]","[106, 16, 81, 241, 56, 261, 262, 30, 401, 183, 39, 182, 31, 161, 201, 42, 23, 165, 461, 166, 82, 40, 162, 521, 167, 163]","[106, 16, 81, 241, 56, 261, 262, 30, 401, 183, 39, 182, 31, 161, 201, 42, 23, 165, 461, 166, 82, 40, 162, 521, 167, 163]",0,0,0,0,0,0,0,0,0,0,79.41176470588235,79.41176470588235,79.41176470588235,0.029112336875679178,0.029112336875679178
12,60,범계역,2026-09-14 14:00:00,2026-09-14 15:00:00,fare,operating|wd,26,"[16, 30, 401, 201, 42, 82, 521, 106, 81, 241, 56, 261, 262, 183, 39, 182, 31, 23, 461, 40, 161, 165, 166, 162, 167, 163]","[16, 30, 401, 201, 42, 82, 521, 106, 81, 241, 56, 261, 262, 183, 39, 182, 31, 23, 461, 40, 161, 165, 166, 162, 167, 163]","[16, 30, 401, 201, 42, 82, 521, 106, 81, 241, 56, 261, 262, 183, 39, 182, 31, 23, 461, 40, 161, 165, 166, 162, 167, 163]",0,0,0,0,0,0,0,0,0,0,7.818411097099622,7.818411097099622,7.818411097099622,0.0003868707044193337,0.0003868707044193337
12,60,안양역,2026-09-14 10:00:00,2026-09-14 11:00:00,walk,operating|wd,11,"[48, 112, 53, 11, 52, 7, 8, 38, 29, 18, 28]","[48, 112, 53, 11, 52, 7, 8, 38, 29, 18, 28]","[112, 53, 11, 52, 7, 8, 38, 29, 18, 28, 48]",0,0,0,0,0,0,0,0,0,0,33.333333333333336,33.333333333333336,38.666666666666664,0.07752664862754878,0.07752664862754878
12,60,안양역,2026-09-14 10:00:00,2026-09-14 11:00:00,fare,operating|wd,11,"[18, 8, 38, 28, 48, 112, 53, 11, 52, 7, 29]","[18, 8, 38, 28, 48, 112, 53, 11, 52, 7, 29]","[18, 8, 38, 28, 112, 53, 11, 52, 7, 29, 48]",0,0,0,0,0,0,0,0,0,0,26.785714285714285,26.785714285714285,26.785714285714285,0.0007891869935791118,0.0007891869935791118
12,60,안양역,2026-09-14 12:00:00,2026-09-14 13:00:00,walk,operating|wd,11,"[48, 112, 53, 11, 52, 7, 8, 38, 29, 18, 28]","[48, 112, 53, 11, 52, 7, 8, 38, 29, 18, 28]","[48, 112, 53, 11, 52, 7, 8, 38, 29, 18, 28]",0,0,0,0,0,0,0,0,0,0,41.666666666666664,41.666666666666664,41.666666666666664,0.0018356959999175065,0.0018356959999175065
12,60,안양역,2026-09-14 12:00:00,2026-09-14 13:00:00,fare,operating|wd,11,"[18, 8, 38, 28, 48, 112, 53, 11, 52, 7, 29]","[18, 8, 38, 28, 48, 112, 53, 11, 52, 7, 29]","[18, 8, 38, 28, 48, 112, 53, 11, 52, 7, 29]",0,0,0,0,0,0,0,0,0,0,26.785714285714285,26.785714285714285,26.785714285714285,0.001286197822787903,0.001286197822787903
12,60,평촌역,2026-09-14 12:00:00,2026-09-14 13:00:00,walk,operating|wd,25,"[16, 31, 106, 162, 166, 241, 163, 161, 167, 164, 37, 172, 168, 169, 27, 165, 261, 170, 262, 56, 171, 10, 21, 81, 34]","[16, 31, 106, 162, 166, 241, 163, 161, 167, 164, 37, 172, 168, 169, 27, 165, 261, 170, 262, 56, 171, 10, 21, 81, 34]","[16, 31, 106, 162, 166, 241, 163, 161, 167, 164, 37, 172, 168, 169, 27, 165, 261, 170, 262, 56, 171, 10, 21, 81, 34]",0,0,0,0,0,0,0,0,0,0,4.03530895334174,4.03530895334174,4.03530895334174,0.0004254082786995948,0.0004254082786995948
12,60,평촌역,2026-09-14 12:00:00,2026-09-14 13:00:00,fare,outside|wd,25,"[10, 16, 37, 27, 21, 34, 31, 106, 241, 172, 261, 262, 56, 81, 162, 166, 163, 161, 167, 164, 168, 169, 165, 170, 171]","[10, 16, 37, 27, 21, 34, 31, 106, 241, 172, 261, 262, 56, 81, 162, 166, 163, 161, 167, 164, 168, 169, 165, 170, 171]","[10, 16, 37, 27, 21, 34, 31, 106, 241, 172, 261, 262, 56, 81, 162, 166, 163, 161, 167, 164, 168, 169, 165, 170, 171]",0,0,0,0,0,0,0,0,0,0,57.69230769230769,57.69230769230769,57.69230769230769,0.00759197674894789,0.00759197674894789
12,60,평촌역,2026-09-14 14:00:00,2026-09-14 15:00:00,walk,operating|wd,25,"[16, 31, 106, 162, 166, 241, 163, 161, 167, 164, 37, 172, 168, 169, 27, 165, 261, 170, 262, 56, 171, 10, 21, 81, 34]","[16, 31, 106, 162, 166, 241, 163, 161, 167, 164, 37, 172, 168, 169, 27, 165, 261, 170, 262, 56, 171, 10, 21, 81, 34]","[16, 31, 106, 162, 166, 241, 163, 161, 167, 164, 37, 172, 168, 169, 27, 165, 261, 170, 262, 56, 171, 10, 21, 81, 34]",0,0,0,0,0,0,0,0,0,0,7.818411097099622,7.818411097099622,7.818411097099622,0.0003868707044193337,0.0003868707044193337
12,60,평촌역,2026-09-14 14:00:00,2026-09-14 15:00:00,fare,outside|wd,25,"[10, 16, 37, 27, 21, 34, 31, 106, 241, 172, 261, 262, 56, 81, 162, 166, 163, 161, 167, 164, 168, 169, 165, 170, 171]","[10, 16, 37, 27, 21, 34, 31, 106, 241, 172, 261, 262, 56, 81, 162, 166, 163, 161, 167, 164, 168, 169, 165, 170, 171]","[10, 16, 37, 27, 21, 34, 31, 106, 241, 172, 261, 262, 56, 81, 162, 166, 163, 161, 167, 164, 168, 169, 165, 170, 171]",0,0,0,0,0,0,0,0,0,0,57.69230769230769,57.69230769230769,57.69230769230769,0.007409653560934014,0.007409653560934014
12,60,평촌역,2026-09-14 16:00:00,2026-09-14 17:00:00,walk,operating|wd,25,"[16, 31, 106, 162, 166, 241, 163, 161, 167, 164, 37, 172, 168, 169, 27, 165, 261, 170, 262, 56, 171, 10, 21, 81, 34]","[16, 31, 106, 162, 166, 241, 163, 161, 167, 164, 37, 172, 168, 169, 27, 165, 261, 170, 262, 56, 171, 10, 21, 81, 34]","[16, 31, 106, 162, 166, 241, 163, 161, 167, 164, 37, 172, 168, 169, 27, 165, 261, 170, 262, 56, 171, 10, 21, 81, 34]",0,0,0,0,0,0,0,0,0,0,21.311475409836067,21.311475409836067,21.311475409836067,0.0003851367254873001,0.0003851367254873001
12,60,평촌역,2026-09-14 16:00:00,2026-09-14 17:00:00,fare,outside|wd,25,"[10, 81, 16, 37, 27, 21, 34, 31, 106, 241, 172, 261, 262, 56, 162, 166, 163, 161, 167, 164, 168, 169, 165, 170, 171]","[10, 81, 16, 37, 27, 21, 34, 31, 106, 241, 172, 261, 262, 56, 162, 166, 163, 161, 167, 164, 168, 169, 165, 170, 171]","[10, 81, 16, 37, 27, 21, 34, 31, 106, 241, 172, 261, 262, 56, 162, 166, 163, 161, 167, 164, 168, 169, 165, 170, 171]",0,0,0,0,0,0,0,0,0,0,65.93406593406593,65.93406593406593,65.93406593406593,0.013039153280942893,0.013039153280942893
12,60,인덕원역,2026-09-14 10:00:00,2026-09-14 11:00:00,walk,outside|wd,7,"[10, 172, 27, 171, 170, 164, 34]","[10, 172, 27, 171, 170, 164, 34]","[10, 172, 27, 171, 170, 164, 34]",0,0,0,0,0,0,0,0,0,0,61.53846153846154,61.53846153846154,61.53846153846154,0.0068325470312753465,0.0068325470312753465
12,60,인덕원역,2026-09-14 10:00:00,2026-09-14 11:00:00,fare,outside|wd,7,"[10, 27, 34, 172, 171, 170, 164]","[10, 27, 34, 172, 171, 170, 164]","[10, 27, 34, 172, 171, 170, 164]",0,0,0,0,0,0,0,0,0,0,61.53846153846154,61.53846153846154,61.53846153846154,0.0068325470312753465,0.0068325470312753465
12,60,인덕원역,2026-09-14 12:00:00,2026-09-14 13:00:00,walk,outside|wd,7,"[10, 172, 27, 171, 170, 164, 34]","[10, 172, 27, 171, 170, 164, 34]","[10, 172, 27, 171, 170, 164, 34]",0,0,0,0,0,0,0,0,0,0,57.69230769230769,57.69230769230769,57.69230769230769,0.00759197674894789,0.00759197674894789
12,60,인덕원역,2026-09-14 12:00:00,2026-09-14 13:00:00,fare,outside|wd,7,"[10, 27, 34, 172, 171, 170, 164]","[10, 27, 34, 172, 171, 170, 164]","[10, 27, 34, 172, 171, 170, 164]",0,0,0,0,0,0,0,0,0,0,57.69230769230769,57.69230769230769,57.69230769230769,0.00759197674894789,0.00759197674894789
12,60,인덕원역,2026-09-14 14:00:00,2026-09-14 15:00:00,walk,outside|wd,7,"[10, 172, 27, 171, 170, 164, 34]","[10, 172, 27, 171, 170, 164, 34]","[10, 172, 27, 171, 170, 164, 34]",0,0,0,0,0,0,0,0,0,0,57.69230769230769,57.69230769230769,57.69230769230769,0.007409653560934014,0.007409653560934014
12,60,인덕원역,2026-09-14 14:00:00,2026-09-14 15:00:00,fare,outside|wd,7,"[10, 27, 34, 172, 171, 170, 164]","[10, 27, 34, 172, 171, 170, 164]","[10, 27, 34, 172, 171, 170, 164]",0,0,0,0,0,0,0,0,0,0,57.69230769230769,57.69230769230769,57.69230769230769,0.007409653560934014,0.007409653560934014
12,60,인덕원역,2026-09-14 16:00:00,2026-09-14 17:00:00,walk,outside|wd,7,"[10, 172, 27, 171, 170, 164, 34]","[10, 172, 27, 171, 170, 164, 34]","[10, 172, 27, 171, 170, 164, 34]",0,0,0,0,0,0,0,0,0,0,65.93406593406593,65.93406593406593,65.93406593406593,0.013039153280942893,0.013039153280942893
12,60,인덕원역,2026-09-14 16:00:00,2026-09-14 17:00:00,fare,outside|wd,7,"[10, 27, 34, 172, 171, 170, 164]","[10, 27, 34, 172, 171, 170, 164]","[10, 27, 34, 172, 171, 170, 164]",0,0,0,0,0,0,0,0,0,0,65.93406593406593,65.93406593406593,65.93406593406593,0.013039153280942893,0.013039153280942893
12,120,안양시청,2026-09-14 10:00:00,2026-09-14 12:00:00,walk,operating|wd,5,"[106, 16, 31, 161, 165]","[16, 31, 161, 165, 106]","[16, 31, 165, 106, 161]",1,1,0,0,0,0,0,0,1,-500,64.70588235294117,4.03530895334174,4.03530895334174,0.7588934807694997,0.0016479590688396246
12,120,안양시청,2026-09-14 10:00:00,2026-09-14 12:00:00,fare,operating|wd,5,"[16, 106, 31, 161, 165]","[16, 31, 161, 165, 106]","[16, 31, 165, 106, 161]",1,0,0,0,0,0,0,0,0,0,4.03530895334174,4.03530895334174,4.03530895334174,0.0016479590688396246,0.0016479590688396246
12,120,안양시청,2026-09-14 12:00:00,2026-09-14 14:00:00,walk,operating|wd,5,"[106, 16, 31, 161, 165]","[106, 16, 31, 161, 165]","[106, 16, 31, 161, 165]",0,0,0,0,0,0,0,0,0,0,64.70588235294117,64.70588235294117,64.70588235294117,0.04337652607999622,0.04337652607999622
12,120,안양시청,2026-09-14 12:00:00,2026-09-14 14:00:00,fare,operating|wd,5,"[16, 106, 31, 161, 165]","[16, 106, 31, 161, 165]","[16, 106, 31, 161, 165]",0,0,0,0,0,0,0,0,0,0,4.539722572509458,4.539722572509458,4.539722572509458,0.001714367626304697,0.001714367626304697
12,120,안양시청,2026-09-14 14:00:00,2026-09-14 16:00:00,walk,operating|wd,5,"[106, 16, 31, 161, 165]","[106, 16, 31, 161, 165]","[106, 16, 31, 161, 165]",0,0,0,0,0,0,0,0,0,0,88.23529411764706,88.23529411764706,88.23529411764706,0.07008164082218112,0.07008164082218112
12,120,안양시청,2026-09-14 14:00:00,2026-09-14 16:00:00,fare,operating|wd,5,"[16, 106, 31, 161, 165]","[16, 106, 31, 161, 165]","[16, 106, 31, 161, 165]",0,0,0,0,0,0,0,0,0,0,12.862547288776797,12.862547288776797,12.862547288776797,0.001814624200127605,0.001814624200127605
12,120,석수역,2026-09-14 06:00:00,2026-09-14 08:00:00,walk,outside|wd,5,"[108, 25, 12, 13, 24]","[25, 12, 13, 24, 108]","[25, 12, 13, 24, 108]",1,1,1,0,0,1,0,1,21,0,99.15966386554622,57.6271186440678,57.6271186440678,0.9647553635709522,0.002524446247924288
12,120,석수역,2026-09-14 06:00:00,2026-09-14 08:00:00,fare,outside|wd,5,"[108, 25, 13, 24, 12]","[25, 13, 24, 12, 108]","[25, 13, 24, 12, 108]",1,1,1,0,0,1,0,1,21,0,99.15966386554622,57.6271186440678,57.6271186440678,0.9647553635709522,0.002524446247924288
12,120,석수역,2026-09-14 08:00:00,2026-09-14 10:00:00,walk,operating|wd,5,"[108, 25, 12, 13, 24]","[108, 25, 12, 13, 24]","[25, 12, 13, 24, 108]",0,0,0,0,0,0,0,0,0,0,52.10084033613445,52.10084033613445,33.898305084745765,0.1802921723627231,0.1802921723627231
12,120,석수역,2026-09-14 08:00:00,2026-09-14 10:00:00,fare,operating|wd,5,"[108, 25, 12, 13, 24]","[108, 25, 12, 13, 24]","[25, 12, 13, 24, 108]",0,0,0,0,0,0,0,0,0,0,52.10084033613445,52.10084033613445,33.898305084745765,0.1802921723627231,0.1802921723627231
12,120,석수역,2026-09-14 10:00:00,2026-09-14 12:00:00,walk,operating|wd,5,"[108, 25, 12, 13, 24]","[108, 25, 12, 13, 24]","[108, 25, 12, 13, 24]",0,0,0,0,0,0,0,0,0,0,47.05882352941177,47.05882352941177,47.05882352941177,0.05136892339598947,0.05136892339598947
12,120,석수역,2026-09-14 10:00:00,2026-09-14 12:00:00,fare,operating|wd,5,"[108, 25, 12, 13, 24]","[108, 25, 12, 13, 24]","[108, 25, 12, 13, 24]",0,0,0,0,0,0,0,0,0,0,47.05882352941177,47.05882352941177,47.05882352941177,0.05136892339598947,0.05136892339598947
12,120,석수역,2026-09-14 12:00:00,2026-09-14 14:00:00,walk,operating|wd,5,"[108, 25, 12, 13, 24]","[108, 25, 12, 13, 24]","[108, 25, 12, 13, 24]",0,0,0,0,0,0,0,0,0,0,47.89915966386555,47.89915966386555,47.89915966386555,0.04537155141861839,0.04537155141861839
12,120,석수역,2026-09-14 12:00:00,2026-09-14 14:00:00,fare,operating|wd,5,"[108, 25, 12, 13, 24]","[108, 25, 12, 13, 24]","[108, 25, 12, 13, 24]",0,0,0,0,0,0,0,0,0,0,47.89915966386555,47.89915966386555,47.89915966386555,0.04537155141861839,0.04537155141861839
12,120,석수역,2026-09-14 14:00:00,2026-09-14 16:00:00,walk,operating|wd,5,"[108, 25, 12, 13, 24]","[108, 25, 12, 13, 24]","[108, 25, 12, 13, 24]",0,0,0,0,0,0,0,0,0,0,45.378151260504204,45.378151260504204,45.378151260504204,0.07097567146644863,0.07097567146644863
12,120,석수역,2026-09-14 14:00:00,2026-09-14 16:00:00,fare,operating|wd,5,"[108, 25, 12, 13, 24]","[108, 25, 12, 13, 24]","[108, 25, 12, 13, 24]",0,0,0,0,0,0,0,0,0,0,45.378151260504204,45.378151260504204,45.378151260504204,0.07097567146644863,0.07097567146644863
12,120,석수역,2026-09-14 16:00:00,2026-09-14 18:00:00,walk,outside|wd,5,"[108, 25, 12, 13, 24]","[25, 12, 13, 24, 108]","[108, 25, 12, 13, 24]",1,1,1,0,1,1,0,1,21,0,93.27731092436974,19.491525423728813,93.27731092436974,0.9547919420907687,0.00213978129844844
12,120,석수역,2026-09-14 16:00:00,2026-09-14 18:00:00,fare,outside|wd,5,"[108, 25, 13, 24, 12]","[25, 13, 24, 12, 108]","[108, 25, 13, 24, 12]",1,1,1,0,1,1,0,1,21,0,93.27731092436974,19.491525423728813,93.27731092436974,0.9547919420907687,0.00213978129844844
12,120,범계역,2026-09-14 12:00:00,2026-09-14 14:00:00,walk,operating|wd,26,"[106, 16, 81, 241, 56, 261, 262, 30, 401, 183, 39, 182, 31, 161, 201, 42, 23, 165, 461, 166, 82, 40, 162, 521, 167, 163]","[106, 16, 81, 241, 56, 261, 262, 30, 401, 183, 39, 182, 31, 161, 201, 42, 23, 165, 461, 166, 82, 40, 162, 521, 167, 163]","[106, 16, 81, 241, 56, 261, 262, 30, 401, 183, 39, 182, 31, 161, 201, 42, 23, 165, 461, 166, 82, 40, 162, 521, 167, 163]",0,0,0,0,0,0,0,0,0,0,64.70588235294117,64.70588235294117,64.70588235294117,0.04337652607999622,0.04337652607999622
12,120,범계역,2026-09-14 12:00:00,2026-09-14 14:00:00,fare,operating|wd,26,"[16, 30, 401, 201, 42, 82, 521, 106, 81, 241, 56, 261, 262, 183, 39, 182, 31, 23, 461, 40, 161, 165, 166, 162, 167, 163]","[16, 30, 401, 201, 42, 82, 521, 106, 81, 241, 56, 261, 262, 183, 39, 182, 31, 23, 461, 40, 161, 165, 166, 162, 167, 163]","[16, 30, 401, 201, 42, 82, 521, 106, 81, 241, 56, 261, 262, 183, 39, 182, 31, 23, 461, 40, 161, 165, 166, 162, 167, 163]",0,0,0,0,0,0,0,0,0,0,4.539722572509458,4.539722572509458,4.539722572509458,0.001714367626304697,0.001714367626304697
12,120,안양역,2026-09-14 10:00:00,2026-09-14 12:00:00,walk,operating|wd,11,"[48, 112, 53, 11, 52, 7, 8, 38, 29, 18, 28]","[48, 112, 53, 11, 52, 7, 8, 38, 29, 18, 28]","[112, 53, 11, 52, 7, 8, 38, 29, 18, 28, 48]",0,0,0,0,0,0,0,0,0,0,37.5,37.5,22.666666666666668,0.052343149062688055,0.052343149062688055
12,120,안양역,2026-09-14 10:00:00,2026-09-14 12:00:00,fare,operating|wd,11,"[18, 8, 38, 28, 48, 112, 53, 11, 52, 7, 29]","[18, 8, 38, 28, 48, 112, 53, 11, 52, 7, 29]","[18, 8, 38, 28, 112, 53, 11, 52, 7, 29, 48]",0,0,0,0,0,0,0,0,0,0,28.571428571428573,28.571428571428573,28.571428571428573,0.0016823370828245073,0.0016823370828245073
12,120,안양역,2026-09-14 12:00:00,2026-09-14 14:00:00,walk,operating|wd,11,"[48, 112, 53, 11, 52, 7, 8, 38, 29, 18, 28]","[48, 112, 53, 11, 52, 7, 8, 38, 29, 18, 28]","[48, 112, 53, 11, 52, 7, 8, 38, 29, 18, 28]",0,0,0,0,0,0,0,0,0,0,37.5,37.5,37.5,0.005173504199765512,0.005173504199765512
12,120,안양역,2026-09-14 12:00:00,2026-09-14 14:00:00,fare,operating|wd,11,"[18, 8, 38, 28, 48, 112, 53, 11, 52, 7, 29]","[18, 8, 38, 28, 48, 112, 53, 11, 52, 7, 29]","[18, 8, 38, 28, 48, 112, 53, 11, 52, 7, 29]",0,0,0,0,0,0,0,0,0,0,25.0,25.0,25.0,0.0016770193663193703,0.0016770193663193703
12,120,평촌역,2026-09-14 12:00:00,2026-09-14 14:00:00,walk,operating|wd,25,"[16, 31, 106, 162, 166, 241, 163, 161, 167, 164, 37, 172, 168, 169, 27, 165, 261, 170, 262, 56, 171, 10, 21, 81, 34]","[16, 31, 106, 162, 166, 241, 163, 161, 167, 164, 37, 172, 168, 169, 27, 165, 261, 170, 262, 56, 171, 10, 21, 81, 34]","[16, 31, 106, 162, 166, 241, 163, 161, 167, 164, 37, 172, 168, 169, 27, 165, 261, 170, 262, 56, 171, 10, 21, 81, 34]",0,0,0,0,0,0,0,0,0,0,4.539722572509458,4.539722572509458,4.539722572509458,0.001714367626304697,0.001714367626304697
12,120,평촌역,2026-09-14 12:00:00,2026-09-14 14:00:00,fare,outside|wd,25,"[10, 16, 37, 27, 21, 34, 31, 106, 241, 172, 261, 262, 56, 81, 162, 166, 163, 161, 167, 164, 168, 169, 165, 170, 171]","[10, 16, 37, 27, 21, 34, 31, 106, 241, 172, 261, 262, 56, 81, 162, 166, 163, 161, 167, 164, 168, 169, 165, 170, 171]","[10, 16, 37, 27, 21, 34, 31, 106, 241, 172, 261, 262, 56, 81, 162, 166, 163, 161, 167, 164, 168, 169, 165, 170, 171]",0,0,0,0,0,0,0,0,0,0,56.043956043956044,56.043956043956044,56.043956043956044,0.03348380500222832,0.03348380500222832
12,120,평촌역,2026-09-14 14:00:00,2026-09-14 16:00:00,walk,operating|wd,25,"[16, 31, 106, 162, 166, 241, 163, 161, 167, 164, 37, 172, 168, 169, 27, 165, 261, 170, 262, 56, 171, 10, 21, 81, 34]","[16, 31, 106, 162, 166, 241, 163, 161, 167, 164, 37, 172, 168, 169, 27, 165, 261, 170, 262, 56, 171, 10, 21, 81, 34]","[16, 31, 106, 162, 166, 241, 163, 161, 167, 164, 37, 172, 168, 169, 27, 165, 261, 170, 262, 56, 171, 10, 21, 81, 34]",0,0,0,0,0,0,0,0,0,0,12.862547288776797,12.862547288776797,12.862547288776797,0.001814624200127605,0.001814624200127605
12,120,평촌역,2026-09-14 14:00:00,2026-09-14 16:00:00,fare,outside|wd,25,"[10, 16, 37, 27, 21, 34, 31, 106, 241, 172, 261, 262, 56, 81, 162, 166, 163, 161, 167, 164, 168, 169, 165, 170, 171]","[10, 16, 37, 27, 21, 34, 31, 106, 241, 172, 261, 262, 56, 81, 162, 166, 163, 161, 167, 164, 168, 169, 165, 170, 171]","[10, 16, 37, 27, 21, 34, 31, 106, 241, 172, 261, 262, 56, 81, 162, 166, 163, 161, 167, 164, 168, 169, 165, 170, 171]",0,0,0,0,0,0,0,0,0,0,59.89010989010989,59.89010989010989,59.89010989010989,0.016173062518852425,0.016173062518852425
12,120,인덕원역,2026-09-14 10:00:00,2026-09-14 12:00:00,walk,outside|wd,7,"[10, 172, 27, 171, 170, 164, 34]","[10, 172, 27, 171, 170, 164, 34]","[10, 172, 27, 171, 170, 164, 34]",0,0,0,0,0,0,0,0,0,0,61.53846153846154,61.53846153846154,61.53846153846154,0.022182433796837434,0.022182433796837434
12,120,인덕원역,2026-09-14 10:00:00,2026-09-14 12:00:00,fare,outside|wd,7,"[10, 27, 34, 172, 171, 170, 164]","[10, 27, 34, 172, 171, 170, 164]","[10, 27, 34, 172, 171, 170, 164]",0,0,0,0,0,0,0,0,0,0,61.53846153846154,61.53846153846154,61.53846153846154,0.022182433796837434,0.022182433796837434
12,120,인덕원역,2026-09-14 12:00:00,2026-09-14 14:00:00,walk,outside|wd,7,"[10, 172, 27, 171, 170, 164, 34]","[10, 172, 27, 171, 170, 164, 34]","[10, 172, 27, 171, 170, 164, 34]",0,0,0,0,0,0,0,0,0,0,56.043956043956044,56.043956043956044,56.043956043956044,0.03348380500222832,0.03348380500222832
12,120,인덕원역,2026-09-14 12:00:00,2026-09-14 14:00:00,fare,outside|wd,7,"[10, 27, 34, 172, 171, 170, 164]","[10, 27, 34, 172, 171, 170, 164]","[10, 27, 34, 172, 171, 170, 164]",0,0,0,0,0,0,0,0,0,0,56.043956043956044,56.043956043956044,56.043956043956044,0.03348380500222832,0.03348380500222832
12,120,인덕원역,2026-09-14 14:00:00,2026-09-14 16:00:00,walk,outside|wd,7,"[10, 172, 27, 171, 170, 164, 34]","[10, 172, 27, 171, 170, 164, 34]","[10, 172, 27, 171, 170, 164, 34]",0,0,0,0,0,0,0,0,0,0,59.89010989010989,59.89010989010989,59.89010989010989,0.016173062518852425,0.016173062518852425
12,120,인덕원역,2026-09-14 14:00:00,2026-09-14 16:00:00,fare,outside|wd,7,"[10, 27, 34, 172, 171, 170, 164]","[10, 27, 34, 172, 171, 170, 164]","[10, 27, 34, 172, 171, 170, 164]",0,0,0,0,0,0,0,0,0,0,59.89010989010989,59.89010989010989,59.89010989010989,0.016173062518852425,0.016173062518852425
12,240,안양시청,2026-09-14 10:00:00,2026-09-14 14:00:00,walk,operating|wd,5,"[106, 16, 31, 161, 165]","[16, 31, 161, 165, 106]","[16, 31, 165, 106, 161]",1,1,0,0,0,0,0,0,1,-500,64.70588235294117,4.539722572509458,4.539722572509458,0.6466396333596929,0.0027486449051040153
12,240,안양시청,2026-09-14 10:00:00,2026-09-14 14:00:00,fare,operating|wd,5,"[16, 106, 31, 161, 165]","[16, 31, 161, 165, 106]","[16, 31, 165, 106, 161]",1,0,0,0,0,0,0,0,0,0,4.539722572509458,4.539722572509458,4.539722572509458,0.0027486449051040153,0.0027486449051040153
12,240,안양시청,2026-09-14 12:00:00,2026-09-14 16:00:00,walk,operating|wd,5,"[106, 16, 31, 161, 165]","[106, 16, 31, 161, 165]","[106, 16, 31, 161, 165]",0,0,0,0,0,0,0,0,0,0,88.23529411764706,88.23529411764706,88.23529411764706,0.04656579588755317,0.04656579588755317
12,240,안양시청,2026-09-14 12:00:00,2026-09-14 16:00:00,fare,operating|wd,5,"[16, 106, 31, 161, 165]","[16, 106, 31, 161, 165]","[16, 106, 31, 161, 165]",0,0,0,0,0,0,0,0,0,0,12.862547288776797,12.862547288776797,12.862547288776797,0.0027903432489002405,0.0027903432489002405
12,240,석수역,2026-09-14 06:00:00,2026-09-14 10:00:00,walk,operating|wd,5,"[108, 25, 12, 13, 24]","[108, 25, 12, 13, 24]","[25, 12, 13, 24, 108]",0,0,0,0,0,0,0,0,0,0,52.10084033613445,52.10084033613445,33.898305084745765,0.02763538180319986,0.02763538180319986
12,240,석수역,2026-09-14 06:00:00,2026-09-14 10:00:00,fare,operating|wd,5,"[108, 25, 12, 13, 24]","[108, 25, 12, 13, 24]","[25, 12, 13, 24, 108]",0,0,0,0,0,0,0,0,0,0,52.10084033613445,52.10084033613445,33.898305084745765,0.02763538180319986,0.02763538180319986
12,240,석수역,2026-09-14 08:00:00,2026-09-14 12:00:00,walk,operating|wd,5,"[108, 25, 12, 13, 24]","[108, 25, 12, 13, 24]","[25, 12, 13, 24, 108]",0,0,0,0,0,0,0,0,0,0,47.05882352941177,47.05882352941177,32.20338983050848,0.026794731303556096,0.026794731303556096
12,240,석수역,2026-09-14 08:00:00,2026-09-14 12:00:00,fare,operating|wd,5,"[108, 25, 12, 13, 24]","[108, 25, 12, 13, 24]","[25, 12, 13, 24, 108]",0,0,0,0,0,0,0,0,0,0,47.05882352941177,47.05882352941177,32.20338983050848,0.026794731303556096,0.026794731303556096
12,240,석수역,2026-09-14 10:00:00,2026-09-14 14:00:00,walk,operating|wd,5,"[108, 25, 12, 13, 24]","[108, 25, 12, 13, 24]","[108, 25, 12, 13, 24]",0,0,0,0,0,0,0,0,0,0,47.89915966386555,47.89915966386555,47.89915966386555,0.04607246737960802,0.04607246737960802
12,240,석수역,2026-09-14 10:00:00,2026-09-14 14:00:00,fare,operating|wd,5,"[108, 25, 12, 13, 24]","[108, 25, 12, 13, 24]","[108, 25, 12, 13, 24]",0,0,0,0,0,0,0,0,0,0,47.89915966386555,47.89915966386555,47.89915966386555,0.04607246737960802,0.04607246737960802
12,240,석수역,2026-09-14 12:00:00,2026-09-14 16:00:00,walk,operating|wd,5,"[108, 25, 12, 13, 24]","[108, 25, 12, 13, 24]","[108, 25, 12, 13, 24]",0,0,0,0,0,0,0,0,0,0,45.378151260504204,45.378151260504204,45.378151260504204,0.13054109021039806,0.13054109021039806
12,240,석수역,2026-09-14 12:00:00,2026-09-14 16:00:00,fare,operating|wd,5,"[108, 25, 12, 13, 24]","[108, 25, 12, 13, 24]","[108, 25, 12, 13, 24]",0,0,0,0,0,0,0,0,0,0,45.378151260504204,45.378151260504204,45.378151260504204,0.13054109021039806,0.13054109021039806
12,240,석수역,2026-09-14 14:00:00,2026-09-14 18:00:00,walk,outside|wd,5,"[108, 25, 12, 13, 24]","[25, 12, 13, 24, 108]","[108, 25, 12, 13, 24]",1,1,1,0,1,1,0,1,21,0,93.27731092436974,19.491525423728813,93.27731092436974,0.9326109258399474,0.00313334049888628
12,240,석수역,2026-09-14 14:00:00,2026-09-14 18:00:00,fare,outside|wd,5,"[108, 25, 13, 24, 12]","[25, 13, 24, 12, 108]","[108, 25, 13, 24, 12]",1,1,1,0,1,1,0,1,21,0,93.27731092436974,19.491525423728813,93.27731092436974,0.9326109258399474,0.00313334049888628
12,240,석수역,2026-09-14 18:00:00,2026-09-14 22:00:00,walk,outside|wd,5,"[108, 25, 12, 13, 24]","[25, 12, 13, 24, 108]","[25, 12, 13, 24, 108]",1,1,1,0,0,1,0,1,21,0,93.27731092436974,52.54237288135593,52.54237288135593,0.9433816379410164,0.0034639436559453294
12,240,석수역,2026-09-14 18:00:00,2026-09-14 22:00:00,fare,outside|wd,5,"[108, 25, 13, 24, 12]","[25, 13, 24, 12, 108]","[25, 13, 24, 12, 108]",1,1,1,0,0,1,0,1,21,0,93.27731092436974,52.54237288135593,52.54237288135593,0.9433816379410164,0.0034639436559453294
12,240,안양역,2026-09-14 10:00:00,2026-09-14 14:00:00,walk,operating|wd,11,"[48, 112, 53, 11, 52, 7, 8, 38, 29, 18, 28]","[48, 112, 53, 11, 52, 7, 8, 38, 29, 18, 28]","[112, 53, 11, 52, 7, 8, 38, 29, 18, 28, 48]",0,0,0,0,0,0,0,0,0,0,37.5,37.5,9.333333333333334,0.017237700823382867,0.017237700823382867
12,240,안양역,2026-09-14 10:00:00,2026-09-14 14:00:00,fare,operating|wd,11,"[18, 8, 38, 28, 48, 112, 53, 11, 52, 7, 29]","[18, 8, 38, 28, 48, 112, 53, 11, 52, 7, 29]","[18, 8, 38, 28, 112, 53, 11, 52, 7, 29, 48]",0,0,0,0,0,0,0,0,0,0,25.0,25.0,25.0,0.0027019245999983436,0.0027019245999983436
12,240,평촌역,2026-09-14 12:00:00,2026-09-14 16:00:00,walk,operating|wd,25,"[16, 31, 106, 162, 166, 241, 163, 161, 167, 164, 37, 172, 168, 169, 27, 165, 261, 170, 262, 56, 171, 10, 21, 81, 34]","[16, 31, 106, 162, 166, 241, 163, 161, 167, 164, 37, 172, 168, 169, 27, 165, 261, 170, 262, 56, 171, 10, 21, 81, 34]","[16, 31, 106, 162, 166, 241, 163, 161, 167, 164, 37, 172, 168, 169, 27, 165, 261, 170, 262, 56, 171, 10, 21, 81, 34]",0,0,0,0,0,0,0,0,0,0,12.862547288776797,12.862547288776797,12.862547288776797,0.0027903432489002405,0.0027903432489002405
12,240,평촌역,2026-09-14 12:00:00,2026-09-14 16:00:00,fare,outside|wd,25,"[10, 16, 37, 27, 21, 34, 31, 106, 241, 172, 261, 262, 56, 81, 162, 166, 163, 161, 167, 164, 168, 169, 165, 170, 171]","[10, 16, 37, 27, 21, 34, 31, 106, 241, 172, 261, 262, 56, 81, 162, 166, 163, 161, 167, 164, 168, 169, 165, 170, 171]","[10, 16, 37, 27, 21, 34, 31, 106, 241, 172, 261, 262, 56, 81, 162, 166, 163, 161, 167, 164, 168, 169, 165, 170, 171]",0,0,0,0,0,0,0,0,0,0,59.89010989010989,59.89010989010989,59.89010989010989,0.03423334699034339,0.03423334699034339
12,240,인덕원역,2026-09-14 10:00:00,2026-09-14 14:00:00,walk,outside|wd,7,"[10, 172, 27, 171, 170, 164, 34]","[10, 172, 27, 171, 170, 164, 34]","[10, 172, 27, 171, 170, 164, 34]",0,0,0,0,0,0,0,0,0,0,56.043956043956044,56.043956043956044,56.043956043956044,0.023493758957121195,0.023493758957121195
12,240,인덕원역,2026-09-14 10:00:00,2026-09-14 14:00:00,fare,outside|wd,7,"[10, 27, 34, 172, 171, 170, 164]","[10, 27, 34, 172, 171, 170, 164]","[10, 27, 34, 172, 171, 170, 164]",0,0,0,0,0,0,0,0,0,0,56.043956043956044,56.043956043956044,56.043956043956044,0.023493758957121195,0.023493758957121195
12,240,인덕원역,2026-09-14 12:00:00,2026-09-14 16:00:00,walk,outside|wd,7,"[10, 172, 27, 171, 170, 164, 34]","[10, 172, 27, 171, 170, 164, 34]","[10, 172, 27, 171, 170, 164, 34]",0,0,0,0,0,0,0,0,0,0,59.89010989010989,59.89010989010989,59.89010989010989,0.03423334699034339,0.03423334699034339
12,240,인덕원역,2026-09-14 12:00:00,2026-09-14 16:00:00,fare,outside|wd,7,"[10, 27, 34, 172, 171, 170, 164]","[10, 27, 34, 172, 171, 170, 164]","[10, 27, 34, 172, 171, 170, 164]",0,0,0,0,0,0,0,0,0,0,59.89010989010989,59.89010989010989,59.89010989010989,0.03423334699034339,0.03423334699034339
12,360,안양시청,2026-09-14 10:00:00,2026-09-14 16:00:00,walk,operating|wd,5,"[106, 16, 31, 161, 165]","[16, 31, 161, 165, 106]","[16, 31, 165, 106, 161]",1,1,0,0,0,0,0,0,1,-500,88.23529411764706,12.862547288776797,12.862547288776797,0.7261726358278779,0.003219611214520594
12,360,안양시청,2026-09-14 10:00:00,2026-09-14 16:00:00,fare,operating|wd,5,"[16, 106, 31, 161, 165]","[16, 31, 161, 165, 106]","[16, 31, 165, 106, 161]",1,0,0,0,0,0,0,0,0,0,12.862547288776797,12.862547288776797,12.862547288776797,0.003219611214520594,0.003219611214520594
12,360,석수역,2026-09-14 06:00:00,2026-09-14 12:00:00,walk,operating|wd,5,"[108, 25, 12, 13, 24]","[108, 25, 12, 13, 24]","[25, 12, 13, 24, 108]",0,0,0,0,0,0,0,0,0,0,47.05882352941177,47.05882352941177,32.20338983050848,0.0592904056345547,0.0592904056345547
12,360,석수역,2026-09-14 06:00:00,2026-09-14 12:00:00,fare,operating|wd,5,"[108, 25, 12, 13, 24]","[108, 25, 12, 13, 24]","[25, 12, 13, 24, 108]",0,0,0,0,0,0,0,0,0,0,47.05882352941177,47.05882352941177,32.20338983050848,0.0592904056345547,0.0592904056345547
12,360,석수역,2026-09-14 08:00:00,2026-09-14 14:00:00,walk,operating|wd,5,"[108, 25, 12, 13, 24]","[108, 25, 12, 13, 24]","[25, 12, 13, 24, 108]",0,0,0,0,0,0,0,0,0,0,47.89915966386555,47.89915966386555,23.728813559322035,0.0558942346023359,0.0558942346023359
12,360,석수역,2026-09-14 08:00:00,2026-09-14 14:00:00,fare,operating|wd,5,"[108, 25, 12, 13, 24]","[108, 25, 12, 13, 24]","[25, 12, 13, 24, 108]",0,0,0,0,0,0,0,0,0,0,47.89915966386555,47.89915966386555,23.728813559322035,0.0558942346023359,0.0558942346023359
12,360,석수역,2026-09-14 10:00:00,2026-09-14 16:00:00,walk,operating|wd,5,"[108, 25, 12, 13, 24]","[108, 25, 12, 13, 24]","[108, 25, 12, 13, 24]",0,0,0,0,0,0,0,0,0,0,45.378151260504204,45.378151260504204,45.378151260504204,0.15178146945662335,0.15178146945662335
12,360,석수역,2026-09-14 10:00:00,2026-09-14 16:00:00,fare,operating|wd,5,"[108, 25, 12, 13, 24]","[108, 25, 12, 13, 24]","[108, 25, 12, 13, 24]",0,0,0,0,0,0,0,0,0,0,45.378151260504204,45.378151260504204,45.378151260504204,0.15178146945662335,0.15178146945662335
12,360,석수역,2026-09-14 12:00:00,2026-09-14 18:00:00,walk,outside|wd,5,"[108, 25, 12, 13, 24]","[25, 12, 13, 24, 108]","[108, 25, 12, 13, 24]",1,1,1,0,1,1,0,1,21,0,93.27731092436974,19.491525423728813,93.27731092436974,0.8578917452655065,0.0032462888502223742
12,360,석수역,2026-09-14 12:00:00,2026-09-14 18:00:00,fare,outside|wd,5,"[108, 25, 13, 24, 12]","[25, 13, 24, 12, 108]","[108, 25, 13, 24, 12]",1,1,1,0,1,1,0,1,21,0,93.27731092436974,19.491525423728813,93.27731092436974,0.8578917452655065,0.0032462888502223742
12,360,석수역,2026-09-14 16:00:00,2026-09-14 22:00:00,walk,outside|wd,5,"[108, 25, 12, 13, 24]","[25, 12, 13, 24, 108]","[108, 25, 12, 13, 24]",1,1,1,0,1,1,0,1,21,0,93.27731092436974,52.54237288135593,93.27731092436974,0.9103585534955824,0.003961121663644587
12,360,석수역,2026-09-14 16:00:00,2026-09-14 22:00:00,fare,outside|wd,5,"[108, 25, 13, 24, 12]","[25, 13, 24, 12, 108]","[108, 25, 13, 24, 12]",1,1,1,0,1,1,0,1,21,0,93.27731092436974,52.54237288135593,93.27731092436974,0.9103585534955824,0.003961121663644587
12,360,인덕원역,2026-09-14 10:00:00,2026-09-14 16:00:00,walk,outside|wd,7,"[10, 172, 27, 171, 170, 164, 34]","[10, 172, 27, 171, 170, 164, 34]","[10, 172, 27, 171, 170, 164, 34]",0,0,0,0,0,0,0,0,0,0,59.89010989010989,59.89010989010989,59.89010989010989,0.028150143423657986,0.028150143423657986
12,360,인덕원역,2026-09-14 10:00:00,2026-09-14 16:00:00,fare,outside|wd,7,"[10, 27, 34, 172, 171, 170, 164]","[10, 27, 34, 172, 171, 170, 164]","[10, 27, 34, 172, 171, 170, 164]",0,0,0,0,0,0,0,0,0,0,59.89010989010989,59.89010989010989,59.89010989010989,0.028150143423657986,0.028150143423657986
13,15,안양시청,2026-09-15 10:00:00,2026-09-15 10:15:00,walk,operating|wd,5,"[106, 16, 31, 161, 165]","[16, 31, 161, 165, 106]","[16, 31, 161, 165, 106]",1,1,0,0,0,0,0,0,1,-500,79.41176470588235,11.853720050441362,11.853720050441362,0.5652687324973512,1.75449397185423e-05
13,15,안양시청,2026-09-15 10:00:00,2026-09-15 10:15:00,fare,operating|wd,5,"[16, 106, 31, 161, 165]","[16, 31, 161, 165, 106]","[16, 31, 161, 165, 106]",1,0,0,0,0,0,0,0,0,0,11.853720050441362,11.853720050441362,11.853720050441362,1.75449397185423e-05,1.75449397185423e-05
13,15,안양시청,2026-09-15 12:00:00,2026-09-15 12:15:00,walk,operating|wd,5,"[106, 16, 31, 161, 165]","[106, 16, 31, 161, 165]","[106, 16, 31, 161, 165]",0,0,0,0,0,0,0,0,0,0,70.58823529411765,70.58823529411765,70.58823529411765,0.0009171689971277159,0.0009171689971277159
13,15,안양시청,2026-09-15 12:00:00,2026-09-15 12:15:00,fare,operating|wd,5,"[16, 106, 31, 161, 165]","[16, 106, 31, 161, 165]","[16, 106, 31, 161, 165]",0,0,0,0,0,0,0,0,0,0,8.07061790668348,8.07061790668348,8.07061790668348,2.951299221126429e-05,2.951299221126429e-05
13,15,안양시청,2026-09-15 14:00:00,2026-09-15 14:15:00,walk,operating|wd,5,"[106, 16, 31, 161, 165]","[106, 16, 31, 161, 165]","[106, 16, 31, 161, 165]",0,0,0,0,0,0,0,0,0,0,76.47058823529412,76.47058823529412,76.47058823529412,0.0005934347498081242,0.0005934347498081242
13,15,안양시청,2026-09-15 14:00:00,2026-09-15 14:15:00,fare,operating|wd,5,"[16, 106, 31, 161, 165]","[16, 106, 31, 161, 165]","[16, 106, 31, 161, 165]",0,0,0,0,0,0,0,0,0,0,7.944514501891551,7.944514501891551,7.944514501891551,2.1493761145808042e-05,2.1493761145808042e-05
13,15,안양시청,2026-09-15 16:00:00,2026-09-15 16:15:00,walk,operating|wd,5,"[106, 16, 31, 161, 165]","[106, 16, 31, 161, 165]","[106, 16, 31, 161, 165]",0,0,0,0,0,0,0,0,0,0,79.41176470588235,79.41176470588235,79.41176470588235,0.0011392495496359185,0.0011392495496359185
13,15,안양시청,2026-09-15 16:00:00,2026-09-15 16:15:00,fare,operating|wd,5,"[16, 106, 31, 161, 165]","[16, 106, 31, 161, 165]","[16, 106, 31, 161, 165]",0,0,0,0,0,0,0,0,0,0,13.493064312736443,13.493064312736443,13.493064312736443,2.4260531091374053e-05,2.4260531091374053e-05
13,15,석수역,2026-09-15 10:00:00,2026-09-15 10:15:00,walk,operating|wd,5,"[108, 25, 12, 13, 24]","[108, 25, 12, 13, 24]","[108, 25, 12, 13, 24]",0,0,0,0,0,0,0,0,0,0,49.57983193277311,49.57983193277311,49.57983193277311,0.00015162965642117853,0.00015162965642117853
13,15,석수역,2026-09-15 10:00:00,2026-09-15 10:15:00,fare,operating|wd,5,"[108, 25, 12, 13, 24]","[108, 25, 12, 13, 24]","[108, 25, 12, 13, 24]",0,0,0,0,0,0,0,0,0,0,49.57983193277311,49.57983193277311,49.57983193277311,0.00015162965642117853,0.00015162965642117853
13,15,석수역,2026-09-15 12:00:00,2026-09-15 12:15:00,walk,operating|wd,5,"[108, 25, 12, 13, 24]","[108, 25, 12, 13, 24]","[108, 25, 12, 13, 24]",0,0,0,0,0,0,0,0,0,0,47.05882352941177,47.05882352941177,47.05882352941177,0.0009364367659306034,0.0009364367659306034
13,15,석수역,2026-09-15 12:00:00,2026-09-15 12:15:00,fare,operating|wd,5,"[108, 25, 12, 13, 24]","[108, 25, 12, 13, 24]","[108, 25, 12, 13, 24]",0,0,0,0,0,0,0,0,0,0,47.05882352941177,47.05882352941177,47.05882352941177,0.0009364367659306034,0.0009364367659306034
13,15,석수역,2026-09-15 14:00:00,2026-09-15 14:15:00,walk,operating|wd,5,"[108, 25, 12, 13, 24]","[108, 25, 12, 13, 24]","[108, 25, 12, 13, 24]",0,0,0,0,0,0,0,0,0,0,44.53781512605042,44.53781512605042,44.53781512605042,0.0002624763666893481,0.0002624763666893481
13,15,석수역,2026-09-15 14:00:00,2026-09-15 14:15:00,fare,operating|wd,5,"[108, 25, 12, 13, 24]","[108, 25, 12, 13, 24]","[108, 25, 12, 13, 24]",0,0,0,0,0,0,0,0,0,0,44.53781512605042,44.53781512605042,44.53781512605042,0.0002624763666893481,0.0002624763666893481
13,15,석수역,2026-09-15 16:00:00,2026-09-15 16:15:00,walk,operating|wd,5,"[108, 25, 12, 13, 24]","[108, 25, 12, 13, 24]","[108, 25, 12, 13, 24]",0,0,0,0,0,0,0,0,0,0,41.1764705882353,41.1764705882353,41.1764705882353,0.0010183939116731858,0.0010183939116731858
13,15,석수역,2026-09-15 16:00:00,2026-09-15 16:15:00,fare,operating|wd,5,"[108, 25, 13, 24, 12]","[108, 25, 13, 24, 12]","[108, 25, 13, 24, 12]",0,0,0,0,0,0,0,0,0,0,41.1764705882353,41.1764705882353,41.1764705882353,0.0010183939116731858,0.0010183939116731858
13,15,석수역,2026-09-15 18:00:00,2026-09-15 18:15:00,walk,outside|wd,5,"[108, 25, 12, 13, 24]","[108, 25, 12, 13, 24]","[108, 25, 12, 13, 24]",0,0,0,0,0,0,0,0,0,0,89.07563025210084,89.07563025210084,89.07563025210084,0.017412173547122375,0.017412173547122375
13,15,석수역,2026-09-15 18:00:00,2026-09-15 18:15:00,fare,outside|wd,5,"[108, 25, 13, 24, 12]","[108, 25, 13, 24, 12]","[108, 25, 13, 24, 12]",0,0,0,0,0,0,0,0,0,0,89.07563025210084,89.07563025210084,89.07563025210084,0.017412173547122375,0.017412173547122375
13,15,석수역,2026-09-15 20:00:00,2026-09-15 20:15:00,walk,outside|wd,5,"[108, 25, 12, 13, 24]","[108, 25, 12, 13, 24]","[108, 25, 12, 13, 24]",0,0,0,0,0,0,0,0,0,0,89.07563025210084,89.07563025210084,89.07563025210084,0.016423200076507112,0.016423200076507112
13,15,석수역,2026-09-15 20:00:00,2026-09-15 20:15:00,fare,outside|wd,5,"[108, 25, 13, 24, 12]","[108, 25, 13, 24, 12]","[108, 25, 13, 24, 12]",0,0,0,0,0,0,0,0,0,0,89.07563025210084,89.07563025210084,89.07563025210084,0.016423200076507112,0.016423200076507112
13,15,석수역,2026-09-15 22:00:00,2026-09-15 22:15:00,walk,outside|wd,5,"[108, 25, 12, 13, 24]","[108, 25, 12, 13, 24]","[108, 25, 12, 13, 24]",0,0,0,0,0,0,0,0,0,0,89.07563025210084,89.07563025210084,89.07563025210084,0.024831613105281116,0.024831613105281116
13,15,석수역,2026-09-15 22:00:00,2026-09-15 22:15:00,fare,outside|wd,5,"[108, 25, 13, 24, 12]","[108, 25, 13, 24, 12]","[108, 25, 13, 24, 12]",0,0,0,0,0,0,0,0,0,0,89.07563025210084,89.07563025210084,89.07563025210084,0.024831613105281116,0.024831613105281116
13,15,범계역,2026-09-15 12:00:00,2026-09-15 12:15:00,walk,operating|wd,26,"[106, 16, 81, 241, 56, 261, 262, 30, 401, 183, 39, 182, 31, 161, 201, 42, 23, 165, 461, 166, 82, 40, 162, 521, 167, 163]","[106, 16, 81, 241, 56, 261, 262, 30, 401, 183, 39, 182, 31, 161, 201, 42, 23, 165, 461, 166, 82, 40, 162, 521, 167, 163]","[106, 16, 81, 241, 56, 261, 262, 30, 401, 183, 39, 182, 31, 161, 201, 42, 23, 165, 461, 166, 82, 40, 162, 521, 167, 163]",0,0,0,0,0,0,0,0,0,0,70.58823529411765,70.58823529411765,70.58823529411765,0.0009171689971277159,0.0009171689971277159
13,15,범계역,2026-09-15 12:00:00,2026-09-15 12:15:00,fare,operating|wd,26,"[16, 30, 401, 201, 42, 82, 521, 106, 81, 241, 56, 261, 262, 183, 39, 182, 31, 23, 461, 40, 161, 165, 166, 162, 167, 163]","[16, 30, 401, 201, 42, 82, 521, 106, 81, 241, 56, 261, 262, 183, 39, 182, 31, 23, 461, 40, 161, 165, 166, 162, 167, 163]","[16, 30, 401, 201, 42, 82, 521, 106, 81, 241, 56, 261, 262, 183, 39, 182, 31, 23, 461, 40, 161, 165, 166, 162, 167, 163]",0,0,0,0,0,0,0,0,0,0,8.07061790668348,8.07061790668348,8.07061790668348,2.951299221126429e-05,2.951299221126429e-05
13,15,범계역,2026-09-15 14:00:00,2026-09-15 14:15:00,walk,operating|wd,26,"[106, 16, 81, 241, 56, 261, 262, 30, 401, 183, 39, 182, 31, 161, 201, 42, 23, 165, 461, 166, 82, 40, 162, 521, 167, 163]","[106, 16, 81, 241, 56, 261, 262, 30, 401, 183, 39, 182, 31, 161, 201, 42, 23, 165, 461, 166, 82, 40, 162, 521, 167, 163]","[106, 16, 81, 241, 56, 261, 262, 30, 401, 183, 39, 182, 31, 161, 201, 42, 23, 165, 461, 166, 82, 40, 162, 521, 167, 163]",0,0,0,0,0,0,0,0,0,0,76.47058823529412,76.47058823529412,76.47058823529412,0.0005934347498081242,0.0005934347498081242
13,15,범계역,2026-09-15 14:00:00,2026-09-15 14:15:00,fare,operating|wd,26,"[16, 30, 401, 201, 42, 82, 521, 106, 81, 241, 56, 261, 262, 183, 39, 182, 31, 23, 461, 40, 161, 165, 166, 162, 167, 163]","[16, 30, 401, 201, 42, 82, 521, 106, 81, 241, 56, 261, 262, 183, 39, 182, 31, 23, 461, 40, 161, 165, 166, 162, 167, 163]","[16, 30, 401, 201, 42, 82, 521, 106, 81, 241, 56, 261, 262, 183, 39, 182, 31, 23, 461, 40, 161, 165, 166, 162, 167, 163]",0,0,0,0,0,0,0,0,0,0,7.944514501891551,7.944514501891551,7.944514501891551,2.1493761145808042e-05,2.1493761145808042e-05
13,15,안양역,2026-09-15 10:00:00,2026-09-15 10:15:00,walk,operating|wd,11,"[48, 112, 53, 11, 52, 7, 8, 38, 29, 18, 28]","[48, 112, 53, 11, 52, 7, 8, 38, 29, 18, 28]","[112, 11, 7, 8, 38, 29, 18, 28, 48, 53, 52]",0,0,0,0,0,0,0,0,0,0,58.333333333333336,58.333333333333336,54.666666666666664,0.041867426514659696,0.041867426514659696
13,15,안양역,2026-09-15 10:00:00,2026-09-15 10:15:00,fare,operating|wd,11,"[18, 8, 38, 28, 48, 112, 53, 11, 52, 7, 29]","[18, 8, 38, 28, 48, 112, 53, 11, 52, 7, 29]","[18, 8, 38, 28, 112, 11, 7, 29, 48, 53, 52]",0,0,0,0,0,0,0,0,0,0,39.285714285714285,39.285714285714285,39.285714285714285,3.0081137995752685e-05,3.0081137995752685e-05
13,15,안양역,2026-09-15 12:00:00,2026-09-15 12:15:00,walk,operating|wd,11,"[48, 112, 53, 11, 52, 7, 8, 38, 29, 18, 28]","[48, 112, 53, 11, 52, 7, 8, 38, 29, 18, 28]","[48, 112, 53, 11, 52, 7, 8, 38, 29, 18, 28]",0,0,0,0,0,0,0,0,0,0,50.0,50.0,50.0,0.00028271182833909127,0.00028271182833909127
13,15,안양역,2026-09-15 12:00:00,2026-09-15 12:15:00,fare,operating|wd,11,"[18, 8, 38, 28, 48, 112, 53, 11, 52, 7, 29]","[18, 8, 38, 28, 48, 112, 53, 11, 52, 7, 29]","[18, 8, 38, 28, 48, 112, 53, 11, 52, 7, 29]",0,0,0,0,0,0,0,0,0,0,30.357142857142858,30.357142857142858,30.357142857142858,2.675600218753405e-05,2.675600218753405e-05
13,15,안양역,2026-09-15 14:00:00,2026-09-15 14:15:00,walk,operating|wd,11,"[48, 112, 53, 11, 52, 7, 8, 38, 29, 18, 28]","[48, 112, 53, 11, 52, 7, 8, 38, 29, 18, 28]","[48, 112, 53, 11, 52, 7, 8, 38, 29, 18, 28]",0,0,0,0,0,0,0,0,0,0,33.333333333333336,33.333333333333336,33.333333333333336,0.00015640865744775105,0.00015640865744775105
13,15,안양역,2026-09-15 14:00:00,2026-09-15 14:15:00,fare,operating|wd,11,"[18, 8, 38, 28, 48, 112, 53, 11, 52, 7, 29]","[18, 8, 38, 28, 48, 112, 53, 11, 52, 7, 29]","[18, 8, 38, 28, 48, 112, 53, 11, 52, 7, 29]",0,0,0,0,0,0,0,0,0,0,33.92857142857143,33.92857142857143,33.92857142857143,2.8190990920467537e-05,2.8190990920467537e-05
13,15,평촌역,2026-09-15 12:00:00,2026-09-15 12:15:00,walk,operating|wd,25,"[16, 31, 106, 162, 166, 241, 163, 161, 167, 164, 37, 172, 168, 169, 27, 165, 261, 170, 262, 56, 171, 10, 21, 81, 34]","[16, 31, 106, 162, 166, 241, 163, 161, 167, 164, 37, 172, 168, 169, 27, 165, 261, 170, 262, 56, 171, 10, 21, 81, 34]","[16, 31, 106, 162, 166, 241, 163, 161, 167, 164, 37, 172, 168, 169, 27, 165, 261, 170, 262, 56, 171, 10, 21, 81, 34]",0,0,0,0,0,0,0,0,0,0,8.07061790668348,8.07061790668348,8.07061790668348,2.951299221126429e-05,2.951299221126429e-05
13,15,평촌역,2026-09-15 12:00:00,2026-09-15 12:15:00,fare,outside|wd,25,"[10, 16, 37, 27, 21, 34, 31, 106, 241, 172, 261, 262, 56, 81, 162, 166, 163, 161, 167, 164, 168, 169, 165, 170, 171]","[10, 16, 37, 27, 21, 34, 31, 106, 241, 172, 261, 262, 56, 81, 162, 166, 163, 161, 167, 164, 168, 169, 165, 170, 171]","[10, 16, 37, 27, 21, 34, 31, 106, 241, 172, 261, 262, 56, 81, 162, 166, 163, 161, 167, 164, 168, 169, 165, 170, 171]",0,0,0,0,0,0,0,0,0,0,43.40659340659341,43.40659340659341,43.40659340659341,6.016787769318249e-05,6.016787769318249e-05
13,15,평촌역,2026-09-15 14:00:00,2026-09-15 14:15:00,walk,operating|wd,25,"[16, 31, 106, 162, 166, 241, 163, 161, 167, 164, 37, 172, 168, 169, 27, 165, 261, 170, 262, 56, 171, 10, 21, 81, 34]","[16, 31, 106, 162, 166, 241, 163, 161, 167, 164, 37, 172, 168, 169, 27, 165, 261, 170, 262, 56, 171, 10, 21, 81, 34]","[16, 31, 106, 162, 166, 241, 163, 161, 167, 164, 37, 172, 168, 169, 27, 165, 261, 170, 262, 56, 171, 10, 21, 81, 34]",0,0,0,0,0,0,0,0,0,0,7.944514501891551,7.944514501891551,7.944514501891551,2.1493761145808042e-05,2.1493761145808042e-05
13,15,평촌역,2026-09-15 14:00:00,2026-09-15 14:15:00,fare,outside|wd,25,"[10, 16, 37, 27, 21, 34, 31, 106, 241, 172, 261, 262, 56, 81, 162, 166, 163, 161, 167, 164, 168, 169, 165, 170, 171]","[10, 16, 37, 27, 21, 34, 31, 106, 241, 172, 261, 262, 56, 81, 162, 166, 163, 161, 167, 164, 168, 169, 165, 170, 171]","[10, 16, 37, 27, 21, 34, 31, 106, 241, 172, 261, 262, 56, 81, 162, 166, 163, 161, 167, 164, 168, 169, 165, 170, 171]",0,0,0,0,0,0,0,0,0,0,43.40659340659341,43.40659340659341,43.40659340659341,9.682651462874519e-05,9.682651462874519e-05
13,15,평촌역,2026-09-15 16:00:00,2026-09-15 16:15:00,walk,operating|wd,25,"[16, 31, 106, 162, 166, 241, 163, 161, 167, 164, 37, 172, 168, 169, 27, 165, 261, 170, 262, 56, 171, 10, 21, 81, 34]","[16, 31, 106, 162, 166, 241, 163, 161, 167, 164, 37, 172, 168, 169, 27, 165, 261, 170, 262, 56, 171, 10, 21, 81, 34]","[16, 31, 106, 162, 166, 241, 163, 161, 167, 164, 37, 172, 168, 169, 27, 165, 261, 170, 262, 56, 171, 10, 21, 81, 34]",0,0,0,0,0,0,0,0,0,0,13.493064312736443,13.493064312736443,13.493064312736443,2.4260531091374053e-05,2.4260531091374053e-05
13,15,평촌역,2026-09-15 16:00:00,2026-09-15 16:15:00,fare,outside|wd,25,"[10, 16, 37, 27, 21, 34, 81, 31, 106, 241, 172, 261, 262, 56, 162, 166, 163, 161, 167, 164, 168, 169, 165, 170, 171]","[10, 16, 37, 27, 21, 34, 81, 31, 106, 241, 172, 261, 262, 56, 162, 166, 163, 161, 167, 164, 168, 169, 165, 170, 171]","[10, 16, 37, 27, 21, 34, 81, 31, 106, 241, 172, 261, 262, 56, 162, 166, 163, 161, 167, 164, 168, 169, 165, 170, 171]",0,0,0,0,0,0,0,0,0,0,57.142857142857146,57.142857142857146,57.142857142857146,0.00010703872919439936,0.00010703872919439936
13,15,인덕원역,2026-09-15 10:00:00,2026-09-15 10:15:00,walk,outside|wd,7,"[10, 172, 27, 171, 170, 164, 34]","[10, 172, 27, 171, 170, 164, 34]","[10, 172, 27, 171, 170, 164, 34]",0,0,0,0,0,0,0,0,0,0,53.2967032967033,53.2967032967033,53.2967032967033,0.00016366311521453277,0.00016366311521453277
13,15,인덕원역,2026-09-15 10:00:00,2026-09-15 10:15:00,fare,outside|wd,7,"[10, 27, 34, 172, 171, 170, 164]","[10, 27, 34, 172, 171, 170, 164]","[10, 27, 34, 172, 171, 170, 164]",0,0,0,0,0,0,0,0,0,0,53.2967032967033,53.2967032967033,53.2967032967033,0.00016366311521453277,0.00016366311521453277
13,15,인덕원역,2026-09-15 12:00:00,2026-09-15 12:15:00,walk,outside|wd,7,"[10, 172, 27, 171, 170, 164, 34]","[10, 172, 27, 171, 170, 164, 34]","[10, 172, 27, 171, 170, 164, 34]",0,0,0,0,0,0,0,0,0,0,43.40659340659341,43.40659340659341,43.40659340659341,6.016787769318249e-05,6.016787769318249e-05
13,15,인덕원역,2026-09-15 12:00:00,2026-09-15 12:15:00,fare,outside|wd,7,"[10, 27, 34, 172, 171, 170, 164]","[10, 27, 34, 172, 171, 170, 164]","[10, 27, 34, 172, 171, 170, 164]",0,0,0,0,0,0,0,0,0,0,43.40659340659341,43.40659340659341,43.40659340659341,6.016787769318249e-05,6.016787769318249e-05
13,15,인덕원역,2026-09-15 14:00:00,2026-09-15 14:15:00,walk,outside|wd,7,"[10, 172, 27, 171, 170, 164, 34]","[10, 172, 27, 171, 170, 164, 34]","[10, 172, 27, 171, 170, 164, 34]",0,0,0,0,0,0,0,0,0,0,43.40659340659341,43.40659340659341,43.40659340659341,9.682651462874519e-05,9.682651462874519e-05
13,15,인덕원역,2026-09-15 14:00:00,2026-09-15 14:15:00,fare,outside|wd,7,"[10, 27, 34, 172, 171, 170, 164]","[10, 27, 34, 172, 171, 170, 164]","[10, 27, 34, 172, 171, 170, 164]",0,0,0,0,0,0,0,0,0,0,43.40659340659341,43.40659340659341,43.40659340659341,9.682651462874519e-05,9.682651462874519e-05
13,15,인덕원역,2026-09-15 16:00:00,2026-09-15 16:15:00,walk,outside|wd,7,"[10, 172, 27, 171, 170, 164, 34]","[10, 172, 27, 171, 170, 164, 34]","[10, 172, 27, 171, 170, 164, 34]",0,0,0,0,0,0,0,0,0,0,57.142857142857146,57.142857142857146,57.142857142857146,0.00010703872919439936,0.00010703872919439936
13,15,인덕원역,2026-09-15 16:00:00,2026-09-15 16:15:00,fare,outside|wd,7,"[10, 27, 34, 172, 171, 170, 164]","[10, 27, 34, 172, 171, 170, 164]","[10, 27, 34, 172, 171, 170, 164]",0,0,0,0,0,0,0,0,0,0,57.142857142857146,57.142857142857146,57.142857142857146,0.00010703872919439936,0.00010703872919439936
13,30,안양시청,2026-09-15 10:00:00,2026-09-15 10:30:00,walk,operating|wd,5,"[106, 16, 31, 161, 165]","[16, 31, 161, 165, 106]","[16, 31, 161, 165, 106]",1,1,0,0,0,0,0,0,1,-500,73.52941176470588,10.718789407313997,10.718789407313997,0.5042230955242168,1.3201224078316694e-05
13,30,안양시청,2026-09-15 10:00:00,2026-09-15 10:30:00,fare,operating|wd,5,"[16, 106, 31, 161, 165]","[16, 31, 161, 165, 106]","[16, 31, 161, 165, 106]",1,0,0,0,0,0,0,0,0,0,10.718789407313997,10.718789407313997,10.718789407313997,1.3201224078316694e-05,1.3201224078316694e-05
13,30,안양시청,2026-09-15 12:00:00,2026-09-15 12:30:00,walk,operating|wd,5,"[106, 16, 31, 161, 165]","[106, 16, 31, 161, 165]","[106, 16, 31, 161, 165]",0,0,0,0,0,0,0,0,0,0,70.58823529411765,70.58823529411765,70.58823529411765,0.0004256866422744966,0.0004256866422744966
13,30,안양시청,2026-09-15 12:00:00,2026-09-15 12:30:00,fare,operating|wd,5,"[16, 106, 31, 161, 165]","[16, 106, 31, 161, 165]","[16, 106, 31, 161, 165]",0,0,0,0,0,0,0,0,0,0,7.440100882723834,7.440100882723834,7.440100882723834,1.575447958417789e-05,1.575447958417789e-05
13,30,안양시청,2026-09-15 14:00:00,2026-09-15 14:30:00,walk,operating|wd,5,"[106, 16, 31, 161, 165]","[106, 16, 31, 161, 165]","[106, 16, 31, 161, 165]",0,0,0,0,0,0,0,0,0,0,73.52941176470588,73.52941176470588,73.52941176470588,0.0004663378405849047,0.0004663378405849047
13,30,안양시청,2026-09-15 14:00:00,2026-09-15 14:30:00,fare,operating|wd,5,"[16, 106, 31, 161, 165]","[16, 106, 31, 161, 165]","[16, 106, 31, 161, 165]",0,0,0,0,0,0,0,0,0,0,8.448928121059268,8.448928121059268,8.448928121059268,1.8598611773194624e-05,1.8598611773194624e-05
13,30,안양시청,2026-09-15 16:00:00,2026-09-15 16:30:00,walk,operating|wd,5,"[106, 16, 31, 161, 165]","[106, 16, 31, 161, 165]","[106, 16, 31, 161, 165]",0,0,0,0,0,0,0,0,0,0,88.23529411764706,88.23529411764706,88.23529411764706,0.014212136727707532,0.014212136727707532
13,30,안양시청,2026-09-15 16:00:00,2026-09-15 16:30:00,fare,operating|wd,5,"[16, 106, 31, 161, 165]","[16, 106, 31, 161, 165]","[16, 106, 31, 161, 165]",0,0,0,0,0,0,0,0,0,0,16.26733921815889,16.26733921815889,16.26733921815889,2.1108464537722313e-05,2.1108464537722313e-05
13,30,석수역,2026-09-15 10:00:00,2026-09-15 10:30:00,walk,operating|wd,5,"[108, 25, 12, 13, 24]","[108, 25, 12, 13, 24]","[108, 25, 12, 13, 24]",0,0,0,0,0,0,0,0,0,0,42.857142857142854,42.857142857142854,42.857142857142854,0.0002381300848315685,0.0002381300848315685
13,30,석수역,2026-09-15 10:00:00,2026-09-15 10:30:00,fare,operating|wd,5,"[108, 25, 12, 13, 24]","[108, 25, 12, 13, 24]","[108, 25, 12, 13, 24]",0,0,0,0,0,0,0,0,0,0,42.857142857142854,42.857142857142854,42.857142857142854,0.0002381300848315685,0.0002381300848315685
13,30,석수역,2026-09-15 12:00:00,2026-09-15 12:30:00,walk,operating|wd,5,"[108, 25, 12, 13, 24]","[108, 25, 12, 13, 24]","[108, 25, 12, 13, 24]",0,0,0,0,0,0,0,0,0,0,43.69747899159664,43.69747899159664,43.69747899159664,0.00038056133129727706,0.00038056133129727706
13,30,석수역,2026-09-15 12:00:00,2026-09-15 12:30:00,fare,operating|wd,5,"[108, 25, 12, 13, 24]","[108, 25, 12, 13, 24]","[108, 25, 12, 13, 24]",0,0,0,0,0,0,0,0,0,0,43.69747899159664,43.69747899159664,43.69747899159664,0.00038056133129727706,0.00038056133129727706
13,30,석수역,2026-09-15 14:00:00,2026-09-15 14:30:00,walk,operating|wd,5,"[108, 25, 12, 13, 24]","[108, 25, 12, 13, 24]","[108, 25, 12, 13, 24]",0,0,0,0,0,0,0,0,0,0,42.857142857142854,42.857142857142854,42.857142857142854,0.00028370929846822625,0.00028370929846822625
13,30,석수역,2026-09-15 14:00:00,2026-09-15 14:30:00,fare,operating|wd,5,"[108, 25, 12, 13, 24]","[108, 25, 12, 13, 24]","[108, 25, 12, 13, 24]",0,0,0,0,0,0,0,0,0,0,42.857142857142854,42.857142857142854,42.857142857142854,0.00028370929846822625,0.00028370929846822625
13,30,석수역,2026-09-15 16:00:00,2026-09-15 16:30:00,walk,operating|wd,5,"[108, 25, 12, 13, 24]","[108, 25, 12, 13, 24]","[108, 25, 12, 13, 24]",0,0,0,0,0,0,0,0,0,0,52.10084033613445,52.10084033613445,52.10084033613445,0.00350677492405769,0.00350677492405769
13,30,석수역,2026-09-15 16:00:00,2026-09-15 16:30:00,fare,operating|wd,5,"[108, 25, 13, 24, 12]","[108, 25, 13, 24, 12]","[108, 25, 13, 24, 12]",0,0,0,0,0,0,0,0,0,0,52.10084033613445,52.10084033613445,52.10084033613445,0.00350677492405769,0.00350677492405769
13,30,석수역,2026-09-15 18:00:00,2026-09-15 18:30:00,walk,outside|wd,5,"[108, 25, 12, 13, 24]","[108, 25, 12, 13, 24]","[108, 25, 12, 13, 24]",0,0,0,0,0,0,0,0,0,0,89.07563025210084,89.07563025210084,89.07563025210084,0.04766562895214853,0.04766562895214853
13,30,석수역,2026-09-15 18:00:00,2026-09-15 18:30:00,fare,outside|wd,5,"[108, 25, 13, 24, 12]","[108, 25, 13, 24, 12]","[108, 25, 13, 24, 12]",0,0,0,0,0,0,0,0,0,0,89.07563025210084,89.07563025210084,89.07563025210084,0.04766562895214853,0.04766562895214853
13,30,석수역,2026-09-15 20:00:00,2026-09-15 20:30:00,walk,outside|wd,5,"[108, 25, 12, 13, 24]","[108, 25, 12, 13, 24]","[108, 25, 12, 13, 24]",0,0,0,0,0,0,0,0,0,0,89.07563025210084,89.07563025210084,89.07563025210084,0.07257756536368618,0.07257756536368618
13,30,석수역,2026-09-15 20:00:00,2026-09-15 20:30:00,fare,outside|wd,5,"[108, 25, 13, 24, 12]","[108, 25, 13, 24, 12]","[108, 25, 13, 24, 12]",0,0,0,0,0,0,0,0,0,0,89.07563025210084,89.07563025210084,89.07563025210084,0.07257756536368618,0.07257756536368618
13,30,석수역,2026-09-15 22:00:00,2026-09-15 22:30:00,walk,outside|wd,5,"[108, 25, 12, 13, 24]","[108, 25, 12, 13, 24]","[108, 25, 12, 13, 24]",0,0,0,0,0,0,0,0,0,0,89.07563025210084,89.07563025210084,89.07563025210084,0.03712372523395549,0.03712372523395549
13,30,석수역,2026-09-15 22:00:00,2026-09-15 22:30:00,fare,outside|wd,5,"[108, 25, 13, 24, 12]","[108, 25, 13, 24, 12]","[108, 25, 13, 24, 12]",0,0,0,0,0,0,0,0,0,0,89.07563025210084,89.07563025210084,89.07563025210084,0.03712372523395549,0.03712372523395549
13,30,범계역,2026-09-15 12:00:00,2026-09-15 12:30:00,walk,operating|wd,26,"[106, 16, 81, 241, 56, 261, 262, 30, 401, 183, 39, 182, 31, 161, 201, 42, 23, 165, 461, 166, 82, 40, 162, 521, 167, 163]","[106, 16, 81, 241, 56, 261, 262, 30, 401, 183, 39, 182, 31, 161, 201, 42, 23, 165, 461, 166, 82, 40, 162, 521, 167, 163]","[106, 16, 81, 241, 56, 261, 262, 30, 401, 183, 39, 182, 31, 161, 201, 42, 23, 165, 461, 166, 82, 40, 162, 521, 167, 163]",0,0,0,0,0,0,0,0,0,0,70.58823529411765,70.58823529411765,70.58823529411765,0.0004256866422744966,0.0004256866422744966
13,30,범계역,2026-09-15 12:00:00,2026-09-15 12:30:00,fare,operating|wd,26,"[16, 30, 401, 201, 42, 82, 521, 106, 81, 241, 56, 261, 262, 183, 39, 182, 31, 23, 461, 40, 161, 165, 166, 162, 167, 163]","[16, 30, 401, 201, 42, 82, 521, 106, 81, 241, 56, 261, 262, 183, 39, 182, 31, 23, 461, 40, 161, 165, 166, 162, 167, 163]","[16, 30, 401, 201, 42, 82, 521, 106, 81, 241, 56, 261, 262, 183, 39, 182, 31, 23, 461, 40, 161, 165, 166, 162, 167, 163]",0,0,0,0,0,0,0,0,0,0,7.440100882723834,7.440100882723834,7.440100882723834,1.575447958417789e-05,1.575447958417789e-05
13,30,범계역,2026-09-15 14:00:00,2026-09-15 14:30:00,walk,operating|wd,26,"[106, 16, 81, 241, 56, 261, 262, 30, 401, 183, 39, 182, 31, 161, 201, 42, 23, 165, 461, 166, 82, 40, 162, 521, 167, 163]","[106, 16, 81, 241, 56, 261, 262, 30, 401, 183, 39, 182, 31, 161, 201, 42, 23, 165, 461, 166, 82, 40, 162, 521, 167, 163]","[106, 16, 81, 241, 56, 261, 262, 30, 401, 183, 39, 182, 31, 161, 201, 42, 23, 165, 461, 166, 82, 40, 162, 521, 167, 163]",0,0,0,0,0,0,0,0,0,0,73.52941176470588,73.52941176470588,73.52941176470588,0.0004663378405849047,0.0004663378405849047
13,30,범계역,2026-09-15 14:00:00,2026-09-15 14:30:00,fare,operating|wd,26,"[16, 30, 401, 201, 42, 82, 521, 106, 81, 241, 56, 261, 262, 183, 39, 182, 31, 23, 461, 40, 161, 165, 166, 162, 167, 163]","[16, 30, 401, 201, 42, 82, 521, 106, 81, 241, 56, 261, 262, 183, 39, 182, 31, 23, 461, 40, 161, 165, 166, 162, 167, 163]","[16, 30, 401, 201, 42, 82, 521, 106, 81, 241, 56, 261, 262, 183, 39, 182, 31, 23, 461, 40, 161, 165, 166, 162, 167, 163]",0,0,0,0,0,0,0,0,0,0,8.448928121059268,8.448928121059268,8.448928121059268,1.8598611773194624e-05,1.8598611773194624e-05
13,30,안양역,2026-09-15 10:00:00,2026-09-15 10:30:00,walk,operating|wd,11,"[48, 112, 53, 11, 52, 7, 8, 38, 29, 18, 28]","[48, 112, 53, 11, 52, 7, 8, 38, 29, 18, 28]","[112, 11, 7, 8, 38, 29, 18, 28, 48, 53, 52]",0,0,0,0,0,0,0,0,0,0,45.833333333333336,45.833333333333336,46.666666666666664,0.026232669185991403,0.026232669185991403
13,30,안양역,2026-09-15 10:00:00,2026-09-15 10:30:00,fare,operating|wd,11,"[18, 8, 38, 28, 48, 112, 53, 11, 52, 7, 29]","[18, 8, 38, 28, 48, 112, 53, 11, 52, 7, 29]","[18, 8, 38, 28, 112, 11, 7, 29, 48, 53, 52]",0,0,0,0,0,0,0,0,0,0,37.5,37.5,37.5,2.0289267187829514e-05,2.0289267187829514e-05
13,30,안양역,2026-09-15 12:00:00,2026-09-15 12:30:00,walk,operating|wd,11,"[48, 112, 53, 11, 52, 7, 8, 38, 29, 18, 28]","[48, 112, 53, 11, 52, 7, 8, 38, 29, 18, 28]","[48, 112, 53, 11, 52, 7, 8, 38, 29, 18, 28]",0,0,0,0,0,0,0,0,0,0,41.666666666666664,41.666666666666664,41.666666666666664,0.00016882385089027826,0.00016882385089027826
13,30,안양역,2026-09-15 12:00:00,2026-09-15 12:30:00,fare,operating|wd,11,"[18, 8, 38, 28, 48, 112, 53, 11, 52, 7, 29]","[18, 8, 38, 28, 48, 112, 53, 11, 52, 7, 29]","[18, 8, 38, 28, 48, 112, 53, 11, 52, 7, 29]",0,0,0,0,0,0,0,0,0,0,32.142857142857146,32.142857142857146,32.142857142857146,2.2433509701580323e-05,2.2433509701580323e-05
13,30,안양역,2026-09-15 14:00:00,2026-09-15 14:30:00,walk,operating|wd,11,"[48, 112, 53, 11, 52, 7, 8, 38, 29, 18, 28]","[48, 112, 53, 11, 52, 7, 8, 38, 29, 18, 28]","[48, 112, 53, 11, 52, 7, 8, 38, 29, 18, 28]",0,0,0,0,0,0,0,0,0,0,54.166666666666664,54.166666666666664,54.166666666666664,0.00012820566897425348,0.00012820566897425348
13,30,안양역,2026-09-15 14:00:00,2026-09-15 14:30:00,fare,operating|wd,11,"[18, 8, 38, 28, 48, 112, 53, 11, 52, 7, 29]","[18, 8, 38, 28, 48, 112, 53, 11, 52, 7, 29]","[18, 8, 38, 28, 48, 112, 53, 11, 52, 7, 29]",0,0,0,0,0,0,0,0,0,0,37.5,37.5,37.5,2.5094490068625255e-05,2.5094490068625255e-05
13,30,평촌역,2026-09-15 12:00:00,2026-09-15 12:30:00,walk,operating|wd,25,"[16, 31, 106, 162, 166, 241, 163, 161, 167, 164, 37, 172, 168, 169, 27, 165, 261, 170, 262, 56, 171, 10, 21, 81, 34]","[16, 31, 106, 162, 166, 241, 163, 161, 167, 164, 37, 172, 168, 169, 27, 165, 261, 170, 262, 56, 171, 10, 21, 81, 34]","[16, 31, 106, 162, 166, 241, 163, 161, 167, 164, 37, 172, 168, 169, 27, 165, 261, 170, 262, 56, 171, 10, 21, 81, 34]",0,0,0,0,0,0,0,0,0,0,7.440100882723834,7.440100882723834,7.440100882723834,1.575447958417789e-05,1.575447958417789e-05
13,30,평촌역,2026-09-15 12:00:00,2026-09-15 12:30:00,fare,outside|wd,25,"[10, 16, 37, 27, 21, 34, 31, 106, 241, 172, 261, 262, 56, 81, 162, 166, 163, 161, 167, 164, 168, 169, 165, 170, 171]","[10, 16, 37, 27, 21, 34, 31, 106, 241, 172, 261, 262, 56, 81, 162, 166, 163, 161, 167, 164, 168, 169, 165, 170, 171]","[10, 16, 37, 27, 21, 34, 31, 106, 241, 172, 261, 262, 56, 81, 162, 166, 163, 161, 167, 164, 168, 169, 165, 170, 171]",0,0,0,0,0,0,0,0,0,0,43.956043956043956,43.956043956043956,43.956043956043956,8.216833478669911e-05,8.216833478669911e-05
13,30,평촌역,2026-09-15 14:00:00,2026-09-15 14:30:00,walk,operating|wd,25,"[16, 31, 106, 162, 166, 241, 163, 161, 167, 164, 37, 172, 168, 169, 27, 165, 261, 170, 262, 56, 171, 10, 21, 81, 34]","[16, 31, 106, 162, 166, 241, 163, 161, 167, 164, 37, 172, 168, 169, 27, 165, 261, 170, 262, 56, 171, 10, 21, 81, 34]","[16, 31, 106, 162, 166, 241, 163, 161, 167, 164, 37, 172, 168, 169, 27, 165, 261, 170, 262, 56, 171, 10, 21, 81, 34]",0,0,0,0,0,0,0,0,0,0,8.448928121059268,8.448928121059268,8.448928121059268,1.8598611773194624e-05,1.8598611773194624e-05
13,30,평촌역,2026-09-15 14:00:00,2026-09-15 14:30:00,fare,outside|wd,25,"[10, 16, 37, 27, 21, 34, 31, 106, 241, 172, 261, 262, 56, 81, 162, 166, 163, 161, 167, 164, 168, 169, 165, 170, 171]","[10, 16, 37, 27, 21, 34, 31, 106, 241, 172, 261, 262, 56, 81, 162, 166, 163, 161, 167, 164, 168, 169, 165, 170, 171]","[10, 16, 37, 27, 21, 34, 31, 106, 241, 172, 261, 262, 56, 81, 162, 166, 163, 161, 167, 164, 168, 169, 165, 170, 171]",0,0,0,0,0,0,0,0,0,0,41.75824175824176,41.75824175824176,41.75824175824176,7.979449736069857e-05,7.979449736069857e-05
13,30,평촌역,2026-09-15 16:00:00,2026-09-15 16:30:00,walk,operating|wd,25,"[16, 31, 106, 162, 166, 241, 163, 161, 167, 164, 37, 172, 168, 169, 27, 165, 261, 170, 262, 56, 171, 10, 21, 81, 34]","[16, 31, 106, 162, 166, 241, 163, 161, 167, 164, 37, 172, 168, 169, 27, 165, 261, 170, 262, 56, 171, 10, 21, 81, 34]","[16, 31, 106, 162, 166, 241, 163, 161, 167, 164, 37, 172, 168, 169, 27, 165, 261, 170, 262, 56, 171, 10, 21, 81, 34]",0,0,0,0,0,0,0,0,0,0,16.26733921815889,16.26733921815889,16.26733921815889,2.1108464537722313e-05,2.1108464537722313e-05
13,30,평촌역,2026-09-15 16:00:00,2026-09-15 16:30:00,fare,outside|wd,25,"[10, 81, 16, 37, 27, 21, 34, 31, 106, 241, 172, 261, 262, 56, 162, 166, 163, 161, 167, 164, 168, 169, 165, 170, 171]","[10, 81, 16, 37, 27, 21, 34, 31, 106, 241, 172, 261, 262, 56, 162, 166, 163, 161, 167, 164, 168, 169, 165, 170, 171]","[10, 81, 16, 37, 27, 21, 34, 31, 106, 241, 172, 261, 262, 56, 162, 166, 163, 161, 167, 164, 168, 169, 165, 170, 171]",0,0,0,0,0,0,0,0,0,0,58.24175824175824,58.24175824175824,58.24175824175824,0.00013582684793394194,0.00013582684793394194
13,30,인덕원역,2026-09-15 10:00:00,2026-09-15 10:30:00,walk,outside|wd,7,"[10, 172, 27, 171, 170, 164, 34]","[10, 172, 27, 171, 170, 164, 34]","[10, 172, 27, 171, 170, 164, 34]",0,0,0,0,0,0,0,0,0,0,50.0,50.0,50.0,8.91552252538775e-05,8.91552252538775e-05
13,30,인덕원역,2026-09-15 10:00:00,2026-09-15 10:30:00,fare,outside|wd,7,"[10, 27, 34, 172, 171, 170, 164]","[10, 27, 34, 172, 171, 170, 164]","[10, 27, 34, 172, 171, 170, 164]",0,0,0,0,0,0,0,0,0,0,50.0,50.0,50.0,8.91552252538775e-05,8.91552252538775e-05
13,30,인덕원역,2026-09-15 12:00:00,2026-09-15 12:30:00,walk,outside|wd,7,"[10, 172, 27, 171, 170, 164, 34]","[10, 172, 27, 171, 170, 164, 34]","[10, 172, 27, 171, 170, 164, 34]",0,0,0,0,0,0,0,0,0,0,43.956043956043956,43.956043956043956,43.956043956043956,8.216833478669911e-05,8.216833478669911e-05
13,30,인덕원역,2026-09-15 12:00:00,2026-09-15 12:30:00,fare,outside|wd,7,"[10, 27, 34, 172, 171, 170, 164]","[10, 27, 34, 172, 171, 170, 164]","[10, 27, 34, 172, 171, 170, 164]",0,0,0,0,0,0,0,0,0,0,43.956043956043956,43.956043956043956,43.956043956043956,8.216833478669911e-05,8.216833478669911e-05
13,30,인덕원역,2026-09-15 14:00:00,2026-09-15 14:30:00,walk,outside|wd,7,"[10, 172, 27, 171, 170, 164, 34]","[10, 172, 27, 171, 170, 164, 34]","[10, 172, 27, 171, 170, 164, 34]",0,0,0,0,0,0,0,0,0,0,41.75824175824176,41.75824175824176,41.75824175824176,7.979449736069857e-05,7.979449736069857e-05
13,30,인덕원역,2026-09-15 14:00:00,2026-09-15 14:30:00,fare,outside|wd,7,"[10, 27, 34, 172, 171, 170, 164]","[10, 27, 34, 172, 171, 170, 164]","[10, 27, 34, 172, 171, 170, 164]",0,0,0,0,0,0,0,0,0,0,41.75824175824176,41.75824175824176,41.75824175824176,7.979449736069857e-05,7.979449736069857e-05
13,30,인덕원역,2026-09-15 16:00:00,2026-09-15 16:30:00,walk,outside|wd,7,"[10, 172, 27, 171, 170, 164, 34]","[10, 172, 27, 171, 170, 164, 34]","[10, 172, 27, 171, 170, 164, 34]",0,0,0,0,0,0,0,0,0,0,58.24175824175824,58.24175824175824,58.24175824175824,0.00013582684793394194,0.00013582684793394194
13,30,인덕원역,2026-09-15 16:00:00,2026-09-15 16:30:00,fare,outside|wd,7,"[10, 27, 34, 172, 171, 170, 164]","[10, 27, 34, 172, 171, 170, 164]","[10, 27, 34, 172, 171, 170, 164]",0,0,0,0,0,0,0,0,0,0,58.24175824175824,58.24175824175824,58.24175824175824,0.00013582684793394194,0.00013582684793394194
13,60,안양시청,2026-09-15 10:00:00,2026-09-15 11:00:00,walk,operating|wd,5,"[106, 16, 31, 161, 165]","[106, 16, 31, 161, 165]","[16, 31, 161, 165, 106]",0,0,0,0,0,0,0,0,0,0,73.52941176470588,73.52941176470588,8.575031525851198,0.46120202467872856,0.46120202467872856
13,60,안양시청,2026-09-15 10:00:00,2026-09-15 11:00:00,fare,operating|wd,5,"[16, 106, 31, 161, 165]","[16, 106, 31, 161, 165]","[16, 31, 161, 165, 106]",0,0,0,0,0,0,0,0,0,0,8.575031525851198,8.575031525851198,8.575031525851198,5.2307222982067785e-06,5.2307222982067785e-06
13,60,안양시청,2026-09-15 12:00:00,2026-09-15 13:00:00,walk,operating|wd,5,"[106, 16, 31, 161, 165]","[106, 16, 31, 161, 165]","[106, 16, 31, 161, 165]",0,0,0,0,0,0,0,0,0,0,67.6470588235294,67.6470588235294,67.6470588235294,0.0028008594610825287,0.0028008594610825287
13,60,안양시청,2026-09-15 12:00:00,2026-09-15 13:00:00,fare,operating|wd,5,"[16, 106, 31, 161, 165]","[16, 106, 31, 161, 165]","[16, 106, 31, 161, 165]",0,0,0,0,0,0,0,0,0,0,7.944514501891551,7.944514501891551,7.944514501891551,4.313071233013628e-06,4.313071233013628e-06
13,60,안양시청,2026-09-15 14:00:00,2026-09-15 15:00:00,walk,operating|wd,5,"[106, 16, 31, 161, 165]","[106, 16, 31, 161, 165]","[106, 16, 31, 161, 165]",0,0,0,0,0,0,0,0,0,0,67.6470588235294,67.6470588235294,67.6470588235294,0.0018289972874629182,0.0018289972874629182
13,60,안양시청,2026-09-15 14:00:00,2026-09-15 15:00:00,fare,operating|wd,5,"[16, 106, 31, 161, 165]","[16, 106, 31, 161, 165]","[16, 106, 31, 161, 165]",0,0,0,0,0,0,0,0,0,0,9.457755359394703,9.457755359394703,9.457755359394703,4.313071233013628e-06,4.313071233013628e-06
13,60,안양시청,2026-09-15 16:00:00,2026-09-15 17:00:00,walk,operating|wd,5,"[106, 16, 31, 161, 165]","[106, 16, 31, 161, 165]","[106, 16, 31, 161, 165]",0,0,1,1,1,0,0,0,0,0,94.11764705882354,94.11764705882354,94.11764705882354,0.046030566229634966,0.046030566229634966
13,60,안양시청,2026-09-15 16:00:00,2026-09-15 17:00:00,fare,operating|wd,5,"[16, 106, 31, 161, 165]","[16, 106, 31, 161, 165]","[16, 106, 31, 161, 165]",0,0,0,0,0,0,0,0,0,0,21.94199243379571,21.94199243379571,21.94199243379571,4.2911325873028795e-06,4.2911325873028795e-06
13,60,석수역,2026-09-15 10:00:00,2026-09-15 11:00:00,walk,operating|wd,5,"[108, 25, 12, 13, 24]","[108, 25, 12, 13, 24]","[108, 25, 12, 13, 24]",0,0,0,0,0,0,0,0,0,0,46.21848739495798,46.21848739495798,46.21848739495798,0.0007797814406148584,0.0007797814406148584
13,60,석수역,2026-09-15 10:00:00,2026-09-15 11:00:00,fare,operating|wd,5,"[108, 25, 12, 13, 24]","[108, 25, 12, 13, 24]","[108, 25, 12, 13, 24]",0,0,0,0,0,0,0,0,0,0,46.21848739495798,46.21848739495798,46.21848739495798,0.0007797814406148584,0.0007797814406148584
13,60,석수역,2026-09-15 12:00:00,2026-09-15 13:00:00,walk,operating|wd,5,"[108, 25, 12, 13, 24]","[108, 25, 12, 13, 24]","[108, 25, 12, 13, 24]",0,0,0,0,0,0,0,0,0,0,43.69747899159664,43.69747899159664,43.69747899159664,0.0011311576687881748,0.0011311576687881748
13,60,석수역,2026-09-15 12:00:00,2026-09-15 13:00:00,fare,operating|wd,5,"[108, 25, 12, 13, 24]","[108, 25, 12, 13, 24]","[108, 25, 12, 13, 24]",0,0,0,0,0,0,0,0,0,0,43.69747899159664,43.69747899159664,43.69747899159664,0.0011311576687881748,0.0011311576687881748
13,60,석수역,2026-09-15 14:00:00,2026-09-15 15:00:00,walk,operating|wd,5,"[108, 25, 12, 13, 24]","[108, 25, 12, 13, 24]","[108, 25, 12, 13, 24]",0,0,0,0,0,0,0,0,0,0,39.49579831932773,39.49579831932773,39.49579831932773,0.001652998585740021,0.001652998585740021
13,60,석수역,2026-09-15 14:00:00,2026-09-15 15:00:00,fare,operating|wd,5,"[108, 25, 12, 13, 24]","[108, 25, 12, 13, 24]","[108, 25, 12, 13, 24]",0,0,0,0,0,0,0,0,0,0,39.49579831932773,39.49579831932773,39.49579831932773,0.001652998585740021,0.001652998585740021
13,60,석수역,2026-09-15 16:00:00,2026-09-15 17:00:00,walk,outside|wd,5,"[108, 25, 12, 13, 24]","[108, 25, 12, 13, 24]","[108, 25, 12, 13, 24]",0,0,0,0,0,0,0,0,0,0,88.23529411764706,88.23529411764706,88.23529411764706,0.4113719570477425,0.4113719570477425
13,60,석수역,2026-09-15 16:00:00,2026-09-15 17:00:00,fare,outside|wd,5,"[108, 25, 13, 24, 12]","[108, 25, 13, 24, 12]","[108, 25, 13, 24, 12]",0,0,0,0,0,0,0,0,0,0,88.23529411764706,88.23529411764706,88.23529411764706,0.4113719570477425,0.4113719570477425
13,60,석수역,2026-09-15 18:00:00,2026-09-15 19:00:00,walk,outside|wd,5,"[108, 25, 12, 13, 24]","[108, 25, 12, 13, 24]","[108, 25, 12, 13, 24]",0,0,0,0,0,0,0,0,0,0,89.07563025210084,89.07563025210084,89.07563025210084,0.06982590468204616,0.06982590468204616
13,60,석수역,2026-09-15 18:00:00,2026-09-15 19:00:00,fare,outside|wd,5,"[108, 25, 13, 24, 12]","[108, 25, 13, 24, 12]","[108, 25, 13, 24, 12]",0,0,0,0,0,0,0,0,0,0,89.07563025210084,89.07563025210084,89.07563025210084,0.06982590468204616,0.06982590468204616
13,60,석수역,2026-09-15 20:00:00,2026-09-15 21:00:00,walk,outside|wd,5,"[108, 25, 12, 13, 24]","[108, 25, 12, 13, 24]","[108, 25, 12, 13, 24]",0,0,0,0,0,0,0,0,0,0,89.07563025210084,89.07563025210084,89.07563025210084,0.15020378465194442,0.15020378465194442
13,60,석수역,2026-09-15 20:00:00,2026-09-15 21:00:00,fare,outside|wd,5,"[108, 25, 13, 24, 12]","[108, 25, 13, 24, 12]","[108, 25, 13, 24, 12]",0,0,0,0,0,0,0,0,0,0,89.07563025210084,89.07563025210084,89.07563025210084,0.15020378465194442,0.15020378465194442
13,60,범계역,2026-09-15 12:00:00,2026-09-15 13:00:00,walk,operating|wd,26,"[106, 16, 81, 241, 56, 261, 262, 30, 401, 183, 39, 182, 31, 161, 201, 42, 23, 165, 461, 166, 82, 40, 162, 521, 167, 163]","[106, 16, 81, 241, 56, 261, 262, 30, 401, 183, 39, 182, 31, 161, 201, 42, 23, 165, 461, 166, 82, 40, 162, 521, 167, 163]","[106, 16, 81, 241, 56, 261, 262, 30, 401, 183, 39, 182, 31, 161, 201, 42, 23, 165, 461, 166, 82, 40, 162, 521, 167, 163]",0,0,0,0,0,0,0,0,0,0,67.6470588235294,67.6470588235294,67.6470588235294,0.0028008594610825287,0.0028008594610825287
13,60,범계역,2026-09-15 12:00:00,2026-09-15 13:00:00,fare,operating|wd,26,"[16, 30, 401, 201, 42, 82, 521, 106, 81, 241, 56, 261, 262, 183, 39, 182, 31, 23, 461, 40, 161, 165, 166, 162, 167, 163]","[16, 30, 401, 201, 42, 82, 521, 106, 81, 241, 56, 261, 262, 183, 39, 182, 31, 23, 461, 40, 161, 165, 166, 162, 167, 163]","[16, 30, 401, 201, 42, 82, 521, 106, 81, 241, 56, 261, 262, 183, 39, 182, 31, 23, 461, 40, 161, 165, 166, 162, 167, 163]",0,0,0,0,0,0,0,0,0,0,7.944514501891551,7.944514501891551,7.944514501891551,4.313071233013628e-06,4.313071233013628e-06
13,60,범계역,2026-09-15 14:00:00,2026-09-15 15:00:00,walk,operating|wd,26,"[106, 16, 81, 241, 56, 261, 262, 30, 401, 183, 39, 182, 31, 161, 201, 42, 23, 165, 461, 166, 82, 40, 162, 521, 167, 163]","[106, 16, 81, 241, 56, 261, 262, 30, 401, 183, 39, 182, 31, 161, 201, 42, 23, 165, 461, 166, 82, 40, 162, 521, 167, 163]","[106, 16, 81, 241, 56, 261, 262, 30, 401, 183, 39, 182, 31, 161, 201, 42, 23, 165, 461, 166, 82, 40, 162, 521, 167, 163]",0,0,0,0,0,0,0,0,0,0,67.6470588235294,67.6470588235294,67.6470588235294,0.0018289972874629182,0.0018289972874629182
13,60,범계역,2026-09-15 14:00:00,2026-09-15 15:00:00,fare,operating|wd,26,"[16, 30, 401, 201, 42, 82, 521, 106, 81, 241, 56, 261, 262, 183, 39, 182, 31, 23, 461, 40, 161, 165, 166, 162, 167, 163]","[16, 30, 401, 201, 42, 82, 521, 106, 81, 241, 56, 261, 262, 183, 39, 182, 31, 23, 461, 40, 161, 165, 166, 162, 167, 163]","[16, 30, 401, 201, 42, 82, 521, 106, 81, 241, 56, 261, 262, 183, 39, 182, 31, 23, 461, 40, 161, 165, 166, 162, 167, 163]",0,0,0,0,0,0,0,0,0,0,9.457755359394703,9.457755359394703,9.457755359394703,4.313071233013628e-06,4.313071233013628e-06
13,60,안양역,2026-09-15 10:00:00,2026-09-15 11:00:00,walk,operating|wd,11,"[48, 112, 53, 11, 52, 7, 8, 38, 29, 18, 28]","[48, 112, 53, 11, 52, 7, 8, 38, 29, 18, 28]","[112, 11, 7, 8, 38, 29, 18, 28, 48, 53, 52]",0,0,0,0,0,0,0,0,0,0,29.166666666666668,29.166666666666668,37.333333333333336,0.014215422788343809,0.014215422788343809
13,60,안양역,2026-09-15 10:00:00,2026-09-15 11:00:00,fare,operating|wd,11,"[18, 8, 38, 28, 48, 112, 53, 11, 52, 7, 29]","[18, 8, 38, 28, 48, 112, 53, 11, 52, 7, 29]","[18, 8, 38, 28, 112, 11, 7, 29, 48, 53, 52]",0,0,0,0,0,0,0,0,0,0,39.285714285714285,39.285714285714285,39.285714285714285,3.233963808153452e-05,3.233963808153452e-05
13,60,안양역,2026-09-15 12:00:00,2026-09-15 13:00:00,walk,operating|wd,11,"[48, 112, 53, 11, 52, 7, 8, 38, 29, 18, 28]","[48, 112, 53, 11, 52, 7, 8, 38, 29, 18, 28]","[48, 112, 53, 11, 52, 7, 8, 38, 29, 18, 28]",0,0,0,0,0,0,0,0,0,0,41.666666666666664,41.666666666666664,41.666666666666664,0.0007245867806765372,0.0007245867806765372
13,60,안양역,2026-09-15 12:00:00,2026-09-15 13:00:00,fare,operating|wd,11,"[18, 8, 38, 28, 48, 112, 53, 11, 52, 7, 29]","[18, 8, 38, 28, 48, 112, 53, 11, 52, 7, 29]","[18, 8, 38, 28, 48, 112, 53, 11, 52, 7, 29]",0,0,0,0,0,0,0,0,0,0,35.714285714285715,35.714285714285715,35.714285714285715,4.070820525726309e-05,4.070820525726309e-05
13,60,평촌역,2026-09-15 12:00:00,2026-09-15 13:00:00,walk,operating|wd,25,"[16, 31, 106, 162, 166, 241, 163, 161, 167, 164, 37, 172, 168, 169, 27, 165, 261, 170, 262, 56, 171, 10, 21, 81, 34]","[16, 31, 106, 162, 166, 241, 163, 161, 167, 164, 37, 172, 168, 169, 27, 165, 261, 170, 262, 56, 171, 10, 21, 81, 34]","[16, 31, 106, 162, 166, 241, 163, 161, 167, 164, 37, 172, 168, 169, 27, 165, 261, 170, 262, 56, 171, 10, 21, 81, 34]",0,0,0,0,0,0,0,0,0,0,7.944514501891551,7.944514501891551,7.944514501891551,4.313071233013628e-06,4.313071233013628e-06
13,60,평촌역,2026-09-15 12:00:00,2026-09-15 13:00:00,fare,outside|wd,25,"[10, 16, 37, 27, 21, 34, 31, 106, 241, 172, 261, 262, 56, 81, 162, 166, 163, 161, 167, 164, 168, 169, 165, 170, 171]","[10, 16, 37, 27, 21, 34, 31, 106, 241, 172, 261, 262, 56, 81, 162, 166, 163, 161, 167, 164, 168, 169, 165, 170, 171]","[10, 16, 37, 27, 21, 34, 31, 106, 241, 172, 261, 262, 56, 81, 162, 166, 163, 161, 167, 164, 168, 169, 165, 170, 171]",0,0,0,0,0,0,0,0,0,0,46.7032967032967,46.7032967032967,46.7032967032967,0.00027058556286781795,0.00027058556286781795
13,60,평촌역,2026-09-15 14:00:00,2026-09-15 15:00:00,walk,operating|wd,25,"[16, 31, 106, 162, 166, 241, 163, 161, 167, 164, 37, 172, 168, 169, 27, 165, 261, 170, 262, 56, 171, 10, 21, 81, 34]","[16, 31, 106, 162, 166, 241, 163, 161, 167, 164, 37, 172, 168, 169, 27, 165, 261, 170, 262, 56, 171, 10, 21, 81, 34]","[16, 31, 106, 162, 166, 241, 163, 161, 167, 164, 37, 172, 168, 169, 27, 165, 261, 170, 262, 56, 171, 10, 21, 81, 34]",0,0,0,0,0,0,0,0,0,0,9.457755359394703,9.457755359394703,9.457755359394703,4.313071233013628e-06,4.313071233013628e-06
13,60,평촌역,2026-09-15 14:00:00,2026-09-15 15:00:00,fare,outside|wd,25,"[10, 16, 37, 27, 21, 34, 31, 106, 241, 172, 261, 262, 56, 81, 162, 166, 163, 161, 167, 164, 168, 169, 165, 170, 171]","[10, 16, 37, 27, 21, 34, 31, 106, 241, 172, 261, 262, 56, 81, 162, 166, 163, 161, 167, 164, 168, 169, 165, 170, 171]","[10, 16, 37, 27, 21, 34, 31, 106, 241, 172, 261, 262, 56, 81, 162, 166, 163, 161, 167, 164, 168, 169, 165, 170, 171]",0,0,0,0,0,0,0,0,0,0,45.05494505494506,45.05494505494506,45.05494505494506,0.0004233082349765478,0.0004233082349765478
13,60,평촌역,2026-09-15 16:00:00,2026-09-15 17:00:00,walk,operating|wd,25,"[16, 31, 106, 162, 166, 241, 163, 161, 167, 164, 37, 172, 168, 169, 27, 165, 261, 170, 262, 56, 171, 10, 21, 81, 34]","[16, 31, 106, 162, 166, 241, 163, 161, 167, 164, 37, 172, 168, 169, 27, 165, 261, 170, 262, 56, 171, 10, 21, 81, 34]","[16, 31, 106, 162, 166, 241, 163, 161, 167, 164, 37, 172, 168, 169, 27, 165, 261, 170, 262, 56, 171, 10, 21, 81, 34]",0,0,0,0,0,0,0,0,0,0,21.94199243379571,21.94199243379571,21.94199243379571,4.2911325873028795e-06,4.2911325873028795e-06
13,60,평촌역,2026-09-15 16:00:00,2026-09-15 17:00:00,fare,outside|wd,25,"[10, 81, 16, 37, 27, 21, 34, 31, 106, 241, 172, 261, 262, 56, 162, 166, 163, 161, 167, 164, 168, 169, 165, 170, 171]","[10, 81, 16, 37, 27, 21, 34, 31, 106, 241, 172, 261, 262, 56, 162, 166, 163, 161, 167, 164, 168, 169, 165, 170, 171]","[10, 81, 16, 37, 27, 21, 34, 31, 106, 241, 172, 261, 262, 56, 162, 166, 163, 161, 167, 164, 168, 169, 165, 170, 171]",0,0,0,0,0,0,0,0,0,0,60.43956043956044,60.43956043956044,60.43956043956044,0.0005538156778739788,0.0005538156778739788
13,60,인덕원역,2026-09-15 10:00:00,2026-09-15 11:00:00,walk,outside|wd,7,"[10, 172, 27, 171, 170, 164, 34]","[10, 172, 27, 171, 170, 164, 34]","[10, 172, 27, 171, 170, 164, 34]",0,0,0,0,0,0,0,0,0,0,45.604395604395606,45.604395604395606,45.604395604395606,0.0007079039776867596,0.0007079039776867596
13,60,인덕원역,2026-09-15 10:00:00,2026-09-15 11:00:00,fare,outside|wd,7,"[10, 27, 34, 172, 171, 170, 164]","[10, 27, 34, 172, 171, 170, 164]","[10, 27, 34, 172, 171, 170, 164]",0,0,0,0,0,0,0,0,0,0,45.604395604395606,45.604395604395606,45.604395604395606,0.0007079039776867596,0.0007079039776867596
13,60,인덕원역,2026-09-15 12:00:00,2026-09-15 13:00:00,walk,outside|wd,7,"[10, 172, 27, 171, 170, 164, 34]","[10, 172, 27, 171, 170, 164, 34]","[10, 172, 27, 171, 170, 164, 34]",0,0,0,0,0,0,0,0,0,0,46.7032967032967,46.7032967032967,46.7032967032967,0.00027058556286781795,0.00027058556286781795
13,60,인덕원역,2026-09-15 12:00:00,2026-09-15 13:00:00,fare,outside|wd,7,"[10, 27, 34, 172, 171, 170, 164]","[10, 27, 34, 172, 171, 170, 164]","[10, 27, 34, 172, 171, 170, 164]",0,0,0,0,0,0,0,0,0,0,46.7032967032967,46.7032967032967,46.7032967032967,0.00027058556286781795,0.00027058556286781795
13,60,인덕원역,2026-09-15 14:00:00,2026-09-15 15:00:00,walk,outside|wd,7,"[10, 172, 27, 171, 170, 164, 34]","[10, 172, 27, 171, 170, 164, 34]","[10, 172, 27, 171, 170, 164, 34]",0,0,0,0,0,0,0,0,0,0,45.05494505494506,45.05494505494506,45.05494505494506,0.0004233082349765478,0.0004233082349765478
13,60,인덕원역,2026-09-15 14:00:00,2026-09-15 15:00:00,fare,outside|wd,7,"[10, 27, 34, 172, 171, 170, 164]","[10, 27, 34, 172, 171, 170, 164]","[10, 27, 34, 172, 171, 170, 164]",0,0,0,0,0,0,0,0,0,0,45.05494505494506,45.05494505494506,45.05494505494506,0.0004233082349765478,0.0004233082349765478
13,60,인덕원역,2026-09-15 16:00:00,2026-09-15 17:00:00,walk,outside|wd,7,"[10, 172, 27, 171, 170, 164, 34]","[10, 172, 27, 171, 170, 164, 34]","[10, 172, 27, 171, 170, 164, 34]",0,0,0,0,0,0,0,0,0,0,60.43956043956044,60.43956043956044,60.43956043956044,0.0005538156778739788,0.0005538156778739788
13,60,인덕원역,2026-09-15 16:00:00,2026-09-15 17:00:00,fare,outside|wd,7,"[10, 27, 34, 172, 171, 170, 164]","[10, 27, 34, 172, 171, 170, 164]","[10, 27, 34, 172, 171, 170, 164]",0,0,0,0,0,0,0,0,0,0,60.43956043956044,60.43956043956044,60.43956043956044,0.0005538156778739788,0.0005538156778739788
13,120,안양시청,2026-09-15 10:00:00,2026-09-15 12:00:00,walk,operating|wd,5,"[106, 16, 31, 161, 165]","[106, 16, 31, 161, 165]","[16, 31, 161, 165, 106]",0,0,0,0,0,0,0,0,0,0,70.58823529411765,70.58823529411765,7.944514501891551,0.4439443261609728,0.4439443261609728
13,120,안양시청,2026-09-15 10:00:00,2026-09-15 12:00:00,fare,operating|wd,5,"[16, 106, 31, 161, 165]","[16, 106, 31, 161, 165]","[16, 31, 161, 165, 106]",0,0,0,0,0,0,0,0,0,0,7.944514501891551,7.944514501891551,7.944514501891551,1.1569927954460877e-05,1.1569927954460877e-05
13,120,안양시청,2026-09-15 12:00:00,2026-09-15 14:00:00,walk,operating|wd,5,"[106, 16, 31, 161, 165]","[106, 16, 31, 161, 165]","[106, 16, 31, 161, 165]",0,0,0,0,0,0,0,0,0,0,70.58823529411765,70.58823529411765,70.58823529411765,0.0015623673905816565,0.0015623673905816565
13,120,안양시청,2026-09-15 12:00:00,2026-09-15 14:00:00,fare,operating|wd,5,"[16, 106, 31, 161, 165]","[16, 106, 31, 161, 165]","[16, 106, 31, 161, 165]",0,0,0,0,0,0,0,0,0,0,6.935687263556116,6.935687263556116,6.935687263556116,9.229975980689303e-06,9.229975980689303e-06
13,120,안양시청,2026-09-15 14:00:00,2026-09-15 16:00:00,walk,operating|wd,5,"[106, 16, 31, 161, 165]","[106, 16, 31, 161, 165]","[106, 16, 31, 161, 165]",0,0,0,0,0,0,0,0,0,0,76.47058823529412,76.47058823529412,76.47058823529412,0.003572251975328919,0.003572251975328919
13,120,안양시청,2026-09-15 14:00:00,2026-09-15 16:00:00,fare,operating|wd,5,"[16, 106, 31, 161, 165]","[16, 106, 31, 161, 165]","[16, 106, 31, 161, 165]",0,0,0,0,0,0,0,0,0,0,12.23203026481715,12.23203026481715,12.23203026481715,1.2477908156654061e-05,1.2477908156654061e-05
13,120,석수역,2026-09-15 10:00:00,2026-09-15 12:00:00,walk,operating|wd,5,"[108, 25, 12, 13, 24]","[108, 25, 12, 13, 24]","[108, 25, 12, 13, 24]",0,0,0,0,0,0,0,0,0,0,47.05882352941177,47.05882352941177,47.05882352941177,0.0011651442217356079,0.0011651442217356079
13,120,석수역,2026-09-15 10:00:00,2026-09-15 12:00:00,fare,operating|wd,5,"[108, 25, 12, 13, 24]","[108, 25, 12, 13, 24]","[108, 25, 12, 13, 24]",0,0,0,0,0,0,0,0,0,0,47.05882352941177,47.05882352941177,47.05882352941177,0.0011651442217356079,0.0011651442217356079
13,120,석수역,2026-09-15 12:00:00,2026-09-15 14:00:00,walk,operating|wd,5,"[108, 25, 12, 13, 24]","[108, 25, 12, 13, 24]","[108, 25, 12, 13, 24]",0,0,0,0,0,0,0,0,0,0,44.53781512605042,44.53781512605042,44.53781512605042,0.002036169215343379,0.002036169215343379
13,120,석수역,2026-09-15 12:00:00,2026-09-15 14:00:00,fare,operating|wd,5,"[108, 25, 12, 13, 24]","[108, 25, 12, 13, 24]","[108, 25, 12, 13, 24]",0,0,0,0,0,0,0,0,0,0,44.53781512605042,44.53781512605042,44.53781512605042,0.002036169215343379,0.002036169215343379
13,120,석수역,2026-09-15 14:00:00,2026-09-15 16:00:00,walk,operating|wd,5,"[108, 25, 12, 13, 24]","[108, 25, 12, 13, 24]","[108, 25, 12, 13, 24]",0,0,0,0,0,0,0,0,0,0,39.49579831932773,39.49579831932773,39.49579831932773,0.004779382288453816,0.004779382288453816
13,120,석수역,2026-09-15 14:00:00,2026-09-15 16:00:00,fare,operating|wd,5,"[108, 25, 12, 13, 24]","[108, 25, 12, 13, 24]","[108, 25, 12, 13, 24]",0,0,0,0,0,0,0,0,0,0,39.49579831932773,39.49579831932773,39.49579831932773,0.004779382288453816,0.004779382288453816
13,120,석수역,2026-09-15 16:00:00,2026-09-15 18:00:00,walk,outside|wd,5,"[108, 25, 12, 13, 24]","[25, 12, 13, 24, 108]","[108, 25, 12, 13, 24]",1,1,0,0,0,0,0,0,21,0,89.07563025210084,12.711864406779661,89.07563025210084,0.864842903753456,1.3712112627223457e-05
13,120,석수역,2026-09-15 16:00:00,2026-09-15 18:00:00,fare,outside|wd,5,"[108, 25, 13, 24, 12]","[25, 13, 24, 12, 108]","[108, 25, 13, 24, 12]",1,1,0,0,0,0,0,0,21,0,89.07563025210084,12.711864406779661,89.07563025210084,0.864842903753456,1.3712112627223457e-05
13,120,석수역,2026-09-15 18:00:00,2026-09-15 20:00:00,walk,outside|wd,5,"[108, 25, 12, 13, 24]","[108, 25, 12, 13, 24]","[108, 25, 12, 13, 24]",0,0,0,0,0,0,0,0,0,0,89.07563025210084,89.07563025210084,89.07563025210084,0.054962902117891954,0.054962902117891954
13,120,석수역,2026-09-15 18:00:00,2026-09-15 20:00:00,fare,outside|wd,5,"[108, 25, 13, 24, 12]","[108, 25, 13, 24, 12]","[108, 25, 13, 24, 12]",0,0,0,0,0,0,0,0,0,0,89.07563025210084,89.07563025210084,89.07563025210084,0.054962902117891954,0.054962902117891954
13,120,석수역,2026-09-15 20:00:00,2026-09-15 22:00:00,walk,outside|wd,5,"[108, 25, 12, 13, 24]","[108, 25, 12, 13, 24]","[108, 25, 12, 13, 24]",0,0,0,0,0,0,0,0,0,0,89.07563025210084,89.07563025210084,89.07563025210084,0.13001013173608308,0.13001013173608308
13,120,석수역,2026-09-15 20:00:00,2026-09-15 22:00:00,fare,outside|wd,5,"[108, 25, 13, 24, 12]","[108, 25, 13, 24, 12]","[108, 25, 13, 24, 12]",0,0,0,0,0,0,0,0,0,0,89.07563025210084,89.07563025210084,89.07563025210084,0.13001013173608308,0.13001013173608308
13,120,범계역,2026-09-15 12:00:00,2026-09-15 14:00:00,walk,operating|wd,26,"[106, 16, 81, 241, 56, 261, 262, 30, 401, 183, 39, 182, 31, 161, 201, 42, 23, 165, 461, 166, 82, 40, 162, 521, 167, 163]","[106, 16, 81, 241, 56, 261, 262, 30, 401, 183, 39, 182, 31, 161, 201, 42, 23, 165, 461, 166, 82, 40, 162, 521, 167, 163]","[106, 16, 81, 241, 56, 261, 262, 30, 401, 183, 39, 182, 31, 161, 201, 42, 23, 165, 461, 166, 82, 40, 162, 521, 167, 163]",0,0,0,0,0,0,0,0,0,0,70.58823529411765,70.58823529411765,70.58823529411765,0.0015623673905816565,0.0015623673905816565
13,120,범계역,2026-09-15 12:00:00,2026-09-15 14:00:00,fare,operating|wd,26,"[16, 30, 401, 201, 42, 82, 521, 106, 81, 241, 56, 261, 262, 183, 39, 182, 31, 23, 461, 40, 161, 165, 166, 162, 167, 163]","[16, 30, 401, 201, 42, 82, 521, 106, 81, 241, 56, 261, 262, 183, 39, 182, 31, 23, 461, 40, 161, 165, 166, 162, 167, 163]","[16, 30, 401, 201, 42, 82, 521, 106, 81, 241, 56, 261, 262, 183, 39, 182, 31, 23, 461, 40, 161, 165, 166, 162, 167, 163]",0,0,0,0,0,0,0,0,0,0,6.935687263556116,6.935687263556116,6.935687263556116,9.229975980689303e-06,9.229975980689303e-06
13,120,안양역,2026-09-15 10:00:00,2026-09-15 12:00:00,walk,operating|wd,11,"[48, 112, 53, 11, 52, 7, 8, 38, 29, 18, 28]","[48, 112, 53, 11, 52, 7, 8, 38, 29, 18, 28]","[112, 11, 7, 8, 38, 29, 18, 28, 48, 53, 52]",0,0,0,0,0,0,0,0,0,0,50.0,50.0,21.333333333333332,0.0021453428121423375,0.0021453428121423375
13,120,안양역,2026-09-15 10:00:00,2026-09-15 12:00:00,fare,operating|wd,11,"[18, 8, 38, 28, 48, 112, 53, 11, 52, 7, 29]","[18, 8, 38, 28, 48, 112, 53, 11, 52, 7, 29]","[18, 8, 38, 28, 112, 11, 7, 29, 48, 53, 52]",0,0,0,0,0,0,0,0,0,0,30.357142857142858,30.357142857142858,30.357142857142858,1.5615610881947046e-05,1.5615610881947046e-05
13,120,안양역,2026-09-15 12:00:00,2026-09-15 14:00:00,walk,operating|wd,11,"[48, 112, 53, 11, 52, 7, 8, 38, 29, 18, 28]","[48, 112, 53, 11, 52, 7, 8, 38, 29, 18, 28]","[48, 112, 53, 11, 52, 7, 8, 38, 29, 18, 28]",0,0,0,0,0,0,0,0,0,0,45.833333333333336,45.833333333333336,45.833333333333336,0.00026695117833690576,0.00026695117833690576
13,120,안양역,2026-09-15 12:00:00,2026-09-15 14:00:00,fare,operating|wd,11,"[18, 8, 38, 28, 48, 112, 53, 11, 52, 7, 29]","[18, 8, 38, 28, 48, 112, 53, 11, 52, 7, 29]","[18, 8, 38, 28, 48, 112, 53, 11, 52, 7, 29]",0,0,0,0,0,0,0,0,0,0,33.92857142857143,33.92857142857143,33.92857142857143,1.1439861789540381e-05,1.1439861789540381e-05
13,120,평촌역,2026-09-15 12:00:00,2026-09-15 14:00:00,walk,operating|wd,25,"[16, 31, 106, 162, 166, 241, 163, 161, 167, 164, 37, 172, 168, 169, 27, 165, 261, 170, 262, 56, 171, 10, 21, 81, 34]","[16, 31, 106, 162, 166, 241, 163, 161, 167, 164, 37, 172, 168, 169, 27, 165, 261, 170, 262, 56, 171, 10, 21, 81, 34]","[16, 31, 106, 162, 166, 241, 163, 161, 167, 164, 37, 172, 168, 169, 27, 165, 261, 170, 262, 56, 171, 10, 21, 81, 34]",0,0,0,0,0,0,0,0,0,0,6.935687263556116,6.935687263556116,6.935687263556116,9.229975980689303e-06,9.229975980689303e-06
13,120,평촌역,2026-09-15 12:00:00,2026-09-15 14:00:00,fare,outside|wd,25,"[10, 16, 37, 27, 21, 34, 31, 106, 241, 172, 261, 262, 56, 81, 162, 166, 163, 161, 167, 164, 168, 169, 165, 170, 171]","[10, 16, 37, 27, 21, 34, 31, 106, 241, 172, 261, 262, 56, 81, 162, 166, 163, 161, 167, 164, 168, 169, 165, 170, 171]","[10, 16, 37, 27, 21, 34, 31, 106, 241, 172, 261, 262, 56, 81, 162, 166, 163, 161, 167, 164, 168, 169, 165, 170, 171]",0,0,0,0,0,0,0,0,0,0,43.956043956043956,43.956043956043956,43.956043956043956,0.00018902205196325914,0.00018902205196325914
13,120,평촌역,2026-09-15 14:00:00,2026-09-15 16:00:00,walk,operating|wd,25,"[16, 31, 106, 162, 166, 241, 163, 161, 167, 164, 37, 172, 168, 169, 27, 165, 261, 170, 262, 56, 171, 10, 21, 81, 34]","[16, 31, 106, 162, 166, 241, 163, 161, 167, 164, 37, 172, 168, 169, 27, 165, 261, 170, 262, 56, 171, 10, 21, 81, 34]","[16, 31, 106, 162, 166, 241, 163, 161, 167, 164, 37, 172, 168, 169, 27, 165, 261, 170, 262, 56, 171, 10, 21, 81, 34]",0,0,0,0,0,0,0,0,0,0,12.23203026481715,12.23203026481715,12.23203026481715,1.2477908156654061e-05,1.2477908156654061e-05
13,120,평촌역,2026-09-15 14:00:00,2026-09-15 16:00:00,fare,outside|wd,25,"[10, 16, 37, 27, 21, 34, 31, 106, 241, 172, 261, 262, 56, 81, 162, 166, 163, 161, 167, 164, 168, 169, 165, 170, 171]","[10, 16, 37, 27, 21, 34, 31, 106, 241, 172, 261, 262, 56, 81, 162, 166, 163, 161, 167, 164, 168, 169, 165, 170, 171]","[10, 16, 37, 27, 21, 34, 31, 106, 241, 172, 261, 262, 56, 81, 162, 166, 163, 161, 167, 164, 168, 169, 165, 170, 171]",0,0,0,0,0,0,0,0,0,0,52.1978021978022,52.1978021978022,52.1978021978022,0.0004833886371136001,0.0004833886371136001
13,120,인덕원역,2026-09-15 10:00:00,2026-09-15 12:00:00,walk,outside|wd,7,"[10, 172, 27, 171, 170, 164, 34]","[10, 172, 27, 171, 170, 164, 34]","[10, 172, 27, 171, 170, 164, 34]",0,0,0,0,0,0,0,0,0,0,45.05494505494506,45.05494505494506,45.05494505494506,0.0004124803424049079,0.0004124803424049079
13,120,인덕원역,2026-09-15 10:00:00,2026-09-15 12:00:00,fare,outside|wd,7,"[10, 27, 34, 172, 171, 170, 164]","[10, 27, 34, 172, 171, 170, 164]","[10, 27, 34, 172, 171, 170, 164]",0,0,0,0,0,0,0,0,0,0,45.05494505494506,45.05494505494506,45.05494505494506,0.0004124803424049079,0.0004124803424049079
13,120,인덕원역,2026-09-15 12:00:00,2026-09-15 14:00:00,walk,outside|wd,7,"[10, 172, 27, 171, 170, 164, 34]","[10, 172, 27, 171, 170, 164, 34]","[10, 172, 27, 171, 170, 164, 34]",0,0,0,0,0,0,0,0,0,0,43.956043956043956,43.956043956043956,43.956043956043956,0.00018902205196325914,0.00018902205196325914
13,120,인덕원역,2026-09-15 12:00:00,2026-09-15 14:00:00,fare,outside|wd,7,"[10, 27, 34, 172, 171, 170, 164]","[10, 27, 34, 172, 171, 170, 164]","[10, 27, 34, 172, 171, 170, 164]",0,0,0,0,0,0,0,0,0,0,43.956043956043956,43.956043956043956,43.956043956043956,0.00018902205196325914,0.00018902205196325914
13,120,인덕원역,2026-09-15 14:00:00,2026-09-15 16:00:00,walk,outside|wd,7,"[10, 172, 27, 171, 170, 164, 34]","[10, 172, 27, 171, 170, 164, 34]","[10, 172, 27, 171, 170, 164, 34]",0,0,0,0,0,0,0,0,0,0,52.1978021978022,52.1978021978022,52.1978021978022,0.0004833886371136001,0.0004833886371136001
13,120,인덕원역,2026-09-15 14:00:00,2026-09-15 16:00:00,fare,outside|wd,7,"[10, 27, 34, 172, 171, 170, 164]","[10, 27, 34, 172, 171, 170, 164]","[10, 27, 34, 172, 171, 170, 164]",0,0,0,0,0,0,0,0,0,0,52.1978021978022,52.1978021978022,52.1978021978022,0.0004833886371136001,0.0004833886371136001
13,240,안양시청,2026-09-15 10:00:00,2026-09-15 14:00:00,walk,operating|wd,5,"[106, 16, 31, 161, 165]","[106, 16, 31, 161, 165]","[16, 31, 161, 165, 106]",0,0,0,0,0,0,0,0,0,0,70.58823529411765,70.58823529411765,6.935687263556116,0.4808263874170782,0.4808263874170782
13,240,안양시청,2026-09-15 10:00:00,2026-09-15 14:00:00,fare,operating|wd,5,"[16, 106, 31, 161, 165]","[16, 106, 31, 161, 165]","[16, 31, 161, 165, 106]",0,0,0,0,0,0,0,0,0,0,6.935687263556116,6.935687263556116,6.935687263556116,1.264197422156561e-05,1.264197422156561e-05
13,240,안양시청,2026-09-15 12:00:00,2026-09-15 16:00:00,walk,operating|wd,5,"[106, 16, 31, 161, 165]","[106, 16, 31, 161, 165]","[106, 16, 31, 161, 165]",0,0,0,0,0,0,0,0,0,0,76.47058823529412,76.47058823529412,76.47058823529412,0.004715392264544474,0.004715392264544474
13,240,안양시청,2026-09-15 12:00:00,2026-09-15 16:00:00,fare,operating|wd,5,"[16, 106, 31, 161, 165]","[16, 106, 31, 161, 165]","[16, 106, 31, 161, 165]",0,0,0,0,0,0,0,0,0,0,12.23203026481715,12.23203026481715,12.23203026481715,1.489871060698455e-05,1.489871060698455e-05
13,240,석수역,2026-09-15 10:00:00,2026-09-15 14:00:00,walk,operating|wd,5,"[108, 25, 12, 13, 24]","[108, 25, 12, 13, 24]","[108, 25, 12, 13, 24]",0,0,0,0,0,0,0,0,0,0,44.53781512605042,44.53781512605042,44.53781512605042,0.0023760567787094703,0.0023760567787094703
13,240,석수역,2026-09-15 10:00:00,2026-09-15 14:00:00,fare,operating|wd,5,"[108, 25, 12, 13, 24]","[108, 25, 12, 13, 24]","[108, 25, 12, 13, 24]",0,0,0,0,0,0,0,0,0,0,44.53781512605042,44.53781512605042,44.53781512605042,0.0023760567787094703,0.0023760567787094703
13,240,석수역,2026-09-15 12:00:00,2026-09-15 16:00:00,walk,operating|wd,5,"[108, 25, 12, 13, 24]","[108, 25, 12, 13, 24]","[108, 25, 12, 13, 24]",0,0,0,0,0,0,0,0,0,0,39.49579831932773,39.49579831932773,39.49579831932773,0.010784883459854459,0.010784883459854459
13,240,석수역,2026-09-15 12:00:00,2026-09-15 16:00:00,fare,operating|wd,5,"[108, 25, 12, 13, 24]","[108, 25, 12, 13, 24]","[108, 25, 12, 13, 24]",0,0,0,0,0,0,0,0,0,0,39.49579831932773,39.49579831932773,39.49579831932773,0.010784883459854459,0.010784883459854459
13,240,석수역,2026-09-15 14:00:00,2026-09-15 18:00:00,walk,outside|wd,5,"[108, 25, 12, 13, 24]","[25, 12, 13, 24, 108]","[108, 25, 12, 13, 24]",1,1,0,0,0,0,0,0,21,0,89.07563025210084,12.711864406779661,89.07563025210084,0.8514080334407919,1.7345660712680355e-05
13,240,석수역,2026-09-15 14:00:00,2026-09-15 18:00:00,fare,outside|wd,5,"[108, 25, 13, 24, 12]","[25, 13, 24, 12, 108]","[108, 25, 13, 24, 12]",1,1,0,0,0,0,0,0,21,0,89.07563025210084,12.711864406779661,89.07563025210084,0.8514080334407919,1.7345660712680355e-05
13,240,석수역,2026-09-15 16:00:00,2026-09-15 20:00:00,walk,outside|wd,5,"[108, 25, 12, 13, 24]","[25, 12, 13, 24, 108]","[108, 25, 12, 13, 24]",1,1,0,0,0,0,0,0,21,0,89.07563025210084,16.10169491525424,89.07563025210084,0.7807905139542585,1.9366263216069123e-05
13,240,석수역,2026-09-15 16:00:00,2026-09-15 20:00:00,fare,outside|wd,5,"[108, 25, 13, 24, 12]","[25, 13, 24, 12, 108]","[108, 25, 13, 24, 12]",1,1,0,0,0,0,0,0,21,0,89.07563025210084,16.10169491525424,89.07563025210084,0.7807905139542585,1.9366263216069123e-05
13,240,석수역,2026-09-15 18:00:00,2026-09-15 22:00:00,walk,outside|wd,5,"[108, 25, 12, 13, 24]","[108, 25, 12, 13, 24]","[108, 25, 12, 13, 24]",0,0,0,0,0,0,0,0,0,0,89.07563025210084,89.07563025210084,89.07563025210084,0.1843189908288453,0.1843189908288453
13,240,석수역,2026-09-15 18:00:00,2026-09-15 22:00:00,fare,outside|wd,5,"[108, 25, 13, 24, 12]","[108, 25, 13, 24, 12]","[108, 25, 13, 24, 12]",0,0,0,0,0,0,0,0,0,0,89.07563025210084,89.07563025210084,89.07563025210084,0.1843189908288453,0.1843189908288453
13,240,안양역,2026-09-15 10:00:00,2026-09-15 14:00:00,walk,operating|wd,11,"[48, 112, 53, 11, 52, 7, 8, 38, 29, 18, 28]","[48, 112, 53, 11, 52, 7, 8, 38, 29, 18, 28]","[112, 11, 7, 8, 38, 29, 18, 28, 48, 53, 52]",0,0,0,0,0,0,0,0,0,0,45.833333333333336,45.833333333333336,29.333333333333332,0.0009044477837254054,0.0009044477837254054
13,240,안양역,2026-09-15 10:00:00,2026-09-15 14:00:00,fare,operating|wd,11,"[18, 8, 38, 28, 48, 112, 53, 11, 52, 7, 29]","[18, 8, 38, 28, 48, 112, 53, 11, 52, 7, 29]","[18, 8, 38, 28, 112, 11, 7, 29, 48, 53, 52]",0,0,0,0,0,0,0,0,0,0,33.92857142857143,33.92857142857143,33.92857142857143,1.429352503005876e-05,1.429352503005876e-05
13,240,평촌역,2026-09-15 12:00:00,2026-09-15 16:00:00,walk,operating|wd,25,"[16, 31, 106, 162, 166, 241, 163, 161, 167, 164, 37, 172, 168, 169, 27, 165, 261, 170, 262, 56, 171, 10, 21, 81, 34]","[16, 31, 106, 162, 166, 241, 163, 161, 167, 164, 37, 172, 168, 169, 27, 165, 261, 170, 262, 56, 171, 10, 21, 81, 34]","[16, 31, 106, 162, 166, 241, 163, 161, 167, 164, 37, 172, 168, 169, 27, 165, 261, 170, 262, 56, 171, 10, 21, 81, 34]",0,0,0,0,0,0,0,0,0,0,12.23203026481715,12.23203026481715,12.23203026481715,1.489871060698455e-05,1.489871060698455e-05
13,240,평촌역,2026-09-15 12:00:00,2026-09-15 16:00:00,fare,outside|wd,25,"[10, 16, 37, 27, 21, 34, 31, 106, 241, 172, 261, 262, 56, 81, 162, 166, 163, 161, 167, 164, 168, 169, 165, 170, 171]","[10, 16, 37, 27, 21, 34, 31, 106, 241, 172, 261, 262, 56, 81, 162, 166, 163, 161, 167, 164, 168, 169, 165, 170, 171]","[10, 16, 37, 27, 21, 34, 31, 106, 241, 172, 261, 262, 56, 81, 162, 166, 163, 161, 167, 164, 168, 169, 165, 170, 171]",0,0,0,0,0,0,0,0,0,0,52.1978021978022,52.1978021978022,52.1978021978022,0.0008554914136433562,0.0008554914136433562
13,240,인덕원역,2026-09-15 10:00:00,2026-09-15 14:00:00,walk,outside|wd,7,"[10, 172, 27, 171, 170, 164, 34]","[10, 172, 27, 171, 170, 164, 34]","[10, 172, 27, 171, 170, 164, 34]",0,0,0,0,0,0,0,0,0,0,43.956043956043956,43.956043956043956,43.956043956043956,0.0005138544150663602,0.0005138544150663602
13,240,인덕원역,2026-09-15 10:00:00,2026-09-15 14:00:00,fare,outside|wd,7,"[10, 27, 34, 172, 171, 170, 164]","[10, 27, 34, 172, 171, 170, 164]","[10, 27, 34, 172, 171, 170, 164]",0,0,0,0,0,0,0,0,0,0,43.956043956043956,43.956043956043956,43.956043956043956,0.0005138544150663602,0.0005138544150663602
13,240,인덕원역,2026-09-15 12:00:00,2026-09-15 16:00:00,walk,outside|wd,7,"[10, 172, 27, 171, 170, 164, 34]","[10, 172, 27, 171, 170, 164, 34]","[10, 172, 27, 171, 170, 164, 34]",0,0,0,0,0,0,0,0,0,0,52.1978021978022,52.1978021978022,52.1978021978022,0.0008554914136433562,0.0008554914136433562
13,240,인덕원역,2026-09-15 12:00:00,2026-09-15 16:00:00,fare,outside|wd,7,"[10, 27, 34, 172, 171, 170, 164]","[10, 27, 34, 172, 171, 170, 164]","[10, 27, 34, 172, 171, 170, 164]",0,0,0,0,0,0,0,0,0,0,52.1978021978022,52.1978021978022,52.1978021978022,0.0008554914136433562,0.0008554914136433562
13,360,안양시청,2026-09-15 10:00:00,2026-09-15 16:00:00,walk,operating|wd,5,"[106, 16, 31, 161, 165]","[16, 31, 161, 165, 106]","[16, 31, 161, 165, 106]",1,1,0,0,0,0,0,0,1,-500,76.47058823529412,12.23203026481715,12.23203026481715,0.5030941446206444,0.00010814172271496823
13,360,안양시청,2026-09-15 10:00:00,2026-09-15 16:00:00,fare,operating|wd,5,"[16, 106, 31, 161, 165]","[16, 31, 161, 165, 106]","[16, 31, 161, 165, 106]",1,0,0,0,0,0,0,0,0,0,12.23203026481715,12.23203026481715,12.23203026481715,0.00010814172271496823,0.00010814172271496823
13,360,석수역,2026-09-15 10:00:00,2026-09-15 16:00:00,walk,operating|wd,5,"[108, 25, 12, 13, 24]","[108, 25, 12, 13, 24]","[108, 25, 12, 13, 24]",0,0,0,0,0,0,0,0,0,0,39.49579831932773,39.49579831932773,39.49579831932773,0.017669635571327714,0.017669635571327714
13,360,석수역,2026-09-15 10:00:00,2026-09-15 16:00:00,fare,operating|wd,5,"[108, 25, 12, 13, 24]","[108, 25, 12, 13, 24]","[108, 25, 12, 13, 24]",0,0,0,0,0,0,0,0,0,0,39.49579831932773,39.49579831932773,39.49579831932773,0.017669635571327714,0.017669635571327714
13,360,석수역,2026-09-15 12:00:00,2026-09-15 18:00:00,walk,outside|wd,5,"[108, 25, 12, 13, 24]","[25, 12, 13, 24, 108]","[108, 25, 12, 13, 24]",1,1,0,0,0,0,0,0,21,0,89.07563025210084,12.711864406779661,89.07563025210084,0.7034694004072961,0.0001779222614975305
13,360,석수역,2026-09-15 12:00:00,2026-09-15 18:00:00,fare,outside|wd,5,"[108, 25, 13, 24, 12]","[25, 13, 24, 12, 108]","[108, 25, 13, 24, 12]",1,1,0,0,0,0,0,0,21,0,89.07563025210084,12.711864406779661,89.07563025210084,0.7034694004072961,0.0001779222614975305
13,360,석수역,2026-09-15 14:00:00,2026-09-15 20:00:00,walk,outside|wd,5,"[108, 25, 12, 13, 24]","[25, 12, 13, 24, 108]","[108, 25, 12, 13, 24]",1,1,0,0,0,0,0,0,21,0,89.07563025210084,16.10169491525424,89.07563025210084,0.8145516714637475,0.00016046922515866786
13,360,석수역,2026-09-15 14:00:00,2026-09-15 20:00:00,fare,outside|wd,5,"[108, 25, 13, 24, 12]","[25, 13, 24, 12, 108]","[108, 25, 13, 24, 12]",1,1,0,0,0,0,0,0,21,0,89.07563025210084,16.10169491525424,89.07563025210084,0.8145516714637475,0.00016046922515866786
13,360,석수역,2026-09-15 16:00:00,2026-09-15 22:00:00,walk,outside|wd,5,"[108, 25, 12, 13, 24]","[25, 12, 13, 24, 108]","[108, 25, 12, 13, 24]",1,1,0,0,0,0,0,0,21,0,89.07563025210084,59.32203389830509,89.07563025210084,0.6615388820028145,0.0002038237947102209
13,360,석수역,2026-09-15 16:00:00,2026-09-15 22:00:00,fare,outside|wd,5,"[108, 25, 13, 24, 12]","[25, 13, 24, 12, 108]","[108, 25, 13, 24, 12]",1,1,0,0,0,0,0,0,21,0,89.07563025210084,59.32203389830509,89.07563025210084,0.6615388820028145,0.0002038237947102209
13,360,인덕원역,2026-09-15 10:00:00,2026-09-15 16:00:00,walk,outside|wd,7,"[10, 172, 27, 171, 170, 164, 34]","[10, 172, 27, 171, 170, 164, 34]","[10, 172, 27, 171, 170, 164, 34]",0,0,0,0,0,0,0,0,0,0,52.1978021978022,52.1978021978022,52.1978021978022,0.0021114336721086264,0.0021114336721086264
13,360,인덕원역,2026-09-15 10:00:00,2026-09-15 16:00:00,fare,outside|wd,7,"[10, 27, 34, 172, 171, 170, 164]","[10, 27, 34, 172, 171, 170, 164]","[10, 27, 34, 172, 171, 170, 164]",0,0,0,0,0,0,0,0,0,0,52.1978021978022,52.1978021978022,52.1978021978022,0.0021114336721086264,0.0021114336721086264
14,15,안양시청,2026-09-16 10:00:00,2026-09-16 10:15:00,walk,operating|wd,5,"[106, 16, 31, 161, 165]","[16, 31, 161, 165, 106]","[16, 31, 161, 165, 106]",1,1,0,0,0,0,0,0,1,-500,76.47058823529412,11.601513240857503,11.601513240857503,0.622016195685132,0.00010486869160350295
14,15,안양시청,2026-09-16 10:00:00,2026-09-16 10:15:00,fare,operating|wd,5,"[16, 106, 31, 161, 165]","[16, 31, 161, 165, 106]","[16, 31, 161, 165, 106]",1,0,0,0,0,0,0,0,0,0,11.601513240857503,11.601513240857503,11.601513240857503,0.00010486869160350295,0.00010486869160350295
14,15,안양시청,2026-09-16 12:00:00,2026-09-16 12:15:00,walk,operating|wd,5,"[106, 16, 31, 161, 165]","[106, 16, 31, 161, 165]","[106, 16, 31, 161, 165]",0,0,0,0,0,0,0,0,0,0,70.58823529411765,70.58823529411765,70.58823529411765,0.01737312262363507,0.01737312262363507
14,15,안양시청,2026-09-16 12:00:00,2026-09-16 12:15:00,fare,operating|wd,5,"[16, 106, 31, 161, 165]","[16, 106, 31, 161, 165]","[16, 106, 31, 161, 165]",0,0,0,0,0,0,0,0,0,0,9.583858764186633,9.583858764186633,9.583858764186633,0.00012687020117144347,0.00012687020117144347
14,15,안양시청,2026-09-16 14:00:00,2026-09-16 14:15:00,walk,operating|wd,5,"[106, 16, 31, 161, 165]","[106, 16, 31, 161, 165]","[106, 16, 31, 161, 165]",0,0,0,0,0,0,0,0,0,0,67.6470588235294,67.6470588235294,67.6470588235294,0.0006921553768856267,0.0006921553768856267
14,15,안양시청,2026-09-16 14:00:00,2026-09-16 14:15:00,fare,operating|wd,5,"[16, 106, 31, 161, 165]","[16, 106, 31, 161, 165]","[16, 106, 31, 161, 165]",0,0,0,0,0,0,0,0,0,0,6.305170239596469,6.305170239596469,6.305170239596469,0.0001297225947715848,0.0001297225947715848
14,15,안양시청,2026-09-16 16:00:00,2026-09-16 16:15:00,walk,operating|wd,5,"[106, 16, 31, 161, 165]","[106, 16, 31, 161, 165]","[106, 16, 31, 161, 165]",0,0,0,0,0,0,0,0,0,0,79.41176470588235,79.41176470588235,79.41176470588235,0.16502062306116408,0.16502062306116408
14,15,안양시청,2026-09-16 16:00:00,2026-09-16 16:15:00,fare,operating|wd,5,"[16, 106, 31, 161, 165]","[16, 106, 31, 161, 165]","[16, 106, 31, 161, 165]",0,0,0,0,0,0,0,0,0,0,12.105926860025221,12.105926860025221,12.105926860025221,0.00012293681698926596,0.00012293681698926596
14,15,석수역,2026-09-16 06:00:00,2026-09-16 06:15:00,walk,outside|wd,5,"[108, 25, 12, 13, 24]","[25, 12, 13, 24, 108]","[25, 12, 13, 24, 108]",1,1,1,0,0,1,0,1,21,0,99.15966386554622,57.6271186440678,57.6271186440678,0.9937477276591714,0.00017766649198181782
14,15,석수역,2026-09-16 06:00:00,2026-09-16 06:15:00,fare,outside|wd,5,"[108, 25, 13, 24, 12]","[25, 13, 24, 12, 108]","[25, 13, 24, 12, 108]",1,1,1,0,0,1,0,1,21,0,99.15966386554622,57.6271186440678,57.6271186440678,0.9937477276591714,0.00017766649198181782
14,15,석수역,2026-09-16 08:00:00,2026-09-16 08:15:00,walk,outside|wd,5,"[108, 25, 12, 13, 24]","[25, 12, 13, 24, 108]","[25, 12, 13, 24, 108]",1,1,1,0,0,1,0,1,21,0,96.63865546218487,50.847457627118644,50.847457627118644,0.9928207850326086,0.0001397926105381423
14,15,석수역,2026-09-16 08:00:00,2026-09-16 08:15:00,fare,outside|wd,5,"[108, 25, 13, 24, 12]","[25, 13, 24, 12, 108]","[25, 13, 24, 12, 108]",1,1,1,0,0,1,0,1,21,0,96.63865546218487,50.847457627118644,50.847457627118644,0.9928207850326086,0.0001397926105381423
14,15,석수역,2026-09-16 10:00:00,2026-09-16 10:15:00,walk,operating|wd,5,"[108, 25, 12, 13, 24]","[108, 25, 12, 13, 24]","[108, 25, 12, 13, 24]",0,0,0,0,0,0,0,0,0,0,47.05882352941177,47.05882352941177,47.05882352941177,0.0006150044356854232,0.0006150044356854232
14,15,석수역,2026-09-16 10:00:00,2026-09-16 10:15:00,fare,operating|wd,5,"[108, 25, 12, 13, 24]","[108, 25, 12, 13, 24]","[108, 25, 12, 13, 24]",0,0,0,0,0,0,0,0,0,0,47.05882352941177,47.05882352941177,47.05882352941177,0.0006150044356854232,0.0006150044356854232
14,15,석수역,2026-09-16 12:00:00,2026-09-16 12:15:00,walk,operating|wd,5,"[108, 25, 12, 13, 24]","[108, 25, 12, 13, 24]","[108, 25, 12, 13, 24]",0,0,0,0,0,0,0,0,0,0,41.1764705882353,41.1764705882353,41.1764705882353,0.002221509079239279,0.002221509079239279
14,15,석수역,2026-09-16 12:00:00,2026-09-16 12:15:00,fare,operating|wd,5,"[108, 25, 12, 13, 24]","[108, 25, 12, 13, 24]","[108, 25, 12, 13, 24]",0,0,0,0,0,0,0,0,0,0,41.1764705882353,41.1764705882353,41.1764705882353,0.002221509079239279,0.002221509079239279
14,15,석수역,2026-09-16 14:00:00,2026-09-16 14:15:00,walk,operating|wd,5,"[108, 25, 12, 13, 24]","[108, 25, 12, 13, 24]","[108, 25, 12, 13, 24]",0,0,0,0,0,0,0,0,0,0,40.33613445378151,40.33613445378151,40.33613445378151,0.0004712865010160081,0.0004712865010160081
14,15,석수역,2026-09-16 14:00:00,2026-09-16 14:15:00,fare,operating|wd,5,"[108, 25, 12, 13, 24]","[108, 25, 12, 13, 24]","[108, 25, 12, 13, 24]",0,0,0,0,0,0,0,0,0,0,40.33613445378151,40.33613445378151,40.33613445378151,0.0004712865010160081,0.0004712865010160081
14,15,석수역,2026-09-16 16:00:00,2026-09-16 16:15:00,walk,operating|wd,5,"[108, 25, 12, 13, 24]","[108, 25, 12, 13, 24]","[108, 25, 12, 13, 24]",0,0,0,0,0,0,0,0,0,0,36.97478991596638,36.97478991596638,36.97478991596638,0.0017856337993416881,0.0017856337993416881
14,15,석수역,2026-09-16 16:00:00,2026-09-16 16:15:00,fare,operating|wd,5,"[108, 25, 13, 24, 12]","[108, 25, 13, 24, 12]","[108, 25, 13, 24, 12]",0,0,0,0,0,0,0,0,0,0,36.97478991596638,36.97478991596638,36.97478991596638,0.0017856337993416881,0.0017856337993416881
14,15,석수역,2026-09-16 18:00:00,2026-09-16 18:15:00,walk,outside|wd,5,"[108, 25, 12, 13, 24]","[25, 12, 13, 24, 108]","[25, 12, 13, 24, 108]",1,1,1,0,0,1,0,1,21,0,90.75630252100841,0.0,0.0,0.8253042417401599,0.0001269958525805948
14,15,석수역,2026-09-16 18:00:00,2026-09-16 18:15:00,fare,outside|wd,5,"[108, 25, 13, 24, 12]","[25, 13, 24, 12, 108]","[25, 13, 24, 12, 108]",1,1,1,0,0,1,0,1,21,0,90.75630252100841,0.0,0.0,0.8253042417401599,0.0001269958525805948
14,15,석수역,2026-09-16 20:00:00,2026-09-16 20:15:00,walk,outside|wd,5,"[108, 25, 12, 13, 24]","[25, 12, 13, 24, 108]","[25, 12, 13, 24, 108]",1,1,1,0,0,1,0,1,21,0,90.75630252100841,0.0,0.0,0.9249157146680258,0.0001635006949873793
14,15,석수역,2026-09-16 20:00:00,2026-09-16 20:15:00,fare,outside|wd,5,"[108, 25, 13, 24, 12]","[25, 13, 24, 12, 108]","[25, 13, 24, 12, 108]",1,1,1,0,0,1,0,1,21,0,90.75630252100841,0.0,0.0,0.9249157146680258,0.0001635006949873793
14,15,석수역,2026-09-16 22:00:00,2026-09-16 22:15:00,walk,outside|wd,5,"[108, 25, 12, 13, 24]","[25, 12, 13, 24, 108]","[25, 12, 13, 24, 108]",1,1,1,0,0,1,0,1,21,0,90.75630252100841,44.067796610169495,44.067796610169495,0.9665967158990806,0.0005145736261561948
14,15,석수역,2026-09-16 22:00:00,2026-09-16 22:15:00,fare,outside|wd,5,"[108, 25, 13, 24, 12]","[25, 13, 24, 12, 108]","[25, 13, 24, 12, 108]",1,1,1,0,0,1,0,1,21,0,90.75630252100841,44.067796610169495,44.067796610169495,0.9665967158990806,0.0005145736261561948
14,15,범계역,2026-09-16 12:00:00,2026-09-16 12:15:00,walk,operating|wd,26,"[106, 16, 81, 241, 56, 261, 262, 30, 401, 183, 39, 182, 31, 161, 201, 42, 23, 165, 461, 166, 82, 40, 162, 521, 167, 163]","[106, 16, 81, 241, 56, 261, 262, 30, 401, 183, 39, 182, 31, 161, 201, 42, 23, 165, 461, 166, 82, 40, 162, 521, 167, 163]","[106, 16, 81, 241, 56, 261, 262, 30, 401, 183, 39, 182, 31, 161, 201, 42, 23, 165, 461, 166, 82, 40, 162, 521, 167, 163]",0,0,0,0,0,0,0,0,0,0,70.58823529411765,70.58823529411765,70.58823529411765,0.01737312262363507,0.01737312262363507
14,15,범계역,2026-09-16 12:00:00,2026-09-16 12:15:00,fare,operating|wd,26,"[16, 30, 401, 201, 42, 82, 521, 106, 81, 241, 56, 261, 262, 183, 39, 182, 31, 23, 461, 40, 161, 165, 166, 162, 167, 163]","[16, 30, 401, 201, 42, 82, 521, 106, 81, 241, 56, 261, 262, 183, 39, 182, 31, 23, 461, 40, 161, 165, 166, 162, 167, 163]","[16, 30, 401, 201, 42, 82, 521, 106, 81, 241, 56, 261, 262, 183, 39, 182, 31, 23, 461, 40, 161, 165, 166, 162, 167, 163]",0,0,0,0,0,0,0,0,0,0,9.583858764186633,9.583858764186633,9.583858764186633,0.00012687020117144347,0.00012687020117144347
14,15,범계역,2026-09-16 14:00:00,2026-09-16 14:15:00,walk,operating|wd,26,"[106, 16, 81, 241, 56, 261, 262, 30, 401, 183, 39, 182, 31, 161, 201, 42, 23, 165, 461, 166, 82, 40, 162, 521, 167, 163]","[106, 16, 81, 241, 56, 261, 262, 30, 401, 183, 39, 182, 31, 161, 201, 42, 23, 165, 461, 166, 82, 40, 162, 521, 167, 163]","[106, 16, 81, 241, 56, 261, 262, 30, 401, 183, 39, 182, 31, 161, 201, 42, 23, 165, 461, 166, 82, 40, 162, 521, 167, 163]",0,0,0,0,0,0,0,0,0,0,67.6470588235294,67.6470588235294,67.6470588235294,0.0006921553768856267,0.0006921553768856267
14,15,범계역,2026-09-16 14:00:00,2026-09-16 14:15:00,fare,operating|wd,26,"[16, 30, 401, 201, 42, 82, 521, 106, 81, 241, 56, 261, 262, 183, 39, 182, 31, 23, 461, 40, 161, 165, 166, 162, 167, 163]","[16, 30, 401, 201, 42, 82, 521, 106, 81, 241, 56, 261, 262, 183, 39, 182, 31, 23, 461, 40, 161, 165, 166, 162, 167, 163]","[16, 30, 401, 201, 42, 82, 521, 106, 81, 241, 56, 261, 262, 183, 39, 182, 31, 23, 461, 40, 161, 165, 166, 162, 167, 163]",0,0,0,0,0,0,0,0,0,0,6.305170239596469,6.305170239596469,6.305170239596469,0.0001297225947715848,0.0001297225947715848
14,15,안양역,2026-09-16 10:00:00,2026-09-16 10:15:00,walk,operating|wd,11,"[48, 112, 53, 11, 52, 7, 8, 38, 29, 18, 28]","[48, 112, 53, 11, 52, 7, 8, 38, 29, 18, 28]","[112, 11, 7, 8, 38, 29, 18, 28, 48, 53, 52]",0,0,0,0,0,0,0,0,0,0,66.66666666666667,66.66666666666667,60.0,0.041283785457036606,0.041283785457036606
14,15,안양역,2026-09-16 10:00:00,2026-09-16 10:15:00,fare,operating|wd,11,"[18, 8, 38, 28, 48, 112, 53, 11, 52, 7, 29]","[18, 8, 38, 28, 48, 112, 53, 11, 52, 7, 29]","[18, 8, 38, 28, 112, 11, 7, 29, 48, 53, 52]",0,0,0,0,0,0,0,0,0,0,26.785714285714285,26.785714285714285,26.785714285714285,0.00010486869160350295,0.00010486869160350295
14,15,안양역,2026-09-16 12:00:00,2026-09-16 12:15:00,walk,operating|wd,11,"[48, 112, 53, 11, 52, 7, 8, 38, 29, 18, 28]","[48, 112, 53, 11, 52, 7, 8, 38, 29, 18, 28]","[48, 112, 53, 11, 52, 7, 8, 38, 29, 18, 28]",0,0,0,0,0,0,0,0,0,0,33.333333333333336,33.333333333333336,33.333333333333336,0.0014981885936993207,0.0014981885936993207
14,15,안양역,2026-09-16 12:00:00,2026-09-16 12:15:00,fare,operating|wd,11,"[18, 8, 38, 28, 48, 112, 53, 11, 52, 7, 29]","[18, 8, 38, 28, 48, 112, 53, 11, 52, 7, 29]","[18, 8, 38, 28, 48, 112, 53, 11, 52, 7, 29]",0,0,0,0,0,0,0,0,0,0,26.785714285714285,26.785714285714285,26.785714285714285,0.00012687020117144347,0.00012687020117144347
14,15,안양역,2026-09-16 14:00:00,2026-09-16 14:15:00,walk,operating|wd,11,"[48, 112, 53, 11, 52, 7, 8, 38, 29, 18, 28]","[48, 112, 53, 11, 52, 7, 8, 38, 29, 18, 28]","[48, 112, 53, 11, 52, 7, 8, 38, 29, 18, 28]",0,0,0,0,0,0,0,0,0,0,37.5,37.5,37.5,0.0005744186799041743,0.0005744186799041743
14,15,안양역,2026-09-16 14:00:00,2026-09-16 14:15:00,fare,operating|wd,11,"[18, 8, 38, 28, 48, 112, 53, 11, 52, 7, 29]","[18, 8, 38, 28, 48, 112, 53, 11, 52, 7, 29]","[18, 8, 38, 28, 48, 112, 53, 11, 52, 7, 29]",0,0,0,0,0,0,0,0,0,0,30.357142857142858,30.357142857142858,30.357142857142858,0.00021259341280170573,0.00021259341280170573
14,15,평촌역,2026-09-16 12:00:00,2026-09-16 12:15:00,walk,operating|wd,25,"[16, 31, 106, 162, 166, 241, 163, 161, 167, 164, 37, 172, 168, 169, 27, 165, 261, 170, 262, 56, 171, 10, 21, 81, 34]","[16, 31, 106, 162, 166, 241, 163, 161, 167, 164, 37, 172, 168, 169, 27, 165, 261, 170, 262, 56, 171, 10, 21, 81, 34]","[16, 31, 106, 162, 166, 241, 163, 161, 167, 164, 37, 172, 168, 169, 27, 165, 261, 170, 262, 56, 171, 10, 21, 81, 34]",0,0,0,0,0,0,0,0,0,0,9.583858764186633,9.583858764186633,9.583858764186633,0.00012687020117144347,0.00012687020117144347
14,15,평촌역,2026-09-16 12:00:00,2026-09-16 12:15:00,fare,outside|wd,25,"[10, 16, 37, 27, 21, 34, 31, 106, 241, 172, 261, 262, 56, 81, 162, 166, 163, 161, 167, 164, 168, 169, 165, 170, 171]","[10, 16, 37, 27, 21, 34, 31, 106, 241, 172, 261, 262, 56, 81, 162, 166, 163, 161, 167, 164, 168, 169, 165, 170, 171]","[10, 16, 37, 27, 21, 34, 31, 106, 241, 172, 261, 262, 56, 81, 162, 166, 163, 161, 167, 164, 168, 169, 165, 170, 171]",0,0,0,0,0,0,0,0,0,0,57.142857142857146,57.142857142857146,57.142857142857146,0.00026073180653180287,0.00026073180653180287
14,15,평촌역,2026-09-16 14:00:00,2026-09-16 14:15:00,walk,operating|wd,25,"[16, 31, 106, 162, 166, 241, 163, 161, 167, 164, 37, 172, 168, 169, 27, 165, 261, 170, 262, 56, 171, 10, 21, 81, 34]","[16, 31, 106, 162, 166, 241, 163, 161, 167, 164, 37, 172, 168, 169, 27, 165, 261, 170, 262, 56, 171, 10, 21, 81, 34]","[16, 31, 106, 162, 166, 241, 163, 161, 167, 164, 37, 172, 168, 169, 27, 165, 261, 170, 262, 56, 171, 10, 21, 81, 34]",0,0,0,0,0,0,0,0,0,0,6.305170239596469,6.305170239596469,6.305170239596469,0.0001297225947715848,0.0001297225947715848
14,15,평촌역,2026-09-16 14:00:00,2026-09-16 14:15:00,fare,outside|wd,25,"[10, 16, 37, 27, 21, 34, 31, 106, 241, 172, 261, 262, 56, 81, 162, 166, 163, 161, 167, 164, 168, 169, 165, 170, 171]","[10, 16, 37, 27, 21, 34, 31, 106, 241, 172, 261, 262, 56, 81, 162, 166, 163, 161, 167, 164, 168, 169, 165, 170, 171]","[10, 16, 37, 27, 21, 34, 31, 106, 241, 172, 261, 262, 56, 81, 162, 166, 163, 161, 167, 164, 168, 169, 165, 170, 171]",0,0,0,0,0,0,0,0,0,0,53.2967032967033,53.2967032967033,53.2967032967033,0.0003788315928235046,0.0003788315928235046
14,15,평촌역,2026-09-16 16:00:00,2026-09-16 16:15:00,walk,operating|wd,25,"[16, 31, 106, 162, 166, 241, 163, 161, 167, 164, 37, 172, 168, 169, 27, 165, 261, 170, 262, 56, 171, 10, 21, 81, 34]","[16, 31, 106, 162, 166, 241, 163, 161, 167, 164, 37, 172, 168, 169, 27, 165, 261, 170, 262, 56, 171, 10, 21, 81, 34]","[16, 31, 106, 162, 166, 241, 163, 161, 167, 164, 37, 172, 168, 169, 27, 165, 261, 170, 262, 56, 171, 10, 21, 81, 34]",0,0,0,0,0,0,0,0,0,0,12.105926860025221,12.105926860025221,12.105926860025221,0.00012293681698926596,0.00012293681698926596
14,15,평촌역,2026-09-16 16:00:00,2026-09-16 16:15:00,fare,outside|wd,25,"[10, 16, 37, 27, 21, 34, 81, 31, 106, 241, 172, 261, 262, 56, 162, 166, 163, 161, 167, 164, 168, 169, 165, 170, 171]","[10, 16, 37, 27, 21, 34, 81, 31, 106, 241, 172, 261, 262, 56, 162, 166, 163, 161, 167, 164, 168, 169, 165, 170, 171]","[10, 16, 37, 27, 21, 34, 81, 31, 106, 241, 172, 261, 262, 56, 162, 166, 163, 161, 167, 164, 168, 169, 165, 170, 171]",0,0,0,0,0,0,0,0,0,0,62.08791208791209,62.08791208791209,62.08791208791209,0.0007876540256739365,0.0007876540256739365
14,15,인덕원역,2026-09-16 10:00:00,2026-09-16 10:15:00,walk,outside|wd,7,"[10, 172, 27, 171, 170, 164, 34]","[10, 172, 27, 171, 170, 164, 34]","[10, 172, 27, 171, 170, 164, 34]",0,0,0,0,0,0,0,0,0,0,68.68131868131869,68.68131868131869,68.68131868131869,0.0005900250581479938,0.0005900250581479938
14,15,인덕원역,2026-09-16 10:00:00,2026-09-16 10:15:00,fare,outside|wd,7,"[10, 27, 34, 172, 171, 170, 164]","[10, 27, 34, 172, 171, 170, 164]","[10, 27, 34, 172, 171, 170, 164]",0,0,0,0,0,0,0,0,0,0,68.68131868131869,68.68131868131869,68.68131868131869,0.0005900250581479938,0.0005900250581479938
14,15,인덕원역,2026-09-16 12:00:00,2026-09-16 12:15:00,walk,outside|wd,7,"[10, 172, 27, 171, 170, 164, 34]","[10, 172, 27, 171, 170, 164, 34]","[10, 172, 27, 171, 170, 164, 34]",0,0,0,0,0,0,0,0,0,0,57.142857142857146,57.142857142857146,57.142857142857146,0.00026073180653180287,0.00026073180653180287
14,15,인덕원역,2026-09-16 12:00:00,2026-09-16 12:15:00,fare,outside|wd,7,"[10, 27, 34, 172, 171, 170, 164]","[10, 27, 34, 172, 171, 170, 164]","[10, 27, 34, 172, 171, 170, 164]",0,0,0,0,0,0,0,0,0,0,57.142857142857146,57.142857142857146,57.142857142857146,0.00026073180653180287,0.00026073180653180287
14,15,인덕원역,2026-09-16 14:00:00,2026-09-16 14:15:00,walk,outside|wd,7,"[10, 172, 27, 171, 170, 164, 34]","[10, 172, 27, 171, 170, 164, 34]","[10, 172, 27, 171, 170, 164, 34]",0,0,0,0,0,0,0,0,0,0,53.2967032967033,53.2967032967033,53.2967032967033,0.0003788315928235046,0.0003788315928235046
14,15,인덕원역,2026-09-16 14:00:00,2026-09-16 14:15:00,fare,outside|wd,7,"[10, 27, 34, 172, 171, 170, 164]","[10, 27, 34, 172, 171, 170, 164]","[10, 27, 34, 172, 171, 170, 164]",0,0,0,0,0,0,0,0,0,0,53.2967032967033,53.2967032967033,53.2967032967033,0.0003788315928235046,0.0003788315928235046
14,15,인덕원역,2026-09-16 16:00:00,2026-09-16 16:15:00,walk,outside|wd,7,"[10, 172, 27, 171, 170, 164, 34]","[10, 172, 27, 171, 170, 164, 34]","[10, 172, 27, 171, 170, 164, 34]",0,0,0,0,0,0,0,0,0,0,62.08791208791209,62.08791208791209,62.08791208791209,0.0007876540256739365,0.0007876540256739365
14,15,인덕원역,2026-09-16 16:00:00,2026-09-16 16:15:00,fare,outside|wd,7,"[10, 27, 34, 172, 171, 170, 164]","[10, 27, 34, 172, 171, 170, 164]","[10, 27, 34, 172, 171, 170, 164]",0,0,0,0,0,0,0,0,0,0,62.08791208791209,62.08791208791209,62.08791208791209,0.0007876540256739365,0.0007876540256739365
14,30,안양시청,2026-09-16 10:00:00,2026-09-16 10:30:00,walk,operating|wd,5,"[106, 16, 31, 161, 165]","[106, 16, 31, 161, 165]","[16, 31, 161, 165, 106]",0,0,0,0,0,0,0,0,0,0,79.41176470588235,79.41176470588235,10.718789407313997,0.4512274009031587,0.4512274009031587
14,30,안양시청,2026-09-16 10:00:00,2026-09-16 10:30:00,fare,operating|wd,5,"[16, 106, 31, 161, 165]","[16, 106, 31, 161, 165]","[16, 31, 161, 165, 106]",0,0,0,0,0,0,0,0,0,0,10.718789407313997,10.718789407313997,10.718789407313997,0.00018659650042324378,0.00018659650042324378
14,30,안양시청,2026-09-16 12:00:00,2026-09-16 12:30:00,walk,operating|wd,5,"[106, 16, 31, 161, 165]","[106, 16, 31, 161, 165]","[106, 16, 31, 161, 165]",0,0,0,0,0,0,0,0,0,0,70.58823529411765,70.58823529411765,70.58823529411765,0.003356101931968105,0.003356101931968105
14,30,안양시청,2026-09-16 12:00:00,2026-09-16 12:30:00,fare,operating|wd,5,"[16, 106, 31, 161, 165]","[16, 106, 31, 161, 165]","[16, 106, 31, 161, 165]",0,0,0,0,0,0,0,0,0,0,8.827238335435057,8.827238335435057,8.827238335435057,0.0001948612355385842,0.0001948612355385842
14,30,안양시청,2026-09-16 14:00:00,2026-09-16 14:30:00,walk,operating|wd,5,"[106, 16, 31, 161, 165]","[106, 16, 31, 161, 165]","[106, 16, 31, 161, 165]",0,0,0,0,0,0,0,0,0,0,61.76470588235294,61.76470588235294,61.76470588235294,0.0024070752105134273,0.0024070752105134273
14,30,안양시청,2026-09-16 14:00:00,2026-09-16 14:30:00,fare,operating|wd,5,"[16, 106, 31, 161, 165]","[16, 106, 31, 161, 165]","[16, 106, 31, 161, 165]",0,0,0,0,0,0,0,0,0,0,7.187894073139975,7.187894073139975,7.187894073139975,0.00022183421871437733,0.00022183421871437733
14,30,안양시청,2026-09-16 16:00:00,2026-09-16 16:30:00,walk,operating|wd,5,"[106, 16, 31, 161, 165]","[106, 16, 31, 161, 165]","[106, 16, 31, 161, 165]",0,0,0,0,0,0,0,0,0,0,79.41176470588235,79.41176470588235,79.41176470588235,0.1450179487918922,0.1450179487918922
14,30,안양시청,2026-09-16 16:00:00,2026-09-16 16:30:00,fare,operating|wd,5,"[16, 106, 31, 161, 165]","[16, 106, 31, 161, 165]","[16, 106, 31, 161, 165]",0,0,0,0,0,0,0,0,0,0,13.114754098360656,13.114754098360656,13.114754098360656,0.00019372434187826579,0.00019372434187826579
14,30,석수역,2026-09-16 06:00:00,2026-09-16 06:30:00,walk,outside|wd,5,"[108, 25, 12, 13, 24]","[25, 12, 13, 24, 108]","[25, 12, 13, 24, 108]",1,1,1,0,0,1,0,1,21,0,99.15966386554622,57.6271186440678,57.6271186440678,0.9848726622929042,0.00027215346649737157
14,30,석수역,2026-09-16 06:00:00,2026-09-16 06:30:00,fare,outside|wd,5,"[108, 25, 13, 24, 12]","[25, 13, 24, 12, 108]","[25, 13, 24, 12, 108]",1,1,1,0,0,1,0,1,21,0,99.15966386554622,57.6271186440678,57.6271186440678,0.9848726622929042,0.00027215346649737157
14,30,석수역,2026-09-16 08:00:00,2026-09-16 08:30:00,walk,outside|wd,5,"[108, 25, 12, 13, 24]","[25, 12, 13, 24, 108]","[25, 12, 13, 24, 108]",1,1,1,0,0,1,0,1,21,0,95.7983193277311,46.610169491525426,46.610169491525426,0.9808213469094541,0.00023747306296970308
14,30,석수역,2026-09-16 08:00:00,2026-09-16 08:30:00,fare,outside|wd,5,"[108, 25, 13, 24, 12]","[25, 13, 24, 12, 108]","[25, 13, 24, 12, 108]",1,1,1,0,0,1,0,1,21,0,95.7983193277311,46.610169491525426,46.610169491525426,0.9808213469094541,0.00023747306296970308
14,30,석수역,2026-09-16 10:00:00,2026-09-16 10:30:00,walk,operating|wd,5,"[108, 25, 12, 13, 24]","[108, 25, 12, 13, 24]","[108, 25, 12, 13, 24]",0,0,0,0,0,0,0,0,0,0,47.05882352941177,47.05882352941177,47.05882352941177,0.0025336913702332865,0.0025336913702332865
14,30,석수역,2026-09-16 10:00:00,2026-09-16 10:30:00,fare,operating|wd,5,"[108, 25, 12, 13, 24]","[108, 25, 12, 13, 24]","[108, 25, 12, 13, 24]",0,0,0,0,0,0,0,0,0,0,47.05882352941177,47.05882352941177,47.05882352941177,0.0025336913702332865,0.0025336913702332865
14,30,석수역,2026-09-16 12:00:00,2026-09-16 12:30:00,walk,operating|wd,5,"[108, 25, 12, 13, 24]","[108, 25, 12, 13, 24]","[108, 25, 12, 13, 24]",0,0,0,0,0,0,0,0,0,0,37.81512605042017,37.81512605042017,37.81512605042017,0.006442013466393372,0.006442013466393372
14,30,석수역,2026-09-16 12:00:00,2026-09-16 12:30:00,fare,operating|wd,5,"[108, 25, 12, 13, 24]","[108, 25, 12, 13, 24]","[108, 25, 12, 13, 24]",0,0,0,0,0,0,0,0,0,0,37.81512605042017,37.81512605042017,37.81512605042017,0.006442013466393372,0.006442013466393372
14,30,석수역,2026-09-16 14:00:00,2026-09-16 14:30:00,walk,operating|wd,5,"[108, 25, 12, 13, 24]","[108, 25, 12, 13, 24]","[108, 25, 12, 13, 24]",0,0,0,0,0,0,0,0,0,0,35.294117647058826,35.294117647058826,35.294117647058826,0.002326524998118014,0.002326524998118014
14,30,석수역,2026-09-16 14:00:00,2026-09-16 14:30:00,fare,operating|wd,5,"[108, 25, 12, 13, 24]","[108, 25, 12, 13, 24]","[108, 25, 12, 13, 24]",0,0,0,0,0,0,0,0,0,0,35.294117647058826,35.294117647058826,35.294117647058826,0.002326524998118014,0.002326524998118014
14,30,석수역,2026-09-16 16:00:00,2026-09-16 16:30:00,walk,operating|wd,5,"[108, 25, 12, 13, 24]","[108, 25, 12, 13, 24]","[108, 25, 12, 13, 24]",0,0,0,0,0,0,0,0,0,0,50.42016806722689,50.42016806722689,50.42016806722689,0.014891817829893662,0.014891817829893662
14,30,석수역,2026-09-16 16:00:00,2026-09-16 16:30:00,fare,operating|wd,5,"[108, 25, 13, 24, 12]","[108, 25, 13, 24, 12]","[108, 25, 13, 24, 12]",0,0,0,0,0,0,0,0,0,0,50.42016806722689,50.42016806722689,50.42016806722689,0.014891817829893662,0.014891817829893662
14,30,석수역,2026-09-16 18:00:00,2026-09-16 18:30:00,walk,outside|wd,5,"[108, 25, 12, 13, 24]","[25, 12, 13, 24, 108]","[25, 12, 13, 24, 108]",1,1,1,0,0,1,0,1,21,0,90.75630252100841,0.0,0.0,0.5571122047352495,0.0003432689756175039
14,30,석수역,2026-09-16 18:00:00,2026-09-16 18:30:00,fare,outside|wd,5,"[108, 25, 13, 24, 12]","[25, 13, 24, 12, 108]","[25, 13, 24, 12, 108]",1,1,1,0,0,1,0,1,21,0,90.75630252100841,0.0,0.0,0.5571122047352495,0.0003432689756175039
14,30,석수역,2026-09-16 20:00:00,2026-09-16 20:30:00,walk,outside|wd,5,"[108, 25, 12, 13, 24]","[25, 12, 13, 24, 108]","[25, 12, 13, 24, 108]",1,1,1,0,0,1,0,1,21,0,90.75630252100841,0.0,0.0,0.9054585996072321,0.00031688325396051604
14,30,석수역,2026-09-16 20:00:00,2026-09-16 20:30:00,fare,outside|wd,5,"[108, 25, 13, 24, 12]","[25, 13, 24, 12, 108]","[25, 13, 24, 12, 108]",1,1,1,0,0,1,0,1,21,0,90.75630252100841,0.0,0.0,0.9054585996072321,0.00031688325396051604
14,30,석수역,2026-09-16 22:00:00,2026-09-16 22:30:00,walk,outside|wd,5,"[108, 25, 12, 13, 24]","[25, 12, 13, 24, 108]","[25, 12, 13, 24, 108]",1,1,1,0,0,1,0,1,21,0,90.75630252100841,49.152542372881356,49.152542372881356,0.9372240110631818,0.00034379242295157246
14,30,석수역,2026-09-16 22:00:00,2026-09-16 22:30:00,fare,outside|wd,5,"[108, 25, 13, 24, 12]","[25, 13, 24, 12, 108]","[25, 13, 24, 12, 108]",1,1,1,0,0,1,0,1,21,0,90.75630252100841,49.152542372881356,49.152542372881356,0.9372240110631818,0.00034379242295157246
14,30,범계역,2026-09-16 12:00:00,2026-09-16 12:30:00,walk,operating|wd,26,"[106, 16, 81, 241, 56, 261, 262, 30, 401, 183, 39, 182, 31, 161, 201, 42, 23, 165, 461, 166, 82, 40, 162, 521, 167, 163]","[106, 16, 81, 241, 56, 261, 262, 30, 401, 183, 39, 182, 31, 161, 201, 42, 23, 165, 461, 166, 82, 40, 162, 521, 167, 163]","[106, 16, 81, 241, 56, 261, 262, 30, 401, 183, 39, 182, 31, 161, 201, 42, 23, 165, 461, 166, 82, 40, 162, 521, 167, 163]",0,0,0,0,0,0,0,0,0,0,70.58823529411765,70.58823529411765,70.58823529411765,0.003356101931968105,0.003356101931968105
14,30,범계역,2026-09-16 12:00:00,2026-09-16 12:30:00,fare,operating|wd,26,"[16, 30, 401, 201, 42, 82, 521, 106, 81, 241, 56, 261, 262, 183, 39, 182, 31, 23, 461, 40, 161, 165, 166, 162, 167, 163]","[16, 30, 401, 201, 42, 82, 521, 106, 81, 241, 56, 261, 262, 183, 39, 182, 31, 23, 461, 40, 161, 165, 166, 162, 167, 163]","[16, 30, 401, 201, 42, 82, 521, 106, 81, 241, 56, 261, 262, 183, 39, 182, 31, 23, 461, 40, 161, 165, 166, 162, 167, 163]",0,0,0,0,0,0,0,0,0,0,8.827238335435057,8.827238335435057,8.827238335435057,0.0001948612355385842,0.0001948612355385842
14,30,범계역,2026-09-16 14:00:00,2026-09-16 14:30:00,walk,operating|wd,26,"[106, 16, 81, 241, 56, 261, 262, 30, 401, 183, 39, 182, 31, 161, 201, 42, 23, 165, 461, 166, 82, 40, 162, 521, 167, 163]","[106, 16, 81, 241, 56, 261, 262, 30, 401, 183, 39, 182, 31, 161, 201, 42, 23, 165, 461, 166, 82, 40, 162, 521, 167, 163]","[106, 16, 81, 241, 56, 261, 262, 30, 401, 183, 39, 182, 31, 161, 201, 42, 23, 165, 461, 166, 82, 40, 162, 521, 167, 163]",0,0,0,0,0,0,0,0,0,0,61.76470588235294,61.76470588235294,61.76470588235294,0.0024070752105134273,0.0024070752105134273
14,30,범계역,2026-09-16 14:00:00,2026-09-16 14:30:00,fare,operating|wd,26,"[16, 30, 401, 201, 42, 82, 521, 106, 81, 241, 56, 261, 262, 183, 39, 182, 31, 23, 461, 40, 161, 165, 166, 162, 167, 163]","[16, 30, 401, 201, 42, 82, 521, 106, 81, 241, 56, 261, 262, 183, 39, 182, 31, 23, 461, 40, 161, 165, 166, 162, 167, 163]","[16, 30, 401, 201, 42, 82, 521, 106, 81, 241, 56, 261, 262, 183, 39, 182, 31, 23, 461, 40, 161, 165, 166, 162, 167, 163]",0,0,0,0,0,0,0,0,0,0,7.187894073139975,7.187894073139975,7.187894073139975,0.00022183421871437733,0.00022183421871437733
14,30,안양역,2026-09-16 10:00:00,2026-09-16 10:30:00,walk,operating|wd,11,"[48, 112, 53, 11, 52, 7, 8, 38, 29, 18, 28]","[48, 112, 53, 11, 52, 7, 8, 38, 29, 18, 28]","[112, 11, 7, 8, 38, 29, 18, 28, 48, 53, 52]",0,0,0,0,0,0,0,0,0,0,58.333333333333336,58.333333333333336,52.0,0.027460324973283812,0.027460324973283812
14,30,안양역,2026-09-16 10:00:00,2026-09-16 10:30:00,fare,operating|wd,11,"[18, 8, 38, 28, 48, 112, 53, 11, 52, 7, 29]","[18, 8, 38, 28, 48, 112, 53, 11, 52, 7, 29]","[18, 8, 38, 28, 112, 11, 7, 29, 48, 53, 52]",0,0,0,0,0,0,0,0,0,0,25.0,25.0,25.0,0.0002065189792311744,0.0002065189792311744
14,30,안양역,2026-09-16 12:00:00,2026-09-16 12:30:00,walk,operating|wd,11,"[48, 112, 53, 11, 52, 7, 8, 38, 29, 18, 28]","[48, 112, 53, 11, 52, 7, 8, 38, 29, 18, 28]","[48, 112, 53, 11, 52, 7, 8, 38, 29, 18, 28]",0,0,0,0,0,0,0,0,0,0,20.833333333333332,20.833333333333332,20.833333333333332,0.001645453424325527,0.001645453424325527
14,30,안양역,2026-09-16 12:00:00,2026-09-16 12:30:00,fare,operating|wd,11,"[18, 8, 38, 28, 48, 112, 53, 11, 52, 7, 29]","[18, 8, 38, 28, 48, 112, 53, 11, 52, 7, 29]","[18, 8, 38, 28, 48, 112, 53, 11, 52, 7, 29]",0,0,0,0,0,0,0,0,0,0,28.571428571428573,28.571428571428573,28.571428571428573,0.00020551157196766498,0.00020551157196766498
14,30,안양역,2026-09-16 14:00:00,2026-09-16 14:30:00,walk,operating|wd,11,"[48, 112, 53, 11, 52, 7, 8, 38, 29, 18, 28]","[48, 112, 53, 11, 52, 7, 8, 38, 29, 18, 28]","[48, 112, 53, 11, 52, 7, 8, 38, 29, 18, 28]",0,0,0,0,0,0,0,0,0,0,25.0,25.0,25.0,0.0010185097413192993,0.0010185097413192993
14,30,안양역,2026-09-16 14:00:00,2026-09-16 14:30:00,fare,operating|wd,11,"[18, 8, 38, 28, 48, 112, 53, 11, 52, 7, 29]","[18, 8, 38, 28, 48, 112, 53, 11, 52, 7, 29]","[18, 8, 38, 28, 48, 112, 53, 11, 52, 7, 29]",0,0,0,0,0,0,0,0,0,0,30.357142857142858,30.357142857142858,30.357142857142858,0.0002393766672851007,0.0002393766672851007
14,30,평촌역,2026-09-16 12:00:00,2026-09-16 12:30:00,walk,operating|wd,25,"[16, 31, 106, 162, 166, 241, 163, 161, 167, 164, 37, 172, 168, 169, 27, 165, 261, 170, 262, 56, 171, 10, 21, 81, 34]","[16, 31, 106, 162, 166, 241, 163, 161, 167, 164, 37, 172, 168, 169, 27, 165, 261, 170, 262, 56, 171, 10, 21, 81, 34]","[16, 31, 106, 162, 166, 241, 163, 161, 167, 164, 37, 172, 168, 169, 27, 165, 261, 170, 262, 56, 171, 10, 21, 81, 34]",0,0,0,0,0,0,0,0,0,0,8.827238335435057,8.827238335435057,8.827238335435057,0.0001948612355385842,0.0001948612355385842
14,30,평촌역,2026-09-16 12:00:00,2026-09-16 12:30:00,fare,outside|wd,25,"[10, 16, 37, 27, 21, 34, 31, 106, 241, 172, 261, 262, 56, 81, 162, 166, 163, 161, 167, 164, 168, 169, 165, 170, 171]","[10, 16, 37, 27, 21, 34, 31, 106, 241, 172, 261, 262, 56, 81, 162, 166, 163, 161, 167, 164, 168, 169, 165, 170, 171]","[10, 16, 37, 27, 21, 34, 31, 106, 241, 172, 261, 262, 56, 81, 162, 166, 163, 161, 167, 164, 168, 169, 165, 170, 171]",0,0,0,0,0,0,0,0,0,0,56.043956043956044,56.043956043956044,56.043956043956044,0.000843199352849307,0.000843199352849307
14,30,평촌역,2026-09-16 14:00:00,2026-09-16 14:30:00,walk,operating|wd,25,"[16, 31, 106, 162, 166, 241, 163, 161, 167, 164, 37, 172, 168, 169, 27, 165, 261, 170, 262, 56, 171, 10, 21, 81, 34]","[16, 31, 106, 162, 166, 241, 163, 161, 167, 164, 37, 172, 168, 169, 27, 165, 261, 170, 262, 56, 171, 10, 21, 81, 34]","[16, 31, 106, 162, 166, 241, 163, 161, 167, 164, 37, 172, 168, 169, 27, 165, 261, 170, 262, 56, 171, 10, 21, 81, 34]",0,0,0,0,0,0,0,0,0,0,7.187894073139975,7.187894073139975,7.187894073139975,0.00022183421871437733,0.00022183421871437733
14,30,평촌역,2026-09-16 14:00:00,2026-09-16 14:30:00,fare,outside|wd,25,"[10, 16, 37, 27, 21, 34, 31, 106, 241, 172, 261, 262, 56, 81, 162, 166, 163, 161, 167, 164, 168, 169, 165, 170, 171]","[10, 16, 37, 27, 21, 34, 31, 106, 241, 172, 261, 262, 56, 81, 162, 166, 163, 161, 167, 164, 168, 169, 165, 170, 171]","[10, 16, 37, 27, 21, 34, 31, 106, 241, 172, 261, 262, 56, 81, 162, 166, 163, 161, 167, 164, 168, 169, 165, 170, 171]",0,0,0,0,0,0,0,0,0,0,53.2967032967033,53.2967032967033,53.2967032967033,0.0008509328861822715,0.0008509328861822715
14,30,평촌역,2026-09-16 16:00:00,2026-09-16 16:30:00,walk,operating|wd,25,"[16, 31, 106, 162, 166, 241, 163, 161, 167, 164, 37, 172, 168, 169, 27, 165, 261, 170, 262, 56, 171, 10, 21, 81, 34]","[16, 31, 106, 162, 166, 241, 163, 161, 167, 164, 37, 172, 168, 169, 27, 165, 261, 170, 262, 56, 171, 10, 21, 81, 34]","[16, 31, 106, 162, 166, 241, 163, 161, 167, 164, 37, 172, 168, 169, 27, 165, 261, 170, 262, 56, 171, 10, 21, 81, 34]",0,0,0,0,0,0,0,0,0,0,13.114754098360656,13.114754098360656,13.114754098360656,0.00019372434187826579,0.00019372434187826579
14,30,평촌역,2026-09-16 16:00:00,2026-09-16 16:30:00,fare,outside|wd,25,"[10, 81, 16, 37, 27, 21, 34, 31, 106, 241, 172, 261, 262, 56, 162, 166, 163, 161, 167, 164, 168, 169, 165, 170, 171]","[10, 81, 16, 37, 27, 21, 34, 31, 106, 241, 172, 261, 262, 56, 162, 166, 163, 161, 167, 164, 168, 169, 165, 170, 171]","[10, 81, 16, 37, 27, 21, 34, 31, 106, 241, 172, 261, 262, 56, 162, 166, 163, 161, 167, 164, 168, 169, 165, 170, 171]",0,0,0,0,0,0,0,0,0,0,62.08791208791209,62.08791208791209,62.08791208791209,0.001989515387229266,0.001989515387229266
14,30,인덕원역,2026-09-16 10:00:00,2026-09-16 10:30:00,walk,outside|wd,7,"[10, 172, 27, 171, 170, 164, 34]","[10, 172, 27, 171, 170, 164, 34]","[10, 172, 27, 171, 170, 164, 34]",0,0,0,0,0,0,0,0,0,0,68.68131868131869,68.68131868131869,68.68131868131869,0.0013921024912798795,0.0013921024912798795
14,30,인덕원역,2026-09-16 10:00:00,2026-09-16 10:30:00,fare,outside|wd,7,"[10, 27, 34, 172, 171, 170, 164]","[10, 27, 34, 172, 171, 170, 164]","[10, 27, 34, 172, 171, 170, 164]",0,0,0,0,0,0,0,0,0,0,68.68131868131869,68.68131868131869,68.68131868131869,0.0013921024912798795,0.0013921024912798795
14,30,인덕원역,2026-09-16 12:00:00,2026-09-16 12:30:00,walk,outside|wd,7,"[10, 172, 27, 171, 170, 164, 34]","[10, 172, 27, 171, 170, 164, 34]","[10, 172, 27, 171, 170, 164, 34]",0,0,0,0,0,0,0,0,0,0,56.043956043956044,56.043956043956044,56.043956043956044,0.000843199352849307,0.000843199352849307
14,30,인덕원역,2026-09-16 12:00:00,2026-09-16 12:30:00,fare,outside|wd,7,"[10, 27, 34, 172, 171, 170, 164]","[10, 27, 34, 172, 171, 170, 164]","[10, 27, 34, 172, 171, 170, 164]",0,0,0,0,0,0,0,0,0,0,56.043956043956044,56.043956043956044,56.043956043956044,0.000843199352849307,0.000843199352849307
14,30,인덕원역,2026-09-16 14:00:00,2026-09-16 14:30:00,walk,outside|wd,7,"[10, 172, 27, 171, 170, 164, 34]","[10, 172, 27, 171, 170, 164, 34]","[10, 172, 27, 171, 170, 164, 34]",0,0,0,0,0,0,0,0,0,0,53.2967032967033,53.2967032967033,53.2967032967033,0.0008509328861822715,0.0008509328861822715
14,30,인덕원역,2026-09-16 14:00:00,2026-09-16 14:30:00,fare,outside|wd,7,"[10, 27, 34, 172, 171, 170, 164]","[10, 27, 34, 172, 171, 170, 164]","[10, 27, 34, 172, 171, 170, 164]",0,0,0,0,0,0,0,0,0,0,53.2967032967033,53.2967032967033,53.2967032967033,0.0008509328861822715,0.0008509328861822715
14,30,인덕원역,2026-09-16 16:00:00,2026-09-16 16:30:00,walk,outside|wd,7,"[10, 172, 27, 171, 170, 164, 34]","[10, 172, 27, 171, 170, 164, 34]","[10, 172, 27, 171, 170, 164, 34]",0,0,0,0,0,0,0,0,0,0,62.08791208791209,62.08791208791209,62.08791208791209,0.001989515387229266,0.001989515387229266
14,30,인덕원역,2026-09-16 16:00:00,2026-09-16 16:30:00,fare,outside|wd,7,"[10, 27, 34, 172, 171, 170, 164]","[10, 27, 34, 172, 171, 170, 164]","[10, 27, 34, 172, 171, 170, 164]",0,0,0,0,0,0,0,0,0,0,62.08791208791209,62.08791208791209,62.08791208791209,0.001989515387229266,0.001989515387229266
14,60,안양시청,2026-09-16 10:00:00,2026-09-16 11:00:00,walk,operating|wd,5,"[106, 16, 31, 161, 165]","[106, 16, 31, 161, 165]","[16, 31, 161, 165, 106]",0,0,0,0,0,0,0,0,0,0,70.58823529411765,70.58823529411765,9.079445145018916,0.40606992510564405,0.40606992510564405
14,60,안양시청,2026-09-16 10:00:00,2026-09-16 11:00:00,fare,operating|wd,5,"[16, 106, 31, 161, 165]","[16, 106, 31, 161, 165]","[16, 31, 161, 165, 106]",0,0,0,0,0,0,0,0,0,0,9.079445145018916,9.079445145018916,9.079445145018916,0.00045332008374984197,0.00045332008374984197
14,60,안양시청,2026-09-16 12:00:00,2026-09-16 13:00:00,walk,operating|wd,5,"[106, 16, 31, 161, 165]","[106, 16, 31, 161, 165]","[106, 16, 31, 161, 165]",0,0,0,0,0,0,0,0,0,0,67.6470588235294,67.6470588235294,67.6470588235294,0.01052718514624027,0.01052718514624027
14,60,안양시청,2026-09-16 12:00:00,2026-09-16 13:00:00,fare,operating|wd,5,"[16, 106, 31, 161, 165]","[16, 106, 31, 161, 165]","[16, 106, 31, 161, 165]",0,0,0,0,0,0,0,0,0,0,6.431273644388399,6.431273644388399,6.431273644388399,0.00046502023661028737,0.00046502023661028737
14,60,안양시청,2026-09-16 14:00:00,2026-09-16 15:00:00,walk,operating|wd,5,"[106, 16, 31, 161, 165]","[106, 16, 31, 161, 165]","[106, 16, 31, 161, 165]",0,0,0,0,0,0,0,0,0,0,67.6470588235294,67.6470588235294,67.6470588235294,0.009080382887069336,0.009080382887069336
14,60,안양시청,2026-09-16 14:00:00,2026-09-16 15:00:00,fare,operating|wd,5,"[16, 106, 31, 161, 165]","[16, 106, 31, 161, 165]","[16, 106, 31, 161, 165]",0,0,0,0,0,0,0,0,0,0,7.440100882723834,7.440100882723834,7.440100882723834,0.0004608464312094695,0.0004608464312094695
14,60,안양시청,2026-09-16 16:00:00,2026-09-16 17:00:00,walk,operating|wd,5,"[106, 16, 31, 161, 165]","[106, 16, 31, 161, 165]","[106, 16, 31, 161, 165]",0,0,0,0,0,0,0,0,0,0,85.29411764705883,85.29411764705883,85.29411764705883,0.18045219529252282,0.18045219529252282
14,60,안양시청,2026-09-16 16:00:00,2026-09-16 17:00:00,fare,operating|wd,5,"[16, 106, 31, 161, 165]","[16, 106, 31, 161, 165]","[16, 106, 31, 161, 165]",0,0,0,0,0,0,0,0,0,0,18.0327868852459,18.0327868852459,18.0327868852459,0.00048354558505224135,0.00048354558505224135
14,60,석수역,2026-09-16 06:00:00,2026-09-16 07:00:00,walk,outside|wd,5,"[108, 25, 12, 13, 24]","[25, 12, 13, 24, 108]","[25, 12, 13, 24, 108]",1,1,1,0,0,1,0,1,21,0,98.31932773109244,59.32203389830509,59.32203389830509,0.9054339052309364,0.000842705178369642
14,60,석수역,2026-09-16 06:00:00,2026-09-16 07:00:00,fare,outside|wd,5,"[108, 25, 13, 24, 12]","[25, 13, 24, 12, 108]","[25, 13, 24, 12, 108]",1,1,1,0,0,1,0,1,21,0,98.31932773109244,59.32203389830509,59.32203389830509,0.9054339052309364,0.000842705178369642
14,60,석수역,2026-09-16 08:00:00,2026-09-16 09:00:00,walk,operating|wd,5,"[108, 25, 12, 13, 24]","[25, 12, 13, 24, 108]","[25, 12, 13, 24, 108]",1,1,1,0,0,1,0,1,21,0,95.7983193277311,39.83050847457627,39.83050847457627,0.6509485081154803,0.0006797279862429381
14,60,석수역,2026-09-16 08:00:00,2026-09-16 09:00:00,fare,operating|wd,5,"[108, 25, 12, 13, 24]","[25, 12, 13, 24, 108]","[25, 12, 13, 24, 108]",1,1,1,0,0,1,0,1,21,0,95.7983193277311,39.83050847457627,39.83050847457627,0.6509485081154803,0.0006797279862429381
14,60,석수역,2026-09-16 10:00:00,2026-09-16 11:00:00,walk,operating|wd,5,"[108, 25, 12, 13, 24]","[108, 25, 12, 13, 24]","[108, 25, 12, 13, 24]",0,0,0,0,0,0,0,0,0,0,40.33613445378151,40.33613445378151,40.33613445378151,0.011724551435334319,0.011724551435334319
14,60,석수역,2026-09-16 10:00:00,2026-09-16 11:00:00,fare,operating|wd,5,"[108, 25, 12, 13, 24]","[108, 25, 12, 13, 24]","[108, 25, 12, 13, 24]",0,0,0,0,0,0,0,0,0,0,40.33613445378151,40.33613445378151,40.33613445378151,0.011724551435334319,0.011724551435334319
14,60,석수역,2026-09-16 12:00:00,2026-09-16 13:00:00,walk,operating|wd,5,"[108, 25, 12, 13, 24]","[108, 25, 12, 13, 24]","[108, 25, 12, 13, 24]",0,0,0,0,0,0,0,0,0,0,38.65546218487395,38.65546218487395,38.65546218487395,0.010959939341118061,0.010959939341118061
14,60,석수역,2026-09-16 12:00:00,2026-09-16 13:00:00,fare,operating|wd,5,"[108, 25, 12, 13, 24]","[108, 25, 12, 13, 24]","[108, 25, 12, 13, 24]",0,0,0,0,0,0,0,0,0,0,38.65546218487395,38.65546218487395,38.65546218487395,0.010959939341118061,0.010959939341118061
14,60,석수역,2026-09-16 14:00:00,2026-09-16 15:00:00,walk,operating|wd,5,"[108, 25, 12, 13, 24]","[108, 25, 12, 13, 24]","[108, 25, 12, 13, 24]",0,0,0,0,0,0,0,0,0,0,37.81512605042017,37.81512605042017,37.81512605042017,0.010402958193525137,0.010402958193525137
14,60,석수역,2026-09-16 14:00:00,2026-09-16 15:00:00,fare,operating|wd,5,"[108, 25, 12, 13, 24]","[108, 25, 12, 13, 24]","[108, 25, 12, 13, 24]",0,0,0,0,0,0,0,0,0,0,37.81512605042017,37.81512605042017,37.81512605042017,0.010402958193525137,0.010402958193525137
14,60,석수역,2026-09-16 16:00:00,2026-09-16 17:00:00,walk,outside|wd,5,"[108, 25, 12, 13, 24]","[108, 25, 12, 13, 24]","[108, 25, 12, 13, 24]",0,0,0,0,0,0,0,0,0,0,89.91596638655462,89.91596638655462,89.91596638655462,0.3733742436248188,0.3733742436248188
14,60,석수역,2026-09-16 16:00:00,2026-09-16 17:00:00,fare,outside|wd,5,"[108, 25, 13, 24, 12]","[108, 25, 13, 24, 12]","[108, 25, 13, 24, 12]",0,0,0,0,0,0,0,0,0,0,89.91596638655462,89.91596638655462,89.91596638655462,0.3733742436248188,0.3733742436248188
14,60,석수역,2026-09-16 18:00:00,2026-09-16 19:00:00,walk,outside|wd,5,"[108, 25, 12, 13, 24]","[25, 12, 13, 24, 108]","[25, 12, 13, 24, 108]",1,1,1,0,0,1,0,1,21,0,90.75630252100841,0.0,0.0,0.6990021120100205,0.0005849529598221356
14,60,석수역,2026-09-16 18:00:00,2026-09-16 19:00:00,fare,outside|wd,5,"[108, 25, 13, 24, 12]","[25, 13, 24, 12, 108]","[25, 13, 24, 12, 108]",1,1,1,0,0,1,0,1,21,0,90.75630252100841,0.0,0.0,0.6990021120100205,0.0005849529598221356
14,60,석수역,2026-09-16 20:00:00,2026-09-16 21:00:00,walk,outside|wd,5,"[108, 25, 12, 13, 24]","[25, 12, 13, 24, 108]","[25, 12, 13, 24, 108]",1,1,1,0,0,1,0,1,21,0,90.75630252100841,0.0,0.0,0.8096234307939966,0.0007096243997690408
14,60,석수역,2026-09-16 20:00:00,2026-09-16 21:00:00,fare,outside|wd,5,"[108, 25, 13, 24, 12]","[25, 13, 24, 12, 108]","[25, 13, 24, 12, 108]",1,1,1,0,0,1,0,1,21,0,90.75630252100841,0.0,0.0,0.8096234307939966,0.0007096243997690408
14,60,범계역,2026-09-16 12:00:00,2026-09-16 13:00:00,walk,operating|wd,26,"[106, 16, 81, 241, 56, 261, 262, 30, 401, 183, 39, 182, 31, 161, 201, 42, 23, 165, 461, 166, 82, 40, 162, 521, 167, 163]","[106, 16, 81, 241, 56, 261, 262, 30, 401, 183, 39, 182, 31, 161, 201, 42, 23, 165, 461, 166, 82, 40, 162, 521, 167, 163]","[106, 16, 81, 241, 56, 261, 262, 30, 401, 183, 39, 182, 31, 161, 201, 42, 23, 165, 461, 166, 82, 40, 162, 521, 167, 163]",0,0,0,0,0,0,0,0,0,0,67.6470588235294,67.6470588235294,67.6470588235294,0.01052718514624027,0.01052718514624027
14,60,범계역,2026-09-16 12:00:00,2026-09-16 13:00:00,fare,operating|wd,26,"[16, 30, 401, 201, 42, 82, 521, 106, 81, 241, 56, 261, 262, 183, 39, 182, 31, 23, 461, 40, 161, 165, 166, 162, 167, 163]","[16, 30, 401, 201, 42, 82, 521, 106, 81, 241, 56, 261, 262, 183, 39, 182, 31, 23, 461, 40, 161, 165, 166, 162, 167, 163]","[16, 30, 401, 201, 42, 82, 521, 106, 81, 241, 56, 261, 262, 183, 39, 182, 31, 23, 461, 40, 161, 165, 166, 162, 167, 163]",0,0,0,0,0,0,0,0,0,0,6.431273644388399,6.431273644388399,6.431273644388399,0.00046502023661028737,0.00046502023661028737
14,60,범계역,2026-09-16 14:00:00,2026-09-16 15:00:00,walk,operating|wd,26,"[106, 16, 81, 241, 56, 261, 262, 30, 401, 183, 39, 182, 31, 161, 201, 42, 23, 165, 461, 166, 82, 40, 162, 521, 167, 163]","[106, 16, 81, 241, 56, 261, 262, 30, 401, 183, 39, 182, 31, 161, 201, 42, 23, 165, 461, 166, 82, 40, 162, 521, 167, 163]","[106, 16, 81, 241, 56, 261, 262, 30, 401, 183, 39, 182, 31, 161, 201, 42, 23, 165, 461, 166, 82, 40, 162, 521, 167, 163]",0,0,0,0,0,0,0,0,0,0,67.6470588235294,67.6470588235294,67.6470588235294,0.009080382887069336,0.009080382887069336
14,60,범계역,2026-09-16 14:00:00,2026-09-16 15:00:00,fare,operating|wd,26,"[16, 30, 401, 201, 42, 82, 521, 106, 81, 241, 56, 261, 262, 183, 39, 182, 31, 23, 461, 40, 161, 165, 166, 162, 167, 163]","[16, 30, 401, 201, 42, 82, 521, 106, 81, 241, 56, 261, 262, 183, 39, 182, 31, 23, 461, 40, 161, 165, 166, 162, 167, 163]","[16, 30, 401, 201, 42, 82, 521, 106, 81, 241, 56, 261, 262, 183, 39, 182, 31, 23, 461, 40, 161, 165, 166, 162, 167, 163]",0,0,0,0,0,0,0,0,0,0,7.440100882723834,7.440100882723834,7.440100882723834,0.0004608464312094695,0.0004608464312094695
14,60,안양역,2026-09-16 10:00:00,2026-09-16 11:00:00,walk,operating|wd,11,"[48, 112, 53, 11, 52, 7, 8, 38, 29, 18, 28]","[48, 112, 53, 11, 52, 7, 8, 38, 29, 18, 28]","[112, 11, 7, 8, 38, 29, 18, 28, 48, 53, 52]",0,0,0,0,0,0,0,0,0,0,45.833333333333336,45.833333333333336,41.333333333333336,0.0502325345667411,0.0502325345667411
14,60,안양역,2026-09-16 10:00:00,2026-09-16 11:00:00,fare,operating|wd,11,"[18, 8, 38, 28, 48, 112, 53, 11, 52, 7, 29]","[18, 8, 38, 28, 48, 112, 53, 11, 52, 7, 29]","[18, 8, 38, 28, 112, 11, 7, 29, 48, 53, 52]",0,0,0,0,0,0,0,0,0,0,25.0,25.0,25.0,0.0006508857591128285,0.0006508857591128285
14,60,안양역,2026-09-16 12:00:00,2026-09-16 13:00:00,walk,operating|wd,11,"[48, 112, 53, 11, 52, 7, 8, 38, 29, 18, 28]","[48, 112, 53, 11, 52, 7, 8, 38, 29, 18, 28]","[48, 112, 53, 11, 52, 7, 8, 38, 29, 18, 28]",0,0,0,0,0,0,0,0,0,0,33.333333333333336,33.333333333333336,33.333333333333336,0.005401052102965637,0.005401052102965637
14,60,안양역,2026-09-16 12:00:00,2026-09-16 13:00:00,fare,operating|wd,11,"[18, 8, 38, 28, 48, 112, 53, 11, 52, 7, 29]","[18, 8, 38, 28, 48, 112, 53, 11, 52, 7, 29]","[18, 8, 38, 28, 48, 112, 53, 11, 52, 7, 29]",0,0,0,0,0,0,0,0,0,0,28.571428571428573,28.571428571428573,28.571428571428573,0.00065755445287952,0.00065755445287952
14,60,평촌역,2026-09-16 12:00:00,2026-09-16 13:00:00,walk,operating|wd,25,"[16, 31, 106, 162, 166, 241, 163, 161, 167, 164, 37, 172, 168, 169, 27, 165, 261, 170, 262, 56, 171, 10, 21, 81, 34]","[16, 31, 106, 162, 166, 241, 163, 161, 167, 164, 37, 172, 168, 169, 27, 165, 261, 170, 262, 56, 171, 10, 21, 81, 34]","[16, 31, 106, 162, 166, 241, 163, 161, 167, 164, 37, 172, 168, 169, 27, 165, 261, 170, 262, 56, 171, 10, 21, 81, 34]",0,0,0,0,0,0,0,0,0,0,6.431273644388399,6.431273644388399,6.431273644388399,0.00046502023661028737,0.00046502023661028737
14,60,평촌역,2026-09-16 12:00:00,2026-09-16 13:00:00,fare,outside|wd,25,"[10, 16, 37, 27, 21, 34, 31, 106, 241, 172, 261, 262, 56, 81, 162, 166, 163, 161, 167, 164, 168, 169, 165, 170, 171]","[10, 16, 37, 27, 21, 34, 31, 106, 241, 172, 261, 262, 56, 81, 162, 166, 163, 161, 167, 164, 168, 169, 165, 170, 171]","[10, 16, 37, 27, 21, 34, 31, 106, 241, 172, 261, 262, 56, 81, 162, 166, 163, 161, 167, 164, 168, 169, 165, 170, 171]",0,0,0,0,0,0,0,0,0,0,57.69230769230769,57.69230769230769,57.69230769230769,0.0051502263068926345,0.0051502263068926345
14,60,평촌역,2026-09-16 14:00:00,2026-09-16 15:00:00,walk,operating|wd,25,"[16, 31, 106, 162, 166, 241, 163, 161, 167, 164, 37, 172, 168, 169, 27, 165, 261, 170, 262, 56, 171, 10, 21, 81, 34]","[16, 31, 106, 162, 166, 241, 163, 161, 167, 164, 37, 172, 168, 169, 27, 165, 261, 170, 262, 56, 171, 10, 21, 81, 34]","[16, 31, 106, 162, 166, 241, 163, 161, 167, 164, 37, 172, 168, 169, 27, 165, 261, 170, 262, 56, 171, 10, 21, 81, 34]",0,0,0,0,0,0,0,0,0,0,7.440100882723834,7.440100882723834,7.440100882723834,0.0004608464312094695,0.0004608464312094695
14,60,평촌역,2026-09-16 14:00:00,2026-09-16 15:00:00,fare,outside|wd,25,"[10, 16, 37, 27, 21, 34, 31, 106, 241, 172, 261, 262, 56, 81, 162, 166, 163, 161, 167, 164, 168, 169, 165, 170, 171]","[10, 16, 37, 27, 21, 34, 31, 106, 241, 172, 261, 262, 56, 81, 162, 166, 163, 161, 167, 164, 168, 169, 165, 170, 171]","[10, 16, 37, 27, 21, 34, 31, 106, 241, 172, 261, 262, 56, 81, 162, 166, 163, 161, 167, 164, 168, 169, 165, 170, 171]",0,0,0,0,0,0,0,0,0,0,53.2967032967033,53.2967032967033,53.2967032967033,0.0070031604696435806,0.0070031604696435806
14,60,평촌역,2026-09-16 16:00:00,2026-09-16 17:00:00,walk,operating|wd,25,"[16, 31, 106, 162, 166, 241, 163, 161, 167, 164, 37, 172, 168, 169, 27, 165, 261, 170, 262, 56, 171, 10, 21, 81, 34]","[16, 31, 106, 162, 166, 241, 163, 161, 167, 164, 37, 172, 168, 169, 27, 165, 261, 170, 262, 56, 171, 10, 21, 81, 34]","[16, 31, 106, 162, 166, 241, 163, 161, 167, 164, 37, 172, 168, 169, 27, 165, 261, 170, 262, 56, 171, 10, 21, 81, 34]",0,0,0,0,0,0,0,0,0,0,18.0327868852459,18.0327868852459,18.0327868852459,0.00048354558505224135,0.00048354558505224135
14,60,평촌역,2026-09-16 16:00:00,2026-09-16 17:00:00,fare,outside|wd,25,"[10, 81, 16, 37, 27, 21, 34, 31, 106, 241, 172, 261, 262, 56, 162, 166, 163, 161, 167, 164, 168, 169, 165, 170, 171]","[10, 81, 16, 37, 27, 21, 34, 31, 106, 241, 172, 261, 262, 56, 162, 166, 163, 161, 167, 164, 168, 169, 165, 170, 171]","[10, 81, 16, 37, 27, 21, 34, 31, 106, 241, 172, 261, 262, 56, 162, 166, 163, 161, 167, 164, 168, 169, 165, 170, 171]",0,0,0,0,0,0,0,0,0,0,63.18681318681319,63.18681318681319,63.18681318681319,0.008047717923692375,0.008047717923692375
14,60,인덕원역,2026-09-16 10:00:00,2026-09-16 11:00:00,walk,outside|wd,7,"[10, 172, 27, 171, 170, 164, 34]","[10, 172, 27, 171, 170, 164, 34]","[10, 172, 27, 171, 170, 164, 34]",0,0,0,0,0,0,0,0,0,0,65.38461538461539,65.38461538461539,65.38461538461539,0.00785640356441489,0.00785640356441489
14,60,인덕원역,2026-09-16 10:00:00,2026-09-16 11:00:00,fare,outside|wd,7,"[10, 27, 34, 172, 171, 170, 164]","[10, 27, 34, 172, 171, 170, 164]","[10, 27, 34, 172, 171, 170, 164]",0,0,0,0,0,0,0,0,0,0,65.38461538461539,65.38461538461539,65.38461538461539,0.00785640356441489,0.00785640356441489
14,60,인덕원역,2026-09-16 12:00:00,2026-09-16 13:00:00,walk,outside|wd,7,"[10, 172, 27, 171, 170, 164, 34]","[10, 172, 27, 171, 170, 164, 34]","[10, 172, 27, 171, 170, 164, 34]",0,0,0,0,0,0,0,0,0,0,57.69230769230769,57.69230769230769,57.69230769230769,0.0051502263068926345,0.0051502263068926345
14,60,인덕원역,2026-09-16 12:00:00,2026-09-16 13:00:00,fare,outside|wd,7,"[10, 27, 34, 172, 171, 170, 164]","[10, 27, 34, 172, 171, 170, 164]","[10, 27, 34, 172, 171, 170, 164]",0,0,0,0,0,0,0,0,0,0,57.69230769230769,57.69230769230769,57.69230769230769,0.0051502263068926345,0.0051502263068926345
14,60,인덕원역,2026-09-16 14:00:00,2026-09-16 15:00:00,walk,outside|wd,7,"[10, 172, 27, 171, 170, 164, 34]","[10, 172, 27, 171, 170, 164, 34]","[10, 172, 27, 171, 170, 164, 34]",0,0,0,0,0,0,0,0,0,0,53.2967032967033,53.2967032967033,53.2967032967033,0.0070031604696435806,0.0070031604696435806
14,60,인덕원역,2026-09-16 14:00:00,2026-09-16 15:00:00,fare,outside|wd,7,"[10, 27, 34, 172, 171, 170, 164]","[10, 27, 34, 172, 171, 170, 164]","[10, 27, 34, 172, 171, 170, 164]",0,0,0,0,0,0,0,0,0,0,53.2967032967033,53.2967032967033,53.2967032967033,0.0070031604696435806,0.0070031604696435806
14,60,인덕원역,2026-09-16 16:00:00,2026-09-16 17:00:00,walk,outside|wd,7,"[10, 172, 27, 171, 170, 164, 34]","[10, 172, 27, 171, 170, 164, 34]","[10, 172, 27, 171, 170, 164, 34]",0,0,0,0,0,0,0,0,0,0,63.18681318681319,63.18681318681319,63.18681318681319,0.008047717923692375,0.008047717923692375
14,60,인덕원역,2026-09-16 16:00:00,2026-09-16 17:00:00,fare,outside|wd,7,"[10, 27, 34, 172, 171, 170, 164]","[10, 27, 34, 172, 171, 170, 164]","[10, 27, 34, 172, 171, 170, 164]",0,0,0,0,0,0,0,0,0,0,63.18681318681319,63.18681318681319,63.18681318681319,0.008047717923692375,0.008047717923692375
14,120,안양시청,2026-09-16 10:00:00,2026-09-16 12:00:00,walk,operating|wd,5,"[106, 16, 31, 161, 165]","[106, 16, 31, 161, 165]","[16, 31, 161, 165, 106]",0,0,0,0,0,0,0,0,0,0,73.52941176470588,73.52941176470588,9.079445145018916,0.34103946803007895,0.34103946803007895
14,120,안양시청,2026-09-16 10:00:00,2026-09-16 12:00:00,fare,operating|wd,5,"[16, 106, 31, 161, 165]","[16, 106, 31, 161, 165]","[16, 31, 161, 165, 106]",0,0,0,0,0,0,0,0,0,0,9.079445145018916,9.079445145018916,9.079445145018916,0.0010703203229651087,0.0010703203229651087
14,120,안양시청,2026-09-16 12:00:00,2026-09-16 14:00:00,walk,operating|wd,5,"[106, 16, 31, 161, 165]","[106, 16, 31, 161, 165]","[106, 16, 31, 161, 165]",0,0,0,0,0,0,0,0,0,0,61.76470588235294,61.76470588235294,61.76470588235294,0.025476204671134327,0.025476204671134327
14,120,안양시청,2026-09-16 12:00:00,2026-09-16 14:00:00,fare,operating|wd,5,"[16, 106, 31, 161, 165]","[16, 106, 31, 161, 165]","[16, 106, 31, 161, 165]",0,0,0,0,0,0,0,0,0,0,6.0529634300126105,6.0529634300126105,6.0529634300126105,0.0014112471357621234,0.0014112471357621234
14,120,안양시청,2026-09-16 14:00:00,2026-09-16 16:00:00,walk,operating|wd,5,"[106, 16, 31, 161, 165]","[106, 16, 31, 161, 165]","[106, 16, 31, 161, 165]",0,0,0,0,0,0,0,0,0,0,82.3529411764706,82.3529411764706,82.3529411764706,0.028648837698064433,0.028648837698064433
14,120,안양시청,2026-09-16 14:00:00,2026-09-16 16:00:00,fare,operating|wd,5,"[16, 106, 31, 161, 165]","[16, 106, 31, 161, 165]","[16, 106, 31, 161, 165]",0,0,0,0,0,0,0,0,0,0,10.21437578814628,10.21437578814628,10.21437578814628,0.0014205900749407606,0.0014205900749407606
14,120,석수역,2026-09-16 06:00:00,2026-09-16 08:00:00,walk,outside|wd,5,"[108, 25, 12, 13, 24]","[25, 12, 13, 24, 108]","[25, 12, 13, 24, 108]",1,1,1,0,0,1,0,1,21,0,96.63865546218487,53.389830508474574,53.389830508474574,0.7768425418881642,0.0015810303491585677
14,120,석수역,2026-09-16 06:00:00,2026-09-16 08:00:00,fare,outside|wd,5,"[108, 25, 13, 24, 12]","[25, 13, 24, 12, 108]","[25, 13, 24, 12, 108]",1,1,1,0,0,1,0,1,21,0,96.63865546218487,53.389830508474574,53.389830508474574,0.7768425418881642,0.0015810303491585677
14,120,석수역,2026-09-16 08:00:00,2026-09-16 10:00:00,walk,operating|wd,5,"[108, 25, 12, 13, 24]","[108, 25, 12, 13, 24]","[25, 12, 13, 24, 108]",0,0,0,0,0,0,0,0,0,0,46.21848739495798,46.21848739495798,27.966101694915253,0.05166167400905556,0.05166167400905556
14,120,석수역,2026-09-16 08:00:00,2026-09-16 10:00:00,fare,operating|wd,5,"[108, 25, 12, 13, 24]","[108, 25, 12, 13, 24]","[25, 12, 13, 24, 108]",0,0,0,0,0,0,0,0,0,0,46.21848739495798,46.21848739495798,27.966101694915253,0.05166167400905556,0.05166167400905556
14,120,석수역,2026-09-16 10:00:00,2026-09-16 12:00:00,walk,operating|wd,5,"[108, 25, 12, 13, 24]","[108, 25, 12, 13, 24]","[108, 25, 12, 13, 24]",0,0,0,0,0,0,0,0,0,0,41.1764705882353,41.1764705882353,41.1764705882353,0.017225564984675368,0.017225564984675368
14,120,석수역,2026-09-16 10:00:00,2026-09-16 12:00:00,fare,operating|wd,5,"[108, 25, 12, 13, 24]","[108, 25, 12, 13, 24]","[108, 25, 12, 13, 24]",0,0,0,0,0,0,0,0,0,0,41.1764705882353,41.1764705882353,41.1764705882353,0.017225564984675368,0.017225564984675368
14,120,석수역,2026-09-16 12:00:00,2026-09-16 14:00:00,walk,operating|wd,5,"[108, 25, 12, 13, 24]","[108, 25, 12, 13, 24]","[108, 25, 12, 13, 24]",0,0,0,0,0,0,0,0,0,0,38.65546218487395,38.65546218487395,38.65546218487395,0.01941671118358687,0.01941671118358687
14,120,석수역,2026-09-16 12:00:00,2026-09-16 14:00:00,fare,operating|wd,5,"[108, 25, 12, 13, 24]","[108, 25, 12, 13, 24]","[108, 25, 12, 13, 24]",0,0,0,0,0,0,0,0,0,0,38.65546218487395,38.65546218487395,38.65546218487395,0.01941671118358687,0.01941671118358687
14,120,석수역,2026-09-16 14:00:00,2026-09-16 16:00:00,walk,operating|wd,5,"[108, 25, 12, 13, 24]","[108, 25, 12, 13, 24]","[108, 25, 12, 13, 24]",0,0,0,0,0,0,0,0,0,0,36.97478991596638,36.97478991596638,36.97478991596638,0.0361143403248995,0.0361143403248995
14,120,석수역,2026-09-16 14:00:00,2026-09-16 16:00:00,fare,operating|wd,5,"[108, 25, 12, 13, 24]","[108, 25, 12, 13, 24]","[108, 25, 12, 13, 24]",0,0,0,0,0,0,0,0,0,0,36.97478991596638,36.97478991596638,36.97478991596638,0.0361143403248995,0.0361143403248995
14,120,석수역,2026-09-16 16:00:00,2026-09-16 18:00:00,walk,outside|wd,5,"[108, 25, 12, 13, 24]","[25, 12, 13, 24, 108]","[108, 25, 12, 13, 24]",1,1,1,0,1,1,0,1,21,0,90.75630252100841,0.0,90.75630252100841,0.5085733808618489,0.0017466693048845837
14,120,석수역,2026-09-16 16:00:00,2026-09-16 18:00:00,fare,outside|wd,5,"[108, 25, 13, 24, 12]","[25, 13, 24, 12, 108]","[108, 25, 13, 24, 12]",1,1,1,0,1,1,0,1,21,0,90.75630252100841,0.0,90.75630252100841,0.5085733808618489,0.0017466693048845837
14,120,석수역,2026-09-16 18:00:00,2026-09-16 20:00:00,walk,outside|wd,5,"[108, 25, 12, 13, 24]","[25, 12, 13, 24, 108]","[25, 12, 13, 24, 108]",1,1,1,0,0,1,0,1,21,0,90.75630252100841,0.0,0.0,0.6741234639892416,0.0017768687933021035
14,120,석수역,2026-09-16 18:00:00,2026-09-16 20:00:00,fare,outside|wd,5,"[108, 25, 13, 24, 12]","[25, 13, 24, 12, 108]","[25, 13, 24, 12, 108]",1,1,1,0,0,1,0,1,21,0,90.75630252100841,0.0,0.0,0.6741234639892416,0.0017768687933021035
14,120,석수역,2026-09-16 20:00:00,2026-09-16 22:00:00,walk,outside|wd,5,"[108, 25, 12, 13, 24]","[25, 12, 13, 24, 108]","[25, 12, 13, 24, 108]",1,1,1,0,0,1,0,1,21,0,90.75630252100841,42.3728813559322,42.3728813559322,0.73174698977068,0.001898277029102162
14,120,석수역,2026-09-16 20:00:00,2026-09-16 22:00:00,fare,outside|wd,5,"[108, 25, 13, 24, 12]","[25, 13, 24, 12, 108]","[25, 13, 24, 12, 108]",1,1,1,0,0,1,0,1,21,0,90.75630252100841,42.3728813559322,42.3728813559322,0.73174698977068,0.001898277029102162
14,120,범계역,2026-09-16 12:00:00,2026-09-16 14:00:00,walk,operating|wd,26,"[106, 16, 81, 241, 56, 261, 262, 30, 401, 183, 39, 182, 31, 161, 201, 42, 23, 165, 461, 166, 82, 40, 162, 521, 167, 163]","[106, 16, 81, 241, 56, 261, 262, 30, 401, 183, 39, 182, 31, 161, 201, 42, 23, 165, 461, 166, 82, 40, 162, 521, 167, 163]","[106, 16, 81, 241, 56, 261, 262, 30, 401, 183, 39, 182, 31, 161, 201, 42, 23, 165, 461, 166, 82, 40, 162, 521, 167, 163]",0,0,0,0,0,0,0,0,0,0,61.76470588235294,61.76470588235294,61.76470588235294,0.025476204671134327,0.025476204671134327
14,120,범계역,2026-09-16 12:00:00,2026-09-16 14:00:00,fare,operating|wd,26,"[16, 30, 401, 201, 42, 82, 521, 106, 81, 241, 56, 261, 262, 183, 39, 182, 31, 23, 461, 40, 161, 165, 166, 162, 167, 163]","[16, 30, 401, 201, 42, 82, 521, 106, 81, 241, 56, 261, 262, 183, 39, 182, 31, 23, 461, 40, 161, 165, 166, 162, 167, 163]","[16, 30, 401, 201, 42, 82, 521, 106, 81, 241, 56, 261, 262, 183, 39, 182, 31, 23, 461, 40, 161, 165, 166, 162, 167, 163]",0,0,0,0,0,0,0,0,0,0,6.0529634300126105,6.0529634300126105,6.0529634300126105,0.0014112471357621234,0.0014112471357621234
14,120,안양역,2026-09-16 10:00:00,2026-09-16 12:00:00,walk,operating|wd,11,"[48, 112, 53, 11, 52, 7, 8, 38, 29, 18, 28]","[48, 112, 53, 11, 52, 7, 8, 38, 29, 18, 28]","[112, 11, 7, 8, 38, 29, 18, 28, 48, 53, 52]",0,0,0,0,0,0,0,0,0,0,45.833333333333336,45.833333333333336,29.333333333333332,0.025217902745632605,0.025217902745632605
14,120,안양역,2026-09-16 10:00:00,2026-09-16 12:00:00,fare,operating|wd,11,"[18, 8, 38, 28, 48, 112, 53, 11, 52, 7, 29]","[18, 8, 38, 28, 48, 112, 53, 11, 52, 7, 29]","[18, 8, 38, 28, 112, 11, 7, 29, 48, 53, 52]",0,0,0,0,0,0,0,0,0,0,25.0,25.0,25.0,0.0011595334456666266,0.0011595334456666266
14,120,안양역,2026-09-16 12:00:00,2026-09-16 14:00:00,walk,operating|wd,11,"[48, 112, 53, 11, 52, 7, 8, 38, 29, 18, 28]","[48, 112, 53, 11, 52, 7, 8, 38, 29, 18, 28]","[48, 112, 53, 11, 52, 7, 8, 38, 29, 18, 28]",0,0,0,0,0,0,0,0,0,0,37.5,37.5,37.5,0.010583843399094163,0.010583843399094163
14,120,안양역,2026-09-16 12:00:00,2026-09-16 14:00:00,fare,operating|wd,11,"[18, 8, 38, 28, 48, 112, 53, 11, 52, 7, 29]","[18, 8, 38, 28, 48, 112, 53, 11, 52, 7, 29]","[18, 8, 38, 28, 48, 112, 53, 11, 52, 7, 29]",0,0,0,0,0,0,0,0,0,0,28.571428571428573,28.571428571428573,28.571428571428573,0.0013654673792971382,0.0013654673792971382
14,120,평촌역,2026-09-16 12:00:00,2026-09-16 14:00:00,walk,operating|wd,25,"[16, 31, 106, 162, 166, 241, 163, 161, 167, 164, 37, 172, 168, 169, 27, 165, 261, 170, 262, 56, 171, 10, 21, 81, 34]","[16, 31, 106, 162, 166, 241, 163, 161, 167, 164, 37, 172, 168, 169, 27, 165, 261, 170, 262, 56, 171, 10, 21, 81, 34]","[16, 31, 106, 162, 166, 241, 163, 161, 167, 164, 37, 172, 168, 169, 27, 165, 261, 170, 262, 56, 171, 10, 21, 81, 34]",0,0,0,0,0,0,0,0,0,0,6.0529634300126105,6.0529634300126105,6.0529634300126105,0.0014112471357621234,0.0014112471357621234
14,120,평촌역,2026-09-16 12:00:00,2026-09-16 14:00:00,fare,outside|wd,25,"[10, 16, 37, 27, 21, 34, 31, 106, 241, 172, 261, 262, 56, 81, 162, 166, 163, 161, 167, 164, 168, 169, 165, 170, 171]","[10, 16, 37, 27, 21, 34, 31, 106, 241, 172, 261, 262, 56, 81, 162, 166, 163, 161, 167, 164, 168, 169, 165, 170, 171]","[10, 16, 37, 27, 21, 34, 31, 106, 241, 172, 261, 262, 56, 81, 162, 166, 163, 161, 167, 164, 168, 169, 165, 170, 171]",0,0,0,0,0,0,0,0,0,0,55.494505494505496,55.494505494505496,55.494505494505496,0.011561911535884843,0.011561911535884843
14,120,평촌역,2026-09-16 14:00:00,2026-09-16 16:00:00,walk,operating|wd,25,"[16, 31, 106, 162, 166, 241, 163, 161, 167, 164, 37, 172, 168, 169, 27, 165, 261, 170, 262, 56, 171, 10, 21, 81, 34]","[16, 31, 106, 162, 166, 241, 163, 161, 167, 164, 37, 172, 168, 169, 27, 165, 261, 170, 262, 56, 171, 10, 21, 81, 34]","[16, 31, 106, 162, 166, 241, 163, 161, 167, 164, 37, 172, 168, 169, 27, 165, 261, 170, 262, 56, 171, 10, 21, 81, 34]",0,0,0,0,0,0,0,0,0,0,10.21437578814628,10.21437578814628,10.21437578814628,0.0014205900749407606,0.0014205900749407606
14,120,평촌역,2026-09-16 14:00:00,2026-09-16 16:00:00,fare,outside|wd,25,"[10, 16, 37, 27, 21, 34, 31, 106, 241, 172, 261, 262, 56, 81, 162, 166, 163, 161, 167, 164, 168, 169, 165, 170, 171]","[10, 16, 37, 27, 21, 34, 31, 106, 241, 172, 261, 262, 56, 81, 162, 166, 163, 161, 167, 164, 168, 169, 165, 170, 171]","[10, 16, 37, 27, 21, 34, 31, 106, 241, 172, 261, 262, 56, 81, 162, 166, 163, 161, 167, 164, 168, 169, 165, 170, 171]",0,0,0,0,0,0,0,0,0,0,60.989010989010985,60.989010989010985,60.989010989010985,0.00846321045665527,0.00846321045665527
14,120,인덕원역,2026-09-16 10:00:00,2026-09-16 12:00:00,walk,outside|wd,7,"[10, 172, 27, 171, 170, 164, 34]","[10, 172, 27, 171, 170, 164, 34]","[10, 172, 27, 171, 170, 164, 34]",0,0,0,0,0,0,0,0,0,0,59.34065934065934,59.34065934065934,59.34065934065934,0.015602756967751073,0.015602756967751073
14,120,인덕원역,2026-09-16 10:00:00,2026-09-16 12:00:00,fare,outside|wd,7,"[10, 27, 34, 172, 171, 170, 164]","[10, 27, 34, 172, 171, 170, 164]","[10, 27, 34, 172, 171, 170, 164]",0,0,0,0,0,0,0,0,0,0,59.34065934065934,59.34065934065934,59.34065934065934,0.015602756967751073,0.015602756967751073
14,120,인덕원역,2026-09-16 12:00:00,2026-09-16 14:00:00,walk,outside|wd,7,"[10, 172, 27, 171, 170, 164, 34]","[10, 172, 27, 171, 170, 164, 34]","[10, 172, 27, 171, 170, 164, 34]",0,0,0,0,0,0,0,0,0,0,55.494505494505496,55.494505494505496,55.494505494505496,0.011561911535884843,0.011561911535884843
14,120,인덕원역,2026-09-16 12:00:00,2026-09-16 14:00:00,fare,outside|wd,7,"[10, 27, 34, 172, 171, 170, 164]","[10, 27, 34, 172, 171, 170, 164]","[10, 27, 34, 172, 171, 170, 164]",0,0,0,0,0,0,0,0,0,0,55.494505494505496,55.494505494505496,55.494505494505496,0.011561911535884843,0.011561911535884843
14,120,인덕원역,2026-09-16 14:00:00,2026-09-16 16:00:00,walk,outside|wd,7,"[10, 172, 27, 171, 170, 164, 34]","[10, 172, 27, 171, 170, 164, 34]","[10, 172, 27, 171, 170, 164, 34]",0,0,0,0,0,0,0,0,0,0,60.989010989010985,60.989010989010985,60.989010989010985,0.00846321045665527,0.00846321045665527
14,120,인덕원역,2026-09-16 14:00:00,2026-09-16 16:00:00,fare,outside|wd,7,"[10, 27, 34, 172, 171, 170, 164]","[10, 27, 34, 172, 171, 170, 164]","[10, 27, 34, 172, 171, 170, 164]",0,0,0,0,0,0,0,0,0,0,60.989010989010985,60.989010989010985,60.989010989010985,0.00846321045665527,0.00846321045665527
14,240,안양시청,2026-09-16 10:00:00,2026-09-16 14:00:00,walk,operating|wd,5,"[106, 16, 31, 161, 165]","[106, 16, 31, 161, 165]","[16, 31, 161, 165, 106]",0,0,0,0,0,0,0,0,0,0,61.76470588235294,61.76470588235294,6.0529634300126105,0.2707195923193612,0.2707195923193612
14,240,안양시청,2026-09-16 10:00:00,2026-09-16 14:00:00,fare,operating|wd,5,"[16, 106, 31, 161, 165]","[16, 106, 31, 161, 165]","[16, 31, 161, 165, 106]",0,0,0,0,0,0,0,0,0,0,6.0529634300126105,6.0529634300126105,6.0529634300126105,0.0018400268707412335,0.0018400268707412335
14,240,안양시청,2026-09-16 12:00:00,2026-09-16 16:00:00,walk,operating|wd,5,"[106, 16, 31, 161, 165]","[106, 16, 31, 161, 165]","[106, 16, 31, 161, 165]",0,0,0,0,0,0,0,0,0,0,82.3529411764706,82.3529411764706,82.3529411764706,0.03019002704177194,0.03019002704177194
14,240,안양시청,2026-09-16 12:00:00,2026-09-16 16:00:00,fare,operating|wd,5,"[16, 106, 31, 161, 165]","[16, 106, 31, 161, 165]","[16, 106, 31, 161, 165]",0,0,0,0,0,0,0,0,0,0,10.21437578814628,10.21437578814628,10.21437578814628,0.0020265373407312272,0.0020265373407312272
14,240,석수역,2026-09-16 06:00:00,2026-09-16 10:00:00,walk,operating|wd,5,"[108, 25, 12, 13, 24]","[108, 25, 12, 13, 24]","[25, 12, 13, 24, 108]",0,0,0,0,0,0,0,0,0,0,46.21848739495798,46.21848739495798,27.966101694915253,0.01276113172102147,0.01276113172102147
14,240,석수역,2026-09-16 06:00:00,2026-09-16 10:00:00,fare,operating|wd,5,"[108, 25, 12, 13, 24]","[108, 25, 12, 13, 24]","[25, 12, 13, 24, 108]",0,0,0,0,0,0,0,0,0,0,46.21848739495798,46.21848739495798,27.966101694915253,0.01276113172102147,0.01276113172102147
14,240,석수역,2026-09-16 08:00:00,2026-09-16 12:00:00,walk,operating|wd,5,"[108, 25, 12, 13, 24]","[108, 25, 12, 13, 24]","[25, 12, 13, 24, 108]",0,0,0,0,0,0,0,0,0,0,41.1764705882353,41.1764705882353,16.949152542372882,0.013606080875399185,0.013606080875399185
14,240,석수역,2026-09-16 08:00:00,2026-09-16 12:00:00,fare,operating|wd,5,"[108, 25, 12, 13, 24]","[108, 25, 12, 13, 24]","[25, 12, 13, 24, 108]",0,0,0,0,0,0,0,0,0,0,41.1764705882353,41.1764705882353,16.949152542372882,0.013606080875399185,0.013606080875399185
14,240,석수역,2026-09-16 10:00:00,2026-09-16 14:00:00,walk,operating|wd,5,"[108, 25, 12, 13, 24]","[108, 25, 12, 13, 24]","[108, 25, 12, 13, 24]",0,0,0,0,0,0,0,0,0,0,38.65546218487395,38.65546218487395,38.65546218487395,0.027697367144835533,0.027697367144835533
14,240,석수역,2026-09-16 10:00:00,2026-09-16 14:00:00,fare,operating|wd,5,"[108, 25, 12, 13, 24]","[108, 25, 12, 13, 24]","[108, 25, 12, 13, 24]",0,0,0,0,0,0,0,0,0,0,38.65546218487395,38.65546218487395,38.65546218487395,0.027697367144835533,0.027697367144835533
14,240,석수역,2026-09-16 12:00:00,2026-09-16 16:00:00,walk,operating|wd,5,"[108, 25, 12, 13, 24]","[108, 25, 12, 13, 24]","[108, 25, 12, 13, 24]",0,0,0,0,0,0,0,0,0,0,36.97478991596638,36.97478991596638,36.97478991596638,0.03815937303290907,0.03815937303290907
14,240,석수역,2026-09-16 12:00:00,2026-09-16 16:00:00,fare,operating|wd,5,"[108, 25, 12, 13, 24]","[108, 25, 12, 13, 24]","[108, 25, 12, 13, 24]",0,0,0,0,0,0,0,0,0,0,36.97478991596638,36.97478991596638,36.97478991596638,0.03815937303290907,0.03815937303290907
14,240,석수역,2026-09-16 14:00:00,2026-09-16 18:00:00,walk,outside|wd,5,"[108, 25, 12, 13, 24]","[108, 25, 12, 13, 24]","[108, 25, 12, 13, 24]",0,0,1,1,1,0,0,0,0,0,90.75630252100841,90.75630252100841,90.75630252100841,0.3573263979091253,0.3573263979091253
14,240,석수역,2026-09-16 14:00:00,2026-09-16 18:00:00,fare,outside|wd,5,"[108, 25, 13, 24, 12]","[108, 25, 13, 24, 12]","[108, 25, 13, 24, 12]",0,0,1,1,1,0,0,0,0,0,90.75630252100841,90.75630252100841,90.75630252100841,0.3573263979091253,0.3573263979091253
14,240,석수역,2026-09-16 16:00:00,2026-09-16 20:00:00,walk,outside|wd,5,"[108, 25, 12, 13, 24]","[108, 25, 12, 13, 24]","[108, 25, 12, 13, 24]",0,0,1,1,1,0,0,0,0,0,90.75630252100841,90.75630252100841,90.75630252100841,0.25369107703240174,0.25369107703240174
14,240,석수역,2026-09-16 16:00:00,2026-09-16 20:00:00,fare,outside|wd,5,"[108, 25, 13, 24, 12]","[108, 25, 13, 24, 12]","[108, 25, 13, 24, 12]",0,0,1,1,1,0,0,0,0,0,90.75630252100841,90.75630252100841,90.75630252100841,0.25369107703240174,0.25369107703240174
14,240,석수역,2026-09-16 18:00:00,2026-09-16 22:00:00,walk,outside|wd,5,"[108, 25, 12, 13, 24]","[25, 12, 13, 24, 108]","[25, 12, 13, 24, 108]",1,1,1,0,0,1,0,1,21,0,90.75630252100841,42.3728813559322,42.3728813559322,0.5060350378172432,0.0022691915535588943
14,240,석수역,2026-09-16 18:00:00,2026-09-16 22:00:00,fare,outside|wd,5,"[108, 25, 13, 24, 12]","[25, 13, 24, 12, 108]","[25, 13, 24, 12, 108]",1,1,1,0,0,1,0,1,21,0,90.75630252100841,42.3728813559322,42.3728813559322,0.5060350378172432,0.0022691915535588943
14,240,안양역,2026-09-16 10:00:00,2026-09-16 14:00:00,walk,operating|wd,11,"[48, 112, 53, 11, 52, 7, 8, 38, 29, 18, 28]","[48, 112, 53, 11, 52, 7, 8, 38, 29, 18, 28]","[112, 11, 7, 8, 38, 29, 18, 28, 48, 53, 52]",0,0,0,0,0,0,0,0,0,0,37.5,37.5,36.0,0.01008132728943846,0.01008132728943846
14,240,안양역,2026-09-16 10:00:00,2026-09-16 14:00:00,fare,operating|wd,11,"[18, 8, 38, 28, 48, 112, 53, 11, 52, 7, 29]","[18, 8, 38, 28, 48, 112, 53, 11, 52, 7, 29]","[18, 8, 38, 28, 112, 11, 7, 29, 48, 53, 52]",0,0,0,0,0,0,0,0,0,0,28.571428571428573,28.571428571428573,28.571428571428573,0.0019029757315043969,0.0019029757315043969
14,240,평촌역,2026-09-16 12:00:00,2026-09-16 16:00:00,walk,operating|wd,25,"[16, 31, 106, 162, 166, 241, 163, 161, 167, 164, 37, 172, 168, 169, 27, 165, 261, 170, 262, 56, 171, 10, 21, 81, 34]","[16, 31, 106, 162, 166, 241, 163, 161, 167, 164, 37, 172, 168, 169, 27, 165, 261, 170, 262, 56, 171, 10, 21, 81, 34]","[16, 31, 106, 162, 166, 241, 163, 161, 167, 164, 37, 172, 168, 169, 27, 165, 261, 170, 262, 56, 171, 10, 21, 81, 34]",0,0,0,0,0,0,0,0,0,0,10.21437578814628,10.21437578814628,10.21437578814628,0.0020265373407312272,0.0020265373407312272
14,240,평촌역,2026-09-16 12:00:00,2026-09-16 16:00:00,fare,outside|wd,25,"[10, 16, 37, 27, 21, 34, 31, 106, 241, 172, 261, 262, 56, 81, 162, 166, 163, 161, 167, 164, 168, 169, 165, 170, 171]","[10, 16, 37, 27, 21, 34, 31, 106, 241, 172, 261, 262, 56, 81, 162, 166, 163, 161, 167, 164, 168, 169, 165, 170, 171]","[10, 16, 37, 27, 21, 34, 31, 106, 241, 172, 261, 262, 56, 81, 162, 166, 163, 161, 167, 164, 168, 169, 165, 170, 171]",0,0,0,0,0,0,0,0,0,0,60.989010989010985,60.989010989010985,60.989010989010985,0.01455241403675995,0.01455241403675995
14,240,인덕원역,2026-09-16 10:00:00,2026-09-16 14:00:00,walk,outside|wd,7,"[10, 172, 27, 171, 170, 164, 34]","[10, 172, 27, 171, 170, 164, 34]","[10, 172, 27, 171, 170, 164, 34]",0,0,0,0,0,0,0,0,0,0,55.494505494505496,55.494505494505496,55.494505494505496,0.01762081945355182,0.01762081945355182
14,240,인덕원역,2026-09-16 10:00:00,2026-09-16 14:00:00,fare,outside|wd,7,"[10, 27, 34, 172, 171, 170, 164]","[10, 27, 34, 172, 171, 170, 164]","[10, 27, 34, 172, 171, 170, 164]",0,0,0,0,0,0,0,0,0,0,55.494505494505496,55.494505494505496,55.494505494505496,0.01762081945355182,0.01762081945355182
14,240,인덕원역,2026-09-16 12:00:00,2026-09-16 16:00:00,walk,outside|wd,7,"[10, 172, 27, 171, 170, 164, 34]","[10, 172, 27, 171, 170, 164, 34]","[10, 172, 27, 171, 170, 164, 34]",0,0,0,0,0,0,0,0,0,0,60.989010989010985,60.989010989010985,60.989010989010985,0.01455241403675995,0.01455241403675995
14,240,인덕원역,2026-09-16 12:00:00,2026-09-16 16:00:00,fare,outside|wd,7,"[10, 27, 34, 172, 171, 170, 164]","[10, 27, 34, 172, 171, 170, 164]","[10, 27, 34, 172, 171, 170, 164]",0,0,0,0,0,0,0,0,0,0,60.989010989010985,60.989010989010985,60.989010989010985,0.01455241403675995,0.01455241403675995
14,360,안양시청,2026-09-16 10:00:00,2026-09-16 16:00:00,walk,operating|wd,5,"[106, 16, 31, 161, 165]","[106, 16, 31, 161, 165]","[16, 31, 161, 165, 106]",0,0,0,0,0,0,0,0,0,0,82.3529411764706,82.3529411764706,10.21437578814628,0.28392589673381075,0.28392589673381075
14,360,안양시청,2026-09-16 10:00:00,2026-09-16 16:00:00,fare,operating|wd,5,"[16, 106, 31, 161, 165]","[16, 106, 31, 161, 165]","[16, 31, 161, 165, 106]",0,0,0,0,0,0,0,0,0,0,10.21437578814628,10.21437578814628,10.21437578814628,0.0022743405650763404,0.0022743405650763404
14,360,석수역,2026-09-16 06:00:00,2026-09-16 12:00:00,walk,operating|wd,5,"[108, 25, 12, 13, 24]","[108, 25, 12, 13, 24]","[25, 12, 13, 24, 108]",0,0,0,0,0,0,0,0,0,0,41.1764705882353,41.1764705882353,16.949152542372882,0.01893061623221383,0.01893061623221383
14,360,석수역,2026-09-16 06:00:00,2026-09-16 12:00:00,fare,operating|wd,5,"[108, 25, 12, 13, 24]","[108, 25, 12, 13, 24]","[25, 12, 13, 24, 108]",0,0,0,0,0,0,0,0,0,0,41.1764705882353,41.1764705882353,16.949152542372882,0.01893061623221383,0.01893061623221383
14,360,석수역,2026-09-16 08:00:00,2026-09-16 14:00:00,walk,operating|wd,5,"[108, 25, 12, 13, 24]","[108, 25, 12, 13, 24]","[25, 12, 13, 24, 108]",0,0,0,0,0,0,0,0,0,0,38.65546218487395,38.65546218487395,9.322033898305085,0.023100229827010495,0.023100229827010495
14,360,석수역,2026-09-16 08:00:00,2026-09-16 14:00:00,fare,operating|wd,5,"[108, 25, 12, 13, 24]","[108, 25, 12, 13, 24]","[25, 12, 13, 24, 108]",0,0,0,0,0,0,0,0,0,0,38.65546218487395,38.65546218487395,9.322033898305085,0.023100229827010495,0.023100229827010495
14,360,석수역,2026-09-16 10:00:00,2026-09-16 16:00:00,walk,operating|wd,5,"[108, 25, 12, 13, 24]","[108, 25, 12, 13, 24]","[108, 25, 12, 13, 24]",0,0,0,0,0,0,0,0,0,0,36.97478991596638,36.97478991596638,36.97478991596638,0.07150556360779833,0.07150556360779833
14,360,석수역,2026-09-16 10:00:00,2026-09-16 16:00:00,fare,operating|wd,5,"[108, 25, 12, 13, 24]","[108, 25, 12, 13, 24]","[108, 25, 12, 13, 24]",0,0,0,0,0,0,0,0,0,0,36.97478991596638,36.97478991596638,36.97478991596638,0.07150556360779833,0.07150556360779833
14,360,석수역,2026-09-16 12:00:00,2026-09-16 18:00:00,walk,outside|wd,5,"[108, 25, 12, 13, 24]","[108, 25, 12, 13, 24]","[108, 25, 12, 13, 24]",0,0,1,1,1,0,0,0,0,0,90.75630252100841,90.75630252100841,90.75630252100841,0.44329923943193056,0.44329923943193056
14,360,석수역,2026-09-16 12:00:00,2026-09-16 18:00:00,fare,outside|wd,5,"[108, 25, 13, 24, 12]","[108, 25, 13, 24, 12]","[108, 25, 13, 24, 12]",0,0,1,1,1,0,0,0,0,0,90.75630252100841,90.75630252100841,90.75630252100841,0.44329923943193056,0.44329923943193056
14,360,석수역,2026-09-16 14:00:00,2026-09-16 20:00:00,walk,outside|wd,5,"[108, 25, 12, 13, 24]","[108, 25, 12, 13, 24]","[108, 25, 12, 13, 24]",0,0,1,1,1,0,0,0,0,0,90.75630252100841,90.75630252100841,90.75630252100841,0.3711443210165722,0.3711443210165722
14,360,석수역,2026-09-16 14:00:00,2026-09-16 20:00:00,fare,outside|wd,5,"[108, 25, 13, 24, 12]","[108, 25, 13, 24, 12]","[108, 25, 13, 24, 12]",0,0,1,1,1,0,0,0,0,0,90.75630252100841,90.75630252100841,90.75630252100841,0.3711443210165722,0.3711443210165722
14,360,석수역,2026-09-16 16:00:00,2026-09-16 22:00:00,walk,outside|wd,5,"[108, 25, 12, 13, 24]","[108, 25, 12, 13, 24]","[108, 25, 12, 13, 24]",0,0,1,1,1,0,0,0,0,0,90.75630252100841,90.75630252100841,90.75630252100841,0.27677272188314833,0.27677272188314833
14,360,석수역,2026-09-16 16:00:00,2026-09-16 22:00:00,fare,outside|wd,5,"[108, 25, 13, 24, 12]","[108, 25, 13, 24, 12]","[108, 25, 13, 24, 12]",0,0,1,1,1,0,0,0,0,0,90.75630252100841,90.75630252100841,90.75630252100841,0.27677272188314833,0.27677272188314833
14,360,인덕원역,2026-09-16 10:00:00,2026-09-16 16:00:00,walk,outside|wd,7,"[10, 172, 27, 171, 170, 164, 34]","[10, 172, 27, 171, 170, 164, 34]","[10, 172, 27, 171, 170, 164, 34]",0,0,0,0,0,0,0,0,0,0,60.989010989010985,60.989010989010985,60.989010989010985,0.010795875511908942,0.010795875511908942
14,360,인덕원역,2026-09-16 10:00:00,2026-09-16 16:00:00,fare,outside|wd,7,"[10, 27, 34, 172, 171, 170, 164]","[10, 27, 34, 172, 171, 170, 164]","[10, 27, 34, 172, 171, 170, 164]",0,0,0,0,0,0,0,0,0,0,60.989010989010985,60.989010989010985,60.989010989010985,0.010795875511908942,0.010795875511908942
15,15,안양시청,2026-09-17 10:00:00,2026-09-17 10:15:00,walk,operating|wd,5,"[106, 16, 31, 161, 165]","[16, 31, 161, 165, 106]","[16, 31, 161, 165, 106]",1,1,0,0,0,0,0,0,1,-500,88.23529411764706,13.366960907944515,13.366960907944515,0.8005964189787153,4.8821654671724125e-05
15,15,안양시청,2026-09-17 10:00:00,2026-09-17 10:15:00,fare,operating|wd,5,"[16, 106, 31, 161, 165]","[16, 31, 161, 165, 106]","[16, 31, 161, 165, 106]",1,0,0,0,0,0,0,0,0,0,13.366960907944515,13.366960907944515,13.366960907944515,4.8821654671724125e-05,4.8821654671724125e-05
15,15,안양시청,2026-09-17 12:00:00,2026-09-17 12:15:00,walk,operating|wd,5,"[106, 16, 31, 161, 165]","[106, 16, 31, 161, 165]","[106, 16, 31, 161, 165]",0,0,0,0,0,0,0,0,0,0,88.23529411764706,88.23529411764706,88.23529411764706,0.007577322308580557,0.007577322308580557
15,15,안양시청,2026-09-17 12:00:00,2026-09-17 12:15:00,fare,operating|wd,5,"[16, 106, 31, 161, 165]","[16, 106, 31, 161, 165]","[16, 106, 31, 161, 165]",0,0,0,0,0,0,0,0,0,0,11.727616645649432,11.727616645649432,11.727616645649432,5.22663875565432e-05,5.22663875565432e-05
15,15,안양시청,2026-09-17 14:00:00,2026-09-17 14:15:00,walk,operating|wd,5,"[106, 16, 31, 161, 165]","[106, 16, 31, 161, 165]","[106, 16, 31, 161, 165]",0,0,0,0,0,0,0,0,0,0,85.29411764705883,85.29411764705883,85.29411764705883,0.00527281317878093,0.00527281317878093
15,15,안양시청,2026-09-17 14:00:00,2026-09-17 14:15:00,fare,operating|wd,5,"[16, 106, 31, 161, 165]","[16, 106, 31, 161, 165]","[16, 106, 31, 161, 165]",0,0,0,0,0,0,0,0,0,0,12.736443883984867,12.736443883984867,12.736443883984867,5.399316524059918e-05,5.399316524059918e-05
15,15,안양시청,2026-09-17 16:00:00,2026-09-17 16:15:00,walk,operating|wd,5,"[106, 16, 31, 161, 165]","[106, 16, 31, 161, 165]","[106, 16, 31, 161, 165]",0,0,0,0,0,0,0,0,0,0,85.29411764705883,85.29411764705883,85.29411764705883,0.005449884353604872,0.005449884353604872
15,15,안양시청,2026-09-17 16:00:00,2026-09-17 16:15:00,fare,operating|wd,5,"[16, 106, 31, 161, 165]","[16, 106, 31, 161, 165]","[16, 106, 31, 161, 165]",0,0,0,0,0,0,0,0,0,0,17.528373266078184,17.528373266078184,17.528373266078184,5.432765799892862e-05,5.432765799892862e-05
15,15,석수역,2026-09-17 06:00:00,2026-09-17 06:15:00,walk,outside|wd,5,"[108, 25, 12, 13, 24]","[25, 12, 13, 24, 108]","[25, 12, 13, 24, 108]",1,1,1,0,0,1,0,1,21,0,97.47899159663865,57.6271186440678,57.6271186440678,0.9957317929709845,9.67012437787574e-05
15,15,석수역,2026-09-17 06:00:00,2026-09-17 06:15:00,fare,outside|wd,5,"[108, 25, 13, 24, 12]","[25, 13, 24, 12, 108]","[25, 13, 24, 12, 108]",1,1,1,0,0,1,0,1,21,0,97.47899159663865,57.6271186440678,57.6271186440678,0.9957317929709845,9.67012437787574e-05
15,15,석수역,2026-09-17 08:00:00,2026-09-17 08:15:00,walk,outside|wd,5,"[108, 25, 12, 13, 24]","[25, 12, 13, 24, 108]","[25, 12, 13, 24, 108]",1,1,1,0,0,1,0,1,21,0,94.95798319327731,46.610169491525426,46.610169491525426,0.9971310558463491,8.46202264409908e-05
15,15,석수역,2026-09-17 08:00:00,2026-09-17 08:15:00,fare,outside|wd,5,"[108, 25, 13, 24, 12]","[25, 13, 24, 12, 108]","[25, 13, 24, 12, 108]",1,1,1,0,0,1,0,1,21,0,94.95798319327731,46.610169491525426,46.610169491525426,0.9971310558463491,8.46202264409908e-05
15,15,석수역,2026-09-17 10:00:00,2026-09-17 10:15:00,walk,operating|wd,5,"[108, 25, 12, 13, 24]","[108, 25, 12, 13, 24]","[108, 25, 12, 13, 24]",0,0,0,0,0,0,0,0,0,0,42.857142857142854,42.857142857142854,42.857142857142854,0.0005506629261493834,0.0005506629261493834
15,15,석수역,2026-09-17 10:00:00,2026-09-17 10:15:00,fare,operating|wd,5,"[108, 25, 12, 13, 24]","[108, 25, 12, 13, 24]","[108, 25, 12, 13, 24]",0,0,0,0,0,0,0,0,0,0,42.857142857142854,42.857142857142854,42.857142857142854,0.0005506629261493834,0.0005506629261493834
15,15,석수역,2026-09-17 12:00:00,2026-09-17 12:15:00,walk,operating|wd,5,"[108, 25, 12, 13, 24]","[108, 25, 12, 13, 24]","[108, 25, 12, 13, 24]",0,0,0,0,0,0,0,0,0,0,42.857142857142854,42.857142857142854,42.857142857142854,0.008840449858193634,0.008840449858193634
15,15,석수역,2026-09-17 12:00:00,2026-09-17 12:15:00,fare,operating|wd,5,"[108, 25, 12, 13, 24]","[108, 25, 12, 13, 24]","[108, 25, 12, 13, 24]",0,0,0,0,0,0,0,0,0,0,42.857142857142854,42.857142857142854,42.857142857142854,0.008840449858193634,0.008840449858193634
15,15,석수역,2026-09-17 14:00:00,2026-09-17 14:15:00,walk,operating|wd,5,"[108, 25, 12, 13, 24]","[108, 25, 12, 13, 24]","[108, 25, 12, 13, 24]",0,0,0,0,0,0,0,0,0,0,47.89915966386555,47.89915966386555,47.89915966386555,0.0005204865416551958,0.0005204865416551958
15,15,석수역,2026-09-17 14:00:00,2026-09-17 14:15:00,fare,operating|wd,5,"[108, 25, 12, 13, 24]","[108, 25, 12, 13, 24]","[108, 25, 12, 13, 24]",0,0,0,0,0,0,0,0,0,0,47.89915966386555,47.89915966386555,47.89915966386555,0.0005204865416551958,0.0005204865416551958
15,15,석수역,2026-09-17 16:00:00,2026-09-17 16:15:00,walk,operating|wd,5,"[108, 25, 12, 13, 24]","[108, 25, 12, 13, 24]","[108, 25, 12, 13, 24]",0,0,0,0,0,0,0,0,0,0,48.739495798319325,48.739495798319325,48.739495798319325,0.0025368763382908307,0.0025368763382908307
15,15,석수역,2026-09-17 16:00:00,2026-09-17 16:15:00,fare,operating|wd,5,"[108, 25, 13, 24, 12]","[108, 25, 13, 24, 12]","[108, 25, 13, 24, 12]",0,0,0,0,0,0,0,0,0,0,48.739495798319325,48.739495798319325,48.739495798319325,0.0025368763382908307,0.0025368763382908307
15,15,석수역,2026-09-17 18:00:00,2026-09-17 18:15:00,walk,outside|wd,5,"[108, 25, 12, 13, 24]","[25, 12, 13, 24, 108]","[25, 12, 13, 24, 108]",1,1,1,0,0,1,0,1,21,0,94.95798319327731,9.322033898305085,9.322033898305085,0.9977108547154749,8.721290311341525e-05
15,15,석수역,2026-09-17 18:00:00,2026-09-17 18:15:00,fare,outside|wd,5,"[108, 25, 13, 24, 12]","[25, 13, 24, 12, 108]","[25, 13, 24, 12, 108]",1,1,1,0,0,1,0,1,21,0,94.95798319327731,9.322033898305085,9.322033898305085,0.9977108547154749,8.721290311341525e-05
15,15,석수역,2026-09-17 20:00:00,2026-09-17 20:15:00,walk,outside|wd,5,"[108, 25, 12, 13, 24]","[25, 12, 13, 24, 108]","[25, 12, 13, 24, 108]",1,1,1,0,0,1,0,1,21,0,94.95798319327731,5.932203389830509,5.932203389830509,0.9976421461411014,7.61647765350483e-05
15,15,석수역,2026-09-17 20:00:00,2026-09-17 20:15:00,fare,outside|wd,5,"[108, 25, 13, 24, 12]","[25, 13, 24, 12, 108]","[25, 13, 24, 12, 108]",1,1,1,0,0,1,0,1,21,0,94.95798319327731,5.932203389830509,5.932203389830509,0.9976421461411014,7.61647765350483e-05
15,15,석수역,2026-09-17 22:00:00,2026-09-17 22:15:00,walk,outside|wd,5,"[108, 25, 12, 13, 24]","[25, 12, 13, 24, 108]","[25, 12, 13, 24, 108]",1,1,1,0,0,1,0,1,21,0,94.95798319327731,18.64406779661017,18.64406779661017,0.998419333717476,9.753387020036411e-05
15,15,석수역,2026-09-17 22:00:00,2026-09-17 22:15:00,fare,outside|wd,5,"[108, 25, 13, 24, 12]","[25, 13, 24, 12, 108]","[25, 13, 24, 12, 108]",1,1,1,0,0,1,0,1,21,0,94.95798319327731,18.64406779661017,18.64406779661017,0.998419333717476,9.753387020036411e-05
15,15,범계역,2026-09-17 12:00:00,2026-09-17 12:15:00,walk,operating|wd,26,"[106, 16, 81, 241, 56, 261, 262, 30, 401, 183, 39, 182, 31, 161, 201, 42, 23, 165, 461, 166, 82, 40, 162, 521, 167, 163]","[106, 16, 81, 241, 56, 261, 262, 30, 401, 183, 39, 182, 31, 161, 201, 42, 23, 165, 461, 166, 82, 40, 162, 521, 167, 163]","[106, 16, 81, 241, 56, 261, 262, 30, 401, 183, 39, 182, 31, 161, 201, 42, 23, 165, 461, 166, 82, 40, 162, 521, 167, 163]",0,0,0,0,0,0,0,0,0,0,88.23529411764706,88.23529411764706,88.23529411764706,0.007577322308580557,0.007577322308580557
15,15,범계역,2026-09-17 12:00:00,2026-09-17 12:15:00,fare,operating|wd,26,"[16, 30, 401, 201, 42, 82, 521, 106, 81, 241, 56, 261, 262, 183, 39, 182, 31, 23, 461, 40, 161, 165, 166, 162, 167, 163]","[16, 30, 401, 201, 42, 82, 521, 106, 81, 241, 56, 261, 262, 183, 39, 182, 31, 23, 461, 40, 161, 165, 166, 162, 167, 163]","[16, 30, 401, 201, 42, 82, 521, 106, 81, 241, 56, 261, 262, 183, 39, 182, 31, 23, 461, 40, 161, 165, 166, 162, 167, 163]",0,0,0,0,0,0,0,0,0,0,11.727616645649432,11.727616645649432,11.727616645649432,5.22663875565432e-05,5.22663875565432e-05
15,15,범계역,2026-09-17 14:00:00,2026-09-17 14:15:00,walk,operating|wd,26,"[106, 16, 81, 241, 56, 261, 262, 30, 401, 183, 39, 182, 31, 161, 201, 42, 23, 165, 461, 166, 82, 40, 162, 521, 167, 163]","[106, 16, 81, 241, 56, 261, 262, 30, 401, 183, 39, 182, 31, 161, 201, 42, 23, 165, 461, 166, 82, 40, 162, 521, 167, 163]","[106, 16, 81, 241, 56, 261, 262, 30, 401, 183, 39, 182, 31, 161, 201, 42, 23, 165, 461, 166, 82, 40, 162, 521, 167, 163]",0,0,0,0,0,0,0,0,0,0,85.29411764705883,85.29411764705883,85.29411764705883,0.00527281317878093,0.00527281317878093
15,15,범계역,2026-09-17 14:00:00,2026-09-17 14:15:00,fare,operating|wd,26,"[16, 30, 401, 201, 42, 82, 521, 106, 81, 241, 56, 261, 262, 183, 39, 182, 31, 23, 461, 40, 161, 165, 166, 162, 167, 163]","[16, 30, 401, 201, 42, 82, 521, 106, 81, 241, 56, 261, 262, 183, 39, 182, 31, 23, 461, 40, 161, 165, 166, 162, 167, 163]","[16, 30, 401, 201, 42, 82, 521, 106, 81, 241, 56, 261, 262, 183, 39, 182, 31, 23, 461, 40, 161, 165, 166, 162, 167, 163]",0,0,0,0,0,0,0,0,0,0,12.736443883984867,12.736443883984867,12.736443883984867,5.399316524059918e-05,5.399316524059918e-05
15,15,안양역,2026-09-17 10:00:00,2026-09-17 10:15:00,walk,operating|wd,11,"[48, 112, 53, 11, 52, 7, 8, 38, 29, 18, 28]","[48, 112, 53, 11, 52, 7, 8, 38, 29, 18, 28]","[48, 112, 53, 11, 7, 8, 38, 29, 18, 28, 52]",0,0,0,0,0,0,0,0,0,0,33.333333333333336,33.333333333333336,33.333333333333336,0.019072080059671613,0.019072080059671613
15,15,안양역,2026-09-17 10:00:00,2026-09-17 10:15:00,fare,operating|wd,11,"[18, 8, 38, 28, 48, 112, 53, 11, 52, 7, 29]","[18, 8, 38, 28, 48, 112, 53, 11, 52, 7, 29]","[18, 8, 38, 28, 48, 112, 53, 11, 7, 29, 52]",0,0,0,0,0,0,0,0,0,0,39.285714285714285,39.285714285714285,39.285714285714285,7.651219356480369e-05,7.651219356480369e-05
15,15,안양역,2026-09-17 12:00:00,2026-09-17 12:15:00,walk,operating|wd,11,"[48, 112, 53, 11, 52, 7, 8, 38, 29, 18, 28]","[48, 112, 53, 11, 52, 7, 8, 38, 29, 18, 28]","[48, 112, 53, 11, 52, 7, 8, 38, 29, 18, 28]",0,0,0,0,0,0,0,0,0,0,20.833333333333332,20.833333333333332,20.833333333333332,0.0001857605664658102,0.0001857605664658102
15,15,안양역,2026-09-17 12:00:00,2026-09-17 12:15:00,fare,operating|wd,11,"[18, 8, 38, 28, 48, 112, 53, 11, 52, 7, 29]","[18, 8, 38, 28, 48, 112, 53, 11, 52, 7, 29]","[18, 8, 38, 28, 48, 112, 53, 11, 52, 7, 29]",0,0,0,0,0,0,0,0,0,0,26.785714285714285,26.785714285714285,26.785714285714285,6.335820733093485e-05,6.335820733093485e-05
15,15,안양역,2026-09-17 14:00:00,2026-09-17 14:15:00,walk,operating|wd,11,"[48, 112, 53, 11, 52, 7, 8, 38, 29, 18, 28]","[48, 112, 53, 11, 52, 7, 8, 38, 29, 18, 28]","[48, 112, 53, 11, 52, 7, 8, 38, 29, 18, 28]",0,0,0,0,0,0,0,0,0,0,29.166666666666668,29.166666666666668,29.166666666666668,7.481442255446598e-05,7.481442255446598e-05
15,15,안양역,2026-09-17 14:00:00,2026-09-17 14:15:00,fare,operating|wd,11,"[18, 8, 38, 28, 48, 112, 53, 11, 52, 7, 29]","[18, 8, 38, 28, 48, 112, 53, 11, 52, 7, 29]","[18, 8, 38, 28, 48, 112, 53, 11, 52, 7, 29]",0,0,0,0,0,0,0,0,0,0,25.0,25.0,25.0,6.829057523267483e-05,6.829057523267483e-05
15,15,평촌역,2026-09-17 12:00:00,2026-09-17 12:15:00,walk,operating|wd,25,"[16, 31, 106, 162, 166, 241, 163, 161, 167, 164, 37, 172, 168, 169, 27, 165, 261, 170, 262, 56, 171, 10, 21, 81, 34]","[16, 31, 106, 162, 166, 241, 163, 161, 167, 164, 37, 172, 168, 169, 27, 165, 261, 170, 262, 56, 171, 10, 21, 81, 34]","[16, 31, 106, 162, 166, 241, 163, 161, 167, 164, 37, 172, 168, 169, 27, 165, 261, 170, 262, 56, 171, 10, 21, 81, 34]",0,0,0,0,0,0,0,0,0,0,11.727616645649432,11.727616645649432,11.727616645649432,5.22663875565432e-05,5.22663875565432e-05
15,15,평촌역,2026-09-17 12:00:00,2026-09-17 12:15:00,fare,outside|wd,25,"[10, 16, 37, 27, 21, 34, 31, 106, 241, 172, 261, 262, 56, 81, 162, 166, 163, 161, 167, 164, 168, 169, 165, 170, 171]","[10, 16, 37, 27, 21, 34, 31, 106, 241, 172, 261, 262, 56, 81, 162, 166, 163, 161, 167, 164, 168, 169, 165, 170, 171]","[10, 16, 37, 27, 21, 34, 31, 106, 241, 172, 261, 262, 56, 81, 162, 166, 163, 161, 167, 164, 168, 169, 165, 170, 171]",0,0,0,0,0,0,0,0,0,0,58.79120879120879,58.79120879120879,58.79120879120879,0.0001394349377416998,0.0001394349377416998
15,15,평촌역,2026-09-17 14:00:00,2026-09-17 14:15:00,walk,operating|wd,25,"[16, 31, 106, 162, 166, 241, 163, 161, 167, 164, 37, 172, 168, 169, 27, 165, 261, 170, 262, 56, 171, 10, 21, 81, 34]","[16, 31, 106, 162, 166, 241, 163, 161, 167, 164, 37, 172, 168, 169, 27, 165, 261, 170, 262, 56, 171, 10, 21, 81, 34]","[16, 31, 106, 162, 166, 241, 163, 161, 167, 164, 37, 172, 168, 169, 27, 165, 261, 170, 262, 56, 171, 10, 21, 81, 34]",0,0,0,0,0,0,0,0,0,0,12.736443883984867,12.736443883984867,12.736443883984867,5.399316524059918e-05,5.399316524059918e-05
15,15,평촌역,2026-09-17 14:00:00,2026-09-17 14:15:00,fare,outside|wd,25,"[10, 16, 37, 27, 21, 34, 31, 106, 241, 172, 261, 262, 56, 81, 162, 166, 163, 161, 167, 164, 168, 169, 165, 170, 171]","[10, 16, 37, 27, 21, 34, 31, 106, 241, 172, 261, 262, 56, 81, 162, 166, 163, 161, 167, 164, 168, 169, 165, 170, 171]","[10, 16, 37, 27, 21, 34, 31, 106, 241, 172, 261, 262, 56, 81, 162, 166, 163, 161, 167, 164, 168, 169, 165, 170, 171]",0,0,0,0,0,0,0,0,0,0,50.54945054945055,50.54945054945055,50.54945054945055,0.00013659274070014097,0.00013659274070014097
15,15,평촌역,2026-09-17 16:00:00,2026-09-17 16:15:00,walk,operating|wd,25,"[16, 31, 106, 162, 166, 241, 163, 161, 167, 164, 37, 172, 168, 169, 27, 165, 261, 170, 262, 56, 171, 10, 21, 81, 34]","[16, 31, 106, 162, 166, 241, 163, 161, 167, 164, 37, 172, 168, 169, 27, 165, 261, 170, 262, 56, 171, 10, 21, 81, 34]","[16, 31, 106, 162, 166, 241, 163, 161, 167, 164, 37, 172, 168, 169, 27, 165, 261, 170, 262, 56, 171, 10, 21, 81, 34]",0,0,0,0,0,0,0,0,0,0,17.528373266078184,17.528373266078184,17.528373266078184,5.432765799892862e-05,5.432765799892862e-05
15,15,평촌역,2026-09-17 16:00:00,2026-09-17 16:15:00,fare,outside|wd,25,"[10, 16, 37, 27, 21, 34, 81, 31, 106, 241, 172, 261, 262, 56, 162, 166, 163, 161, 167, 164, 168, 169, 165, 170, 171]","[10, 16, 37, 27, 21, 34, 81, 31, 106, 241, 172, 261, 262, 56, 162, 166, 163, 161, 167, 164, 168, 169, 165, 170, 171]","[10, 16, 37, 27, 21, 34, 81, 31, 106, 241, 172, 261, 262, 56, 162, 166, 163, 161, 167, 164, 168, 169, 165, 170, 171]",0,0,0,0,0,0,0,0,0,0,54.94505494505494,54.94505494505494,54.94505494505494,0.00019199683938018054,0.00019199683938018054
15,15,인덕원역,2026-09-17 10:00:00,2026-09-17 10:15:00,walk,outside|wd,7,"[10, 172, 27, 171, 170, 164, 34]","[10, 172, 27, 171, 170, 164, 34]","[10, 172, 27, 171, 170, 164, 34]",0,0,0,0,0,0,0,0,0,0,69.78021978021978,69.78021978021978,69.78021978021978,0.00027262920761574175,0.00027262920761574175
15,15,인덕원역,2026-09-17 10:00:00,2026-09-17 10:15:00,fare,outside|wd,7,"[10, 27, 34, 172, 171, 170, 164]","[10, 27, 34, 172, 171, 170, 164]","[10, 27, 34, 172, 171, 170, 164]",0,0,0,0,0,0,0,0,0,0,69.78021978021978,69.78021978021978,69.78021978021978,0.00027262920761574175,0.00027262920761574175
15,15,인덕원역,2026-09-17 12:00:00,2026-09-17 12:15:00,walk,outside|wd,7,"[10, 172, 27, 171, 170, 164, 34]","[10, 172, 27, 171, 170, 164, 34]","[10, 172, 27, 171, 170, 164, 34]",0,0,0,0,0,0,0,0,0,0,58.79120879120879,58.79120879120879,58.79120879120879,0.0001394349377416998,0.0001394349377416998
15,15,인덕원역,2026-09-17 12:00:00,2026-09-17 12:15:00,fare,outside|wd,7,"[10, 27, 34, 172, 171, 170, 164]","[10, 27, 34, 172, 171, 170, 164]","[10, 27, 34, 172, 171, 170, 164]",0,0,0,0,0,0,0,0,0,0,58.79120879120879,58.79120879120879,58.79120879120879,0.0001394349377416998,0.0001394349377416998
15,15,인덕원역,2026-09-17 14:00:00,2026-09-17 14:15:00,walk,outside|wd,7,"[10, 172, 27, 171, 170, 164, 34]","[10, 172, 27, 171, 170, 164, 34]","[10, 172, 27, 171, 170, 164, 34]",0,0,0,0,0,0,0,0,0,0,50.54945054945055,50.54945054945055,50.54945054945055,0.00013659274070014097,0.00013659274070014097
15,15,인덕원역,2026-09-17 14:00:00,2026-09-17 14:15:00,fare,outside|wd,7,"[10, 27, 34, 172, 171, 170, 164]","[10, 27, 34, 172, 171, 170, 164]","[10, 27, 34, 172, 171, 170, 164]",0,0,0,0,0,0,0,0,0,0,50.54945054945055,50.54945054945055,50.54945054945055,0.00013659274070014097,0.00013659274070014097
15,15,인덕원역,2026-09-17 16:00:00,2026-09-17 16:15:00,walk,outside|wd,7,"[10, 172, 27, 171, 170, 164, 34]","[10, 172, 27, 171, 170, 164, 34]","[10, 172, 27, 171, 170, 164, 34]",0,0,0,0,0,0,0,0,0,0,54.94505494505494,54.94505494505494,54.94505494505494,0.00019199683938018054,0.00019199683938018054
15,15,인덕원역,2026-09-17 16:00:00,2026-09-17 16:15:00,fare,outside|wd,7,"[10, 27, 34, 172, 171, 170, 164]","[10, 27, 34, 172, 171, 170, 164]","[10, 27, 34, 172, 171, 170, 164]",0,0,0,0,0,0,0,0,0,0,54.94505494505494,54.94505494505494,54.94505494505494,0.00019199683938018054,0.00019199683938018054
15,30,안양시청,2026-09-17 10:00:00,2026-09-17 10:30:00,walk,operating|wd,5,"[106, 16, 31, 161, 165]","[16, 31, 161, 165, 106]","[16, 31, 161, 165, 106]",1,1,0,0,0,0,0,0,1,-500,82.3529411764706,13.240857503152585,13.240857503152585,0.7559881880972906,8.311536530058898e-05
15,30,안양시청,2026-09-17 10:00:00,2026-09-17 10:30:00,fare,operating|wd,5,"[16, 106, 31, 161, 165]","[16, 31, 161, 165, 106]","[16, 31, 161, 165, 106]",1,0,0,0,0,0,0,0,0,0,13.240857503152585,13.240857503152585,13.240857503152585,8.311536530058898e-05,8.311536530058898e-05
15,30,안양시청,2026-09-17 12:00:00,2026-09-17 12:30:00,walk,operating|wd,5,"[106, 16, 31, 161, 165]","[106, 16, 31, 161, 165]","[106, 16, 31, 161, 165]",0,0,0,0,0,0,0,0,0,0,88.23529411764706,88.23529411764706,88.23529411764706,0.012783589204754232,0.012783589204754232
15,30,안양시청,2026-09-17 12:00:00,2026-09-17 12:30:00,fare,operating|wd,5,"[16, 106, 31, 161, 165]","[16, 106, 31, 161, 165]","[16, 106, 31, 161, 165]",0,0,0,0,0,0,0,0,0,0,11.601513240857503,11.601513240857503,11.601513240857503,0.00011962695265420094,0.00011962695265420094
15,30,안양시청,2026-09-17 14:00:00,2026-09-17 14:30:00,walk,operating|wd,5,"[106, 16, 31, 161, 165]","[106, 16, 31, 161, 165]","[106, 16, 31, 161, 165]",0,0,0,0,0,0,0,0,0,0,85.29411764705883,85.29411764705883,85.29411764705883,0.011818302434887013,0.011818302434887013
15,30,안양시청,2026-09-17 14:00:00,2026-09-17 14:30:00,fare,operating|wd,5,"[16, 106, 31, 161, 165]","[16, 106, 31, 161, 165]","[16, 106, 31, 161, 165]",0,0,0,0,0,0,0,0,0,0,12.23203026481715,12.23203026481715,12.23203026481715,8.677585947600784e-05,8.677585947600784e-05
15,30,안양시청,2026-09-17 16:00:00,2026-09-17 16:30:00,walk,operating|wd,5,"[106, 16, 31, 161, 165]","[106, 16, 31, 161, 165]","[106, 16, 31, 161, 165]",0,0,0,0,0,0,0,0,0,0,85.29411764705883,85.29411764705883,85.29411764705883,0.04984584655160318,0.04984584655160318
15,30,안양시청,2026-09-17 16:00:00,2026-09-17 16:30:00,fare,operating|wd,5,"[16, 106, 31, 161, 165]","[16, 106, 31, 161, 165]","[16, 106, 31, 161, 165]",0,0,0,0,0,0,0,0,0,0,18.915510718789406,18.915510718789406,18.915510718789406,0.00012322757678665322,0.00012322757678665322
15,30,석수역,2026-09-17 06:00:00,2026-09-17 06:30:00,walk,outside|wd,5,"[108, 25, 12, 13, 24]","[25, 12, 13, 24, 108]","[25, 12, 13, 24, 108]",1,1,1,0,0,1,0,1,21,0,96.63865546218487,57.6271186440678,57.6271186440678,0.980550115911148,0.00013570716307965473
15,30,석수역,2026-09-17 06:00:00,2026-09-17 06:30:00,fare,outside|wd,5,"[108, 25, 13, 24, 12]","[25, 13, 24, 12, 108]","[25, 13, 24, 12, 108]",1,1,1,0,0,1,0,1,21,0,96.63865546218487,57.6271186440678,57.6271186440678,0.980550115911148,0.00013570716307965473
15,30,석수역,2026-09-17 08:00:00,2026-09-17 08:30:00,walk,outside|wd,5,"[108, 25, 12, 13, 24]","[25, 12, 13, 24, 108]","[25, 12, 13, 24, 108]",1,1,1,0,0,1,0,1,21,0,94.95798319327731,44.067796610169495,44.067796610169495,0.9908150032882769,0.00013549665936685992
15,30,석수역,2026-09-17 08:00:00,2026-09-17 08:30:00,fare,outside|wd,5,"[108, 25, 13, 24, 12]","[25, 13, 24, 12, 108]","[25, 13, 24, 12, 108]",1,1,1,0,0,1,0,1,21,0,94.95798319327731,44.067796610169495,44.067796610169495,0.9908150032882769,0.00013549665936685992
15,30,석수역,2026-09-17 10:00:00,2026-09-17 10:30:00,walk,operating|wd,5,"[108, 25, 12, 13, 24]","[108, 25, 12, 13, 24]","[108, 25, 12, 13, 24]",0,0,0,0,0,0,0,0,0,0,40.33613445378151,40.33613445378151,40.33613445378151,0.0014290014181511513,0.0014290014181511513
15,30,석수역,2026-09-17 10:00:00,2026-09-17 10:30:00,fare,operating|wd,5,"[108, 25, 12, 13, 24]","[108, 25, 12, 13, 24]","[108, 25, 12, 13, 24]",0,0,0,0,0,0,0,0,0,0,40.33613445378151,40.33613445378151,40.33613445378151,0.0014290014181511513,0.0014290014181511513
15,30,석수역,2026-09-17 12:00:00,2026-09-17 12:30:00,walk,operating|wd,5,"[108, 25, 12, 13, 24]","[108, 25, 12, 13, 24]","[108, 25, 12, 13, 24]",0,0,0,0,0,0,0,0,0,0,39.49579831932773,39.49579831932773,39.49579831932773,0.0017643901796628072,0.0017643901796628072
15,30,석수역,2026-09-17 12:00:00,2026-09-17 12:30:00,fare,operating|wd,5,"[108, 25, 12, 13, 24]","[108, 25, 12, 13, 24]","[108, 25, 12, 13, 24]",0,0,0,0,0,0,0,0,0,0,39.49579831932773,39.49579831932773,39.49579831932773,0.0017643901796628072,0.0017643901796628072
15,30,석수역,2026-09-17 14:00:00,2026-09-17 14:30:00,walk,operating|wd,5,"[108, 25, 12, 13, 24]","[108, 25, 12, 13, 24]","[108, 25, 12, 13, 24]",0,0,0,0,0,0,0,0,0,0,47.05882352941177,47.05882352941177,47.05882352941177,0.0015560215193154052,0.0015560215193154052
15,30,석수역,2026-09-17 14:00:00,2026-09-17 14:30:00,fare,operating|wd,5,"[108, 25, 12, 13, 24]","[108, 25, 12, 13, 24]","[108, 25, 12, 13, 24]",0,0,0,0,0,0,0,0,0,0,47.05882352941177,47.05882352941177,47.05882352941177,0.0015560215193154052,0.0015560215193154052
15,30,석수역,2026-09-17 16:00:00,2026-09-17 16:30:00,walk,operating|wd,5,"[108, 25, 12, 13, 24]","[108, 25, 12, 13, 24]","[108, 25, 12, 13, 24]",0,0,0,0,0,0,0,0,0,0,62.18487394957983,62.18487394957983,62.18487394957983,0.03176208514194962,0.03176208514194962
15,30,석수역,2026-09-17 16:00:00,2026-09-17 16:30:00,fare,operating|wd,5,"[108, 25, 13, 24, 12]","[108, 25, 13, 24, 12]","[108, 25, 13, 24, 12]",0,0,0,0,0,0,0,0,0,0,62.18487394957983,62.18487394957983,62.18487394957983,0.03176208514194962,0.03176208514194962
15,30,석수역,2026-09-17 18:00:00,2026-09-17 18:30:00,walk,outside|wd,5,"[108, 25, 12, 13, 24]","[25, 12, 13, 24, 108]","[25, 12, 13, 24, 108]",1,1,1,0,0,1,0,1,21,0,94.95798319327731,7.627118644067797,7.627118644067797,0.9917188802108587,0.00014162260010112888
15,30,석수역,2026-09-17 18:00:00,2026-09-17 18:30:00,fare,outside|wd,5,"[108, 25, 13, 24, 12]","[25, 13, 24, 12, 108]","[25, 13, 24, 12, 108]",1,1,1,0,0,1,0,1,21,0,94.95798319327731,7.627118644067797,7.627118644067797,0.9917188802108587,0.00014162260010112888
15,30,석수역,2026-09-17 20:00:00,2026-09-17 20:30:00,walk,outside|wd,5,"[108, 25, 12, 13, 24]","[25, 12, 13, 24, 108]","[25, 12, 13, 24, 108]",1,1,1,0,0,1,0,1,21,0,94.95798319327731,5.932203389830509,5.932203389830509,0.9907386703038862,0.00015528892776802127
15,30,석수역,2026-09-17 20:00:00,2026-09-17 20:30:00,fare,outside|wd,5,"[108, 25, 13, 24, 12]","[25, 13, 24, 12, 108]","[25, 13, 24, 12, 108]",1,1,1,0,0,1,0,1,21,0,94.95798319327731,5.932203389830509,5.932203389830509,0.9907386703038862,0.00015528892776802127
15,30,석수역,2026-09-17 22:00:00,2026-09-17 22:30:00,walk,outside|wd,5,"[108, 25, 12, 13, 24]","[25, 12, 13, 24, 108]","[25, 12, 13, 24, 108]",1,1,1,0,0,1,0,1,21,0,94.95798319327731,20.338983050847457,20.338983050847457,0.9943392546187168,0.00012629498112477563
15,30,석수역,2026-09-17 22:00:00,2026-09-17 22:30:00,fare,outside|wd,5,"[108, 25, 13, 24, 12]","[25, 13, 24, 12, 108]","[25, 13, 24, 12, 108]",1,1,1,0,0,1,0,1,21,0,94.95798319327731,20.338983050847457,20.338983050847457,0.9943392546187168,0.00012629498112477563
15,30,범계역,2026-09-17 12:00:00,2026-09-17 12:30:00,walk,operating|wd,26,"[106, 16, 81, 241, 56, 261, 262, 30, 401, 183, 39, 182, 31, 161, 201, 42, 23, 165, 461, 166, 82, 40, 162, 521, 167, 163]","[106, 16, 81, 241, 56, 261, 262, 30, 401, 183, 39, 182, 31, 161, 201, 42, 23, 165, 461, 166, 82, 40, 162, 521, 167, 163]","[106, 16, 81, 241, 56, 261, 262, 30, 401, 183, 39, 182, 31, 161, 201, 42, 23, 165, 461, 166, 82, 40, 162, 521, 167, 163]",0,0,0,0,0,0,0,0,0,0,88.23529411764706,88.23529411764706,88.23529411764706,0.012783589204754232,0.012783589204754232
15,30,범계역,2026-09-17 12:00:00,2026-09-17 12:30:00,fare,operating|wd,26,"[16, 30, 401, 201, 42, 82, 521, 106, 81, 241, 56, 261, 262, 183, 39, 182, 31, 23, 461, 40, 161, 165, 166, 162, 167, 163]","[16, 30, 401, 201, 42, 82, 521, 106, 81, 241, 56, 261, 262, 183, 39, 182, 31, 23, 461, 40, 161, 165, 166, 162, 167, 163]","[16, 30, 401, 201, 42, 82, 521, 106, 81, 241, 56, 261, 262, 183, 39, 182, 31, 23, 461, 40, 161, 165, 166, 162, 167, 163]",0,0,0,0,0,0,0,0,0,0,11.601513240857503,11.601513240857503,11.601513240857503,0.00011962695265420094,0.00011962695265420094
15,30,범계역,2026-09-17 14:00:00,2026-09-17 14:30:00,walk,operating|wd,26,"[106, 16, 81, 241, 56, 261, 262, 30, 401, 183, 39, 182, 31, 161, 201, 42, 23, 165, 461, 166, 82, 40, 162, 521, 167, 163]","[106, 16, 81, 241, 56, 261, 262, 30, 401, 183, 39, 182, 31, 161, 201, 42, 23, 165, 461, 166, 82, 40, 162, 521, 167, 163]","[106, 16, 81, 241, 56, 261, 262, 30, 401, 183, 39, 182, 31, 161, 201, 42, 23, 165, 461, 166, 82, 40, 162, 521, 167, 163]",0,0,0,0,0,0,0,0,0,0,85.29411764705883,85.29411764705883,85.29411764705883,0.011818302434887013,0.011818302434887013
15,30,범계역,2026-09-17 14:00:00,2026-09-17 14:30:00,fare,operating|wd,26,"[16, 30, 401, 201, 42, 82, 521, 106, 81, 241, 56, 261, 262, 183, 39, 182, 31, 23, 461, 40, 161, 165, 166, 162, 167, 163]","[16, 30, 401, 201, 42, 82, 521, 106, 81, 241, 56, 261, 262, 183, 39, 182, 31, 23, 461, 40, 161, 165, 166, 162, 167, 163]","[16, 30, 401, 201, 42, 82, 521, 106, 81, 241, 56, 261, 262, 183, 39, 182, 31, 23, 461, 40, 161, 165, 166, 162, 167, 163]",0,0,0,0,0,0,0,0,0,0,12.23203026481715,12.23203026481715,12.23203026481715,8.677585947600784e-05,8.677585947600784e-05
15,30,안양역,2026-09-17 10:00:00,2026-09-17 10:30:00,walk,operating|wd,11,"[48, 112, 53, 11, 52, 7, 8, 38, 29, 18, 28]","[48, 112, 53, 11, 52, 7, 8, 38, 29, 18, 28]","[48, 112, 53, 11, 7, 8, 38, 29, 18, 28, 52]",0,0,0,0,0,0,0,0,0,0,12.5,12.5,12.5,0.010434353185006883,0.010434353185006883
15,30,안양역,2026-09-17 10:00:00,2026-09-17 10:30:00,fare,operating|wd,11,"[18, 8, 38, 28, 48, 112, 53, 11, 52, 7, 29]","[18, 8, 38, 28, 48, 112, 53, 11, 52, 7, 29]","[18, 8, 38, 28, 48, 112, 53, 11, 7, 29, 52]",0,0,0,0,0,0,0,0,0,0,37.5,37.5,37.5,0.00011450974771148524,0.00011450974771148524
15,30,안양역,2026-09-17 12:00:00,2026-09-17 12:30:00,walk,operating|wd,11,"[48, 112, 53, 11, 52, 7, 8, 38, 29, 18, 28]","[48, 112, 53, 11, 52, 7, 8, 38, 29, 18, 28]","[48, 112, 53, 11, 52, 7, 8, 38, 29, 18, 28]",0,0,0,0,0,0,0,0,0,0,25.0,25.0,25.0,0.0002366135044254508,0.0002366135044254508
15,30,안양역,2026-09-17 12:00:00,2026-09-17 12:30:00,fare,operating|wd,11,"[18, 8, 38, 28, 48, 112, 53, 11, 52, 7, 29]","[18, 8, 38, 28, 48, 112, 53, 11, 52, 7, 29]","[18, 8, 38, 28, 48, 112, 53, 11, 52, 7, 29]",0,0,0,0,0,0,0,0,0,0,28.571428571428573,28.571428571428573,28.571428571428573,0.0001502898499332558,0.0001502898499332558
15,30,안양역,2026-09-17 14:00:00,2026-09-17 14:30:00,walk,operating|wd,11,"[48, 112, 53, 11, 52, 7, 8, 38, 29, 18, 28]","[48, 112, 53, 11, 52, 7, 8, 38, 29, 18, 28]","[48, 112, 53, 11, 52, 7, 8, 38, 29, 18, 28]",0,0,0,0,0,0,0,0,0,0,29.166666666666668,29.166666666666668,29.166666666666668,0.00019823588099983857,0.00019823588099983857
15,30,안양역,2026-09-17 14:00:00,2026-09-17 14:30:00,fare,operating|wd,11,"[18, 8, 38, 28, 48, 112, 53, 11, 52, 7, 29]","[18, 8, 38, 28, 48, 112, 53, 11, 52, 7, 29]","[18, 8, 38, 28, 48, 112, 53, 11, 52, 7, 29]",0,0,0,0,0,0,0,0,0,0,26.785714285714285,26.785714285714285,26.785714285714285,0.00010286014322959602,0.00010286014322959602
15,30,평촌역,2026-09-17 12:00:00,2026-09-17 12:30:00,walk,operating|wd,25,"[16, 31, 106, 162, 166, 241, 163, 161, 167, 164, 37, 172, 168, 169, 27, 165, 261, 170, 262, 56, 171, 10, 21, 81, 34]","[16, 31, 106, 162, 166, 241, 163, 161, 167, 164, 37, 172, 168, 169, 27, 165, 261, 170, 262, 56, 171, 10, 21, 81, 34]","[16, 31, 106, 162, 166, 241, 163, 161, 167, 164, 37, 172, 168, 169, 27, 165, 261, 170, 262, 56, 171, 10, 21, 81, 34]",0,0,0,0,0,0,0,0,0,0,11.601513240857503,11.601513240857503,11.601513240857503,0.00011962695265420094,0.00011962695265420094
15,30,평촌역,2026-09-17 12:00:00,2026-09-17 12:30:00,fare,outside|wd,25,"[10, 16, 37, 27, 21, 34, 31, 106, 241, 172, 261, 262, 56, 81, 162, 166, 163, 161, 167, 164, 168, 169, 165, 170, 171]","[10, 16, 37, 27, 21, 34, 31, 106, 241, 172, 261, 262, 56, 81, 162, 166, 163, 161, 167, 164, 168, 169, 165, 170, 171]","[10, 16, 37, 27, 21, 34, 31, 106, 241, 172, 261, 262, 56, 81, 162, 166, 163, 161, 167, 164, 168, 169, 165, 170, 171]",0,0,0,0,0,0,0,0,0,0,59.89010989010989,59.89010989010989,59.89010989010989,0.0004254184745462502,0.0004254184745462502
15,30,평촌역,2026-09-17 14:00:00,2026-09-17 14:30:00,walk,operating|wd,25,"[16, 31, 106, 162, 166, 241, 163, 161, 167, 164, 37, 172, 168, 169, 27, 165, 261, 170, 262, 56, 171, 10, 21, 81, 34]","[16, 31, 106, 162, 166, 241, 163, 161, 167, 164, 37, 172, 168, 169, 27, 165, 261, 170, 262, 56, 171, 10, 21, 81, 34]","[16, 31, 106, 162, 166, 241, 163, 161, 167, 164, 37, 172, 168, 169, 27, 165, 261, 170, 262, 56, 171, 10, 21, 81, 34]",0,0,0,0,0,0,0,0,0,0,12.23203026481715,12.23203026481715,12.23203026481715,8.677585947600784e-05,8.677585947600784e-05
15,30,평촌역,2026-09-17 14:00:00,2026-09-17 14:30:00,fare,outside|wd,25,"[10, 16, 37, 27, 21, 34, 31, 106, 241, 172, 261, 262, 56, 81, 162, 166, 163, 161, 167, 164, 168, 169, 165, 170, 171]","[10, 16, 37, 27, 21, 34, 31, 106, 241, 172, 261, 262, 56, 81, 162, 166, 163, 161, 167, 164, 168, 169, 165, 170, 171]","[10, 16, 37, 27, 21, 34, 31, 106, 241, 172, 261, 262, 56, 81, 162, 166, 163, 161, 167, 164, 168, 169, 165, 170, 171]",0,0,0,0,0,0,0,0,0,0,50.54945054945055,50.54945054945055,50.54945054945055,0.00045376380845482553,0.00045376380845482553
15,30,평촌역,2026-09-17 16:00:00,2026-09-17 16:30:00,walk,operating|wd,25,"[16, 31, 106, 162, 166, 241, 163, 161, 167, 164, 37, 172, 168, 169, 27, 165, 261, 170, 262, 56, 171, 10, 21, 81, 34]","[16, 31, 106, 162, 166, 241, 163, 161, 167, 164, 37, 172, 168, 169, 27, 165, 261, 170, 262, 56, 171, 10, 21, 81, 34]","[16, 31, 106, 162, 166, 241, 163, 161, 167, 164, 37, 172, 168, 169, 27, 165, 261, 170, 262, 56, 171, 10, 21, 81, 34]",0,0,0,0,0,0,0,0,0,0,18.915510718789406,18.915510718789406,18.915510718789406,0.00012322757678665322,0.00012322757678665322
15,30,평촌역,2026-09-17 16:00:00,2026-09-17 16:30:00,fare,outside|wd,25,"[10, 81, 16, 37, 27, 21, 34, 31, 106, 241, 172, 261, 262, 56, 162, 166, 163, 161, 167, 164, 168, 169, 165, 170, 171]","[10, 81, 16, 37, 27, 21, 34, 31, 106, 241, 172, 261, 262, 56, 162, 166, 163, 161, 167, 164, 168, 169, 165, 170, 171]","[10, 81, 16, 37, 27, 21, 34, 31, 106, 241, 172, 261, 262, 56, 162, 166, 163, 161, 167, 164, 168, 169, 165, 170, 171]",0,0,0,0,0,0,0,0,0,0,55.494505494505496,55.494505494505496,55.494505494505496,0.00101219667344783,0.00101219667344783
15,30,인덕원역,2026-09-17 10:00:00,2026-09-17 10:30:00,walk,outside|wd,7,"[10, 172, 27, 171, 170, 164, 34]","[10, 172, 27, 171, 170, 164, 34]","[10, 172, 27, 171, 170, 164, 34]",0,0,0,0,0,0,0,0,0,0,68.13186813186813,68.13186813186813,68.13186813186813,0.0006938367010931278,0.0006938367010931278
15,30,인덕원역,2026-09-17 10:00:00,2026-09-17 10:30:00,fare,outside|wd,7,"[10, 27, 34, 172, 171, 170, 164]","[10, 27, 34, 172, 171, 170, 164]","[10, 27, 34, 172, 171, 170, 164]",0,0,0,0,0,0,0,0,0,0,68.13186813186813,68.13186813186813,68.13186813186813,0.0006938367010931278,0.0006938367010931278
15,30,인덕원역,2026-09-17 12:00:00,2026-09-17 12:30:00,walk,outside|wd,7,"[10, 172, 27, 171, 170, 164, 34]","[10, 172, 27, 171, 170, 164, 34]","[10, 172, 27, 171, 170, 164, 34]",0,0,0,0,0,0,0,0,0,0,59.89010989010989,59.89010989010989,59.89010989010989,0.0004254184745462502,0.0004254184745462502
15,30,인덕원역,2026-09-17 12:00:00,2026-09-17 12:30:00,fare,outside|wd,7,"[10, 27, 34, 172, 171, 170, 164]","[10, 27, 34, 172, 171, 170, 164]","[10, 27, 34, 172, 171, 170, 164]",0,0,0,0,0,0,0,0,0,0,59.89010989010989,59.89010989010989,59.89010989010989,0.0004254184745462502,0.0004254184745462502
15,30,인덕원역,2026-09-17 14:00:00,2026-09-17 14:30:00,walk,outside|wd,7,"[10, 172, 27, 171, 170, 164, 34]","[10, 172, 27, 171, 170, 164, 34]","[10, 172, 27, 171, 170, 164, 34]",0,0,0,0,0,0,0,0,0,0,50.54945054945055,50.54945054945055,50.54945054945055,0.00045376380845482553,0.00045376380845482553
15,30,인덕원역,2026-09-17 14:00:00,2026-09-17 14:30:00,fare,outside|wd,7,"[10, 27, 34, 172, 171, 170, 164]","[10, 27, 34, 172, 171, 170, 164]","[10, 27, 34, 172, 171, 170, 164]",0,0,0,0,0,0,0,0,0,0,50.54945054945055,50.54945054945055,50.54945054945055,0.00045376380845482553,0.00045376380845482553
15,30,인덕원역,2026-09-17 16:00:00,2026-09-17 16:30:00,walk,outside|wd,7,"[10, 172, 27, 171, 170, 164, 34]","[10, 172, 27, 171, 170, 164, 34]","[10, 172, 27, 171, 170, 164, 34]",0,0,0,0,0,0,0,0,0,0,55.494505494505496,55.494505494505496,55.494505494505496,0.00101219667344783,0.00101219667344783
15,30,인덕원역,2026-09-17 16:00:00,2026-09-17 16:30:00,fare,outside|wd,7,"[10, 27, 34, 172, 171, 170, 164]","[10, 27, 34, 172, 171, 170, 164]","[10, 27, 34, 172, 171, 170, 164]",0,0,0,0,0,0,0,0,0,0,55.494505494505496,55.494505494505496,55.494505494505496,0.00101219667344783,0.00101219667344783
15,60,안양시청,2026-09-17 10:00:00,2026-09-17 11:00:00,walk,operating|wd,5,"[106, 16, 31, 161, 165]","[16, 31, 161, 165, 106]","[16, 31, 161, 165, 106]",1,1,0,0,0,0,0,0,1,-500,88.23529411764706,12.736443883984867,12.736443883984867,0.7840001121727238,0.0001401321597979032
15,60,안양시청,2026-09-17 10:00:00,2026-09-17 11:00:00,fare,operating|wd,5,"[16, 106, 31, 161, 165]","[16, 31, 161, 165, 106]","[16, 31, 161, 165, 106]",1,0,0,0,0,0,0,0,0,0,12.736443883984867,12.736443883984867,12.736443883984867,0.0001401321597979032,0.0001401321597979032
15,60,안양시청,2026-09-17 12:00:00,2026-09-17 13:00:00,walk,operating|wd,5,"[106, 16, 31, 161, 165]","[106, 16, 31, 161, 165]","[106, 16, 31, 161, 165]",0,0,0,0,0,0,0,0,0,0,88.23529411764706,88.23529411764706,88.23529411764706,0.06179329880323178,0.06179329880323178
15,60,안양시청,2026-09-17 12:00:00,2026-09-17 13:00:00,fare,operating|wd,5,"[16, 106, 31, 161, 165]","[16, 106, 31, 161, 165]","[16, 106, 31, 161, 165]",0,0,0,0,0,0,0,0,0,0,11.853720050441362,11.853720050441362,11.853720050441362,0.00012381117310773012,0.00012381117310773012
15,60,안양시청,2026-09-17 14:00:00,2026-09-17 15:00:00,walk,operating|wd,5,"[106, 16, 31, 161, 165]","[106, 16, 31, 161, 165]","[106, 16, 31, 161, 165]",0,0,0,0,0,0,0,0,0,0,88.23529411764706,88.23529411764706,88.23529411764706,0.08524201876903129,0.08524201876903129
15,60,안양시청,2026-09-17 14:00:00,2026-09-17 15:00:00,fare,operating|wd,5,"[16, 106, 31, 161, 165]","[16, 106, 31, 161, 165]","[16, 106, 31, 161, 165]",0,0,0,0,0,0,0,0,0,0,13.871374527112232,13.871374527112232,13.871374527112232,0.00015544946799576578,0.00015544946799576578
15,60,안양시청,2026-09-17 16:00:00,2026-09-17 17:00:00,walk,operating|wd,5,"[106, 16, 31, 161, 165]","[106, 16, 31, 161, 165]","[106, 16, 31, 161, 165]",0,0,0,0,0,0,0,0,0,0,88.23529411764706,88.23529411764706,88.23529411764706,0.16628097156478008,0.16628097156478008
15,60,안양시청,2026-09-17 16:00:00,2026-09-17 17:00:00,fare,operating|wd,5,"[16, 106, 31, 161, 165]","[16, 106, 31, 161, 165]","[16, 106, 31, 161, 165]",0,0,0,0,0,0,0,0,0,0,22.320302648171502,22.320302648171502,22.320302648171502,0.00020325201236957903,0.00020325201236957903
15,60,석수역,2026-09-17 06:00:00,2026-09-17 07:00:00,walk,outside|wd,5,"[108, 25, 12, 13, 24]","[25, 12, 13, 24, 108]","[25, 12, 13, 24, 108]",1,1,1,0,0,1,0,1,21,0,94.95798319327731,55.932203389830505,55.932203389830505,0.9546742078241769,0.0002202429013931943
15,60,석수역,2026-09-17 06:00:00,2026-09-17 07:00:00,fare,outside|wd,5,"[108, 25, 13, 24, 12]","[25, 13, 24, 12, 108]","[25, 13, 24, 12, 108]",1,1,1,0,0,1,0,1,21,0,94.95798319327731,55.932203389830505,55.932203389830505,0.9546742078241769,0.0002202429013931943
15,60,석수역,2026-09-17 08:00:00,2026-09-17 09:00:00,walk,operating|wd,5,"[108, 25, 12, 13, 24]","[25, 12, 13, 24, 108]","[25, 12, 13, 24, 108]",1,1,1,0,0,1,0,1,21,0,93.27731092436974,41.52542372881356,41.52542372881356,0.8855847250159395,0.0002184035737774264
15,60,석수역,2026-09-17 08:00:00,2026-09-17 09:00:00,fare,operating|wd,5,"[108, 25, 12, 13, 24]","[25, 12, 13, 24, 108]","[25, 12, 13, 24, 108]",1,1,1,0,0,1,0,1,21,0,93.27731092436974,41.52542372881356,41.52542372881356,0.8855847250159395,0.0002184035737774264
15,60,석수역,2026-09-17 10:00:00,2026-09-17 11:00:00,walk,operating|wd,5,"[108, 25, 12, 13, 24]","[108, 25, 12, 13, 24]","[108, 25, 12, 13, 24]",0,0,0,0,0,0,0,0,0,0,42.016806722689076,42.016806722689076,42.016806722689076,0.003751737477453984,0.003751737477453984
15,60,석수역,2026-09-17 10:00:00,2026-09-17 11:00:00,fare,operating|wd,5,"[108, 25, 12, 13, 24]","[108, 25, 12, 13, 24]","[108, 25, 12, 13, 24]",0,0,0,0,0,0,0,0,0,0,42.016806722689076,42.016806722689076,42.016806722689076,0.003751737477453984,0.003751737477453984
15,60,석수역,2026-09-17 12:00:00,2026-09-17 13:00:00,walk,operating|wd,5,"[108, 25, 12, 13, 24]","[108, 25, 12, 13, 24]","[108, 25, 12, 13, 24]",0,0,0,0,0,0,0,0,0,0,45.378151260504204,45.378151260504204,45.378151260504204,0.00329363390803206,0.00329363390803206
15,60,석수역,2026-09-17 12:00:00,2026-09-17 13:00:00,fare,operating|wd,5,"[108, 25, 12, 13, 24]","[108, 25, 12, 13, 24]","[108, 25, 12, 13, 24]",0,0,0,0,0,0,0,0,0,0,45.378151260504204,45.378151260504204,45.378151260504204,0.00329363390803206,0.00329363390803206
15,60,석수역,2026-09-17 14:00:00,2026-09-17 15:00:00,walk,operating|wd,5,"[108, 25, 12, 13, 24]","[108, 25, 12, 13, 24]","[108, 25, 12, 13, 24]",0,0,0,0,0,0,0,0,0,0,48.739495798319325,48.739495798319325,48.739495798319325,0.006687038590126709,0.006687038590126709
15,60,석수역,2026-09-17 14:00:00,2026-09-17 15:00:00,fare,operating|wd,5,"[108, 25, 12, 13, 24]","[108, 25, 12, 13, 24]","[108, 25, 12, 13, 24]",0,0,0,0,0,0,0,0,0,0,48.739495798319325,48.739495798319325,48.739495798319325,0.006687038590126709,0.006687038590126709
15,60,석수역,2026-09-17 16:00:00,2026-09-17 17:00:00,walk,outside|wd,5,"[108, 25, 12, 13, 24]","[25, 12, 13, 24, 108]","[108, 25, 12, 13, 24]",1,1,1,0,1,1,0,1,21,0,94.95798319327731,17.796610169491526,94.95798319327731,0.8919323560471456,0.000199436753405887
15,60,석수역,2026-09-17 16:00:00,2026-09-17 17:00:00,fare,outside|wd,5,"[108, 25, 13, 24, 12]","[25, 13, 24, 12, 108]","[108, 25, 13, 24, 12]",1,1,1,0,1,1,0,1,21,0,94.95798319327731,17.796610169491526,94.95798319327731,0.8919323560471456,0.000199436753405887
15,60,석수역,2026-09-17 18:00:00,2026-09-17 19:00:00,walk,outside|wd,5,"[108, 25, 12, 13, 24]","[25, 12, 13, 24, 108]","[25, 12, 13, 24, 108]",1,1,1,0,0,1,0,1,21,0,94.95798319327731,4.237288135593221,4.237288135593221,0.9925826804430709,0.00021733742526233404
15,60,석수역,2026-09-17 18:00:00,2026-09-17 19:00:00,fare,outside|wd,5,"[108, 25, 13, 24, 12]","[25, 13, 24, 12, 108]","[25, 13, 24, 12, 108]",1,1,1,0,0,1,0,1,21,0,94.95798319327731,4.237288135593221,4.237288135593221,0.9925826804430709,0.00021733742526233404
15,60,석수역,2026-09-17 20:00:00,2026-09-17 21:00:00,walk,outside|wd,5,"[108, 25, 12, 13, 24]","[25, 12, 13, 24, 108]","[25, 12, 13, 24, 108]",1,1,1,0,0,1,0,1,21,0,94.95798319327731,8.474576271186441,8.474576271186441,0.9928779757988169,0.0002007950332752902
15,60,석수역,2026-09-17 20:00:00,2026-09-17 21:00:00,fare,outside|wd,5,"[108, 25, 13, 24, 12]","[25, 13, 24, 12, 108]","[25, 13, 24, 12, 108]",1,1,1,0,0,1,0,1,21,0,94.95798319327731,8.474576271186441,8.474576271186441,0.9928779757988169,0.0002007950332752902
15,60,범계역,2026-09-17 12:00:00,2026-09-17 13:00:00,walk,operating|wd,26,"[106, 16, 81, 241, 56, 261, 262, 30, 401, 183, 39, 182, 31, 161, 201, 42, 23, 165, 461, 166, 82, 40, 162, 521, 167, 163]","[106, 16, 81, 241, 56, 261, 262, 30, 401, 183, 39, 182, 31, 161, 201, 42, 23, 165, 461, 166, 82, 40, 162, 521, 167, 163]","[106, 16, 81, 241, 56, 261, 262, 30, 401, 183, 39, 182, 31, 161, 201, 42, 23, 165, 461, 166, 82, 40, 162, 521, 167, 163]",0,0,0,0,0,0,0,0,0,0,88.23529411764706,88.23529411764706,88.23529411764706,0.06179329880323178,0.06179329880323178
15,60,범계역,2026-09-17 12:00:00,2026-09-17 13:00:00,fare,operating|wd,26,"[16, 30, 401, 201, 42, 82, 521, 106, 81, 241, 56, 261, 262, 183, 39, 182, 31, 23, 461, 40, 161, 165, 166, 162, 167, 163]","[16, 30, 401, 201, 42, 82, 521, 106, 81, 241, 56, 261, 262, 183, 39, 182, 31, 23, 461, 40, 161, 165, 166, 162, 167, 163]","[16, 30, 401, 201, 42, 82, 521, 106, 81, 241, 56, 261, 262, 183, 39, 182, 31, 23, 461, 40, 161, 165, 166, 162, 167, 163]",0,0,0,0,0,0,0,0,0,0,11.853720050441362,11.853720050441362,11.853720050441362,0.00012381117310773012,0.00012381117310773012
15,60,범계역,2026-09-17 14:00:00,2026-09-17 15:00:00,walk,operating|wd,26,"[106, 16, 81, 241, 56, 261, 262, 30, 401, 183, 39, 182, 31, 161, 201, 42, 23, 165, 461, 166, 82, 40, 162, 521, 167, 163]","[106, 16, 81, 241, 56, 261, 262, 30, 401, 183, 39, 182, 31, 161, 201, 42, 23, 165, 461, 166, 82, 40, 162, 521, 167, 163]","[106, 16, 81, 241, 56, 261, 262, 30, 401, 183, 39, 182, 31, 161, 201, 42, 23, 165, 461, 166, 82, 40, 162, 521, 167, 163]",0,0,0,0,0,0,0,0,0,0,88.23529411764706,88.23529411764706,88.23529411764706,0.08524201876903129,0.08524201876903129
15,60,범계역,2026-09-17 14:00:00,2026-09-17 15:00:00,fare,operating|wd,26,"[16, 30, 401, 201, 42, 82, 521, 106, 81, 241, 56, 261, 262, 183, 39, 182, 31, 23, 461, 40, 161, 165, 166, 162, 167, 163]","[16, 30, 401, 201, 42, 82, 521, 106, 81, 241, 56, 261, 262, 183, 39, 182, 31, 23, 461, 40, 161, 165, 166, 162, 167, 163]","[16, 30, 401, 201, 42, 82, 521, 106, 81, 241, 56, 261, 262, 183, 39, 182, 31, 23, 461, 40, 161, 165, 166, 162, 167, 163]",0,0,0,0,0,0,0,0,0,0,13.871374527112232,13.871374527112232,13.871374527112232,0.00015544946799576578,0.00015544946799576578
15,60,안양역,2026-09-17 10:00:00,2026-09-17 11:00:00,walk,operating|wd,11,"[48, 112, 53, 11, 52, 7, 8, 38, 29, 18, 28]","[48, 112, 53, 11, 52, 7, 8, 38, 29, 18, 28]","[48, 112, 53, 11, 7, 8, 38, 29, 18, 28, 52]",0,0,0,0,0,0,0,0,0,0,25.0,25.0,25.0,0.027333280135946113,0.027333280135946113
15,60,안양역,2026-09-17 10:00:00,2026-09-17 11:00:00,fare,operating|wd,11,"[18, 8, 38, 28, 48, 112, 53, 11, 52, 7, 29]","[18, 8, 38, 28, 48, 112, 53, 11, 52, 7, 29]","[18, 8, 38, 28, 48, 112, 53, 11, 7, 29, 52]",0,0,0,0,0,0,0,0,0,0,33.92857142857143,33.92857142857143,33.92857142857143,0.00016329310636382195,0.00016329310636382195
15,60,안양역,2026-09-17 12:00:00,2026-09-17 13:00:00,walk,operating|wd,11,"[48, 112, 53, 11, 52, 7, 8, 38, 29, 18, 28]","[48, 112, 53, 11, 52, 7, 8, 38, 29, 18, 28]","[48, 112, 53, 11, 52, 7, 8, 38, 29, 18, 28]",0,0,0,0,0,0,0,0,0,0,12.5,12.5,12.5,0.00044162658223104477,0.00044162658223104477
15,60,안양역,2026-09-17 12:00:00,2026-09-17 13:00:00,fare,operating|wd,11,"[18, 8, 38, 28, 48, 112, 53, 11, 52, 7, 29]","[18, 8, 38, 28, 48, 112, 53, 11, 52, 7, 29]","[18, 8, 38, 28, 48, 112, 53, 11, 52, 7, 29]",0,0,0,0,0,0,0,0,0,0,23.214285714285715,23.214285714285715,23.214285714285715,0.00014348934116006359,0.00014348934116006359
15,60,평촌역,2026-09-17 12:00:00,2026-09-17 13:00:00,walk,operating|wd,25,"[16, 31, 106, 162, 166, 241, 163, 161, 167, 164, 37, 172, 168, 169, 27, 165, 261, 170, 262, 56, 171, 10, 21, 81, 34]","[16, 31, 106, 162, 166, 241, 163, 161, 167, 164, 37, 172, 168, 169, 27, 165, 261, 170, 262, 56, 171, 10, 21, 81, 34]","[16, 31, 106, 162, 166, 241, 163, 161, 167, 164, 37, 172, 168, 169, 27, 165, 261, 170, 262, 56, 171, 10, 21, 81, 34]",0,0,0,0,0,0,0,0,0,0,11.853720050441362,11.853720050441362,11.853720050441362,0.00012381117310773012,0.00012381117310773012
15,60,평촌역,2026-09-17 12:00:00,2026-09-17 13:00:00,fare,outside|wd,25,"[10, 16, 37, 27, 21, 34, 31, 106, 241, 172, 261, 262, 56, 81, 162, 166, 163, 161, 167, 164, 168, 169, 165, 170, 171]","[10, 16, 37, 27, 21, 34, 31, 106, 241, 172, 261, 262, 56, 81, 162, 166, 163, 161, 167, 164, 168, 169, 165, 170, 171]","[10, 16, 37, 27, 21, 34, 31, 106, 241, 172, 261, 262, 56, 81, 162, 166, 163, 161, 167, 164, 168, 169, 165, 170, 171]",0,0,0,0,0,0,0,0,0,0,59.34065934065934,59.34065934065934,59.34065934065934,0.0019108755800271748,0.0019108755800271748
15,60,평촌역,2026-09-17 14:00:00,2026-09-17 15:00:00,walk,operating|wd,25,"[16, 31, 106, 162, 166, 241, 163, 161, 167, 164, 37, 172, 168, 169, 27, 165, 261, 170, 262, 56, 171, 10, 21, 81, 34]","[16, 31, 106, 162, 166, 241, 163, 161, 167, 164, 37, 172, 168, 169, 27, 165, 261, 170, 262, 56, 171, 10, 21, 81, 34]","[16, 31, 106, 162, 166, 241, 163, 161, 167, 164, 37, 172, 168, 169, 27, 165, 261, 170, 262, 56, 171, 10, 21, 81, 34]",0,0,0,0,0,0,0,0,0,0,13.871374527112232,13.871374527112232,13.871374527112232,0.00015544946799576578,0.00015544946799576578
15,60,평촌역,2026-09-17 14:00:00,2026-09-17 15:00:00,fare,outside|wd,25,"[10, 16, 37, 27, 21, 34, 31, 106, 241, 172, 261, 262, 56, 81, 162, 166, 163, 161, 167, 164, 168, 169, 165, 170, 171]","[10, 16, 37, 27, 21, 34, 31, 106, 241, 172, 261, 262, 56, 81, 162, 166, 163, 161, 167, 164, 168, 169, 165, 170, 171]","[10, 16, 37, 27, 21, 34, 31, 106, 241, 172, 261, 262, 56, 81, 162, 166, 163, 161, 167, 164, 168, 169, 165, 170, 171]",0,0,0,0,0,0,0,0,0,0,48.35164835164835,48.35164835164835,48.35164835164835,0.0017347724887712542,0.0017347724887712542
15,60,평촌역,2026-09-17 16:00:00,2026-09-17 17:00:00,walk,operating|wd,25,"[16, 31, 106, 162, 166, 241, 163, 161, 167, 164, 37, 172, 168, 169, 27, 165, 261, 170, 262, 56, 171, 10, 21, 81, 34]","[16, 31, 106, 162, 166, 241, 163, 161, 167, 164, 37, 172, 168, 169, 27, 165, 261, 170, 262, 56, 171, 10, 21, 81, 34]","[16, 31, 106, 162, 166, 241, 163, 161, 167, 164, 37, 172, 168, 169, 27, 165, 261, 170, 262, 56, 171, 10, 21, 81, 34]",0,0,0,0,0,0,0,0,0,0,22.320302648171502,22.320302648171502,22.320302648171502,0.00020325201236957903,0.00020325201236957903
15,60,평촌역,2026-09-17 16:00:00,2026-09-17 17:00:00,fare,outside|wd,25,"[10, 81, 16, 37, 27, 21, 34, 31, 106, 241, 172, 261, 262, 56, 162, 166, 163, 161, 167, 164, 168, 169, 165, 170, 171]","[10, 81, 16, 37, 27, 21, 34, 31, 106, 241, 172, 261, 262, 56, 162, 166, 163, 161, 167, 164, 168, 169, 165, 170, 171]","[10, 81, 16, 37, 27, 21, 34, 31, 106, 241, 172, 261, 262, 56, 162, 166, 163, 161, 167, 164, 168, 169, 165, 170, 171]",0,0,0,0,0,0,0,0,0,0,56.59340659340659,56.59340659340659,56.59340659340659,0.001860744508011337,0.001860744508011337
15,60,인덕원역,2026-09-17 10:00:00,2026-09-17 11:00:00,walk,outside|wd,7,"[10, 172, 27, 171, 170, 164, 34]","[10, 172, 27, 171, 170, 164, 34]","[10, 172, 27, 171, 170, 164, 34]",0,0,0,0,0,0,0,0,0,0,66.48351648351648,66.48351648351648,66.48351648351648,0.002830112503268822,0.002830112503268822
15,60,인덕원역,2026-09-17 10:00:00,2026-09-17 11:00:00,fare,outside|wd,7,"[10, 27, 34, 172, 171, 170, 164]","[10, 27, 34, 172, 171, 170, 164]","[10, 27, 34, 172, 171, 170, 164]",0,0,0,0,0,0,0,0,0,0,66.48351648351648,66.48351648351648,66.48351648351648,0.002830112503268822,0.002830112503268822
15,60,인덕원역,2026-09-17 12:00:00,2026-09-17 13:00:00,walk,outside|wd,7,"[10, 172, 27, 171, 170, 164, 34]","[10, 172, 27, 171, 170, 164, 34]","[10, 172, 27, 171, 170, 164, 34]",0,0,0,0,0,0,0,0,0,0,59.34065934065934,59.34065934065934,59.34065934065934,0.0019108755800271748,0.0019108755800271748
15,60,인덕원역,2026-09-17 12:00:00,2026-09-17 13:00:00,fare,outside|wd,7,"[10, 27, 34, 172, 171, 170, 164]","[10, 27, 34, 172, 171, 170, 164]","[10, 27, 34, 172, 171, 170, 164]",0,0,0,0,0,0,0,0,0,0,59.34065934065934,59.34065934065934,59.34065934065934,0.0019108755800271748,0.0019108755800271748
15,60,인덕원역,2026-09-17 14:00:00,2026-09-17 15:00:00,walk,outside|wd,7,"[10, 172, 27, 171, 170, 164, 34]","[10, 172, 27, 171, 170, 164, 34]","[10, 172, 27, 171, 170, 164, 34]",0,0,0,0,0,0,0,0,0,0,48.35164835164835,48.35164835164835,48.35164835164835,0.0017347724887712542,0.0017347724887712542
15,60,인덕원역,2026-09-17 14:00:00,2026-09-17 15:00:00,fare,outside|wd,7,"[10, 27, 34, 172, 171, 170, 164]","[10, 27, 34, 172, 171, 170, 164]","[10, 27, 34, 172, 171, 170, 164]",0,0,0,0,0,0,0,0,0,0,48.35164835164835,48.35164835164835,48.35164835164835,0.0017347724887712542,0.0017347724887712542
15,60,인덕원역,2026-09-17 16:00:00,2026-09-17 17:00:00,walk,outside|wd,7,"[10, 172, 27, 171, 170, 164, 34]","[10, 172, 27, 171, 170, 164, 34]","[10, 172, 27, 171, 170, 164, 34]",0,0,0,0,0,0,0,0,0,0,56.59340659340659,56.59340659340659,56.59340659340659,0.001860744508011337,0.001860744508011337
15,60,인덕원역,2026-09-17 16:00:00,2026-09-17 17:00:00,fare,outside|wd,7,"[10, 27, 34, 172, 171, 170, 164]","[10, 27, 34, 172, 171, 170, 164]","[10, 27, 34, 172, 171, 170, 164]",0,0,0,0,0,0,0,0,0,0,56.59340659340659,56.59340659340659,56.59340659340659,0.001860744508011337,0.001860744508011337
15,120,안양시청,2026-09-17 10:00:00,2026-09-17 12:00:00,walk,operating|wd,5,"[106, 16, 31, 161, 165]","[16, 31, 161, 165, 106]","[16, 31, 161, 165, 106]",1,1,0,0,0,0,0,0,1,-500,85.29411764705883,11.727616645649432,11.727616645649432,0.692566121000214,0.00026282528123658036
15,120,안양시청,2026-09-17 10:00:00,2026-09-17 12:00:00,fare,operating|wd,5,"[16, 106, 31, 161, 165]","[16, 31, 161, 165, 106]","[16, 31, 161, 165, 106]",1,0,0,0,0,0,0,0,0,0,11.727616645649432,11.727616645649432,11.727616645649432,0.00026282528123658036,0.00026282528123658036
15,120,안양시청,2026-09-17 12:00:00,2026-09-17 14:00:00,walk,operating|wd,5,"[106, 16, 31, 161, 165]","[106, 16, 31, 161, 165]","[106, 16, 31, 161, 165]",0,0,0,0,0,0,0,0,0,0,85.29411764705883,85.29411764705883,85.29411764705883,0.03607338116709276,0.03607338116709276
15,120,안양시청,2026-09-17 12:00:00,2026-09-17 14:00:00,fare,operating|wd,5,"[16, 106, 31, 161, 165]","[16, 106, 31, 161, 165]","[16, 106, 31, 161, 165]",0,0,0,0,0,0,0,0,0,0,12.484237074401008,12.484237074401008,12.484237074401008,0.0002903130384800541,0.0002903130384800541
15,120,안양시청,2026-09-17 14:00:00,2026-09-17 16:00:00,walk,operating|wd,5,"[106, 16, 31, 161, 165]","[106, 16, 31, 161, 165]","[106, 16, 31, 161, 165]",0,0,0,0,0,0,0,0,0,0,85.29411764705883,85.29411764705883,85.29411764705883,0.0556225136022406,0.0556225136022406
15,120,안양시청,2026-09-17 14:00:00,2026-09-17 16:00:00,fare,operating|wd,5,"[16, 106, 31, 161, 165]","[16, 106, 31, 161, 165]","[16, 106, 31, 161, 165]",0,0,0,0,0,0,0,0,0,0,16.14123581336696,16.14123581336696,16.14123581336696,0.0003411631393530291,0.0003411631393530291
15,120,석수역,2026-09-17 06:00:00,2026-09-17 08:00:00,walk,outside|wd,5,"[108, 25, 12, 13, 24]","[25, 12, 13, 24, 108]","[25, 12, 13, 24, 108]",1,1,1,0,0,1,0,1,21,0,94.95798319327731,50.847457627118644,50.847457627118644,0.8787046409909307,0.0003254263646010461
15,120,석수역,2026-09-17 06:00:00,2026-09-17 08:00:00,fare,outside|wd,5,"[108, 25, 13, 24, 12]","[25, 13, 24, 12, 108]","[25, 13, 24, 12, 108]",1,1,1,0,0,1,0,1,21,0,94.95798319327731,50.847457627118644,50.847457627118644,0.8787046409909307,0.0003254263646010461
15,120,석수역,2026-09-17 08:00:00,2026-09-17 10:00:00,walk,operating|wd,5,"[108, 25, 12, 13, 24]","[108, 25, 12, 13, 24]","[25, 12, 13, 24, 108]",0,0,0,0,0,0,0,0,0,0,42.857142857142854,42.857142857142854,30.508474576271187,0.09375438173762665,0.09375438173762665
15,120,석수역,2026-09-17 08:00:00,2026-09-17 10:00:00,fare,operating|wd,5,"[108, 25, 12, 13, 24]","[108, 25, 12, 13, 24]","[25, 12, 13, 24, 108]",0,0,0,0,0,0,0,0,0,0,42.857142857142854,42.857142857142854,30.508474576271187,0.09375438173762665,0.09375438173762665
15,120,석수역,2026-09-17 10:00:00,2026-09-17 12:00:00,walk,operating|wd,5,"[108, 25, 12, 13, 24]","[108, 25, 12, 13, 24]","[108, 25, 12, 13, 24]",0,0,0,0,0,0,0,0,0,0,43.69747899159664,43.69747899159664,43.69747899159664,0.009287396982328638,0.009287396982328638
15,120,석수역,2026-09-17 10:00:00,2026-09-17 12:00:00,fare,operating|wd,5,"[108, 25, 12, 13, 24]","[108, 25, 12, 13, 24]","[108, 25, 12, 13, 24]",0,0,0,0,0,0,0,0,0,0,43.69747899159664,43.69747899159664,43.69747899159664,0.009287396982328638,0.009287396982328638
15,120,석수역,2026-09-17 12:00:00,2026-09-17 14:00:00,walk,operating|wd,5,"[108, 25, 12, 13, 24]","[108, 25, 12, 13, 24]","[108, 25, 12, 13, 24]",0,0,0,0,0,0,0,0,0,0,47.05882352941177,47.05882352941177,47.05882352941177,0.008828238266201278,0.008828238266201278
15,120,석수역,2026-09-17 12:00:00,2026-09-17 14:00:00,fare,operating|wd,5,"[108, 25, 12, 13, 24]","[108, 25, 12, 13, 24]","[108, 25, 12, 13, 24]",0,0,0,0,0,0,0,0,0,0,47.05882352941177,47.05882352941177,47.05882352941177,0.008828238266201278,0.008828238266201278
15,120,석수역,2026-09-17 14:00:00,2026-09-17 16:00:00,walk,operating|wd,5,"[108, 25, 12, 13, 24]","[108, 25, 12, 13, 24]","[108, 25, 12, 13, 24]",0,0,0,0,0,0,0,0,0,0,47.05882352941177,47.05882352941177,47.05882352941177,0.022059275117100905,0.022059275117100905
15,120,석수역,2026-09-17 14:00:00,2026-09-17 16:00:00,fare,operating|wd,5,"[108, 25, 12, 13, 24]","[108, 25, 12, 13, 24]","[108, 25, 12, 13, 24]",0,0,0,0,0,0,0,0,0,0,47.05882352941177,47.05882352941177,47.05882352941177,0.022059275117100905,0.022059275117100905
15,120,석수역,2026-09-17 16:00:00,2026-09-17 18:00:00,walk,outside|wd,5,"[108, 25, 12, 13, 24]","[25, 12, 13, 24, 108]","[108, 25, 12, 13, 24]",1,1,1,0,1,1,0,1,21,0,94.95798319327731,11.864406779661017,94.95798319327731,0.8723033151166082,0.0004622408817501306
15,120,석수역,2026-09-17 16:00:00,2026-09-17 18:00:00,fare,outside|wd,5,"[108, 25, 13, 24, 12]","[25, 13, 24, 12, 108]","[108, 25, 13, 24, 12]",1,1,1,0,1,1,0,1,21,0,94.95798319327731,11.864406779661017,94.95798319327731,0.8723033151166082,0.0004622408817501306
15,120,석수역,2026-09-17 18:00:00,2026-09-17 20:00:00,walk,outside|wd,5,"[108, 25, 12, 13, 24]","[25, 12, 13, 24, 108]","[25, 12, 13, 24, 108]",1,1,1,0,0,1,0,1,21,0,94.95798319327731,4.237288135593221,4.237288135593221,0.9784684273247877,0.0003678156761080885
15,120,석수역,2026-09-17 18:00:00,2026-09-17 20:00:00,fare,outside|wd,5,"[108, 25, 13, 24, 12]","[25, 13, 24, 12, 108]","[25, 13, 24, 12, 108]",1,1,1,0,0,1,0,1,21,0,94.95798319327731,4.237288135593221,4.237288135593221,0.9784684273247877,0.0003678156761080885
15,120,석수역,2026-09-17 20:00:00,2026-09-17 22:00:00,walk,outside|wd,5,"[108, 25, 12, 13, 24]","[25, 12, 13, 24, 108]","[25, 12, 13, 24, 108]",1,1,1,0,0,1,0,1,21,0,94.95798319327731,17.796610169491526,17.796610169491526,0.9792916060412356,0.0005044914383024689
15,120,석수역,2026-09-17 20:00:00,2026-09-17 22:00:00,fare,outside|wd,5,"[108, 25, 13, 24, 12]","[25, 13, 24, 12, 108]","[25, 13, 24, 12, 108]",1,1,1,0,0,1,0,1,21,0,94.95798319327731,17.796610169491526,17.796610169491526,0.9792916060412356,0.0005044914383024689
15,120,범계역,2026-09-17 12:00:00,2026-09-17 14:00:00,walk,operating|wd,26,"[106, 16, 81, 241, 56, 261, 262, 30, 401, 183, 39, 182, 31, 161, 201, 42, 23, 165, 461, 166, 82, 40, 162, 521, 167, 163]","[106, 16, 81, 241, 56, 261, 262, 30, 401, 183, 39, 182, 31, 161, 201, 42, 23, 165, 461, 166, 82, 40, 162, 521, 167, 163]","[106, 16, 81, 241, 56, 261, 262, 30, 401, 183, 39, 182, 31, 161, 201, 42, 23, 165, 461, 166, 82, 40, 162, 521, 167, 163]",0,0,0,0,0,0,0,0,0,0,85.29411764705883,85.29411764705883,85.29411764705883,0.03607338116709276,0.03607338116709276
15,120,범계역,2026-09-17 12:00:00,2026-09-17 14:00:00,fare,operating|wd,26,"[16, 30, 401, 201, 42, 82, 521, 106, 81, 241, 56, 261, 262, 183, 39, 182, 31, 23, 461, 40, 161, 165, 166, 162, 167, 163]","[16, 30, 401, 201, 42, 82, 521, 106, 81, 241, 56, 261, 262, 183, 39, 182, 31, 23, 461, 40, 161, 165, 166, 162, 167, 163]","[16, 30, 401, 201, 42, 82, 521, 106, 81, 241, 56, 261, 262, 183, 39, 182, 31, 23, 461, 40, 161, 165, 166, 162, 167, 163]",0,0,0,0,0,0,0,0,0,0,12.484237074401008,12.484237074401008,12.484237074401008,0.0002903130384800541,0.0002903130384800541
15,120,안양역,2026-09-17 10:00:00,2026-09-17 12:00:00,walk,operating|wd,11,"[48, 112, 53, 11, 52, 7, 8, 38, 29, 18, 28]","[48, 112, 53, 11, 52, 7, 8, 38, 29, 18, 28]","[48, 112, 53, 11, 7, 8, 38, 29, 18, 28, 52]",0,0,0,0,0,0,0,0,0,0,20.833333333333332,20.833333333333332,20.833333333333332,0.00750826231080764,0.00750826231080764
15,120,안양역,2026-09-17 10:00:00,2026-09-17 12:00:00,fare,operating|wd,11,"[18, 8, 38, 28, 48, 112, 53, 11, 52, 7, 29]","[18, 8, 38, 28, 48, 112, 53, 11, 52, 7, 29]","[18, 8, 38, 28, 48, 112, 53, 11, 7, 29, 52]",0,0,0,0,0,0,0,0,0,0,26.785714285714285,26.785714285714285,26.785714285714285,0.00035263513573121545,0.00035263513573121545
15,120,안양역,2026-09-17 12:00:00,2026-09-17 14:00:00,walk,operating|wd,11,"[48, 112, 53, 11, 52, 7, 8, 38, 29, 18, 28]","[48, 112, 53, 11, 52, 7, 8, 38, 29, 18, 28]","[48, 112, 53, 11, 52, 7, 8, 38, 29, 18, 28]",0,0,0,0,0,0,0,0,0,0,25.0,25.0,25.0,0.0012569837305654711,0.0012569837305654711
15,120,안양역,2026-09-17 12:00:00,2026-09-17 14:00:00,fare,operating|wd,11,"[18, 8, 38, 28, 48, 112, 53, 11, 52, 7, 29]","[18, 8, 38, 28, 48, 112, 53, 11, 52, 7, 29]","[18, 8, 38, 28, 48, 112, 53, 11, 52, 7, 29]",0,0,0,0,0,0,0,0,0,0,28.571428571428573,28.571428571428573,28.571428571428573,0.00030286695408196523,0.00030286695408196523
15,120,평촌역,2026-09-17 12:00:00,2026-09-17 14:00:00,walk,operating|wd,25,"[16, 31, 106, 162, 166, 241, 163, 161, 167, 164, 37, 172, 168, 169, 27, 165, 261, 170, 262, 56, 171, 10, 21, 81, 34]","[16, 31, 106, 162, 166, 241, 163, 161, 167, 164, 37, 172, 168, 169, 27, 165, 261, 170, 262, 56, 171, 10, 21, 81, 34]","[16, 31, 106, 162, 166, 241, 163, 161, 167, 164, 37, 172, 168, 169, 27, 165, 261, 170, 262, 56, 171, 10, 21, 81, 34]",0,0,0,0,0,0,0,0,0,0,12.484237074401008,12.484237074401008,12.484237074401008,0.0002903130384800541,0.0002903130384800541
15,120,평촌역,2026-09-17 12:00:00,2026-09-17 14:00:00,fare,outside|wd,25,"[10, 16, 37, 27, 21, 34, 31, 106, 241, 172, 261, 262, 56, 81, 162, 166, 163, 161, 167, 164, 168, 169, 165, 170, 171]","[10, 16, 37, 27, 21, 34, 31, 106, 241, 172, 261, 262, 56, 81, 162, 166, 163, 161, 167, 164, 168, 169, 165, 170, 171]","[10, 16, 37, 27, 21, 34, 31, 106, 241, 172, 261, 262, 56, 81, 162, 166, 163, 161, 167, 164, 168, 169, 165, 170, 171]",0,0,0,0,0,0,0,0,0,0,52.1978021978022,52.1978021978022,52.1978021978022,0.0035466039179303565,0.0035466039179303565
15,120,평촌역,2026-09-17 14:00:00,2026-09-17 16:00:00,walk,operating|wd,25,"[16, 31, 106, 162, 166, 241, 163, 161, 167, 164, 37, 172, 168, 169, 27, 165, 261, 170, 262, 56, 171, 10, 21, 81, 34]","[16, 31, 106, 162, 166, 241, 163, 161, 167, 164, 37, 172, 168, 169, 27, 165, 261, 170, 262, 56, 171, 10, 21, 81, 34]","[16, 31, 106, 162, 166, 241, 163, 161, 167, 164, 37, 172, 168, 169, 27, 165, 261, 170, 262, 56, 171, 10, 21, 81, 34]",0,0,0,0,0,0,0,0,0,0,16.14123581336696,16.14123581336696,16.14123581336696,0.0003411631393530291,0.0003411631393530291
15,120,평촌역,2026-09-17 14:00:00,2026-09-17 16:00:00,fare,outside|wd,25,"[10, 16, 37, 27, 21, 34, 31, 106, 241, 172, 261, 262, 56, 81, 162, 166, 163, 161, 167, 164, 168, 169, 165, 170, 171]","[10, 16, 37, 27, 21, 34, 31, 106, 241, 172, 261, 262, 56, 81, 162, 166, 163, 161, 167, 164, 168, 169, 165, 170, 171]","[10, 16, 37, 27, 21, 34, 31, 106, 241, 172, 261, 262, 56, 81, 162, 166, 163, 161, 167, 164, 168, 169, 165, 170, 171]",0,0,0,0,0,0,0,0,0,0,53.2967032967033,53.2967032967033,53.2967032967033,0.0037512165161184257,0.0037512165161184257
15,120,인덕원역,2026-09-17 10:00:00,2026-09-17 12:00:00,walk,outside|wd,7,"[10, 172, 27, 171, 170, 164, 34]","[10, 172, 27, 171, 170, 164, 34]","[10, 172, 27, 171, 170, 164, 34]",0,0,0,0,0,0,0,0,0,0,58.79120879120879,58.79120879120879,58.79120879120879,0.008510090659225943,0.008510090659225943
15,120,인덕원역,2026-09-17 10:00:00,2026-09-17 12:00:00,fare,outside|wd,7,"[10, 27, 34, 172, 171, 170, 164]","[10, 27, 34, 172, 171, 170, 164]","[10, 27, 34, 172, 171, 170, 164]",0,0,0,0,0,0,0,0,0,0,58.79120879120879,58.79120879120879,58.79120879120879,0.008510090659225943,0.008510090659225943
15,120,인덕원역,2026-09-17 12:00:00,2026-09-17 14:00:00,walk,outside|wd,7,"[10, 172, 27, 171, 170, 164, 34]","[10, 172, 27, 171, 170, 164, 34]","[10, 172, 27, 171, 170, 164, 34]",0,0,0,0,0,0,0,0,0,0,52.1978021978022,52.1978021978022,52.1978021978022,0.0035466039179303565,0.0035466039179303565
15,120,인덕원역,2026-09-17 12:00:00,2026-09-17 14:00:00,fare,outside|wd,7,"[10, 27, 34, 172, 171, 170, 164]","[10, 27, 34, 172, 171, 170, 164]","[10, 27, 34, 172, 171, 170, 164]",0,0,0,0,0,0,0,0,0,0,52.1978021978022,52.1978021978022,52.1978021978022,0.0035466039179303565,0.0035466039179303565
15,120,인덕원역,2026-09-17 14:00:00,2026-09-17 16:00:00,walk,outside|wd,7,"[10, 172, 27, 171, 170, 164, 34]","[10, 172, 27, 171, 170, 164, 34]","[10, 172, 27, 171, 170, 164, 34]",0,0,0,0,0,0,0,0,0,0,53.2967032967033,53.2967032967033,53.2967032967033,0.0037512165161184257,0.0037512165161184257
15,120,인덕원역,2026-09-17 14:00:00,2026-09-17 16:00:00,fare,outside|wd,7,"[10, 27, 34, 172, 171, 170, 164]","[10, 27, 34, 172, 171, 170, 164]","[10, 27, 34, 172, 171, 170, 164]",0,0,0,0,0,0,0,0,0,0,53.2967032967033,53.2967032967033,53.2967032967033,0.0037512165161184257,0.0037512165161184257
15,240,안양시청,2026-09-17 10:00:00,2026-09-17 14:00:00,walk,operating|wd,5,"[106, 16, 31, 161, 165]","[16, 31, 161, 165, 106]","[16, 31, 161, 165, 106]",1,1,0,0,0,0,0,0,1,-500,85.29411764705883,12.484237074401008,12.484237074401008,0.7635007439171337,1.9913034724868296e-05
15,240,안양시청,2026-09-17 10:00:00,2026-09-17 14:00:00,fare,operating|wd,5,"[16, 106, 31, 161, 165]","[16, 31, 161, 165, 106]","[16, 31, 161, 165, 106]",1,0,0,0,0,0,0,0,0,0,12.484237074401008,12.484237074401008,12.484237074401008,1.9913034724868296e-05,1.9913034724868296e-05
15,240,안양시청,2026-09-17 12:00:00,2026-09-17 16:00:00,walk,operating|wd,5,"[106, 16, 31, 161, 165]","[106, 16, 31, 161, 165]","[106, 16, 31, 161, 165]",0,0,0,0,0,0,0,0,0,0,85.29411764705883,85.29411764705883,85.29411764705883,0.0503064419793243,0.0503064419793243
15,240,안양시청,2026-09-17 12:00:00,2026-09-17 16:00:00,fare,operating|wd,5,"[16, 106, 31, 161, 165]","[16, 106, 31, 161, 165]","[16, 106, 31, 161, 165]",0,0,0,0,0,0,0,0,0,0,16.14123581336696,16.14123581336696,16.14123581336696,2.4000963490906162e-05,2.4000963490906162e-05
15,240,석수역,2026-09-17 06:00:00,2026-09-17 10:00:00,walk,operating|wd,5,"[108, 25, 12, 13, 24]","[108, 25, 12, 13, 24]","[25, 12, 13, 24, 108]",0,0,0,0,0,0,0,0,0,0,42.857142857142854,42.857142857142854,30.508474576271187,0.0017005816776632214,0.0017005816776632214
15,240,석수역,2026-09-17 06:00:00,2026-09-17 10:00:00,fare,operating|wd,5,"[108, 25, 12, 13, 24]","[108, 25, 12, 13, 24]","[25, 12, 13, 24, 108]",0,0,0,0,0,0,0,0,0,0,42.857142857142854,42.857142857142854,30.508474576271187,0.0017005816776632214,0.0017005816776632214
15,240,석수역,2026-09-17 08:00:00,2026-09-17 12:00:00,walk,operating|wd,5,"[108, 25, 12, 13, 24]","[108, 25, 12, 13, 24]","[25, 12, 13, 24, 108]",0,0,0,0,0,0,0,0,0,0,43.69747899159664,43.69747899159664,22.88135593220339,0.0022116940992972026,0.0022116940992972026
15,240,석수역,2026-09-17 08:00:00,2026-09-17 12:00:00,fare,operating|wd,5,"[108, 25, 12, 13, 24]","[108, 25, 12, 13, 24]","[25, 12, 13, 24, 108]",0,0,0,0,0,0,0,0,0,0,43.69747899159664,43.69747899159664,22.88135593220339,0.0022116940992972026,0.0022116940992972026
15,240,석수역,2026-09-17 10:00:00,2026-09-17 14:00:00,walk,operating|wd,5,"[108, 25, 12, 13, 24]","[108, 25, 12, 13, 24]","[108, 25, 12, 13, 24]",0,0,0,0,0,0,0,0,0,0,47.05882352941177,47.05882352941177,47.05882352941177,0.007396349346795909,0.007396349346795909
15,240,석수역,2026-09-17 10:00:00,2026-09-17 14:00:00,fare,operating|wd,5,"[108, 25, 12, 13, 24]","[108, 25, 12, 13, 24]","[108, 25, 12, 13, 24]",0,0,0,0,0,0,0,0,0,0,47.05882352941177,47.05882352941177,47.05882352941177,0.007396349346795909,0.007396349346795909
15,240,석수역,2026-09-17 12:00:00,2026-09-17 16:00:00,walk,operating|wd,5,"[108, 25, 12, 13, 24]","[108, 25, 12, 13, 24]","[108, 25, 12, 13, 24]",0,0,0,0,0,0,0,0,0,0,47.05882352941177,47.05882352941177,47.05882352941177,0.017109010086491478,0.017109010086491478
15,240,석수역,2026-09-17 12:00:00,2026-09-17 16:00:00,fare,operating|wd,5,"[108, 25, 12, 13, 24]","[108, 25, 12, 13, 24]","[108, 25, 12, 13, 24]",0,0,0,0,0,0,0,0,0,0,47.05882352941177,47.05882352941177,47.05882352941177,0.017109010086491478,0.017109010086491478
15,240,석수역,2026-09-17 14:00:00,2026-09-17 18:00:00,walk,outside|wd,5,"[108, 25, 12, 13, 24]","[25, 12, 13, 24, 108]","[108, 25, 12, 13, 24]",1,1,1,0,1,1,0,1,21,0,94.95798319327731,11.864406779661017,94.95798319327731,0.8562073613865407,2.9514760839335147e-05
15,240,석수역,2026-09-17 14:00:00,2026-09-17 18:00:00,fare,outside|wd,5,"[108, 25, 13, 24, 12]","[25, 13, 24, 12, 108]","[108, 25, 13, 24, 12]",1,1,1,0,1,1,0,1,21,0,94.95798319327731,11.864406779661017,94.95798319327731,0.8562073613865407,2.9514760839335147e-05
15,240,석수역,2026-09-17 16:00:00,2026-09-17 20:00:00,walk,outside|wd,5,"[108, 25, 12, 13, 24]","[25, 12, 13, 24, 108]","[108, 25, 12, 13, 24]",1,1,1,0,1,1,0,1,21,0,94.95798319327731,4.237288135593221,94.95798319327731,0.8788231321334476,2.986611375488675e-05
15,240,석수역,2026-09-17 16:00:00,2026-09-17 20:00:00,fare,outside|wd,5,"[108, 25, 13, 24, 12]","[25, 13, 24, 12, 108]","[108, 25, 13, 24, 12]",1,1,1,0,1,1,0,1,21,0,94.95798319327731,4.237288135593221,94.95798319327731,0.8788231321334476,2.986611375488675e-05
15,240,석수역,2026-09-17 18:00:00,2026-09-17 22:00:00,walk,outside|wd,5,"[108, 25, 12, 13, 24]","[25, 12, 13, 24, 108]","[25, 12, 13, 24, 108]",1,1,1,0,0,1,0,1,21,0,94.95798319327731,17.796610169491526,17.796610169491526,0.9844677510529397,2.9943304402864712e-05
15,240,석수역,2026-09-17 18:00:00,2026-09-17 22:00:00,fare,outside|wd,5,"[108, 25, 13, 24, 12]","[25, 13, 24, 12, 108]","[25, 13, 24, 12, 108]",1,1,1,0,0,1,0,1,21,0,94.95798319327731,17.796610169491526,17.796610169491526,0.9844677510529397,2.9943304402864712e-05
15,240,안양역,2026-09-17 10:00:00,2026-09-17 14:00:00,walk,operating|wd,11,"[48, 112, 53, 11, 52, 7, 8, 38, 29, 18, 28]","[48, 112, 53, 11, 52, 7, 8, 38, 29, 18, 28]","[48, 112, 53, 11, 7, 8, 38, 29, 18, 28, 52]",0,0,0,0,0,0,0,0,0,0,25.0,25.0,25.0,0.0014405877050806225,0.0014405877050806225
15,240,안양역,2026-09-17 10:00:00,2026-09-17 14:00:00,fare,operating|wd,11,"[18, 8, 38, 28, 48, 112, 53, 11, 52, 7, 29]","[18, 8, 38, 28, 48, 112, 53, 11, 52, 7, 29]","[18, 8, 38, 28, 48, 112, 53, 11, 7, 29, 52]",0,0,0,0,0,0,0,0,0,0,28.571428571428573,28.571428571428573,28.571428571428573,2.7211798301802888e-05,2.7211798301802888e-05
15,240,평촌역,2026-09-17 12:00:00,2026-09-17 16:00:00,walk,operating|wd,25,"[16, 31, 106, 162, 166, 241, 163, 161, 167, 164, 37, 172, 168, 169, 27, 165, 261, 170, 262, 56, 171, 10, 21, 81, 34]","[16, 31, 106, 162, 166, 241, 163, 161, 167, 164, 37, 172, 168, 169, 27, 165, 261, 170, 262, 56, 171, 10, 21, 81, 34]","[16, 31, 106, 162, 166, 241, 163, 161, 167, 164, 37, 172, 168, 169, 27, 165, 261, 170, 262, 56, 171, 10, 21, 81, 34]",0,0,0,0,0,0,0,0,0,0,16.14123581336696,16.14123581336696,16.14123581336696,2.4000963490906162e-05,2.4000963490906162e-05
15,240,평촌역,2026-09-17 12:00:00,2026-09-17 16:00:00,fare,outside|wd,25,"[10, 16, 37, 27, 21, 34, 31, 106, 241, 172, 261, 262, 56, 81, 162, 166, 163, 161, 167, 164, 168, 169, 165, 170, 171]","[10, 16, 37, 27, 21, 34, 31, 106, 241, 172, 261, 262, 56, 81, 162, 166, 163, 161, 167, 164, 168, 169, 165, 170, 171]","[10, 16, 37, 27, 21, 34, 31, 106, 241, 172, 261, 262, 56, 81, 162, 166, 163, 161, 167, 164, 168, 169, 165, 170, 171]",0,0,0,0,0,0,0,0,0,0,53.2967032967033,53.2967032967033,53.2967032967033,0.0014463263258774558,0.0014463263258774558
15,240,인덕원역,2026-09-17 10:00:00,2026-09-17 14:00:00,walk,outside|wd,7,"[10, 172, 27, 171, 170, 164, 34]","[10, 172, 27, 171, 170, 164, 34]","[10, 172, 27, 171, 170, 164, 34]",0,0,0,0,0,0,0,0,0,0,52.1978021978022,52.1978021978022,52.1978021978022,0.001096569255356365,0.001096569255356365
15,240,인덕원역,2026-09-17 10:00:00,2026-09-17 14:00:00,fare,outside|wd,7,"[10, 27, 34, 172, 171, 170, 164]","[10, 27, 34, 172, 171, 170, 164]","[10, 27, 34, 172, 171, 170, 164]",0,0,0,0,0,0,0,0,0,0,52.1978021978022,52.1978021978022,52.1978021978022,0.001096569255356365,0.001096569255356365
15,240,인덕원역,2026-09-17 12:00:00,2026-09-17 16:00:00,walk,outside|wd,7,"[10, 172, 27, 171, 170, 164, 34]","[10, 172, 27, 171, 170, 164, 34]","[10, 172, 27, 171, 170, 164, 34]",0,0,0,0,0,0,0,0,0,0,53.2967032967033,53.2967032967033,53.2967032967033,0.0014463263258774558,0.0014463263258774558
15,240,인덕원역,2026-09-17 12:00:00,2026-09-17 16:00:00,fare,outside|wd,7,"[10, 27, 34, 172, 171, 170, 164]","[10, 27, 34, 172, 171, 170, 164]","[10, 27, 34, 172, 171, 170, 164]",0,0,0,0,0,0,0,0,0,0,53.2967032967033,53.2967032967033,53.2967032967033,0.0014463263258774558,0.0014463263258774558
15,360,안양시청,2026-09-17 10:00:00,2026-09-17 16:00:00,walk,operating|wd,5,"[106, 16, 31, 161, 165]","[16, 31, 161, 165, 106]","[16, 31, 161, 165, 106]",1,1,0,0,0,0,0,0,1,-500,85.29411764705883,16.14123581336696,16.14123581336696,0.7383951445325476,3.4049300157886655e-06
15,360,안양시청,2026-09-17 10:00:00,2026-09-17 16:00:00,fare,operating|wd,5,"[16, 106, 31, 161, 165]","[16, 31, 161, 165, 106]","[16, 31, 161, 165, 106]",1,0,0,0,0,0,0,0,0,0,16.14123581336696,16.14123581336696,16.14123581336696,3.4049300157886655e-06,3.4049300157886655e-06
15,360,석수역,2026-09-17 06:00:00,2026-09-17 12:00:00,walk,operating|wd,5,"[108, 25, 12, 13, 24]","[108, 25, 12, 13, 24]","[25, 12, 13, 24, 108]",0,0,0,0,0,0,0,0,0,0,43.69747899159664,43.69747899159664,22.88135593220339,0.0010321518344135437,0.0010321518344135437
15,360,석수역,2026-09-17 06:00:00,2026-09-17 12:00:00,fare,operating|wd,5,"[108, 25, 12, 13, 24]","[108, 25, 12, 13, 24]","[25, 12, 13, 24, 108]",0,0,0,0,0,0,0,0,0,0,43.69747899159664,43.69747899159664,22.88135593220339,0.0010321518344135437,0.0010321518344135437
15,360,석수역,2026-09-17 08:00:00,2026-09-17 14:00:00,walk,operating|wd,5,"[108, 25, 12, 13, 24]","[108, 25, 12, 13, 24]","[25, 12, 13, 24, 108]",0,0,0,0,0,0,0,0,0,0,47.05882352941177,47.05882352941177,9.322033898305085,0.0017453145510180406,0.0017453145510180406
15,360,석수역,2026-09-17 08:00:00,2026-09-17 14:00:00,fare,operating|wd,5,"[108, 25, 12, 13, 24]","[108, 25, 12, 13, 24]","[25, 12, 13, 24, 108]",0,0,0,0,0,0,0,0,0,0,47.05882352941177,47.05882352941177,9.322033898305085,0.0017453145510180406,0.0017453145510180406
15,360,석수역,2026-09-17 10:00:00,2026-09-17 16:00:00,walk,operating|wd,5,"[108, 25, 12, 13, 24]","[108, 25, 12, 13, 24]","[108, 25, 12, 13, 24]",0,0,0,0,0,0,0,0,0,0,47.05882352941177,47.05882352941177,47.05882352941177,0.009195383045254333,0.009195383045254333
15,360,석수역,2026-09-17 10:00:00,2026-09-17 16:00:00,fare,operating|wd,5,"[108, 25, 12, 13, 24]","[108, 25, 12, 13, 24]","[108, 25, 12, 13, 24]",0,0,0,0,0,0,0,0,0,0,47.05882352941177,47.05882352941177,47.05882352941177,0.009195383045254333,0.009195383045254333
15,360,석수역,2026-09-17 12:00:00,2026-09-17 18:00:00,walk,outside|wd,5,"[108, 25, 12, 13, 24]","[25, 12, 13, 24, 108]","[108, 25, 12, 13, 24]",1,1,1,0,1,1,0,1,21,0,94.95798319327731,11.864406779661017,94.95798319327731,0.8516742954674885,3.4234945882403322e-06
15,360,석수역,2026-09-17 12:00:00,2026-09-17 18:00:00,fare,outside|wd,5,"[108, 25, 13, 24, 12]","[25, 13, 24, 12, 108]","[108, 25, 13, 24, 12]",1,1,1,0,1,1,0,1,21,0,94.95798319327731,11.864406779661017,94.95798319327731,0.8516742954674885,3.4234945882403322e-06
15,360,석수역,2026-09-17 14:00:00,2026-09-17 20:00:00,walk,outside|wd,5,"[108, 25, 12, 13, 24]","[25, 12, 13, 24, 108]","[108, 25, 12, 13, 24]",1,1,1,0,1,1,0,1,21,0,94.95798319327731,4.237288135593221,94.95798319327731,0.8964995324529851,4.5524479256346995e-06
15,360,석수역,2026-09-17 14:00:00,2026-09-17 20:00:00,fare,outside|wd,5,"[108, 25, 13, 24, 12]","[25, 13, 24, 12, 108]","[108, 25, 13, 24, 12]",1,1,1,0,1,1,0,1,21,0,94.95798319327731,4.237288135593221,94.95798319327731,0.8964995324529851,4.5524479256346995e-06
15,360,석수역,2026-09-17 16:00:00,2026-09-17 22:00:00,walk,outside|wd,5,"[108, 25, 12, 13, 24]","[25, 12, 13, 24, 108]","[108, 25, 12, 13, 24]",1,1,1,0,1,1,0,1,21,0,94.95798319327731,17.796610169491526,94.95798319327731,0.9036548772410163,4.554637127565135e-06
15,360,석수역,2026-09-17 16:00:00,2026-09-17 22:00:00,fare,outside|wd,5,"[108, 25, 13, 24, 12]","[25, 13, 24, 12, 108]","[108, 25, 13, 24, 12]",1,1,1,0,1,1,0,1,21,0,94.95798319327731,17.796610169491526,94.95798319327731,0.9036548772410163,4.554637127565135e-06
15,360,인덕원역,2026-09-17 10:00:00,2026-09-17 16:00:00,walk,outside|wd,7,"[10, 172, 27, 171, 170, 164, 34]","[10, 172, 27, 171, 170, 164, 34]","[10, 172, 27, 171, 170, 164, 34]",0,0,0,0,0,0,0,0,0,0,53.2967032967033,53.2967032967033,53.2967032967033,0.00024156445217712308,0.00024156445217712308
15,360,인덕원역,2026-09-17 10:00:00,2026-09-17 16:00:00,fare,outside|wd,7,"[10, 27, 34, 172, 171, 170, 164]","[10, 27, 34, 172, 171, 170, 164]","[10, 27, 34, 172, 171, 170, 164]",0,0,0,0,0,0,0,0,0,0,53.2967032967033,53.2967032967033,53.2967032967033,0.00024156445217712308,0.00024156445217712308
16,15,안양시청,2026-09-18 10:00:00,2026-09-18 10:15:00,walk,operating|wd,5,"[106, 16, 31, 161, 165]","[16, 31, 161, 165, 106]","[16, 31, 161, 165, 106]",1,1,0,0,0,0,0,0,1,-500,85.29411764705883,13.240857503152585,13.240857503152585,0.7708866187509236,3.2399923265678935e-05
16,15,안양시청,2026-09-18 10:00:00,2026-09-18 10:15:00,fare,operating|wd,5,"[16, 106, 31, 161, 165]","[16, 31, 161, 165, 106]","[16, 31, 161, 165, 106]",1,0,0,0,0,0,0,0,0,0,13.240857503152585,13.240857503152585,13.240857503152585,3.2399923265678935e-05,3.2399923265678935e-05
16,15,안양시청,2026-09-18 12:00:00,2026-09-18 12:15:00,walk,operating|wd,5,"[106, 16, 31, 161, 165]","[16, 31, 161, 165, 106]","[16, 31, 161, 165, 106]",1,1,1,0,0,1,0,1,1,-500,100.0,12.23203026481715,12.23203026481715,0.9989335307958088,4.8261962289951706e-05
16,15,안양시청,2026-09-18 12:00:00,2026-09-18 12:15:00,fare,operating|wd,5,"[16, 106, 31, 161, 165]","[16, 31, 161, 165, 106]","[16, 31, 161, 165, 106]",1,0,0,0,0,0,0,0,0,0,12.23203026481715,12.23203026481715,12.23203026481715,4.8261962289951706e-05,4.8261962289951706e-05
16,15,안양시청,2026-09-18 14:00:00,2026-09-18 14:15:00,walk,operating|wd,5,"[106, 16, 31, 161, 165]","[16, 31, 161, 165, 106]","[16, 31, 161, 165, 106]",1,1,1,0,0,1,0,1,1,-500,100.0,11.223203026481714,11.223203026481714,0.9982837222446633,3.1921251129148125e-05
16,15,안양시청,2026-09-18 14:00:00,2026-09-18 14:15:00,fare,operating|wd,5,"[16, 106, 31, 161, 165]","[16, 31, 161, 165, 106]","[16, 31, 161, 165, 106]",1,0,0,0,0,0,0,0,0,0,11.223203026481714,11.223203026481714,11.223203026481714,3.1921251129148125e-05,3.1921251129148125e-05
16,15,안양시청,2026-09-18 16:00:00,2026-09-18 16:15:00,walk,operating|wd,5,"[106, 16, 31, 161, 165]","[16, 31, 161, 165, 106]","[16, 31, 161, 165, 106]",1,1,1,0,0,1,0,1,1,-500,100.0,15.889029003783103,15.889029003783103,0.9985434269883552,3.438854642720148e-05
16,15,안양시청,2026-09-18 16:00:00,2026-09-18 16:15:00,fare,operating|wd,5,"[16, 106, 31, 161, 165]","[16, 31, 161, 165, 106]","[16, 31, 161, 165, 106]",1,0,0,0,0,0,0,0,0,0,15.889029003783103,15.889029003783103,15.889029003783103,3.438854642720148e-05,3.438854642720148e-05
16,15,석수역,2026-09-18 06:00:00,2026-09-18 06:15:00,walk,outside|wd,5,"[108, 25, 12, 13, 24]","[25, 12, 13, 24, 108]","[25, 12, 13, 24, 108]",1,1,1,0,0,1,0,1,21,0,98.31932773109244,65.2542372881356,65.2542372881356,0.9974515075904472,5.6925798476267135e-05
16,15,석수역,2026-09-18 06:00:00,2026-09-18 06:15:00,fare,outside|wd,5,"[108, 25, 13, 24, 12]","[25, 13, 24, 12, 108]","[25, 13, 24, 12, 108]",1,1,1,0,0,1,0,1,21,0,98.31932773109244,65.2542372881356,65.2542372881356,0.9974515075904472,5.6925798476267135e-05
16,15,석수역,2026-09-18 08:00:00,2026-09-18 08:15:00,walk,outside|wd,5,"[108, 25, 12, 13, 24]","[25, 12, 13, 24, 108]","[25, 12, 13, 24, 108]",1,1,1,0,0,1,0,1,21,0,97.47899159663865,58.47457627118644,58.47457627118644,0.9978305528066436,5.3577201066142616e-05
16,15,석수역,2026-09-18 08:00:00,2026-09-18 08:15:00,fare,outside|wd,5,"[108, 25, 13, 24, 12]","[25, 13, 24, 12, 108]","[25, 13, 24, 12, 108]",1,1,1,0,0,1,0,1,21,0,97.47899159663865,58.47457627118644,58.47457627118644,0.9978305528066436,5.3577201066142616e-05
16,15,석수역,2026-09-18 10:00:00,2026-09-18 10:15:00,walk,operating|wd,5,"[108, 25, 12, 13, 24]","[108, 25, 12, 13, 24]","[108, 25, 12, 13, 24]",0,0,0,0,0,0,0,0,0,0,48.739495798319325,48.739495798319325,48.739495798319325,0.00015902914746678123,0.00015902914746678123
16,15,석수역,2026-09-18 10:00:00,2026-09-18 10:15:00,fare,operating|wd,5,"[108, 25, 12, 13, 24]","[108, 25, 12, 13, 24]","[108, 25, 12, 13, 24]",0,0,0,0,0,0,0,0,0,0,48.739495798319325,48.739495798319325,48.739495798319325,0.00015902914746678123,0.00015902914746678123
16,15,석수역,2026-09-18 12:00:00,2026-09-18 12:15:00,walk,operating|wd,5,"[108, 25, 12, 13, 24]","[108, 25, 12, 13, 24]","[108, 25, 12, 13, 24]",0,0,0,0,0,0,0,0,0,0,42.857142857142854,42.857142857142854,42.857142857142854,0.0013633910891793469,0.0013633910891793469
16,15,석수역,2026-09-18 12:00:00,2026-09-18 12:15:00,fare,operating|wd,5,"[108, 25, 12, 13, 24]","[108, 25, 12, 13, 24]","[108, 25, 12, 13, 24]",0,0,0,0,0,0,0,0,0,0,42.857142857142854,42.857142857142854,42.857142857142854,0.0013633910891793469,0.0013633910891793469
16,15,석수역,2026-09-18 14:00:00,2026-09-18 14:15:00,walk,operating|wd,5,"[108, 25, 12, 13, 24]","[108, 25, 12, 13, 24]","[108, 25, 12, 13, 24]",0,0,0,0,0,0,0,0,0,0,38.65546218487395,38.65546218487395,38.65546218487395,0.0002270679141983423,0.0002270679141983423
16,15,석수역,2026-09-18 14:00:00,2026-09-18 14:15:00,fare,operating|wd,5,"[108, 25, 12, 13, 24]","[108, 25, 12, 13, 24]","[108, 25, 12, 13, 24]",0,0,0,0,0,0,0,0,0,0,38.65546218487395,38.65546218487395,38.65546218487395,0.0002270679141983423,0.0002270679141983423
16,15,석수역,2026-09-18 16:00:00,2026-09-18 16:15:00,walk,operating|wd,5,"[108, 25, 12, 13, 24]","[108, 25, 12, 13, 24]","[108, 25, 12, 13, 24]",0,0,0,0,0,0,0,0,0,0,40.33613445378151,40.33613445378151,40.33613445378151,0.0005522830190391256,0.0005522830190391256
16,15,석수역,2026-09-18 16:00:00,2026-09-18 16:15:00,fare,operating|wd,5,"[108, 25, 13, 24, 12]","[108, 25, 13, 24, 12]","[108, 25, 13, 24, 12]",0,0,0,0,0,0,0,0,0,0,40.33613445378151,40.33613445378151,40.33613445378151,0.0005522830190391256,0.0005522830190391256
16,15,석수역,2026-09-18 18:00:00,2026-09-18 18:15:00,walk,outside|wd,5,"[108, 25, 12, 13, 24]","[108, 25, 12, 13, 24]","[108, 25, 12, 13, 24]",0,0,0,0,0,0,0,0,0,0,89.91596638655462,89.91596638655462,89.91596638655462,0.4018992132895129,0.4018992132895129
16,15,석수역,2026-09-18 18:00:00,2026-09-18 18:15:00,fare,outside|wd,5,"[108, 25, 13, 24, 12]","[108, 25, 13, 24, 12]","[108, 25, 13, 24, 12]",0,0,0,0,0,0,0,0,0,0,89.91596638655462,89.91596638655462,89.91596638655462,0.4018992132895129,0.4018992132895129
16,15,석수역,2026-09-18 20:00:00,2026-09-18 20:15:00,walk,outside|wd,5,"[108, 25, 12, 13, 24]","[108, 25, 12, 13, 24]","[108, 25, 12, 13, 24]",0,0,0,0,0,0,0,0,0,0,89.91596638655462,89.91596638655462,89.91596638655462,0.49483674767567104,0.49483674767567104
16,15,석수역,2026-09-18 20:00:00,2026-09-18 20:15:00,fare,outside|wd,5,"[108, 25, 13, 24, 12]","[108, 25, 13, 24, 12]","[108, 25, 13, 24, 12]",0,0,0,0,0,0,0,0,0,0,89.91596638655462,89.91596638655462,89.91596638655462,0.49483674767567104,0.49483674767567104
16,15,석수역,2026-09-18 22:00:00,2026-09-18 22:15:00,walk,outside|wd,5,"[108, 25, 12, 13, 24]","[25, 12, 13, 24, 108]","[108, 25, 12, 13, 24]",1,1,0,0,0,0,0,0,21,0,89.91596638655462,61.86440677966102,89.91596638655462,0.5949363279552186,0.00020152275904013965
16,15,석수역,2026-09-18 22:00:00,2026-09-18 22:15:00,fare,outside|wd,5,"[108, 25, 13, 24, 12]","[25, 13, 24, 12, 108]","[108, 25, 13, 24, 12]",1,1,0,0,0,0,0,0,21,0,89.91596638655462,61.86440677966102,89.91596638655462,0.5949363279552186,0.00020152275904013965
16,15,범계역,2026-09-18 12:00:00,2026-09-18 12:15:00,walk,operating|wd,26,"[106, 16, 81, 241, 56, 261, 262, 30, 401, 183, 39, 182, 31, 161, 201, 42, 23, 165, 461, 166, 82, 40, 162, 521, 167, 163]","[16, 81, 241, 56, 261, 262, 30, 401, 183, 39, 182, 31, 161, 201, 42, 23, 165, 461, 166, 82, 40, 162, 521, 167, 163, 106]","[16, 81, 241, 56, 261, 262, 30, 401, 183, 39, 182, 31, 161, 201, 42, 23, 165, 461, 166, 82, 40, 162, 521, 167, 163, 106]",1,1,1,0,0,1,0,1,1,-500,100.0,12.23203026481715,12.23203026481715,0.9989335307958088,4.8261962289951706e-05
16,15,범계역,2026-09-18 12:00:00,2026-09-18 12:15:00,fare,operating|wd,26,"[16, 30, 401, 201, 42, 82, 521, 106, 81, 241, 56, 261, 262, 183, 39, 182, 31, 23, 461, 40, 161, 165, 166, 162, 167, 163]","[16, 30, 401, 201, 42, 82, 521, 81, 241, 56, 261, 262, 183, 39, 182, 31, 23, 461, 40, 161, 165, 166, 162, 167, 163, 106]","[16, 30, 401, 201, 42, 82, 521, 81, 241, 56, 261, 262, 183, 39, 182, 31, 23, 461, 40, 161, 165, 166, 162, 167, 163, 106]",1,0,0,0,0,0,0,0,0,0,12.23203026481715,12.23203026481715,12.23203026481715,4.8261962289951706e-05,4.8261962289951706e-05
16,15,범계역,2026-09-18 14:00:00,2026-09-18 14:15:00,walk,operating|wd,26,"[106, 16, 81, 241, 56, 261, 262, 30, 401, 183, 39, 182, 31, 161, 201, 42, 23, 165, 461, 166, 82, 40, 162, 521, 167, 163]","[16, 81, 241, 56, 261, 262, 30, 401, 183, 39, 182, 31, 161, 201, 42, 23, 165, 461, 166, 82, 40, 162, 521, 167, 163, 106]","[16, 81, 241, 56, 261, 262, 30, 401, 183, 39, 182, 31, 161, 201, 42, 23, 165, 461, 166, 82, 40, 162, 521, 167, 163, 106]",1,1,1,0,0,1,0,1,1,-500,100.0,11.223203026481714,11.223203026481714,0.9982837222446633,3.1921251129148125e-05
16,15,범계역,2026-09-18 14:00:00,2026-09-18 14:15:00,fare,operating|wd,26,"[16, 30, 401, 201, 42, 82, 521, 106, 81, 241, 56, 261, 262, 183, 39, 182, 31, 23, 461, 40, 161, 165, 166, 162, 167, 163]","[16, 30, 401, 201, 42, 82, 521, 81, 241, 56, 261, 262, 183, 39, 182, 31, 23, 461, 40, 161, 165, 166, 162, 167, 163, 106]","[16, 30, 401, 201, 42, 82, 521, 81, 241, 56, 261, 262, 183, 39, 182, 31, 23, 461, 40, 161, 165, 166, 162, 167, 163, 106]",1,0,0,0,0,0,0,0,0,0,11.223203026481714,11.223203026481714,11.223203026481714,3.1921251129148125e-05,3.1921251129148125e-05
16,15,안양역,2026-09-18 10:00:00,2026-09-18 10:15:00,walk,operating|wd,11,"[48, 112, 53, 11, 52, 7, 8, 38, 29, 18, 28]","[48, 112, 53, 11, 52, 7, 8, 38, 29, 18, 28]","[112, 11, 7, 8, 38, 29, 18, 28, 48, 53, 52]",0,0,0,0,0,0,0,0,0,0,45.833333333333336,45.833333333333336,48.0,0.011459046289141002,0.011459046289141002
16,15,안양역,2026-09-18 10:00:00,2026-09-18 10:15:00,fare,operating|wd,11,"[18, 8, 38, 28, 48, 112, 53, 11, 52, 7, 29]","[18, 8, 38, 28, 48, 112, 53, 11, 52, 7, 29]","[18, 8, 38, 28, 112, 11, 7, 29, 48, 53, 52]",0,0,0,0,0,0,0,0,0,0,30.357142857142858,30.357142857142858,30.357142857142858,3.456082752776075e-05,3.456082752776075e-05
16,15,안양역,2026-09-18 12:00:00,2026-09-18 12:15:00,walk,operating|wd,11,"[48, 112, 53, 11, 52, 7, 8, 38, 29, 18, 28]","[48, 112, 53, 11, 52, 7, 8, 38, 29, 18, 28]","[48, 112, 53, 11, 52, 7, 8, 38, 29, 18, 28]",0,0,0,0,0,0,0,0,0,0,33.333333333333336,33.333333333333336,33.333333333333336,0.00011776160524092027,0.00011776160524092027
16,15,안양역,2026-09-18 12:00:00,2026-09-18 12:15:00,fare,operating|wd,11,"[18, 8, 38, 28, 48, 112, 53, 11, 52, 7, 29]","[18, 8, 38, 28, 48, 112, 53, 11, 52, 7, 29]","[18, 8, 38, 28, 48, 112, 53, 11, 52, 7, 29]",0,0,0,0,0,0,0,0,0,0,21.428571428571427,21.428571428571427,21.428571428571427,4.8261962289951706e-05,4.8261962289951706e-05
16,15,안양역,2026-09-18 14:00:00,2026-09-18 14:15:00,walk,operating|wd,11,"[48, 112, 53, 11, 52, 7, 8, 38, 29, 18, 28]","[48, 112, 53, 11, 52, 7, 8, 38, 29, 18, 28]","[48, 112, 53, 11, 52, 7, 8, 38, 29, 18, 28]",0,0,0,0,0,0,0,0,0,0,33.333333333333336,33.333333333333336,33.333333333333336,9.10311669837118e-05,9.10311669837118e-05
16,15,안양역,2026-09-18 14:00:00,2026-09-18 14:15:00,fare,operating|wd,11,"[18, 8, 38, 28, 48, 112, 53, 11, 52, 7, 29]","[18, 8, 38, 28, 48, 112, 53, 11, 52, 7, 29]","[18, 8, 38, 28, 48, 112, 53, 11, 52, 7, 29]",0,0,0,0,0,0,0,0,0,0,26.785714285714285,26.785714285714285,26.785714285714285,3.329002810706494e-05,3.329002810706494e-05
16,15,평촌역,2026-09-18 12:00:00,2026-09-18 12:15:00,walk,operating|wd,25,"[16, 31, 106, 162, 166, 241, 163, 161, 167, 164, 37, 172, 168, 169, 27, 165, 261, 170, 262, 56, 171, 10, 21, 81, 34]","[16, 31, 162, 166, 241, 163, 161, 167, 164, 37, 172, 168, 169, 27, 165, 261, 170, 262, 56, 171, 10, 21, 81, 34, 106]","[16, 31, 162, 166, 241, 163, 161, 167, 164, 37, 172, 168, 169, 27, 165, 261, 170, 262, 56, 171, 10, 21, 81, 34, 106]",1,0,0,0,0,0,0,0,0,0,12.23203026481715,12.23203026481715,12.23203026481715,4.8261962289951706e-05,4.8261962289951706e-05
16,15,평촌역,2026-09-18 12:00:00,2026-09-18 12:15:00,fare,outside|wd,25,"[10, 16, 37, 27, 21, 34, 31, 106, 241, 172, 261, 262, 56, 81, 162, 166, 163, 161, 167, 164, 168, 169, 165, 170, 171]","[10, 16, 37, 27, 21, 34, 31, 241, 172, 261, 262, 56, 81, 162, 166, 163, 161, 167, 164, 168, 169, 165, 170, 171, 106]","[10, 16, 37, 27, 21, 34, 31, 241, 172, 261, 262, 56, 81, 162, 166, 163, 161, 167, 164, 168, 169, 165, 170, 171, 106]",1,0,0,0,0,0,0,0,0,0,46.7032967032967,46.7032967032967,46.7032967032967,9.90330095226424e-05,9.90330095226424e-05
16,15,평촌역,2026-09-18 14:00:00,2026-09-18 14:15:00,walk,operating|wd,25,"[16, 31, 106, 162, 166, 241, 163, 161, 167, 164, 37, 172, 168, 169, 27, 165, 261, 170, 262, 56, 171, 10, 21, 81, 34]","[16, 31, 162, 166, 241, 163, 161, 167, 164, 37, 172, 168, 169, 27, 165, 261, 170, 262, 56, 171, 10, 21, 81, 34, 106]","[16, 31, 162, 166, 241, 163, 161, 167, 164, 37, 172, 168, 169, 27, 165, 261, 170, 262, 56, 171, 10, 21, 81, 34, 106]",1,0,0,0,0,0,0,0,0,0,11.223203026481714,11.223203026481714,11.223203026481714,3.1921251129148125e-05,3.1921251129148125e-05
16,15,평촌역,2026-09-18 14:00:00,2026-09-18 14:15:00,fare,outside|wd,25,"[10, 16, 37, 27, 21, 34, 31, 106, 241, 172, 261, 262, 56, 81, 162, 166, 163, 161, 167, 164, 168, 169, 165, 170, 171]","[10, 16, 37, 27, 21, 34, 31, 241, 172, 261, 262, 56, 81, 162, 166, 163, 161, 167, 164, 168, 169, 165, 170, 171, 106]","[10, 16, 37, 27, 21, 34, 31, 241, 172, 261, 262, 56, 81, 162, 166, 163, 161, 167, 164, 168, 169, 165, 170, 171, 106]",1,0,0,0,0,0,0,0,0,0,41.75824175824176,41.75824175824176,41.75824175824176,6.561298983759242e-05,6.561298983759242e-05
16,15,평촌역,2026-09-18 16:00:00,2026-09-18 16:15:00,walk,operating|wd,25,"[16, 31, 106, 162, 166, 241, 163, 161, 167, 164, 37, 172, 168, 169, 27, 165, 261, 170, 262, 56, 171, 10, 21, 81, 34]","[16, 31, 162, 166, 241, 163, 161, 167, 164, 37, 172, 168, 169, 27, 165, 261, 170, 262, 56, 171, 10, 21, 81, 34, 106]","[16, 31, 162, 166, 241, 163, 161, 167, 164, 37, 172, 168, 169, 27, 165, 261, 170, 262, 56, 171, 10, 21, 81, 34, 106]",1,0,0,0,0,0,0,0,0,0,15.889029003783103,15.889029003783103,15.889029003783103,3.438854642720148e-05,3.438854642720148e-05
16,15,평촌역,2026-09-18 16:00:00,2026-09-18 16:15:00,fare,outside|wd,25,"[10, 16, 37, 27, 21, 34, 81, 31, 106, 241, 172, 261, 262, 56, 162, 166, 163, 161, 167, 164, 168, 169, 165, 170, 171]","[10, 16, 37, 27, 21, 34, 81, 31, 241, 172, 261, 262, 56, 162, 166, 163, 161, 167, 164, 168, 169, 165, 170, 171, 106]","[10, 16, 37, 27, 21, 34, 81, 31, 241, 172, 261, 262, 56, 162, 166, 163, 161, 167, 164, 168, 169, 165, 170, 171, 106]",1,0,0,0,0,0,0,0,0,0,48.35164835164835,48.35164835164835,48.35164835164835,9.20845538821463e-05,9.20845538821463e-05
16,15,인덕원역,2026-09-18 10:00:00,2026-09-18 10:15:00,walk,outside|wd,7,"[10, 172, 27, 171, 170, 164, 34]","[10, 172, 27, 171, 170, 164, 34]","[10, 172, 27, 171, 170, 164, 34]",0,0,0,0,0,0,0,0,0,0,61.53846153846154,61.53846153846154,61.53846153846154,0.0001749925260020723,0.0001749925260020723
16,15,인덕원역,2026-09-18 10:00:00,2026-09-18 10:15:00,fare,outside|wd,7,"[10, 27, 34, 172, 171, 170, 164]","[10, 27, 34, 172, 171, 170, 164]","[10, 27, 34, 172, 171, 170, 164]",0,0,0,0,0,0,0,0,0,0,61.53846153846154,61.53846153846154,61.53846153846154,0.0001749925260020723,0.0001749925260020723
16,15,인덕원역,2026-09-18 12:00:00,2026-09-18 12:15:00,walk,outside|wd,7,"[10, 172, 27, 171, 170, 164, 34]","[10, 172, 27, 171, 170, 164, 34]","[10, 172, 27, 171, 170, 164, 34]",0,0,0,0,0,0,0,0,0,0,46.7032967032967,46.7032967032967,46.7032967032967,9.90330095226424e-05,9.90330095226424e-05
16,15,인덕원역,2026-09-18 12:00:00,2026-09-18 12:15:00,fare,outside|wd,7,"[10, 27, 34, 172, 171, 170, 164]","[10, 27, 34, 172, 171, 170, 164]","[10, 27, 34, 172, 171, 170, 164]",0,0,0,0,0,0,0,0,0,0,46.7032967032967,46.7032967032967,46.7032967032967,9.90330095226424e-05,9.90330095226424e-05
16,15,인덕원역,2026-09-18 14:00:00,2026-09-18 14:15:00,walk,outside|wd,7,"[10, 172, 27, 171, 170, 164, 34]","[10, 172, 27, 171, 170, 164, 34]","[10, 172, 27, 171, 170, 164, 34]",0,0,0,0,0,0,0,0,0,0,41.75824175824176,41.75824175824176,41.75824175824176,6.561298983759242e-05,6.561298983759242e-05
16,15,인덕원역,2026-09-18 14:00:00,2026-09-18 14:15:00,fare,outside|wd,7,"[10, 27, 34, 172, 171, 170, 164]","[10, 27, 34, 172, 171, 170, 164]","[10, 27, 34, 172, 171, 170, 164]",0,0,0,0,0,0,0,0,0,0,41.75824175824176,41.75824175824176,41.75824175824176,6.561298983759242e-05,6.561298983759242e-05
16,15,인덕원역,2026-09-18 16:00:00,2026-09-18 16:15:00,walk,outside|wd,7,"[10, 172, 27, 171, 170, 164, 34]","[10, 172, 27, 171, 170, 164, 34]","[10, 172, 27, 171, 170, 164, 34]",0,0,0,0,0,0,0,0,0,0,48.35164835164835,48.35164835164835,48.35164835164835,9.20845538821463e-05,9.20845538821463e-05
16,15,인덕원역,2026-09-18 16:00:00,2026-09-18 16:15:00,fare,outside|wd,7,"[10, 27, 34, 172, 171, 170, 164]","[10, 27, 34, 172, 171, 170, 164]","[10, 27, 34, 172, 171, 170, 164]",0,0,0,0,0,0,0,0,0,0,48.35164835164835,48.35164835164835,48.35164835164835,9.20845538821463e-05,9.20845538821463e-05
16,30,안양시청,2026-09-18 10:00:00,2026-09-18 10:30:00,walk,operating|wd,5,"[106, 16, 31, 161, 165]","[16, 31, 161, 165, 106]","[16, 31, 161, 165, 106]",1,1,1,0,0,1,0,1,1,-500,100.0,13.114754098360656,13.114754098360656,0.8053969498483791,1.1517597479703974e-05
16,30,안양시청,2026-09-18 10:00:00,2026-09-18 10:30:00,fare,operating|wd,5,"[16, 106, 31, 161, 165]","[16, 31, 161, 165, 106]","[16, 31, 161, 165, 106]",1,0,0,0,0,0,0,0,0,0,13.114754098360656,13.114754098360656,13.114754098360656,1.1517597479703974e-05,1.1517597479703974e-05
16,30,안양시청,2026-09-18 12:00:00,2026-09-18 12:30:00,walk,operating|wd,5,"[106, 16, 31, 161, 165]","[16, 31, 161, 165, 106]","[16, 31, 161, 165, 106]",1,1,1,0,0,1,0,1,1,-500,100.0,10.844892812105927,10.844892812105927,0.9987040275708642,1.4795291413057667e-05
16,30,안양시청,2026-09-18 12:00:00,2026-09-18 12:30:00,fare,operating|wd,5,"[16, 106, 31, 161, 165]","[16, 31, 161, 165, 106]","[16, 31, 161, 165, 106]",1,0,0,0,0,0,0,0,0,0,10.844892812105927,10.844892812105927,10.844892812105927,1.4795291413057667e-05,1.4795291413057667e-05
16,30,안양시청,2026-09-18 14:00:00,2026-09-18 14:30:00,walk,operating|wd,5,"[106, 16, 31, 161, 165]","[16, 31, 161, 165, 106]","[16, 31, 161, 165, 106]",1,1,1,0,0,1,0,1,1,-500,100.0,12.484237074401008,12.484237074401008,0.9987984026324984,1.5130899656490738e-05
16,30,안양시청,2026-09-18 14:00:00,2026-09-18 14:30:00,fare,operating|wd,5,"[16, 106, 31, 161, 165]","[16, 31, 161, 165, 106]","[16, 31, 161, 165, 106]",1,0,0,0,0,0,0,0,0,0,12.484237074401008,12.484237074401008,12.484237074401008,1.5130899656490738e-05,1.5130899656490738e-05
16,30,안양시청,2026-09-18 16:00:00,2026-09-18 16:30:00,walk,operating|wd,5,"[106, 16, 31, 161, 165]","[16, 31, 161, 165, 106]","[16, 31, 161, 165, 106]",1,1,1,0,0,1,0,1,1,-500,100.0,17.402269861286253,17.402269861286253,0.9988677665804838,1.5389510907686987e-05
16,30,안양시청,2026-09-18 16:00:00,2026-09-18 16:30:00,fare,operating|wd,5,"[16, 106, 31, 161, 165]","[16, 31, 161, 165, 106]","[16, 31, 161, 165, 106]",1,0,0,0,0,0,0,0,0,0,17.402269861286253,17.402269861286253,17.402269861286253,1.5389510907686987e-05,1.5389510907686987e-05
16,30,석수역,2026-09-18 06:00:00,2026-09-18 06:30:00,walk,outside|wd,5,"[108, 25, 12, 13, 24]","[25, 12, 13, 24, 108]","[25, 12, 13, 24, 108]",1,1,1,0,0,1,0,1,21,0,98.31932773109244,63.559322033898304,63.559322033898304,0.9970203037351373,3.019330502022913e-05
16,30,석수역,2026-09-18 06:00:00,2026-09-18 06:30:00,fare,outside|wd,5,"[108, 25, 13, 24, 12]","[25, 13, 24, 12, 108]","[25, 13, 24, 12, 108]",1,1,1,0,0,1,0,1,21,0,98.31932773109244,63.559322033898304,63.559322033898304,0.9970203037351373,3.019330502022913e-05
16,30,석수역,2026-09-18 08:00:00,2026-09-18 08:30:00,walk,outside|wd,5,"[108, 25, 12, 13, 24]","[25, 12, 13, 24, 108]","[25, 12, 13, 24, 108]",1,1,1,0,0,1,0,1,21,0,97.47899159663865,55.08474576271186,55.08474576271186,0.9964855276785965,1.9647835383148954e-05
16,30,석수역,2026-09-18 08:00:00,2026-09-18 08:30:00,fare,outside|wd,5,"[108, 25, 13, 24, 12]","[25, 13, 24, 12, 108]","[25, 13, 24, 12, 108]",1,1,1,0,0,1,0,1,21,0,97.47899159663865,55.08474576271186,55.08474576271186,0.9964855276785965,1.9647835383148954e-05
16,30,석수역,2026-09-18 10:00:00,2026-09-18 10:30:00,walk,operating|wd,5,"[108, 25, 12, 13, 24]","[108, 25, 12, 13, 24]","[108, 25, 12, 13, 24]",0,0,0,0,0,0,0,0,0,0,49.57983193277311,49.57983193277311,49.57983193277311,0.000840437601895505,0.000840437601895505
16,30,석수역,2026-09-18 10:00:00,2026-09-18 10:30:00,fare,operating|wd,5,"[108, 25, 12, 13, 24]","[108, 25, 12, 13, 24]","[108, 25, 12, 13, 24]",0,0,0,0,0,0,0,0,0,0,49.57983193277311,49.57983193277311,49.57983193277311,0.000840437601895505,0.000840437601895505
16,30,석수역,2026-09-18 12:00:00,2026-09-18 12:30:00,walk,operating|wd,5,"[108, 25, 12, 13, 24]","[108, 25, 12, 13, 24]","[108, 25, 12, 13, 24]",0,0,0,0,0,0,0,0,0,0,42.857142857142854,42.857142857142854,42.857142857142854,0.00026615246087564957,0.00026615246087564957
16,30,석수역,2026-09-18 12:00:00,2026-09-18 12:30:00,fare,operating|wd,5,"[108, 25, 12, 13, 24]","[108, 25, 12, 13, 24]","[108, 25, 12, 13, 24]",0,0,0,0,0,0,0,0,0,0,42.857142857142854,42.857142857142854,42.857142857142854,0.00026615246087564957,0.00026615246087564957
16,30,석수역,2026-09-18 14:00:00,2026-09-18 14:30:00,walk,operating|wd,5,"[108, 25, 12, 13, 24]","[108, 25, 12, 13, 24]","[108, 25, 12, 13, 24]",0,0,0,0,0,0,0,0,0,0,39.49579831932773,39.49579831932773,39.49579831932773,0.00020750635083198284,0.00020750635083198284
16,30,석수역,2026-09-18 14:00:00,2026-09-18 14:30:00,fare,operating|wd,5,"[108, 25, 12, 13, 24]","[108, 25, 12, 13, 24]","[108, 25, 12, 13, 24]",0,0,0,0,0,0,0,0,0,0,39.49579831932773,39.49579831932773,39.49579831932773,0.00020750635083198284,0.00020750635083198284
16,30,석수역,2026-09-18 16:00:00,2026-09-18 16:30:00,walk,operating|wd,5,"[108, 25, 12, 13, 24]","[108, 25, 12, 13, 24]","[108, 25, 12, 13, 24]",0,0,0,0,0,0,0,0,0,0,50.42016806722689,50.42016806722689,50.42016806722689,0.004772870134000755,0.004772870134000755
16,30,석수역,2026-09-18 16:00:00,2026-09-18 16:30:00,fare,operating|wd,5,"[108, 25, 13, 24, 12]","[108, 25, 13, 24, 12]","[108, 25, 13, 24, 12]",0,0,0,0,0,0,0,0,0,0,50.42016806722689,50.42016806722689,50.42016806722689,0.004772870134000755,0.004772870134000755
16,30,석수역,2026-09-18 18:00:00,2026-09-18 18:30:00,walk,outside|wd,5,"[108, 25, 12, 13, 24]","[25, 12, 13, 24, 108]","[108, 25, 12, 13, 24]",1,1,0,0,0,0,0,0,21,0,89.91596638655462,5.932203389830509,89.91596638655462,0.5370509089690072,2.0411219299433415e-05
16,30,석수역,2026-09-18 18:00:00,2026-09-18 18:30:00,fare,outside|wd,5,"[108, 25, 13, 24, 12]","[25, 13, 24, 12, 108]","[108, 25, 13, 24, 12]",1,1,0,0,0,0,0,0,21,0,89.91596638655462,5.932203389830509,89.91596638655462,0.5370509089690072,2.0411219299433415e-05
16,30,석수역,2026-09-18 20:00:00,2026-09-18 20:30:00,walk,outside|wd,5,"[108, 25, 12, 13, 24]","[25, 12, 13, 24, 108]","[108, 25, 12, 13, 24]",1,1,0,0,0,0,0,0,21,0,89.91596638655462,0.0,89.91596638655462,0.5227179244401532,2.2101059093365577e-05
16,30,석수역,2026-09-18 20:00:00,2026-09-18 20:30:00,fare,outside|wd,5,"[108, 25, 13, 24, 12]","[25, 13, 24, 12, 108]","[108, 25, 13, 24, 12]",1,1,0,0,0,0,0,0,21,0,89.91596638655462,0.0,89.91596638655462,0.5227179244401532,2.2101059093365577e-05
16,30,석수역,2026-09-18 22:00:00,2026-09-18 22:30:00,walk,outside|wd,5,"[108, 25, 12, 13, 24]","[25, 12, 13, 24, 108]","[108, 25, 12, 13, 24]",1,1,0,0,0,0,0,0,21,0,89.91596638655462,61.016949152542374,89.91596638655462,0.6695233436234249,3.484677950314171e-05
16,30,석수역,2026-09-18 22:00:00,2026-09-18 22:30:00,fare,outside|wd,5,"[108, 25, 13, 24, 12]","[25, 13, 24, 12, 108]","[108, 25, 13, 24, 12]",1,1,0,0,0,0,0,0,21,0,89.91596638655462,61.016949152542374,89.91596638655462,0.6695233436234249,3.484677950314171e-05
16,30,범계역,2026-09-18 12:00:00,2026-09-18 12:30:00,walk,operating|wd,26,"[106, 16, 81, 241, 56, 261, 262, 30, 401, 183, 39, 182, 31, 161, 201, 42, 23, 165, 461, 166, 82, 40, 162, 521, 167, 163]","[16, 81, 241, 56, 261, 262, 30, 401, 183, 39, 182, 31, 161, 201, 42, 23, 165, 461, 166, 82, 40, 162, 521, 167, 163, 106]","[16, 81, 241, 56, 261, 262, 30, 401, 183, 39, 182, 31, 161, 201, 42, 23, 165, 461, 166, 82, 40, 162, 521, 167, 163, 106]",1,1,1,0,0,1,0,1,1,-500,100.0,10.844892812105927,10.844892812105927,0.9987040275708642,1.4795291413057667e-05
16,30,범계역,2026-09-18 12:00:00,2026-09-18 12:30:00,fare,operating|wd,26,"[16, 30, 401, 201, 42, 82, 521, 106, 81, 241, 56, 261, 262, 183, 39, 182, 31, 23, 461, 40, 161, 165, 166, 162, 167, 163]","[16, 30, 401, 201, 42, 82, 521, 81, 241, 56, 261, 262, 183, 39, 182, 31, 23, 461, 40, 161, 165, 166, 162, 167, 163, 106]","[16, 30, 401, 201, 42, 82, 521, 81, 241, 56, 261, 262, 183, 39, 182, 31, 23, 461, 40, 161, 165, 166, 162, 167, 163, 106]",1,0,0,0,0,0,0,0,0,0,10.844892812105927,10.844892812105927,10.844892812105927,1.4795291413057667e-05,1.4795291413057667e-05
16,30,범계역,2026-09-18 14:00:00,2026-09-18 14:30:00,walk,operating|wd,26,"[106, 16, 81, 241, 56, 261, 262, 30, 401, 183, 39, 182, 31, 161, 201, 42, 23, 165, 461, 166, 82, 40, 162, 521, 167, 163]","[16, 81, 241, 56, 261, 262, 30, 401, 183, 39, 182, 31, 161, 201, 42, 23, 165, 461, 166, 82, 40, 162, 521, 167, 163, 106]","[16, 81, 241, 56, 261, 262, 30, 401, 183, 39, 182, 31, 161, 201, 42, 23, 165, 461, 166, 82, 40, 162, 521, 167, 163, 106]",1,1,1,0,0,1,0,1,1,-500,100.0,12.484237074401008,12.484237074401008,0.9987984026324984,1.5130899656490738e-05
16,30,범계역,2026-09-18 14:00:00,2026-09-18 14:30:00,fare,operating|wd,26,"[16, 30, 401, 201, 42, 82, 521, 106, 81, 241, 56, 261, 262, 183, 39, 182, 31, 23, 461, 40, 161, 165, 166, 162, 167, 163]","[16, 30, 401, 201, 42, 82, 521, 81, 241, 56, 261, 262, 183, 39, 182, 31, 23, 461, 40, 161, 165, 166, 162, 167, 163, 106]","[16, 30, 401, 201, 42, 82, 521, 81, 241, 56, 261, 262, 183, 39, 182, 31, 23, 461, 40, 161, 165, 166, 162, 167, 163, 106]",1,0,0,0,0,0,0,0,0,0,12.484237074401008,12.484237074401008,12.484237074401008,1.5130899656490738e-05,1.5130899656490738e-05
16,30,안양역,2026-09-18 10:00:00,2026-09-18 10:30:00,walk,operating|wd,11,"[48, 112, 53, 11, 52, 7, 8, 38, 29, 18, 28]","[48, 112, 53, 11, 52, 7, 8, 38, 29, 18, 28]","[112, 11, 7, 8, 38, 29, 18, 28, 48, 53, 52]",0,0,0,0,0,0,0,0,0,0,50.0,50.0,48.0,0.010530721987492669,0.010530721987492669
16,30,안양역,2026-09-18 10:00:00,2026-09-18 10:30:00,fare,operating|wd,11,"[18, 8, 38, 28, 48, 112, 53, 11, 52, 7, 29]","[18, 8, 38, 28, 48, 112, 53, 11, 52, 7, 29]","[18, 8, 38, 28, 112, 11, 7, 29, 48, 53, 52]",0,0,0,0,0,0,0,0,0,0,28.571428571428573,28.571428571428573,28.571428571428573,1.4560396672635128e-05,1.4560396672635128e-05
16,30,안양역,2026-09-18 12:00:00,2026-09-18 12:30:00,walk,operating|wd,11,"[48, 112, 53, 11, 52, 7, 8, 38, 29, 18, 28]","[48, 112, 53, 11, 52, 7, 8, 38, 29, 18, 28]","[48, 112, 53, 11, 52, 7, 8, 38, 29, 18, 28]",0,0,0,0,0,0,0,0,0,0,12.5,12.5,12.5,4.112157182081953e-05,4.112157182081953e-05
16,30,안양역,2026-09-18 12:00:00,2026-09-18 12:30:00,fare,operating|wd,11,"[18, 8, 38, 28, 48, 112, 53, 11, 52, 7, 29]","[18, 8, 38, 28, 48, 112, 53, 11, 52, 7, 29]","[18, 8, 38, 28, 48, 112, 53, 11, 52, 7, 29]",0,0,0,0,0,0,0,0,0,0,21.428571428571427,21.428571428571427,21.428571428571427,1.580084502782093e-05,1.580084502782093e-05
16,30,안양역,2026-09-18 14:00:00,2026-09-18 14:30:00,walk,operating|wd,11,"[48, 112, 53, 11, 52, 7, 8, 38, 29, 18, 28]","[48, 112, 53, 11, 52, 7, 8, 38, 29, 18, 28]","[48, 112, 53, 11, 52, 7, 8, 38, 29, 18, 28]",0,0,0,0,0,0,0,0,0,0,29.166666666666668,29.166666666666668,29.166666666666668,7.908360599446694e-05,7.908360599446694e-05
16,30,안양역,2026-09-18 14:00:00,2026-09-18 14:30:00,fare,operating|wd,11,"[18, 8, 38, 28, 48, 112, 53, 11, 52, 7, 29]","[18, 8, 38, 28, 48, 112, 53, 11, 52, 7, 29]","[18, 8, 38, 28, 48, 112, 53, 11, 52, 7, 29]",0,0,0,0,0,0,0,0,0,0,25.0,25.0,25.0,1.3166747196697356e-05,1.3166747196697356e-05
16,30,평촌역,2026-09-18 12:00:00,2026-09-18 12:30:00,walk,operating|wd,25,"[16, 31, 106, 162, 166, 241, 163, 161, 167, 164, 37, 172, 168, 169, 27, 165, 261, 170, 262, 56, 171, 10, 21, 81, 34]","[16, 31, 162, 166, 241, 163, 161, 167, 164, 37, 172, 168, 169, 27, 165, 261, 170, 262, 56, 171, 10, 21, 81, 34, 106]","[16, 31, 162, 166, 241, 163, 161, 167, 164, 37, 172, 168, 169, 27, 165, 261, 170, 262, 56, 171, 10, 21, 81, 34, 106]",1,0,0,0,0,0,0,0,0,0,10.844892812105927,10.844892812105927,10.844892812105927,1.4795291413057667e-05,1.4795291413057667e-05
16,30,평촌역,2026-09-18 12:00:00,2026-09-18 12:30:00,fare,outside|wd,25,"[10, 16, 37, 27, 21, 34, 31, 106, 241, 172, 261, 262, 56, 81, 162, 166, 163, 161, 167, 164, 168, 169, 165, 170, 171]","[10, 16, 37, 27, 21, 34, 31, 241, 172, 261, 262, 56, 81, 162, 166, 163, 161, 167, 164, 168, 169, 165, 170, 171, 106]","[10, 16, 37, 27, 21, 34, 31, 241, 172, 261, 262, 56, 81, 162, 166, 163, 161, 167, 164, 168, 169, 165, 170, 171, 106]",1,0,0,0,0,0,0,0,0,0,47.252747252747255,47.252747252747255,47.252747252747255,7.706274775617764e-05,7.706274775617764e-05
16,30,평촌역,2026-09-18 14:00:00,2026-09-18 14:30:00,walk,operating|wd,25,"[16, 31, 106, 162, 166, 241, 163, 161, 167, 164, 37, 172, 168, 169, 27, 165, 261, 170, 262, 56, 171, 10, 21, 81, 34]","[16, 31, 162, 166, 241, 163, 161, 167, 164, 37, 172, 168, 169, 27, 165, 261, 170, 262, 56, 171, 10, 21, 81, 34, 106]","[16, 31, 162, 166, 241, 163, 161, 167, 164, 37, 172, 168, 169, 27, 165, 261, 170, 262, 56, 171, 10, 21, 81, 34, 106]",1,0,0,0,0,0,0,0,0,0,12.484237074401008,12.484237074401008,12.484237074401008,1.5130899656490738e-05,1.5130899656490738e-05
16,30,평촌역,2026-09-18 14:00:00,2026-09-18 14:30:00,fare,outside|wd,25,"[10, 16, 37, 27, 21, 34, 31, 106, 241, 172, 261, 262, 56, 81, 162, 166, 163, 161, 167, 164, 168, 169, 165, 170, 171]","[10, 16, 37, 27, 21, 34, 31, 241, 172, 261, 262, 56, 81, 162, 166, 163, 161, 167, 164, 168, 169, 165, 170, 171, 106]","[10, 16, 37, 27, 21, 34, 31, 241, 172, 261, 262, 56, 81, 162, 166, 163, 161, 167, 164, 168, 169, 165, 170, 171, 106]",1,0,0,0,0,0,0,0,0,0,40.65934065934066,40.65934065934066,40.65934065934066,0.00011890982189114886,0.00011890982189114886
16,30,평촌역,2026-09-18 16:00:00,2026-09-18 16:30:00,walk,operating|wd,25,"[16, 31, 106, 162, 166, 241, 163, 161, 167, 164, 37, 172, 168, 169, 27, 165, 261, 170, 262, 56, 171, 10, 21, 81, 34]","[16, 31, 162, 166, 241, 163, 161, 167, 164, 37, 172, 168, 169, 27, 165, 261, 170, 262, 56, 171, 10, 21, 81, 34, 106]","[16, 31, 162, 166, 241, 163, 161, 167, 164, 37, 172, 168, 169, 27, 165, 261, 170, 262, 56, 171, 10, 21, 81, 34, 106]",1,0,0,0,0,0,0,0,0,0,17.402269861286253,17.402269861286253,17.402269861286253,1.5389510907686987e-05,1.5389510907686987e-05
16,30,평촌역,2026-09-18 16:00:00,2026-09-18 16:30:00,fare,outside|wd,25,"[10, 81, 16, 37, 27, 21, 34, 31, 106, 241, 172, 261, 262, 56, 162, 166, 163, 161, 167, 164, 168, 169, 165, 170, 171]","[10, 81, 16, 37, 27, 21, 34, 31, 241, 172, 261, 262, 56, 162, 166, 163, 161, 167, 164, 168, 169, 165, 170, 171, 106]","[10, 81, 16, 37, 27, 21, 34, 31, 241, 172, 261, 262, 56, 162, 166, 163, 161, 167, 164, 168, 169, 165, 170, 171, 106]",1,0,0,0,0,0,0,0,0,0,45.604395604395606,45.604395604395606,45.604395604395606,0.00029594507190086334,0.00029594507190086334
16,30,인덕원역,2026-09-18 10:00:00,2026-09-18 10:30:00,walk,outside|wd,7,"[10, 172, 27, 171, 170, 164, 34]","[10, 172, 27, 171, 170, 164, 34]","[10, 172, 27, 171, 170, 164, 34]",0,0,0,0,0,0,0,0,0,0,59.34065934065934,59.34065934065934,59.34065934065934,0.00018859756766536427,0.00018859756766536427
16,30,인덕원역,2026-09-18 10:00:00,2026-09-18 10:30:00,fare,outside|wd,7,"[10, 27, 34, 172, 171, 170, 164]","[10, 27, 34, 172, 171, 170, 164]","[10, 27, 34, 172, 171, 170, 164]",0,0,0,0,0,0,0,0,0,0,59.34065934065934,59.34065934065934,59.34065934065934,0.00018859756766536427,0.00018859756766536427
16,30,인덕원역,2026-09-18 12:00:00,2026-09-18 12:30:00,walk,outside|wd,7,"[10, 172, 27, 171, 170, 164, 34]","[10, 172, 27, 171, 170, 164, 34]","[10, 172, 27, 171, 170, 164, 34]",0,0,0,0,0,0,0,0,0,0,47.252747252747255,47.252747252747255,47.252747252747255,7.706274775617764e-05,7.706274775617764e-05
16,30,인덕원역,2026-09-18 12:00:00,2026-09-18 12:30:00,fare,outside|wd,7,"[10, 27, 34, 172, 171, 170, 164]","[10, 27, 34, 172, 171, 170, 164]","[10, 27, 34, 172, 171, 170, 164]",0,0,0,0,0,0,0,0,0,0,47.252747252747255,47.252747252747255,47.252747252747255,7.706274775617764e-05,7.706274775617764e-05
16,30,인덕원역,2026-09-18 14:00:00,2026-09-18 14:30:00,walk,outside|wd,7,"[10, 172, 27, 171, 170, 164, 34]","[10, 172, 27, 171, 170, 164, 34]","[10, 172, 27, 171, 170, 164, 34]",0,0,0,0,0,0,0,0,0,0,40.65934065934066,40.65934065934066,40.65934065934066,0.00011890982189114886,0.00011890982189114886
16,30,인덕원역,2026-09-18 14:00:00,2026-09-18 14:30:00,fare,outside|wd,7,"[10, 27, 34, 172, 171, 170, 164]","[10, 27, 34, 172, 171, 170, 164]","[10, 27, 34, 172, 171, 170, 164]",0,0,0,0,0,0,0,0,0,0,40.65934065934066,40.65934065934066,40.65934065934066,0.00011890982189114886,0.00011890982189114886
16,30,인덕원역,2026-09-18 16:00:00,2026-09-18 16:30:00,walk,outside|wd,7,"[10, 172, 27, 171, 170, 164, 34]","[10, 172, 27, 171, 170, 164, 34]","[10, 172, 27, 171, 170, 164, 34]",0,0,0,0,0,0,0,0,0,0,45.604395604395606,45.604395604395606,45.604395604395606,0.00029594507190086334,0.00029594507190086334
16,30,인덕원역,2026-09-18 16:00:00,2026-09-18 16:30:00,fare,outside|wd,7,"[10, 27, 34, 172, 171, 170, 164]","[10, 27, 34, 172, 171, 170, 164]","[10, 27, 34, 172, 171, 170, 164]",0,0,0,0,0,0,0,0,0,0,45.604395604395606,45.604395604395606,45.604395604395606,0.00029594507190086334,0.00029594507190086334
16,60,안양시청,2026-09-18 10:00:00,2026-09-18 11:00:00,walk,operating|wd,5,"[106, 16, 31, 161, 165]","[16, 31, 161, 165, 106]","[16, 31, 161, 165, 106]",1,1,1,0,0,1,0,1,1,-500,100.0,11.097099621689786,11.097099621689786,0.7559917402125407,1.749425177682626e-05
16,60,안양시청,2026-09-18 10:00:00,2026-09-18 11:00:00,fare,operating|wd,5,"[16, 106, 31, 161, 165]","[16, 31, 161, 165, 106]","[16, 31, 161, 165, 106]",1,0,0,0,0,0,0,0,0,0,11.097099621689786,11.097099621689786,11.097099621689786,1.749425177682626e-05,1.749425177682626e-05
16,60,안양시청,2026-09-18 12:00:00,2026-09-18 13:00:00,walk,operating|wd,5,"[106, 16, 31, 161, 165]","[16, 31, 161, 165, 106]","[16, 31, 161, 165, 106]",1,1,1,0,0,1,0,1,1,-500,97.05882352941177,10.34047919293821,10.34047919293821,0.9960892945990959,1.7658592099968697e-05
16,60,안양시청,2026-09-18 12:00:00,2026-09-18 13:00:00,fare,operating|wd,5,"[16, 106, 31, 161, 165]","[16, 31, 161, 165, 106]","[16, 31, 161, 165, 106]",1,0,0,0,0,0,0,0,0,0,10.34047919293821,10.34047919293821,10.34047919293821,1.7658592099968697e-05,1.7658592099968697e-05
16,60,안양시청,2026-09-18 14:00:00,2026-09-18 15:00:00,walk,operating|wd,5,"[106, 16, 31, 161, 165]","[16, 31, 161, 165, 106]","[16, 31, 161, 165, 106]",1,1,1,0,0,1,0,1,1,-500,100.0,12.484237074401008,12.484237074401008,0.9930341879319513,1.810703691621693e-05
16,60,안양시청,2026-09-18 14:00:00,2026-09-18 15:00:00,fare,operating|wd,5,"[16, 106, 31, 161, 165]","[16, 31, 161, 165, 106]","[16, 31, 161, 165, 106]",1,0,0,0,0,0,0,0,0,0,12.484237074401008,12.484237074401008,12.484237074401008,1.810703691621693e-05,1.810703691621693e-05
16,60,안양시청,2026-09-18 16:00:00,2026-09-18 17:00:00,walk,operating|wd,5,"[106, 16, 31, 161, 165]","[16, 31, 161, 165, 106]","[16, 31, 161, 165, 106]",1,1,1,0,0,1,0,1,1,-500,100.0,19.419924337957124,19.419924337957124,0.9966986308764297,1.9567082376845533e-05
16,60,안양시청,2026-09-18 16:00:00,2026-09-18 17:00:00,fare,operating|wd,5,"[16, 106, 31, 161, 165]","[16, 31, 161, 165, 106]","[16, 31, 161, 165, 106]",1,0,0,0,0,0,0,0,0,0,19.419924337957124,19.419924337957124,19.419924337957124,1.9567082376845533e-05,1.9567082376845533e-05
16,60,석수역,2026-09-18 06:00:00,2026-09-18 07:00:00,walk,outside|wd,5,"[108, 25, 12, 13, 24]","[25, 12, 13, 24, 108]","[25, 12, 13, 24, 108]",1,1,1,0,0,1,0,1,21,0,97.47899159663865,62.71186440677966,62.71186440677966,0.9842475892735159,4.623174647387506e-05
16,60,석수역,2026-09-18 06:00:00,2026-09-18 07:00:00,fare,outside|wd,5,"[108, 25, 13, 24, 12]","[25, 13, 24, 12, 108]","[25, 13, 24, 12, 108]",1,1,1,0,0,1,0,1,21,0,97.47899159663865,62.71186440677966,62.71186440677966,0.9842475892735159,4.623174647387506e-05
16,60,석수역,2026-09-18 08:00:00,2026-09-18 09:00:00,walk,operating|wd,5,"[108, 25, 12, 13, 24]","[25, 12, 13, 24, 108]","[25, 12, 13, 24, 108]",1,1,1,0,0,1,0,1,21,0,96.63865546218487,45.76271186440678,45.76271186440678,0.8842515726865898,3.986329924742719e-05
16,60,석수역,2026-09-18 08:00:00,2026-09-18 09:00:00,fare,operating|wd,5,"[108, 25, 12, 13, 24]","[25, 12, 13, 24, 108]","[25, 12, 13, 24, 108]",1,1,1,0,0,1,0,1,21,0,96.63865546218487,45.76271186440678,45.76271186440678,0.8842515726865898,3.986329924742719e-05
16,60,석수역,2026-09-18 10:00:00,2026-09-18 11:00:00,walk,operating|wd,5,"[108, 25, 12, 13, 24]","[108, 25, 12, 13, 24]","[108, 25, 12, 13, 24]",0,0,0,0,0,0,0,0,0,0,43.69747899159664,43.69747899159664,43.69747899159664,0.0016991844115597295,0.0016991844115597295
16,60,석수역,2026-09-18 10:00:00,2026-09-18 11:00:00,fare,operating|wd,5,"[108, 25, 12, 13, 24]","[108, 25, 12, 13, 24]","[108, 25, 12, 13, 24]",0,0,0,0,0,0,0,0,0,0,43.69747899159664,43.69747899159664,43.69747899159664,0.0016991844115597295,0.0016991844115597295
16,60,석수역,2026-09-18 12:00:00,2026-09-18 13:00:00,walk,operating|wd,5,"[108, 25, 12, 13, 24]","[108, 25, 12, 13, 24]","[108, 25, 12, 13, 24]",0,0,0,0,0,0,0,0,0,0,42.857142857142854,42.857142857142854,42.857142857142854,0.0013784848121602897,0.0013784848121602897
16,60,석수역,2026-09-18 12:00:00,2026-09-18 13:00:00,fare,operating|wd,5,"[108, 25, 12, 13, 24]","[108, 25, 12, 13, 24]","[108, 25, 12, 13, 24]",0,0,0,0,0,0,0,0,0,0,42.857142857142854,42.857142857142854,42.857142857142854,0.0013784848121602897,0.0013784848121602897
16,60,석수역,2026-09-18 14:00:00,2026-09-18 15:00:00,walk,operating|wd,5,"[108, 25, 12, 13, 24]","[108, 25, 12, 13, 24]","[108, 25, 12, 13, 24]",0,0,0,0,0,0,0,0,0,0,36.134453781512605,36.134453781512605,36.134453781512605,0.001956003708678367,0.001956003708678367
16,60,석수역,2026-09-18 14:00:00,2026-09-18 15:00:00,fare,operating|wd,5,"[108, 25, 12, 13, 24]","[108, 25, 12, 13, 24]","[108, 25, 12, 13, 24]",0,0,0,0,0,0,0,0,0,0,36.134453781512605,36.134453781512605,36.134453781512605,0.001956003708678367,0.001956003708678367
16,60,석수역,2026-09-18 16:00:00,2026-09-18 17:00:00,walk,outside|wd,5,"[108, 25, 12, 13, 24]","[108, 25, 12, 13, 24]","[108, 25, 12, 13, 24]",0,0,0,0,0,0,0,0,0,0,89.07563025210084,89.07563025210084,89.07563025210084,0.05502470604103803,0.05502470604103803
16,60,석수역,2026-09-18 16:00:00,2026-09-18 17:00:00,fare,outside|wd,5,"[108, 25, 13, 24, 12]","[108, 25, 13, 24, 12]","[108, 25, 13, 24, 12]",0,0,0,0,0,0,0,0,0,0,89.07563025210084,89.07563025210084,89.07563025210084,0.05502470604103803,0.05502470604103803
16,60,석수역,2026-09-18 18:00:00,2026-09-18 19:00:00,walk,outside|wd,5,"[108, 25, 12, 13, 24]","[25, 12, 13, 24, 108]","[108, 25, 12, 13, 24]",1,1,0,0,0,0,0,0,21,0,89.91596638655462,0.0,89.91596638655462,0.710980262353427,4.880954495933859e-05
16,60,석수역,2026-09-18 18:00:00,2026-09-18 19:00:00,fare,outside|wd,5,"[108, 25, 13, 24, 12]","[25, 13, 24, 12, 108]","[108, 25, 13, 24, 12]",1,1,0,0,0,0,0,0,21,0,89.91596638655462,0.0,89.91596638655462,0.710980262353427,4.880954495933859e-05
16,60,석수역,2026-09-18 20:00:00,2026-09-18 21:00:00,walk,outside|wd,5,"[108, 25, 12, 13, 24]","[25, 12, 13, 24, 108]","[108, 25, 12, 13, 24]",1,1,0,0,0,0,0,0,21,0,89.91596638655462,0.0,89.91596638655462,0.7168603609042156,4.5385073579134796e-05
16,60,석수역,2026-09-18 20:00:00,2026-09-18 21:00:00,fare,outside|wd,5,"[108, 25, 13, 24, 12]","[25, 13, 24, 12, 108]","[108, 25, 13, 24, 12]",1,1,0,0,0,0,0,0,21,0,89.91596638655462,0.0,89.91596638655462,0.7168603609042156,4.5385073579134796e-05
16,60,범계역,2026-09-18 12:00:00,2026-09-18 13:00:00,walk,operating|wd,26,"[106, 16, 81, 241, 56, 261, 262, 30, 401, 183, 39, 182, 31, 161, 201, 42, 23, 165, 461, 166, 82, 40, 162, 521, 167, 163]","[16, 81, 241, 56, 261, 262, 30, 401, 183, 39, 182, 31, 161, 201, 42, 23, 165, 461, 166, 82, 40, 162, 521, 167, 163, 106]","[16, 81, 241, 56, 261, 262, 30, 401, 183, 39, 182, 31, 161, 201, 42, 23, 165, 461, 166, 82, 40, 162, 521, 167, 163, 106]",1,1,1,0,0,1,0,1,1,-500,97.05882352941177,10.34047919293821,10.34047919293821,0.9960892945990959,1.7658592099968697e-05
16,60,범계역,2026-09-18 12:00:00,2026-09-18 13:00:00,fare,operating|wd,26,"[16, 30, 401, 201, 42, 82, 521, 106, 81, 241, 56, 261, 262, 183, 39, 182, 31, 23, 461, 40, 161, 165, 166, 162, 167, 163]","[16, 30, 401, 201, 42, 82, 521, 81, 241, 56, 261, 262, 183, 39, 182, 31, 23, 461, 40, 161, 165, 166, 162, 167, 163, 106]","[16, 30, 401, 201, 42, 82, 521, 81, 241, 56, 261, 262, 183, 39, 182, 31, 23, 461, 40, 161, 165, 166, 162, 167, 163, 106]",1,0,0,0,0,0,0,0,0,0,10.34047919293821,10.34047919293821,10.34047919293821,1.7658592099968697e-05,1.7658592099968697e-05
16,60,범계역,2026-09-18 14:00:00,2026-09-18 15:00:00,walk,operating|wd,26,"[106, 16, 81, 241, 56, 261, 262, 30, 401, 183, 39, 182, 31, 161, 201, 42, 23, 165, 461, 166, 82, 40, 162, 521, 167, 163]","[16, 81, 241, 56, 261, 262, 30, 401, 183, 39, 182, 31, 161, 201, 42, 23, 165, 461, 166, 82, 40, 162, 521, 167, 163, 106]","[16, 81, 241, 56, 261, 262, 30, 401, 183, 39, 182, 31, 161, 201, 42, 23, 165, 461, 166, 82, 40, 162, 521, 167, 163, 106]",1,1,1,0,0,1,0,1,1,-500,100.0,12.484237074401008,12.484237074401008,0.9930341879319513,1.810703691621693e-05
16,60,범계역,2026-09-18 14:00:00,2026-09-18 15:00:00,fare,operating|wd,26,"[16, 30, 401, 201, 42, 82, 521, 106, 81, 241, 56, 261, 262, 183, 39, 182, 31, 23, 461, 40, 161, 165, 166, 162, 167, 163]","[16, 30, 401, 201, 42, 82, 521, 81, 241, 56, 261, 262, 183, 39, 182, 31, 23, 461, 40, 161, 165, 166, 162, 167, 163, 106]","[16, 30, 401, 201, 42, 82, 521, 81, 241, 56, 261, 262, 183, 39, 182, 31, 23, 461, 40, 161, 165, 166, 162, 167, 163, 106]",1,0,0,0,0,0,0,0,0,0,12.484237074401008,12.484237074401008,12.484237074401008,1.810703691621693e-05,1.810703691621693e-05
16,60,안양역,2026-09-18 10:00:00,2026-09-18 11:00:00,walk,operating|wd,11,"[48, 112, 53, 11, 52, 7, 8, 38, 29, 18, 28]","[48, 112, 53, 11, 52, 7, 8, 38, 29, 18, 28]","[112, 11, 7, 8, 38, 29, 18, 28, 48, 53, 52]",0,0,0,0,0,0,0,0,0,0,41.666666666666664,41.666666666666664,36.0,0.015595048900503993,0.015595048900503993
16,60,안양역,2026-09-18 10:00:00,2026-09-18 11:00:00,fare,operating|wd,11,"[18, 8, 38, 28, 48, 112, 53, 11, 52, 7, 29]","[18, 8, 38, 28, 48, 112, 53, 11, 52, 7, 29]","[18, 8, 38, 28, 112, 11, 7, 29, 48, 53, 52]",0,0,0,0,0,0,0,0,0,0,25.0,25.0,25.0,2.6937440927244382e-05,2.6937440927244382e-05
16,60,안양역,2026-09-18 12:00:00,2026-09-18 13:00:00,walk,operating|wd,11,"[48, 112, 53, 11, 52, 7, 8, 38, 29, 18, 28]","[48, 112, 53, 11, 52, 7, 8, 38, 29, 18, 28]","[48, 112, 53, 11, 52, 7, 8, 38, 29, 18, 28]",0,0,0,0,0,0,0,0,0,0,41.666666666666664,41.666666666666664,41.666666666666664,8.540262839148734e-05,8.540262839148734e-05
16,60,안양역,2026-09-18 12:00:00,2026-09-18 13:00:00,fare,operating|wd,11,"[18, 8, 38, 28, 48, 112, 53, 11, 52, 7, 29]","[18, 8, 38, 28, 48, 112, 53, 11, 52, 7, 29]","[18, 8, 38, 28, 48, 112, 53, 11, 52, 7, 29]",0,0,0,0,0,0,0,0,0,0,19.642857142857142,19.642857142857142,19.642857142857142,2.4015487007669384e-05,2.4015487007669384e-05
16,60,평촌역,2026-09-18 12:00:00,2026-09-18 13:00:00,walk,operating|wd,25,"[16, 31, 106, 162, 166, 241, 163, 161, 167, 164, 37, 172, 168, 169, 27, 165, 261, 170, 262, 56, 171, 10, 21, 81, 34]","[16, 31, 162, 166, 241, 163, 161, 167, 164, 37, 172, 168, 169, 27, 165, 261, 170, 262, 56, 171, 10, 21, 81, 34, 106]","[16, 31, 162, 166, 241, 163, 161, 167, 164, 37, 172, 168, 169, 27, 165, 261, 170, 262, 56, 171, 10, 21, 81, 34, 106]",1,0,0,0,0,0,0,0,0,0,10.34047919293821,10.34047919293821,10.34047919293821,1.7658592099968697e-05,1.7658592099968697e-05
16,60,평촌역,2026-09-18 12:00:00,2026-09-18 13:00:00,fare,outside|wd,25,"[10, 16, 37, 27, 21, 34, 31, 106, 241, 172, 261, 262, 56, 81, 162, 166, 163, 161, 167, 164, 168, 169, 165, 170, 171]","[10, 16, 37, 27, 21, 34, 31, 241, 172, 261, 262, 56, 81, 162, 166, 163, 161, 167, 164, 168, 169, 165, 170, 171, 106]","[10, 16, 37, 27, 21, 34, 31, 241, 172, 261, 262, 56, 81, 162, 166, 163, 161, 167, 164, 168, 169, 165, 170, 171, 106]",1,0,0,0,0,0,0,0,0,0,53.84615384615385,53.84615384615385,53.84615384615385,0.0002857009835462783,0.0002857009835462783
16,60,평촌역,2026-09-18 14:00:00,2026-09-18 15:00:00,walk,operating|wd,25,"[16, 31, 106, 162, 166, 241, 163, 161, 167, 164, 37, 172, 168, 169, 27, 165, 261, 170, 262, 56, 171, 10, 21, 81, 34]","[16, 31, 162, 166, 241, 163, 161, 167, 164, 37, 172, 168, 169, 27, 165, 261, 170, 262, 56, 171, 10, 21, 81, 34, 106]","[16, 31, 162, 166, 241, 163, 161, 167, 164, 37, 172, 168, 169, 27, 165, 261, 170, 262, 56, 171, 10, 21, 81, 34, 106]",1,0,0,0,0,0,0,0,0,0,12.484237074401008,12.484237074401008,12.484237074401008,1.810703691621693e-05,1.810703691621693e-05
16,60,평촌역,2026-09-18 14:00:00,2026-09-18 15:00:00,fare,outside|wd,25,"[10, 16, 37, 27, 21, 34, 31, 106, 241, 172, 261, 262, 56, 81, 162, 166, 163, 161, 167, 164, 168, 169, 165, 170, 171]","[10, 16, 37, 27, 21, 34, 31, 241, 172, 261, 262, 56, 81, 162, 166, 163, 161, 167, 164, 168, 169, 165, 170, 171, 106]","[10, 16, 37, 27, 21, 34, 31, 241, 172, 261, 262, 56, 81, 162, 166, 163, 161, 167, 164, 168, 169, 165, 170, 171, 106]",1,0,0,0,0,0,0,0,0,0,42.30769230769231,42.30769230769231,42.30769230769231,0.0004693017578408503,0.0004693017578408503
16,60,평촌역,2026-09-18 16:00:00,2026-09-18 17:00:00,walk,operating|wd,25,"[16, 31, 106, 162, 166, 241, 163, 161, 167, 164, 37, 172, 168, 169, 27, 165, 261, 170, 262, 56, 171, 10, 21, 81, 34]","[16, 31, 162, 166, 241, 163, 161, 167, 164, 37, 172, 168, 169, 27, 165, 261, 170, 262, 56, 171, 10, 21, 81, 34, 106]","[16, 31, 162, 166, 241, 163, 161, 167, 164, 37, 172, 168, 169, 27, 165, 261, 170, 262, 56, 171, 10, 21, 81, 34, 106]",1,0,0,0,0,0,0,0,0,0,19.419924337957124,19.419924337957124,19.419924337957124,1.9567082376845533e-05,1.9567082376845533e-05
16,60,평촌역,2026-09-18 16:00:00,2026-09-18 17:00:00,fare,outside|wd,25,"[10, 81, 16, 37, 27, 21, 34, 31, 106, 241, 172, 261, 262, 56, 162, 166, 163, 161, 167, 164, 168, 169, 165, 170, 171]","[10, 81, 16, 37, 27, 21, 34, 31, 241, 172, 261, 262, 56, 162, 166, 163, 161, 167, 164, 168, 169, 165, 170, 171, 106]","[10, 81, 16, 37, 27, 21, 34, 31, 241, 172, 261, 262, 56, 162, 166, 163, 161, 167, 164, 168, 169, 165, 170, 171, 106]",1,0,0,0,0,0,0,0,0,0,54.395604395604394,54.395604395604394,54.395604395604394,0.0005108418911855076,0.0005108418911855076
16,60,인덕원역,2026-09-18 10:00:00,2026-09-18 11:00:00,walk,outside|wd,7,"[10, 172, 27, 171, 170, 164, 34]","[10, 172, 27, 171, 170, 164, 34]","[10, 172, 27, 171, 170, 164, 34]",0,0,0,0,0,0,0,0,0,0,57.69230769230769,57.69230769230769,57.69230769230769,0.0006914178931938965,0.0006914178931938965
16,60,인덕원역,2026-09-18 10:00:00,2026-09-18 11:00:00,fare,outside|wd,7,"[10, 27, 34, 172, 171, 170, 164]","[10, 27, 34, 172, 171, 170, 164]","[10, 27, 34, 172, 171, 170, 164]",0,0,0,0,0,0,0,0,0,0,57.69230769230769,57.69230769230769,57.69230769230769,0.0006914178931938965,0.0006914178931938965
16,60,인덕원역,2026-09-18 12:00:00,2026-09-18 13:00:00,walk,outside|wd,7,"[10, 172, 27, 171, 170, 164, 34]","[10, 172, 27, 171, 170, 164, 34]","[10, 172, 27, 171, 170, 164, 34]",0,0,0,0,0,0,0,0,0,0,53.84615384615385,53.84615384615385,53.84615384615385,0.0002857009835462783,0.0002857009835462783
16,60,인덕원역,2026-09-18 12:00:00,2026-09-18 13:00:00,fare,outside|wd,7,"[10, 27, 34, 172, 171, 170, 164]","[10, 27, 34, 172, 171, 170, 164]","[10, 27, 34, 172, 171, 170, 164]",0,0,0,0,0,0,0,0,0,0,53.84615384615385,53.84615384615385,53.84615384615385,0.0002857009835462783,0.0002857009835462783
16,60,인덕원역,2026-09-18 14:00:00,2026-09-18 15:00:00,walk,outside|wd,7,"[10, 172, 27, 171, 170, 164, 34]","[10, 172, 27, 171, 170, 164, 34]","[10, 172, 27, 171, 170, 164, 34]",0,0,0,0,0,0,0,0,0,0,42.30769230769231,42.30769230769231,42.30769230769231,0.0004693017578408503,0.0004693017578408503
16,60,인덕원역,2026-09-18 14:00:00,2026-09-18 15:00:00,fare,outside|wd,7,"[10, 27, 34, 172, 171, 170, 164]","[10, 27, 34, 172, 171, 170, 164]","[10, 27, 34, 172, 171, 170, 164]",0,0,0,0,0,0,0,0,0,0,42.30769230769231,42.30769230769231,42.30769230769231,0.0004693017578408503,0.0004693017578408503
16,60,인덕원역,2026-09-18 16:00:00,2026-09-18 17:00:00,walk,outside|wd,7,"[10, 172, 27, 171, 170, 164, 34]","[10, 172, 27, 171, 170, 164, 34]","[10, 172, 27, 171, 170, 164, 34]",0,0,0,0,0,0,0,0,0,0,54.395604395604394,54.395604395604394,54.395604395604394,0.0005108418911855076,0.0005108418911855076
16,60,인덕원역,2026-09-18 16:00:00,2026-09-18 17:00:00,fare,outside|wd,7,"[10, 27, 34, 172, 171, 170, 164]","[10, 27, 34, 172, 171, 170, 164]","[10, 27, 34, 172, 171, 170, 164]",0,0,0,0,0,0,0,0,0,0,54.395604395604394,54.395604395604394,54.395604395604394,0.0005108418911855076,0.0005108418911855076
16,120,안양시청,2026-09-18 10:00:00,2026-09-18 12:00:00,walk,operating|wd,5,"[106, 16, 31, 161, 165]","[16, 31, 161, 165, 106]","[16, 31, 161, 165, 106]",1,1,1,0,0,1,0,1,1,-500,100.0,11.097099621689786,11.097099621689786,0.644679640949451,2.8718516725191066e-05
16,120,안양시청,2026-09-18 10:00:00,2026-09-18 12:00:00,fare,operating|wd,5,"[16, 106, 31, 161, 165]","[16, 31, 161, 165, 106]","[16, 31, 161, 165, 106]",1,0,0,0,0,0,0,0,0,0,11.097099621689786,11.097099621689786,11.097099621689786,2.8718516725191066e-05,2.8718516725191066e-05
16,120,안양시청,2026-09-18 12:00:00,2026-09-18 14:00:00,walk,operating|wd,5,"[106, 16, 31, 161, 165]","[16, 31, 161, 165, 106]","[16, 31, 161, 165, 106]",1,1,1,0,0,1,0,1,1,-500,100.0,10.718789407313997,10.718789407313997,0.9854442493918448,3.574245974358278e-05
16,120,안양시청,2026-09-18 12:00:00,2026-09-18 14:00:00,fare,operating|wd,5,"[16, 106, 31, 161, 165]","[16, 31, 161, 165, 106]","[16, 31, 161, 165, 106]",1,0,0,0,0,0,0,0,0,0,10.718789407313997,10.718789407313997,10.718789407313997,3.574245974358278e-05,3.574245974358278e-05
16,120,안양시청,2026-09-18 14:00:00,2026-09-18 16:00:00,walk,operating|wd,5,"[106, 16, 31, 161, 165]","[16, 31, 161, 165, 106]","[16, 31, 161, 165, 106]",1,1,1,0,0,1,0,1,1,-500,100.0,14.501891551071878,14.501891551071878,0.979145035912031,3.613051627090123e-05
16,120,안양시청,2026-09-18 14:00:00,2026-09-18 16:00:00,fare,operating|wd,5,"[16, 106, 31, 161, 165]","[16, 31, 161, 165, 106]","[16, 31, 161, 165, 106]",1,0,0,0,0,0,0,0,0,0,14.501891551071878,14.501891551071878,14.501891551071878,3.613051627090123e-05,3.613051627090123e-05
16,120,석수역,2026-09-18 06:00:00,2026-09-18 08:00:00,walk,outside|wd,5,"[108, 25, 12, 13, 24]","[25, 12, 13, 24, 108]","[25, 12, 13, 24, 108]",1,1,1,0,0,1,0,1,21,0,97.47899159663865,59.32203389830509,59.32203389830509,0.9661116706179126,5.266076474802202e-05
16,120,석수역,2026-09-18 06:00:00,2026-09-18 08:00:00,fare,outside|wd,5,"[108, 25, 13, 24, 12]","[25, 13, 24, 12, 108]","[25, 13, 24, 12, 108]",1,1,1,0,0,1,0,1,21,0,97.47899159663865,59.32203389830509,59.32203389830509,0.9661116706179126,5.266076474802202e-05
16,120,석수역,2026-09-18 08:00:00,2026-09-18 10:00:00,walk,operating|wd,5,"[108, 25, 12, 13, 24]","[108, 25, 12, 13, 24]","[25, 12, 13, 24, 108]",0,0,0,0,0,0,0,0,0,0,49.57983193277311,49.57983193277311,35.59322033898305,0.014791730549348205,0.014791730549348205
16,120,석수역,2026-09-18 08:00:00,2026-09-18 10:00:00,fare,operating|wd,5,"[108, 25, 12, 13, 24]","[108, 25, 12, 13, 24]","[25, 12, 13, 24, 108]",0,0,0,0,0,0,0,0,0,0,49.57983193277311,49.57983193277311,35.59322033898305,0.014791730549348205,0.014791730549348205
16,120,석수역,2026-09-18 10:00:00,2026-09-18 12:00:00,walk,operating|wd,5,"[108, 25, 12, 13, 24]","[108, 25, 12, 13, 24]","[108, 25, 12, 13, 24]",0,0,0,0,0,0,0,0,0,0,42.857142857142854,42.857142857142854,42.857142857142854,0.0021287795257888746,0.0021287795257888746
16,120,석수역,2026-09-18 10:00:00,2026-09-18 12:00:00,fare,operating|wd,5,"[108, 25, 12, 13, 24]","[108, 25, 12, 13, 24]","[108, 25, 12, 13, 24]",0,0,0,0,0,0,0,0,0,0,42.857142857142854,42.857142857142854,42.857142857142854,0.0021287795257888746,0.0021287795257888746
16,120,석수역,2026-09-18 12:00:00,2026-09-18 14:00:00,walk,operating|wd,5,"[108, 25, 12, 13, 24]","[108, 25, 12, 13, 24]","[108, 25, 12, 13, 24]",0,0,0,0,0,0,0,0,0,0,37.81512605042017,37.81512605042017,37.81512605042017,0.003349692223903561,0.003349692223903561
16,120,석수역,2026-09-18 12:00:00,2026-09-18 14:00:00,fare,operating|wd,5,"[108, 25, 12, 13, 24]","[108, 25, 12, 13, 24]","[108, 25, 12, 13, 24]",0,0,0,0,0,0,0,0,0,0,37.81512605042017,37.81512605042017,37.81512605042017,0.003349692223903561,0.003349692223903561
16,120,석수역,2026-09-18 14:00:00,2026-09-18 16:00:00,walk,operating|wd,5,"[108, 25, 12, 13, 24]","[108, 25, 12, 13, 24]","[108, 25, 12, 13, 24]",0,0,0,0,0,0,0,0,0,0,39.49579831932773,39.49579831932773,39.49579831932773,0.007031621993374508,0.007031621993374508
16,120,석수역,2026-09-18 14:00:00,2026-09-18 16:00:00,fare,operating|wd,5,"[108, 25, 12, 13, 24]","[108, 25, 12, 13, 24]","[108, 25, 12, 13, 24]",0,0,0,0,0,0,0,0,0,0,39.49579831932773,39.49579831932773,39.49579831932773,0.007031621993374508,0.007031621993374508
16,120,석수역,2026-09-18 16:00:00,2026-09-18 18:00:00,walk,outside|wd,5,"[108, 25, 12, 13, 24]","[108, 25, 12, 13, 24]","[108, 25, 12, 13, 24]",0,0,0,0,0,0,0,0,0,0,89.91596638655462,89.91596638655462,89.91596638655462,0.4852417583125518,0.4852417583125518
16,120,석수역,2026-09-18 16:00:00,2026-09-18 18:00:00,fare,outside|wd,5,"[108, 25, 13, 24, 12]","[108, 25, 13, 24, 12]","[108, 25, 13, 24, 12]",0,0,0,0,0,0,0,0,0,0,89.91596638655462,89.91596638655462,89.91596638655462,0.4852417583125518,0.4852417583125518
16,120,석수역,2026-09-18 18:00:00,2026-09-18 20:00:00,walk,outside|wd,5,"[108, 25, 12, 13, 24]","[25, 12, 13, 24, 108]","[108, 25, 12, 13, 24]",1,1,0,0,0,0,0,0,21,0,89.91596638655462,0.0,89.91596638655462,0.6042771332554124,5.776580659386077e-05
16,120,석수역,2026-09-18 18:00:00,2026-09-18 20:00:00,fare,outside|wd,5,"[108, 25, 13, 24, 12]","[25, 13, 24, 12, 108]","[108, 25, 13, 24, 12]",1,1,0,0,0,0,0,0,21,0,89.91596638655462,0.0,89.91596638655462,0.6042771332554124,5.776580659386077e-05
16,120,석수역,2026-09-18 20:00:00,2026-09-18 22:00:00,walk,outside|wd,5,"[108, 25, 12, 13, 24]","[25, 12, 13, 24, 108]","[108, 25, 12, 13, 24]",1,1,0,0,0,0,0,0,21,0,89.91596638655462,66.10169491525424,89.91596638655462,0.7465453132724775,6.605199293272632e-05
16,120,석수역,2026-09-18 20:00:00,2026-09-18 22:00:00,fare,outside|wd,5,"[108, 25, 13, 24, 12]","[25, 13, 24, 12, 108]","[108, 25, 13, 24, 12]",1,1,0,0,0,0,0,0,21,0,89.91596638655462,66.10169491525424,89.91596638655462,0.7465453132724775,6.605199293272632e-05
16,120,범계역,2026-09-18 12:00:00,2026-09-18 14:00:00,walk,operating|wd,26,"[106, 16, 81, 241, 56, 261, 262, 30, 401, 183, 39, 182, 31, 161, 201, 42, 23, 165, 461, 166, 82, 40, 162, 521, 167, 163]","[16, 81, 241, 56, 261, 262, 30, 401, 183, 39, 182, 31, 161, 201, 42, 23, 165, 461, 166, 82, 40, 162, 521, 167, 163, 106]","[16, 81, 241, 56, 261, 262, 30, 401, 183, 39, 182, 31, 161, 201, 42, 23, 165, 461, 166, 82, 40, 162, 521, 167, 163, 106]",1,1,1,0,0,1,0,1,1,-500,100.0,10.718789407313997,10.718789407313997,0.9854442493918448,3.574245974358278e-05
16,120,범계역,2026-09-18 12:00:00,2026-09-18 14:00:00,fare,operating|wd,26,"[16, 30, 401, 201, 42, 82, 521, 106, 81, 241, 56, 261, 262, 183, 39, 182, 31, 23, 461, 40, 161, 165, 166, 162, 167, 163]","[16, 30, 401, 201, 42, 82, 521, 81, 241, 56, 261, 262, 183, 39, 182, 31, 23, 461, 40, 161, 165, 166, 162, 167, 163, 106]","[16, 30, 401, 201, 42, 82, 521, 81, 241, 56, 261, 262, 183, 39, 182, 31, 23, 461, 40, 161, 165, 166, 162, 167, 163, 106]",1,0,0,0,0,0,0,0,0,0,10.718789407313997,10.718789407313997,10.718789407313997,3.574245974358278e-05,3.574245974358278e-05
16,120,안양역,2026-09-18 10:00:00,2026-09-18 12:00:00,walk,operating|wd,11,"[48, 112, 53, 11, 52, 7, 8, 38, 29, 18, 28]","[48, 112, 53, 11, 52, 7, 8, 38, 29, 18, 28]","[112, 11, 7, 8, 38, 29, 18, 28, 48, 53, 52]",0,0,0,0,0,0,0,0,0,0,16.666666666666668,16.666666666666668,10.666666666666666,0.008668832611158108,0.008668832611158108
16,120,안양역,2026-09-18 10:00:00,2026-09-18 12:00:00,fare,operating|wd,11,"[18, 8, 38, 28, 48, 112, 53, 11, 52, 7, 29]","[18, 8, 38, 28, 48, 112, 53, 11, 52, 7, 29]","[18, 8, 38, 28, 112, 11, 7, 29, 48, 53, 52]",0,0,0,0,0,0,0,0,0,0,23.214285714285715,23.214285714285715,23.214285714285715,3.513843663511397e-05,3.513843663511397e-05
16,120,안양역,2026-09-18 12:00:00,2026-09-18 14:00:00,walk,operating|wd,11,"[48, 112, 53, 11, 52, 7, 8, 38, 29, 18, 28]","[48, 112, 53, 11, 52, 7, 8, 38, 29, 18, 28]","[48, 112, 53, 11, 52, 7, 8, 38, 29, 18, 28]",0,0,0,0,0,0,0,0,0,0,33.333333333333336,33.333333333333336,33.333333333333336,0.00035742602019716766,0.00035742602019716766
16,120,안양역,2026-09-18 12:00:00,2026-09-18 14:00:00,fare,operating|wd,11,"[18, 8, 38, 28, 48, 112, 53, 11, 52, 7, 29]","[18, 8, 38, 28, 48, 112, 53, 11, 52, 7, 29]","[18, 8, 38, 28, 48, 112, 53, 11, 52, 7, 29]",0,0,0,0,0,0,0,0,0,0,25.0,25.0,25.0,2.6151637579993247e-05,2.6151637579993247e-05
16,120,평촌역,2026-09-18 12:00:00,2026-09-18 14:00:00,walk,operating|wd,25,"[16, 31, 106, 162, 166, 241, 163, 161, 167, 164, 37, 172, 168, 169, 27, 165, 261, 170, 262, 56, 171, 10, 21, 81, 34]","[16, 31, 162, 166, 241, 163, 161, 167, 164, 37, 172, 168, 169, 27, 165, 261, 170, 262, 56, 171, 10, 21, 81, 34, 106]","[16, 31, 162, 166, 241, 163, 161, 167, 164, 37, 172, 168, 169, 27, 165, 261, 170, 262, 56, 171, 10, 21, 81, 34, 106]",1,0,0,0,0,0,0,0,0,0,10.718789407313997,10.718789407313997,10.718789407313997,3.574245974358278e-05,3.574245974358278e-05
16,120,평촌역,2026-09-18 12:00:00,2026-09-18 14:00:00,fare,outside|wd,25,"[10, 16, 37, 27, 21, 34, 31, 106, 241, 172, 261, 262, 56, 81, 162, 166, 163, 161, 167, 164, 168, 169, 165, 170, 171]","[10, 16, 37, 27, 21, 34, 31, 241, 172, 261, 262, 56, 81, 162, 166, 163, 161, 167, 164, 168, 169, 165, 170, 171, 106]","[10, 16, 37, 27, 21, 34, 31, 241, 172, 261, 262, 56, 81, 162, 166, 163, 161, 167, 164, 168, 169, 165, 170, 171, 106]",1,0,0,0,0,0,0,0,0,0,41.75824175824176,41.75824175824176,41.75824175824176,0.0003429591243948978,0.0003429591243948978
16,120,평촌역,2026-09-18 14:00:00,2026-09-18 16:00:00,walk,operating|wd,25,"[16, 31, 106, 162, 166, 241, 163, 161, 167, 164, 37, 172, 168, 169, 27, 165, 261, 170, 262, 56, 171, 10, 21, 81, 34]","[16, 31, 162, 166, 241, 163, 161, 167, 164, 37, 172, 168, 169, 27, 165, 261, 170, 262, 56, 171, 10, 21, 81, 34, 106]","[16, 31, 162, 166, 241, 163, 161, 167, 164, 37, 172, 168, 169, 27, 165, 261, 170, 262, 56, 171, 10, 21, 81, 34, 106]",1,0,0,0,0,0,0,0,0,0,14.501891551071878,14.501891551071878,14.501891551071878,3.613051627090123e-05,3.613051627090123e-05
16,120,평촌역,2026-09-18 14:00:00,2026-09-18 16:00:00,fare,outside|wd,25,"[10, 16, 37, 27, 21, 34, 31, 106, 241, 172, 261, 262, 56, 81, 162, 166, 163, 161, 167, 164, 168, 169, 165, 170, 171]","[10, 16, 37, 27, 21, 34, 31, 241, 172, 261, 262, 56, 81, 162, 166, 163, 161, 167, 164, 168, 169, 165, 170, 171, 106]","[10, 16, 37, 27, 21, 34, 31, 241, 172, 261, 262, 56, 81, 162, 166, 163, 161, 167, 164, 168, 169, 165, 170, 171, 106]",1,0,0,0,0,0,0,0,0,0,47.8021978021978,47.8021978021978,47.8021978021978,0.0005287865668283217,0.0005287865668283217
16,120,인덕원역,2026-09-18 10:00:00,2026-09-18 12:00:00,walk,outside|wd,7,"[10, 172, 27, 171, 170, 164, 34]","[10, 172, 27, 171, 170, 164, 34]","[10, 172, 27, 171, 170, 164, 34]",0,0,0,0,0,0,0,0,0,0,52.1978021978022,52.1978021978022,52.1978021978022,0.0010129338622004633,0.0010129338622004633
16,120,인덕원역,2026-09-18 10:00:00,2026-09-18 12:00:00,fare,outside|wd,7,"[10, 27, 34, 172, 171, 170, 164]","[10, 27, 34, 172, 171, 170, 164]","[10, 27, 34, 172, 171, 170, 164]",0,0,0,0,0,0,0,0,0,0,52.1978021978022,52.1978021978022,52.1978021978022,0.0010129338622004633,0.0010129338622004633
16,120,인덕원역,2026-09-18 12:00:00,2026-09-18 14:00:00,walk,outside|wd,7,"[10, 172, 27, 171, 170, 164, 34]","[10, 172, 27, 171, 170, 164, 34]","[10, 172, 27, 171, 170, 164, 34]",0,0,0,0,0,0,0,0,0,0,41.75824175824176,41.75824175824176,41.75824175824176,0.0003429591243948978,0.0003429591243948978
16,120,인덕원역,2026-09-18 12:00:00,2026-09-18 14:00:00,fare,outside|wd,7,"[10, 27, 34, 172, 171, 170, 164]","[10, 27, 34, 172, 171, 170, 164]","[10, 27, 34, 172, 171, 170, 164]",0,0,0,0,0,0,0,0,0,0,41.75824175824176,41.75824175824176,41.75824175824176,0.0003429591243948978,0.0003429591243948978
16,120,인덕원역,2026-09-18 14:00:00,2026-09-18 16:00:00,walk,outside|wd,7,"[10, 172, 27, 171, 170, 164, 34]","[10, 172, 27, 171, 170, 164, 34]","[10, 172, 27, 171, 170, 164, 34]",0,0,0,0,0,0,0,0,0,0,47.8021978021978,47.8021978021978,47.8021978021978,0.0005287865668283217,0.0005287865668283217
16,120,인덕원역,2026-09-18 14:00:00,2026-09-18 16:00:00,fare,outside|wd,7,"[10, 27, 34, 172, 171, 170, 164]","[10, 27, 34, 172, 171, 170, 164]","[10, 27, 34, 172, 171, 170, 164]",0,0,0,0,0,0,0,0,0,0,47.8021978021978,47.8021978021978,47.8021978021978,0.0005287865668283217,0.0005287865668283217
16,240,안양시청,2026-09-18 10:00:00,2026-09-18 14:00:00,walk,operating|wd,5,"[106, 16, 31, 161, 165]","[16, 31, 161, 165, 106]","[16, 31, 161, 165, 106]",1,1,1,0,0,1,0,1,1,-500,100.0,10.718789407313997,10.718789407313997,0.6694541505321171,8.193495952081978e-05
16,240,안양시청,2026-09-18 10:00:00,2026-09-18 14:00:00,fare,operating|wd,5,"[16, 106, 31, 161, 165]","[16, 31, 161, 165, 106]","[16, 31, 161, 165, 106]",1,0,0,0,0,0,0,0,0,0,10.718789407313997,10.718789407313997,10.718789407313997,8.193495952081978e-05,8.193495952081978e-05
16,240,안양시청,2026-09-18 12:00:00,2026-09-18 16:00:00,walk,operating|wd,5,"[106, 16, 31, 161, 165]","[16, 31, 161, 165, 106]","[16, 31, 161, 165, 106]",1,1,1,0,0,1,0,1,1,-500,100.0,14.501891551071878,14.501891551071878,0.9817496196301517,0.00012456571435566583
16,240,안양시청,2026-09-18 12:00:00,2026-09-18 16:00:00,fare,operating|wd,5,"[16, 106, 31, 161, 165]","[16, 31, 161, 165, 106]","[16, 31, 161, 165, 106]",1,0,0,0,0,0,0,0,0,0,14.501891551071878,14.501891551071878,14.501891551071878,0.00012456571435566583,0.00012456571435566583
16,240,석수역,2026-09-18 06:00:00,2026-09-18 10:00:00,walk,operating|wd,5,"[108, 25, 12, 13, 24]","[108, 25, 12, 13, 24]","[25, 12, 13, 24, 108]",0,0,0,0,0,0,0,0,0,0,49.57983193277311,49.57983193277311,35.59322033898305,0.0027224422782625864,0.0027224422782625864
16,240,석수역,2026-09-18 06:00:00,2026-09-18 10:00:00,fare,operating|wd,5,"[108, 25, 12, 13, 24]","[108, 25, 12, 13, 24]","[25, 12, 13, 24, 108]",0,0,0,0,0,0,0,0,0,0,49.57983193277311,49.57983193277311,35.59322033898305,0.0027224422782625864,0.0027224422782625864
16,240,석수역,2026-09-18 08:00:00,2026-09-18 12:00:00,walk,operating|wd,5,"[108, 25, 12, 13, 24]","[108, 25, 12, 13, 24]","[25, 12, 13, 24, 108]",0,0,0,0,0,0,0,0,0,0,42.857142857142854,42.857142857142854,27.966101694915253,0.0029413389161279165,0.0029413389161279165
16,240,석수역,2026-09-18 08:00:00,2026-09-18 12:00:00,fare,operating|wd,5,"[108, 25, 12, 13, 24]","[108, 25, 12, 13, 24]","[25, 12, 13, 24, 108]",0,0,0,0,0,0,0,0,0,0,42.857142857142854,42.857142857142854,27.966101694915253,0.0029413389161279165,0.0029413389161279165
16,240,석수역,2026-09-18 10:00:00,2026-09-18 14:00:00,walk,operating|wd,5,"[108, 25, 12, 13, 24]","[108, 25, 12, 13, 24]","[108, 25, 12, 13, 24]",0,0,0,0,0,0,0,0,0,0,37.81512605042017,37.81512605042017,37.81512605042017,0.009357408432048625,0.009357408432048625
16,240,석수역,2026-09-18 10:00:00,2026-09-18 14:00:00,fare,operating|wd,5,"[108, 25, 12, 13, 24]","[108, 25, 12, 13, 24]","[108, 25, 12, 13, 24]",0,0,0,0,0,0,0,0,0,0,37.81512605042017,37.81512605042017,37.81512605042017,0.009357408432048625,0.009357408432048625
16,240,석수역,2026-09-18 12:00:00,2026-09-18 16:00:00,walk,operating|wd,5,"[108, 25, 12, 13, 24]","[108, 25, 12, 13, 24]","[108, 25, 12, 13, 24]",0,0,0,0,0,0,0,0,0,0,39.49579831932773,39.49579831932773,39.49579831932773,0.032284590169109846,0.032284590169109846
16,240,석수역,2026-09-18 12:00:00,2026-09-18 16:00:00,fare,operating|wd,5,"[108, 25, 12, 13, 24]","[108, 25, 12, 13, 24]","[108, 25, 12, 13, 24]",0,0,0,0,0,0,0,0,0,0,39.49579831932773,39.49579831932773,39.49579831932773,0.032284590169109846,0.032284590169109846
16,240,석수역,2026-09-18 14:00:00,2026-09-18 18:00:00,walk,outside|wd,5,"[108, 25, 12, 13, 24]","[108, 25, 12, 13, 24]","[108, 25, 12, 13, 24]",0,0,0,0,0,0,0,0,0,0,89.91596638655462,89.91596638655462,89.91596638655462,0.47902599779614846,0.47902599779614846
16,240,석수역,2026-09-18 14:00:00,2026-09-18 18:00:00,fare,outside|wd,5,"[108, 25, 13, 24, 12]","[108, 25, 13, 24, 12]","[108, 25, 13, 24, 12]",0,0,0,0,0,0,0,0,0,0,89.91596638655462,89.91596638655462,89.91596638655462,0.47902599779614846,0.47902599779614846
16,240,석수역,2026-09-18 16:00:00,2026-09-18 20:00:00,walk,outside|wd,5,"[108, 25, 12, 13, 24]","[25, 12, 13, 24, 108]","[108, 25, 12, 13, 24]",1,1,0,0,0,0,0,0,21,0,89.91596638655462,0.0,89.91596638655462,0.5095931227407438,0.00012618618732146674
16,240,석수역,2026-09-18 16:00:00,2026-09-18 20:00:00,fare,outside|wd,5,"[108, 25, 13, 24, 12]","[25, 13, 24, 12, 108]","[108, 25, 13, 24, 12]",1,1,0,0,0,0,0,0,21,0,89.91596638655462,0.0,89.91596638655462,0.5095931227407438,0.00012618618732146674
16,240,석수역,2026-09-18 18:00:00,2026-09-18 22:00:00,walk,outside|wd,5,"[108, 25, 12, 13, 24]","[25, 12, 13, 24, 108]","[108, 25, 12, 13, 24]",1,1,0,0,0,0,0,0,21,0,89.91596638655462,66.10169491525424,89.91596638655462,0.625892349095504,0.00010565297879831139
16,240,석수역,2026-09-18 18:00:00,2026-09-18 22:00:00,fare,outside|wd,5,"[108, 25, 13, 24, 12]","[25, 13, 24, 12, 108]","[108, 25, 13, 24, 12]",1,1,0,0,0,0,0,0,21,0,89.91596638655462,66.10169491525424,89.91596638655462,0.625892349095504,0.00010565297879831139
16,240,안양역,2026-09-18 10:00:00,2026-09-18 14:00:00,walk,operating|wd,11,"[48, 112, 53, 11, 52, 7, 8, 38, 29, 18, 28]","[48, 112, 53, 11, 52, 7, 8, 38, 29, 18, 28]","[112, 11, 7, 8, 38, 29, 18, 28, 48, 53, 52]",0,0,0,0,0,0,0,0,0,0,33.333333333333336,33.333333333333336,18.666666666666668,0.002669621599048822,0.002669621599048822
16,240,안양역,2026-09-18 10:00:00,2026-09-18 14:00:00,fare,operating|wd,11,"[18, 8, 38, 28, 48, 112, 53, 11, 52, 7, 29]","[18, 8, 38, 28, 48, 112, 53, 11, 52, 7, 29]","[18, 8, 38, 28, 112, 11, 7, 29, 48, 53, 52]",0,0,0,0,0,0,0,0,0,0,25.0,25.0,25.0,8.000999368481153e-05,8.000999368481153e-05
16,240,평촌역,2026-09-18 12:00:00,2026-09-18 16:00:00,walk,operating|wd,25,"[16, 31, 106, 162, 166, 241, 163, 161, 167, 164, 37, 172, 168, 169, 27, 165, 261, 170, 262, 56, 171, 10, 21, 81, 34]","[16, 31, 162, 166, 241, 163, 161, 167, 164, 37, 172, 168, 169, 27, 165, 261, 170, 262, 56, 171, 10, 21, 81, 34, 106]","[16, 31, 162, 166, 241, 163, 161, 167, 164, 37, 172, 168, 169, 27, 165, 261, 170, 262, 56, 171, 10, 21, 81, 34, 106]",1,0,0,0,0,0,0,0,0,0,14.501891551071878,14.501891551071878,14.501891551071878,0.00012456571435566583,0.00012456571435566583
16,240,평촌역,2026-09-18 12:00:00,2026-09-18 16:00:00,fare,outside|wd,25,"[10, 16, 37, 27, 21, 34, 31, 106, 241, 172, 261, 262, 56, 81, 162, 166, 163, 161, 167, 164, 168, 169, 165, 170, 171]","[10, 16, 37, 27, 21, 34, 31, 241, 172, 261, 262, 56, 81, 162, 166, 163, 161, 167, 164, 168, 169, 165, 170, 171, 106]","[10, 16, 37, 27, 21, 34, 31, 241, 172, 261, 262, 56, 81, 162, 166, 163, 161, 167, 164, 168, 169, 165, 170, 171, 106]",1,0,0,0,0,0,0,0,0,0,47.8021978021978,47.8021978021978,47.8021978021978,0.0025198635564250642,0.0025198635564250642
16,240,인덕원역,2026-09-18 10:00:00,2026-09-18 14:00:00,walk,outside|wd,7,"[10, 172, 27, 171, 170, 164, 34]","[10, 172, 27, 171, 170, 164, 34]","[10, 172, 27, 171, 170, 164, 34]",0,0,0,0,0,0,0,0,0,0,41.75824175824176,41.75824175824176,41.75824175824176,0.002031037437933106,0.002031037437933106
16,240,인덕원역,2026-09-18 10:00:00,2026-09-18 14:00:00,fare,outside|wd,7,"[10, 27, 34, 172, 171, 170, 164]","[10, 27, 34, 172, 171, 170, 164]","[10, 27, 34, 172, 171, 170, 164]",0,0,0,0,0,0,0,0,0,0,41.75824175824176,41.75824175824176,41.75824175824176,0.002031037437933106,0.002031037437933106
16,240,인덕원역,2026-09-18 12:00:00,2026-09-18 16:00:00,walk,outside|wd,7,"[10, 172, 27, 171, 170, 164, 34]","[10, 172, 27, 171, 170, 164, 34]","[10, 172, 27, 171, 170, 164, 34]",0,0,0,0,0,0,0,0,0,0,47.8021978021978,47.8021978021978,47.8021978021978,0.0025198635564250642,0.0025198635564250642
16,240,인덕원역,2026-09-18 12:00:00,2026-09-18 16:00:00,fare,outside|wd,7,"[10, 27, 34, 172, 171, 170, 164]","[10, 27, 34, 172, 171, 170, 164]","[10, 27, 34, 172, 171, 170, 164]",0,0,0,0,0,0,0,0,0,0,47.8021978021978,47.8021978021978,47.8021978021978,0.0025198635564250642,0.0025198635564250642
16,360,안양시청,2026-09-18 10:00:00,2026-09-18 16:00:00,walk,operating|wd,5,"[106, 16, 31, 161, 165]","[16, 31, 161, 165, 106]","[16, 31, 161, 165, 106]",1,1,1,0,0,1,0,1,1,-500,100.0,14.501891551071878,14.501891551071878,0.6318265702496232,0.00021474171980117183
16,360,안양시청,2026-09-18 10:00:00,2026-09-18 16:00:00,fare,operating|wd,5,"[16, 106, 31, 161, 165]","[16, 31, 161, 165, 106]","[16, 31, 161, 165, 106]",1,0,0,0,0,0,0,0,0,0,14.501891551071878,14.501891551071878,14.501891551071878,0.00021474171980117183,0.00021474171980117183
16,360,석수역,2026-09-18 06:00:00,2026-09-18 12:00:00,walk,operating|wd,5,"[108, 25, 12, 13, 24]","[108, 25, 12, 13, 24]","[25, 12, 13, 24, 108]",0,0,0,0,0,0,0,0,0,0,42.857142857142854,42.857142857142854,27.966101694915253,0.010950442137023467,0.010950442137023467
16,360,석수역,2026-09-18 06:00:00,2026-09-18 12:00:00,fare,operating|wd,5,"[108, 25, 12, 13, 24]","[108, 25, 12, 13, 24]","[25, 12, 13, 24, 108]",0,0,0,0,0,0,0,0,0,0,42.857142857142854,42.857142857142854,27.966101694915253,0.010950442137023467,0.010950442137023467
16,360,석수역,2026-09-18 08:00:00,2026-09-18 14:00:00,walk,operating|wd,5,"[108, 25, 12, 13, 24]","[108, 25, 12, 13, 24]","[25, 12, 13, 24, 108]",0,0,0,0,0,0,0,0,0,0,37.81512605042017,37.81512605042017,25.423728813559322,0.014326780509692523,0.014326780509692523
16,360,석수역,2026-09-18 08:00:00,2026-09-18 14:00:00,fare,operating|wd,5,"[108, 25, 12, 13, 24]","[108, 25, 12, 13, 24]","[25, 12, 13, 24, 108]",0,0,0,0,0,0,0,0,0,0,37.81512605042017,37.81512605042017,25.423728813559322,0.014326780509692523,0.014326780509692523
16,360,석수역,2026-09-18 10:00:00,2026-09-18 16:00:00,walk,operating|wd,5,"[108, 25, 12, 13, 24]","[108, 25, 12, 13, 24]","[108, 25, 12, 13, 24]",0,0,0,0,0,0,0,0,0,0,39.49579831932773,39.49579831932773,39.49579831932773,0.028170718124220895,0.028170718124220895
16,360,석수역,2026-09-18 10:00:00,2026-09-18 16:00:00,fare,operating|wd,5,"[108, 25, 12, 13, 24]","[108, 25, 12, 13, 24]","[108, 25, 12, 13, 24]",0,0,0,0,0,0,0,0,0,0,39.49579831932773,39.49579831932773,39.49579831932773,0.028170718124220895,0.028170718124220895
16,360,석수역,2026-09-18 12:00:00,2026-09-18 18:00:00,walk,outside|wd,5,"[108, 25, 12, 13, 24]","[108, 25, 12, 13, 24]","[108, 25, 12, 13, 24]",0,0,0,0,0,0,0,0,0,0,89.91596638655462,89.91596638655462,89.91596638655462,0.49365686104877066,0.49365686104877066
16,360,석수역,2026-09-18 12:00:00,2026-09-18 18:00:00,fare,outside|wd,5,"[108, 25, 13, 24, 12]","[108, 25, 13, 24, 12]","[108, 25, 13, 24, 12]",0,0,0,0,0,0,0,0,0,0,89.91596638655462,89.91596638655462,89.91596638655462,0.49365686104877066,0.49365686104877066
16,360,석수역,2026-09-18 14:00:00,2026-09-18 20:00:00,walk,outside|wd,5,"[108, 25, 12, 13, 24]","[108, 25, 12, 13, 24]","[108, 25, 12, 13, 24]",0,0,0,0,0,0,0,0,0,0,89.91596638655462,89.91596638655462,89.91596638655462,0.4872576459856142,0.4872576459856142
16,360,석수역,2026-09-18 14:00:00,2026-09-18 20:00:00,fare,outside|wd,5,"[108, 25, 13, 24, 12]","[108, 25, 13, 24, 12]","[108, 25, 13, 24, 12]",0,0,0,0,0,0,0,0,0,0,89.91596638655462,89.91596638655462,89.91596638655462,0.4872576459856142,0.4872576459856142
16,360,석수역,2026-09-18 16:00:00,2026-09-18 22:00:00,walk,outside|wd,5,"[108, 25, 12, 13, 24]","[108, 25, 12, 13, 24]","[108, 25, 12, 13, 24]",0,0,0,0,0,0,0,0,0,0,89.91596638655462,89.91596638655462,89.91596638655462,0.4298062095209261,0.4298062095209261
16,360,석수역,2026-09-18 16:00:00,2026-09-18 22:00:00,fare,outside|wd,5,"[108, 25, 13, 24, 12]","[108, 25, 13, 24, 12]","[108, 25, 13, 24, 12]",0,0,0,0,0,0,0,0,0,0,89.91596638655462,89.91596638655462,89.91596638655462,0.4298062095209261,0.4298062095209261
16,360,인덕원역,2026-09-18 10:00:00,2026-09-18 16:00:00,walk,outside|wd,7,"[10, 172, 27, 171, 170, 164, 34]","[10, 172, 27, 171, 170, 164, 34]","[10, 172, 27, 171, 170, 164, 34]",0,0,0,0,0,0,0,0,0,0,47.8021978021978,47.8021978021978,47.8021978021978,0.002034633538761504,0.002034633538761504
16,360,인덕원역,2026-09-18 10:00:00,2026-09-18 16:00:00,fare,outside|wd,7,"[10, 27, 34, 172, 171, 170, 164]","[10, 27, 34, 172, 171, 170, 164]","[10, 27, 34, 172, 171, 170, 164]",0,0,0,0,0,0,0,0,0,0,47.8021978021978,47.8021978021978,47.8021978021978,0.002034633538761504,0.002034633538761504
