fold,horizon,dest,ts_kst,missing_observations,missing_routes,n_candidates
1,15,안양시청,2026-09-03 00:00:00,16,0,25
1,15,안양시청,2026-09-03 02:00:00,16,0,25
1,15,안양시청,2026-09-03 04:00:00,16,0,25
1,15,안양시청,2026-09-03 06:00:00,16,0,25
1,15,안양시청,2026-09-03 08:00:00,9,0,25
1,15,안양시청,2026-09-03 10:00:00,3,0,25
1,15,안양시청,2026-09-03 18:00:00,9,0,25
1,15,안양시청,2026-09-03 20:00:00,15,0,25
1,15,안양시청,2026-09-03 22:00:00,15,0,25
1,15,석수역,2026-09-03 00:00:00,1,0,5
1,15,석수역,2026-09-03 02:00:00,1,0,5
1,15,석수역,2026-09-03 04:00:00,1,0,5
1,15,범계역,2026-09-03 00:00:00,11,0,25
1,15,범계역,2026-09-03 02:00:00,11,0,25
1,15,범계역,2026-09-03 04:00:00,11,0,25
1,15,범계역,2026-09-03 06:00:00,11,0,25
1,15,범계역,2026-09-03 08:00:00,6,0,25
1,15,범계역,2026-09-03 10:00:00,3,0,25
1,15,범계역,2026-09-03 16:00:00,1,0,25
1,15,범계역,2026-09-03 18:00:00,6,0,25
1,15,범계역,2026-09-03 20:00:00,11,0,25
1,15,범계역,2026-09-03 22:00:00,11,0,25
1,15,안양역,2026-09-03 00:00:00,4,0,11
1,15,안양역,2026-09-03 02:00:00,4,0,11
1,15,안양역,2026-09-03 04:00:00,3,0,11
1,15,안양역,2026-09-03 06:00:00,3,0,11
1,15,안양역,2026-09-03 08:00:00,2,0,11
1,15,안양역,2026-09-03 16:00:00,1,0,11
1,15,안양역,2026-09-03 18:00:00,2,0,11
1,15,안양역,2026-09-03 20:00:00,2,0,11
1,15,안양역,2026-09-03 22:00:00,4,0,11
1,15,평촌역,2026-09-03 00:00:00,16,0,24
1,15,평촌역,2026-09-03 02:00:00,16,0,24
1,15,평촌역,2026-09-03 04:00:00,16,0,24
1,15,평촌역,2026-09-03 06:00:00,16,0,24
1,15,평촌역,2026-09-03 08:00:00,9,0,24
1,15,평촌역,2026-09-03 10:00:00,3,0,24
1,15,평촌역,2026-09-03 18:00:00,9,0,24
1,15,평촌역,2026-09-03 20:00:00,15,0,24
1,15,평촌역,2026-09-03 22:00:00,15,0,24
1,15,인덕원역,2026-09-03 00:00:00,4,0,7
1,15,인덕원역,2026-09-03 02:00:00,4,0,7
1,15,인덕원역,2026-09-03 04:00:00,4,0,7
1,15,인덕원역,2026-09-03 06:00:00,4,0,7
1,15,인덕원역,2026-09-03 08:00:00,2,0,7
1,15,인덕원역,2026-09-03 18:00:00,2,0,7
1,15,인덕원역,2026-09-03 20:00:00,3,0,7
1,15,인덕원역,2026-09-03 22:00:00,3,0,7
1,30,안양시청,2026-09-03 00:00:00,16,0,25
1,30,안양시청,2026-09-03 02:00:00,16,0,25
1,30,안양시청,2026-09-03 04:00:00,16,0,25
1,30,안양시청,2026-09-03 06:00:00,16,0,25
1,30,안양시청,2026-09-03 08:00:00,9,0,25
1,30,안양시청,2026-09-03 10:00:00,3,0,25
1,30,안양시청,2026-09-03 18:00:00,9,0,25
1,30,안양시청,2026-09-03 20:00:00,15,0,25
1,30,안양시청,2026-09-03 22:00:00,15,0,25
1,30,석수역,2026-09-03 00:00:00,1,0,5
1,30,석수역,2026-09-03 02:00:00,1,0,5
1,30,석수역,2026-09-03 04:00:00,1,0,5
1,30,범계역,2026-09-03 00:00:00,11,0,25
1,30,범계역,2026-09-03 02:00:00,11,0,25
1,30,범계역,2026-09-03 04:00:00,11,0,25
1,30,범계역,2026-09-03 06:00:00,11,0,25
1,30,범계역,2026-09-03 08:00:00,6,0,25
1,30,범계역,2026-09-03 10:00:00,3,0,25
1,30,범계역,2026-09-03 16:00:00,1,0,25
1,30,범계역,2026-09-03 18:00:00,6,0,25
1,30,범계역,2026-09-03 20:00:00,11,0,25
1,30,범계역,2026-09-03 22:00:00,11,0,25
1,30,안양역,2026-09-03 00:00:00,4,0,11
1,30,안양역,2026-09-03 02:00:00,4,0,11
1,30,안양역,2026-09-03 04:00:00,3,0,11
1,30,안양역,2026-09-03 06:00:00,3,0,11
1,30,안양역,2026-09-03 08:00:00,2,0,11
1,30,안양역,2026-09-03 16:00:00,1,0,11
1,30,안양역,2026-09-03 18:00:00,2,0,11
1,30,안양역,2026-09-03 20:00:00,2,0,11
1,30,안양역,2026-09-03 22:00:00,4,0,11
1,30,평촌역,2026-09-03 00:00:00,16,0,24
1,30,평촌역,2026-09-03 02:00:00,16,0,24
1,30,평촌역,2026-09-03 04:00:00,16,0,24
1,30,평촌역,2026-09-03 06:00:00,16,0,24
1,30,평촌역,2026-09-03 08:00:00,9,0,24
1,30,평촌역,2026-09-03 10:00:00,3,0,24
1,30,평촌역,2026-09-03 18:00:00,9,0,24
1,30,평촌역,2026-09-03 20:00:00,15,0,24
1,30,평촌역,2026-09-03 22:00:00,15,0,24
1,30,인덕원역,2026-09-03 00:00:00,4,0,7
1,30,인덕원역,2026-09-03 02:00:00,4,0,7
1,30,인덕원역,2026-09-03 04:00:00,4,0,7
1,30,인덕원역,2026-09-03 06:00:00,4,0,7
1,30,인덕원역,2026-09-03 08:00:00,2,0,7
1,30,인덕원역,2026-09-03 18:00:00,2,0,7
1,30,인덕원역,2026-09-03 20:00:00,3,0,7
1,30,인덕원역,2026-09-03 22:00:00,3,0,7
1,60,안양시청,2026-09-03 00:00:00,16,0,25
1,60,안양시청,2026-09-03 02:00:00,16,0,25
1,60,안양시청,2026-09-03 04:00:00,16,0,25
1,60,안양시청,2026-09-03 06:00:00,16,0,25
1,60,안양시청,2026-09-03 08:00:00,12,0,25
1,60,안양시청,2026-09-03 10:00:00,3,0,25
1,60,안양시청,2026-09-03 18:00:00,12,0,25
1,60,안양시청,2026-09-03 20:00:00,15,0,25
1,60,안양시청,2026-09-03 22:00:00,16,0,25
1,60,석수역,2026-09-03 00:00:00,1,0,5
1,60,석수역,2026-09-03 02:00:00,1,0,5
1,60,석수역,2026-09-03 04:00:00,1,0,5
1,60,석수역,2026-09-03 22:00:00,1,0,5
1,60,범계역,2026-09-03 00:00:00,11,0,25
1,60,범계역,2026-09-03 02:00:00,11,0,25
1,60,범계역,2026-09-03 04:00:00,11,0,25
1,60,범계역,2026-09-03 06:00:00,11,0,25
1,60,범계역,2026-09-03 08:00:00,7,0,25
1,60,범계역,2026-09-03 10:00:00,3,0,25
1,60,범계역,2026-09-03 16:00:00,1,0,25
1,60,범계역,2026-09-03 18:00:00,8,0,25
1,60,범계역,2026-09-03 20:00:00,11,0,25
1,60,범계역,2026-09-03 22:00:00,11,0,25
1,60,안양역,2026-09-03 00:00:00,4,0,11
1,60,안양역,2026-09-03 02:00:00,4,0,11
1,60,안양역,2026-09-03 04:00:00,4,0,11
1,60,안양역,2026-09-03 06:00:00,3,0,11
1,60,안양역,2026-09-03 08:00:00,2,0,11
1,60,안양역,2026-09-03 14:00:00,1,0,11
1,60,안양역,2026-09-03 16:00:00,2,0,11
1,60,안양역,2026-09-03 18:00:00,2,0,11
1,60,안양역,2026-09-03 20:00:00,4,0,11
1,60,안양역,2026-09-03 22:00:00,4,0,11
1,60,평촌역,2026-09-03 00:00:00,16,0,24
1,60,평촌역,2026-09-03 02:00:00,16,0,24
1,60,평촌역,2026-09-03 04:00:00,16,0,24
1,60,평촌역,2026-09-03 06:00:00,16,0,24
1,60,평촌역,2026-09-03 08:00:00,12,0,24
1,60,평촌역,2026-09-03 10:00:00,3,0,24
1,60,평촌역,2026-09-03 18:00:00,12,0,24
1,60,평촌역,2026-09-03 20:00:00,15,0,24
1,60,평촌역,2026-09-03 22:00:00,16,0,24
1,60,인덕원역,2026-09-03 00:00:00,4,0,7
1,60,인덕원역,2026-09-03 02:00:00,4,0,7
1,60,인덕원역,2026-09-03 04:00:00,4,0,7
1,60,인덕원역,2026-09-03 06:00:00,4,0,7
1,60,인덕원역,2026-09-03 08:00:00,3,0,7
1,60,인덕원역,2026-09-03 18:00:00,3,0,7
1,60,인덕원역,2026-09-03 20:00:00,3,0,7
1,60,인덕원역,2026-09-03 22:00:00,4,0,7
1,120,안양시청,2026-09-03 00:00:00,16,0,25
1,120,안양시청,2026-09-03 02:00:00,16,0,25
1,120,안양시청,2026-09-03 04:00:00,16,0,25
1,120,안양시청,2026-09-03 06:00:00,16,0,25
1,120,안양시청,2026-09-03 08:00:00,10,0,25
1,120,안양시청,2026-09-03 10:00:00,3,0,25
1,120,안양시청,2026-09-03 16:00:00,9,0,25
1,120,안양시청,2026-09-03 18:00:00,15,0,25
1,120,안양시청,2026-09-03 20:00:00,15,0,25
1,120,안양시청,2026-09-03 22:00:00,25,0,25
1,120,석수역,2026-09-03 00:00:00,1,0,5
1,120,석수역,2026-09-03 02:00:00,1,0,5
1,120,석수역,2026-09-03 04:00:00,1,0,5
1,120,석수역,2026-09-03 22:00:00,5,0,5
1,120,범계역,2026-09-03 00:00:00,11,0,25
1,120,범계역,2026-09-03 02:00:00,11,0,25
1,120,범계역,2026-09-03 04:00:00,11,0,25
1,120,범계역,2026-09-03 06:00:00,11,0,25
1,120,범계역,2026-09-03 08:00:00,7,0,25
1,120,범계역,2026-09-03 10:00:00,3,0,25
1,120,범계역,2026-09-03 14:00:00,1,0,25
1,120,범계역,2026-09-03 16:00:00,6,0,25
1,120,범계역,2026-09-03 18:00:00,11,0,25
1,120,범계역,2026-09-03 20:00:00,11,0,25
1,120,범계역,2026-09-03 22:00:00,25,0,25
1,120,안양역,2026-09-03 00:00:00,4,0,11
1,120,안양역,2026-09-03 02:00:00,4,0,11
1,120,안양역,2026-09-03 04:00:00,3,0,11
1,120,안양역,2026-09-03 06:00:00,3,0,11
1,120,안양역,2026-09-03 08:00:00,2,0,11
1,120,안양역,2026-09-03 14:00:00,1,0,11
1,120,안양역,2026-09-03 16:00:00,2,0,11
1,120,안양역,2026-09-03 18:00:00,2,0,11
1,120,안양역,2026-09-03 20:00:00,4,0,11
1,120,안양역,2026-09-03 22:00:00,11,0,11
1,120,평촌역,2026-09-03 00:00:00,16,0,24
1,120,평촌역,2026-09-03 02:00:00,16,0,24
1,120,평촌역,2026-09-03 04:00:00,16,0,24
1,120,평촌역,2026-09-03 06:00:00,16,0,24
1,120,평촌역,2026-09-03 08:00:00,10,0,24
1,120,평촌역,2026-09-03 10:00:00,3,0,24
1,120,평촌역,2026-09-03 16:00:00,9,0,24
1,120,평촌역,2026-09-03 18:00:00,15,0,24
1,120,평촌역,2026-09-03 20:00:00,15,0,24
1,120,평촌역,2026-09-03 22:00:00,24,0,24
1,120,인덕원역,2026-09-03 00:00:00,4,0,7
1,120,인덕원역,2026-09-03 02:00:00,4,0,7
1,120,인덕원역,2026-09-03 04:00:00,4,0,7
1,120,인덕원역,2026-09-03 06:00:00,4,0,7
1,120,인덕원역,2026-09-03 08:00:00,2,0,7
1,120,인덕원역,2026-09-03 16:00:00,2,0,7
1,120,인덕원역,2026-09-03 18:00:00,3,0,7
1,120,인덕원역,2026-09-03 20:00:00,3,0,7
1,120,인덕원역,2026-09-03 22:00:00,7,0,7
1,180,안양시청,2026-09-03 00:00:00,16,0,25
1,180,안양시청,2026-09-03 02:00:00,16,0,25
1,180,안양시청,2026-09-03 04:00:00,16,0,25
1,180,안양시청,2026-09-03 06:00:00,16,0,25
1,180,안양시청,2026-09-03 08:00:00,9,0,25
1,180,안양시청,2026-09-03 10:00:00,3,0,25
1,180,안양시청,2026-09-03 16:00:00,12,0,25
1,180,안양시청,2026-09-03 18:00:00,15,0,25
1,180,안양시청,2026-09-03 20:00:00,16,0,25
1,180,안양시청,2026-09-03 22:00:00,25,0,25
1,180,석수역,2026-09-03 00:00:00,1,0,5
1,180,석수역,2026-09-03 02:00:00,1,0,5
1,180,석수역,2026-09-03 04:00:00,1,0,5
1,180,석수역,2026-09-03 20:00:00,1,0,5
1,180,석수역,2026-09-03 22:00:00,5,0,5
1,180,범계역,2026-09-03 00:00:00,11,0,25
1,180,범계역,2026-09-03 02:00:00,11,0,25
1,180,범계역,2026-09-03 04:00:00,11,0,25
1,180,범계역,2026-09-03 06:00:00,11,0,25
1,180,범계역,2026-09-03 08:00:00,6,0,25
1,180,범계역,2026-09-03 10:00:00,3,0,25
1,180,범계역,2026-09-03 14:00:00,1,0,25
1,180,범계역,2026-09-03 16:00:00,8,0,25
1,180,범계역,2026-09-03 18:00:00,11,0,25
1,180,범계역,2026-09-03 20:00:00,11,0,25
1,180,범계역,2026-09-03 22:00:00,25,0,25
1,180,안양역,2026-09-03 00:00:00,4,0,11
1,180,안양역,2026-09-03 02:00:00,5,0,11
1,180,안양역,2026-09-03 04:00:00,3,0,11
1,180,안양역,2026-09-03 06:00:00,3,0,11
1,180,안양역,2026-09-03 08:00:00,2,0,11
1,180,안양역,2026-09-03 12:00:00,1,0,11
1,180,안양역,2026-09-03 14:00:00,2,0,11
1,180,안양역,2026-09-03 16:00:00,2,0,11
1,180,안양역,2026-09-03 18:00:00,4,0,11
1,180,안양역,2026-09-03 20:00:00,4,0,11
1,180,안양역,2026-09-03 22:00:00,11,0,11
1,180,평촌역,2026-09-03 00:00:00,16,0,24
1,180,평촌역,2026-09-03 02:00:00,16,0,24
1,180,평촌역,2026-09-03 04:00:00,16,0,24
1,180,평촌역,2026-09-03 06:00:00,16,0,24
1,180,평촌역,2026-09-03 08:00:00,9,0,24
1,180,평촌역,2026-09-03 10:00:00,3,0,24
1,180,평촌역,2026-09-03 16:00:00,12,0,24
1,180,평촌역,2026-09-03 18:00:00,15,0,24
1,180,평촌역,2026-09-03 20:00:00,16,0,24
1,180,평촌역,2026-09-03 22:00:00,24,0,24
1,180,인덕원역,2026-09-03 00:00:00,4,0,7
1,180,인덕원역,2026-09-03 02:00:00,4,0,7
1,180,인덕원역,2026-09-03 04:00:00,4,0,7
1,180,인덕원역,2026-09-03 06:00:00,4,0,7
1,180,인덕원역,2026-09-03 08:00:00,2,0,7
1,180,인덕원역,2026-09-03 16:00:00,3,0,7
1,180,인덕원역,2026-09-03 18:00:00,3,0,7
1,180,인덕원역,2026-09-03 20:00:00,4,0,7
1,180,인덕원역,2026-09-03 22:00:00,7,0,7
1,240,안양시청,2026-09-03 00:00:00,16,0,25
1,240,안양시청,2026-09-03 02:00:00,16,0,25
1,240,안양시청,2026-09-03 04:00:00,16,0,25
1,240,안양시청,2026-09-03 06:00:00,16,0,25
1,240,안양시청,2026-09-03 08:00:00,9,0,25
1,240,안양시청,2026-09-03 10:00:00,3,0,25
1,240,안양시청,2026-09-03 14:00:00,9,0,25
1,240,안양시청,2026-09-03 16:00:00,15,0,25
1,240,안양시청,2026-09-03 18:00:00,15,0,25
1,240,안양시청,2026-09-03 20:00:00,25,0,25
1,240,안양시청,2026-09-03 22:00:00,25,0,25
1,240,석수역,2026-09-03 00:00:00,1,0,5
1,240,석수역,2026-09-03 02:00:00,1,0,5
1,240,석수역,2026-09-03 04:00:00,1,0,5
1,240,석수역,2026-09-03 20:00:00,5,0,5
1,240,석수역,2026-09-03 22:00:00,5,0,5
1,240,범계역,2026-09-03 00:00:00,11,0,25
1,240,범계역,2026-09-03 02:00:00,11,0,25
1,240,범계역,2026-09-03 04:00:00,11,0,25
1,240,범계역,2026-09-03 06:00:00,11,0,25
1,240,범계역,2026-09-03 08:00:00,6,0,25
1,240,범계역,2026-09-03 10:00:00,3,0,25
1,240,범계역,2026-09-03 12:00:00,1,0,25
1,240,범계역,2026-09-03 14:00:00,6,0,25
1,240,범계역,2026-09-03 16:00:00,11,0,25
1,240,범계역,2026-09-03 18:00:00,11,0,25
1,240,범계역,2026-09-03 20:00:00,25,0,25
1,240,범계역,2026-09-03 22:00:00,25,0,25
1,240,안양역,2026-09-03 00:00:00,4,0,11
1,240,안양역,2026-09-03 02:00:00,4,0,11
1,240,안양역,2026-09-03 04:00:00,3,0,11
1,240,안양역,2026-09-03 06:00:00,3,0,11
1,240,안양역,2026-09-03 08:00:00,2,0,11
1,240,안양역,2026-09-03 12:00:00,1,0,11
1,240,안양역,2026-09-03 14:00:00,2,0,11
1,240,안양역,2026-09-03 16:00:00,2,0,11
1,240,안양역,2026-09-03 18:00:00,4,0,11
1,240,안양역,2026-09-03 20:00:00,11,0,11
1,240,안양역,2026-09-03 22:00:00,11,0,11
1,240,평촌역,2026-09-03 00:00:00,16,0,24
1,240,평촌역,2026-09-03 02:00:00,16,0,24
1,240,평촌역,2026-09-03 04:00:00,16,0,24
1,240,평촌역,2026-09-03 06:00:00,16,0,24
1,240,평촌역,2026-09-03 08:00:00,9,0,24
1,240,평촌역,2026-09-03 10:00:00,3,0,24
1,240,평촌역,2026-09-03 14:00:00,9,0,24
1,240,평촌역,2026-09-03 16:00:00,15,0,24
1,240,평촌역,2026-09-03 18:00:00,15,0,24
1,240,평촌역,2026-09-03 20:00:00,24,0,24
1,240,평촌역,2026-09-03 22:00:00,24,0,24
1,240,인덕원역,2026-09-03 00:00:00,4,0,7
1,240,인덕원역,2026-09-03 02:00:00,4,0,7
1,240,인덕원역,2026-09-03 04:00:00,4,0,7
1,240,인덕원역,2026-09-03 06:00:00,4,0,7
1,240,인덕원역,2026-09-03 08:00:00,2,0,7
1,240,인덕원역,2026-09-03 14:00:00,2,0,7
1,240,인덕원역,2026-09-03 16:00:00,3,0,7
1,240,인덕원역,2026-09-03 18:00:00,3,0,7
1,240,인덕원역,2026-09-03 20:00:00,7,0,7
1,240,인덕원역,2026-09-03 22:00:00,7,0,7
1,360,안양시청,2026-09-03 00:00:00,16,0,25
1,360,안양시청,2026-09-03 02:00:00,16,0,25
1,360,안양시청,2026-09-03 04:00:00,16,0,25
1,360,안양시청,2026-09-03 06:00:00,16,0,25
1,360,안양시청,2026-09-03 08:00:00,9,0,25
1,360,안양시청,2026-09-03 10:00:00,3,0,25
1,360,안양시청,2026-09-03 12:00:00,9,0,25
1,360,안양시청,2026-09-03 14:00:00,15,0,25
1,360,안양시청,2026-09-03 16:00:00,15,0,25
1,360,안양시청,2026-09-03 18:00:00,25,0,25
1,360,안양시청,2026-09-03 20:00:00,25,0,25
1,360,안양시청,2026-09-03 22:00:00,25,0,25
1,360,석수역,2026-09-03 00:00:00,1,0,5
1,360,석수역,2026-09-03 02:00:00,1,0,5
1,360,석수역,2026-09-03 04:00:00,1,0,5
1,360,석수역,2026-09-03 18:00:00,5,0,5
1,360,석수역,2026-09-03 20:00:00,5,0,5
1,360,석수역,2026-09-03 22:00:00,5,0,5
1,360,범계역,2026-09-03 00:00:00,11,0,25
1,360,범계역,2026-09-03 02:00:00,11,0,25
1,360,범계역,2026-09-03 04:00:00,11,0,25
1,360,범계역,2026-09-03 06:00:00,11,0,25
1,360,범계역,2026-09-03 08:00:00,6,0,25
1,360,범계역,2026-09-03 10:00:00,4,0,25
1,360,범계역,2026-09-03 12:00:00,6,0,25
1,360,범계역,2026-09-03 14:00:00,11,0,25
1,360,범계역,2026-09-03 16:00:00,11,0,25
1,360,범계역,2026-09-03 18:00:00,25,0,25
1,360,범계역,2026-09-03 20:00:00,25,0,25
1,360,범계역,2026-09-03 22:00:00,25,0,25
1,360,안양역,2026-09-03 00:00:00,4,0,11
1,360,안양역,2026-09-03 02:00:00,4,0,11
1,360,안양역,2026-09-03 04:00:00,3,0,11
1,360,안양역,2026-09-03 06:00:00,3,0,11
1,360,안양역,2026-09-03 08:00:00,2,0,11
1,360,안양역,2026-09-03 10:00:00,1,0,11
1,360,안양역,2026-09-03 12:00:00,2,0,11
1,360,안양역,2026-09-03 14:00:00,2,0,11
1,360,안양역,2026-09-03 16:00:00,4,0,11
1,360,안양역,2026-09-03 18:00:00,11,0,11
1,360,안양역,2026-09-03 20:00:00,11,0,11
1,360,안양역,2026-09-03 22:00:00,11,0,11
1,360,평촌역,2026-09-03 00:00:00,16,0,24
1,360,평촌역,2026-09-03 02:00:00,16,0,24
1,360,평촌역,2026-09-03 04:00:00,16,0,24
1,360,평촌역,2026-09-03 06:00:00,16,0,24
1,360,평촌역,2026-09-03 08:00:00,9,0,24
1,360,평촌역,2026-09-03 10:00:00,3,0,24
1,360,평촌역,2026-09-03 12:00:00,9,0,24
1,360,평촌역,2026-09-03 14:00:00,15,0,24
1,360,평촌역,2026-09-03 16:00:00,15,0,24
1,360,평촌역,2026-09-03 18:00:00,24,0,24
1,360,평촌역,2026-09-03 20:00:00,24,0,24
1,360,평촌역,2026-09-03 22:00:00,24,0,24
1,360,인덕원역,2026-09-03 00:00:00,4,0,7
1,360,인덕원역,2026-09-03 02:00:00,4,0,7
1,360,인덕원역,2026-09-03 04:00:00,4,0,7
1,360,인덕원역,2026-09-03 06:00:00,4,0,7
1,360,인덕원역,2026-09-03 08:00:00,2,0,7
1,360,인덕원역,2026-09-03 12:00:00,2,0,7
1,360,인덕원역,2026-09-03 14:00:00,3,0,7
1,360,인덕원역,2026-09-03 16:00:00,3,0,7
1,360,인덕원역,2026-09-03 18:00:00,7,0,7
1,360,인덕원역,2026-09-03 20:00:00,7,0,7
1,360,인덕원역,2026-09-03 22:00:00,7,0,7
2,15,안양시청,2026-09-04 00:00:00,16,0,25
2,15,안양시청,2026-09-04 02:00:00,16,0,25
2,15,안양시청,2026-09-04 04:00:00,16,0,25
2,15,안양시청,2026-09-04 06:00:00,16,0,25
2,15,안양시청,2026-09-04 08:00:00,9,0,25
2,15,안양시청,2026-09-04 10:00:00,3,0,25
2,15,안양시청,2026-09-04 18:00:00,9,0,25
2,15,안양시청,2026-09-04 20:00:00,15,0,25
2,15,안양시청,2026-09-04 22:00:00,15,0,25
2,15,석수역,2026-09-04 00:00:00,1,0,5
2,15,석수역,2026-09-04 02:00:00,1,0,5
2,15,석수역,2026-09-04 04:00:00,1,0,5
2,15,범계역,2026-09-04 00:00:00,11,0,25
2,15,범계역,2026-09-04 02:00:00,11,0,25
2,15,범계역,2026-09-04 04:00:00,11,0,25
2,15,범계역,2026-09-04 06:00:00,11,0,25
2,15,범계역,2026-09-04 08:00:00,6,0,25
2,15,범계역,2026-09-04 10:00:00,3,0,25
2,15,범계역,2026-09-04 16:00:00,1,0,25
2,15,범계역,2026-09-04 18:00:00,6,0,25
2,15,범계역,2026-09-04 20:00:00,11,0,25
2,15,범계역,2026-09-04 22:00:00,11,0,25
2,15,안양역,2026-09-04 00:00:00,4,0,11
2,15,안양역,2026-09-04 02:00:00,4,0,11
2,15,안양역,2026-09-04 04:00:00,3,0,11
2,15,안양역,2026-09-04 06:00:00,3,0,11
2,15,안양역,2026-09-04 08:00:00,2,0,11
2,15,안양역,2026-09-04 16:00:00,1,0,11
2,15,안양역,2026-09-04 18:00:00,2,0,11
2,15,안양역,2026-09-04 20:00:00,2,0,11
2,15,안양역,2026-09-04 22:00:00,4,0,11
2,15,평촌역,2026-09-04 00:00:00,16,0,24
2,15,평촌역,2026-09-04 02:00:00,16,0,24
2,15,평촌역,2026-09-04 04:00:00,16,0,24
2,15,평촌역,2026-09-04 06:00:00,16,0,24
2,15,평촌역,2026-09-04 08:00:00,9,0,24
2,15,평촌역,2026-09-04 10:00:00,3,0,24
2,15,평촌역,2026-09-04 18:00:00,9,0,24
2,15,평촌역,2026-09-04 20:00:00,15,0,24
2,15,평촌역,2026-09-04 22:00:00,15,0,24
2,15,인덕원역,2026-09-04 00:00:00,4,0,7
2,15,인덕원역,2026-09-04 02:00:00,4,0,7
2,15,인덕원역,2026-09-04 04:00:00,4,0,7
2,15,인덕원역,2026-09-04 06:00:00,4,0,7
2,15,인덕원역,2026-09-04 08:00:00,2,0,7
2,15,인덕원역,2026-09-04 18:00:00,2,0,7
2,15,인덕원역,2026-09-04 20:00:00,3,0,7
2,15,인덕원역,2026-09-04 22:00:00,3,0,7
2,30,안양시청,2026-09-04 00:00:00,16,0,25
2,30,안양시청,2026-09-04 02:00:00,16,0,25
2,30,안양시청,2026-09-04 04:00:00,16,0,25
2,30,안양시청,2026-09-04 06:00:00,16,0,25
2,30,안양시청,2026-09-04 08:00:00,9,0,25
2,30,안양시청,2026-09-04 10:00:00,3,0,25
2,30,안양시청,2026-09-04 18:00:00,9,0,25
2,30,안양시청,2026-09-04 20:00:00,15,0,25
2,30,안양시청,2026-09-04 22:00:00,15,0,25
2,30,석수역,2026-09-04 00:00:00,1,0,5
2,30,석수역,2026-09-04 02:00:00,1,0,5
2,30,석수역,2026-09-04 04:00:00,1,0,5
2,30,범계역,2026-09-04 00:00:00,11,0,25
2,30,범계역,2026-09-04 02:00:00,11,0,25
2,30,범계역,2026-09-04 04:00:00,11,0,25
2,30,범계역,2026-09-04 06:00:00,11,0,25
2,30,범계역,2026-09-04 08:00:00,6,0,25
2,30,범계역,2026-09-04 10:00:00,3,0,25
2,30,범계역,2026-09-04 16:00:00,1,0,25
2,30,범계역,2026-09-04 18:00:00,6,0,25
2,30,범계역,2026-09-04 20:00:00,11,0,25
2,30,범계역,2026-09-04 22:00:00,11,0,25
2,30,안양역,2026-09-04 00:00:00,4,0,11
2,30,안양역,2026-09-04 02:00:00,4,0,11
2,30,안양역,2026-09-04 04:00:00,3,0,11
2,30,안양역,2026-09-04 06:00:00,3,0,11
2,30,안양역,2026-09-04 08:00:00,2,0,11
2,30,안양역,2026-09-04 16:00:00,1,0,11
2,30,안양역,2026-09-04 18:00:00,2,0,11
2,30,안양역,2026-09-04 20:00:00,2,0,11
2,30,안양역,2026-09-04 22:00:00,4,0,11
2,30,평촌역,2026-09-04 00:00:00,16,0,24
2,30,평촌역,2026-09-04 02:00:00,16,0,24
2,30,평촌역,2026-09-04 04:00:00,16,0,24
2,30,평촌역,2026-09-04 06:00:00,16,0,24
2,30,평촌역,2026-09-04 08:00:00,9,0,24
2,30,평촌역,2026-09-04 10:00:00,3,0,24
2,30,평촌역,2026-09-04 18:00:00,9,0,24
2,30,평촌역,2026-09-04 20:00:00,15,0,24
2,30,평촌역,2026-09-04 22:00:00,15,0,24
2,30,인덕원역,2026-09-04 00:00:00,4,0,7
2,30,인덕원역,2026-09-04 02:00:00,4,0,7
2,30,인덕원역,2026-09-04 04:00:00,4,0,7
2,30,인덕원역,2026-09-04 06:00:00,4,0,7
2,30,인덕원역,2026-09-04 08:00:00,2,0,7
2,30,인덕원역,2026-09-04 18:00:00,2,0,7
2,30,인덕원역,2026-09-04 20:00:00,3,0,7
2,30,인덕원역,2026-09-04 22:00:00,3,0,7
2,60,안양시청,2026-09-04 00:00:00,16,0,25
2,60,안양시청,2026-09-04 02:00:00,16,0,25
2,60,안양시청,2026-09-04 04:00:00,16,0,25
2,60,안양시청,2026-09-04 06:00:00,16,0,25
2,60,안양시청,2026-09-04 08:00:00,12,0,25
2,60,안양시청,2026-09-04 10:00:00,3,0,25
2,60,안양시청,2026-09-04 18:00:00,12,0,25
2,60,안양시청,2026-09-04 20:00:00,15,0,25
2,60,안양시청,2026-09-04 22:00:00,16,0,25
2,60,석수역,2026-09-04 00:00:00,1,0,5
2,60,석수역,2026-09-04 02:00:00,1,0,5
2,60,석수역,2026-09-04 04:00:00,1,0,5
2,60,석수역,2026-09-04 22:00:00,1,0,5
2,60,범계역,2026-09-04 00:00:00,11,0,25
2,60,범계역,2026-09-04 02:00:00,11,0,25
2,60,범계역,2026-09-04 04:00:00,11,0,25
2,60,범계역,2026-09-04 06:00:00,11,0,25
2,60,범계역,2026-09-04 08:00:00,7,0,25
2,60,범계역,2026-09-04 10:00:00,3,0,25
2,60,범계역,2026-09-04 16:00:00,1,0,25
2,60,범계역,2026-09-04 18:00:00,8,0,25
2,60,범계역,2026-09-04 20:00:00,11,0,25
2,60,범계역,2026-09-04 22:00:00,11,0,25
2,60,안양역,2026-09-04 00:00:00,4,0,11
2,60,안양역,2026-09-04 02:00:00,4,0,11
2,60,안양역,2026-09-04 04:00:00,4,0,11
2,60,안양역,2026-09-04 06:00:00,3,0,11
2,60,안양역,2026-09-04 08:00:00,2,0,11
2,60,안양역,2026-09-04 14:00:00,1,0,11
2,60,안양역,2026-09-04 16:00:00,2,0,11
2,60,안양역,2026-09-04 18:00:00,2,0,11
2,60,안양역,2026-09-04 20:00:00,4,0,11
2,60,안양역,2026-09-04 22:00:00,4,0,11
2,60,평촌역,2026-09-04 00:00:00,16,0,24
2,60,평촌역,2026-09-04 02:00:00,16,0,24
2,60,평촌역,2026-09-04 04:00:00,16,0,24
2,60,평촌역,2026-09-04 06:00:00,16,0,24
2,60,평촌역,2026-09-04 08:00:00,12,0,24
2,60,평촌역,2026-09-04 10:00:00,3,0,24
2,60,평촌역,2026-09-04 18:00:00,12,0,24
2,60,평촌역,2026-09-04 20:00:00,15,0,24
2,60,평촌역,2026-09-04 22:00:00,16,0,24
2,60,인덕원역,2026-09-04 00:00:00,4,0,7
2,60,인덕원역,2026-09-04 02:00:00,4,0,7
2,60,인덕원역,2026-09-04 04:00:00,4,0,7
2,60,인덕원역,2026-09-04 06:00:00,4,0,7
2,60,인덕원역,2026-09-04 08:00:00,3,0,7
2,60,인덕원역,2026-09-04 18:00:00,3,0,7
2,60,인덕원역,2026-09-04 20:00:00,3,0,7
2,60,인덕원역,2026-09-04 22:00:00,4,0,7
2,120,안양시청,2026-09-04 00:00:00,16,0,25
2,120,안양시청,2026-09-04 02:00:00,16,0,25
2,120,안양시청,2026-09-04 04:00:00,16,0,25
2,120,안양시청,2026-09-04 06:00:00,16,0,25
2,120,안양시청,2026-09-04 08:00:00,10,0,25
2,120,안양시청,2026-09-04 10:00:00,3,0,25
2,120,안양시청,2026-09-04 16:00:00,9,0,25
2,120,안양시청,2026-09-04 18:00:00,15,0,25
2,120,안양시청,2026-09-04 20:00:00,15,0,25
2,120,안양시청,2026-09-04 22:00:00,25,0,25
2,120,석수역,2026-09-04 00:00:00,1,0,5
2,120,석수역,2026-09-04 02:00:00,1,0,5
2,120,석수역,2026-09-04 04:00:00,1,0,5
2,120,석수역,2026-09-04 22:00:00,5,0,5
2,120,범계역,2026-09-04 00:00:00,11,0,25
2,120,범계역,2026-09-04 02:00:00,11,0,25
2,120,범계역,2026-09-04 04:00:00,11,0,25
2,120,범계역,2026-09-04 06:00:00,11,0,25
2,120,범계역,2026-09-04 08:00:00,7,0,25
2,120,범계역,2026-09-04 10:00:00,3,0,25
2,120,범계역,2026-09-04 14:00:00,1,0,25
2,120,범계역,2026-09-04 16:00:00,6,0,25
2,120,범계역,2026-09-04 18:00:00,11,0,25
2,120,범계역,2026-09-04 20:00:00,11,0,25
2,120,범계역,2026-09-04 22:00:00,25,0,25
2,120,안양역,2026-09-04 00:00:00,4,0,11
2,120,안양역,2026-09-04 02:00:00,4,0,11
2,120,안양역,2026-09-04 04:00:00,3,0,11
2,120,안양역,2026-09-04 06:00:00,3,0,11
2,120,안양역,2026-09-04 08:00:00,2,0,11
2,120,안양역,2026-09-04 14:00:00,1,0,11
2,120,안양역,2026-09-04 16:00:00,2,0,11
2,120,안양역,2026-09-04 18:00:00,2,0,11
2,120,안양역,2026-09-04 20:00:00,4,0,11
2,120,안양역,2026-09-04 22:00:00,11,0,11
2,120,평촌역,2026-09-04 00:00:00,16,0,24
2,120,평촌역,2026-09-04 02:00:00,16,0,24
2,120,평촌역,2026-09-04 04:00:00,16,0,24
2,120,평촌역,2026-09-04 06:00:00,16,0,24
2,120,평촌역,2026-09-04 08:00:00,10,0,24
2,120,평촌역,2026-09-04 10:00:00,3,0,24
2,120,평촌역,2026-09-04 16:00:00,9,0,24
2,120,평촌역,2026-09-04 18:00:00,15,0,24
2,120,평촌역,2026-09-04 20:00:00,15,0,24
2,120,평촌역,2026-09-04 22:00:00,24,0,24
2,120,인덕원역,2026-09-04 00:00:00,4,0,7
2,120,인덕원역,2026-09-04 02:00:00,4,0,7
2,120,인덕원역,2026-09-04 04:00:00,4,0,7
2,120,인덕원역,2026-09-04 06:00:00,4,0,7
2,120,인덕원역,2026-09-04 08:00:00,2,0,7
2,120,인덕원역,2026-09-04 16:00:00,2,0,7
2,120,인덕원역,2026-09-04 18:00:00,3,0,7
2,120,인덕원역,2026-09-04 20:00:00,3,0,7
2,120,인덕원역,2026-09-04 22:00:00,7,0,7
2,180,안양시청,2026-09-04 00:00:00,16,0,25
2,180,안양시청,2026-09-04 02:00:00,16,0,25
2,180,안양시청,2026-09-04 04:00:00,16,0,25
2,180,안양시청,2026-09-04 06:00:00,16,0,25
2,180,안양시청,2026-09-04 08:00:00,9,0,25
2,180,안양시청,2026-09-04 10:00:00,3,0,25
2,180,안양시청,2026-09-04 16:00:00,12,0,25
2,180,안양시청,2026-09-04 18:00:00,15,0,25
2,180,안양시청,2026-09-04 20:00:00,16,0,25
2,180,안양시청,2026-09-04 22:00:00,25,0,25
2,180,석수역,2026-09-04 00:00:00,1,0,5
2,180,석수역,2026-09-04 02:00:00,1,0,5
2,180,석수역,2026-09-04 04:00:00,1,0,5
2,180,석수역,2026-09-04 20:00:00,1,0,5
2,180,석수역,2026-09-04 22:00:00,5,0,5
2,180,범계역,2026-09-04 00:00:00,11,0,25
2,180,범계역,2026-09-04 02:00:00,11,0,25
2,180,범계역,2026-09-04 04:00:00,11,0,25
2,180,범계역,2026-09-04 06:00:00,11,0,25
2,180,범계역,2026-09-04 08:00:00,6,0,25
2,180,범계역,2026-09-04 10:00:00,3,0,25
2,180,범계역,2026-09-04 14:00:00,1,0,25
2,180,범계역,2026-09-04 16:00:00,8,0,25
2,180,범계역,2026-09-04 18:00:00,11,0,25
2,180,범계역,2026-09-04 20:00:00,11,0,25
2,180,범계역,2026-09-04 22:00:00,25,0,25
2,180,안양역,2026-09-04 00:00:00,4,0,11
2,180,안양역,2026-09-04 02:00:00,5,0,11
2,180,안양역,2026-09-04 04:00:00,3,0,11
2,180,안양역,2026-09-04 06:00:00,3,0,11
2,180,안양역,2026-09-04 08:00:00,2,0,11
2,180,안양역,2026-09-04 12:00:00,1,0,11
2,180,안양역,2026-09-04 14:00:00,2,0,11
2,180,안양역,2026-09-04 16:00:00,2,0,11
2,180,안양역,2026-09-04 18:00:00,4,0,11
2,180,안양역,2026-09-04 20:00:00,4,0,11
2,180,안양역,2026-09-04 22:00:00,11,0,11
2,180,평촌역,2026-09-04 00:00:00,16,0,24
2,180,평촌역,2026-09-04 02:00:00,16,0,24
2,180,평촌역,2026-09-04 04:00:00,16,0,24
2,180,평촌역,2026-09-04 06:00:00,16,0,24
2,180,평촌역,2026-09-04 08:00:00,9,0,24
2,180,평촌역,2026-09-04 10:00:00,3,0,24
2,180,평촌역,2026-09-04 16:00:00,12,0,24
2,180,평촌역,2026-09-04 18:00:00,15,0,24
2,180,평촌역,2026-09-04 20:00:00,16,0,24
2,180,평촌역,2026-09-04 22:00:00,24,0,24
2,180,인덕원역,2026-09-04 00:00:00,4,0,7
2,180,인덕원역,2026-09-04 02:00:00,4,0,7
2,180,인덕원역,2026-09-04 04:00:00,4,0,7
2,180,인덕원역,2026-09-04 06:00:00,4,0,7
2,180,인덕원역,2026-09-04 08:00:00,2,0,7
2,180,인덕원역,2026-09-04 16:00:00,3,0,7
2,180,인덕원역,2026-09-04 18:00:00,3,0,7
2,180,인덕원역,2026-09-04 20:00:00,4,0,7
2,180,인덕원역,2026-09-04 22:00:00,7,0,7
2,240,안양시청,2026-09-04 00:00:00,16,0,25
2,240,안양시청,2026-09-04 02:00:00,16,0,25
2,240,안양시청,2026-09-04 04:00:00,16,0,25
2,240,안양시청,2026-09-04 06:00:00,16,0,25
2,240,안양시청,2026-09-04 08:00:00,9,0,25
2,240,안양시청,2026-09-04 10:00:00,3,0,25
2,240,안양시청,2026-09-04 14:00:00,9,0,25
2,240,안양시청,2026-09-04 16:00:00,15,0,25
2,240,안양시청,2026-09-04 18:00:00,15,0,25
2,240,안양시청,2026-09-04 20:00:00,25,0,25
2,240,안양시청,2026-09-04 22:00:00,25,0,25
2,240,석수역,2026-09-04 00:00:00,1,0,5
2,240,석수역,2026-09-04 02:00:00,1,0,5
2,240,석수역,2026-09-04 04:00:00,1,0,5
2,240,석수역,2026-09-04 20:00:00,5,0,5
2,240,석수역,2026-09-04 22:00:00,5,0,5
2,240,범계역,2026-09-04 00:00:00,11,0,25
2,240,범계역,2026-09-04 02:00:00,11,0,25
2,240,범계역,2026-09-04 04:00:00,11,0,25
2,240,범계역,2026-09-04 06:00:00,11,0,25
2,240,범계역,2026-09-04 08:00:00,6,0,25
2,240,범계역,2026-09-04 10:00:00,3,0,25
2,240,범계역,2026-09-04 12:00:00,1,0,25
2,240,범계역,2026-09-04 14:00:00,6,0,25
2,240,범계역,2026-09-04 16:00:00,11,0,25
2,240,범계역,2026-09-04 18:00:00,11,0,25
2,240,범계역,2026-09-04 20:00:00,25,0,25
2,240,범계역,2026-09-04 22:00:00,25,0,25
2,240,안양역,2026-09-04 00:00:00,4,0,11
2,240,안양역,2026-09-04 02:00:00,4,0,11
2,240,안양역,2026-09-04 04:00:00,3,0,11
2,240,안양역,2026-09-04 06:00:00,3,0,11
2,240,안양역,2026-09-04 08:00:00,2,0,11
2,240,안양역,2026-09-04 12:00:00,1,0,11
2,240,안양역,2026-09-04 14:00:00,2,0,11
2,240,안양역,2026-09-04 16:00:00,2,0,11
2,240,안양역,2026-09-04 18:00:00,4,0,11
2,240,안양역,2026-09-04 20:00:00,11,0,11
2,240,안양역,2026-09-04 22:00:00,11,0,11
2,240,평촌역,2026-09-04 00:00:00,16,0,24
2,240,평촌역,2026-09-04 02:00:00,16,0,24
2,240,평촌역,2026-09-04 04:00:00,16,0,24
2,240,평촌역,2026-09-04 06:00:00,16,0,24
2,240,평촌역,2026-09-04 08:00:00,9,0,24
2,240,평촌역,2026-09-04 10:00:00,3,0,24
2,240,평촌역,2026-09-04 14:00:00,9,0,24
2,240,평촌역,2026-09-04 16:00:00,15,0,24
2,240,평촌역,2026-09-04 18:00:00,15,0,24
2,240,평촌역,2026-09-04 20:00:00,24,0,24
2,240,평촌역,2026-09-04 22:00:00,24,0,24
2,240,인덕원역,2026-09-04 00:00:00,4,0,7
2,240,인덕원역,2026-09-04 02:00:00,4,0,7
2,240,인덕원역,2026-09-04 04:00:00,4,0,7
2,240,인덕원역,2026-09-04 06:00:00,4,0,7
2,240,인덕원역,2026-09-04 08:00:00,2,0,7
2,240,인덕원역,2026-09-04 14:00:00,2,0,7
2,240,인덕원역,2026-09-04 16:00:00,3,0,7
2,240,인덕원역,2026-09-04 18:00:00,3,0,7
2,240,인덕원역,2026-09-04 20:00:00,7,0,7
2,240,인덕원역,2026-09-04 22:00:00,7,0,7
2,360,안양시청,2026-09-04 00:00:00,16,0,25
2,360,안양시청,2026-09-04 02:00:00,16,0,25
2,360,안양시청,2026-09-04 04:00:00,16,0,25
2,360,안양시청,2026-09-04 06:00:00,16,0,25
2,360,안양시청,2026-09-04 08:00:00,9,0,25
2,360,안양시청,2026-09-04 10:00:00,3,0,25
2,360,안양시청,2026-09-04 12:00:00,9,0,25
2,360,안양시청,2026-09-04 14:00:00,15,0,25
2,360,안양시청,2026-09-04 16:00:00,15,0,25
2,360,안양시청,2026-09-04 18:00:00,25,0,25
2,360,안양시청,2026-09-04 20:00:00,25,0,25
2,360,안양시청,2026-09-04 22:00:00,25,0,25
2,360,석수역,2026-09-04 00:00:00,1,0,5
2,360,석수역,2026-09-04 02:00:00,1,0,5
2,360,석수역,2026-09-04 04:00:00,1,0,5
2,360,석수역,2026-09-04 18:00:00,5,0,5
2,360,석수역,2026-09-04 20:00:00,5,0,5
2,360,석수역,2026-09-04 22:00:00,5,0,5
2,360,범계역,2026-09-04 00:00:00,11,0,25
2,360,범계역,2026-09-04 02:00:00,11,0,25
2,360,범계역,2026-09-04 04:00:00,11,0,25
2,360,범계역,2026-09-04 06:00:00,11,0,25
2,360,범계역,2026-09-04 08:00:00,6,0,25
2,360,범계역,2026-09-04 10:00:00,4,0,25
2,360,범계역,2026-09-04 12:00:00,6,0,25
2,360,범계역,2026-09-04 14:00:00,11,0,25
2,360,범계역,2026-09-04 16:00:00,11,0,25
2,360,범계역,2026-09-04 18:00:00,25,0,25
2,360,범계역,2026-09-04 20:00:00,25,0,25
2,360,범계역,2026-09-04 22:00:00,25,0,25
2,360,안양역,2026-09-04 00:00:00,4,0,11
2,360,안양역,2026-09-04 02:00:00,4,0,11
2,360,안양역,2026-09-04 04:00:00,3,0,11
2,360,안양역,2026-09-04 06:00:00,3,0,11
2,360,안양역,2026-09-04 08:00:00,2,0,11
2,360,안양역,2026-09-04 10:00:00,1,0,11
2,360,안양역,2026-09-04 12:00:00,2,0,11
2,360,안양역,2026-09-04 14:00:00,2,0,11
2,360,안양역,2026-09-04 16:00:00,4,0,11
2,360,안양역,2026-09-04 18:00:00,11,0,11
2,360,안양역,2026-09-04 20:00:00,11,0,11
2,360,안양역,2026-09-04 22:00:00,11,0,11
2,360,평촌역,2026-09-04 00:00:00,16,0,24
2,360,평촌역,2026-09-04 02:00:00,16,0,24
2,360,평촌역,2026-09-04 04:00:00,16,0,24
2,360,평촌역,2026-09-04 06:00:00,16,0,24
2,360,평촌역,2026-09-04 08:00:00,9,0,24
2,360,평촌역,2026-09-04 10:00:00,3,0,24
2,360,평촌역,2026-09-04 12:00:00,9,0,24
2,360,평촌역,2026-09-04 14:00:00,15,0,24
2,360,평촌역,2026-09-04 16:00:00,15,0,24
2,360,평촌역,2026-09-04 18:00:00,24,0,24
2,360,평촌역,2026-09-04 20:00:00,24,0,24
2,360,평촌역,2026-09-04 22:00:00,24,0,24
2,360,인덕원역,2026-09-04 00:00:00,4,0,7
2,360,인덕원역,2026-09-04 02:00:00,4,0,7
2,360,인덕원역,2026-09-04 04:00:00,4,0,7
2,360,인덕원역,2026-09-04 06:00:00,4,0,7
2,360,인덕원역,2026-09-04 08:00:00,2,0,7
2,360,인덕원역,2026-09-04 12:00:00,2,0,7
2,360,인덕원역,2026-09-04 14:00:00,3,0,7
2,360,인덕원역,2026-09-04 16:00:00,3,0,7
2,360,인덕원역,2026-09-04 18:00:00,7,0,7
2,360,인덕원역,2026-09-04 20:00:00,7,0,7
2,360,인덕원역,2026-09-04 22:00:00,7,0,7
3,15,안양시청,2026-09-05 00:00:00,16,0,25
3,15,안양시청,2026-09-05 02:00:00,17,0,25
3,15,안양시청,2026-09-05 04:00:00,16,0,25
3,15,안양시청,2026-09-05 06:00:00,16,0,25
3,15,안양시청,2026-09-05 08:00:00,16,0,25
3,15,안양시청,2026-09-05 10:00:00,13,0,25
3,15,안양시청,2026-09-05 12:00:00,12,0,25
3,15,안양시청,2026-09-05 14:00:00,12,0,25
3,15,안양시청,2026-09-05 16:00:00,12,0,25
3,15,안양시청,2026-09-05 18:00:00,13,0,25
3,15,안양시청,2026-09-05 20:00:00,15,0,25
3,15,안양시청,2026-09-05 22:00:00,13,0,25
3,15,석수역,2026-09-05 00:00:00,1,0,5
3,15,석수역,2026-09-05 02:00:00,1,0,5
3,15,석수역,2026-09-05 04:00:00,1,0,5
3,15,석수역,2026-09-05 06:00:00,1,0,5
3,15,석수역,2026-09-05 08:00:00,1,0,5
3,15,석수역,2026-09-05 10:00:00,1,0,5
3,15,석수역,2026-09-05 12:00:00,2,0,5
3,15,석수역,2026-09-05 14:00:00,2,0,5
3,15,석수역,2026-09-05 16:00:00,3,0,5
3,15,석수역,2026-09-05 18:00:00,3,0,5
3,15,석수역,2026-09-05 20:00:00,2,0,5
3,15,석수역,2026-09-05 22:00:00,1,0,5
3,15,범계역,2026-09-05 00:00:00,12,0,25
3,15,범계역,2026-09-05 02:00:00,13,0,25
3,15,범계역,2026-09-05 04:00:00,11,0,25
3,15,범계역,2026-09-05 06:00:00,11,0,25
3,15,범계역,2026-09-05 08:00:00,11,0,25
3,15,범계역,2026-09-05 10:00:00,10,0,25
3,15,범계역,2026-09-05 12:00:00,8,0,25
3,15,범계역,2026-09-05 14:00:00,9,0,25
3,15,범계역,2026-09-05 16:00:00,8,0,25
3,15,범계역,2026-09-05 18:00:00,9,0,25
3,15,범계역,2026-09-05 20:00:00,9,0,25
3,15,범계역,2026-09-05 22:00:00,9,0,25
3,15,안양역,2026-09-05 00:00:00,4,0,11
3,15,안양역,2026-09-05 02:00:00,4,0,11
3,15,안양역,2026-09-05 04:00:00,4,0,11
3,15,안양역,2026-09-05 06:00:00,3,0,11
3,15,안양역,2026-09-05 08:00:00,3,0,11
3,15,안양역,2026-09-05 10:00:00,4,0,11
3,15,안양역,2026-09-05 12:00:00,3,0,11
3,15,안양역,2026-09-05 14:00:00,4,0,11
3,15,안양역,2026-09-05 16:00:00,2,0,11
3,15,안양역,2026-09-05 18:00:00,3,0,11
3,15,안양역,2026-09-05 20:00:00,2,0,11
3,15,안양역,2026-09-05 22:00:00,4,0,11
3,15,평촌역,2026-09-05 00:00:00,16,0,24
3,15,평촌역,2026-09-05 02:00:00,16,0,24
3,15,평촌역,2026-09-05 04:00:00,16,0,24
3,15,평촌역,2026-09-05 06:00:00,16,0,24
3,15,평촌역,2026-09-05 08:00:00,16,0,24
3,15,평촌역,2026-09-05 10:00:00,13,0,24
3,15,평촌역,2026-09-05 12:00:00,12,0,24
3,15,평촌역,2026-09-05 14:00:00,12,0,24
3,15,평촌역,2026-09-05 16:00:00,12,0,24
3,15,평촌역,2026-09-05 18:00:00,12,0,24
3,15,평촌역,2026-09-05 20:00:00,14,0,24
3,15,평촌역,2026-09-05 22:00:00,13,0,24
3,15,인덕원역,2026-09-05 00:00:00,4,0,7
3,15,인덕원역,2026-09-05 02:00:00,4,0,7
3,15,인덕원역,2026-09-05 04:00:00,4,0,7
3,15,인덕원역,2026-09-05 06:00:00,4,0,7
3,15,인덕원역,2026-09-05 08:00:00,4,0,7
3,15,인덕원역,2026-09-05 10:00:00,4,0,7
3,15,인덕원역,2026-09-05 12:00:00,4,0,7
3,15,인덕원역,2026-09-05 14:00:00,4,0,7
3,15,인덕원역,2026-09-05 16:00:00,4,0,7
3,15,인덕원역,2026-09-05 18:00:00,4,0,7
3,15,인덕원역,2026-09-05 20:00:00,5,0,7
3,15,인덕원역,2026-09-05 22:00:00,4,0,7
3,30,안양시청,2026-09-05 00:00:00,16,0,25
3,30,안양시청,2026-09-05 02:00:00,17,0,25
3,30,안양시청,2026-09-05 04:00:00,16,0,25
3,30,안양시청,2026-09-05 06:00:00,16,0,25
3,30,안양시청,2026-09-05 08:00:00,16,0,25
3,30,안양시청,2026-09-05 10:00:00,13,0,25
3,30,안양시청,2026-09-05 12:00:00,12,0,25
3,30,안양시청,2026-09-05 14:00:00,12,0,25
3,30,안양시청,2026-09-05 16:00:00,12,0,25
3,30,안양시청,2026-09-05 18:00:00,13,0,25
3,30,안양시청,2026-09-05 20:00:00,15,0,25
3,30,안양시청,2026-09-05 22:00:00,13,0,25
3,30,석수역,2026-09-05 00:00:00,1,0,5
3,30,석수역,2026-09-05 02:00:00,1,0,5
3,30,석수역,2026-09-05 04:00:00,1,0,5
3,30,석수역,2026-09-05 06:00:00,1,0,5
3,30,석수역,2026-09-05 08:00:00,1,0,5
3,30,석수역,2026-09-05 10:00:00,1,0,5
3,30,석수역,2026-09-05 12:00:00,2,0,5
3,30,석수역,2026-09-05 14:00:00,2,0,5
3,30,석수역,2026-09-05 16:00:00,3,0,5
3,30,석수역,2026-09-05 18:00:00,3,0,5
3,30,석수역,2026-09-05 20:00:00,2,0,5
3,30,석수역,2026-09-05 22:00:00,1,0,5
3,30,범계역,2026-09-05 00:00:00,12,0,25
3,30,범계역,2026-09-05 02:00:00,13,0,25
3,30,범계역,2026-09-05 04:00:00,11,0,25
3,30,범계역,2026-09-05 06:00:00,11,0,25
3,30,범계역,2026-09-05 08:00:00,11,0,25
3,30,범계역,2026-09-05 10:00:00,10,0,25
3,30,범계역,2026-09-05 12:00:00,8,0,25
3,30,범계역,2026-09-05 14:00:00,9,0,25
3,30,범계역,2026-09-05 16:00:00,8,0,25
3,30,범계역,2026-09-05 18:00:00,9,0,25
3,30,범계역,2026-09-05 20:00:00,9,0,25
3,30,범계역,2026-09-05 22:00:00,9,0,25
3,30,안양역,2026-09-05 00:00:00,4,0,11
3,30,안양역,2026-09-05 02:00:00,4,0,11
3,30,안양역,2026-09-05 04:00:00,4,0,11
3,30,안양역,2026-09-05 06:00:00,3,0,11
3,30,안양역,2026-09-05 08:00:00,3,0,11
3,30,안양역,2026-09-05 10:00:00,4,0,11
3,30,안양역,2026-09-05 12:00:00,3,0,11
3,30,안양역,2026-09-05 14:00:00,4,0,11
3,30,안양역,2026-09-05 16:00:00,2,0,11
3,30,안양역,2026-09-05 18:00:00,3,0,11
3,30,안양역,2026-09-05 20:00:00,2,0,11
3,30,안양역,2026-09-05 22:00:00,4,0,11
3,30,평촌역,2026-09-05 00:00:00,16,0,24
3,30,평촌역,2026-09-05 02:00:00,16,0,24
3,30,평촌역,2026-09-05 04:00:00,16,0,24
3,30,평촌역,2026-09-05 06:00:00,16,0,24
3,30,평촌역,2026-09-05 08:00:00,16,0,24
3,30,평촌역,2026-09-05 10:00:00,13,0,24
3,30,평촌역,2026-09-05 12:00:00,12,0,24
3,30,평촌역,2026-09-05 14:00:00,12,0,24
3,30,평촌역,2026-09-05 16:00:00,12,0,24
3,30,평촌역,2026-09-05 18:00:00,12,0,24
3,30,평촌역,2026-09-05 20:00:00,14,0,24
3,30,평촌역,2026-09-05 22:00:00,13,0,24
3,30,인덕원역,2026-09-05 00:00:00,4,0,7
3,30,인덕원역,2026-09-05 02:00:00,4,0,7
3,30,인덕원역,2026-09-05 04:00:00,4,0,7
3,30,인덕원역,2026-09-05 06:00:00,4,0,7
3,30,인덕원역,2026-09-05 08:00:00,4,0,7
3,30,인덕원역,2026-09-05 10:00:00,4,0,7
3,30,인덕원역,2026-09-05 12:00:00,4,0,7
3,30,인덕원역,2026-09-05 14:00:00,4,0,7
3,30,인덕원역,2026-09-05 16:00:00,4,0,7
3,30,인덕원역,2026-09-05 18:00:00,4,0,7
3,30,인덕원역,2026-09-05 20:00:00,5,0,7
3,30,인덕원역,2026-09-05 22:00:00,4,0,7
3,60,안양시청,2026-09-05 00:00:00,16,0,25
3,60,안양시청,2026-09-05 02:00:00,17,0,25
3,60,안양시청,2026-09-05 04:00:00,16,0,25
3,60,안양시청,2026-09-05 06:00:00,16,0,25
3,60,안양시청,2026-09-05 08:00:00,16,0,25
3,60,안양시청,2026-09-05 10:00:00,13,0,25
3,60,안양시청,2026-09-05 12:00:00,12,0,25
3,60,안양시청,2026-09-05 14:00:00,13,0,25
3,60,안양시청,2026-09-05 16:00:00,12,0,25
3,60,안양시청,2026-09-05 18:00:00,13,0,25
3,60,안양시청,2026-09-05 20:00:00,15,0,25
3,60,안양시청,2026-09-05 22:00:00,16,0,25
3,60,석수역,2026-09-05 00:00:00,1,0,5
3,60,석수역,2026-09-05 02:00:00,1,0,5
3,60,석수역,2026-09-05 04:00:00,1,0,5
3,60,석수역,2026-09-05 06:00:00,1,0,5
3,60,석수역,2026-09-05 08:00:00,1,0,5
3,60,석수역,2026-09-05 10:00:00,2,0,5
3,60,석수역,2026-09-05 12:00:00,3,0,5
3,60,석수역,2026-09-05 14:00:00,2,0,5
3,60,석수역,2026-09-05 16:00:00,3,0,5
3,60,석수역,2026-09-05 18:00:00,3,0,5
3,60,석수역,2026-09-05 20:00:00,3,0,5
3,60,석수역,2026-09-05 22:00:00,1,0,5
3,60,범계역,2026-09-05 00:00:00,12,0,25
3,60,범계역,2026-09-05 02:00:00,13,0,25
3,60,범계역,2026-09-05 04:00:00,11,0,25
3,60,범계역,2026-09-05 06:00:00,12,0,25
3,60,범계역,2026-09-05 08:00:00,12,0,25
3,60,범계역,2026-09-05 10:00:00,10,0,25
3,60,범계역,2026-09-05 12:00:00,8,0,25
3,60,범계역,2026-09-05 14:00:00,10,0,25
3,60,범계역,2026-09-05 16:00:00,8,0,25
3,60,범계역,2026-09-05 18:00:00,9,0,25
3,60,범계역,2026-09-05 20:00:00,10,0,25
3,60,범계역,2026-09-05 22:00:00,12,0,25
3,60,안양역,2026-09-05 00:00:00,4,0,11
3,60,안양역,2026-09-05 02:00:00,4,0,11
3,60,안양역,2026-09-05 04:00:00,4,0,11
3,60,안양역,2026-09-05 06:00:00,3,0,11
3,60,안양역,2026-09-05 08:00:00,3,0,11
3,60,안양역,2026-09-05 10:00:00,4,0,11
3,60,안양역,2026-09-05 12:00:00,4,0,11
3,60,안양역,2026-09-05 14:00:00,4,0,11
3,60,안양역,2026-09-05 16:00:00,2,0,11
3,60,안양역,2026-09-05 18:00:00,3,0,11
3,60,안양역,2026-09-05 20:00:00,4,0,11
3,60,안양역,2026-09-05 22:00:00,4,0,11
3,60,평촌역,2026-09-05 00:00:00,16,0,24
3,60,평촌역,2026-09-05 02:00:00,16,0,24
3,60,평촌역,2026-09-05 04:00:00,16,0,24
3,60,평촌역,2026-09-05 06:00:00,16,0,24
3,60,평촌역,2026-09-05 08:00:00,16,0,24
3,60,평촌역,2026-09-05 10:00:00,13,0,24
3,60,평촌역,2026-09-05 12:00:00,12,0,24
3,60,평촌역,2026-09-05 14:00:00,13,0,24
3,60,평촌역,2026-09-05 16:00:00,12,0,24
3,60,평촌역,2026-09-05 18:00:00,12,0,24
3,60,평촌역,2026-09-05 20:00:00,14,0,24
3,60,평촌역,2026-09-05 22:00:00,16,0,24
3,60,인덕원역,2026-09-05 00:00:00,4,0,7
3,60,인덕원역,2026-09-05 02:00:00,4,0,7
3,60,인덕원역,2026-09-05 04:00:00,4,0,7
3,60,인덕원역,2026-09-05 06:00:00,4,0,7
3,60,인덕원역,2026-09-05 08:00:00,4,0,7
3,60,인덕원역,2026-09-05 10:00:00,4,0,7
3,60,인덕원역,2026-09-05 12:00:00,4,0,7
3,60,인덕원역,2026-09-05 14:00:00,4,0,7
3,60,인덕원역,2026-09-05 16:00:00,4,0,7
3,60,인덕원역,2026-09-05 18:00:00,4,0,7
3,60,인덕원역,2026-09-05 20:00:00,5,0,7
3,60,인덕원역,2026-09-05 22:00:00,4,0,7
3,120,안양시청,2026-09-05 00:00:00,17,0,25
3,120,안양시청,2026-09-05 02:00:00,17,0,25
3,120,안양시청,2026-09-05 04:00:00,16,0,25
3,120,안양시청,2026-09-05 06:00:00,16,0,25
3,120,안양시청,2026-09-05 08:00:00,16,0,25
3,120,안양시청,2026-09-05 10:00:00,13,0,25
3,120,안양시청,2026-09-05 12:00:00,12,0,25
3,120,안양시청,2026-09-05 14:00:00,12,0,25
3,120,안양시청,2026-09-05 16:00:00,13,0,25
3,120,안양시청,2026-09-05 18:00:00,15,0,25
3,120,안양시청,2026-09-05 20:00:00,15,0,25
3,120,안양시청,2026-09-05 22:00:00,25,0,25
3,120,석수역,2026-09-05 00:00:00,1,0,5
3,120,석수역,2026-09-05 02:00:00,1,0,5
3,120,석수역,2026-09-05 04:00:00,1,0,5
3,120,석수역,2026-09-05 06:00:00,1,0,5
3,120,석수역,2026-09-05 08:00:00,1,0,5
3,120,석수역,2026-09-05 10:00:00,2,0,5
3,120,석수역,2026-09-05 12:00:00,2,0,5
3,120,석수역,2026-09-05 14:00:00,3,0,5
3,120,석수역,2026-09-05 16:00:00,3,0,5
3,120,석수역,2026-09-05 18:00:00,3,0,5
3,120,석수역,2026-09-05 20:00:00,2,0,5
3,120,석수역,2026-09-05 22:00:00,5,0,5
3,120,범계역,2026-09-05 00:00:00,14,0,25
3,120,범계역,2026-09-05 02:00:00,13,0,25
3,120,범계역,2026-09-05 04:00:00,11,0,25
3,120,범계역,2026-09-05 06:00:00,11,0,25
3,120,범계역,2026-09-05 08:00:00,13,0,25
3,120,범계역,2026-09-05 10:00:00,10,0,25
3,120,범계역,2026-09-05 12:00:00,9,0,25
3,120,범계역,2026-09-05 14:00:00,9,0,25
3,120,범계역,2026-09-05 16:00:00,9,0,25
3,120,범계역,2026-09-05 18:00:00,10,0,25
3,120,범계역,2026-09-05 20:00:00,10,0,25
3,120,범계역,2026-09-05 22:00:00,25,0,25
3,120,안양역,2026-09-05 00:00:00,4,0,11
3,120,안양역,2026-09-05 02:00:00,4,0,11
3,120,안양역,2026-09-05 04:00:00,4,0,11
3,120,안양역,2026-09-05 06:00:00,3,0,11
3,120,안양역,2026-09-05 08:00:00,4,0,11
3,120,안양역,2026-09-05 10:00:00,4,0,11
3,120,안양역,2026-09-05 12:00:00,4,0,11
3,120,안양역,2026-09-05 14:00:00,4,0,11
3,120,안양역,2026-09-05 16:00:00,3,0,11
3,120,안양역,2026-09-05 18:00:00,3,0,11
3,120,안양역,2026-09-05 20:00:00,4,0,11
3,120,안양역,2026-09-05 22:00:00,11,0,11
3,120,평촌역,2026-09-05 00:00:00,16,0,24
3,120,평촌역,2026-09-05 02:00:00,16,0,24
3,120,평촌역,2026-09-05 04:00:00,16,0,24
3,120,평촌역,2026-09-05 06:00:00,16,0,24
3,120,평촌역,2026-09-05 08:00:00,16,0,24
3,120,평촌역,2026-09-05 10:00:00,13,0,24
3,120,평촌역,2026-09-05 12:00:00,12,0,24
3,120,평촌역,2026-09-05 14:00:00,12,0,24
3,120,평촌역,2026-09-05 16:00:00,12,0,24
3,120,평촌역,2026-09-05 18:00:00,14,0,24
3,120,평촌역,2026-09-05 20:00:00,14,0,24
3,120,평촌역,2026-09-05 22:00:00,24,0,24
3,120,인덕원역,2026-09-05 00:00:00,4,0,7
3,120,인덕원역,2026-09-05 02:00:00,4,0,7
3,120,인덕원역,2026-09-05 04:00:00,4,0,7
3,120,인덕원역,2026-09-05 06:00:00,4,0,7
3,120,인덕원역,2026-09-05 08:00:00,4,0,7
3,120,인덕원역,2026-09-05 10:00:00,4,0,7
3,120,인덕원역,2026-09-05 12:00:00,4,0,7
3,120,인덕원역,2026-09-05 14:00:00,4,0,7
3,120,인덕원역,2026-09-05 16:00:00,4,0,7
3,120,인덕원역,2026-09-05 18:00:00,5,0,7
3,120,인덕원역,2026-09-05 20:00:00,5,0,7
3,120,인덕원역,2026-09-05 22:00:00,7,0,7
3,180,안양시청,2026-09-05 00:00:00,16,0,25
3,180,안양시청,2026-09-05 02:00:00,17,0,25
3,180,안양시청,2026-09-05 04:00:00,16,0,25
3,180,안양시청,2026-09-05 06:00:00,16,0,25
3,180,안양시청,2026-09-05 08:00:00,16,0,25
3,180,안양시청,2026-09-05 10:00:00,13,0,25
3,180,안양시청,2026-09-05 12:00:00,13,0,25
3,180,안양시청,2026-09-05 14:00:00,12,0,25
3,180,안양시청,2026-09-05 16:00:00,13,0,25
3,180,안양시청,2026-09-05 18:00:00,14,0,25
3,180,안양시청,2026-09-05 20:00:00,18,0,25
3,180,안양시청,2026-09-05 22:00:00,25,0,25
3,180,석수역,2026-09-05 00:00:00,1,0,5
3,180,석수역,2026-09-05 02:00:00,1,0,5
3,180,석수역,2026-09-05 04:00:00,1,0,5
3,180,석수역,2026-09-05 06:00:00,1,0,5
3,180,석수역,2026-09-05 08:00:00,2,0,5
3,180,석수역,2026-09-05 10:00:00,3,0,5
3,180,석수역,2026-09-05 12:00:00,2,0,5
3,180,석수역,2026-09-05 14:00:00,2,0,5
3,180,석수역,2026-09-05 16:00:00,3,0,5
3,180,석수역,2026-09-05 18:00:00,3,0,5
3,180,석수역,2026-09-05 20:00:00,2,0,5
3,180,석수역,2026-09-05 22:00:00,5,0,5
3,180,범계역,2026-09-05 00:00:00,13,0,25
3,180,범계역,2026-09-05 02:00:00,13,0,25
3,180,범계역,2026-09-05 04:00:00,12,0,25
3,180,범계역,2026-09-05 06:00:00,12,0,25
3,180,범계역,2026-09-05 08:00:00,13,0,25
3,180,범계역,2026-09-05 10:00:00,10,0,25
3,180,범계역,2026-09-05 12:00:00,9,0,25
3,180,범계역,2026-09-05 14:00:00,9,0,25
3,180,범계역,2026-09-05 16:00:00,9,0,25
3,180,범계역,2026-09-05 18:00:00,10,0,25
3,180,범계역,2026-09-05 20:00:00,13,0,25
3,180,범계역,2026-09-05 22:00:00,25,0,25
3,180,안양역,2026-09-05 00:00:00,4,0,11
3,180,안양역,2026-09-05 02:00:00,4,0,11
3,180,안양역,2026-09-05 04:00:00,4,0,11
3,180,안양역,2026-09-05 06:00:00,3,0,11
3,180,안양역,2026-09-05 08:00:00,4,0,11
3,180,안양역,2026-09-05 10:00:00,5,0,11
3,180,안양역,2026-09-05 12:00:00,4,0,11
3,180,안양역,2026-09-05 14:00:00,4,0,11
3,180,안양역,2026-09-05 16:00:00,3,0,11
3,180,안양역,2026-09-05 18:00:00,5,0,11
3,180,안양역,2026-09-05 20:00:00,4,0,11
3,180,안양역,2026-09-05 22:00:00,11,0,11
3,180,평촌역,2026-09-05 00:00:00,16,0,24
3,180,평촌역,2026-09-05 02:00:00,16,0,24
3,180,평촌역,2026-09-05 04:00:00,16,0,24
3,180,평촌역,2026-09-05 06:00:00,16,0,24
3,180,평촌역,2026-09-05 08:00:00,16,0,24
3,180,평촌역,2026-09-05 10:00:00,13,0,24
3,180,평촌역,2026-09-05 12:00:00,13,0,24
3,180,평촌역,2026-09-05 14:00:00,12,0,24
3,180,평촌역,2026-09-05 16:00:00,12,0,24
3,180,평촌역,2026-09-05 18:00:00,13,0,24
3,180,평촌역,2026-09-05 20:00:00,17,0,24
3,180,평촌역,2026-09-05 22:00:00,24,0,24
3,180,인덕원역,2026-09-05 00:00:00,4,0,7
3,180,인덕원역,2026-09-05 02:00:00,4,0,7
3,180,인덕원역,2026-09-05 04:00:00,4,0,7
3,180,인덕원역,2026-09-05 06:00:00,4,0,7
3,180,인덕원역,2026-09-05 08:00:00,4,0,7
3,180,인덕원역,2026-09-05 10:00:00,4,0,7
3,180,인덕원역,2026-09-05 12:00:00,4,0,7
3,180,인덕원역,2026-09-05 14:00:00,4,0,7
3,180,인덕원역,2026-09-05 16:00:00,4,0,7
3,180,인덕원역,2026-09-05 18:00:00,4,0,7
3,180,인덕원역,2026-09-05 20:00:00,5,0,7
3,180,인덕원역,2026-09-05 22:00:00,7,0,7
3,240,안양시청,2026-09-05 00:00:00,16,0,25
3,240,안양시청,2026-09-05 02:00:00,17,0,25
3,240,안양시청,2026-09-05 04:00:00,16,0,25
3,240,안양시청,2026-09-05 06:00:00,16,0,25
3,240,안양시청,2026-09-05 08:00:00,16,0,25
3,240,안양시청,2026-09-05 10:00:00,13,0,25
3,240,안양시청,2026-09-05 12:00:00,12,0,25
3,240,안양시청,2026-09-05 14:00:00,13,0,25
3,240,안양시청,2026-09-05 16:00:00,15,0,25
3,240,안양시청,2026-09-05 18:00:00,14,0,25
3,240,안양시청,2026-09-05 20:00:00,25,0,25
3,240,안양시청,2026-09-05 22:00:00,25,0,25
3,240,석수역,2026-09-05 00:00:00,1,0,5
3,240,석수역,2026-09-05 02:00:00,1,0,5
3,240,석수역,2026-09-05 04:00:00,1,0,5
3,240,석수역,2026-09-05 06:00:00,1,0,5
3,240,석수역,2026-09-05 08:00:00,2,0,5
3,240,석수역,2026-09-05 10:00:00,2,0,5
3,240,석수역,2026-09-05 12:00:00,3,0,5
3,240,석수역,2026-09-05 14:00:00,3,0,5
3,240,석수역,2026-09-05 16:00:00,3,0,5
3,240,석수역,2026-09-05 18:00:00,3,0,5
3,240,석수역,2026-09-05 20:00:00,5,0,5
3,240,석수역,2026-09-05 22:00:00,5,0,5
3,240,범계역,2026-09-05 00:00:00,12,0,25
3,240,범계역,2026-09-05 02:00:00,13,0,25
3,240,범계역,2026-09-05 04:00:00,11,0,25
3,240,범계역,2026-09-05 06:00:00,13,0,25
3,240,범계역,2026-09-05 08:00:00,12,0,25
3,240,범계역,2026-09-05 10:00:00,10,0,25
3,240,범계역,2026-09-05 12:00:00,8,0,25
3,240,범계역,2026-09-05 14:00:00,10,0,25
3,240,범계역,2026-09-05 16:00:00,10,0,25
3,240,범계역,2026-09-05 18:00:00,10,0,25
3,240,범계역,2026-09-05 20:00:00,25,0,25
3,240,범계역,2026-09-05 22:00:00,25,0,25
3,240,안양역,2026-09-05 00:00:00,4,0,11
3,240,안양역,2026-09-05 02:00:00,4,0,11
3,240,안양역,2026-09-05 04:00:00,4,0,11
3,240,안양역,2026-09-05 06:00:00,4,0,11
3,240,안양역,2026-09-05 08:00:00,4,0,11
3,240,안양역,2026-09-05 10:00:00,5,0,11
3,240,안양역,2026-09-05 12:00:00,3,0,11
3,240,안양역,2026-09-05 14:00:00,4,0,11
3,240,안양역,2026-09-05 16:00:00,2,0,11
3,240,안양역,2026-09-05 18:00:00,5,0,11
3,240,안양역,2026-09-05 20:00:00,11,0,11
3,240,안양역,2026-09-05 22:00:00,11,0,11
3,240,평촌역,2026-09-05 00:00:00,16,0,24
3,240,평촌역,2026-09-05 02:00:00,16,0,24
3,240,평촌역,2026-09-05 04:00:00,16,0,24
3,240,평촌역,2026-09-05 06:00:00,16,0,24
3,240,평촌역,2026-09-05 08:00:00,16,0,24
3,240,평촌역,2026-09-05 10:00:00,13,0,24
3,240,평촌역,2026-09-05 12:00:00,12,0,24
3,240,평촌역,2026-09-05 14:00:00,12,0,24
3,240,평촌역,2026-09-05 16:00:00,14,0,24
3,240,평촌역,2026-09-05 18:00:00,13,0,24
3,240,평촌역,2026-09-05 20:00:00,24,0,24
3,240,평촌역,2026-09-05 22:00:00,24,0,24
3,240,인덕원역,2026-09-05 00:00:00,4,0,7
3,240,인덕원역,2026-09-05 02:00:00,4,0,7
3,240,인덕원역,2026-09-05 04:00:00,4,0,7
3,240,인덕원역,2026-09-05 06:00:00,4,0,7
3,240,인덕원역,2026-09-05 08:00:00,4,0,7
3,240,인덕원역,2026-09-05 10:00:00,4,0,7
3,240,인덕원역,2026-09-05 12:00:00,4,0,7
3,240,인덕원역,2026-09-05 14:00:00,4,0,7
3,240,인덕원역,2026-09-05 16:00:00,5,0,7
3,240,인덕원역,2026-09-05 18:00:00,4,0,7
3,240,인덕원역,2026-09-05 20:00:00,7,0,7
3,240,인덕원역,2026-09-05 22:00:00,7,0,7
3,360,안양시청,2026-09-05 00:00:00,16,0,25
3,360,안양시청,2026-09-05 02:00:00,17,0,25
3,360,안양시청,2026-09-05 04:00:00,16,0,25
3,360,안양시청,2026-09-05 06:00:00,16,0,25
3,360,안양시청,2026-09-05 08:00:00,16,0,25
3,360,안양시청,2026-09-05 10:00:00,13,0,25
3,360,안양시청,2026-09-05 12:00:00,13,0,25
3,360,안양시청,2026-09-05 14:00:00,15,0,25
3,360,안양시청,2026-09-05 16:00:00,13,0,25
3,360,안양시청,2026-09-05 18:00:00,25,0,25
3,360,안양시청,2026-09-05 20:00:00,25,0,25
3,360,안양시청,2026-09-05 22:00:00,25,0,25
3,360,석수역,2026-09-05 00:00:00,1,0,5
3,360,석수역,2026-09-05 02:00:00,1,0,5
3,360,석수역,2026-09-05 04:00:00,1,0,5
3,360,석수역,2026-09-05 06:00:00,2,0,5
3,360,석수역,2026-09-05 08:00:00,2,0,5
3,360,석수역,2026-09-05 10:00:00,3,0,5
3,360,석수역,2026-09-05 12:00:00,3,0,5
3,360,석수역,2026-09-05 14:00:00,3,0,5
3,360,석수역,2026-09-05 16:00:00,3,0,5
3,360,석수역,2026-09-05 18:00:00,5,0,5
3,360,석수역,2026-09-05 20:00:00,5,0,5
3,360,석수역,2026-09-05 22:00:00,5,0,5
3,360,범계역,2026-09-05 00:00:00,12,0,25
3,360,범계역,2026-09-05 02:00:00,13,0,25
3,360,범계역,2026-09-05 04:00:00,13,0,25
3,360,범계역,2026-09-05 06:00:00,12,0,25
3,360,범계역,2026-09-05 08:00:00,13,0,25
3,360,범계역,2026-09-05 10:00:00,10,0,25
3,360,범계역,2026-09-05 12:00:00,9,0,25
3,360,범계역,2026-09-05 14:00:00,11,0,25
3,360,범계역,2026-09-05 16:00:00,9,0,25
3,360,범계역,2026-09-05 18:00:00,25,0,25
3,360,범계역,2026-09-05 20:00:00,25,0,25
3,360,범계역,2026-09-05 22:00:00,25,0,25
3,360,안양역,2026-09-05 00:00:00,4,0,11
3,360,안양역,2026-09-05 02:00:00,4,0,11
3,360,안양역,2026-09-05 04:00:00,5,0,11
3,360,안양역,2026-09-05 06:00:00,4,0,11
3,360,안양역,2026-09-05 08:00:00,5,0,11
3,360,안양역,2026-09-05 10:00:00,4,0,11
3,360,안양역,2026-09-05 12:00:00,4,0,11
3,360,안양역,2026-09-05 14:00:00,4,0,11
3,360,안양역,2026-09-05 16:00:00,4,0,11
3,360,안양역,2026-09-05 18:00:00,11,0,11
3,360,안양역,2026-09-05 20:00:00,11,0,11
3,360,안양역,2026-09-05 22:00:00,11,0,11
3,360,평촌역,2026-09-05 00:00:00,16,0,24
3,360,평촌역,2026-09-05 02:00:00,16,0,24
3,360,평촌역,2026-09-05 04:00:00,16,0,24
3,360,평촌역,2026-09-05 06:00:00,16,0,24
3,360,평촌역,2026-09-05 08:00:00,16,0,24
3,360,평촌역,2026-09-05 10:00:00,13,0,24
3,360,평촌역,2026-09-05 12:00:00,12,0,24
3,360,평촌역,2026-09-05 14:00:00,14,0,24
3,360,평촌역,2026-09-05 16:00:00,13,0,24
3,360,평촌역,2026-09-05 18:00:00,24,0,24
3,360,평촌역,2026-09-05 20:00:00,24,0,24
3,360,평촌역,2026-09-05 22:00:00,24,0,24
3,360,인덕원역,2026-09-05 00:00:00,4,0,7
3,360,인덕원역,2026-09-05 02:00:00,4,0,7
3,360,인덕원역,2026-09-05 04:00:00,4,0,7
3,360,인덕원역,2026-09-05 06:00:00,4,0,7
3,360,인덕원역,2026-09-05 08:00:00,4,0,7
3,360,인덕원역,2026-09-05 10:00:00,4,0,7
3,360,인덕원역,2026-09-05 12:00:00,4,0,7
3,360,인덕원역,2026-09-05 14:00:00,5,0,7
3,360,인덕원역,2026-09-05 16:00:00,4,0,7
3,360,인덕원역,2026-09-05 18:00:00,7,0,7
3,360,인덕원역,2026-09-05 20:00:00,7,0,7
3,360,인덕원역,2026-09-05 22:00:00,7,0,7
4,15,안양시청,2026-09-06 00:00:00,16,0,25
4,15,안양시청,2026-09-06 02:00:00,16,0,25
4,15,안양시청,2026-09-06 04:00:00,17,0,25
4,15,안양시청,2026-09-06 06:00:00,16,0,25
4,15,안양시청,2026-09-06 08:00:00,16,0,25
4,15,안양시청,2026-09-06 10:00:00,16,0,25
4,15,안양시청,2026-09-06 12:00:00,17,0,25
4,15,안양시청,2026-09-06 14:00:00,16,0,25
4,15,안양시청,2026-09-06 16:00:00,16,0,25
4,15,안양시청,2026-09-06 18:00:00,16,0,25
4,15,안양시청,2026-09-06 20:00:00,16,0,25
4,15,안양시청,2026-09-06 22:00:00,17,0,25
4,15,석수역,2026-09-06 00:00:00,1,0,5
4,15,석수역,2026-09-06 02:00:00,1,0,5
4,15,석수역,2026-09-06 04:00:00,1,0,5
4,15,석수역,2026-09-06 06:00:00,2,0,5
4,15,석수역,2026-09-06 08:00:00,1,0,5
4,15,석수역,2026-09-06 10:00:00,2,0,5
4,15,석수역,2026-09-06 12:00:00,1,0,5
4,15,석수역,2026-09-06 14:00:00,1,0,5
4,15,석수역,2026-09-06 16:00:00,1,0,5
4,15,석수역,2026-09-06 18:00:00,1,0,5
4,15,석수역,2026-09-06 20:00:00,1,0,5
4,15,석수역,2026-09-06 22:00:00,1,0,5
4,15,범계역,2026-09-06 00:00:00,11,0,25
4,15,범계역,2026-09-06 02:00:00,12,0,25
4,15,범계역,2026-09-06 04:00:00,11,0,25
4,15,범계역,2026-09-06 06:00:00,11,0,25
4,15,범계역,2026-09-06 08:00:00,11,0,25
4,15,범계역,2026-09-06 10:00:00,11,0,25
4,15,범계역,2026-09-06 12:00:00,12,0,25
4,15,범계역,2026-09-06 14:00:00,11,0,25
4,15,범계역,2026-09-06 16:00:00,11,0,25
4,15,범계역,2026-09-06 18:00:00,11,0,25
4,15,범계역,2026-09-06 20:00:00,11,0,25
4,15,범계역,2026-09-06 22:00:00,12,0,25
4,15,안양역,2026-09-06 00:00:00,4,0,11
4,15,안양역,2026-09-06 02:00:00,4,0,11
4,15,안양역,2026-09-06 04:00:00,4,0,11
4,15,안양역,2026-09-06 06:00:00,4,0,11
4,15,안양역,2026-09-06 08:00:00,4,0,11
4,15,안양역,2026-09-06 10:00:00,2,0,11
4,15,안양역,2026-09-06 12:00:00,4,0,11
4,15,안양역,2026-09-06 14:00:00,3,0,11
4,15,안양역,2026-09-06 16:00:00,2,0,11
4,15,안양역,2026-09-06 18:00:00,2,0,11
4,15,안양역,2026-09-06 20:00:00,2,0,11
4,15,안양역,2026-09-06 22:00:00,4,0,11
4,15,평촌역,2026-09-06 00:00:00,16,0,24
4,15,평촌역,2026-09-06 02:00:00,16,0,24
4,15,평촌역,2026-09-06 04:00:00,17,0,24
4,15,평촌역,2026-09-06 06:00:00,16,0,24
4,15,평촌역,2026-09-06 08:00:00,16,0,24
4,15,평촌역,2026-09-06 10:00:00,16,0,24
4,15,평촌역,2026-09-06 12:00:00,17,0,24
4,15,평촌역,2026-09-06 14:00:00,16,0,24
4,15,평촌역,2026-09-06 16:00:00,16,0,24
4,15,평촌역,2026-09-06 18:00:00,16,0,24
4,15,평촌역,2026-09-06 20:00:00,16,0,24
4,15,평촌역,2026-09-06 22:00:00,16,0,24
4,15,인덕원역,2026-09-06 00:00:00,4,0,7
4,15,인덕원역,2026-09-06 02:00:00,4,0,7
4,15,인덕원역,2026-09-06 04:00:00,4,0,7
4,15,인덕원역,2026-09-06 06:00:00,4,0,7
4,15,인덕원역,2026-09-06 08:00:00,4,0,7
4,15,인덕원역,2026-09-06 10:00:00,4,0,7
4,15,인덕원역,2026-09-06 12:00:00,5,0,7
4,15,인덕원역,2026-09-06 14:00:00,4,0,7
4,15,인덕원역,2026-09-06 16:00:00,4,0,7
4,15,인덕원역,2026-09-06 18:00:00,4,0,7
4,15,인덕원역,2026-09-06 20:00:00,4,0,7
4,15,인덕원역,2026-09-06 22:00:00,4,0,7
4,30,안양시청,2026-09-06 00:00:00,16,0,25
4,30,안양시청,2026-09-06 02:00:00,16,0,25
4,30,안양시청,2026-09-06 04:00:00,17,0,25
4,30,안양시청,2026-09-06 06:00:00,16,0,25
4,30,안양시청,2026-09-06 08:00:00,16,0,25
4,30,안양시청,2026-09-06 10:00:00,16,0,25
4,30,안양시청,2026-09-06 12:00:00,17,0,25
4,30,안양시청,2026-09-06 14:00:00,16,0,25
4,30,안양시청,2026-09-06 16:00:00,16,0,25
4,30,안양시청,2026-09-06 18:00:00,16,0,25
4,30,안양시청,2026-09-06 20:00:00,16,0,25
4,30,안양시청,2026-09-06 22:00:00,17,0,25
4,30,석수역,2026-09-06 00:00:00,1,0,5
4,30,석수역,2026-09-06 02:00:00,1,0,5
4,30,석수역,2026-09-06 04:00:00,1,0,5
4,30,석수역,2026-09-06 06:00:00,2,0,5
4,30,석수역,2026-09-06 08:00:00,1,0,5
4,30,석수역,2026-09-06 10:00:00,2,0,5
4,30,석수역,2026-09-06 12:00:00,1,0,5
4,30,석수역,2026-09-06 14:00:00,1,0,5
4,30,석수역,2026-09-06 16:00:00,1,0,5
4,30,석수역,2026-09-06 18:00:00,1,0,5
4,30,석수역,2026-09-06 20:00:00,1,0,5
4,30,석수역,2026-09-06 22:00:00,1,0,5
4,30,범계역,2026-09-06 00:00:00,11,0,25
4,30,범계역,2026-09-06 02:00:00,12,0,25
4,30,범계역,2026-09-06 04:00:00,11,0,25
4,30,범계역,2026-09-06 06:00:00,11,0,25
4,30,범계역,2026-09-06 08:00:00,11,0,25
4,30,범계역,2026-09-06 10:00:00,11,0,25
4,30,범계역,2026-09-06 12:00:00,12,0,25
4,30,범계역,2026-09-06 14:00:00,11,0,25
4,30,범계역,2026-09-06 16:00:00,11,0,25
4,30,범계역,2026-09-06 18:00:00,11,0,25
4,30,범계역,2026-09-06 20:00:00,11,0,25
4,30,범계역,2026-09-06 22:00:00,12,0,25
4,30,안양역,2026-09-06 00:00:00,4,0,11
4,30,안양역,2026-09-06 02:00:00,4,0,11
4,30,안양역,2026-09-06 04:00:00,4,0,11
4,30,안양역,2026-09-06 06:00:00,4,0,11
4,30,안양역,2026-09-06 08:00:00,4,0,11
4,30,안양역,2026-09-06 10:00:00,2,0,11
4,30,안양역,2026-09-06 12:00:00,4,0,11
4,30,안양역,2026-09-06 14:00:00,3,0,11
4,30,안양역,2026-09-06 16:00:00,2,0,11
4,30,안양역,2026-09-06 18:00:00,2,0,11
4,30,안양역,2026-09-06 20:00:00,2,0,11
4,30,안양역,2026-09-06 22:00:00,4,0,11
4,30,평촌역,2026-09-06 00:00:00,16,0,24
4,30,평촌역,2026-09-06 02:00:00,16,0,24
4,30,평촌역,2026-09-06 04:00:00,17,0,24
4,30,평촌역,2026-09-06 06:00:00,16,0,24
4,30,평촌역,2026-09-06 08:00:00,16,0,24
4,30,평촌역,2026-09-06 10:00:00,16,0,24
4,30,평촌역,2026-09-06 12:00:00,17,0,24
4,30,평촌역,2026-09-06 14:00:00,16,0,24
4,30,평촌역,2026-09-06 16:00:00,16,0,24
4,30,평촌역,2026-09-06 18:00:00,16,0,24
4,30,평촌역,2026-09-06 20:00:00,16,0,24
4,30,평촌역,2026-09-06 22:00:00,16,0,24
4,30,인덕원역,2026-09-06 00:00:00,4,0,7
4,30,인덕원역,2026-09-06 02:00:00,4,0,7
4,30,인덕원역,2026-09-06 04:00:00,4,0,7
4,30,인덕원역,2026-09-06 06:00:00,4,0,7
4,30,인덕원역,2026-09-06 08:00:00,4,0,7
4,30,인덕원역,2026-09-06 10:00:00,4,0,7
4,30,인덕원역,2026-09-06 12:00:00,5,0,7
4,30,인덕원역,2026-09-06 14:00:00,4,0,7
4,30,인덕원역,2026-09-06 16:00:00,4,0,7
4,30,인덕원역,2026-09-06 18:00:00,4,0,7
4,30,인덕원역,2026-09-06 20:00:00,4,0,7
4,30,인덕원역,2026-09-06 22:00:00,4,0,7
4,60,안양시청,2026-09-06 00:00:00,16,0,25
4,60,안양시청,2026-09-06 02:00:00,18,0,25
4,60,안양시청,2026-09-06 04:00:00,18,0,25
4,60,안양시청,2026-09-06 06:00:00,16,0,25
4,60,안양시청,2026-09-06 08:00:00,16,0,25
4,60,안양시청,2026-09-06 10:00:00,17,0,25
4,60,안양시청,2026-09-06 12:00:00,17,0,25
4,60,안양시청,2026-09-06 14:00:00,16,0,25
4,60,안양시청,2026-09-06 16:00:00,16,0,25
4,60,안양시청,2026-09-06 18:00:00,16,0,25
4,60,안양시청,2026-09-06 20:00:00,16,0,25
4,60,안양시청,2026-09-06 22:00:00,18,0,25
4,60,석수역,2026-09-06 00:00:00,2,0,5
4,60,석수역,2026-09-06 02:00:00,1,0,5
4,60,석수역,2026-09-06 04:00:00,1,0,5
4,60,석수역,2026-09-06 06:00:00,2,0,5
4,60,석수역,2026-09-06 08:00:00,1,0,5
4,60,석수역,2026-09-06 10:00:00,2,0,5
4,60,석수역,2026-09-06 12:00:00,1,0,5
4,60,석수역,2026-09-06 14:00:00,1,0,5
4,60,석수역,2026-09-06 16:00:00,1,0,5
4,60,석수역,2026-09-06 18:00:00,1,0,5
4,60,석수역,2026-09-06 20:00:00,1,0,5
4,60,석수역,2026-09-06 22:00:00,1,0,5
4,60,범계역,2026-09-06 00:00:00,11,0,25
4,60,범계역,2026-09-06 02:00:00,13,0,25
4,60,범계역,2026-09-06 04:00:00,12,0,25
4,60,범계역,2026-09-06 06:00:00,11,0,25
4,60,범계역,2026-09-06 08:00:00,11,0,25
4,60,범계역,2026-09-06 10:00:00,11,0,25
4,60,범계역,2026-09-06 12:00:00,12,0,25
4,60,범계역,2026-09-06 14:00:00,11,0,25
4,60,범계역,2026-09-06 16:00:00,11,0,25
4,60,범계역,2026-09-06 18:00:00,11,0,25
4,60,범계역,2026-09-06 20:00:00,11,0,25
4,60,범계역,2026-09-06 22:00:00,12,0,25
4,60,안양역,2026-09-06 00:00:00,4,0,11
4,60,안양역,2026-09-06 02:00:00,4,0,11
4,60,안양역,2026-09-06 04:00:00,4,0,11
4,60,안양역,2026-09-06 06:00:00,4,0,11
4,60,안양역,2026-09-06 08:00:00,4,0,11
4,60,안양역,2026-09-06 10:00:00,4,0,11
4,60,안양역,2026-09-06 12:00:00,5,0,11
4,60,안양역,2026-09-06 14:00:00,3,0,11
4,60,안양역,2026-09-06 16:00:00,2,0,11
4,60,안양역,2026-09-06 18:00:00,2,0,11
4,60,안양역,2026-09-06 20:00:00,4,0,11
4,60,안양역,2026-09-06 22:00:00,4,0,11
4,60,평촌역,2026-09-06 00:00:00,16,0,24
4,60,평촌역,2026-09-06 02:00:00,17,0,24
4,60,평촌역,2026-09-06 04:00:00,18,0,24
4,60,평촌역,2026-09-06 06:00:00,16,0,24
4,60,평촌역,2026-09-06 08:00:00,16,0,24
4,60,평촌역,2026-09-06 10:00:00,17,0,24
4,60,평촌역,2026-09-06 12:00:00,17,0,24
4,60,평촌역,2026-09-06 14:00:00,16,0,24
4,60,평촌역,2026-09-06 16:00:00,16,0,24
4,60,평촌역,2026-09-06 18:00:00,16,0,24
4,60,평촌역,2026-09-06 20:00:00,16,0,24
4,60,평촌역,2026-09-06 22:00:00,17,0,24
4,60,인덕원역,2026-09-06 00:00:00,4,0,7
4,60,인덕원역,2026-09-06 02:00:00,4,0,7
4,60,인덕원역,2026-09-06 04:00:00,4,0,7
4,60,인덕원역,2026-09-06 06:00:00,4,0,7
4,60,인덕원역,2026-09-06 08:00:00,4,0,7
4,60,인덕원역,2026-09-06 10:00:00,5,0,7
4,60,인덕원역,2026-09-06 12:00:00,5,0,7
4,60,인덕원역,2026-09-06 14:00:00,4,0,7
4,60,인덕원역,2026-09-06 16:00:00,4,0,7
4,60,인덕원역,2026-09-06 18:00:00,4,0,7
4,60,인덕원역,2026-09-06 20:00:00,4,0,7
4,60,인덕원역,2026-09-06 22:00:00,4,0,7
4,120,안양시청,2026-09-06 00:00:00,16,0,25
4,120,안양시청,2026-09-06 02:00:00,17,0,25
4,120,안양시청,2026-09-06 04:00:00,17,0,25
4,120,안양시청,2026-09-06 06:00:00,16,0,25
4,120,안양시청,2026-09-06 08:00:00,16,0,25
4,120,안양시청,2026-09-06 10:00:00,17,0,25
4,120,안양시청,2026-09-06 12:00:00,17,0,25
4,120,안양시청,2026-09-06 14:00:00,16,0,25
4,120,안양시청,2026-09-06 16:00:00,16,0,25
4,120,안양시청,2026-09-06 18:00:00,16,0,25
4,120,안양시청,2026-09-06 20:00:00,17,0,25
4,120,안양시청,2026-09-06 22:00:00,25,0,25
4,120,석수역,2026-09-06 00:00:00,1,0,5
4,120,석수역,2026-09-06 02:00:00,1,0,5
4,120,석수역,2026-09-06 04:00:00,2,0,5
4,120,석수역,2026-09-06 06:00:00,2,0,5
4,120,석수역,2026-09-06 08:00:00,2,0,5
4,120,석수역,2026-09-06 10:00:00,2,0,5
4,120,석수역,2026-09-06 12:00:00,1,0,5
4,120,석수역,2026-09-06 14:00:00,1,0,5
4,120,석수역,2026-09-06 16:00:00,1,0,5
4,120,석수역,2026-09-06 18:00:00,1,0,5
4,120,석수역,2026-09-06 20:00:00,1,0,5
4,120,석수역,2026-09-06 22:00:00,5,0,5
4,120,범계역,2026-09-06 00:00:00,12,0,25
4,120,범계역,2026-09-06 02:00:00,12,0,25
4,120,범계역,2026-09-06 04:00:00,11,0,25
4,120,범계역,2026-09-06 06:00:00,11,0,25
4,120,범계역,2026-09-06 08:00:00,11,0,25
4,120,범계역,2026-09-06 10:00:00,12,0,25
4,120,범계역,2026-09-06 12:00:00,12,0,25
4,120,범계역,2026-09-06 14:00:00,11,0,25
4,120,범계역,2026-09-06 16:00:00,11,0,25
4,120,범계역,2026-09-06 18:00:00,11,0,25
4,120,범계역,2026-09-06 20:00:00,12,0,25
4,120,범계역,2026-09-06 22:00:00,25,0,25
4,120,안양역,2026-09-06 00:00:00,4,0,11
4,120,안양역,2026-09-06 02:00:00,4,0,11
4,120,안양역,2026-09-06 04:00:00,4,0,11
4,120,안양역,2026-09-06 06:00:00,4,0,11
4,120,안양역,2026-09-06 08:00:00,4,0,11
4,120,안양역,2026-09-06 10:00:00,4,0,11
4,120,안양역,2026-09-06 12:00:00,4,0,11
4,120,안양역,2026-09-06 14:00:00,3,0,11
4,120,안양역,2026-09-06 16:00:00,2,0,11
4,120,안양역,2026-09-06 18:00:00,2,0,11
4,120,안양역,2026-09-06 20:00:00,4,0,11
4,120,안양역,2026-09-06 22:00:00,11,0,11
4,120,평촌역,2026-09-06 00:00:00,16,0,24
4,120,평촌역,2026-09-06 02:00:00,17,0,24
4,120,평촌역,2026-09-06 04:00:00,17,0,24
4,120,평촌역,2026-09-06 06:00:00,16,0,24
4,120,평촌역,2026-09-06 08:00:00,16,0,24
4,120,평촌역,2026-09-06 10:00:00,17,0,24
4,120,평촌역,2026-09-06 12:00:00,17,0,24
4,120,평촌역,2026-09-06 14:00:00,16,0,24
4,120,평촌역,2026-09-06 16:00:00,16,0,24
4,120,평촌역,2026-09-06 18:00:00,16,0,24
4,120,평촌역,2026-09-06 20:00:00,16,0,24
4,120,평촌역,2026-09-06 22:00:00,24,0,24
4,120,인덕원역,2026-09-06 00:00:00,4,0,7
4,120,인덕원역,2026-09-06 02:00:00,4,0,7
4,120,인덕원역,2026-09-06 04:00:00,4,0,7
4,120,인덕원역,2026-09-06 06:00:00,4,0,7
4,120,인덕원역,2026-09-06 08:00:00,4,0,7
4,120,인덕원역,2026-09-06 10:00:00,5,0,7
4,120,인덕원역,2026-09-06 12:00:00,5,0,7
4,120,인덕원역,2026-09-06 14:00:00,4,0,7
4,120,인덕원역,2026-09-06 16:00:00,4,0,7
4,120,인덕원역,2026-09-06 18:00:00,4,0,7
4,120,인덕원역,2026-09-06 20:00:00,4,0,7
4,120,인덕원역,2026-09-06 22:00:00,7,0,7
4,180,안양시청,2026-09-06 00:00:00,18,0,25
4,180,안양시청,2026-09-06 02:00:00,17,0,25
4,180,안양시청,2026-09-06 04:00:00,17,0,25
4,180,안양시청,2026-09-06 06:00:00,16,0,25
4,180,안양시청,2026-09-06 08:00:00,17,0,25
4,180,안양시청,2026-09-06 10:00:00,16,0,25
4,180,안양시청,2026-09-06 12:00:00,17,0,25
4,180,안양시청,2026-09-06 14:00:00,16,0,25
4,180,안양시청,2026-09-06 16:00:00,16,0,25
4,180,안양시청,2026-09-06 18:00:00,16,0,25
4,180,안양시청,2026-09-06 20:00:00,18,0,25
4,180,안양시청,2026-09-06 22:00:00,25,0,25
4,180,석수역,2026-09-06 00:00:00,1,0,5
4,180,석수역,2026-09-06 02:00:00,1,0,5
4,180,석수역,2026-09-06 04:00:00,2,0,5
4,180,석수역,2026-09-06 06:00:00,2,0,5
4,180,석수역,2026-09-06 08:00:00,2,0,5
4,180,석수역,2026-09-06 10:00:00,2,0,5
4,180,석수역,2026-09-06 12:00:00,1,0,5
4,180,석수역,2026-09-06 14:00:00,1,0,5
4,180,석수역,2026-09-06 16:00:00,1,0,5
4,180,석수역,2026-09-06 18:00:00,1,0,5
4,180,석수역,2026-09-06 20:00:00,1,0,5
4,180,석수역,2026-09-06 22:00:00,5,0,5
4,180,범계역,2026-09-06 00:00:00,12,0,25
4,180,범계역,2026-09-06 02:00:00,13,0,25
4,180,범계역,2026-09-06 04:00:00,11,0,25
4,180,범계역,2026-09-06 06:00:00,11,0,25
4,180,범계역,2026-09-06 08:00:00,11,0,25
4,180,범계역,2026-09-06 10:00:00,12,0,25
4,180,범계역,2026-09-06 12:00:00,12,0,25
4,180,범계역,2026-09-06 14:00:00,11,0,25
4,180,범계역,2026-09-06 16:00:00,11,0,25
4,180,범계역,2026-09-06 18:00:00,11,0,25
4,180,범계역,2026-09-06 20:00:00,12,0,25
4,180,범계역,2026-09-06 22:00:00,25,0,25
4,180,안양역,2026-09-06 00:00:00,4,0,11
4,180,안양역,2026-09-06 02:00:00,4,0,11
4,180,안양역,2026-09-06 04:00:00,4,0,11
4,180,안양역,2026-09-06 06:00:00,4,0,11
4,180,안양역,2026-09-06 08:00:00,6,0,11
4,180,안양역,2026-09-06 10:00:00,5,0,11
4,180,안양역,2026-09-06 12:00:00,4,0,11
4,180,안양역,2026-09-06 14:00:00,3,0,11
4,180,안양역,2026-09-06 16:00:00,2,0,11
4,180,안양역,2026-09-06 18:00:00,4,0,11
4,180,안양역,2026-09-06 20:00:00,4,0,11
4,180,안양역,2026-09-06 22:00:00,11,0,11
4,180,평촌역,2026-09-06 00:00:00,17,0,24
4,180,평촌역,2026-09-06 02:00:00,17,0,24
4,180,평촌역,2026-09-06 04:00:00,17,0,24
4,180,평촌역,2026-09-06 06:00:00,16,0,24
4,180,평촌역,2026-09-06 08:00:00,17,0,24
4,180,평촌역,2026-09-06 10:00:00,16,0,24
4,180,평촌역,2026-09-06 12:00:00,17,0,24
4,180,평촌역,2026-09-06 14:00:00,16,0,24
4,180,평촌역,2026-09-06 16:00:00,16,0,24
4,180,평촌역,2026-09-06 18:00:00,16,0,24
4,180,평촌역,2026-09-06 20:00:00,17,0,24
4,180,평촌역,2026-09-06 22:00:00,24,0,24
4,180,인덕원역,2026-09-06 00:00:00,4,0,7
4,180,인덕원역,2026-09-06 02:00:00,4,0,7
4,180,인덕원역,2026-09-06 04:00:00,4,0,7
4,180,인덕원역,2026-09-06 06:00:00,4,0,7
4,180,인덕원역,2026-09-06 08:00:00,5,0,7
4,180,인덕원역,2026-09-06 10:00:00,4,0,7
4,180,인덕원역,2026-09-06 12:00:00,5,0,7
4,180,인덕원역,2026-09-06 14:00:00,4,0,7
4,180,인덕원역,2026-09-06 16:00:00,4,0,7
4,180,인덕원역,2026-09-06 18:00:00,4,0,7
4,180,인덕원역,2026-09-06 20:00:00,4,0,7
4,180,인덕원역,2026-09-06 22:00:00,7,0,7
4,240,안양시청,2026-09-06 00:00:00,17,0,25
4,240,안양시청,2026-09-06 02:00:00,16,0,25
4,240,안양시청,2026-09-06 04:00:00,17,0,25
4,240,안양시청,2026-09-06 06:00:00,16,0,25
4,240,안양시청,2026-09-06 08:00:00,17,0,25
4,240,안양시청,2026-09-06 10:00:00,16,0,25
4,240,안양시청,2026-09-06 12:00:00,17,0,25
4,240,안양시청,2026-09-06 14:00:00,16,0,25
4,240,안양시청,2026-09-06 16:00:00,16,0,25
4,240,안양시청,2026-09-06 18:00:00,17,0,25
4,240,안양시청,2026-09-06 20:00:00,25,0,25
4,240,안양시청,2026-09-06 22:00:00,25,0,25
4,240,석수역,2026-09-06 00:00:00,1,0,5
4,240,석수역,2026-09-06 02:00:00,2,0,5
4,240,석수역,2026-09-06 04:00:00,1,0,5
4,240,석수역,2026-09-06 06:00:00,3,0,5
4,240,석수역,2026-09-06 08:00:00,1,0,5
4,240,석수역,2026-09-06 10:00:00,2,0,5
4,240,석수역,2026-09-06 12:00:00,1,0,5
4,240,석수역,2026-09-06 14:00:00,1,0,5
4,240,석수역,2026-09-06 16:00:00,1,0,5
4,240,석수역,2026-09-06 18:00:00,1,0,5
4,240,석수역,2026-09-06 20:00:00,5,0,5
4,240,석수역,2026-09-06 22:00:00,5,0,5
4,240,범계역,2026-09-06 00:00:00,11,0,25
4,240,범계역,2026-09-06 02:00:00,12,0,25
4,240,범계역,2026-09-06 04:00:00,11,0,25
4,240,범계역,2026-09-06 06:00:00,11,0,25
4,240,범계역,2026-09-06 08:00:00,12,0,25
4,240,범계역,2026-09-06 10:00:00,11,0,25
4,240,범계역,2026-09-06 12:00:00,12,0,25
4,240,범계역,2026-09-06 14:00:00,11,0,25
4,240,범계역,2026-09-06 16:00:00,11,0,25
4,240,범계역,2026-09-06 18:00:00,12,0,25
4,240,범계역,2026-09-06 20:00:00,25,0,25
4,240,범계역,2026-09-06 22:00:00,25,0,25
4,240,안양역,2026-09-06 00:00:00,4,0,11
4,240,안양역,2026-09-06 02:00:00,4,0,11
4,240,안양역,2026-09-06 04:00:00,4,0,11
4,240,안양역,2026-09-06 06:00:00,4,0,11
4,240,안양역,2026-09-06 08:00:00,6,0,11
4,240,안양역,2026-09-06 10:00:00,3,0,11
4,240,안양역,2026-09-06 12:00:00,4,0,11
4,240,안양역,2026-09-06 14:00:00,3,0,11
4,240,안양역,2026-09-06 16:00:00,2,0,11
4,240,안양역,2026-09-06 18:00:00,4,0,11
4,240,안양역,2026-09-06 20:00:00,11,0,11
4,240,안양역,2026-09-06 22:00:00,11,0,11
4,240,평촌역,2026-09-06 00:00:00,17,0,24
4,240,평촌역,2026-09-06 02:00:00,16,0,24
4,240,평촌역,2026-09-06 04:00:00,17,0,24
4,240,평촌역,2026-09-06 06:00:00,16,0,24
4,240,평촌역,2026-09-06 08:00:00,17,0,24
4,240,평촌역,2026-09-06 10:00:00,16,0,24
4,240,평촌역,2026-09-06 12:00:00,17,0,24
4,240,평촌역,2026-09-06 14:00:00,16,0,24
4,240,평촌역,2026-09-06 16:00:00,16,0,24
4,240,평촌역,2026-09-06 18:00:00,16,0,24
4,240,평촌역,2026-09-06 20:00:00,24,0,24
4,240,평촌역,2026-09-06 22:00:00,24,0,24
4,240,인덕원역,2026-09-06 00:00:00,4,0,7
4,240,인덕원역,2026-09-06 02:00:00,4,0,7
4,240,인덕원역,2026-09-06 04:00:00,4,0,7
4,240,인덕원역,2026-09-06 06:00:00,4,0,7
4,240,인덕원역,2026-09-06 08:00:00,5,0,7
4,240,인덕원역,2026-09-06 10:00:00,4,0,7
4,240,인덕원역,2026-09-06 12:00:00,5,0,7
4,240,인덕원역,2026-09-06 14:00:00,4,0,7
4,240,인덕원역,2026-09-06 16:00:00,4,0,7
4,240,인덕원역,2026-09-06 18:00:00,4,0,7
4,240,인덕원역,2026-09-06 20:00:00,7,0,7
4,240,인덕원역,2026-09-06 22:00:00,7,0,7
4,360,안양시청,2026-09-06 00:00:00,16,0,25
4,360,안양시청,2026-09-06 02:00:00,16,0,25
4,360,안양시청,2026-09-06 04:00:00,17,0,25
4,360,안양시청,2026-09-06 06:00:00,17,0,25
4,360,안양시청,2026-09-06 08:00:00,16,0,25
4,360,안양시청,2026-09-06 10:00:00,16,0,25
4,360,안양시청,2026-09-06 12:00:00,17,0,25
4,360,안양시청,2026-09-06 14:00:00,16,0,25
4,360,안양시청,2026-09-06 16:00:00,17,0,25
4,360,안양시청,2026-09-06 18:00:00,25,0,25
4,360,안양시청,2026-09-06 20:00:00,25,0,25
4,360,안양시청,2026-09-06 22:00:00,25,0,25
4,360,석수역,2026-09-06 00:00:00,2,0,5
4,360,석수역,2026-09-06 02:00:00,1,0,5
4,360,석수역,2026-09-06 04:00:00,2,0,5
4,360,석수역,2026-09-06 06:00:00,2,0,5
4,360,석수역,2026-09-06 08:00:00,1,0,5
4,360,석수역,2026-09-06 10:00:00,2,0,5
4,360,석수역,2026-09-06 12:00:00,1,0,5
4,360,석수역,2026-09-06 14:00:00,1,0,5
4,360,석수역,2026-09-06 16:00:00,1,0,5
4,360,석수역,2026-09-06 18:00:00,5,0,5
4,360,석수역,2026-09-06 20:00:00,5,0,5
4,360,석수역,2026-09-06 22:00:00,5,0,5
4,360,범계역,2026-09-06 00:00:00,11,0,25
4,360,범계역,2026-09-06 02:00:00,12,0,25
4,360,범계역,2026-09-06 04:00:00,11,0,25
4,360,범계역,2026-09-06 06:00:00,12,0,25
4,360,범계역,2026-09-06 08:00:00,11,0,25
4,360,범계역,2026-09-06 10:00:00,11,0,25
4,360,범계역,2026-09-06 12:00:00,12,0,25
4,360,범계역,2026-09-06 14:00:00,11,0,25
4,360,범계역,2026-09-06 16:00:00,12,0,25
4,360,범계역,2026-09-06 18:00:00,25,0,25
4,360,범계역,2026-09-06 20:00:00,25,0,25
4,360,범계역,2026-09-06 22:00:00,25,0,25
4,360,안양역,2026-09-06 00:00:00,4,0,11
4,360,안양역,2026-09-06 02:00:00,4,0,11
4,360,안양역,2026-09-06 04:00:00,4,0,11
4,360,안양역,2026-09-06 06:00:00,6,0,11
4,360,안양역,2026-09-06 08:00:00,5,0,11
4,360,안양역,2026-09-06 10:00:00,2,0,11
4,360,안양역,2026-09-06 12:00:00,4,0,11
4,360,안양역,2026-09-06 14:00:00,3,0,11
4,360,안양역,2026-09-06 16:00:00,4,0,11
4,360,안양역,2026-09-06 18:00:00,11,0,11
4,360,안양역,2026-09-06 20:00:00,11,0,11
4,360,안양역,2026-09-06 22:00:00,11,0,11
4,360,평촌역,2026-09-06 00:00:00,16,0,24
4,360,평촌역,2026-09-06 02:00:00,16,0,24
4,360,평촌역,2026-09-06 04:00:00,17,0,24
4,360,평촌역,2026-09-06 06:00:00,17,0,24
4,360,평촌역,2026-09-06 08:00:00,16,0,24
4,360,평촌역,2026-09-06 10:00:00,16,0,24
4,360,평촌역,2026-09-06 12:00:00,17,0,24
4,360,평촌역,2026-09-06 14:00:00,16,0,24
4,360,평촌역,2026-09-06 16:00:00,16,0,24
4,360,평촌역,2026-09-06 18:00:00,24,0,24
4,360,평촌역,2026-09-06 20:00:00,24,0,24
4,360,평촌역,2026-09-06 22:00:00,24,0,24
4,360,인덕원역,2026-09-06 00:00:00,4,0,7
4,360,인덕원역,2026-09-06 02:00:00,4,0,7
4,360,인덕원역,2026-09-06 04:00:00,4,0,7
4,360,인덕원역,2026-09-06 06:00:00,5,0,7
4,360,인덕원역,2026-09-06 08:00:00,4,0,7
4,360,인덕원역,2026-09-06 10:00:00,4,0,7
4,360,인덕원역,2026-09-06 12:00:00,5,0,7
4,360,인덕원역,2026-09-06 14:00:00,4,0,7
4,360,인덕원역,2026-09-06 16:00:00,4,0,7
4,360,인덕원역,2026-09-06 18:00:00,7,0,7
4,360,인덕원역,2026-09-06 20:00:00,7,0,7
4,360,인덕원역,2026-09-06 22:00:00,7,0,7
5,15,안양시청,2026-09-07 00:00:00,16,0,25
5,15,안양시청,2026-09-07 02:00:00,16,0,25
5,15,안양시청,2026-09-07 04:00:00,16,0,25
5,15,안양시청,2026-09-07 06:00:00,16,0,25
5,15,안양시청,2026-09-07 08:00:00,9,0,25
5,15,안양시청,2026-09-07 10:00:00,3,0,25
5,15,안양시청,2026-09-07 18:00:00,9,0,25
5,15,안양시청,2026-09-07 20:00:00,15,0,25
5,15,안양시청,2026-09-07 22:00:00,15,0,25
5,15,석수역,2026-09-07 00:00:00,1,0,5
5,15,석수역,2026-09-07 02:00:00,1,0,5
5,15,석수역,2026-09-07 04:00:00,1,0,5
5,15,범계역,2026-09-07 00:00:00,11,0,25
5,15,범계역,2026-09-07 02:00:00,11,0,25
5,15,범계역,2026-09-07 04:00:00,11,0,25
5,15,범계역,2026-09-07 06:00:00,11,0,25
5,15,범계역,2026-09-07 08:00:00,6,0,25
5,15,범계역,2026-09-07 10:00:00,3,0,25
5,15,범계역,2026-09-07 16:00:00,1,0,25
5,15,범계역,2026-09-07 18:00:00,6,0,25
5,15,범계역,2026-09-07 20:00:00,11,0,25
5,15,범계역,2026-09-07 22:00:00,11,0,25
5,15,안양역,2026-09-07 00:00:00,4,0,11
5,15,안양역,2026-09-07 02:00:00,4,0,11
5,15,안양역,2026-09-07 04:00:00,3,0,11
5,15,안양역,2026-09-07 06:00:00,3,0,11
5,15,안양역,2026-09-07 08:00:00,2,0,11
5,15,안양역,2026-09-07 16:00:00,1,0,11
5,15,안양역,2026-09-07 18:00:00,2,0,11
5,15,안양역,2026-09-07 20:00:00,2,0,11
5,15,안양역,2026-09-07 22:00:00,4,0,11
5,15,평촌역,2026-09-07 00:00:00,16,0,24
5,15,평촌역,2026-09-07 02:00:00,16,0,24
5,15,평촌역,2026-09-07 04:00:00,16,0,24
5,15,평촌역,2026-09-07 06:00:00,16,0,24
5,15,평촌역,2026-09-07 08:00:00,9,0,24
5,15,평촌역,2026-09-07 10:00:00,3,0,24
5,15,평촌역,2026-09-07 18:00:00,9,0,24
5,15,평촌역,2026-09-07 20:00:00,15,0,24
5,15,평촌역,2026-09-07 22:00:00,15,0,24
5,15,인덕원역,2026-09-07 00:00:00,4,0,7
5,15,인덕원역,2026-09-07 02:00:00,4,0,7
5,15,인덕원역,2026-09-07 04:00:00,4,0,7
5,15,인덕원역,2026-09-07 06:00:00,4,0,7
5,15,인덕원역,2026-09-07 08:00:00,2,0,7
5,15,인덕원역,2026-09-07 18:00:00,2,0,7
5,15,인덕원역,2026-09-07 20:00:00,3,0,7
5,15,인덕원역,2026-09-07 22:00:00,3,0,7
5,30,안양시청,2026-09-07 00:00:00,16,0,25
5,30,안양시청,2026-09-07 02:00:00,16,0,25
5,30,안양시청,2026-09-07 04:00:00,16,0,25
5,30,안양시청,2026-09-07 06:00:00,16,0,25
5,30,안양시청,2026-09-07 08:00:00,9,0,25
5,30,안양시청,2026-09-07 10:00:00,3,0,25
5,30,안양시청,2026-09-07 18:00:00,9,0,25
5,30,안양시청,2026-09-07 20:00:00,15,0,25
5,30,안양시청,2026-09-07 22:00:00,15,0,25
5,30,석수역,2026-09-07 00:00:00,1,0,5
5,30,석수역,2026-09-07 02:00:00,1,0,5
5,30,석수역,2026-09-07 04:00:00,1,0,5
5,30,범계역,2026-09-07 00:00:00,11,0,25
5,30,범계역,2026-09-07 02:00:00,11,0,25
5,30,범계역,2026-09-07 04:00:00,11,0,25
5,30,범계역,2026-09-07 06:00:00,11,0,25
5,30,범계역,2026-09-07 08:00:00,6,0,25
5,30,범계역,2026-09-07 10:00:00,3,0,25
5,30,범계역,2026-09-07 16:00:00,1,0,25
5,30,범계역,2026-09-07 18:00:00,6,0,25
5,30,범계역,2026-09-07 20:00:00,11,0,25
5,30,범계역,2026-09-07 22:00:00,11,0,25
5,30,안양역,2026-09-07 00:00:00,4,0,11
5,30,안양역,2026-09-07 02:00:00,4,0,11
5,30,안양역,2026-09-07 04:00:00,3,0,11
5,30,안양역,2026-09-07 06:00:00,3,0,11
5,30,안양역,2026-09-07 08:00:00,2,0,11
5,30,안양역,2026-09-07 16:00:00,1,0,11
5,30,안양역,2026-09-07 18:00:00,2,0,11
5,30,안양역,2026-09-07 20:00:00,2,0,11
5,30,안양역,2026-09-07 22:00:00,4,0,11
5,30,평촌역,2026-09-07 00:00:00,16,0,24
5,30,평촌역,2026-09-07 02:00:00,16,0,24
5,30,평촌역,2026-09-07 04:00:00,16,0,24
5,30,평촌역,2026-09-07 06:00:00,16,0,24
5,30,평촌역,2026-09-07 08:00:00,9,0,24
5,30,평촌역,2026-09-07 10:00:00,3,0,24
5,30,평촌역,2026-09-07 18:00:00,9,0,24
5,30,평촌역,2026-09-07 20:00:00,15,0,24
5,30,평촌역,2026-09-07 22:00:00,15,0,24
5,30,인덕원역,2026-09-07 00:00:00,4,0,7
5,30,인덕원역,2026-09-07 02:00:00,4,0,7
5,30,인덕원역,2026-09-07 04:00:00,4,0,7
5,30,인덕원역,2026-09-07 06:00:00,4,0,7
5,30,인덕원역,2026-09-07 08:00:00,2,0,7
5,30,인덕원역,2026-09-07 18:00:00,2,0,7
5,30,인덕원역,2026-09-07 20:00:00,3,0,7
5,30,인덕원역,2026-09-07 22:00:00,3,0,7
5,60,안양시청,2026-09-07 00:00:00,16,0,25
5,60,안양시청,2026-09-07 02:00:00,16,0,25
5,60,안양시청,2026-09-07 04:00:00,16,0,25
5,60,안양시청,2026-09-07 06:00:00,16,0,25
5,60,안양시청,2026-09-07 08:00:00,12,0,25
5,60,안양시청,2026-09-07 10:00:00,3,0,25
5,60,안양시청,2026-09-07 18:00:00,12,0,25
5,60,안양시청,2026-09-07 20:00:00,15,0,25
5,60,안양시청,2026-09-07 22:00:00,16,0,25
5,60,석수역,2026-09-07 00:00:00,1,0,5
5,60,석수역,2026-09-07 02:00:00,1,0,5
5,60,석수역,2026-09-07 04:00:00,1,0,5
5,60,석수역,2026-09-07 22:00:00,1,0,5
5,60,범계역,2026-09-07 00:00:00,11,0,25
5,60,범계역,2026-09-07 02:00:00,11,0,25
5,60,범계역,2026-09-07 04:00:00,11,0,25
5,60,범계역,2026-09-07 06:00:00,11,0,25
5,60,범계역,2026-09-07 08:00:00,7,0,25
5,60,범계역,2026-09-07 10:00:00,3,0,25
5,60,범계역,2026-09-07 16:00:00,1,0,25
5,60,범계역,2026-09-07 18:00:00,8,0,25
5,60,범계역,2026-09-07 20:00:00,11,0,25
5,60,범계역,2026-09-07 22:00:00,11,0,25
5,60,안양역,2026-09-07 00:00:00,4,0,11
5,60,안양역,2026-09-07 02:00:00,4,0,11
5,60,안양역,2026-09-07 04:00:00,4,0,11
5,60,안양역,2026-09-07 06:00:00,3,0,11
5,60,안양역,2026-09-07 08:00:00,2,0,11
5,60,안양역,2026-09-07 14:00:00,1,0,11
5,60,안양역,2026-09-07 16:00:00,2,0,11
5,60,안양역,2026-09-07 18:00:00,2,0,11
5,60,안양역,2026-09-07 20:00:00,4,0,11
5,60,안양역,2026-09-07 22:00:00,4,0,11
5,60,평촌역,2026-09-07 00:00:00,16,0,24
5,60,평촌역,2026-09-07 02:00:00,16,0,24
5,60,평촌역,2026-09-07 04:00:00,16,0,24
5,60,평촌역,2026-09-07 06:00:00,16,0,24
5,60,평촌역,2026-09-07 08:00:00,12,0,24
5,60,평촌역,2026-09-07 10:00:00,3,0,24
5,60,평촌역,2026-09-07 18:00:00,12,0,24
5,60,평촌역,2026-09-07 20:00:00,15,0,24
5,60,평촌역,2026-09-07 22:00:00,16,0,24
5,60,인덕원역,2026-09-07 00:00:00,4,0,7
5,60,인덕원역,2026-09-07 02:00:00,4,0,7
5,60,인덕원역,2026-09-07 04:00:00,4,0,7
5,60,인덕원역,2026-09-07 06:00:00,4,0,7
5,60,인덕원역,2026-09-07 08:00:00,3,0,7
5,60,인덕원역,2026-09-07 18:00:00,3,0,7
5,60,인덕원역,2026-09-07 20:00:00,3,0,7
5,60,인덕원역,2026-09-07 22:00:00,4,0,7
5,120,안양시청,2026-09-07 00:00:00,16,0,25
5,120,안양시청,2026-09-07 02:00:00,16,0,25
5,120,안양시청,2026-09-07 04:00:00,16,0,25
5,120,안양시청,2026-09-07 06:00:00,16,0,25
5,120,안양시청,2026-09-07 08:00:00,10,0,25
5,120,안양시청,2026-09-07 10:00:00,3,0,25
5,120,안양시청,2026-09-07 16:00:00,9,0,25
5,120,안양시청,2026-09-07 18:00:00,15,0,25
5,120,안양시청,2026-09-07 20:00:00,15,0,25
5,120,안양시청,2026-09-07 22:00:00,25,0,25
5,120,석수역,2026-09-07 00:00:00,1,0,5
5,120,석수역,2026-09-07 02:00:00,1,0,5
5,120,석수역,2026-09-07 04:00:00,1,0,5
5,120,석수역,2026-09-07 22:00:00,5,0,5
5,120,범계역,2026-09-07 00:00:00,11,0,25
5,120,범계역,2026-09-07 02:00:00,11,0,25
5,120,범계역,2026-09-07 04:00:00,11,0,25
5,120,범계역,2026-09-07 06:00:00,11,0,25
5,120,범계역,2026-09-07 08:00:00,7,0,25
5,120,범계역,2026-09-07 10:00:00,3,0,25
5,120,범계역,2026-09-07 14:00:00,1,0,25
5,120,범계역,2026-09-07 16:00:00,6,0,25
5,120,범계역,2026-09-07 18:00:00,11,0,25
5,120,범계역,2026-09-07 20:00:00,11,0,25
5,120,범계역,2026-09-07 22:00:00,25,0,25
5,120,안양역,2026-09-07 00:00:00,4,0,11
5,120,안양역,2026-09-07 02:00:00,4,0,11
5,120,안양역,2026-09-07 04:00:00,3,0,11
5,120,안양역,2026-09-07 06:00:00,3,0,11
5,120,안양역,2026-09-07 08:00:00,2,0,11
5,120,안양역,2026-09-07 14:00:00,1,0,11
5,120,안양역,2026-09-07 16:00:00,2,0,11
5,120,안양역,2026-09-07 18:00:00,2,0,11
5,120,안양역,2026-09-07 20:00:00,4,0,11
5,120,안양역,2026-09-07 22:00:00,11,0,11
5,120,평촌역,2026-09-07 00:00:00,16,0,24
5,120,평촌역,2026-09-07 02:00:00,16,0,24
5,120,평촌역,2026-09-07 04:00:00,16,0,24
5,120,평촌역,2026-09-07 06:00:00,16,0,24
5,120,평촌역,2026-09-07 08:00:00,10,0,24
5,120,평촌역,2026-09-07 10:00:00,3,0,24
5,120,평촌역,2026-09-07 16:00:00,9,0,24
5,120,평촌역,2026-09-07 18:00:00,15,0,24
5,120,평촌역,2026-09-07 20:00:00,15,0,24
5,120,평촌역,2026-09-07 22:00:00,24,0,24
5,120,인덕원역,2026-09-07 00:00:00,4,0,7
5,120,인덕원역,2026-09-07 02:00:00,4,0,7
5,120,인덕원역,2026-09-07 04:00:00,4,0,7
5,120,인덕원역,2026-09-07 06:00:00,4,0,7
5,120,인덕원역,2026-09-07 08:00:00,2,0,7
5,120,인덕원역,2026-09-07 16:00:00,2,0,7
5,120,인덕원역,2026-09-07 18:00:00,3,0,7
5,120,인덕원역,2026-09-07 20:00:00,3,0,7
5,120,인덕원역,2026-09-07 22:00:00,7,0,7
5,180,안양시청,2026-09-07 00:00:00,16,0,25
5,180,안양시청,2026-09-07 02:00:00,16,0,25
5,180,안양시청,2026-09-07 04:00:00,16,0,25
5,180,안양시청,2026-09-07 06:00:00,16,0,25
5,180,안양시청,2026-09-07 08:00:00,9,0,25
5,180,안양시청,2026-09-07 10:00:00,3,0,25
5,180,안양시청,2026-09-07 16:00:00,12,0,25
5,180,안양시청,2026-09-07 18:00:00,15,0,25
5,180,안양시청,2026-09-07 20:00:00,16,0,25
5,180,안양시청,2026-09-07 22:00:00,25,0,25
5,180,석수역,2026-09-07 00:00:00,1,0,5
5,180,석수역,2026-09-07 02:00:00,1,0,5
5,180,석수역,2026-09-07 04:00:00,1,0,5
5,180,석수역,2026-09-07 20:00:00,1,0,5
5,180,석수역,2026-09-07 22:00:00,5,0,5
5,180,범계역,2026-09-07 00:00:00,11,0,25
5,180,범계역,2026-09-07 02:00:00,11,0,25
5,180,범계역,2026-09-07 04:00:00,11,0,25
5,180,범계역,2026-09-07 06:00:00,11,0,25
5,180,범계역,2026-09-07 08:00:00,6,0,25
5,180,범계역,2026-09-07 10:00:00,3,0,25
5,180,범계역,2026-09-07 14:00:00,1,0,25
5,180,범계역,2026-09-07 16:00:00,8,0,25
5,180,범계역,2026-09-07 18:00:00,11,0,25
5,180,범계역,2026-09-07 20:00:00,11,0,25
5,180,범계역,2026-09-07 22:00:00,25,0,25
5,180,안양역,2026-09-07 00:00:00,4,0,11
5,180,안양역,2026-09-07 02:00:00,5,0,11
5,180,안양역,2026-09-07 04:00:00,3,0,11
5,180,안양역,2026-09-07 06:00:00,3,0,11
5,180,안양역,2026-09-07 08:00:00,2,0,11
5,180,안양역,2026-09-07 12:00:00,1,0,11
5,180,안양역,2026-09-07 14:00:00,2,0,11
5,180,안양역,2026-09-07 16:00:00,2,0,11
5,180,안양역,2026-09-07 18:00:00,4,0,11
5,180,안양역,2026-09-07 20:00:00,4,0,11
5,180,안양역,2026-09-07 22:00:00,11,0,11
5,180,평촌역,2026-09-07 00:00:00,16,0,24
5,180,평촌역,2026-09-07 02:00:00,16,0,24
5,180,평촌역,2026-09-07 04:00:00,16,0,24
5,180,평촌역,2026-09-07 06:00:00,16,0,24
5,180,평촌역,2026-09-07 08:00:00,9,0,24
5,180,평촌역,2026-09-07 10:00:00,3,0,24
5,180,평촌역,2026-09-07 16:00:00,12,0,24
5,180,평촌역,2026-09-07 18:00:00,15,0,24
5,180,평촌역,2026-09-07 20:00:00,16,0,24
5,180,평촌역,2026-09-07 22:00:00,24,0,24
5,180,인덕원역,2026-09-07 00:00:00,4,0,7
5,180,인덕원역,2026-09-07 02:00:00,4,0,7
5,180,인덕원역,2026-09-07 04:00:00,4,0,7
5,180,인덕원역,2026-09-07 06:00:00,4,0,7
5,180,인덕원역,2026-09-07 08:00:00,2,0,7
5,180,인덕원역,2026-09-07 16:00:00,3,0,7
5,180,인덕원역,2026-09-07 18:00:00,3,0,7
5,180,인덕원역,2026-09-07 20:00:00,4,0,7
5,180,인덕원역,2026-09-07 22:00:00,7,0,7
5,240,안양시청,2026-09-07 00:00:00,16,0,25
5,240,안양시청,2026-09-07 02:00:00,16,0,25
5,240,안양시청,2026-09-07 04:00:00,16,0,25
5,240,안양시청,2026-09-07 06:00:00,16,0,25
5,240,안양시청,2026-09-07 08:00:00,9,0,25
5,240,안양시청,2026-09-07 10:00:00,3,0,25
5,240,안양시청,2026-09-07 14:00:00,9,0,25
5,240,안양시청,2026-09-07 16:00:00,15,0,25
5,240,안양시청,2026-09-07 18:00:00,15,0,25
5,240,안양시청,2026-09-07 20:00:00,25,0,25
5,240,안양시청,2026-09-07 22:00:00,25,0,25
5,240,석수역,2026-09-07 00:00:00,1,0,5
5,240,석수역,2026-09-07 02:00:00,1,0,5
5,240,석수역,2026-09-07 04:00:00,1,0,5
5,240,석수역,2026-09-07 20:00:00,5,0,5
5,240,석수역,2026-09-07 22:00:00,5,0,5
5,240,범계역,2026-09-07 00:00:00,11,0,25
5,240,범계역,2026-09-07 02:00:00,11,0,25
5,240,범계역,2026-09-07 04:00:00,11,0,25
5,240,범계역,2026-09-07 06:00:00,11,0,25
5,240,범계역,2026-09-07 08:00:00,6,0,25
5,240,범계역,2026-09-07 10:00:00,3,0,25
5,240,범계역,2026-09-07 12:00:00,1,0,25
5,240,범계역,2026-09-07 14:00:00,6,0,25
5,240,범계역,2026-09-07 16:00:00,11,0,25
5,240,범계역,2026-09-07 18:00:00,11,0,25
5,240,범계역,2026-09-07 20:00:00,25,0,25
5,240,범계역,2026-09-07 22:00:00,25,0,25
5,240,안양역,2026-09-07 00:00:00,4,0,11
5,240,안양역,2026-09-07 02:00:00,4,0,11
5,240,안양역,2026-09-07 04:00:00,3,0,11
5,240,안양역,2026-09-07 06:00:00,3,0,11
5,240,안양역,2026-09-07 08:00:00,2,0,11
5,240,안양역,2026-09-07 12:00:00,1,0,11
5,240,안양역,2026-09-07 14:00:00,2,0,11
5,240,안양역,2026-09-07 16:00:00,2,0,11
5,240,안양역,2026-09-07 18:00:00,4,0,11
5,240,안양역,2026-09-07 20:00:00,11,0,11
5,240,안양역,2026-09-07 22:00:00,11,0,11
5,240,평촌역,2026-09-07 00:00:00,16,0,24
5,240,평촌역,2026-09-07 02:00:00,16,0,24
5,240,평촌역,2026-09-07 04:00:00,16,0,24
5,240,평촌역,2026-09-07 06:00:00,16,0,24
5,240,평촌역,2026-09-07 08:00:00,9,0,24
5,240,평촌역,2026-09-07 10:00:00,3,0,24
5,240,평촌역,2026-09-07 14:00:00,9,0,24
5,240,평촌역,2026-09-07 16:00:00,15,0,24
5,240,평촌역,2026-09-07 18:00:00,15,0,24
5,240,평촌역,2026-09-07 20:00:00,24,0,24
5,240,평촌역,2026-09-07 22:00:00,24,0,24
5,240,인덕원역,2026-09-07 00:00:00,4,0,7
5,240,인덕원역,2026-09-07 02:00:00,4,0,7
5,240,인덕원역,2026-09-07 04:00:00,4,0,7
5,240,인덕원역,2026-09-07 06:00:00,4,0,7
5,240,인덕원역,2026-09-07 08:00:00,2,0,7
5,240,인덕원역,2026-09-07 14:00:00,2,0,7
5,240,인덕원역,2026-09-07 16:00:00,3,0,7
5,240,인덕원역,2026-09-07 18:00:00,3,0,7
5,240,인덕원역,2026-09-07 20:00:00,7,0,7
5,240,인덕원역,2026-09-07 22:00:00,7,0,7
5,360,안양시청,2026-09-07 00:00:00,16,0,25
5,360,안양시청,2026-09-07 02:00:00,16,0,25
5,360,안양시청,2026-09-07 04:00:00,16,0,25
5,360,안양시청,2026-09-07 06:00:00,16,0,25
5,360,안양시청,2026-09-07 08:00:00,9,0,25
5,360,안양시청,2026-09-07 10:00:00,3,0,25
5,360,안양시청,2026-09-07 12:00:00,9,0,25
5,360,안양시청,2026-09-07 14:00:00,15,0,25
5,360,안양시청,2026-09-07 16:00:00,15,0,25
5,360,안양시청,2026-09-07 18:00:00,25,0,25
5,360,안양시청,2026-09-07 20:00:00,25,0,25
5,360,안양시청,2026-09-07 22:00:00,25,0,25
5,360,석수역,2026-09-07 00:00:00,1,0,5
5,360,석수역,2026-09-07 02:00:00,1,0,5
5,360,석수역,2026-09-07 04:00:00,1,0,5
5,360,석수역,2026-09-07 18:00:00,5,0,5
5,360,석수역,2026-09-07 20:00:00,5,0,5
5,360,석수역,2026-09-07 22:00:00,5,0,5
5,360,범계역,2026-09-07 00:00:00,11,0,25
5,360,범계역,2026-09-07 02:00:00,11,0,25
5,360,범계역,2026-09-07 04:00:00,11,0,25
5,360,범계역,2026-09-07 06:00:00,11,0,25
5,360,범계역,2026-09-07 08:00:00,6,0,25
5,360,범계역,2026-09-07 10:00:00,4,0,25
5,360,범계역,2026-09-07 12:00:00,6,0,25
5,360,범계역,2026-09-07 14:00:00,11,0,25
5,360,범계역,2026-09-07 16:00:00,11,0,25
5,360,범계역,2026-09-07 18:00:00,25,0,25
5,360,범계역,2026-09-07 20:00:00,25,0,25
5,360,범계역,2026-09-07 22:00:00,25,0,25
5,360,안양역,2026-09-07 00:00:00,4,0,11
5,360,안양역,2026-09-07 02:00:00,4,0,11
5,360,안양역,2026-09-07 04:00:00,3,0,11
5,360,안양역,2026-09-07 06:00:00,3,0,11
5,360,안양역,2026-09-07 08:00:00,2,0,11
5,360,안양역,2026-09-07 10:00:00,1,0,11
5,360,안양역,2026-09-07 12:00:00,2,0,11
5,360,안양역,2026-09-07 14:00:00,2,0,11
5,360,안양역,2026-09-07 16:00:00,4,0,11
5,360,안양역,2026-09-07 18:00:00,11,0,11
5,360,안양역,2026-09-07 20:00:00,11,0,11
5,360,안양역,2026-09-07 22:00:00,11,0,11
5,360,평촌역,2026-09-07 00:00:00,16,0,24
5,360,평촌역,2026-09-07 02:00:00,16,0,24
5,360,평촌역,2026-09-07 04:00:00,16,0,24
5,360,평촌역,2026-09-07 06:00:00,16,0,24
5,360,평촌역,2026-09-07 08:00:00,9,0,24
5,360,평촌역,2026-09-07 10:00:00,3,0,24
5,360,평촌역,2026-09-07 12:00:00,9,0,24
5,360,평촌역,2026-09-07 14:00:00,15,0,24
5,360,평촌역,2026-09-07 16:00:00,15,0,24
5,360,평촌역,2026-09-07 18:00:00,24,0,24
5,360,평촌역,2026-09-07 20:00:00,24,0,24
5,360,평촌역,2026-09-07 22:00:00,24,0,24
5,360,인덕원역,2026-09-07 00:00:00,4,0,7
5,360,인덕원역,2026-09-07 02:00:00,4,0,7
5,360,인덕원역,2026-09-07 04:00:00,4,0,7
5,360,인덕원역,2026-09-07 06:00:00,4,0,7
5,360,인덕원역,2026-09-07 08:00:00,2,0,7
5,360,인덕원역,2026-09-07 12:00:00,2,0,7
5,360,인덕원역,2026-09-07 14:00:00,3,0,7
5,360,인덕원역,2026-09-07 16:00:00,3,0,7
5,360,인덕원역,2026-09-07 18:00:00,7,0,7
5,360,인덕원역,2026-09-07 20:00:00,7,0,7
5,360,인덕원역,2026-09-07 22:00:00,7,0,7
6,15,안양시청,2026-09-08 00:00:00,16,0,25
6,15,안양시청,2026-09-08 02:00:00,16,0,25
6,15,안양시청,2026-09-08 04:00:00,16,0,25
6,15,안양시청,2026-09-08 06:00:00,16,0,25
6,15,안양시청,2026-09-08 08:00:00,9,0,25
6,15,안양시청,2026-09-08 10:00:00,3,0,25
6,15,안양시청,2026-09-08 18:00:00,9,0,25
6,15,안양시청,2026-09-08 20:00:00,15,0,25
6,15,안양시청,2026-09-08 22:00:00,15,0,25
6,15,석수역,2026-09-08 00:00:00,1,0,5
6,15,석수역,2026-09-08 02:00:00,1,0,5
6,15,석수역,2026-09-08 04:00:00,1,0,5
6,15,범계역,2026-09-08 00:00:00,11,0,25
6,15,범계역,2026-09-08 02:00:00,11,0,25
6,15,범계역,2026-09-08 04:00:00,11,0,25
6,15,범계역,2026-09-08 06:00:00,11,0,25
6,15,범계역,2026-09-08 08:00:00,6,0,25
6,15,범계역,2026-09-08 10:00:00,3,0,25
6,15,범계역,2026-09-08 16:00:00,1,0,25
6,15,범계역,2026-09-08 18:00:00,6,0,25
6,15,범계역,2026-09-08 20:00:00,11,0,25
6,15,범계역,2026-09-08 22:00:00,11,0,25
6,15,안양역,2026-09-08 00:00:00,4,0,11
6,15,안양역,2026-09-08 02:00:00,4,0,11
6,15,안양역,2026-09-08 04:00:00,3,0,11
6,15,안양역,2026-09-08 06:00:00,3,0,11
6,15,안양역,2026-09-08 08:00:00,2,0,11
6,15,안양역,2026-09-08 16:00:00,1,0,11
6,15,안양역,2026-09-08 18:00:00,2,0,11
6,15,안양역,2026-09-08 20:00:00,2,0,11
6,15,안양역,2026-09-08 22:00:00,4,0,11
6,15,평촌역,2026-09-08 00:00:00,16,0,24
6,15,평촌역,2026-09-08 02:00:00,16,0,24
6,15,평촌역,2026-09-08 04:00:00,16,0,24
6,15,평촌역,2026-09-08 06:00:00,16,0,24
6,15,평촌역,2026-09-08 08:00:00,9,0,24
6,15,평촌역,2026-09-08 10:00:00,3,0,24
6,15,평촌역,2026-09-08 18:00:00,9,0,24
6,15,평촌역,2026-09-08 20:00:00,15,0,24
6,15,평촌역,2026-09-08 22:00:00,15,0,24
6,15,인덕원역,2026-09-08 00:00:00,4,0,7
6,15,인덕원역,2026-09-08 02:00:00,4,0,7
6,15,인덕원역,2026-09-08 04:00:00,4,0,7
6,15,인덕원역,2026-09-08 06:00:00,4,0,7
6,15,인덕원역,2026-09-08 08:00:00,2,0,7
6,15,인덕원역,2026-09-08 18:00:00,2,0,7
6,15,인덕원역,2026-09-08 20:00:00,3,0,7
6,15,인덕원역,2026-09-08 22:00:00,3,0,7
6,30,안양시청,2026-09-08 00:00:00,16,0,25
6,30,안양시청,2026-09-08 02:00:00,16,0,25
6,30,안양시청,2026-09-08 04:00:00,16,0,25
6,30,안양시청,2026-09-08 06:00:00,16,0,25
6,30,안양시청,2026-09-08 08:00:00,9,0,25
6,30,안양시청,2026-09-08 10:00:00,3,0,25
6,30,안양시청,2026-09-08 18:00:00,9,0,25
6,30,안양시청,2026-09-08 20:00:00,15,0,25
6,30,안양시청,2026-09-08 22:00:00,15,0,25
6,30,석수역,2026-09-08 00:00:00,1,0,5
6,30,석수역,2026-09-08 02:00:00,1,0,5
6,30,석수역,2026-09-08 04:00:00,1,0,5
6,30,범계역,2026-09-08 00:00:00,11,0,25
6,30,범계역,2026-09-08 02:00:00,11,0,25
6,30,범계역,2026-09-08 04:00:00,11,0,25
6,30,범계역,2026-09-08 06:00:00,11,0,25
6,30,범계역,2026-09-08 08:00:00,6,0,25
6,30,범계역,2026-09-08 10:00:00,3,0,25
6,30,범계역,2026-09-08 16:00:00,1,0,25
6,30,범계역,2026-09-08 18:00:00,6,0,25
6,30,범계역,2026-09-08 20:00:00,11,0,25
6,30,범계역,2026-09-08 22:00:00,11,0,25
6,30,안양역,2026-09-08 00:00:00,4,0,11
6,30,안양역,2026-09-08 02:00:00,4,0,11
6,30,안양역,2026-09-08 04:00:00,3,0,11
6,30,안양역,2026-09-08 06:00:00,3,0,11
6,30,안양역,2026-09-08 08:00:00,2,0,11
6,30,안양역,2026-09-08 16:00:00,1,0,11
6,30,안양역,2026-09-08 18:00:00,2,0,11
6,30,안양역,2026-09-08 20:00:00,2,0,11
6,30,안양역,2026-09-08 22:00:00,4,0,11
6,30,평촌역,2026-09-08 00:00:00,16,0,24
6,30,평촌역,2026-09-08 02:00:00,16,0,24
6,30,평촌역,2026-09-08 04:00:00,16,0,24
6,30,평촌역,2026-09-08 06:00:00,16,0,24
6,30,평촌역,2026-09-08 08:00:00,9,0,24
6,30,평촌역,2026-09-08 10:00:00,3,0,24
6,30,평촌역,2026-09-08 18:00:00,9,0,24
6,30,평촌역,2026-09-08 20:00:00,15,0,24
6,30,평촌역,2026-09-08 22:00:00,15,0,24
6,30,인덕원역,2026-09-08 00:00:00,4,0,7
6,30,인덕원역,2026-09-08 02:00:00,4,0,7
6,30,인덕원역,2026-09-08 04:00:00,4,0,7
6,30,인덕원역,2026-09-08 06:00:00,4,0,7
6,30,인덕원역,2026-09-08 08:00:00,2,0,7
6,30,인덕원역,2026-09-08 18:00:00,2,0,7
6,30,인덕원역,2026-09-08 20:00:00,3,0,7
6,30,인덕원역,2026-09-08 22:00:00,3,0,7
6,60,안양시청,2026-09-08 00:00:00,16,0,25
6,60,안양시청,2026-09-08 02:00:00,16,0,25
6,60,안양시청,2026-09-08 04:00:00,16,0,25
6,60,안양시청,2026-09-08 06:00:00,16,0,25
6,60,안양시청,2026-09-08 08:00:00,12,0,25
6,60,안양시청,2026-09-08 10:00:00,3,0,25
6,60,안양시청,2026-09-08 18:00:00,12,0,25
6,60,안양시청,2026-09-08 20:00:00,15,0,25
6,60,안양시청,2026-09-08 22:00:00,16,0,25
6,60,석수역,2026-09-08 00:00:00,1,0,5
6,60,석수역,2026-09-08 02:00:00,1,0,5
6,60,석수역,2026-09-08 04:00:00,1,0,5
6,60,석수역,2026-09-08 22:00:00,1,0,5
6,60,범계역,2026-09-08 00:00:00,11,0,25
6,60,범계역,2026-09-08 02:00:00,11,0,25
6,60,범계역,2026-09-08 04:00:00,11,0,25
6,60,범계역,2026-09-08 06:00:00,11,0,25
6,60,범계역,2026-09-08 08:00:00,7,0,25
6,60,범계역,2026-09-08 10:00:00,3,0,25
6,60,범계역,2026-09-08 16:00:00,1,0,25
6,60,범계역,2026-09-08 18:00:00,8,0,25
6,60,범계역,2026-09-08 20:00:00,11,0,25
6,60,범계역,2026-09-08 22:00:00,11,0,25
6,60,안양역,2026-09-08 00:00:00,4,0,11
6,60,안양역,2026-09-08 02:00:00,4,0,11
6,60,안양역,2026-09-08 04:00:00,4,0,11
6,60,안양역,2026-09-08 06:00:00,3,0,11
6,60,안양역,2026-09-08 08:00:00,2,0,11
6,60,안양역,2026-09-08 14:00:00,1,0,11
6,60,안양역,2026-09-08 16:00:00,2,0,11
6,60,안양역,2026-09-08 18:00:00,2,0,11
6,60,안양역,2026-09-08 20:00:00,4,0,11
6,60,안양역,2026-09-08 22:00:00,4,0,11
6,60,평촌역,2026-09-08 00:00:00,16,0,24
6,60,평촌역,2026-09-08 02:00:00,16,0,24
6,60,평촌역,2026-09-08 04:00:00,16,0,24
6,60,평촌역,2026-09-08 06:00:00,16,0,24
6,60,평촌역,2026-09-08 08:00:00,12,0,24
6,60,평촌역,2026-09-08 10:00:00,3,0,24
6,60,평촌역,2026-09-08 18:00:00,12,0,24
6,60,평촌역,2026-09-08 20:00:00,15,0,24
6,60,평촌역,2026-09-08 22:00:00,16,0,24
6,60,인덕원역,2026-09-08 00:00:00,4,0,7
6,60,인덕원역,2026-09-08 02:00:00,4,0,7
6,60,인덕원역,2026-09-08 04:00:00,4,0,7
6,60,인덕원역,2026-09-08 06:00:00,4,0,7
6,60,인덕원역,2026-09-08 08:00:00,3,0,7
6,60,인덕원역,2026-09-08 18:00:00,3,0,7
6,60,인덕원역,2026-09-08 20:00:00,3,0,7
6,60,인덕원역,2026-09-08 22:00:00,4,0,7
6,120,안양시청,2026-09-08 00:00:00,16,0,25
6,120,안양시청,2026-09-08 02:00:00,16,0,25
6,120,안양시청,2026-09-08 04:00:00,16,0,25
6,120,안양시청,2026-09-08 06:00:00,16,0,25
6,120,안양시청,2026-09-08 08:00:00,10,0,25
6,120,안양시청,2026-09-08 10:00:00,3,0,25
6,120,안양시청,2026-09-08 16:00:00,9,0,25
6,120,안양시청,2026-09-08 18:00:00,15,0,25
6,120,안양시청,2026-09-08 20:00:00,15,0,25
6,120,안양시청,2026-09-08 22:00:00,25,0,25
6,120,석수역,2026-09-08 00:00:00,1,0,5
6,120,석수역,2026-09-08 02:00:00,1,0,5
6,120,석수역,2026-09-08 04:00:00,1,0,5
6,120,석수역,2026-09-08 22:00:00,5,0,5
6,120,범계역,2026-09-08 00:00:00,11,0,25
6,120,범계역,2026-09-08 02:00:00,11,0,25
6,120,범계역,2026-09-08 04:00:00,11,0,25
6,120,범계역,2026-09-08 06:00:00,11,0,25
6,120,범계역,2026-09-08 08:00:00,7,0,25
6,120,범계역,2026-09-08 10:00:00,3,0,25
6,120,범계역,2026-09-08 14:00:00,1,0,25
6,120,범계역,2026-09-08 16:00:00,6,0,25
6,120,범계역,2026-09-08 18:00:00,11,0,25
6,120,범계역,2026-09-08 20:00:00,11,0,25
6,120,범계역,2026-09-08 22:00:00,25,0,25
6,120,안양역,2026-09-08 00:00:00,4,0,11
6,120,안양역,2026-09-08 02:00:00,4,0,11
6,120,안양역,2026-09-08 04:00:00,3,0,11
6,120,안양역,2026-09-08 06:00:00,3,0,11
6,120,안양역,2026-09-08 08:00:00,2,0,11
6,120,안양역,2026-09-08 14:00:00,1,0,11
6,120,안양역,2026-09-08 16:00:00,2,0,11
6,120,안양역,2026-09-08 18:00:00,2,0,11
6,120,안양역,2026-09-08 20:00:00,4,0,11
6,120,안양역,2026-09-08 22:00:00,11,0,11
6,120,평촌역,2026-09-08 00:00:00,16,0,24
6,120,평촌역,2026-09-08 02:00:00,16,0,24
6,120,평촌역,2026-09-08 04:00:00,16,0,24
6,120,평촌역,2026-09-08 06:00:00,16,0,24
6,120,평촌역,2026-09-08 08:00:00,10,0,24
6,120,평촌역,2026-09-08 10:00:00,3,0,24
6,120,평촌역,2026-09-08 16:00:00,9,0,24
6,120,평촌역,2026-09-08 18:00:00,15,0,24
6,120,평촌역,2026-09-08 20:00:00,15,0,24
6,120,평촌역,2026-09-08 22:00:00,24,0,24
6,120,인덕원역,2026-09-08 00:00:00,4,0,7
6,120,인덕원역,2026-09-08 02:00:00,4,0,7
6,120,인덕원역,2026-09-08 04:00:00,4,0,7
6,120,인덕원역,2026-09-08 06:00:00,4,0,7
6,120,인덕원역,2026-09-08 08:00:00,2,0,7
6,120,인덕원역,2026-09-08 16:00:00,2,0,7
6,120,인덕원역,2026-09-08 18:00:00,3,0,7
6,120,인덕원역,2026-09-08 20:00:00,3,0,7
6,120,인덕원역,2026-09-08 22:00:00,7,0,7
6,180,안양시청,2026-09-08 00:00:00,16,0,25
6,180,안양시청,2026-09-08 02:00:00,16,0,25
6,180,안양시청,2026-09-08 04:00:00,16,0,25
6,180,안양시청,2026-09-08 06:00:00,16,0,25
6,180,안양시청,2026-09-08 08:00:00,9,0,25
6,180,안양시청,2026-09-08 10:00:00,3,0,25
6,180,안양시청,2026-09-08 16:00:00,12,0,25
6,180,안양시청,2026-09-08 18:00:00,15,0,25
6,180,안양시청,2026-09-08 20:00:00,16,0,25
6,180,안양시청,2026-09-08 22:00:00,25,0,25
6,180,석수역,2026-09-08 00:00:00,1,0,5
6,180,석수역,2026-09-08 02:00:00,1,0,5
6,180,석수역,2026-09-08 04:00:00,1,0,5
6,180,석수역,2026-09-08 20:00:00,1,0,5
6,180,석수역,2026-09-08 22:00:00,5,0,5
6,180,범계역,2026-09-08 00:00:00,11,0,25
6,180,범계역,2026-09-08 02:00:00,11,0,25
6,180,범계역,2026-09-08 04:00:00,11,0,25
6,180,범계역,2026-09-08 06:00:00,11,0,25
6,180,범계역,2026-09-08 08:00:00,6,0,25
6,180,범계역,2026-09-08 10:00:00,3,0,25
6,180,범계역,2026-09-08 14:00:00,1,0,25
6,180,범계역,2026-09-08 16:00:00,8,0,25
6,180,범계역,2026-09-08 18:00:00,11,0,25
6,180,범계역,2026-09-08 20:00:00,11,0,25
6,180,범계역,2026-09-08 22:00:00,25,0,25
6,180,안양역,2026-09-08 00:00:00,4,0,11
6,180,안양역,2026-09-08 02:00:00,5,0,11
6,180,안양역,2026-09-08 04:00:00,3,0,11
6,180,안양역,2026-09-08 06:00:00,3,0,11
6,180,안양역,2026-09-08 08:00:00,2,0,11
6,180,안양역,2026-09-08 12:00:00,1,0,11
6,180,안양역,2026-09-08 14:00:00,2,0,11
6,180,안양역,2026-09-08 16:00:00,2,0,11
6,180,안양역,2026-09-08 18:00:00,4,0,11
6,180,안양역,2026-09-08 20:00:00,4,0,11
6,180,안양역,2026-09-08 22:00:00,11,0,11
6,180,평촌역,2026-09-08 00:00:00,16,0,24
6,180,평촌역,2026-09-08 02:00:00,16,0,24
6,180,평촌역,2026-09-08 04:00:00,16,0,24
6,180,평촌역,2026-09-08 06:00:00,16,0,24
6,180,평촌역,2026-09-08 08:00:00,9,0,24
6,180,평촌역,2026-09-08 10:00:00,3,0,24
6,180,평촌역,2026-09-08 16:00:00,12,0,24
6,180,평촌역,2026-09-08 18:00:00,15,0,24
6,180,평촌역,2026-09-08 20:00:00,16,0,24
6,180,평촌역,2026-09-08 22:00:00,24,0,24
6,180,인덕원역,2026-09-08 00:00:00,4,0,7
6,180,인덕원역,2026-09-08 02:00:00,4,0,7
6,180,인덕원역,2026-09-08 04:00:00,4,0,7
6,180,인덕원역,2026-09-08 06:00:00,4,0,7
6,180,인덕원역,2026-09-08 08:00:00,2,0,7
6,180,인덕원역,2026-09-08 16:00:00,3,0,7
6,180,인덕원역,2026-09-08 18:00:00,3,0,7
6,180,인덕원역,2026-09-08 20:00:00,4,0,7
6,180,인덕원역,2026-09-08 22:00:00,7,0,7
6,240,안양시청,2026-09-08 00:00:00,16,0,25
6,240,안양시청,2026-09-08 02:00:00,16,0,25
6,240,안양시청,2026-09-08 04:00:00,16,0,25
6,240,안양시청,2026-09-08 06:00:00,16,0,25
6,240,안양시청,2026-09-08 08:00:00,9,0,25
6,240,안양시청,2026-09-08 10:00:00,3,0,25
6,240,안양시청,2026-09-08 14:00:00,9,0,25
6,240,안양시청,2026-09-08 16:00:00,15,0,25
6,240,안양시청,2026-09-08 18:00:00,15,0,25
6,240,안양시청,2026-09-08 20:00:00,25,0,25
6,240,안양시청,2026-09-08 22:00:00,25,0,25
6,240,석수역,2026-09-08 00:00:00,1,0,5
6,240,석수역,2026-09-08 02:00:00,1,0,5
6,240,석수역,2026-09-08 04:00:00,1,0,5
6,240,석수역,2026-09-08 20:00:00,5,0,5
6,240,석수역,2026-09-08 22:00:00,5,0,5
6,240,범계역,2026-09-08 00:00:00,11,0,25
6,240,범계역,2026-09-08 02:00:00,11,0,25
6,240,범계역,2026-09-08 04:00:00,11,0,25
6,240,범계역,2026-09-08 06:00:00,11,0,25
6,240,범계역,2026-09-08 08:00:00,6,0,25
6,240,범계역,2026-09-08 10:00:00,3,0,25
6,240,범계역,2026-09-08 12:00:00,1,0,25
6,240,범계역,2026-09-08 14:00:00,6,0,25
6,240,범계역,2026-09-08 16:00:00,11,0,25
6,240,범계역,2026-09-08 18:00:00,11,0,25
6,240,범계역,2026-09-08 20:00:00,25,0,25
6,240,범계역,2026-09-08 22:00:00,25,0,25
6,240,안양역,2026-09-08 00:00:00,4,0,11
6,240,안양역,2026-09-08 02:00:00,4,0,11
6,240,안양역,2026-09-08 04:00:00,3,0,11
6,240,안양역,2026-09-08 06:00:00,3,0,11
6,240,안양역,2026-09-08 08:00:00,2,0,11
6,240,안양역,2026-09-08 12:00:00,1,0,11
6,240,안양역,2026-09-08 14:00:00,2,0,11
6,240,안양역,2026-09-08 16:00:00,2,0,11
6,240,안양역,2026-09-08 18:00:00,4,0,11
6,240,안양역,2026-09-08 20:00:00,11,0,11
6,240,안양역,2026-09-08 22:00:00,11,0,11
6,240,평촌역,2026-09-08 00:00:00,16,0,24
6,240,평촌역,2026-09-08 02:00:00,16,0,24
6,240,평촌역,2026-09-08 04:00:00,16,0,24
6,240,평촌역,2026-09-08 06:00:00,16,0,24
6,240,평촌역,2026-09-08 08:00:00,9,0,24
6,240,평촌역,2026-09-08 10:00:00,3,0,24
6,240,평촌역,2026-09-08 14:00:00,9,0,24
6,240,평촌역,2026-09-08 16:00:00,15,0,24
6,240,평촌역,2026-09-08 18:00:00,15,0,24
6,240,평촌역,2026-09-08 20:00:00,24,0,24
6,240,평촌역,2026-09-08 22:00:00,24,0,24
6,240,인덕원역,2026-09-08 00:00:00,4,0,7
6,240,인덕원역,2026-09-08 02:00:00,4,0,7
6,240,인덕원역,2026-09-08 04:00:00,4,0,7
6,240,인덕원역,2026-09-08 06:00:00,4,0,7
6,240,인덕원역,2026-09-08 08:00:00,2,0,7
6,240,인덕원역,2026-09-08 14:00:00,2,0,7
6,240,인덕원역,2026-09-08 16:00:00,3,0,7
6,240,인덕원역,2026-09-08 18:00:00,3,0,7
6,240,인덕원역,2026-09-08 20:00:00,7,0,7
6,240,인덕원역,2026-09-08 22:00:00,7,0,7
6,360,안양시청,2026-09-08 00:00:00,16,0,25
6,360,안양시청,2026-09-08 02:00:00,16,0,25
6,360,안양시청,2026-09-08 04:00:00,16,0,25
6,360,안양시청,2026-09-08 06:00:00,16,0,25
6,360,안양시청,2026-09-08 08:00:00,9,0,25
6,360,안양시청,2026-09-08 10:00:00,3,0,25
6,360,안양시청,2026-09-08 12:00:00,9,0,25
6,360,안양시청,2026-09-08 14:00:00,15,0,25
6,360,안양시청,2026-09-08 16:00:00,15,0,25
6,360,안양시청,2026-09-08 18:00:00,25,0,25
6,360,안양시청,2026-09-08 20:00:00,25,0,25
6,360,안양시청,2026-09-08 22:00:00,25,0,25
6,360,석수역,2026-09-08 00:00:00,1,0,5
6,360,석수역,2026-09-08 02:00:00,1,0,5
6,360,석수역,2026-09-08 04:00:00,1,0,5
6,360,석수역,2026-09-08 18:00:00,5,0,5
6,360,석수역,2026-09-08 20:00:00,5,0,5
6,360,석수역,2026-09-08 22:00:00,5,0,5
6,360,범계역,2026-09-08 00:00:00,11,0,25
6,360,범계역,2026-09-08 02:00:00,11,0,25
6,360,범계역,2026-09-08 04:00:00,11,0,25
6,360,범계역,2026-09-08 06:00:00,11,0,25
6,360,범계역,2026-09-08 08:00:00,6,0,25
6,360,범계역,2026-09-08 10:00:00,4,0,25
6,360,범계역,2026-09-08 12:00:00,6,0,25
6,360,범계역,2026-09-08 14:00:00,11,0,25
6,360,범계역,2026-09-08 16:00:00,11,0,25
6,360,범계역,2026-09-08 18:00:00,25,0,25
6,360,범계역,2026-09-08 20:00:00,25,0,25
6,360,범계역,2026-09-08 22:00:00,25,0,25
6,360,안양역,2026-09-08 00:00:00,4,0,11
6,360,안양역,2026-09-08 02:00:00,4,0,11
6,360,안양역,2026-09-08 04:00:00,3,0,11
6,360,안양역,2026-09-08 06:00:00,3,0,11
6,360,안양역,2026-09-08 08:00:00,2,0,11
6,360,안양역,2026-09-08 10:00:00,1,0,11
6,360,안양역,2026-09-08 12:00:00,2,0,11
6,360,안양역,2026-09-08 14:00:00,2,0,11
6,360,안양역,2026-09-08 16:00:00,4,0,11
6,360,안양역,2026-09-08 18:00:00,11,0,11
6,360,안양역,2026-09-08 20:00:00,11,0,11
6,360,안양역,2026-09-08 22:00:00,11,0,11
6,360,평촌역,2026-09-08 00:00:00,16,0,24
6,360,평촌역,2026-09-08 02:00:00,16,0,24
6,360,평촌역,2026-09-08 04:00:00,16,0,24
6,360,평촌역,2026-09-08 06:00:00,16,0,24
6,360,평촌역,2026-09-08 08:00:00,9,0,24
6,360,평촌역,2026-09-08 10:00:00,3,0,24
6,360,평촌역,2026-09-08 12:00:00,9,0,24
6,360,평촌역,2026-09-08 14:00:00,15,0,24
6,360,평촌역,2026-09-08 16:00:00,15,0,24
6,360,평촌역,2026-09-08 18:00:00,24,0,24
6,360,평촌역,2026-09-08 20:00:00,24,0,24
6,360,평촌역,2026-09-08 22:00:00,24,0,24
6,360,인덕원역,2026-09-08 00:00:00,4,0,7
6,360,인덕원역,2026-09-08 02:00:00,4,0,7
6,360,인덕원역,2026-09-08 04:00:00,4,0,7
6,360,인덕원역,2026-09-08 06:00:00,4,0,7
6,360,인덕원역,2026-09-08 08:00:00,2,0,7
6,360,인덕원역,2026-09-08 12:00:00,2,0,7
6,360,인덕원역,2026-09-08 14:00:00,3,0,7
6,360,인덕원역,2026-09-08 16:00:00,3,0,7
6,360,인덕원역,2026-09-08 18:00:00,7,0,7
6,360,인덕원역,2026-09-08 20:00:00,7,0,7
6,360,인덕원역,2026-09-08 22:00:00,7,0,7
7,15,안양시청,2026-09-09 00:00:00,5,0,5
7,15,안양시청,2026-09-09 02:00:00,3,0,5
7,15,안양시청,2026-09-09 04:00:00,3,0,5
7,15,안양시청,2026-09-09 06:00:00,3,0,5
7,15,안양시청,2026-09-09 08:00:00,2,0,5
7,15,안양시청,2026-09-09 18:00:00,2,0,5
7,15,안양시청,2026-09-09 20:00:00,2,0,5
7,15,안양시청,2026-09-09 22:00:00,2,0,5
7,15,석수역,2026-09-09 00:00:00,5,0,5
7,15,석수역,2026-09-09 02:00:00,1,0,5
7,15,석수역,2026-09-09 04:00:00,1,0,5
7,15,범계역,2026-09-09 00:00:00,26,0,26
7,15,범계역,2026-09-09 02:00:00,12,0,26
7,15,범계역,2026-09-09 04:00:00,12,0,26
7,15,범계역,2026-09-09 06:00:00,12,0,26
7,15,범계역,2026-09-09 08:00:00,7,0,26
7,15,범계역,2026-09-09 10:00:00,3,0,26
7,15,범계역,2026-09-09 16:00:00,1,0,26
7,15,범계역,2026-09-09 18:00:00,6,0,26
7,15,범계역,2026-09-09 20:00:00,11,0,26
7,15,범계역,2026-09-09 22:00:00,11,0,26
7,15,안양역,2026-09-09 00:00:00,11,0,11
7,15,안양역,2026-09-09 02:00:00,4,0,11
7,15,안양역,2026-09-09 04:00:00,3,0,11
7,15,안양역,2026-09-09 06:00:00,3,0,11
7,15,안양역,2026-09-09 08:00:00,2,0,11
7,15,안양역,2026-09-09 16:00:00,1,0,11
7,15,안양역,2026-09-09 18:00:00,2,0,11
7,15,안양역,2026-09-09 20:00:00,2,0,11
7,15,안양역,2026-09-09 22:00:00,4,0,11
7,15,평촌역,2026-09-09 00:00:00,25,0,25
7,15,평촌역,2026-09-09 02:00:00,17,0,25
7,15,평촌역,2026-09-09 04:00:00,17,0,25
7,15,평촌역,2026-09-09 06:00:00,17,0,25
7,15,평촌역,2026-09-09 08:00:00,10,0,25
7,15,평촌역,2026-09-09 10:00:00,3,0,25
7,15,평촌역,2026-09-09 18:00:00,9,0,25
7,15,평촌역,2026-09-09 20:00:00,15,0,25
7,15,평촌역,2026-09-09 22:00:00,15,0,25
7,15,인덕원역,2026-09-09 00:00:00,7,0,7
7,15,인덕원역,2026-09-09 02:00:00,4,0,7
7,15,인덕원역,2026-09-09 04:00:00,4,0,7
7,15,인덕원역,2026-09-09 06:00:00,4,0,7
7,15,인덕원역,2026-09-09 08:00:00,2,0,7
7,15,인덕원역,2026-09-09 18:00:00,2,0,7
7,15,인덕원역,2026-09-09 20:00:00,3,0,7
7,15,인덕원역,2026-09-09 22:00:00,3,0,7
7,30,안양시청,2026-09-09 00:00:00,5,0,5
7,30,안양시청,2026-09-09 02:00:00,3,0,5
7,30,안양시청,2026-09-09 04:00:00,3,0,5
7,30,안양시청,2026-09-09 06:00:00,3,0,5
7,30,안양시청,2026-09-09 08:00:00,2,0,5
7,30,안양시청,2026-09-09 18:00:00,2,0,5
7,30,안양시청,2026-09-09 20:00:00,2,0,5
7,30,안양시청,2026-09-09 22:00:00,2,0,5
7,30,석수역,2026-09-09 00:00:00,5,0,5
7,30,석수역,2026-09-09 02:00:00,1,0,5
7,30,석수역,2026-09-09 04:00:00,1,0,5
7,30,범계역,2026-09-09 00:00:00,26,0,26
7,30,범계역,2026-09-09 02:00:00,12,0,26
7,30,범계역,2026-09-09 04:00:00,12,0,26
7,30,범계역,2026-09-09 06:00:00,12,0,26
7,30,범계역,2026-09-09 08:00:00,7,0,26
7,30,범계역,2026-09-09 10:00:00,3,0,26
7,30,범계역,2026-09-09 16:00:00,1,0,26
7,30,범계역,2026-09-09 18:00:00,6,0,26
7,30,범계역,2026-09-09 20:00:00,11,0,26
7,30,범계역,2026-09-09 22:00:00,11,0,26
7,30,안양역,2026-09-09 00:00:00,11,0,11
7,30,안양역,2026-09-09 02:00:00,4,0,11
7,30,안양역,2026-09-09 04:00:00,3,0,11
7,30,안양역,2026-09-09 06:00:00,3,0,11
7,30,안양역,2026-09-09 08:00:00,2,0,11
7,30,안양역,2026-09-09 16:00:00,1,0,11
7,30,안양역,2026-09-09 18:00:00,2,0,11
7,30,안양역,2026-09-09 20:00:00,2,0,11
7,30,안양역,2026-09-09 22:00:00,4,0,11
7,30,평촌역,2026-09-09 00:00:00,25,0,25
7,30,평촌역,2026-09-09 02:00:00,17,0,25
7,30,평촌역,2026-09-09 04:00:00,17,0,25
7,30,평촌역,2026-09-09 06:00:00,17,0,25
7,30,평촌역,2026-09-09 08:00:00,10,0,25
7,30,평촌역,2026-09-09 10:00:00,3,0,25
7,30,평촌역,2026-09-09 18:00:00,9,0,25
7,30,평촌역,2026-09-09 20:00:00,15,0,25
7,30,평촌역,2026-09-09 22:00:00,15,0,25
7,30,인덕원역,2026-09-09 00:00:00,7,0,7
7,30,인덕원역,2026-09-09 02:00:00,4,0,7
7,30,인덕원역,2026-09-09 04:00:00,4,0,7
7,30,인덕원역,2026-09-09 06:00:00,4,0,7
7,30,인덕원역,2026-09-09 08:00:00,2,0,7
7,30,인덕원역,2026-09-09 18:00:00,2,0,7
7,30,인덕원역,2026-09-09 20:00:00,3,0,7
7,30,인덕원역,2026-09-09 22:00:00,3,0,7
7,60,안양시청,2026-09-09 00:00:00,5,0,5
7,60,안양시청,2026-09-09 02:00:00,3,0,5
7,60,안양시청,2026-09-09 04:00:00,3,0,5
7,60,안양시청,2026-09-09 06:00:00,3,0,5
7,60,안양시청,2026-09-09 08:00:00,2,0,5
7,60,안양시청,2026-09-09 18:00:00,2,0,5
7,60,안양시청,2026-09-09 20:00:00,2,0,5
7,60,안양시청,2026-09-09 22:00:00,3,0,5
7,60,석수역,2026-09-09 00:00:00,5,0,5
7,60,석수역,2026-09-09 02:00:00,1,0,5
7,60,석수역,2026-09-09 04:00:00,1,0,5
7,60,석수역,2026-09-09 22:00:00,1,0,5
7,60,범계역,2026-09-09 00:00:00,26,0,26
7,60,범계역,2026-09-09 02:00:00,12,0,26
7,60,범계역,2026-09-09 04:00:00,12,0,26
7,60,범계역,2026-09-09 06:00:00,12,0,26
7,60,범계역,2026-09-09 08:00:00,8,0,26
7,60,범계역,2026-09-09 10:00:00,3,0,26
7,60,범계역,2026-09-09 16:00:00,1,0,26
7,60,범계역,2026-09-09 18:00:00,8,0,26
7,60,범계역,2026-09-09 20:00:00,11,0,26
7,60,범계역,2026-09-09 22:00:00,12,0,26
7,60,안양역,2026-09-09 00:00:00,11,0,11
7,60,안양역,2026-09-09 02:00:00,4,0,11
7,60,안양역,2026-09-09 04:00:00,4,0,11
7,60,안양역,2026-09-09 06:00:00,3,0,11
7,60,안양역,2026-09-09 08:00:00,2,0,11
7,60,안양역,2026-09-09 14:00:00,1,0,11
7,60,안양역,2026-09-09 16:00:00,2,0,11
7,60,안양역,2026-09-09 18:00:00,2,0,11
7,60,안양역,2026-09-09 20:00:00,4,0,11
7,60,안양역,2026-09-09 22:00:00,4,0,11
7,60,평촌역,2026-09-09 00:00:00,25,0,25
7,60,평촌역,2026-09-09 02:00:00,17,0,25
7,60,평촌역,2026-09-09 04:00:00,17,0,25
7,60,평촌역,2026-09-09 06:00:00,17,0,25
7,60,평촌역,2026-09-09 08:00:00,13,0,25
7,60,평촌역,2026-09-09 10:00:00,3,0,25
7,60,평촌역,2026-09-09 18:00:00,12,0,25
7,60,평촌역,2026-09-09 20:00:00,15,0,25
7,60,평촌역,2026-09-09 22:00:00,17,0,25
7,60,인덕원역,2026-09-09 00:00:00,7,0,7
7,60,인덕원역,2026-09-09 02:00:00,4,0,7
7,60,인덕원역,2026-09-09 04:00:00,4,0,7
7,60,인덕원역,2026-09-09 06:00:00,4,0,7
7,60,인덕원역,2026-09-09 08:00:00,3,0,7
7,60,인덕원역,2026-09-09 18:00:00,3,0,7
7,60,인덕원역,2026-09-09 20:00:00,3,0,7
7,60,인덕원역,2026-09-09 22:00:00,4,0,7
7,120,안양시청,2026-09-09 00:00:00,5,0,5
7,120,안양시청,2026-09-09 02:00:00,3,0,5
7,120,안양시청,2026-09-09 04:00:00,3,0,5
7,120,안양시청,2026-09-09 06:00:00,3,0,5
7,120,안양시청,2026-09-09 08:00:00,2,0,5
7,120,안양시청,2026-09-09 16:00:00,2,0,5
7,120,안양시청,2026-09-09 18:00:00,2,0,5
7,120,안양시청,2026-09-09 20:00:00,2,0,5
7,120,안양시청,2026-09-09 22:00:00,5,0,5
7,120,석수역,2026-09-09 00:00:00,5,0,5
7,120,석수역,2026-09-09 02:00:00,1,0,5
7,120,석수역,2026-09-09 04:00:00,1,0,5
7,120,석수역,2026-09-09 22:00:00,5,0,5
7,120,범계역,2026-09-09 00:00:00,26,0,26
7,120,범계역,2026-09-09 02:00:00,12,0,26
7,120,범계역,2026-09-09 04:00:00,12,0,26
7,120,범계역,2026-09-09 06:00:00,12,0,26
7,120,범계역,2026-09-09 08:00:00,8,0,26
7,120,범계역,2026-09-09 10:00:00,3,0,26
7,120,범계역,2026-09-09 14:00:00,1,0,26
7,120,범계역,2026-09-09 16:00:00,6,0,26
7,120,범계역,2026-09-09 18:00:00,11,0,26
7,120,범계역,2026-09-09 20:00:00,11,0,26
7,120,범계역,2026-09-09 22:00:00,26,0,26
7,120,안양역,2026-09-09 00:00:00,11,0,11
7,120,안양역,2026-09-09 02:00:00,4,0,11
7,120,안양역,2026-09-09 04:00:00,3,0,11
7,120,안양역,2026-09-09 06:00:00,3,0,11
7,120,안양역,2026-09-09 08:00:00,2,0,11
7,120,안양역,2026-09-09 14:00:00,1,0,11
7,120,안양역,2026-09-09 16:00:00,2,0,11
7,120,안양역,2026-09-09 18:00:00,2,0,11
7,120,안양역,2026-09-09 20:00:00,4,0,11
7,120,안양역,2026-09-09 22:00:00,11,0,11
7,120,평촌역,2026-09-09 00:00:00,25,0,25
7,120,평촌역,2026-09-09 02:00:00,17,0,25
7,120,평촌역,2026-09-09 04:00:00,17,0,25
7,120,평촌역,2026-09-09 06:00:00,17,0,25
7,120,평촌역,2026-09-09 08:00:00,11,0,25
7,120,평촌역,2026-09-09 10:00:00,3,0,25
7,120,평촌역,2026-09-09 16:00:00,9,0,25
7,120,평촌역,2026-09-09 18:00:00,15,0,25
7,120,평촌역,2026-09-09 20:00:00,15,0,25
7,120,평촌역,2026-09-09 22:00:00,25,0,25
7,120,인덕원역,2026-09-09 00:00:00,7,0,7
7,120,인덕원역,2026-09-09 02:00:00,4,0,7
7,120,인덕원역,2026-09-09 04:00:00,4,0,7
7,120,인덕원역,2026-09-09 06:00:00,4,0,7
7,120,인덕원역,2026-09-09 08:00:00,2,0,7
7,120,인덕원역,2026-09-09 16:00:00,2,0,7
7,120,인덕원역,2026-09-09 18:00:00,3,0,7
7,120,인덕원역,2026-09-09 20:00:00,3,0,7
7,120,인덕원역,2026-09-09 22:00:00,7,0,7
7,180,안양시청,2026-09-09 00:00:00,5,0,5
7,180,안양시청,2026-09-09 02:00:00,3,0,5
7,180,안양시청,2026-09-09 04:00:00,3,0,5
7,180,안양시청,2026-09-09 06:00:00,3,0,5
7,180,안양시청,2026-09-09 08:00:00,2,0,5
7,180,안양시청,2026-09-09 16:00:00,2,0,5
7,180,안양시청,2026-09-09 18:00:00,2,0,5
7,180,안양시청,2026-09-09 20:00:00,3,0,5
7,180,안양시청,2026-09-09 22:00:00,5,0,5
7,180,석수역,2026-09-09 00:00:00,5,0,5
7,180,석수역,2026-09-09 02:00:00,1,0,5
7,180,석수역,2026-09-09 04:00:00,1,0,5
7,180,석수역,2026-09-09 20:00:00,1,0,5
7,180,석수역,2026-09-09 22:00:00,5,0,5
7,180,범계역,2026-09-09 00:00:00,26,0,26
7,180,범계역,2026-09-09 02:00:00,12,0,26
7,180,범계역,2026-09-09 04:00:00,12,0,26
7,180,범계역,2026-09-09 06:00:00,12,0,26
7,180,범계역,2026-09-09 08:00:00,7,0,26
7,180,범계역,2026-09-09 10:00:00,3,0,26
7,180,범계역,2026-09-09 14:00:00,1,0,26
7,180,범계역,2026-09-09 16:00:00,8,0,26
7,180,범계역,2026-09-09 18:00:00,11,0,26
7,180,범계역,2026-09-09 20:00:00,12,0,26
7,180,범계역,2026-09-09 22:00:00,26,0,26
7,180,안양역,2026-09-09 00:00:00,11,0,11
7,180,안양역,2026-09-09 02:00:00,5,0,11
7,180,안양역,2026-09-09 04:00:00,3,0,11
7,180,안양역,2026-09-09 06:00:00,3,0,11
7,180,안양역,2026-09-09 08:00:00,2,0,11
7,180,안양역,2026-09-09 12:00:00,1,0,11
7,180,안양역,2026-09-09 14:00:00,2,0,11
7,180,안양역,2026-09-09 16:00:00,2,0,11
7,180,안양역,2026-09-09 18:00:00,4,0,11
7,180,안양역,2026-09-09 20:00:00,4,0,11
7,180,안양역,2026-09-09 22:00:00,11,0,11
7,180,평촌역,2026-09-09 00:00:00,25,0,25
7,180,평촌역,2026-09-09 02:00:00,17,0,25
7,180,평촌역,2026-09-09 04:00:00,17,0,25
7,180,평촌역,2026-09-09 06:00:00,17,0,25
7,180,평촌역,2026-09-09 08:00:00,10,0,25
7,180,평촌역,2026-09-09 10:00:00,3,0,25
7,180,평촌역,2026-09-09 16:00:00,12,0,25
7,180,평촌역,2026-09-09 18:00:00,15,0,25
7,180,평촌역,2026-09-09 20:00:00,17,0,25
7,180,평촌역,2026-09-09 22:00:00,25,0,25
7,180,인덕원역,2026-09-09 00:00:00,7,0,7
7,180,인덕원역,2026-09-09 02:00:00,4,0,7
7,180,인덕원역,2026-09-09 04:00:00,4,0,7
7,180,인덕원역,2026-09-09 06:00:00,4,0,7
7,180,인덕원역,2026-09-09 08:00:00,2,0,7
7,180,인덕원역,2026-09-09 16:00:00,3,0,7
7,180,인덕원역,2026-09-09 18:00:00,3,0,7
7,180,인덕원역,2026-09-09 20:00:00,4,0,7
7,180,인덕원역,2026-09-09 22:00:00,7,0,7
7,240,안양시청,2026-09-09 00:00:00,5,0,5
7,240,안양시청,2026-09-09 02:00:00,3,0,5
7,240,안양시청,2026-09-09 04:00:00,3,0,5
7,240,안양시청,2026-09-09 06:00:00,3,0,5
7,240,안양시청,2026-09-09 08:00:00,2,0,5
7,240,안양시청,2026-09-09 14:00:00,2,0,5
7,240,안양시청,2026-09-09 16:00:00,2,0,5
7,240,안양시청,2026-09-09 18:00:00,2,0,5
7,240,안양시청,2026-09-09 20:00:00,5,0,5
7,240,안양시청,2026-09-09 22:00:00,5,0,5
7,240,석수역,2026-09-09 00:00:00,5,0,5
7,240,석수역,2026-09-09 02:00:00,1,0,5
7,240,석수역,2026-09-09 04:00:00,1,0,5
7,240,석수역,2026-09-09 20:00:00,5,0,5
7,240,석수역,2026-09-09 22:00:00,5,0,5
7,240,범계역,2026-09-09 00:00:00,26,0,26
7,240,범계역,2026-09-09 02:00:00,12,0,26
7,240,범계역,2026-09-09 04:00:00,12,0,26
7,240,범계역,2026-09-09 06:00:00,12,0,26
7,240,범계역,2026-09-09 08:00:00,7,0,26
7,240,범계역,2026-09-09 10:00:00,3,0,26
7,240,범계역,2026-09-09 12:00:00,1,0,26
7,240,범계역,2026-09-09 14:00:00,6,0,26
7,240,범계역,2026-09-09 16:00:00,11,0,26
7,240,범계역,2026-09-09 18:00:00,11,0,26
7,240,범계역,2026-09-09 20:00:00,26,0,26
7,240,범계역,2026-09-09 22:00:00,26,0,26
7,240,안양역,2026-09-09 00:00:00,11,0,11
7,240,안양역,2026-09-09 02:00:00,4,0,11
7,240,안양역,2026-09-09 04:00:00,3,0,11
7,240,안양역,2026-09-09 06:00:00,3,0,11
7,240,안양역,2026-09-09 08:00:00,2,0,11
7,240,안양역,2026-09-09 12:00:00,1,0,11
7,240,안양역,2026-09-09 14:00:00,2,0,11
7,240,안양역,2026-09-09 16:00:00,2,0,11
7,240,안양역,2026-09-09 18:00:00,4,0,11
7,240,안양역,2026-09-09 20:00:00,11,0,11
7,240,안양역,2026-09-09 22:00:00,11,0,11
7,240,평촌역,2026-09-09 00:00:00,25,0,25
7,240,평촌역,2026-09-09 02:00:00,17,0,25
7,240,평촌역,2026-09-09 04:00:00,17,0,25
7,240,평촌역,2026-09-09 06:00:00,17,0,25
7,240,평촌역,2026-09-09 08:00:00,10,0,25
7,240,평촌역,2026-09-09 10:00:00,3,0,25
7,240,평촌역,2026-09-09 14:00:00,9,0,25
7,240,평촌역,2026-09-09 16:00:00,15,0,25
7,240,평촌역,2026-09-09 18:00:00,15,0,25
7,240,평촌역,2026-09-09 20:00:00,25,0,25
7,240,평촌역,2026-09-09 22:00:00,25,0,25
7,240,인덕원역,2026-09-09 00:00:00,7,0,7
7,240,인덕원역,2026-09-09 02:00:00,4,0,7
7,240,인덕원역,2026-09-09 04:00:00,4,0,7
7,240,인덕원역,2026-09-09 06:00:00,4,0,7
7,240,인덕원역,2026-09-09 08:00:00,2,0,7
7,240,인덕원역,2026-09-09 14:00:00,2,0,7
7,240,인덕원역,2026-09-09 16:00:00,3,0,7
7,240,인덕원역,2026-09-09 18:00:00,3,0,7
7,240,인덕원역,2026-09-09 20:00:00,7,0,7
7,240,인덕원역,2026-09-09 22:00:00,7,0,7
7,360,안양시청,2026-09-09 00:00:00,5,0,5
7,360,안양시청,2026-09-09 02:00:00,3,0,5
7,360,안양시청,2026-09-09 04:00:00,3,0,5
7,360,안양시청,2026-09-09 06:00:00,3,0,5
7,360,안양시청,2026-09-09 08:00:00,2,0,5
7,360,안양시청,2026-09-09 12:00:00,2,0,5
7,360,안양시청,2026-09-09 14:00:00,2,0,5
7,360,안양시청,2026-09-09 16:00:00,2,0,5
7,360,안양시청,2026-09-09 18:00:00,5,0,5
7,360,안양시청,2026-09-09 20:00:00,5,0,5
7,360,안양시청,2026-09-09 22:00:00,5,0,5
7,360,석수역,2026-09-09 00:00:00,5,0,5
7,360,석수역,2026-09-09 02:00:00,1,0,5
7,360,석수역,2026-09-09 04:00:00,1,0,5
7,360,석수역,2026-09-09 18:00:00,5,0,5
7,360,석수역,2026-09-09 20:00:00,5,0,5
7,360,석수역,2026-09-09 22:00:00,5,0,5
7,360,범계역,2026-09-09 00:00:00,26,0,26
7,360,범계역,2026-09-09 02:00:00,12,0,26
7,360,범계역,2026-09-09 04:00:00,12,0,26
7,360,범계역,2026-09-09 06:00:00,12,0,26
7,360,범계역,2026-09-09 08:00:00,7,0,26
7,360,범계역,2026-09-09 10:00:00,4,0,26
7,360,범계역,2026-09-09 12:00:00,6,0,26
7,360,범계역,2026-09-09 14:00:00,11,0,26
7,360,범계역,2026-09-09 16:00:00,11,0,26
7,360,범계역,2026-09-09 18:00:00,26,0,26
7,360,범계역,2026-09-09 20:00:00,26,0,26
7,360,범계역,2026-09-09 22:00:00,26,0,26
7,360,안양역,2026-09-09 00:00:00,11,0,11
7,360,안양역,2026-09-09 02:00:00,4,0,11
7,360,안양역,2026-09-09 04:00:00,3,0,11
7,360,안양역,2026-09-09 06:00:00,3,0,11
7,360,안양역,2026-09-09 08:00:00,2,0,11
7,360,안양역,2026-09-09 10:00:00,1,0,11
7,360,안양역,2026-09-09 12:00:00,2,0,11
7,360,안양역,2026-09-09 14:00:00,2,0,11
7,360,안양역,2026-09-09 16:00:00,4,0,11
7,360,안양역,2026-09-09 18:00:00,11,0,11
7,360,안양역,2026-09-09 20:00:00,11,0,11
7,360,안양역,2026-09-09 22:00:00,11,0,11
7,360,평촌역,2026-09-09 00:00:00,25,0,25
7,360,평촌역,2026-09-09 02:00:00,17,0,25
7,360,평촌역,2026-09-09 04:00:00,17,0,25
7,360,평촌역,2026-09-09 06:00:00,17,0,25
7,360,평촌역,2026-09-09 08:00:00,10,0,25
7,360,평촌역,2026-09-09 10:00:00,3,0,25
7,360,평촌역,2026-09-09 12:00:00,9,0,25
7,360,평촌역,2026-09-09 14:00:00,15,0,25
7,360,평촌역,2026-09-09 16:00:00,15,0,25
7,360,평촌역,2026-09-09 18:00:00,25,0,25
7,360,평촌역,2026-09-09 20:00:00,25,0,25
7,360,평촌역,2026-09-09 22:00:00,25,0,25
7,360,인덕원역,2026-09-09 00:00:00,7,0,7
7,360,인덕원역,2026-09-09 02:00:00,4,0,7
7,360,인덕원역,2026-09-09 04:00:00,4,0,7
7,360,인덕원역,2026-09-09 06:00:00,4,0,7
7,360,인덕원역,2026-09-09 08:00:00,2,0,7
7,360,인덕원역,2026-09-09 12:00:00,2,0,7
7,360,인덕원역,2026-09-09 14:00:00,3,0,7
7,360,인덕원역,2026-09-09 16:00:00,3,0,7
7,360,인덕원역,2026-09-09 18:00:00,7,0,7
7,360,인덕원역,2026-09-09 20:00:00,7,0,7
7,360,인덕원역,2026-09-09 22:00:00,7,0,7
8,15,안양시청,2026-09-10 00:00:00,5,0,5
8,15,안양시청,2026-09-10 02:00:00,3,0,5
8,15,안양시청,2026-09-10 04:00:00,3,0,5
8,15,안양시청,2026-09-10 06:00:00,3,0,5
8,15,안양시청,2026-09-10 08:00:00,2,0,5
8,15,안양시청,2026-09-10 10:00:00,5,0,5
8,15,안양시청,2026-09-10 18:00:00,2,0,5
8,15,안양시청,2026-09-10 20:00:00,2,0,5
8,15,안양시청,2026-09-10 22:00:00,2,0,5
8,15,석수역,2026-09-10 00:00:00,5,0,5
8,15,석수역,2026-09-10 02:00:00,1,0,5
8,15,석수역,2026-09-10 04:00:00,1,0,5
8,15,석수역,2026-09-10 10:00:00,5,0,5
8,15,범계역,2026-09-10 00:00:00,26,0,26
8,15,범계역,2026-09-10 02:00:00,12,0,26
8,15,범계역,2026-09-10 04:00:00,12,0,26
8,15,범계역,2026-09-10 06:00:00,12,0,26
8,15,범계역,2026-09-10 08:00:00,7,0,26
8,15,범계역,2026-09-10 10:00:00,26,0,26
8,15,범계역,2026-09-10 16:00:00,1,0,26
8,15,범계역,2026-09-10 18:00:00,6,0,26
8,15,범계역,2026-09-10 20:00:00,11,0,26
8,15,범계역,2026-09-10 22:00:00,11,0,26
8,15,안양역,2026-09-10 00:00:00,11,0,11
8,15,안양역,2026-09-10 02:00:00,4,0,11
8,15,안양역,2026-09-10 04:00:00,3,0,11
8,15,안양역,2026-09-10 06:00:00,3,0,11
8,15,안양역,2026-09-10 08:00:00,2,0,11
8,15,안양역,2026-09-10 10:00:00,11,0,11
8,15,안양역,2026-09-10 16:00:00,1,0,11
8,15,안양역,2026-09-10 18:00:00,2,0,11
8,15,안양역,2026-09-10 20:00:00,2,0,11
8,15,안양역,2026-09-10 22:00:00,4,0,11
8,15,평촌역,2026-09-10 00:00:00,25,0,25
8,15,평촌역,2026-09-10 02:00:00,17,0,25
8,15,평촌역,2026-09-10 04:00:00,17,0,25
8,15,평촌역,2026-09-10 06:00:00,17,0,25
8,15,평촌역,2026-09-10 08:00:00,10,0,25
8,15,평촌역,2026-09-10 10:00:00,25,0,25
8,15,평촌역,2026-09-10 18:00:00,9,0,25
8,15,평촌역,2026-09-10 20:00:00,15,0,25
8,15,평촌역,2026-09-10 22:00:00,15,0,25
8,15,인덕원역,2026-09-10 00:00:00,7,0,7
8,15,인덕원역,2026-09-10 02:00:00,4,0,7
8,15,인덕원역,2026-09-10 04:00:00,4,0,7
8,15,인덕원역,2026-09-10 06:00:00,4,0,7
8,15,인덕원역,2026-09-10 08:00:00,2,0,7
8,15,인덕원역,2026-09-10 10:00:00,7,0,7
8,15,인덕원역,2026-09-10 18:00:00,2,0,7
8,15,인덕원역,2026-09-10 20:00:00,3,0,7
8,15,인덕원역,2026-09-10 22:00:00,3,0,7
8,30,안양시청,2026-09-10 00:00:00,5,0,5
8,30,안양시청,2026-09-10 02:00:00,3,0,5
8,30,안양시청,2026-09-10 04:00:00,3,0,5
8,30,안양시청,2026-09-10 06:00:00,3,0,5
8,30,안양시청,2026-09-10 08:00:00,2,0,5
8,30,안양시청,2026-09-10 10:00:00,5,0,5
8,30,안양시청,2026-09-10 18:00:00,2,0,5
8,30,안양시청,2026-09-10 20:00:00,2,0,5
8,30,안양시청,2026-09-10 22:00:00,2,0,5
8,30,석수역,2026-09-10 00:00:00,5,0,5
8,30,석수역,2026-09-10 02:00:00,1,0,5
8,30,석수역,2026-09-10 04:00:00,1,0,5
8,30,석수역,2026-09-10 10:00:00,5,0,5
8,30,범계역,2026-09-10 00:00:00,26,0,26
8,30,범계역,2026-09-10 02:00:00,12,0,26
8,30,범계역,2026-09-10 04:00:00,12,0,26
8,30,범계역,2026-09-10 06:00:00,12,0,26
8,30,범계역,2026-09-10 08:00:00,7,0,26
8,30,범계역,2026-09-10 10:00:00,26,0,26
8,30,범계역,2026-09-10 16:00:00,1,0,26
8,30,범계역,2026-09-10 18:00:00,6,0,26
8,30,범계역,2026-09-10 20:00:00,11,0,26
8,30,범계역,2026-09-10 22:00:00,11,0,26
8,30,안양역,2026-09-10 00:00:00,11,0,11
8,30,안양역,2026-09-10 02:00:00,4,0,11
8,30,안양역,2026-09-10 04:00:00,3,0,11
8,30,안양역,2026-09-10 06:00:00,3,0,11
8,30,안양역,2026-09-10 08:00:00,2,0,11
8,30,안양역,2026-09-10 10:00:00,11,0,11
8,30,안양역,2026-09-10 16:00:00,1,0,11
8,30,안양역,2026-09-10 18:00:00,2,0,11
8,30,안양역,2026-09-10 20:00:00,2,0,11
8,30,안양역,2026-09-10 22:00:00,4,0,11
8,30,평촌역,2026-09-10 00:00:00,25,0,25
8,30,평촌역,2026-09-10 02:00:00,17,0,25
8,30,평촌역,2026-09-10 04:00:00,17,0,25
8,30,평촌역,2026-09-10 06:00:00,17,0,25
8,30,평촌역,2026-09-10 08:00:00,10,0,25
8,30,평촌역,2026-09-10 10:00:00,25,0,25
8,30,평촌역,2026-09-10 18:00:00,9,0,25
8,30,평촌역,2026-09-10 20:00:00,15,0,25
8,30,평촌역,2026-09-10 22:00:00,15,0,25
8,30,인덕원역,2026-09-10 00:00:00,7,0,7
8,30,인덕원역,2026-09-10 02:00:00,4,0,7
8,30,인덕원역,2026-09-10 04:00:00,4,0,7
8,30,인덕원역,2026-09-10 06:00:00,4,0,7
8,30,인덕원역,2026-09-10 08:00:00,2,0,7
8,30,인덕원역,2026-09-10 10:00:00,7,0,7
8,30,인덕원역,2026-09-10 18:00:00,2,0,7
8,30,인덕원역,2026-09-10 20:00:00,3,0,7
8,30,인덕원역,2026-09-10 22:00:00,3,0,7
8,60,안양시청,2026-09-10 00:00:00,5,0,5
8,60,안양시청,2026-09-10 02:00:00,3,0,5
8,60,안양시청,2026-09-10 04:00:00,3,0,5
8,60,안양시청,2026-09-10 06:00:00,3,0,5
8,60,안양시청,2026-09-10 08:00:00,2,0,5
8,60,안양시청,2026-09-10 10:00:00,5,0,5
8,60,안양시청,2026-09-10 18:00:00,2,0,5
8,60,안양시청,2026-09-10 20:00:00,2,0,5
8,60,안양시청,2026-09-10 22:00:00,3,0,5
8,60,석수역,2026-09-10 00:00:00,5,0,5
8,60,석수역,2026-09-10 02:00:00,1,0,5
8,60,석수역,2026-09-10 04:00:00,1,0,5
8,60,석수역,2026-09-10 10:00:00,5,0,5
8,60,석수역,2026-09-10 22:00:00,1,0,5
8,60,범계역,2026-09-10 00:00:00,26,0,26
8,60,범계역,2026-09-10 02:00:00,12,0,26
8,60,범계역,2026-09-10 04:00:00,12,0,26
8,60,범계역,2026-09-10 06:00:00,12,0,26
8,60,범계역,2026-09-10 08:00:00,8,0,26
8,60,범계역,2026-09-10 10:00:00,26,0,26
8,60,범계역,2026-09-10 16:00:00,1,0,26
8,60,범계역,2026-09-10 18:00:00,8,0,26
8,60,범계역,2026-09-10 20:00:00,11,0,26
8,60,범계역,2026-09-10 22:00:00,12,0,26
8,60,안양역,2026-09-10 00:00:00,11,0,11
8,60,안양역,2026-09-10 02:00:00,4,0,11
8,60,안양역,2026-09-10 04:00:00,4,0,11
8,60,안양역,2026-09-10 06:00:00,3,0,11
8,60,안양역,2026-09-10 08:00:00,2,0,11
8,60,안양역,2026-09-10 10:00:00,11,0,11
8,60,안양역,2026-09-10 14:00:00,1,0,11
8,60,안양역,2026-09-10 16:00:00,2,0,11
8,60,안양역,2026-09-10 18:00:00,2,0,11
8,60,안양역,2026-09-10 20:00:00,4,0,11
8,60,안양역,2026-09-10 22:00:00,4,0,11
8,60,평촌역,2026-09-10 00:00:00,25,0,25
8,60,평촌역,2026-09-10 02:00:00,17,0,25
8,60,평촌역,2026-09-10 04:00:00,17,0,25
8,60,평촌역,2026-09-10 06:00:00,17,0,25
8,60,평촌역,2026-09-10 08:00:00,13,0,25
8,60,평촌역,2026-09-10 10:00:00,25,0,25
8,60,평촌역,2026-09-10 18:00:00,12,0,25
8,60,평촌역,2026-09-10 20:00:00,15,0,25
8,60,평촌역,2026-09-10 22:00:00,17,0,25
8,60,인덕원역,2026-09-10 00:00:00,7,0,7
8,60,인덕원역,2026-09-10 02:00:00,4,0,7
8,60,인덕원역,2026-09-10 04:00:00,4,0,7
8,60,인덕원역,2026-09-10 06:00:00,4,0,7
8,60,인덕원역,2026-09-10 08:00:00,3,0,7
8,60,인덕원역,2026-09-10 10:00:00,7,0,7
8,60,인덕원역,2026-09-10 18:00:00,3,0,7
8,60,인덕원역,2026-09-10 20:00:00,3,0,7
8,60,인덕원역,2026-09-10 22:00:00,4,0,7
8,120,안양시청,2026-09-10 00:00:00,5,0,5
8,120,안양시청,2026-09-10 02:00:00,3,0,5
8,120,안양시청,2026-09-10 04:00:00,3,0,5
8,120,안양시청,2026-09-10 06:00:00,3,0,5
8,120,안양시청,2026-09-10 08:00:00,2,0,5
8,120,안양시청,2026-09-10 10:00:00,5,0,5
8,120,안양시청,2026-09-10 16:00:00,2,0,5
8,120,안양시청,2026-09-10 18:00:00,2,0,5
8,120,안양시청,2026-09-10 20:00:00,2,0,5
8,120,안양시청,2026-09-10 22:00:00,5,0,5
8,120,석수역,2026-09-10 00:00:00,5,0,5
8,120,석수역,2026-09-10 02:00:00,1,0,5
8,120,석수역,2026-09-10 04:00:00,1,0,5
8,120,석수역,2026-09-10 10:00:00,5,0,5
8,120,석수역,2026-09-10 22:00:00,5,0,5
8,120,범계역,2026-09-10 00:00:00,26,0,26
8,120,범계역,2026-09-10 02:00:00,12,0,26
8,120,범계역,2026-09-10 04:00:00,12,0,26
8,120,범계역,2026-09-10 06:00:00,12,0,26
8,120,범계역,2026-09-10 08:00:00,8,0,26
8,120,범계역,2026-09-10 10:00:00,26,0,26
8,120,범계역,2026-09-10 14:00:00,1,0,26
8,120,범계역,2026-09-10 16:00:00,6,0,26
8,120,범계역,2026-09-10 18:00:00,11,0,26
8,120,범계역,2026-09-10 20:00:00,11,0,26
8,120,범계역,2026-09-10 22:00:00,26,0,26
8,120,안양역,2026-09-10 00:00:00,11,0,11
8,120,안양역,2026-09-10 02:00:00,4,0,11
8,120,안양역,2026-09-10 04:00:00,3,0,11
8,120,안양역,2026-09-10 06:00:00,3,0,11
8,120,안양역,2026-09-10 08:00:00,2,0,11
8,120,안양역,2026-09-10 10:00:00,11,0,11
8,120,안양역,2026-09-10 14:00:00,1,0,11
8,120,안양역,2026-09-10 16:00:00,2,0,11
8,120,안양역,2026-09-10 18:00:00,2,0,11
8,120,안양역,2026-09-10 20:00:00,4,0,11
8,120,안양역,2026-09-10 22:00:00,11,0,11
8,120,평촌역,2026-09-10 00:00:00,25,0,25
8,120,평촌역,2026-09-10 02:00:00,17,0,25
8,120,평촌역,2026-09-10 04:00:00,17,0,25
8,120,평촌역,2026-09-10 06:00:00,17,0,25
8,120,평촌역,2026-09-10 08:00:00,11,0,25
8,120,평촌역,2026-09-10 10:00:00,25,0,25
8,120,평촌역,2026-09-10 16:00:00,9,0,25
8,120,평촌역,2026-09-10 18:00:00,15,0,25
8,120,평촌역,2026-09-10 20:00:00,15,0,25
8,120,평촌역,2026-09-10 22:00:00,25,0,25
8,120,인덕원역,2026-09-10 00:00:00,7,0,7
8,120,인덕원역,2026-09-10 02:00:00,4,0,7
8,120,인덕원역,2026-09-10 04:00:00,4,0,7
8,120,인덕원역,2026-09-10 06:00:00,4,0,7
8,120,인덕원역,2026-09-10 08:00:00,2,0,7
8,120,인덕원역,2026-09-10 10:00:00,7,0,7
8,120,인덕원역,2026-09-10 16:00:00,2,0,7
8,120,인덕원역,2026-09-10 18:00:00,3,0,7
8,120,인덕원역,2026-09-10 20:00:00,3,0,7
8,120,인덕원역,2026-09-10 22:00:00,7,0,7
8,180,안양시청,2026-09-10 00:00:00,5,0,5
8,180,안양시청,2026-09-10 02:00:00,3,0,5
8,180,안양시청,2026-09-10 04:00:00,3,0,5
8,180,안양시청,2026-09-10 06:00:00,3,0,5
8,180,안양시청,2026-09-10 08:00:00,2,0,5
8,180,안양시청,2026-09-10 10:00:00,5,0,5
8,180,안양시청,2026-09-10 16:00:00,2,0,5
8,180,안양시청,2026-09-10 18:00:00,2,0,5
8,180,안양시청,2026-09-10 20:00:00,3,0,5
8,180,안양시청,2026-09-10 22:00:00,5,0,5
8,180,석수역,2026-09-10 00:00:00,5,0,5
8,180,석수역,2026-09-10 02:00:00,1,0,5
8,180,석수역,2026-09-10 04:00:00,1,0,5
8,180,석수역,2026-09-10 10:00:00,5,0,5
8,180,석수역,2026-09-10 20:00:00,1,0,5
8,180,석수역,2026-09-10 22:00:00,5,0,5
8,180,범계역,2026-09-10 00:00:00,26,0,26
8,180,범계역,2026-09-10 02:00:00,12,0,26
8,180,범계역,2026-09-10 04:00:00,12,0,26
8,180,범계역,2026-09-10 06:00:00,12,0,26
8,180,범계역,2026-09-10 08:00:00,7,0,26
8,180,범계역,2026-09-10 10:00:00,26,0,26
8,180,범계역,2026-09-10 14:00:00,1,0,26
8,180,범계역,2026-09-10 16:00:00,8,0,26
8,180,범계역,2026-09-10 18:00:00,11,0,26
8,180,범계역,2026-09-10 20:00:00,12,0,26
8,180,범계역,2026-09-10 22:00:00,26,0,26
8,180,안양역,2026-09-10 00:00:00,11,0,11
8,180,안양역,2026-09-10 02:00:00,5,0,11
8,180,안양역,2026-09-10 04:00:00,3,0,11
8,180,안양역,2026-09-10 06:00:00,3,0,11
8,180,안양역,2026-09-10 08:00:00,2,0,11
8,180,안양역,2026-09-10 10:00:00,11,0,11
8,180,안양역,2026-09-10 12:00:00,1,0,11
8,180,안양역,2026-09-10 14:00:00,2,0,11
8,180,안양역,2026-09-10 16:00:00,2,0,11
8,180,안양역,2026-09-10 18:00:00,4,0,11
8,180,안양역,2026-09-10 20:00:00,4,0,11
8,180,안양역,2026-09-10 22:00:00,11,0,11
8,180,평촌역,2026-09-10 00:00:00,25,0,25
8,180,평촌역,2026-09-10 02:00:00,17,0,25
8,180,평촌역,2026-09-10 04:00:00,17,0,25
8,180,평촌역,2026-09-10 06:00:00,17,0,25
8,180,평촌역,2026-09-10 08:00:00,10,0,25
8,180,평촌역,2026-09-10 10:00:00,25,0,25
8,180,평촌역,2026-09-10 16:00:00,12,0,25
8,180,평촌역,2026-09-10 18:00:00,15,0,25
8,180,평촌역,2026-09-10 20:00:00,17,0,25
8,180,평촌역,2026-09-10 22:00:00,25,0,25
8,180,인덕원역,2026-09-10 00:00:00,7,0,7
8,180,인덕원역,2026-09-10 02:00:00,4,0,7
8,180,인덕원역,2026-09-10 04:00:00,4,0,7
8,180,인덕원역,2026-09-10 06:00:00,4,0,7
8,180,인덕원역,2026-09-10 08:00:00,2,0,7
8,180,인덕원역,2026-09-10 10:00:00,7,0,7
8,180,인덕원역,2026-09-10 16:00:00,3,0,7
8,180,인덕원역,2026-09-10 18:00:00,3,0,7
8,180,인덕원역,2026-09-10 20:00:00,4,0,7
8,180,인덕원역,2026-09-10 22:00:00,7,0,7
8,240,안양시청,2026-09-10 00:00:00,5,0,5
8,240,안양시청,2026-09-10 02:00:00,3,0,5
8,240,안양시청,2026-09-10 04:00:00,3,0,5
8,240,안양시청,2026-09-10 06:00:00,3,0,5
8,240,안양시청,2026-09-10 08:00:00,2,0,5
8,240,안양시청,2026-09-10 10:00:00,5,0,5
8,240,안양시청,2026-09-10 14:00:00,2,0,5
8,240,안양시청,2026-09-10 16:00:00,2,0,5
8,240,안양시청,2026-09-10 18:00:00,2,0,5
8,240,안양시청,2026-09-10 20:00:00,5,0,5
8,240,안양시청,2026-09-10 22:00:00,5,0,5
8,240,석수역,2026-09-10 00:00:00,5,0,5
8,240,석수역,2026-09-10 02:00:00,1,0,5
8,240,석수역,2026-09-10 04:00:00,1,0,5
8,240,석수역,2026-09-10 10:00:00,5,0,5
8,240,석수역,2026-09-10 20:00:00,5,0,5
8,240,석수역,2026-09-10 22:00:00,5,0,5
8,240,범계역,2026-09-10 00:00:00,26,0,26
8,240,범계역,2026-09-10 02:00:00,12,0,26
8,240,범계역,2026-09-10 04:00:00,12,0,26
8,240,범계역,2026-09-10 06:00:00,12,0,26
8,240,범계역,2026-09-10 08:00:00,7,0,26
8,240,범계역,2026-09-10 10:00:00,26,0,26
8,240,범계역,2026-09-10 12:00:00,1,0,26
8,240,범계역,2026-09-10 14:00:00,6,0,26
8,240,범계역,2026-09-10 16:00:00,11,0,26
8,240,범계역,2026-09-10 18:00:00,11,0,26
8,240,범계역,2026-09-10 20:00:00,26,0,26
8,240,범계역,2026-09-10 22:00:00,26,0,26
8,240,안양역,2026-09-10 00:00:00,11,0,11
8,240,안양역,2026-09-10 02:00:00,4,0,11
8,240,안양역,2026-09-10 04:00:00,3,0,11
8,240,안양역,2026-09-10 06:00:00,3,0,11
8,240,안양역,2026-09-10 08:00:00,2,0,11
8,240,안양역,2026-09-10 10:00:00,11,0,11
8,240,안양역,2026-09-10 12:00:00,1,0,11
8,240,안양역,2026-09-10 14:00:00,2,0,11
8,240,안양역,2026-09-10 16:00:00,2,0,11
8,240,안양역,2026-09-10 18:00:00,4,0,11
8,240,안양역,2026-09-10 20:00:00,11,0,11
8,240,안양역,2026-09-10 22:00:00,11,0,11
8,240,평촌역,2026-09-10 00:00:00,25,0,25
8,240,평촌역,2026-09-10 02:00:00,17,0,25
8,240,평촌역,2026-09-10 04:00:00,17,0,25
8,240,평촌역,2026-09-10 06:00:00,17,0,25
8,240,평촌역,2026-09-10 08:00:00,10,0,25
8,240,평촌역,2026-09-10 10:00:00,25,0,25
8,240,평촌역,2026-09-10 14:00:00,9,0,25
8,240,평촌역,2026-09-10 16:00:00,15,0,25
8,240,평촌역,2026-09-10 18:00:00,15,0,25
8,240,평촌역,2026-09-10 20:00:00,25,0,25
8,240,평촌역,2026-09-10 22:00:00,25,0,25
8,240,인덕원역,2026-09-10 00:00:00,7,0,7
8,240,인덕원역,2026-09-10 02:00:00,4,0,7
8,240,인덕원역,2026-09-10 04:00:00,4,0,7
8,240,인덕원역,2026-09-10 06:00:00,4,0,7
8,240,인덕원역,2026-09-10 08:00:00,2,0,7
8,240,인덕원역,2026-09-10 10:00:00,7,0,7
8,240,인덕원역,2026-09-10 14:00:00,2,0,7
8,240,인덕원역,2026-09-10 16:00:00,3,0,7
8,240,인덕원역,2026-09-10 18:00:00,3,0,7
8,240,인덕원역,2026-09-10 20:00:00,7,0,7
8,240,인덕원역,2026-09-10 22:00:00,7,0,7
8,360,안양시청,2026-09-10 00:00:00,5,0,5
8,360,안양시청,2026-09-10 02:00:00,3,0,5
8,360,안양시청,2026-09-10 04:00:00,3,0,5
8,360,안양시청,2026-09-10 06:00:00,3,0,5
8,360,안양시청,2026-09-10 08:00:00,2,0,5
8,360,안양시청,2026-09-10 10:00:00,5,0,5
8,360,안양시청,2026-09-10 12:00:00,2,0,5
8,360,안양시청,2026-09-10 14:00:00,2,0,5
8,360,안양시청,2026-09-10 16:00:00,2,0,5
8,360,안양시청,2026-09-10 18:00:00,5,0,5
8,360,안양시청,2026-09-10 20:00:00,5,0,5
8,360,안양시청,2026-09-10 22:00:00,5,0,5
8,360,석수역,2026-09-10 00:00:00,5,0,5
8,360,석수역,2026-09-10 02:00:00,1,0,5
8,360,석수역,2026-09-10 04:00:00,1,0,5
8,360,석수역,2026-09-10 10:00:00,5,0,5
8,360,석수역,2026-09-10 18:00:00,5,0,5
8,360,석수역,2026-09-10 20:00:00,5,0,5
8,360,석수역,2026-09-10 22:00:00,5,0,5
8,360,범계역,2026-09-10 00:00:00,26,0,26
8,360,범계역,2026-09-10 02:00:00,12,0,26
8,360,범계역,2026-09-10 04:00:00,12,0,26
8,360,범계역,2026-09-10 06:00:00,12,0,26
8,360,범계역,2026-09-10 08:00:00,7,0,26
8,360,범계역,2026-09-10 10:00:00,26,0,26
8,360,범계역,2026-09-10 12:00:00,6,0,26
8,360,범계역,2026-09-10 14:00:00,11,0,26
8,360,범계역,2026-09-10 16:00:00,11,0,26
8,360,범계역,2026-09-10 18:00:00,26,0,26
8,360,범계역,2026-09-10 20:00:00,26,0,26
8,360,범계역,2026-09-10 22:00:00,26,0,26
8,360,안양역,2026-09-10 00:00:00,11,0,11
8,360,안양역,2026-09-10 02:00:00,4,0,11
8,360,안양역,2026-09-10 04:00:00,3,0,11
8,360,안양역,2026-09-10 06:00:00,3,0,11
8,360,안양역,2026-09-10 08:00:00,2,0,11
8,360,안양역,2026-09-10 10:00:00,11,0,11
8,360,안양역,2026-09-10 12:00:00,2,0,11
8,360,안양역,2026-09-10 14:00:00,2,0,11
8,360,안양역,2026-09-10 16:00:00,4,0,11
8,360,안양역,2026-09-10 18:00:00,11,0,11
8,360,안양역,2026-09-10 20:00:00,11,0,11
8,360,안양역,2026-09-10 22:00:00,11,0,11
8,360,평촌역,2026-09-10 00:00:00,25,0,25
8,360,평촌역,2026-09-10 02:00:00,17,0,25
8,360,평촌역,2026-09-10 04:00:00,17,0,25
8,360,평촌역,2026-09-10 06:00:00,17,0,25
8,360,평촌역,2026-09-10 08:00:00,10,0,25
8,360,평촌역,2026-09-10 10:00:00,25,0,25
8,360,평촌역,2026-09-10 12:00:00,9,0,25
8,360,평촌역,2026-09-10 14:00:00,15,0,25
8,360,평촌역,2026-09-10 16:00:00,15,0,25
8,360,평촌역,2026-09-10 18:00:00,25,0,25
8,360,평촌역,2026-09-10 20:00:00,25,0,25
8,360,평촌역,2026-09-10 22:00:00,25,0,25
8,360,인덕원역,2026-09-10 00:00:00,7,0,7
8,360,인덕원역,2026-09-10 02:00:00,4,0,7
8,360,인덕원역,2026-09-10 04:00:00,4,0,7
8,360,인덕원역,2026-09-10 06:00:00,4,0,7
8,360,인덕원역,2026-09-10 08:00:00,2,0,7
8,360,인덕원역,2026-09-10 10:00:00,7,0,7
8,360,인덕원역,2026-09-10 12:00:00,2,0,7
8,360,인덕원역,2026-09-10 14:00:00,3,0,7
8,360,인덕원역,2026-09-10 16:00:00,3,0,7
8,360,인덕원역,2026-09-10 18:00:00,7,0,7
8,360,인덕원역,2026-09-10 20:00:00,7,0,7
8,360,인덕원역,2026-09-10 22:00:00,7,0,7
9,15,안양시청,2026-09-11 00:00:00,3,0,5
9,15,안양시청,2026-09-11 02:00:00,3,0,5
9,15,안양시청,2026-09-11 04:00:00,3,0,5
9,15,안양시청,2026-09-11 06:00:00,3,0,5
9,15,안양시청,2026-09-11 08:00:00,2,0,5
9,15,안양시청,2026-09-11 14:00:00,5,0,5
9,15,안양시청,2026-09-11 16:00:00,5,0,5
9,15,안양시청,2026-09-11 18:00:00,5,0,5
9,15,안양시청,2026-09-11 20:00:00,2,0,5
9,15,안양시청,2026-09-11 22:00:00,2,0,5
9,15,석수역,2026-09-11 00:00:00,1,0,5
9,15,석수역,2026-09-11 02:00:00,1,0,5
9,15,석수역,2026-09-11 04:00:00,1,0,5
9,15,석수역,2026-09-11 14:00:00,5,0,5
9,15,석수역,2026-09-11 16:00:00,5,0,5
9,15,석수역,2026-09-11 18:00:00,5,0,5
9,15,범계역,2026-09-11 00:00:00,12,0,26
9,15,범계역,2026-09-11 02:00:00,12,0,26
9,15,범계역,2026-09-11 04:00:00,12,0,26
9,15,범계역,2026-09-11 06:00:00,12,0,26
9,15,범계역,2026-09-11 08:00:00,7,0,26
9,15,범계역,2026-09-11 10:00:00,3,0,26
9,15,범계역,2026-09-11 14:00:00,26,0,26
9,15,범계역,2026-09-11 16:00:00,26,0,26
9,15,범계역,2026-09-11 18:00:00,26,0,26
9,15,범계역,2026-09-11 20:00:00,11,0,26
9,15,범계역,2026-09-11 22:00:00,11,0,26
9,15,안양역,2026-09-11 00:00:00,4,0,11
9,15,안양역,2026-09-11 02:00:00,4,0,11
9,15,안양역,2026-09-11 04:00:00,3,0,11
9,15,안양역,2026-09-11 06:00:00,3,0,11
9,15,안양역,2026-09-11 08:00:00,2,0,11
9,15,안양역,2026-09-11 14:00:00,11,0,11
9,15,안양역,2026-09-11 16:00:00,11,0,11
9,15,안양역,2026-09-11 18:00:00,11,0,11
9,15,안양역,2026-09-11 20:00:00,2,0,11
9,15,안양역,2026-09-11 22:00:00,4,0,11
9,15,평촌역,2026-09-11 00:00:00,17,0,25
9,15,평촌역,2026-09-11 02:00:00,17,0,25
9,15,평촌역,2026-09-11 04:00:00,17,0,25
9,15,평촌역,2026-09-11 06:00:00,17,0,25
9,15,평촌역,2026-09-11 08:00:00,10,0,25
9,15,평촌역,2026-09-11 10:00:00,3,0,25
9,15,평촌역,2026-09-11 14:00:00,25,0,25
9,15,평촌역,2026-09-11 16:00:00,25,0,25
9,15,평촌역,2026-09-11 18:00:00,25,0,25
9,15,평촌역,2026-09-11 20:00:00,15,0,25
9,15,평촌역,2026-09-11 22:00:00,15,0,25
9,15,인덕원역,2026-09-11 00:00:00,4,0,7
9,15,인덕원역,2026-09-11 02:00:00,4,0,7
9,15,인덕원역,2026-09-11 04:00:00,4,0,7
9,15,인덕원역,2026-09-11 06:00:00,4,0,7
9,15,인덕원역,2026-09-11 08:00:00,2,0,7
9,15,인덕원역,2026-09-11 14:00:00,7,0,7
9,15,인덕원역,2026-09-11 16:00:00,7,0,7
9,15,인덕원역,2026-09-11 18:00:00,7,0,7
9,15,인덕원역,2026-09-11 20:00:00,3,0,7
9,15,인덕원역,2026-09-11 22:00:00,3,0,7
9,30,안양시청,2026-09-11 00:00:00,3,0,5
9,30,안양시청,2026-09-11 02:00:00,3,0,5
9,30,안양시청,2026-09-11 04:00:00,3,0,5
9,30,안양시청,2026-09-11 06:00:00,3,0,5
9,30,안양시청,2026-09-11 08:00:00,2,0,5
9,30,안양시청,2026-09-11 16:00:00,5,0,5
9,30,안양시청,2026-09-11 18:00:00,5,0,5
9,30,안양시청,2026-09-11 20:00:00,2,0,5
9,30,안양시청,2026-09-11 22:00:00,2,0,5
9,30,석수역,2026-09-11 00:00:00,1,0,5
9,30,석수역,2026-09-11 02:00:00,1,0,5
9,30,석수역,2026-09-11 04:00:00,1,0,5
9,30,석수역,2026-09-11 16:00:00,5,0,5
9,30,석수역,2026-09-11 18:00:00,5,0,5
9,30,범계역,2026-09-11 00:00:00,12,0,26
9,30,범계역,2026-09-11 02:00:00,12,0,26
9,30,범계역,2026-09-11 04:00:00,12,0,26
9,30,범계역,2026-09-11 06:00:00,12,0,26
9,30,범계역,2026-09-11 08:00:00,7,0,26
9,30,범계역,2026-09-11 10:00:00,3,0,26
9,30,범계역,2026-09-11 16:00:00,26,0,26
9,30,범계역,2026-09-11 18:00:00,26,0,26
9,30,범계역,2026-09-11 20:00:00,11,0,26
9,30,범계역,2026-09-11 22:00:00,11,0,26
9,30,안양역,2026-09-11 00:00:00,4,0,11
9,30,안양역,2026-09-11 02:00:00,4,0,11
9,30,안양역,2026-09-11 04:00:00,3,0,11
9,30,안양역,2026-09-11 06:00:00,3,0,11
9,30,안양역,2026-09-11 08:00:00,2,0,11
9,30,안양역,2026-09-11 16:00:00,11,0,11
9,30,안양역,2026-09-11 18:00:00,11,0,11
9,30,안양역,2026-09-11 20:00:00,2,0,11
9,30,안양역,2026-09-11 22:00:00,4,0,11
9,30,평촌역,2026-09-11 00:00:00,17,0,25
9,30,평촌역,2026-09-11 02:00:00,17,0,25
9,30,평촌역,2026-09-11 04:00:00,17,0,25
9,30,평촌역,2026-09-11 06:00:00,17,0,25
9,30,평촌역,2026-09-11 08:00:00,10,0,25
9,30,평촌역,2026-09-11 10:00:00,3,0,25
9,30,평촌역,2026-09-11 16:00:00,25,0,25
9,30,평촌역,2026-09-11 18:00:00,25,0,25
9,30,평촌역,2026-09-11 20:00:00,15,0,25
9,30,평촌역,2026-09-11 22:00:00,15,0,25
9,30,인덕원역,2026-09-11 00:00:00,4,0,7
9,30,인덕원역,2026-09-11 02:00:00,4,0,7
9,30,인덕원역,2026-09-11 04:00:00,4,0,7
9,30,인덕원역,2026-09-11 06:00:00,4,0,7
9,30,인덕원역,2026-09-11 08:00:00,2,0,7
9,30,인덕원역,2026-09-11 16:00:00,7,0,7
9,30,인덕원역,2026-09-11 18:00:00,7,0,7
9,30,인덕원역,2026-09-11 20:00:00,3,0,7
9,30,인덕원역,2026-09-11 22:00:00,3,0,7
9,60,안양시청,2026-09-11 00:00:00,3,0,5
9,60,안양시청,2026-09-11 02:00:00,3,0,5
9,60,안양시청,2026-09-11 04:00:00,3,0,5
9,60,안양시청,2026-09-11 06:00:00,3,0,5
9,60,안양시청,2026-09-11 08:00:00,2,0,5
9,60,안양시청,2026-09-11 14:00:00,5,0,5
9,60,안양시청,2026-09-11 16:00:00,5,0,5
9,60,안양시청,2026-09-11 18:00:00,5,0,5
9,60,안양시청,2026-09-11 20:00:00,2,0,5
9,60,안양시청,2026-09-11 22:00:00,3,0,5
9,60,석수역,2026-09-11 00:00:00,1,0,5
9,60,석수역,2026-09-11 02:00:00,1,0,5
9,60,석수역,2026-09-11 04:00:00,1,0,5
9,60,석수역,2026-09-11 14:00:00,5,0,5
9,60,석수역,2026-09-11 16:00:00,5,0,5
9,60,석수역,2026-09-11 18:00:00,5,0,5
9,60,석수역,2026-09-11 22:00:00,1,0,5
9,60,범계역,2026-09-11 00:00:00,12,0,26
9,60,범계역,2026-09-11 02:00:00,12,0,26
9,60,범계역,2026-09-11 04:00:00,12,0,26
9,60,범계역,2026-09-11 06:00:00,12,0,26
9,60,범계역,2026-09-11 08:00:00,8,0,26
9,60,범계역,2026-09-11 10:00:00,3,0,26
9,60,범계역,2026-09-11 14:00:00,26,0,26
9,60,범계역,2026-09-11 16:00:00,26,0,26
9,60,범계역,2026-09-11 18:00:00,26,0,26
9,60,범계역,2026-09-11 20:00:00,11,0,26
9,60,범계역,2026-09-11 22:00:00,12,0,26
9,60,안양역,2026-09-11 00:00:00,4,0,11
9,60,안양역,2026-09-11 02:00:00,4,0,11
9,60,안양역,2026-09-11 04:00:00,4,0,11
9,60,안양역,2026-09-11 06:00:00,3,0,11
9,60,안양역,2026-09-11 08:00:00,2,0,11
9,60,안양역,2026-09-11 14:00:00,11,0,11
9,60,안양역,2026-09-11 16:00:00,11,0,11
9,60,안양역,2026-09-11 18:00:00,11,0,11
9,60,안양역,2026-09-11 20:00:00,4,0,11
9,60,안양역,2026-09-11 22:00:00,4,0,11
9,60,평촌역,2026-09-11 00:00:00,17,0,25
9,60,평촌역,2026-09-11 02:00:00,17,0,25
9,60,평촌역,2026-09-11 04:00:00,17,0,25
9,60,평촌역,2026-09-11 06:00:00,17,0,25
9,60,평촌역,2026-09-11 08:00:00,13,0,25
9,60,평촌역,2026-09-11 10:00:00,3,0,25
9,60,평촌역,2026-09-11 14:00:00,25,0,25
9,60,평촌역,2026-09-11 16:00:00,25,0,25
9,60,평촌역,2026-09-11 18:00:00,25,0,25
9,60,평촌역,2026-09-11 20:00:00,15,0,25
9,60,평촌역,2026-09-11 22:00:00,17,0,25
9,60,인덕원역,2026-09-11 00:00:00,4,0,7
9,60,인덕원역,2026-09-11 02:00:00,4,0,7
9,60,인덕원역,2026-09-11 04:00:00,4,0,7
9,60,인덕원역,2026-09-11 06:00:00,4,0,7
9,60,인덕원역,2026-09-11 08:00:00,3,0,7
9,60,인덕원역,2026-09-11 14:00:00,7,0,7
9,60,인덕원역,2026-09-11 16:00:00,7,0,7
9,60,인덕원역,2026-09-11 18:00:00,7,0,7
9,60,인덕원역,2026-09-11 20:00:00,3,0,7
9,60,인덕원역,2026-09-11 22:00:00,4,0,7
9,120,안양시청,2026-09-11 00:00:00,3,0,5
9,120,안양시청,2026-09-11 02:00:00,3,0,5
9,120,안양시청,2026-09-11 04:00:00,3,0,5
9,120,안양시청,2026-09-11 06:00:00,3,0,5
9,120,안양시청,2026-09-11 08:00:00,2,0,5
9,120,안양시청,2026-09-11 16:00:00,5,0,5
9,120,안양시청,2026-09-11 18:00:00,5,0,5
9,120,안양시청,2026-09-11 20:00:00,2,0,5
9,120,안양시청,2026-09-11 22:00:00,5,0,5
9,120,석수역,2026-09-11 00:00:00,1,0,5
9,120,석수역,2026-09-11 02:00:00,1,0,5
9,120,석수역,2026-09-11 04:00:00,1,0,5
9,120,석수역,2026-09-11 16:00:00,5,0,5
9,120,석수역,2026-09-11 18:00:00,5,0,5
9,120,석수역,2026-09-11 22:00:00,5,0,5
9,120,범계역,2026-09-11 00:00:00,12,0,26
9,120,범계역,2026-09-11 02:00:00,12,0,26
9,120,범계역,2026-09-11 04:00:00,12,0,26
9,120,범계역,2026-09-11 06:00:00,12,0,26
9,120,범계역,2026-09-11 08:00:00,8,0,26
9,120,범계역,2026-09-11 10:00:00,3,0,26
9,120,범계역,2026-09-11 14:00:00,1,0,26
9,120,범계역,2026-09-11 16:00:00,26,0,26
9,120,범계역,2026-09-11 18:00:00,26,0,26
9,120,범계역,2026-09-11 20:00:00,11,0,26
9,120,범계역,2026-09-11 22:00:00,26,0,26
9,120,안양역,2026-09-11 00:00:00,4,0,11
9,120,안양역,2026-09-11 02:00:00,4,0,11
9,120,안양역,2026-09-11 04:00:00,3,0,11
9,120,안양역,2026-09-11 06:00:00,3,0,11
9,120,안양역,2026-09-11 08:00:00,2,0,11
9,120,안양역,2026-09-11 14:00:00,1,0,11
9,120,안양역,2026-09-11 16:00:00,11,0,11
9,120,안양역,2026-09-11 18:00:00,11,0,11
9,120,안양역,2026-09-11 20:00:00,4,0,11
9,120,안양역,2026-09-11 22:00:00,11,0,11
9,120,평촌역,2026-09-11 00:00:00,17,0,25
9,120,평촌역,2026-09-11 02:00:00,17,0,25
9,120,평촌역,2026-09-11 04:00:00,17,0,25
9,120,평촌역,2026-09-11 06:00:00,17,0,25
9,120,평촌역,2026-09-11 08:00:00,11,0,25
9,120,평촌역,2026-09-11 10:00:00,3,0,25
9,120,평촌역,2026-09-11 16:00:00,25,0,25
9,120,평촌역,2026-09-11 18:00:00,25,0,25
9,120,평촌역,2026-09-11 20:00:00,15,0,25
9,120,평촌역,2026-09-11 22:00:00,25,0,25
9,120,인덕원역,2026-09-11 00:00:00,4,0,7
9,120,인덕원역,2026-09-11 02:00:00,4,0,7
9,120,인덕원역,2026-09-11 04:00:00,4,0,7
9,120,인덕원역,2026-09-11 06:00:00,4,0,7
9,120,인덕원역,2026-09-11 08:00:00,2,0,7
9,120,인덕원역,2026-09-11 16:00:00,7,0,7
9,120,인덕원역,2026-09-11 18:00:00,7,0,7
9,120,인덕원역,2026-09-11 20:00:00,3,0,7
9,120,인덕원역,2026-09-11 22:00:00,7,0,7
9,180,안양시청,2026-09-11 00:00:00,3,0,5
9,180,안양시청,2026-09-11 02:00:00,3,0,5
9,180,안양시청,2026-09-11 04:00:00,3,0,5
9,180,안양시청,2026-09-11 06:00:00,3,0,5
9,180,안양시청,2026-09-11 08:00:00,2,0,5
9,180,안양시청,2026-09-11 12:00:00,5,0,5
9,180,안양시청,2026-09-11 16:00:00,5,0,5
9,180,안양시청,2026-09-11 18:00:00,5,0,5
9,180,안양시청,2026-09-11 20:00:00,3,0,5
9,180,안양시청,2026-09-11 22:00:00,5,0,5
9,180,석수역,2026-09-11 00:00:00,1,0,5
9,180,석수역,2026-09-11 02:00:00,1,0,5
9,180,석수역,2026-09-11 04:00:00,1,0,5
9,180,석수역,2026-09-11 12:00:00,5,0,5
9,180,석수역,2026-09-11 16:00:00,5,0,5
9,180,석수역,2026-09-11 18:00:00,5,0,5
9,180,석수역,2026-09-11 20:00:00,1,0,5
9,180,석수역,2026-09-11 22:00:00,5,0,5
9,180,범계역,2026-09-11 00:00:00,12,0,26
9,180,범계역,2026-09-11 02:00:00,12,0,26
9,180,범계역,2026-09-11 04:00:00,12,0,26
9,180,범계역,2026-09-11 06:00:00,12,0,26
9,180,범계역,2026-09-11 08:00:00,7,0,26
9,180,범계역,2026-09-11 10:00:00,3,0,26
9,180,범계역,2026-09-11 12:00:00,26,0,26
9,180,범계역,2026-09-11 14:00:00,1,0,26
9,180,범계역,2026-09-11 16:00:00,26,0,26
9,180,범계역,2026-09-11 18:00:00,26,0,26
9,180,범계역,2026-09-11 20:00:00,12,0,26
9,180,범계역,2026-09-11 22:00:00,26,0,26
9,180,안양역,2026-09-11 00:00:00,4,0,11
9,180,안양역,2026-09-11 02:00:00,5,0,11
9,180,안양역,2026-09-11 04:00:00,3,0,11
9,180,안양역,2026-09-11 06:00:00,3,0,11
9,180,안양역,2026-09-11 08:00:00,2,0,11
9,180,안양역,2026-09-11 12:00:00,11,0,11
9,180,안양역,2026-09-11 14:00:00,2,0,11
9,180,안양역,2026-09-11 16:00:00,11,0,11
9,180,안양역,2026-09-11 18:00:00,11,0,11
9,180,안양역,2026-09-11 20:00:00,4,0,11
9,180,안양역,2026-09-11 22:00:00,11,0,11
9,180,평촌역,2026-09-11 00:00:00,17,0,25
9,180,평촌역,2026-09-11 02:00:00,17,0,25
9,180,평촌역,2026-09-11 04:00:00,17,0,25
9,180,평촌역,2026-09-11 06:00:00,17,0,25
9,180,평촌역,2026-09-11 08:00:00,10,0,25
9,180,평촌역,2026-09-11 10:00:00,3,0,25
9,180,평촌역,2026-09-11 12:00:00,25,0,25
9,180,평촌역,2026-09-11 16:00:00,25,0,25
9,180,평촌역,2026-09-11 18:00:00,25,0,25
9,180,평촌역,2026-09-11 20:00:00,17,0,25
9,180,평촌역,2026-09-11 22:00:00,25,0,25
9,180,인덕원역,2026-09-11 00:00:00,4,0,7
9,180,인덕원역,2026-09-11 02:00:00,4,0,7
9,180,인덕원역,2026-09-11 04:00:00,4,0,7
9,180,인덕원역,2026-09-11 06:00:00,4,0,7
9,180,인덕원역,2026-09-11 08:00:00,2,0,7
9,180,인덕원역,2026-09-11 12:00:00,7,0,7
9,180,인덕원역,2026-09-11 16:00:00,7,0,7
9,180,인덕원역,2026-09-11 18:00:00,7,0,7
9,180,인덕원역,2026-09-11 20:00:00,4,0,7
9,180,인덕원역,2026-09-11 22:00:00,7,0,7
9,240,안양시청,2026-09-11 00:00:00,3,0,5
9,240,안양시청,2026-09-11 02:00:00,3,0,5
9,240,안양시청,2026-09-11 04:00:00,3,0,5
9,240,안양시청,2026-09-11 06:00:00,3,0,5
9,240,안양시청,2026-09-11 08:00:00,2,0,5
9,240,안양시청,2026-09-11 14:00:00,5,0,5
9,240,안양시청,2026-09-11 16:00:00,5,0,5
9,240,안양시청,2026-09-11 18:00:00,5,0,5
9,240,안양시청,2026-09-11 20:00:00,5,0,5
9,240,안양시청,2026-09-11 22:00:00,5,0,5
9,240,석수역,2026-09-11 00:00:00,1,0,5
9,240,석수역,2026-09-11 02:00:00,1,0,5
9,240,석수역,2026-09-11 04:00:00,1,0,5
9,240,석수역,2026-09-11 14:00:00,5,0,5
9,240,석수역,2026-09-11 16:00:00,5,0,5
9,240,석수역,2026-09-11 18:00:00,5,0,5
9,240,석수역,2026-09-11 20:00:00,5,0,5
9,240,석수역,2026-09-11 22:00:00,5,0,5
9,240,범계역,2026-09-11 00:00:00,12,0,26
9,240,범계역,2026-09-11 02:00:00,12,0,26
9,240,범계역,2026-09-11 04:00:00,12,0,26
9,240,범계역,2026-09-11 06:00:00,12,0,26
9,240,범계역,2026-09-11 08:00:00,7,0,26
9,240,범계역,2026-09-11 10:00:00,3,0,26
9,240,범계역,2026-09-11 12:00:00,1,0,26
9,240,범계역,2026-09-11 14:00:00,26,0,26
9,240,범계역,2026-09-11 16:00:00,26,0,26
9,240,범계역,2026-09-11 18:00:00,26,0,26
9,240,범계역,2026-09-11 20:00:00,26,0,26
9,240,범계역,2026-09-11 22:00:00,26,0,26
9,240,안양역,2026-09-11 00:00:00,4,0,11
9,240,안양역,2026-09-11 02:00:00,4,0,11
9,240,안양역,2026-09-11 04:00:00,3,0,11
9,240,안양역,2026-09-11 06:00:00,3,0,11
9,240,안양역,2026-09-11 08:00:00,2,0,11
9,240,안양역,2026-09-11 12:00:00,1,0,11
9,240,안양역,2026-09-11 14:00:00,11,0,11
9,240,안양역,2026-09-11 16:00:00,11,0,11
9,240,안양역,2026-09-11 18:00:00,11,0,11
9,240,안양역,2026-09-11 20:00:00,11,0,11
9,240,안양역,2026-09-11 22:00:00,11,0,11
9,240,평촌역,2026-09-11 00:00:00,17,0,25
9,240,평촌역,2026-09-11 02:00:00,17,0,25
9,240,평촌역,2026-09-11 04:00:00,17,0,25
9,240,평촌역,2026-09-11 06:00:00,17,0,25
9,240,평촌역,2026-09-11 08:00:00,10,0,25
9,240,평촌역,2026-09-11 10:00:00,3,0,25
9,240,평촌역,2026-09-11 14:00:00,25,0,25
9,240,평촌역,2026-09-11 16:00:00,25,0,25
9,240,평촌역,2026-09-11 18:00:00,25,0,25
9,240,평촌역,2026-09-11 20:00:00,25,0,25
9,240,평촌역,2026-09-11 22:00:00,25,0,25
9,240,인덕원역,2026-09-11 00:00:00,4,0,7
9,240,인덕원역,2026-09-11 02:00:00,4,0,7
9,240,인덕원역,2026-09-11 04:00:00,4,0,7
9,240,인덕원역,2026-09-11 06:00:00,4,0,7
9,240,인덕원역,2026-09-11 08:00:00,2,0,7
9,240,인덕원역,2026-09-11 14:00:00,7,0,7
9,240,인덕원역,2026-09-11 16:00:00,7,0,7
9,240,인덕원역,2026-09-11 18:00:00,7,0,7
9,240,인덕원역,2026-09-11 20:00:00,7,0,7
9,240,인덕원역,2026-09-11 22:00:00,7,0,7
9,360,안양시청,2026-09-11 00:00:00,3,0,5
9,360,안양시청,2026-09-11 02:00:00,3,0,5
9,360,안양시청,2026-09-11 04:00:00,3,0,5
9,360,안양시청,2026-09-11 06:00:00,3,0,5
9,360,안양시청,2026-09-11 08:00:00,2,0,5
9,360,안양시청,2026-09-11 12:00:00,5,0,5
9,360,안양시청,2026-09-11 14:00:00,2,0,5
9,360,안양시청,2026-09-11 16:00:00,5,0,5
9,360,안양시청,2026-09-11 18:00:00,5,0,5
9,360,안양시청,2026-09-11 20:00:00,5,0,5
9,360,안양시청,2026-09-11 22:00:00,5,0,5
9,360,석수역,2026-09-11 00:00:00,1,0,5
9,360,석수역,2026-09-11 02:00:00,1,0,5
9,360,석수역,2026-09-11 04:00:00,1,0,5
9,360,석수역,2026-09-11 12:00:00,5,0,5
9,360,석수역,2026-09-11 16:00:00,5,0,5
9,360,석수역,2026-09-11 18:00:00,5,0,5
9,360,석수역,2026-09-11 20:00:00,5,0,5
9,360,석수역,2026-09-11 22:00:00,5,0,5
9,360,범계역,2026-09-11 00:00:00,12,0,26
9,360,범계역,2026-09-11 02:00:00,12,0,26
9,360,범계역,2026-09-11 04:00:00,12,0,26
9,360,범계역,2026-09-11 06:00:00,12,0,26
9,360,범계역,2026-09-11 08:00:00,7,0,26
9,360,범계역,2026-09-11 10:00:00,4,0,26
9,360,범계역,2026-09-11 12:00:00,26,0,26
9,360,범계역,2026-09-11 14:00:00,11,0,26
9,360,범계역,2026-09-11 16:00:00,26,0,26
9,360,범계역,2026-09-11 18:00:00,26,0,26
9,360,범계역,2026-09-11 20:00:00,26,0,26
9,360,범계역,2026-09-11 22:00:00,26,0,26
9,360,안양역,2026-09-11 00:00:00,4,0,11
9,360,안양역,2026-09-11 02:00:00,4,0,11
9,360,안양역,2026-09-11 04:00:00,3,0,11
9,360,안양역,2026-09-11 06:00:00,3,0,11
9,360,안양역,2026-09-11 08:00:00,2,0,11
9,360,안양역,2026-09-11 10:00:00,1,0,11
9,360,안양역,2026-09-11 12:00:00,11,0,11
9,360,안양역,2026-09-11 14:00:00,2,0,11
9,360,안양역,2026-09-11 16:00:00,11,0,11
9,360,안양역,2026-09-11 18:00:00,11,0,11
9,360,안양역,2026-09-11 20:00:00,11,0,11
9,360,안양역,2026-09-11 22:00:00,11,0,11
9,360,평촌역,2026-09-11 00:00:00,17,0,25
9,360,평촌역,2026-09-11 02:00:00,17,0,25
9,360,평촌역,2026-09-11 04:00:00,17,0,25
9,360,평촌역,2026-09-11 06:00:00,17,0,25
9,360,평촌역,2026-09-11 08:00:00,10,0,25
9,360,평촌역,2026-09-11 10:00:00,3,0,25
9,360,평촌역,2026-09-11 12:00:00,25,0,25
9,360,평촌역,2026-09-11 14:00:00,15,0,25
9,360,평촌역,2026-09-11 16:00:00,25,0,25
9,360,평촌역,2026-09-11 18:00:00,25,0,25
9,360,평촌역,2026-09-11 20:00:00,25,0,25
9,360,평촌역,2026-09-11 22:00:00,25,0,25
9,360,인덕원역,2026-09-11 00:00:00,4,0,7
9,360,인덕원역,2026-09-11 02:00:00,4,0,7
9,360,인덕원역,2026-09-11 04:00:00,4,0,7
9,360,인덕원역,2026-09-11 06:00:00,4,0,7
9,360,인덕원역,2026-09-11 08:00:00,2,0,7
9,360,인덕원역,2026-09-11 12:00:00,7,0,7
9,360,인덕원역,2026-09-11 14:00:00,3,0,7
9,360,인덕원역,2026-09-11 16:00:00,7,0,7
9,360,인덕원역,2026-09-11 18:00:00,7,0,7
9,360,인덕원역,2026-09-11 20:00:00,7,0,7
9,360,인덕원역,2026-09-11 22:00:00,7,0,7
10,15,안양시청,2026-09-12 00:00:00,3,0,5
10,15,안양시청,2026-09-12 02:00:00,5,0,5
10,15,안양시청,2026-09-12 04:00:00,5,0,5
10,15,안양시청,2026-09-12 06:00:00,3,0,5
10,15,안양시청,2026-09-12 08:00:00,3,0,5
10,15,안양시청,2026-09-12 10:00:00,3,0,5
10,15,안양시청,2026-09-12 12:00:00,3,0,5
10,15,안양시청,2026-09-12 14:00:00,3,0,5
10,15,안양시청,2026-09-12 16:00:00,3,0,5
10,15,안양시청,2026-09-12 18:00:00,3,0,5
10,15,안양시청,2026-09-12 20:00:00,3,0,5
10,15,안양시청,2026-09-12 22:00:00,3,0,5
10,15,석수역,2026-09-12 00:00:00,1,0,5
10,15,석수역,2026-09-12 02:00:00,5,0,5
10,15,석수역,2026-09-12 04:00:00,5,0,5
10,15,석수역,2026-09-12 06:00:00,1,0,5
10,15,석수역,2026-09-12 08:00:00,1,0,5
10,15,석수역,2026-09-12 10:00:00,1,0,5
10,15,석수역,2026-09-12 12:00:00,2,0,5
10,15,석수역,2026-09-12 14:00:00,2,0,5
10,15,석수역,2026-09-12 16:00:00,3,0,5
10,15,석수역,2026-09-12 18:00:00,3,0,5
10,15,석수역,2026-09-12 20:00:00,2,0,5
10,15,석수역,2026-09-12 22:00:00,1,0,5
10,15,범계역,2026-09-12 00:00:00,13,0,26
10,15,범계역,2026-09-12 02:00:00,26,0,26
10,15,범계역,2026-09-12 04:00:00,26,0,26
10,15,범계역,2026-09-12 06:00:00,12,0,26
10,15,범계역,2026-09-12 08:00:00,12,0,26
10,15,범계역,2026-09-12 10:00:00,11,0,26
10,15,범계역,2026-09-12 12:00:00,9,0,26
10,15,범계역,2026-09-12 14:00:00,10,0,26
10,15,범계역,2026-09-12 16:00:00,9,0,26
10,15,범계역,2026-09-12 18:00:00,10,0,26
10,15,범계역,2026-09-12 20:00:00,10,0,26
10,15,범계역,2026-09-12 22:00:00,10,0,26
10,15,안양역,2026-09-12 00:00:00,4,0,11
10,15,안양역,2026-09-12 02:00:00,11,0,11
10,15,안양역,2026-09-12 04:00:00,11,0,11
10,15,안양역,2026-09-12 06:00:00,3,0,11
10,15,안양역,2026-09-12 08:00:00,3,0,11
10,15,안양역,2026-09-12 10:00:00,4,0,11
10,15,안양역,2026-09-12 12:00:00,3,0,11
10,15,안양역,2026-09-12 14:00:00,4,0,11
10,15,안양역,2026-09-12 16:00:00,2,0,11
10,15,안양역,2026-09-12 18:00:00,3,0,11
10,15,안양역,2026-09-12 20:00:00,2,0,11
10,15,안양역,2026-09-12 22:00:00,4,0,11
10,15,평촌역,2026-09-12 00:00:00,17,0,25
10,15,평촌역,2026-09-12 02:00:00,25,0,25
10,15,평촌역,2026-09-12 04:00:00,25,0,25
10,15,평촌역,2026-09-12 06:00:00,17,0,25
10,15,평촌역,2026-09-12 08:00:00,17,0,25
10,15,평촌역,2026-09-12 10:00:00,14,0,25
10,15,평촌역,2026-09-12 12:00:00,13,0,25
10,15,평촌역,2026-09-12 14:00:00,13,0,25
10,15,평촌역,2026-09-12 16:00:00,13,0,25
10,15,평촌역,2026-09-12 18:00:00,13,0,25
10,15,평촌역,2026-09-12 20:00:00,15,0,25
10,15,평촌역,2026-09-12 22:00:00,14,0,25
10,15,인덕원역,2026-09-12 00:00:00,4,0,7
10,15,인덕원역,2026-09-12 02:00:00,7,0,7
10,15,인덕원역,2026-09-12 04:00:00,7,0,7
10,15,인덕원역,2026-09-12 06:00:00,4,0,7
10,15,인덕원역,2026-09-12 08:00:00,4,0,7
10,15,인덕원역,2026-09-12 10:00:00,4,0,7
10,15,인덕원역,2026-09-12 12:00:00,4,0,7
10,15,인덕원역,2026-09-12 14:00:00,4,0,7
10,15,인덕원역,2026-09-12 16:00:00,4,0,7
10,15,인덕원역,2026-09-12 18:00:00,4,0,7
10,15,인덕원역,2026-09-12 20:00:00,5,0,7
10,15,인덕원역,2026-09-12 22:00:00,4,0,7
10,30,안양시청,2026-09-12 00:00:00,3,0,5
10,30,안양시청,2026-09-12 02:00:00,5,0,5
10,30,안양시청,2026-09-12 04:00:00,5,0,5
10,30,안양시청,2026-09-12 06:00:00,3,0,5
10,30,안양시청,2026-09-12 08:00:00,3,0,5
10,30,안양시청,2026-09-12 10:00:00,3,0,5
10,30,안양시청,2026-09-12 12:00:00,3,0,5
10,30,안양시청,2026-09-12 14:00:00,3,0,5
10,30,안양시청,2026-09-12 16:00:00,3,0,5
10,30,안양시청,2026-09-12 18:00:00,3,0,5
10,30,안양시청,2026-09-12 20:00:00,3,0,5
10,30,안양시청,2026-09-12 22:00:00,3,0,5
10,30,석수역,2026-09-12 00:00:00,1,0,5
10,30,석수역,2026-09-12 02:00:00,5,0,5
10,30,석수역,2026-09-12 04:00:00,5,0,5
10,30,석수역,2026-09-12 06:00:00,1,0,5
10,30,석수역,2026-09-12 08:00:00,1,0,5
10,30,석수역,2026-09-12 10:00:00,1,0,5
10,30,석수역,2026-09-12 12:00:00,2,0,5
10,30,석수역,2026-09-12 14:00:00,2,0,5
10,30,석수역,2026-09-12 16:00:00,3,0,5
10,30,석수역,2026-09-12 18:00:00,3,0,5
10,30,석수역,2026-09-12 20:00:00,2,0,5
10,30,석수역,2026-09-12 22:00:00,1,0,5
10,30,범계역,2026-09-12 00:00:00,13,0,26
10,30,범계역,2026-09-12 02:00:00,26,0,26
10,30,범계역,2026-09-12 04:00:00,26,0,26
10,30,범계역,2026-09-12 06:00:00,12,0,26
10,30,범계역,2026-09-12 08:00:00,12,0,26
10,30,범계역,2026-09-12 10:00:00,11,0,26
10,30,범계역,2026-09-12 12:00:00,9,0,26
10,30,범계역,2026-09-12 14:00:00,10,0,26
10,30,범계역,2026-09-12 16:00:00,9,0,26
10,30,범계역,2026-09-12 18:00:00,10,0,26
10,30,범계역,2026-09-12 20:00:00,10,0,26
10,30,범계역,2026-09-12 22:00:00,10,0,26
10,30,안양역,2026-09-12 00:00:00,4,0,11
10,30,안양역,2026-09-12 02:00:00,11,0,11
10,30,안양역,2026-09-12 04:00:00,11,0,11
10,30,안양역,2026-09-12 06:00:00,3,0,11
10,30,안양역,2026-09-12 08:00:00,3,0,11
10,30,안양역,2026-09-12 10:00:00,4,0,11
10,30,안양역,2026-09-12 12:00:00,3,0,11
10,30,안양역,2026-09-12 14:00:00,4,0,11
10,30,안양역,2026-09-12 16:00:00,2,0,11
10,30,안양역,2026-09-12 18:00:00,3,0,11
10,30,안양역,2026-09-12 20:00:00,2,0,11
10,30,안양역,2026-09-12 22:00:00,4,0,11
10,30,평촌역,2026-09-12 00:00:00,17,0,25
10,30,평촌역,2026-09-12 02:00:00,25,0,25
10,30,평촌역,2026-09-12 04:00:00,25,0,25
10,30,평촌역,2026-09-12 06:00:00,17,0,25
10,30,평촌역,2026-09-12 08:00:00,17,0,25
10,30,평촌역,2026-09-12 10:00:00,14,0,25
10,30,평촌역,2026-09-12 12:00:00,13,0,25
10,30,평촌역,2026-09-12 14:00:00,13,0,25
10,30,평촌역,2026-09-12 16:00:00,13,0,25
10,30,평촌역,2026-09-12 18:00:00,13,0,25
10,30,평촌역,2026-09-12 20:00:00,15,0,25
10,30,평촌역,2026-09-12 22:00:00,14,0,25
10,30,인덕원역,2026-09-12 00:00:00,4,0,7
10,30,인덕원역,2026-09-12 02:00:00,7,0,7
10,30,인덕원역,2026-09-12 04:00:00,7,0,7
10,30,인덕원역,2026-09-12 06:00:00,4,0,7
10,30,인덕원역,2026-09-12 08:00:00,4,0,7
10,30,인덕원역,2026-09-12 10:00:00,4,0,7
10,30,인덕원역,2026-09-12 12:00:00,4,0,7
10,30,인덕원역,2026-09-12 14:00:00,4,0,7
10,30,인덕원역,2026-09-12 16:00:00,4,0,7
10,30,인덕원역,2026-09-12 18:00:00,4,0,7
10,30,인덕원역,2026-09-12 20:00:00,5,0,7
10,30,인덕원역,2026-09-12 22:00:00,4,0,7
10,60,안양시청,2026-09-12 00:00:00,3,0,5
10,60,안양시청,2026-09-12 02:00:00,5,0,5
10,60,안양시청,2026-09-12 04:00:00,5,0,5
10,60,안양시청,2026-09-12 06:00:00,3,0,5
10,60,안양시청,2026-09-12 08:00:00,3,0,5
10,60,안양시청,2026-09-12 10:00:00,3,0,5
10,60,안양시청,2026-09-12 12:00:00,3,0,5
10,60,안양시청,2026-09-12 14:00:00,3,0,5
10,60,안양시청,2026-09-12 16:00:00,3,0,5
10,60,안양시청,2026-09-12 18:00:00,3,0,5
10,60,안양시청,2026-09-12 20:00:00,3,0,5
10,60,안양시청,2026-09-12 22:00:00,3,0,5
10,60,석수역,2026-09-12 00:00:00,1,0,5
10,60,석수역,2026-09-12 02:00:00,5,0,5
10,60,석수역,2026-09-12 04:00:00,5,0,5
10,60,석수역,2026-09-12 06:00:00,1,0,5
10,60,석수역,2026-09-12 08:00:00,1,0,5
10,60,석수역,2026-09-12 10:00:00,2,0,5
10,60,석수역,2026-09-12 12:00:00,3,0,5
10,60,석수역,2026-09-12 14:00:00,2,0,5
10,60,석수역,2026-09-12 16:00:00,3,0,5
10,60,석수역,2026-09-12 18:00:00,3,0,5
10,60,석수역,2026-09-12 20:00:00,3,0,5
10,60,석수역,2026-09-12 22:00:00,1,0,5
10,60,범계역,2026-09-12 00:00:00,13,0,26
10,60,범계역,2026-09-12 02:00:00,26,0,26
10,60,범계역,2026-09-12 04:00:00,26,0,26
10,60,범계역,2026-09-12 06:00:00,13,0,26
10,60,범계역,2026-09-12 08:00:00,13,0,26
10,60,범계역,2026-09-12 10:00:00,11,0,26
10,60,범계역,2026-09-12 12:00:00,9,0,26
10,60,범계역,2026-09-12 14:00:00,11,0,26
10,60,범계역,2026-09-12 16:00:00,9,0,26
10,60,범계역,2026-09-12 18:00:00,10,0,26
10,60,범계역,2026-09-12 20:00:00,11,0,26
10,60,범계역,2026-09-12 22:00:00,13,0,26
10,60,안양역,2026-09-12 00:00:00,4,0,11
10,60,안양역,2026-09-12 02:00:00,11,0,11
10,60,안양역,2026-09-12 04:00:00,11,0,11
10,60,안양역,2026-09-12 06:00:00,3,0,11
10,60,안양역,2026-09-12 08:00:00,3,0,11
10,60,안양역,2026-09-12 10:00:00,4,0,11
10,60,안양역,2026-09-12 12:00:00,4,0,11
10,60,안양역,2026-09-12 14:00:00,4,0,11
10,60,안양역,2026-09-12 16:00:00,2,0,11
10,60,안양역,2026-09-12 18:00:00,3,0,11
10,60,안양역,2026-09-12 20:00:00,4,0,11
10,60,안양역,2026-09-12 22:00:00,4,0,11
10,60,평촌역,2026-09-12 00:00:00,17,0,25
10,60,평촌역,2026-09-12 02:00:00,25,0,25
10,60,평촌역,2026-09-12 04:00:00,25,0,25
10,60,평촌역,2026-09-12 06:00:00,17,0,25
10,60,평촌역,2026-09-12 08:00:00,17,0,25
10,60,평촌역,2026-09-12 10:00:00,14,0,25
10,60,평촌역,2026-09-12 12:00:00,13,0,25
10,60,평촌역,2026-09-12 14:00:00,14,0,25
10,60,평촌역,2026-09-12 16:00:00,13,0,25
10,60,평촌역,2026-09-12 18:00:00,13,0,25
10,60,평촌역,2026-09-12 20:00:00,15,0,25
10,60,평촌역,2026-09-12 22:00:00,17,0,25
10,60,인덕원역,2026-09-12 00:00:00,4,0,7
10,60,인덕원역,2026-09-12 02:00:00,7,0,7
10,60,인덕원역,2026-09-12 04:00:00,7,0,7
10,60,인덕원역,2026-09-12 06:00:00,4,0,7
10,60,인덕원역,2026-09-12 08:00:00,4,0,7
10,60,인덕원역,2026-09-12 10:00:00,4,0,7
10,60,인덕원역,2026-09-12 12:00:00,4,0,7
10,60,인덕원역,2026-09-12 14:00:00,4,0,7
10,60,인덕원역,2026-09-12 16:00:00,4,0,7
10,60,인덕원역,2026-09-12 18:00:00,4,0,7
10,60,인덕원역,2026-09-12 20:00:00,5,0,7
10,60,인덕원역,2026-09-12 22:00:00,4,0,7
10,120,안양시청,2026-09-12 00:00:00,3,0,5
10,120,안양시청,2026-09-12 02:00:00,5,0,5
10,120,안양시청,2026-09-12 04:00:00,5,0,5
10,120,안양시청,2026-09-12 06:00:00,3,0,5
10,120,안양시청,2026-09-12 08:00:00,3,0,5
10,120,안양시청,2026-09-12 10:00:00,3,0,5
10,120,안양시청,2026-09-12 12:00:00,3,0,5
10,120,안양시청,2026-09-12 14:00:00,3,0,5
10,120,안양시청,2026-09-12 16:00:00,3,0,5
10,120,안양시청,2026-09-12 18:00:00,3,0,5
10,120,안양시청,2026-09-12 20:00:00,3,0,5
10,120,안양시청,2026-09-12 22:00:00,5,0,5
10,120,석수역,2026-09-12 00:00:00,1,0,5
10,120,석수역,2026-09-12 02:00:00,5,0,5
10,120,석수역,2026-09-12 04:00:00,5,0,5
10,120,석수역,2026-09-12 06:00:00,1,0,5
10,120,석수역,2026-09-12 08:00:00,1,0,5
10,120,석수역,2026-09-12 10:00:00,2,0,5
10,120,석수역,2026-09-12 12:00:00,2,0,5
10,120,석수역,2026-09-12 14:00:00,3,0,5
10,120,석수역,2026-09-12 16:00:00,3,0,5
10,120,석수역,2026-09-12 18:00:00,3,0,5
10,120,석수역,2026-09-12 20:00:00,2,0,5
10,120,석수역,2026-09-12 22:00:00,5,0,5
10,120,범계역,2026-09-12 00:00:00,15,0,26
10,120,범계역,2026-09-12 02:00:00,26,0,26
10,120,범계역,2026-09-12 04:00:00,26,0,26
10,120,범계역,2026-09-12 06:00:00,12,0,26
10,120,범계역,2026-09-12 08:00:00,14,0,26
10,120,범계역,2026-09-12 10:00:00,11,0,26
10,120,범계역,2026-09-12 12:00:00,10,0,26
10,120,범계역,2026-09-12 14:00:00,10,0,26
10,120,범계역,2026-09-12 16:00:00,10,0,26
10,120,범계역,2026-09-12 18:00:00,11,0,26
10,120,범계역,2026-09-12 20:00:00,11,0,26
10,120,범계역,2026-09-12 22:00:00,26,0,26
10,120,안양역,2026-09-12 00:00:00,4,0,11
10,120,안양역,2026-09-12 02:00:00,11,0,11
10,120,안양역,2026-09-12 04:00:00,11,0,11
10,120,안양역,2026-09-12 06:00:00,3,0,11
10,120,안양역,2026-09-12 08:00:00,4,0,11
10,120,안양역,2026-09-12 10:00:00,4,0,11
10,120,안양역,2026-09-12 12:00:00,4,0,11
10,120,안양역,2026-09-12 14:00:00,4,0,11
10,120,안양역,2026-09-12 16:00:00,3,0,11
10,120,안양역,2026-09-12 18:00:00,3,0,11
10,120,안양역,2026-09-12 20:00:00,4,0,11
10,120,안양역,2026-09-12 22:00:00,11,0,11
10,120,평촌역,2026-09-12 00:00:00,17,0,25
10,120,평촌역,2026-09-12 02:00:00,25,0,25
10,120,평촌역,2026-09-12 04:00:00,25,0,25
10,120,평촌역,2026-09-12 06:00:00,17,0,25
10,120,평촌역,2026-09-12 08:00:00,17,0,25
10,120,평촌역,2026-09-12 10:00:00,14,0,25
10,120,평촌역,2026-09-12 12:00:00,13,0,25
10,120,평촌역,2026-09-12 14:00:00,13,0,25
10,120,평촌역,2026-09-12 16:00:00,13,0,25
10,120,평촌역,2026-09-12 18:00:00,15,0,25
10,120,평촌역,2026-09-12 20:00:00,15,0,25
10,120,평촌역,2026-09-12 22:00:00,25,0,25
10,120,인덕원역,2026-09-12 00:00:00,4,0,7
10,120,인덕원역,2026-09-12 02:00:00,7,0,7
10,120,인덕원역,2026-09-12 04:00:00,7,0,7
10,120,인덕원역,2026-09-12 06:00:00,4,0,7
10,120,인덕원역,2026-09-12 08:00:00,4,0,7
10,120,인덕원역,2026-09-12 10:00:00,4,0,7
10,120,인덕원역,2026-09-12 12:00:00,4,0,7
10,120,인덕원역,2026-09-12 14:00:00,4,0,7
10,120,인덕원역,2026-09-12 16:00:00,4,0,7
10,120,인덕원역,2026-09-12 18:00:00,5,0,7
10,120,인덕원역,2026-09-12 20:00:00,5,0,7
10,120,인덕원역,2026-09-12 22:00:00,7,0,7
10,180,안양시청,2026-09-12 00:00:00,3,0,5
10,180,안양시청,2026-09-12 02:00:00,5,0,5
10,180,안양시청,2026-09-12 04:00:00,5,0,5
10,180,안양시청,2026-09-12 06:00:00,3,0,5
10,180,안양시청,2026-09-12 08:00:00,3,0,5
10,180,안양시청,2026-09-12 10:00:00,3,0,5
10,180,안양시청,2026-09-12 12:00:00,3,0,5
10,180,안양시청,2026-09-12 14:00:00,3,0,5
10,180,안양시청,2026-09-12 16:00:00,3,0,5
10,180,안양시청,2026-09-12 18:00:00,3,0,5
10,180,안양시청,2026-09-12 20:00:00,3,0,5
10,180,안양시청,2026-09-12 22:00:00,5,0,5
10,180,석수역,2026-09-12 00:00:00,1,0,5
10,180,석수역,2026-09-12 02:00:00,5,0,5
10,180,석수역,2026-09-12 04:00:00,5,0,5
10,180,석수역,2026-09-12 06:00:00,1,0,5
10,180,석수역,2026-09-12 08:00:00,2,0,5
10,180,석수역,2026-09-12 10:00:00,3,0,5
10,180,석수역,2026-09-12 12:00:00,2,0,5
10,180,석수역,2026-09-12 14:00:00,2,0,5
10,180,석수역,2026-09-12 16:00:00,3,0,5
10,180,석수역,2026-09-12 18:00:00,3,0,5
10,180,석수역,2026-09-12 20:00:00,2,0,5
10,180,석수역,2026-09-12 22:00:00,5,0,5
10,180,범계역,2026-09-12 00:00:00,14,0,26
10,180,범계역,2026-09-12 02:00:00,26,0,26
10,180,범계역,2026-09-12 04:00:00,26,0,26
10,180,범계역,2026-09-12 06:00:00,13,0,26
10,180,범계역,2026-09-12 08:00:00,14,0,26
10,180,범계역,2026-09-12 10:00:00,11,0,26
10,180,범계역,2026-09-12 12:00:00,10,0,26
10,180,범계역,2026-09-12 14:00:00,10,0,26
10,180,범계역,2026-09-12 16:00:00,10,0,26
10,180,범계역,2026-09-12 18:00:00,11,0,26
10,180,범계역,2026-09-12 20:00:00,14,0,26
10,180,범계역,2026-09-12 22:00:00,26,0,26
10,180,안양역,2026-09-12 00:00:00,4,0,11
10,180,안양역,2026-09-12 02:00:00,11,0,11
10,180,안양역,2026-09-12 04:00:00,11,0,11
10,180,안양역,2026-09-12 06:00:00,3,0,11
10,180,안양역,2026-09-12 08:00:00,4,0,11
10,180,안양역,2026-09-12 10:00:00,5,0,11
10,180,안양역,2026-09-12 12:00:00,4,0,11
10,180,안양역,2026-09-12 14:00:00,4,0,11
10,180,안양역,2026-09-12 16:00:00,3,0,11
10,180,안양역,2026-09-12 18:00:00,5,0,11
10,180,안양역,2026-09-12 20:00:00,4,0,11
10,180,안양역,2026-09-12 22:00:00,11,0,11
10,180,평촌역,2026-09-12 00:00:00,17,0,25
10,180,평촌역,2026-09-12 02:00:00,25,0,25
10,180,평촌역,2026-09-12 04:00:00,25,0,25
10,180,평촌역,2026-09-12 06:00:00,17,0,25
10,180,평촌역,2026-09-12 08:00:00,17,0,25
10,180,평촌역,2026-09-12 10:00:00,14,0,25
10,180,평촌역,2026-09-12 12:00:00,14,0,25
10,180,평촌역,2026-09-12 14:00:00,13,0,25
10,180,평촌역,2026-09-12 16:00:00,13,0,25
10,180,평촌역,2026-09-12 18:00:00,14,0,25
10,180,평촌역,2026-09-12 20:00:00,18,0,25
10,180,평촌역,2026-09-12 22:00:00,25,0,25
10,180,인덕원역,2026-09-12 00:00:00,4,0,7
10,180,인덕원역,2026-09-12 02:00:00,7,0,7
10,180,인덕원역,2026-09-12 04:00:00,7,0,7
10,180,인덕원역,2026-09-12 06:00:00,4,0,7
10,180,인덕원역,2026-09-12 08:00:00,4,0,7
10,180,인덕원역,2026-09-12 10:00:00,4,0,7
10,180,인덕원역,2026-09-12 12:00:00,4,0,7
10,180,인덕원역,2026-09-12 14:00:00,4,0,7
10,180,인덕원역,2026-09-12 16:00:00,4,0,7
10,180,인덕원역,2026-09-12 18:00:00,4,0,7
10,180,인덕원역,2026-09-12 20:00:00,5,0,7
10,180,인덕원역,2026-09-12 22:00:00,7,0,7
10,240,안양시청,2026-09-12 00:00:00,3,0,5
10,240,안양시청,2026-09-12 02:00:00,5,0,5
10,240,안양시청,2026-09-12 04:00:00,5,0,5
10,240,안양시청,2026-09-12 06:00:00,3,0,5
10,240,안양시청,2026-09-12 08:00:00,3,0,5
10,240,안양시청,2026-09-12 10:00:00,3,0,5
10,240,안양시청,2026-09-12 12:00:00,3,0,5
10,240,안양시청,2026-09-12 14:00:00,3,0,5
10,240,안양시청,2026-09-12 16:00:00,3,0,5
10,240,안양시청,2026-09-12 18:00:00,3,0,5
10,240,안양시청,2026-09-12 20:00:00,5,0,5
10,240,안양시청,2026-09-12 22:00:00,5,0,5
10,240,석수역,2026-09-12 00:00:00,1,0,5
10,240,석수역,2026-09-12 02:00:00,5,0,5
10,240,석수역,2026-09-12 04:00:00,5,0,5
10,240,석수역,2026-09-12 06:00:00,1,0,5
10,240,석수역,2026-09-12 08:00:00,2,0,5
10,240,석수역,2026-09-12 10:00:00,2,0,5
10,240,석수역,2026-09-12 12:00:00,3,0,5
10,240,석수역,2026-09-12 14:00:00,3,0,5
10,240,석수역,2026-09-12 16:00:00,3,0,5
10,240,석수역,2026-09-12 18:00:00,3,0,5
10,240,석수역,2026-09-12 20:00:00,5,0,5
10,240,석수역,2026-09-12 22:00:00,5,0,5
10,240,범계역,2026-09-12 00:00:00,13,0,26
10,240,범계역,2026-09-12 02:00:00,26,0,26
10,240,범계역,2026-09-12 04:00:00,26,0,26
10,240,범계역,2026-09-12 06:00:00,14,0,26
10,240,범계역,2026-09-12 08:00:00,13,0,26
10,240,범계역,2026-09-12 10:00:00,11,0,26
10,240,범계역,2026-09-12 12:00:00,9,0,26
10,240,범계역,2026-09-12 14:00:00,11,0,26
10,240,범계역,2026-09-12 16:00:00,11,0,26
10,240,범계역,2026-09-12 18:00:00,11,0,26
10,240,범계역,2026-09-12 20:00:00,26,0,26
10,240,범계역,2026-09-12 22:00:00,26,0,26
10,240,안양역,2026-09-12 00:00:00,4,0,11
10,240,안양역,2026-09-12 02:00:00,11,0,11
10,240,안양역,2026-09-12 04:00:00,11,0,11
10,240,안양역,2026-09-12 06:00:00,4,0,11
10,240,안양역,2026-09-12 08:00:00,4,0,11
10,240,안양역,2026-09-12 10:00:00,5,0,11
10,240,안양역,2026-09-12 12:00:00,3,0,11
10,240,안양역,2026-09-12 14:00:00,4,0,11
10,240,안양역,2026-09-12 16:00:00,2,0,11
10,240,안양역,2026-09-12 18:00:00,5,0,11
10,240,안양역,2026-09-12 20:00:00,11,0,11
10,240,안양역,2026-09-12 22:00:00,11,0,11
10,240,평촌역,2026-09-12 00:00:00,17,0,25
10,240,평촌역,2026-09-12 02:00:00,25,0,25
10,240,평촌역,2026-09-12 04:00:00,25,0,25
10,240,평촌역,2026-09-12 06:00:00,17,0,25
10,240,평촌역,2026-09-12 08:00:00,17,0,25
10,240,평촌역,2026-09-12 10:00:00,14,0,25
10,240,평촌역,2026-09-12 12:00:00,13,0,25
10,240,평촌역,2026-09-12 14:00:00,13,0,25
10,240,평촌역,2026-09-12 16:00:00,15,0,25
10,240,평촌역,2026-09-12 18:00:00,14,0,25
10,240,평촌역,2026-09-12 20:00:00,25,0,25
10,240,평촌역,2026-09-12 22:00:00,25,0,25
10,240,인덕원역,2026-09-12 00:00:00,4,0,7
10,240,인덕원역,2026-09-12 02:00:00,7,0,7
10,240,인덕원역,2026-09-12 04:00:00,7,0,7
10,240,인덕원역,2026-09-12 06:00:00,4,0,7
10,240,인덕원역,2026-09-12 08:00:00,4,0,7
10,240,인덕원역,2026-09-12 10:00:00,4,0,7
10,240,인덕원역,2026-09-12 12:00:00,4,0,7
10,240,인덕원역,2026-09-12 14:00:00,4,0,7
10,240,인덕원역,2026-09-12 16:00:00,5,0,7
10,240,인덕원역,2026-09-12 18:00:00,4,0,7
10,240,인덕원역,2026-09-12 20:00:00,7,0,7
10,240,인덕원역,2026-09-12 22:00:00,7,0,7
10,360,안양시청,2026-09-12 00:00:00,3,0,5
10,360,안양시청,2026-09-12 02:00:00,5,0,5
10,360,안양시청,2026-09-12 04:00:00,5,0,5
10,360,안양시청,2026-09-12 06:00:00,3,0,5
10,360,안양시청,2026-09-12 08:00:00,3,0,5
10,360,안양시청,2026-09-12 10:00:00,3,0,5
10,360,안양시청,2026-09-12 12:00:00,3,0,5
10,360,안양시청,2026-09-12 14:00:00,3,0,5
10,360,안양시청,2026-09-12 16:00:00,3,0,5
10,360,안양시청,2026-09-12 18:00:00,5,0,5
10,360,안양시청,2026-09-12 20:00:00,5,0,5
10,360,안양시청,2026-09-12 22:00:00,5,0,5
10,360,석수역,2026-09-12 00:00:00,1,0,5
10,360,석수역,2026-09-12 02:00:00,5,0,5
10,360,석수역,2026-09-12 04:00:00,5,0,5
10,360,석수역,2026-09-12 06:00:00,2,0,5
10,360,석수역,2026-09-12 08:00:00,2,0,5
10,360,석수역,2026-09-12 10:00:00,3,0,5
10,360,석수역,2026-09-12 12:00:00,3,0,5
10,360,석수역,2026-09-12 14:00:00,3,0,5
10,360,석수역,2026-09-12 16:00:00,3,0,5
10,360,석수역,2026-09-12 18:00:00,5,0,5
10,360,석수역,2026-09-12 20:00:00,5,0,5
10,360,석수역,2026-09-12 22:00:00,5,0,5
10,360,범계역,2026-09-12 00:00:00,13,0,26
10,360,범계역,2026-09-12 02:00:00,26,0,26
10,360,범계역,2026-09-12 04:00:00,26,0,26
10,360,범계역,2026-09-12 06:00:00,13,0,26
10,360,범계역,2026-09-12 08:00:00,14,0,26
10,360,범계역,2026-09-12 10:00:00,11,0,26
10,360,범계역,2026-09-12 12:00:00,10,0,26
10,360,범계역,2026-09-12 14:00:00,12,0,26
10,360,범계역,2026-09-12 16:00:00,10,0,26
10,360,범계역,2026-09-12 18:00:00,26,0,26
10,360,범계역,2026-09-12 20:00:00,26,0,26
10,360,범계역,2026-09-12 22:00:00,26,0,26
10,360,안양역,2026-09-12 00:00:00,4,0,11
10,360,안양역,2026-09-12 02:00:00,11,0,11
10,360,안양역,2026-09-12 04:00:00,11,0,11
10,360,안양역,2026-09-12 06:00:00,4,0,11
10,360,안양역,2026-09-12 08:00:00,5,0,11
10,360,안양역,2026-09-12 10:00:00,4,0,11
10,360,안양역,2026-09-12 12:00:00,4,0,11
10,360,안양역,2026-09-12 14:00:00,4,0,11
10,360,안양역,2026-09-12 16:00:00,4,0,11
10,360,안양역,2026-09-12 18:00:00,11,0,11
10,360,안양역,2026-09-12 20:00:00,11,0,11
10,360,안양역,2026-09-12 22:00:00,11,0,11
10,360,평촌역,2026-09-12 00:00:00,17,0,25
10,360,평촌역,2026-09-12 02:00:00,25,0,25
10,360,평촌역,2026-09-12 04:00:00,25,0,25
10,360,평촌역,2026-09-12 06:00:00,17,0,25
10,360,평촌역,2026-09-12 08:00:00,17,0,25
10,360,평촌역,2026-09-12 10:00:00,14,0,25
10,360,평촌역,2026-09-12 12:00:00,13,0,25
10,360,평촌역,2026-09-12 14:00:00,15,0,25
10,360,평촌역,2026-09-12 16:00:00,14,0,25
10,360,평촌역,2026-09-12 18:00:00,25,0,25
10,360,평촌역,2026-09-12 20:00:00,25,0,25
10,360,평촌역,2026-09-12 22:00:00,25,0,25
10,360,인덕원역,2026-09-12 00:00:00,4,0,7
10,360,인덕원역,2026-09-12 02:00:00,7,0,7
10,360,인덕원역,2026-09-12 04:00:00,7,0,7
10,360,인덕원역,2026-09-12 06:00:00,4,0,7
10,360,인덕원역,2026-09-12 08:00:00,4,0,7
10,360,인덕원역,2026-09-12 10:00:00,4,0,7
10,360,인덕원역,2026-09-12 12:00:00,4,0,7
10,360,인덕원역,2026-09-12 14:00:00,5,0,7
10,360,인덕원역,2026-09-12 16:00:00,4,0,7
10,360,인덕원역,2026-09-12 18:00:00,7,0,7
10,360,인덕원역,2026-09-12 20:00:00,7,0,7
10,360,인덕원역,2026-09-12 22:00:00,7,0,7
11,15,안양시청,2026-09-13 00:00:00,3,0,5
11,15,안양시청,2026-09-13 02:00:00,3,0,5
11,15,안양시청,2026-09-13 04:00:00,3,0,5
11,15,안양시청,2026-09-13 06:00:00,3,0,5
11,15,안양시청,2026-09-13 08:00:00,3,0,5
11,15,안양시청,2026-09-13 10:00:00,3,0,5
11,15,안양시청,2026-09-13 12:00:00,3,0,5
11,15,안양시청,2026-09-13 14:00:00,3,0,5
11,15,안양시청,2026-09-13 16:00:00,3,0,5
11,15,안양시청,2026-09-13 18:00:00,3,0,5
11,15,안양시청,2026-09-13 20:00:00,3,0,5
11,15,안양시청,2026-09-13 22:00:00,3,0,5
11,15,석수역,2026-09-13 00:00:00,1,0,5
11,15,석수역,2026-09-13 02:00:00,1,0,5
11,15,석수역,2026-09-13 04:00:00,1,0,5
11,15,석수역,2026-09-13 06:00:00,2,0,5
11,15,석수역,2026-09-13 08:00:00,1,0,5
11,15,석수역,2026-09-13 10:00:00,2,0,5
11,15,석수역,2026-09-13 12:00:00,1,0,5
11,15,석수역,2026-09-13 14:00:00,1,0,5
11,15,석수역,2026-09-13 16:00:00,1,0,5
11,15,석수역,2026-09-13 18:00:00,1,0,5
11,15,석수역,2026-09-13 20:00:00,1,0,5
11,15,석수역,2026-09-13 22:00:00,1,0,5
11,15,범계역,2026-09-13 00:00:00,12,0,26
11,15,범계역,2026-09-13 02:00:00,13,0,26
11,15,범계역,2026-09-13 04:00:00,12,0,26
11,15,범계역,2026-09-13 06:00:00,12,0,26
11,15,범계역,2026-09-13 08:00:00,12,0,26
11,15,범계역,2026-09-13 10:00:00,12,0,26
11,15,범계역,2026-09-13 12:00:00,13,0,26
11,15,범계역,2026-09-13 14:00:00,12,0,26
11,15,범계역,2026-09-13 16:00:00,12,0,26
11,15,범계역,2026-09-13 18:00:00,12,0,26
11,15,범계역,2026-09-13 20:00:00,12,0,26
11,15,범계역,2026-09-13 22:00:00,13,0,26
11,15,안양역,2026-09-13 00:00:00,4,0,11
11,15,안양역,2026-09-13 02:00:00,4,0,11
11,15,안양역,2026-09-13 04:00:00,4,0,11
11,15,안양역,2026-09-13 06:00:00,4,0,11
11,15,안양역,2026-09-13 08:00:00,4,0,11
11,15,안양역,2026-09-13 10:00:00,2,0,11
11,15,안양역,2026-09-13 12:00:00,4,0,11
11,15,안양역,2026-09-13 14:00:00,3,0,11
11,15,안양역,2026-09-13 16:00:00,2,0,11
11,15,안양역,2026-09-13 18:00:00,2,0,11
11,15,안양역,2026-09-13 20:00:00,2,0,11
11,15,안양역,2026-09-13 22:00:00,4,0,11
11,15,평촌역,2026-09-13 00:00:00,17,0,25
11,15,평촌역,2026-09-13 02:00:00,17,0,25
11,15,평촌역,2026-09-13 04:00:00,18,0,25
11,15,평촌역,2026-09-13 06:00:00,17,0,25
11,15,평촌역,2026-09-13 08:00:00,17,0,25
11,15,평촌역,2026-09-13 10:00:00,17,0,25
11,15,평촌역,2026-09-13 12:00:00,18,0,25
11,15,평촌역,2026-09-13 14:00:00,17,0,25
11,15,평촌역,2026-09-13 16:00:00,17,0,25
11,15,평촌역,2026-09-13 18:00:00,17,0,25
11,15,평촌역,2026-09-13 20:00:00,17,0,25
11,15,평촌역,2026-09-13 22:00:00,17,0,25
11,15,인덕원역,2026-09-13 00:00:00,4,0,7
11,15,인덕원역,2026-09-13 02:00:00,4,0,7
11,15,인덕원역,2026-09-13 04:00:00,4,0,7
11,15,인덕원역,2026-09-13 06:00:00,4,0,7
11,15,인덕원역,2026-09-13 08:00:00,4,0,7
11,15,인덕원역,2026-09-13 10:00:00,4,0,7
11,15,인덕원역,2026-09-13 12:00:00,5,0,7
11,15,인덕원역,2026-09-13 14:00:00,4,0,7
11,15,인덕원역,2026-09-13 16:00:00,4,0,7
11,15,인덕원역,2026-09-13 18:00:00,4,0,7
11,15,인덕원역,2026-09-13 20:00:00,4,0,7
11,15,인덕원역,2026-09-13 22:00:00,4,0,7
11,30,안양시청,2026-09-13 00:00:00,3,0,5
11,30,안양시청,2026-09-13 02:00:00,3,0,5
11,30,안양시청,2026-09-13 04:00:00,3,0,5
11,30,안양시청,2026-09-13 06:00:00,3,0,5
11,30,안양시청,2026-09-13 08:00:00,3,0,5
11,30,안양시청,2026-09-13 10:00:00,3,0,5
11,30,안양시청,2026-09-13 12:00:00,3,0,5
11,30,안양시청,2026-09-13 14:00:00,3,0,5
11,30,안양시청,2026-09-13 16:00:00,3,0,5
11,30,안양시청,2026-09-13 18:00:00,3,0,5
11,30,안양시청,2026-09-13 20:00:00,3,0,5
11,30,안양시청,2026-09-13 22:00:00,3,0,5
11,30,석수역,2026-09-13 00:00:00,1,0,5
11,30,석수역,2026-09-13 02:00:00,1,0,5
11,30,석수역,2026-09-13 04:00:00,1,0,5
11,30,석수역,2026-09-13 06:00:00,2,0,5
11,30,석수역,2026-09-13 08:00:00,1,0,5
11,30,석수역,2026-09-13 10:00:00,2,0,5
11,30,석수역,2026-09-13 12:00:00,1,0,5
11,30,석수역,2026-09-13 14:00:00,1,0,5
11,30,석수역,2026-09-13 16:00:00,1,0,5
11,30,석수역,2026-09-13 18:00:00,1,0,5
11,30,석수역,2026-09-13 20:00:00,1,0,5
11,30,석수역,2026-09-13 22:00:00,1,0,5
11,30,범계역,2026-09-13 00:00:00,12,0,26
11,30,범계역,2026-09-13 02:00:00,13,0,26
11,30,범계역,2026-09-13 04:00:00,12,0,26
11,30,범계역,2026-09-13 06:00:00,12,0,26
11,30,범계역,2026-09-13 08:00:00,12,0,26
11,30,범계역,2026-09-13 10:00:00,12,0,26
11,30,범계역,2026-09-13 12:00:00,13,0,26
11,30,범계역,2026-09-13 14:00:00,12,0,26
11,30,범계역,2026-09-13 16:00:00,12,0,26
11,30,범계역,2026-09-13 18:00:00,12,0,26
11,30,범계역,2026-09-13 20:00:00,12,0,26
11,30,범계역,2026-09-13 22:00:00,13,0,26
11,30,안양역,2026-09-13 00:00:00,4,0,11
11,30,안양역,2026-09-13 02:00:00,4,0,11
11,30,안양역,2026-09-13 04:00:00,4,0,11
11,30,안양역,2026-09-13 06:00:00,4,0,11
11,30,안양역,2026-09-13 08:00:00,4,0,11
11,30,안양역,2026-09-13 10:00:00,2,0,11
11,30,안양역,2026-09-13 12:00:00,4,0,11
11,30,안양역,2026-09-13 14:00:00,3,0,11
11,30,안양역,2026-09-13 16:00:00,2,0,11
11,30,안양역,2026-09-13 18:00:00,2,0,11
11,30,안양역,2026-09-13 20:00:00,2,0,11
11,30,안양역,2026-09-13 22:00:00,4,0,11
11,30,평촌역,2026-09-13 00:00:00,17,0,25
11,30,평촌역,2026-09-13 02:00:00,17,0,25
11,30,평촌역,2026-09-13 04:00:00,18,0,25
11,30,평촌역,2026-09-13 06:00:00,17,0,25
11,30,평촌역,2026-09-13 08:00:00,17,0,25
11,30,평촌역,2026-09-13 10:00:00,17,0,25
11,30,평촌역,2026-09-13 12:00:00,18,0,25
11,30,평촌역,2026-09-13 14:00:00,17,0,25
11,30,평촌역,2026-09-13 16:00:00,17,0,25
11,30,평촌역,2026-09-13 18:00:00,17,0,25
11,30,평촌역,2026-09-13 20:00:00,17,0,25
11,30,평촌역,2026-09-13 22:00:00,17,0,25
11,30,인덕원역,2026-09-13 00:00:00,4,0,7
11,30,인덕원역,2026-09-13 02:00:00,4,0,7
11,30,인덕원역,2026-09-13 04:00:00,4,0,7
11,30,인덕원역,2026-09-13 06:00:00,4,0,7
11,30,인덕원역,2026-09-13 08:00:00,4,0,7
11,30,인덕원역,2026-09-13 10:00:00,4,0,7
11,30,인덕원역,2026-09-13 12:00:00,5,0,7
11,30,인덕원역,2026-09-13 14:00:00,4,0,7
11,30,인덕원역,2026-09-13 16:00:00,4,0,7
11,30,인덕원역,2026-09-13 18:00:00,4,0,7
11,30,인덕원역,2026-09-13 20:00:00,4,0,7
11,30,인덕원역,2026-09-13 22:00:00,4,0,7
11,60,안양시청,2026-09-13 00:00:00,3,0,5
11,60,안양시청,2026-09-13 02:00:00,3,0,5
11,60,안양시청,2026-09-13 04:00:00,4,0,5
11,60,안양시청,2026-09-13 06:00:00,3,0,5
11,60,안양시청,2026-09-13 08:00:00,3,0,5
11,60,안양시청,2026-09-13 10:00:00,3,0,5
11,60,안양시청,2026-09-13 12:00:00,3,0,5
11,60,안양시청,2026-09-13 14:00:00,3,0,5
11,60,안양시청,2026-09-13 16:00:00,3,0,5
11,60,안양시청,2026-09-13 18:00:00,3,0,5
11,60,안양시청,2026-09-13 20:00:00,3,0,5
11,60,안양시청,2026-09-13 22:00:00,3,0,5
11,60,석수역,2026-09-13 00:00:00,2,0,5
11,60,석수역,2026-09-13 02:00:00,1,0,5
11,60,석수역,2026-09-13 04:00:00,1,0,5
11,60,석수역,2026-09-13 06:00:00,2,0,5
11,60,석수역,2026-09-13 08:00:00,1,0,5
11,60,석수역,2026-09-13 10:00:00,2,0,5
11,60,석수역,2026-09-13 12:00:00,1,0,5
11,60,석수역,2026-09-13 14:00:00,1,0,5
11,60,석수역,2026-09-13 16:00:00,1,0,5
11,60,석수역,2026-09-13 18:00:00,1,0,5
11,60,석수역,2026-09-13 20:00:00,1,0,5
11,60,석수역,2026-09-13 22:00:00,1,0,5
11,60,범계역,2026-09-13 00:00:00,12,0,26
11,60,범계역,2026-09-13 02:00:00,14,0,26
11,60,범계역,2026-09-13 04:00:00,13,0,26
11,60,범계역,2026-09-13 06:00:00,12,0,26
11,60,범계역,2026-09-13 08:00:00,12,0,26
11,60,범계역,2026-09-13 10:00:00,12,0,26
11,60,범계역,2026-09-13 12:00:00,13,0,26
11,60,범계역,2026-09-13 14:00:00,12,0,26
11,60,범계역,2026-09-13 16:00:00,12,0,26
11,60,범계역,2026-09-13 18:00:00,12,0,26
11,60,범계역,2026-09-13 20:00:00,12,0,26
11,60,범계역,2026-09-13 22:00:00,13,0,26
11,60,안양역,2026-09-13 00:00:00,4,0,11
11,60,안양역,2026-09-13 02:00:00,4,0,11
11,60,안양역,2026-09-13 04:00:00,4,0,11
11,60,안양역,2026-09-13 06:00:00,4,0,11
11,60,안양역,2026-09-13 08:00:00,4,0,11
11,60,안양역,2026-09-13 10:00:00,4,0,11
11,60,안양역,2026-09-13 12:00:00,5,0,11
11,60,안양역,2026-09-13 14:00:00,3,0,11
11,60,안양역,2026-09-13 16:00:00,2,0,11
11,60,안양역,2026-09-13 18:00:00,2,0,11
11,60,안양역,2026-09-13 20:00:00,4,0,11
11,60,안양역,2026-09-13 22:00:00,4,0,11
11,60,평촌역,2026-09-13 00:00:00,17,0,25
11,60,평촌역,2026-09-13 02:00:00,18,0,25
11,60,평촌역,2026-09-13 04:00:00,19,0,25
11,60,평촌역,2026-09-13 06:00:00,17,0,25
11,60,평촌역,2026-09-13 08:00:00,17,0,25
11,60,평촌역,2026-09-13 10:00:00,18,0,25
11,60,평촌역,2026-09-13 12:00:00,18,0,25
11,60,평촌역,2026-09-13 14:00:00,17,0,25
11,60,평촌역,2026-09-13 16:00:00,17,0,25
11,60,평촌역,2026-09-13 18:00:00,17,0,25
11,60,평촌역,2026-09-13 20:00:00,17,0,25
11,60,평촌역,2026-09-13 22:00:00,18,0,25
11,60,인덕원역,2026-09-13 00:00:00,4,0,7
11,60,인덕원역,2026-09-13 02:00:00,4,0,7
11,60,인덕원역,2026-09-13 04:00:00,4,0,7
11,60,인덕원역,2026-09-13 06:00:00,4,0,7
11,60,인덕원역,2026-09-13 08:00:00,4,0,7
11,60,인덕원역,2026-09-13 10:00:00,5,0,7
11,60,인덕원역,2026-09-13 12:00:00,5,0,7
11,60,인덕원역,2026-09-13 14:00:00,4,0,7
11,60,인덕원역,2026-09-13 16:00:00,4,0,7
11,60,인덕원역,2026-09-13 18:00:00,4,0,7
11,60,인덕원역,2026-09-13 20:00:00,4,0,7
11,60,인덕원역,2026-09-13 22:00:00,4,0,7
11,120,안양시청,2026-09-13 00:00:00,3,0,5
11,120,안양시청,2026-09-13 02:00:00,3,0,5
11,120,안양시청,2026-09-13 04:00:00,3,0,5
11,120,안양시청,2026-09-13 06:00:00,3,0,5
11,120,안양시청,2026-09-13 08:00:00,3,0,5
11,120,안양시청,2026-09-13 10:00:00,3,0,5
11,120,안양시청,2026-09-13 12:00:00,3,0,5
11,120,안양시청,2026-09-13 14:00:00,3,0,5
11,120,안양시청,2026-09-13 16:00:00,3,0,5
11,120,안양시청,2026-09-13 18:00:00,3,0,5
11,120,안양시청,2026-09-13 20:00:00,3,0,5
11,120,안양시청,2026-09-13 22:00:00,5,0,5
11,120,석수역,2026-09-13 00:00:00,1,0,5
11,120,석수역,2026-09-13 02:00:00,1,0,5
11,120,석수역,2026-09-13 04:00:00,2,0,5
11,120,석수역,2026-09-13 06:00:00,2,0,5
11,120,석수역,2026-09-13 08:00:00,2,0,5
11,120,석수역,2026-09-13 10:00:00,2,0,5
11,120,석수역,2026-09-13 12:00:00,1,0,5
11,120,석수역,2026-09-13 14:00:00,1,0,5
11,120,석수역,2026-09-13 16:00:00,1,0,5
11,120,석수역,2026-09-13 18:00:00,1,0,5
11,120,석수역,2026-09-13 20:00:00,1,0,5
11,120,석수역,2026-09-13 22:00:00,5,0,5
11,120,범계역,2026-09-13 00:00:00,13,0,26
11,120,범계역,2026-09-13 02:00:00,13,0,26
11,120,범계역,2026-09-13 04:00:00,12,0,26
11,120,범계역,2026-09-13 06:00:00,12,0,26
11,120,범계역,2026-09-13 08:00:00,12,0,26
11,120,범계역,2026-09-13 10:00:00,13,0,26
11,120,범계역,2026-09-13 12:00:00,13,0,26
11,120,범계역,2026-09-13 14:00:00,12,0,26
11,120,범계역,2026-09-13 16:00:00,12,0,26
11,120,범계역,2026-09-13 18:00:00,12,0,26
11,120,범계역,2026-09-13 20:00:00,13,0,26
11,120,범계역,2026-09-13 22:00:00,26,0,26
11,120,안양역,2026-09-13 00:00:00,4,0,11
11,120,안양역,2026-09-13 02:00:00,4,0,11
11,120,안양역,2026-09-13 04:00:00,4,0,11
11,120,안양역,2026-09-13 06:00:00,4,0,11
11,120,안양역,2026-09-13 08:00:00,4,0,11
11,120,안양역,2026-09-13 10:00:00,4,0,11
11,120,안양역,2026-09-13 12:00:00,4,0,11
11,120,안양역,2026-09-13 14:00:00,3,0,11
11,120,안양역,2026-09-13 16:00:00,2,0,11
11,120,안양역,2026-09-13 18:00:00,2,0,11
11,120,안양역,2026-09-13 20:00:00,4,0,11
11,120,안양역,2026-09-13 22:00:00,11,0,11
11,120,평촌역,2026-09-13 00:00:00,17,0,25
11,120,평촌역,2026-09-13 02:00:00,18,0,25
11,120,평촌역,2026-09-13 04:00:00,18,0,25
11,120,평촌역,2026-09-13 06:00:00,17,0,25
11,120,평촌역,2026-09-13 08:00:00,17,0,25
11,120,평촌역,2026-09-13 10:00:00,18,0,25
11,120,평촌역,2026-09-13 12:00:00,18,0,25
11,120,평촌역,2026-09-13 14:00:00,17,0,25
11,120,평촌역,2026-09-13 16:00:00,17,0,25
11,120,평촌역,2026-09-13 18:00:00,17,0,25
11,120,평촌역,2026-09-13 20:00:00,17,0,25
11,120,평촌역,2026-09-13 22:00:00,25,0,25
11,120,인덕원역,2026-09-13 00:00:00,4,0,7
11,120,인덕원역,2026-09-13 02:00:00,4,0,7
11,120,인덕원역,2026-09-13 04:00:00,4,0,7
11,120,인덕원역,2026-09-13 06:00:00,4,0,7
11,120,인덕원역,2026-09-13 08:00:00,4,0,7
11,120,인덕원역,2026-09-13 10:00:00,5,0,7
11,120,인덕원역,2026-09-13 12:00:00,5,0,7
11,120,인덕원역,2026-09-13 14:00:00,4,0,7
11,120,인덕원역,2026-09-13 16:00:00,4,0,7
11,120,인덕원역,2026-09-13 18:00:00,4,0,7
11,120,인덕원역,2026-09-13 20:00:00,4,0,7
11,120,인덕원역,2026-09-13 22:00:00,7,0,7
11,180,안양시청,2026-09-13 00:00:00,3,0,5
11,180,안양시청,2026-09-13 02:00:00,4,0,5
11,180,안양시청,2026-09-13 04:00:00,3,0,5
11,180,안양시청,2026-09-13 06:00:00,3,0,5
11,180,안양시청,2026-09-13 08:00:00,3,0,5
11,180,안양시청,2026-09-13 10:00:00,3,0,5
11,180,안양시청,2026-09-13 12:00:00,3,0,5
11,180,안양시청,2026-09-13 14:00:00,3,0,5
11,180,안양시청,2026-09-13 16:00:00,3,0,5
11,180,안양시청,2026-09-13 18:00:00,3,0,5
11,180,안양시청,2026-09-13 20:00:00,3,0,5
11,180,안양시청,2026-09-13 22:00:00,5,0,5
11,180,석수역,2026-09-13 00:00:00,1,0,5
11,180,석수역,2026-09-13 02:00:00,1,0,5
11,180,석수역,2026-09-13 04:00:00,2,0,5
11,180,석수역,2026-09-13 06:00:00,2,0,5
11,180,석수역,2026-09-13 08:00:00,2,0,5
11,180,석수역,2026-09-13 10:00:00,2,0,5
11,180,석수역,2026-09-13 12:00:00,1,0,5
11,180,석수역,2026-09-13 14:00:00,1,0,5
11,180,석수역,2026-09-13 16:00:00,1,0,5
11,180,석수역,2026-09-13 18:00:00,1,0,5
11,180,석수역,2026-09-13 20:00:00,1,0,5
11,180,석수역,2026-09-13 22:00:00,5,0,5
11,180,범계역,2026-09-13 00:00:00,13,0,26
11,180,범계역,2026-09-13 02:00:00,14,0,26
11,180,범계역,2026-09-13 04:00:00,12,0,26
11,180,범계역,2026-09-13 06:00:00,12,0,26
11,180,범계역,2026-09-13 08:00:00,12,0,26
11,180,범계역,2026-09-13 10:00:00,13,0,26
11,180,범계역,2026-09-13 12:00:00,13,0,26
11,180,범계역,2026-09-13 14:00:00,12,0,26
11,180,범계역,2026-09-13 16:00:00,12,0,26
11,180,범계역,2026-09-13 18:00:00,12,0,26
11,180,범계역,2026-09-13 20:00:00,13,0,26
11,180,범계역,2026-09-13 22:00:00,26,0,26
11,180,안양역,2026-09-13 00:00:00,4,0,11
11,180,안양역,2026-09-13 02:00:00,4,0,11
11,180,안양역,2026-09-13 04:00:00,4,0,11
11,180,안양역,2026-09-13 06:00:00,4,0,11
11,180,안양역,2026-09-13 08:00:00,6,0,11
11,180,안양역,2026-09-13 10:00:00,5,0,11
11,180,안양역,2026-09-13 12:00:00,4,0,11
11,180,안양역,2026-09-13 14:00:00,3,0,11
11,180,안양역,2026-09-13 16:00:00,2,0,11
11,180,안양역,2026-09-13 18:00:00,4,0,11
11,180,안양역,2026-09-13 20:00:00,4,0,11
11,180,안양역,2026-09-13 22:00:00,11,0,11
11,180,평촌역,2026-09-13 00:00:00,18,0,25
11,180,평촌역,2026-09-13 02:00:00,18,0,25
11,180,평촌역,2026-09-13 04:00:00,18,0,25
11,180,평촌역,2026-09-13 06:00:00,17,0,25
11,180,평촌역,2026-09-13 08:00:00,18,0,25
11,180,평촌역,2026-09-13 10:00:00,17,0,25
11,180,평촌역,2026-09-13 12:00:00,18,0,25
11,180,평촌역,2026-09-13 14:00:00,17,0,25
11,180,평촌역,2026-09-13 16:00:00,17,0,25
11,180,평촌역,2026-09-13 18:00:00,17,0,25
11,180,평촌역,2026-09-13 20:00:00,18,0,25
11,180,평촌역,2026-09-13 22:00:00,25,0,25
11,180,인덕원역,2026-09-13 00:00:00,4,0,7
11,180,인덕원역,2026-09-13 02:00:00,4,0,7
11,180,인덕원역,2026-09-13 04:00:00,4,0,7
11,180,인덕원역,2026-09-13 06:00:00,4,0,7
11,180,인덕원역,2026-09-13 08:00:00,5,0,7
11,180,인덕원역,2026-09-13 10:00:00,4,0,7
11,180,인덕원역,2026-09-13 12:00:00,5,0,7
11,180,인덕원역,2026-09-13 14:00:00,4,0,7
11,180,인덕원역,2026-09-13 16:00:00,4,0,7
11,180,인덕원역,2026-09-13 18:00:00,4,0,7
11,180,인덕원역,2026-09-13 20:00:00,4,0,7
11,180,인덕원역,2026-09-13 22:00:00,7,0,7
11,240,안양시청,2026-09-13 00:00:00,3,0,5
11,240,안양시청,2026-09-13 02:00:00,3,0,5
11,240,안양시청,2026-09-13 04:00:00,3,0,5
11,240,안양시청,2026-09-13 06:00:00,3,0,5
11,240,안양시청,2026-09-13 08:00:00,3,0,5
11,240,안양시청,2026-09-13 10:00:00,3,0,5
11,240,안양시청,2026-09-13 12:00:00,3,0,5
11,240,안양시청,2026-09-13 14:00:00,3,0,5
11,240,안양시청,2026-09-13 16:00:00,3,0,5
11,240,안양시청,2026-09-13 18:00:00,3,0,5
11,240,안양시청,2026-09-13 20:00:00,5,0,5
11,240,안양시청,2026-09-13 22:00:00,5,0,5
11,240,석수역,2026-09-13 00:00:00,1,0,5
11,240,석수역,2026-09-13 02:00:00,2,0,5
11,240,석수역,2026-09-13 04:00:00,1,0,5
11,240,석수역,2026-09-13 06:00:00,3,0,5
11,240,석수역,2026-09-13 08:00:00,1,0,5
11,240,석수역,2026-09-13 10:00:00,2,0,5
11,240,석수역,2026-09-13 12:00:00,1,0,5
11,240,석수역,2026-09-13 14:00:00,1,0,5
11,240,석수역,2026-09-13 16:00:00,1,0,5
11,240,석수역,2026-09-13 18:00:00,1,0,5
11,240,석수역,2026-09-13 20:00:00,5,0,5
11,240,석수역,2026-09-13 22:00:00,5,0,5
11,240,범계역,2026-09-13 00:00:00,12,0,26
11,240,범계역,2026-09-13 02:00:00,13,0,26
11,240,범계역,2026-09-13 04:00:00,12,0,26
11,240,범계역,2026-09-13 06:00:00,12,0,26
11,240,범계역,2026-09-13 08:00:00,13,0,26
11,240,범계역,2026-09-13 10:00:00,12,0,26
11,240,범계역,2026-09-13 12:00:00,13,0,26
11,240,범계역,2026-09-13 14:00:00,12,0,26
11,240,범계역,2026-09-13 16:00:00,12,0,26
11,240,범계역,2026-09-13 18:00:00,13,0,26
11,240,범계역,2026-09-13 20:00:00,26,0,26
11,240,범계역,2026-09-13 22:00:00,26,0,26
11,240,안양역,2026-09-13 00:00:00,4,0,11
11,240,안양역,2026-09-13 02:00:00,4,0,11
11,240,안양역,2026-09-13 04:00:00,4,0,11
11,240,안양역,2026-09-13 06:00:00,4,0,11
11,240,안양역,2026-09-13 08:00:00,6,0,11
11,240,안양역,2026-09-13 10:00:00,3,0,11
11,240,안양역,2026-09-13 12:00:00,4,0,11
11,240,안양역,2026-09-13 14:00:00,3,0,11
11,240,안양역,2026-09-13 16:00:00,2,0,11
11,240,안양역,2026-09-13 18:00:00,4,0,11
11,240,안양역,2026-09-13 20:00:00,11,0,11
11,240,안양역,2026-09-13 22:00:00,11,0,11
11,240,평촌역,2026-09-13 00:00:00,18,0,25
11,240,평촌역,2026-09-13 02:00:00,17,0,25
11,240,평촌역,2026-09-13 04:00:00,18,0,25
11,240,평촌역,2026-09-13 06:00:00,17,0,25
11,240,평촌역,2026-09-13 08:00:00,18,0,25
11,240,평촌역,2026-09-13 10:00:00,17,0,25
11,240,평촌역,2026-09-13 12:00:00,18,0,25
11,240,평촌역,2026-09-13 14:00:00,17,0,25
11,240,평촌역,2026-09-13 16:00:00,17,0,25
11,240,평촌역,2026-09-13 18:00:00,17,0,25
11,240,평촌역,2026-09-13 20:00:00,25,0,25
11,240,평촌역,2026-09-13 22:00:00,25,0,25
11,240,인덕원역,2026-09-13 00:00:00,4,0,7
11,240,인덕원역,2026-09-13 02:00:00,4,0,7
11,240,인덕원역,2026-09-13 04:00:00,4,0,7
11,240,인덕원역,2026-09-13 06:00:00,4,0,7
11,240,인덕원역,2026-09-13 08:00:00,5,0,7
11,240,인덕원역,2026-09-13 10:00:00,4,0,7
11,240,인덕원역,2026-09-13 12:00:00,5,0,7
11,240,인덕원역,2026-09-13 14:00:00,4,0,7
11,240,인덕원역,2026-09-13 16:00:00,4,0,7
11,240,인덕원역,2026-09-13 18:00:00,4,0,7
11,240,인덕원역,2026-09-13 20:00:00,7,0,7
11,240,인덕원역,2026-09-13 22:00:00,7,0,7
11,360,안양시청,2026-09-13 00:00:00,3,0,5
11,360,안양시청,2026-09-13 02:00:00,3,0,5
11,360,안양시청,2026-09-13 04:00:00,3,0,5
11,360,안양시청,2026-09-13 06:00:00,3,0,5
11,360,안양시청,2026-09-13 08:00:00,3,0,5
11,360,안양시청,2026-09-13 10:00:00,3,0,5
11,360,안양시청,2026-09-13 12:00:00,3,0,5
11,360,안양시청,2026-09-13 14:00:00,3,0,5
11,360,안양시청,2026-09-13 16:00:00,3,0,5
11,360,안양시청,2026-09-13 18:00:00,5,0,5
11,360,안양시청,2026-09-13 20:00:00,5,0,5
11,360,안양시청,2026-09-13 22:00:00,5,0,5
11,360,석수역,2026-09-13 00:00:00,2,0,5
11,360,석수역,2026-09-13 02:00:00,1,0,5
11,360,석수역,2026-09-13 04:00:00,2,0,5
11,360,석수역,2026-09-13 06:00:00,2,0,5
11,360,석수역,2026-09-13 08:00:00,1,0,5
11,360,석수역,2026-09-13 10:00:00,2,0,5
11,360,석수역,2026-09-13 12:00:00,1,0,5
11,360,석수역,2026-09-13 14:00:00,1,0,5
11,360,석수역,2026-09-13 16:00:00,1,0,5
11,360,석수역,2026-09-13 18:00:00,5,0,5
11,360,석수역,2026-09-13 20:00:00,5,0,5
11,360,석수역,2026-09-13 22:00:00,5,0,5
11,360,범계역,2026-09-13 00:00:00,12,0,26
11,360,범계역,2026-09-13 02:00:00,13,0,26
11,360,범계역,2026-09-13 04:00:00,12,0,26
11,360,범계역,2026-09-13 06:00:00,13,0,26
11,360,범계역,2026-09-13 08:00:00,12,0,26
11,360,범계역,2026-09-13 10:00:00,12,0,26
11,360,범계역,2026-09-13 12:00:00,13,0,26
11,360,범계역,2026-09-13 14:00:00,12,0,26
11,360,범계역,2026-09-13 16:00:00,13,0,26
11,360,범계역,2026-09-13 18:00:00,26,0,26
11,360,범계역,2026-09-13 20:00:00,26,0,26
11,360,범계역,2026-09-13 22:00:00,26,0,26
11,360,안양역,2026-09-13 00:00:00,4,0,11
11,360,안양역,2026-09-13 02:00:00,4,0,11
11,360,안양역,2026-09-13 04:00:00,4,0,11
11,360,안양역,2026-09-13 06:00:00,6,0,11
11,360,안양역,2026-09-13 08:00:00,5,0,11
11,360,안양역,2026-09-13 10:00:00,2,0,11
11,360,안양역,2026-09-13 12:00:00,4,0,11
11,360,안양역,2026-09-13 14:00:00,3,0,11
11,360,안양역,2026-09-13 16:00:00,4,0,11
11,360,안양역,2026-09-13 18:00:00,11,0,11
11,360,안양역,2026-09-13 20:00:00,11,0,11
11,360,안양역,2026-09-13 22:00:00,11,0,11
11,360,평촌역,2026-09-13 00:00:00,17,0,25
11,360,평촌역,2026-09-13 02:00:00,17,0,25
11,360,평촌역,2026-09-13 04:00:00,18,0,25
11,360,평촌역,2026-09-13 06:00:00,18,0,25
11,360,평촌역,2026-09-13 08:00:00,17,0,25
11,360,평촌역,2026-09-13 10:00:00,17,0,25
11,360,평촌역,2026-09-13 12:00:00,18,0,25
11,360,평촌역,2026-09-13 14:00:00,17,0,25
11,360,평촌역,2026-09-13 16:00:00,17,0,25
11,360,평촌역,2026-09-13 18:00:00,25,0,25
11,360,평촌역,2026-09-13 20:00:00,25,0,25
11,360,평촌역,2026-09-13 22:00:00,25,0,25
11,360,인덕원역,2026-09-13 00:00:00,4,0,7
11,360,인덕원역,2026-09-13 02:00:00,4,0,7
11,360,인덕원역,2026-09-13 04:00:00,4,0,7
11,360,인덕원역,2026-09-13 06:00:00,5,0,7
11,360,인덕원역,2026-09-13 08:00:00,4,0,7
11,360,인덕원역,2026-09-13 10:00:00,4,0,7
11,360,인덕원역,2026-09-13 12:00:00,5,0,7
11,360,인덕원역,2026-09-13 14:00:00,4,0,7
11,360,인덕원역,2026-09-13 16:00:00,4,0,7
11,360,인덕원역,2026-09-13 18:00:00,7,0,7
11,360,인덕원역,2026-09-13 20:00:00,7,0,7
11,360,인덕원역,2026-09-13 22:00:00,7,0,7
12,15,안양시청,2026-09-14 00:00:00,3,0,5
12,15,안양시청,2026-09-14 02:00:00,3,0,5
12,15,안양시청,2026-09-14 04:00:00,3,0,5
12,15,안양시청,2026-09-14 06:00:00,3,0,5
12,15,안양시청,2026-09-14 08:00:00,2,0,5
12,15,안양시청,2026-09-14 14:00:00,5,0,5
12,15,안양시청,2026-09-14 18:00:00,2,0,5
12,15,안양시청,2026-09-14 20:00:00,5,0,5
12,15,안양시청,2026-09-14 22:00:00,5,0,5
12,15,석수역,2026-09-14 00:00:00,1,0,5
12,15,석수역,2026-09-14 02:00:00,1,0,5
12,15,석수역,2026-09-14 04:00:00,1,0,5
12,15,석수역,2026-09-14 14:00:00,5,0,5
12,15,석수역,2026-09-14 20:00:00,5,0,5
12,15,석수역,2026-09-14 22:00:00,5,0,5
12,15,범계역,2026-09-14 00:00:00,12,0,26
12,15,범계역,2026-09-14 02:00:00,12,0,26
12,15,범계역,2026-09-14 04:00:00,12,0,26
12,15,범계역,2026-09-14 06:00:00,12,0,26
12,15,범계역,2026-09-14 08:00:00,7,0,26
12,15,범계역,2026-09-14 10:00:00,3,0,26
12,15,범계역,2026-09-14 14:00:00,26,0,26
12,15,범계역,2026-09-14 16:00:00,1,0,26
12,15,범계역,2026-09-14 18:00:00,6,0,26
12,15,범계역,2026-09-14 20:00:00,26,0,26
12,15,범계역,2026-09-14 22:00:00,26,0,26
12,15,안양역,2026-09-14 00:00:00,4,0,11
12,15,안양역,2026-09-14 02:00:00,4,0,11
12,15,안양역,2026-09-14 04:00:00,3,0,11
12,15,안양역,2026-09-14 06:00:00,3,0,11
12,15,안양역,2026-09-14 08:00:00,2,0,11
12,15,안양역,2026-09-14 14:00:00,11,0,11
12,15,안양역,2026-09-14 16:00:00,1,0,11
12,15,안양역,2026-09-14 18:00:00,2,0,11
12,15,안양역,2026-09-14 20:00:00,11,0,11
12,15,안양역,2026-09-14 22:00:00,11,0,11
12,15,평촌역,2026-09-14 00:00:00,17,0,25
12,15,평촌역,2026-09-14 02:00:00,17,0,25
12,15,평촌역,2026-09-14 04:00:00,17,0,25
12,15,평촌역,2026-09-14 06:00:00,17,0,25
12,15,평촌역,2026-09-14 08:00:00,10,0,25
12,15,평촌역,2026-09-14 10:00:00,3,0,25
12,15,평촌역,2026-09-14 14:00:00,25,0,25
12,15,평촌역,2026-09-14 18:00:00,9,0,25
12,15,평촌역,2026-09-14 20:00:00,25,0,25
12,15,평촌역,2026-09-14 22:00:00,25,0,25
12,15,인덕원역,2026-09-14 00:00:00,4,0,7
12,15,인덕원역,2026-09-14 02:00:00,4,0,7
12,15,인덕원역,2026-09-14 04:00:00,4,0,7
12,15,인덕원역,2026-09-14 06:00:00,4,0,7
12,15,인덕원역,2026-09-14 08:00:00,2,0,7
12,15,인덕원역,2026-09-14 14:00:00,7,0,7
12,15,인덕원역,2026-09-14 18:00:00,2,0,7
12,15,인덕원역,2026-09-14 20:00:00,7,0,7
12,15,인덕원역,2026-09-14 22:00:00,7,0,7
12,30,안양시청,2026-09-14 00:00:00,3,0,5
12,30,안양시청,2026-09-14 02:00:00,3,0,5
12,30,안양시청,2026-09-14 04:00:00,3,0,5
12,30,안양시청,2026-09-14 06:00:00,3,0,5
12,30,안양시청,2026-09-14 08:00:00,2,0,5
12,30,안양시청,2026-09-14 18:00:00,2,0,5
12,30,안양시청,2026-09-14 20:00:00,5,0,5
12,30,안양시청,2026-09-14 22:00:00,5,0,5
12,30,석수역,2026-09-14 00:00:00,1,0,5
12,30,석수역,2026-09-14 02:00:00,1,0,5
12,30,석수역,2026-09-14 04:00:00,1,0,5
12,30,석수역,2026-09-14 20:00:00,5,0,5
12,30,석수역,2026-09-14 22:00:00,5,0,5
12,30,범계역,2026-09-14 00:00:00,12,0,26
12,30,범계역,2026-09-14 02:00:00,12,0,26
12,30,범계역,2026-09-14 04:00:00,12,0,26
12,30,범계역,2026-09-14 06:00:00,12,0,26
12,30,범계역,2026-09-14 08:00:00,7,0,26
12,30,범계역,2026-09-14 10:00:00,3,0,26
12,30,범계역,2026-09-14 16:00:00,1,0,26
12,30,범계역,2026-09-14 18:00:00,6,0,26
12,30,범계역,2026-09-14 20:00:00,26,0,26
12,30,범계역,2026-09-14 22:00:00,26,0,26
12,30,안양역,2026-09-14 00:00:00,4,0,11
12,30,안양역,2026-09-14 02:00:00,4,0,11
12,30,안양역,2026-09-14 04:00:00,3,0,11
12,30,안양역,2026-09-14 06:00:00,3,0,11
12,30,안양역,2026-09-14 08:00:00,2,0,11
12,30,안양역,2026-09-14 16:00:00,1,0,11
12,30,안양역,2026-09-14 18:00:00,2,0,11
12,30,안양역,2026-09-14 20:00:00,11,0,11
12,30,안양역,2026-09-14 22:00:00,11,0,11
12,30,평촌역,2026-09-14 00:00:00,17,0,25
12,30,평촌역,2026-09-14 02:00:00,17,0,25
12,30,평촌역,2026-09-14 04:00:00,17,0,25
12,30,평촌역,2026-09-14 06:00:00,17,0,25
12,30,평촌역,2026-09-14 08:00:00,10,0,25
12,30,평촌역,2026-09-14 10:00:00,3,0,25
12,30,평촌역,2026-09-14 18:00:00,9,0,25
12,30,평촌역,2026-09-14 20:00:00,25,0,25
12,30,평촌역,2026-09-14 22:00:00,25,0,25
12,30,인덕원역,2026-09-14 00:00:00,4,0,7
12,30,인덕원역,2026-09-14 02:00:00,4,0,7
12,30,인덕원역,2026-09-14 04:00:00,4,0,7
12,30,인덕원역,2026-09-14 06:00:00,4,0,7
12,30,인덕원역,2026-09-14 08:00:00,2,0,7
12,30,인덕원역,2026-09-14 18:00:00,2,0,7
12,30,인덕원역,2026-09-14 20:00:00,7,0,7
12,30,인덕원역,2026-09-14 22:00:00,7,0,7
12,60,안양시청,2026-09-14 00:00:00,3,0,5
12,60,안양시청,2026-09-14 02:00:00,3,0,5
12,60,안양시청,2026-09-14 04:00:00,3,0,5
12,60,안양시청,2026-09-14 06:00:00,3,0,5
12,60,안양시청,2026-09-14 08:00:00,2,0,5
12,60,안양시청,2026-09-14 18:00:00,2,0,5
12,60,안양시청,2026-09-14 20:00:00,5,0,5
12,60,안양시청,2026-09-14 22:00:00,5,0,5
12,60,석수역,2026-09-14 00:00:00,1,0,5
12,60,석수역,2026-09-14 02:00:00,1,0,5
12,60,석수역,2026-09-14 04:00:00,1,0,5
12,60,석수역,2026-09-14 20:00:00,5,0,5
12,60,석수역,2026-09-14 22:00:00,5,0,5
12,60,범계역,2026-09-14 00:00:00,12,0,26
12,60,범계역,2026-09-14 02:00:00,12,0,26
12,60,범계역,2026-09-14 04:00:00,12,0,26
12,60,범계역,2026-09-14 06:00:00,12,0,26
12,60,범계역,2026-09-14 08:00:00,8,0,26
12,60,범계역,2026-09-14 10:00:00,3,0,26
12,60,범계역,2026-09-14 16:00:00,1,0,26
12,60,범계역,2026-09-14 18:00:00,8,0,26
12,60,범계역,2026-09-14 20:00:00,26,0,26
12,60,범계역,2026-09-14 22:00:00,26,0,26
12,60,안양역,2026-09-14 00:00:00,4,0,11
12,60,안양역,2026-09-14 02:00:00,4,0,11
12,60,안양역,2026-09-14 04:00:00,4,0,11
12,60,안양역,2026-09-14 06:00:00,3,0,11
12,60,안양역,2026-09-14 08:00:00,2,0,11
12,60,안양역,2026-09-14 14:00:00,1,0,11
12,60,안양역,2026-09-14 16:00:00,2,0,11
12,60,안양역,2026-09-14 18:00:00,2,0,11
12,60,안양역,2026-09-14 20:00:00,11,0,11
12,60,안양역,2026-09-14 22:00:00,11,0,11
12,60,평촌역,2026-09-14 00:00:00,17,0,25
12,60,평촌역,2026-09-14 02:00:00,17,0,25
12,60,평촌역,2026-09-14 04:00:00,17,0,25
12,60,평촌역,2026-09-14 06:00:00,17,0,25
12,60,평촌역,2026-09-14 08:00:00,13,0,25
12,60,평촌역,2026-09-14 10:00:00,3,0,25
12,60,평촌역,2026-09-14 18:00:00,12,0,25
12,60,평촌역,2026-09-14 20:00:00,25,0,25
12,60,평촌역,2026-09-14 22:00:00,25,0,25
12,60,인덕원역,2026-09-14 00:00:00,4,0,7
12,60,인덕원역,2026-09-14 02:00:00,4,0,7
12,60,인덕원역,2026-09-14 04:00:00,4,0,7
12,60,인덕원역,2026-09-14 06:00:00,4,0,7
12,60,인덕원역,2026-09-14 08:00:00,3,0,7
12,60,인덕원역,2026-09-14 18:00:00,3,0,7
12,60,인덕원역,2026-09-14 20:00:00,7,0,7
12,60,인덕원역,2026-09-14 22:00:00,7,0,7
12,120,안양시청,2026-09-14 00:00:00,3,0,5
12,120,안양시청,2026-09-14 02:00:00,3,0,5
12,120,안양시청,2026-09-14 04:00:00,3,0,5
12,120,안양시청,2026-09-14 06:00:00,3,0,5
12,120,안양시청,2026-09-14 08:00:00,2,0,5
12,120,안양시청,2026-09-14 16:00:00,2,0,5
12,120,안양시청,2026-09-14 18:00:00,5,0,5
12,120,안양시청,2026-09-14 20:00:00,5,0,5
12,120,안양시청,2026-09-14 22:00:00,5,0,5
12,120,석수역,2026-09-14 00:00:00,1,0,5
12,120,석수역,2026-09-14 02:00:00,1,0,5
12,120,석수역,2026-09-14 04:00:00,1,0,5
12,120,석수역,2026-09-14 18:00:00,5,0,5
12,120,석수역,2026-09-14 20:00:00,5,0,5
12,120,석수역,2026-09-14 22:00:00,5,0,5
12,120,범계역,2026-09-14 00:00:00,12,0,26
12,120,범계역,2026-09-14 02:00:00,12,0,26
12,120,범계역,2026-09-14 04:00:00,12,0,26
12,120,범계역,2026-09-14 06:00:00,12,0,26
12,120,범계역,2026-09-14 08:00:00,8,0,26
12,120,범계역,2026-09-14 10:00:00,3,0,26
12,120,범계역,2026-09-14 14:00:00,1,0,26
12,120,범계역,2026-09-14 16:00:00,6,0,26
12,120,범계역,2026-09-14 18:00:00,26,0,26
12,120,범계역,2026-09-14 20:00:00,26,0,26
12,120,범계역,2026-09-14 22:00:00,26,0,26
12,120,안양역,2026-09-14 00:00:00,4,0,11
12,120,안양역,2026-09-14 02:00:00,4,0,11
12,120,안양역,2026-09-14 04:00:00,3,0,11
12,120,안양역,2026-09-14 06:00:00,3,0,11
12,120,안양역,2026-09-14 08:00:00,2,0,11
12,120,안양역,2026-09-14 14:00:00,1,0,11
12,120,안양역,2026-09-14 16:00:00,2,0,11
12,120,안양역,2026-09-14 18:00:00,11,0,11
12,120,안양역,2026-09-14 20:00:00,11,0,11
12,120,안양역,2026-09-14 22:00:00,11,0,11
12,120,평촌역,2026-09-14 00:00:00,17,0,25
12,120,평촌역,2026-09-14 02:00:00,17,0,25
12,120,평촌역,2026-09-14 04:00:00,17,0,25
12,120,평촌역,2026-09-14 06:00:00,17,0,25
12,120,평촌역,2026-09-14 08:00:00,11,0,25
12,120,평촌역,2026-09-14 10:00:00,3,0,25
12,120,평촌역,2026-09-14 16:00:00,9,0,25
12,120,평촌역,2026-09-14 18:00:00,25,0,25
12,120,평촌역,2026-09-14 20:00:00,25,0,25
12,120,평촌역,2026-09-14 22:00:00,25,0,25
12,120,인덕원역,2026-09-14 00:00:00,4,0,7
12,120,인덕원역,2026-09-14 02:00:00,4,0,7
12,120,인덕원역,2026-09-14 04:00:00,4,0,7
12,120,인덕원역,2026-09-14 06:00:00,4,0,7
12,120,인덕원역,2026-09-14 08:00:00,2,0,7
12,120,인덕원역,2026-09-14 16:00:00,2,0,7
12,120,인덕원역,2026-09-14 18:00:00,7,0,7
12,120,인덕원역,2026-09-14 20:00:00,7,0,7
12,120,인덕원역,2026-09-14 22:00:00,7,0,7
12,180,안양시청,2026-09-14 00:00:00,3,0,5
12,180,안양시청,2026-09-14 02:00:00,3,0,5
12,180,안양시청,2026-09-14 04:00:00,3,0,5
12,180,안양시청,2026-09-14 06:00:00,3,0,5
12,180,안양시청,2026-09-14 08:00:00,2,0,5
12,180,안양시청,2026-09-14 16:00:00,2,0,5
12,180,안양시청,2026-09-14 18:00:00,2,0,5
12,180,안양시청,2026-09-14 20:00:00,5,0,5
12,180,안양시청,2026-09-14 22:00:00,5,0,5
12,180,석수역,2026-09-14 00:00:00,1,0,5
12,180,석수역,2026-09-14 02:00:00,1,0,5
12,180,석수역,2026-09-14 04:00:00,1,0,5
12,180,석수역,2026-09-14 20:00:00,5,0,5
12,180,석수역,2026-09-14 22:00:00,5,0,5
12,180,범계역,2026-09-14 00:00:00,12,0,26
12,180,범계역,2026-09-14 02:00:00,12,0,26
12,180,범계역,2026-09-14 04:00:00,12,0,26
12,180,범계역,2026-09-14 06:00:00,12,0,26
12,180,범계역,2026-09-14 08:00:00,7,0,26
12,180,범계역,2026-09-14 10:00:00,3,0,26
12,180,범계역,2026-09-14 14:00:00,1,0,26
12,180,범계역,2026-09-14 16:00:00,8,0,26
12,180,범계역,2026-09-14 18:00:00,11,0,26
12,180,범계역,2026-09-14 20:00:00,26,0,26
12,180,범계역,2026-09-14 22:00:00,26,0,26
12,180,안양역,2026-09-14 00:00:00,4,0,11
12,180,안양역,2026-09-14 02:00:00,5,0,11
12,180,안양역,2026-09-14 04:00:00,3,0,11
12,180,안양역,2026-09-14 06:00:00,3,0,11
12,180,안양역,2026-09-14 08:00:00,2,0,11
12,180,안양역,2026-09-14 12:00:00,1,0,11
12,180,안양역,2026-09-14 14:00:00,2,0,11
12,180,안양역,2026-09-14 16:00:00,2,0,11
12,180,안양역,2026-09-14 18:00:00,4,0,11
12,180,안양역,2026-09-14 20:00:00,11,0,11
12,180,안양역,2026-09-14 22:00:00,11,0,11
12,180,평촌역,2026-09-14 00:00:00,17,0,25
12,180,평촌역,2026-09-14 02:00:00,17,0,25
12,180,평촌역,2026-09-14 04:00:00,17,0,25
12,180,평촌역,2026-09-14 06:00:00,17,0,25
12,180,평촌역,2026-09-14 08:00:00,10,0,25
12,180,평촌역,2026-09-14 10:00:00,3,0,25
12,180,평촌역,2026-09-14 16:00:00,12,0,25
12,180,평촌역,2026-09-14 18:00:00,15,0,25
12,180,평촌역,2026-09-14 20:00:00,25,0,25
12,180,평촌역,2026-09-14 22:00:00,25,0,25
12,180,인덕원역,2026-09-14 00:00:00,4,0,7
12,180,인덕원역,2026-09-14 02:00:00,4,0,7
12,180,인덕원역,2026-09-14 04:00:00,4,0,7
12,180,인덕원역,2026-09-14 06:00:00,4,0,7
12,180,인덕원역,2026-09-14 08:00:00,2,0,7
12,180,인덕원역,2026-09-14 16:00:00,3,0,7
12,180,인덕원역,2026-09-14 18:00:00,3,0,7
12,180,인덕원역,2026-09-14 20:00:00,7,0,7
12,180,인덕원역,2026-09-14 22:00:00,7,0,7
12,240,안양시청,2026-09-14 00:00:00,3,0,5
12,240,안양시청,2026-09-14 02:00:00,3,0,5
12,240,안양시청,2026-09-14 04:00:00,3,0,5
12,240,안양시청,2026-09-14 06:00:00,3,0,5
12,240,안양시청,2026-09-14 08:00:00,2,0,5
12,240,안양시청,2026-09-14 14:00:00,2,0,5
12,240,안양시청,2026-09-14 16:00:00,5,0,5
12,240,안양시청,2026-09-14 18:00:00,2,0,5
12,240,안양시청,2026-09-14 20:00:00,5,0,5
12,240,안양시청,2026-09-14 22:00:00,5,0,5
12,240,석수역,2026-09-14 00:00:00,1,0,5
12,240,석수역,2026-09-14 02:00:00,1,0,5
12,240,석수역,2026-09-14 04:00:00,1,0,5
12,240,석수역,2026-09-14 16:00:00,5,0,5
12,240,석수역,2026-09-14 20:00:00,5,0,5
12,240,석수역,2026-09-14 22:00:00,5,0,5
12,240,범계역,2026-09-14 00:00:00,12,0,26
12,240,범계역,2026-09-14 02:00:00,12,0,26
12,240,범계역,2026-09-14 04:00:00,12,0,26
12,240,범계역,2026-09-14 06:00:00,12,0,26
12,240,범계역,2026-09-14 08:00:00,7,0,26
12,240,범계역,2026-09-14 10:00:00,3,0,26
12,240,범계역,2026-09-14 12:00:00,1,0,26
12,240,범계역,2026-09-14 14:00:00,6,0,26
12,240,범계역,2026-09-14 16:00:00,26,0,26
12,240,범계역,2026-09-14 18:00:00,11,0,26
12,240,범계역,2026-09-14 20:00:00,26,0,26
12,240,범계역,2026-09-14 22:00:00,26,0,26
12,240,안양역,2026-09-14 00:00:00,4,0,11
12,240,안양역,2026-09-14 02:00:00,4,0,11
12,240,안양역,2026-09-14 04:00:00,3,0,11
12,240,안양역,2026-09-14 06:00:00,3,0,11
12,240,안양역,2026-09-14 08:00:00,2,0,11
12,240,안양역,2026-09-14 12:00:00,1,0,11
12,240,안양역,2026-09-14 14:00:00,2,0,11
12,240,안양역,2026-09-14 16:00:00,11,0,11
12,240,안양역,2026-09-14 18:00:00,4,0,11
12,240,안양역,2026-09-14 20:00:00,11,0,11
12,240,안양역,2026-09-14 22:00:00,11,0,11
12,240,평촌역,2026-09-14 00:00:00,17,0,25
12,240,평촌역,2026-09-14 02:00:00,17,0,25
12,240,평촌역,2026-09-14 04:00:00,17,0,25
12,240,평촌역,2026-09-14 06:00:00,17,0,25
12,240,평촌역,2026-09-14 08:00:00,10,0,25
12,240,평촌역,2026-09-14 10:00:00,3,0,25
12,240,평촌역,2026-09-14 14:00:00,9,0,25
12,240,평촌역,2026-09-14 16:00:00,25,0,25
12,240,평촌역,2026-09-14 18:00:00,15,0,25
12,240,평촌역,2026-09-14 20:00:00,25,0,25
12,240,평촌역,2026-09-14 22:00:00,25,0,25
12,240,인덕원역,2026-09-14 00:00:00,4,0,7
12,240,인덕원역,2026-09-14 02:00:00,4,0,7
12,240,인덕원역,2026-09-14 04:00:00,4,0,7
12,240,인덕원역,2026-09-14 06:00:00,4,0,7
12,240,인덕원역,2026-09-14 08:00:00,2,0,7
12,240,인덕원역,2026-09-14 14:00:00,2,0,7
12,240,인덕원역,2026-09-14 16:00:00,7,0,7
12,240,인덕원역,2026-09-14 18:00:00,3,0,7
12,240,인덕원역,2026-09-14 20:00:00,7,0,7
12,240,인덕원역,2026-09-14 22:00:00,7,0,7
12,360,안양시청,2026-09-14 00:00:00,3,0,5
12,360,안양시청,2026-09-14 02:00:00,3,0,5
12,360,안양시청,2026-09-14 04:00:00,3,0,5
12,360,안양시청,2026-09-14 06:00:00,3,0,5
12,360,안양시청,2026-09-14 08:00:00,2,0,5
12,360,안양시청,2026-09-14 12:00:00,2,0,5
12,360,안양시청,2026-09-14 14:00:00,5,0,5
12,360,안양시청,2026-09-14 16:00:00,2,0,5
12,360,안양시청,2026-09-14 18:00:00,5,0,5
12,360,안양시청,2026-09-14 20:00:00,5,0,5
12,360,안양시청,2026-09-14 22:00:00,5,0,5
12,360,석수역,2026-09-14 00:00:00,1,0,5
12,360,석수역,2026-09-14 02:00:00,1,0,5
12,360,석수역,2026-09-14 04:00:00,1,0,5
12,360,석수역,2026-09-14 14:00:00,5,0,5
12,360,석수역,2026-09-14 18:00:00,5,0,5
12,360,석수역,2026-09-14 20:00:00,5,0,5
12,360,석수역,2026-09-14 22:00:00,5,0,5
12,360,범계역,2026-09-14 00:00:00,12,0,26
12,360,범계역,2026-09-14 02:00:00,12,0,26
12,360,범계역,2026-09-14 04:00:00,12,0,26
12,360,범계역,2026-09-14 06:00:00,12,0,26
12,360,범계역,2026-09-14 08:00:00,7,0,26
12,360,범계역,2026-09-14 10:00:00,4,0,26
12,360,범계역,2026-09-14 12:00:00,6,0,26
12,360,범계역,2026-09-14 14:00:00,26,0,26
12,360,범계역,2026-09-14 16:00:00,11,0,26
12,360,범계역,2026-09-14 18:00:00,26,0,26
12,360,범계역,2026-09-14 20:00:00,26,0,26
12,360,범계역,2026-09-14 22:00:00,26,0,26
12,360,안양역,2026-09-14 00:00:00,4,0,11
12,360,안양역,2026-09-14 02:00:00,4,0,11
12,360,안양역,2026-09-14 04:00:00,3,0,11
12,360,안양역,2026-09-14 06:00:00,3,0,11
12,360,안양역,2026-09-14 08:00:00,2,0,11
12,360,안양역,2026-09-14 10:00:00,1,0,11
12,360,안양역,2026-09-14 12:00:00,2,0,11
12,360,안양역,2026-09-14 14:00:00,11,0,11
12,360,안양역,2026-09-14 16:00:00,4,0,11
12,360,안양역,2026-09-14 18:00:00,11,0,11
12,360,안양역,2026-09-14 20:00:00,11,0,11
12,360,안양역,2026-09-14 22:00:00,11,0,11
12,360,평촌역,2026-09-14 00:00:00,17,0,25
12,360,평촌역,2026-09-14 02:00:00,17,0,25
12,360,평촌역,2026-09-14 04:00:00,17,0,25
12,360,평촌역,2026-09-14 06:00:00,17,0,25
12,360,평촌역,2026-09-14 08:00:00,10,0,25
12,360,평촌역,2026-09-14 10:00:00,3,0,25
12,360,평촌역,2026-09-14 12:00:00,9,0,25
12,360,평촌역,2026-09-14 14:00:00,25,0,25
12,360,평촌역,2026-09-14 16:00:00,15,0,25
12,360,평촌역,2026-09-14 18:00:00,25,0,25
12,360,평촌역,2026-09-14 20:00:00,25,0,25
12,360,평촌역,2026-09-14 22:00:00,25,0,25
12,360,인덕원역,2026-09-14 00:00:00,4,0,7
12,360,인덕원역,2026-09-14 02:00:00,4,0,7
12,360,인덕원역,2026-09-14 04:00:00,4,0,7
12,360,인덕원역,2026-09-14 06:00:00,4,0,7
12,360,인덕원역,2026-09-14 08:00:00,2,0,7
12,360,인덕원역,2026-09-14 12:00:00,2,0,7
12,360,인덕원역,2026-09-14 14:00:00,7,0,7
12,360,인덕원역,2026-09-14 16:00:00,3,0,7
12,360,인덕원역,2026-09-14 18:00:00,7,0,7
12,360,인덕원역,2026-09-14 20:00:00,7,0,7
12,360,인덕원역,2026-09-14 22:00:00,7,0,7
13,15,안양시청,2026-09-15 00:00:00,5,0,5
13,15,안양시청,2026-09-15 02:00:00,5,0,5
13,15,안양시청,2026-09-15 04:00:00,3,0,5
13,15,안양시청,2026-09-15 06:00:00,5,0,5
13,15,안양시청,2026-09-15 08:00:00,5,0,5
13,15,안양시청,2026-09-15 18:00:00,2,0,5
13,15,안양시청,2026-09-15 20:00:00,2,0,5
13,15,안양시청,2026-09-15 22:00:00,2,0,5
13,15,석수역,2026-09-15 00:00:00,5,0,5
13,15,석수역,2026-09-15 02:00:00,5,0,5
13,15,석수역,2026-09-15 04:00:00,1,0,5
13,15,석수역,2026-09-15 06:00:00,5,0,5
13,15,석수역,2026-09-15 08:00:00,5,0,5
13,15,범계역,2026-09-15 00:00:00,26,0,26
13,15,범계역,2026-09-15 02:00:00,26,0,26
13,15,범계역,2026-09-15 04:00:00,12,0,26
13,15,범계역,2026-09-15 06:00:00,26,0,26
13,15,범계역,2026-09-15 08:00:00,26,0,26
13,15,범계역,2026-09-15 10:00:00,3,0,26
13,15,범계역,2026-09-15 16:00:00,1,0,26
13,15,범계역,2026-09-15 18:00:00,6,0,26
13,15,범계역,2026-09-15 20:00:00,11,0,26
13,15,범계역,2026-09-15 22:00:00,11,0,26
13,15,안양역,2026-09-15 00:00:00,11,0,11
13,15,안양역,2026-09-15 02:00:00,11,0,11
13,15,안양역,2026-09-15 04:00:00,3,0,11
13,15,안양역,2026-09-15 06:00:00,11,0,11
13,15,안양역,2026-09-15 08:00:00,11,0,11
13,15,안양역,2026-09-15 16:00:00,1,0,11
13,15,안양역,2026-09-15 18:00:00,2,0,11
13,15,안양역,2026-09-15 20:00:00,2,0,11
13,15,안양역,2026-09-15 22:00:00,4,0,11
13,15,평촌역,2026-09-15 00:00:00,25,0,25
13,15,평촌역,2026-09-15 02:00:00,25,0,25
13,15,평촌역,2026-09-15 04:00:00,17,0,25
13,15,평촌역,2026-09-15 06:00:00,25,0,25
13,15,평촌역,2026-09-15 08:00:00,25,0,25
13,15,평촌역,2026-09-15 10:00:00,3,0,25
13,15,평촌역,2026-09-15 18:00:00,9,0,25
13,15,평촌역,2026-09-15 20:00:00,15,0,25
13,15,평촌역,2026-09-15 22:00:00,15,0,25
13,15,인덕원역,2026-09-15 00:00:00,7,0,7
13,15,인덕원역,2026-09-15 02:00:00,7,0,7
13,15,인덕원역,2026-09-15 04:00:00,4,0,7
13,15,인덕원역,2026-09-15 06:00:00,7,0,7
13,15,인덕원역,2026-09-15 08:00:00,7,0,7
13,15,인덕원역,2026-09-15 18:00:00,2,0,7
13,15,인덕원역,2026-09-15 20:00:00,3,0,7
13,15,인덕원역,2026-09-15 22:00:00,3,0,7
13,30,안양시청,2026-09-15 00:00:00,5,0,5
13,30,안양시청,2026-09-15 02:00:00,5,0,5
13,30,안양시청,2026-09-15 04:00:00,5,0,5
13,30,안양시청,2026-09-15 06:00:00,5,0,5
13,30,안양시청,2026-09-15 08:00:00,5,0,5
13,30,안양시청,2026-09-15 18:00:00,2,0,5
13,30,안양시청,2026-09-15 20:00:00,2,0,5
13,30,안양시청,2026-09-15 22:00:00,2,0,5
13,30,석수역,2026-09-15 00:00:00,5,0,5
13,30,석수역,2026-09-15 02:00:00,5,0,5
13,30,석수역,2026-09-15 04:00:00,5,0,5
13,30,석수역,2026-09-15 06:00:00,5,0,5
13,30,석수역,2026-09-15 08:00:00,5,0,5
13,30,범계역,2026-09-15 00:00:00,26,0,26
13,30,범계역,2026-09-15 02:00:00,26,0,26
13,30,범계역,2026-09-15 04:00:00,26,0,26
13,30,범계역,2026-09-15 06:00:00,26,0,26
13,30,범계역,2026-09-15 08:00:00,26,0,26
13,30,범계역,2026-09-15 10:00:00,3,0,26
13,30,범계역,2026-09-15 16:00:00,1,0,26
13,30,범계역,2026-09-15 18:00:00,6,0,26
13,30,범계역,2026-09-15 20:00:00,11,0,26
13,30,범계역,2026-09-15 22:00:00,11,0,26
13,30,안양역,2026-09-15 00:00:00,11,0,11
13,30,안양역,2026-09-15 02:00:00,11,0,11
13,30,안양역,2026-09-15 04:00:00,11,0,11
13,30,안양역,2026-09-15 06:00:00,11,0,11
13,30,안양역,2026-09-15 08:00:00,11,0,11
13,30,안양역,2026-09-15 16:00:00,1,0,11
13,30,안양역,2026-09-15 18:00:00,2,0,11
13,30,안양역,2026-09-15 20:00:00,2,0,11
13,30,안양역,2026-09-15 22:00:00,4,0,11
13,30,평촌역,2026-09-15 00:00:00,25,0,25
13,30,평촌역,2026-09-15 02:00:00,25,0,25
13,30,평촌역,2026-09-15 04:00:00,25,0,25
13,30,평촌역,2026-09-15 06:00:00,25,0,25
13,30,평촌역,2026-09-15 08:00:00,25,0,25
13,30,평촌역,2026-09-15 10:00:00,3,0,25
13,30,평촌역,2026-09-15 18:00:00,9,0,25
13,30,평촌역,2026-09-15 20:00:00,15,0,25
13,30,평촌역,2026-09-15 22:00:00,15,0,25
13,30,인덕원역,2026-09-15 00:00:00,7,0,7
13,30,인덕원역,2026-09-15 02:00:00,7,0,7
13,30,인덕원역,2026-09-15 04:00:00,7,0,7
13,30,인덕원역,2026-09-15 06:00:00,7,0,7
13,30,인덕원역,2026-09-15 08:00:00,7,0,7
13,30,인덕원역,2026-09-15 18:00:00,2,0,7
13,30,인덕원역,2026-09-15 20:00:00,3,0,7
13,30,인덕원역,2026-09-15 22:00:00,3,0,7
13,60,안양시청,2026-09-15 00:00:00,5,0,5
13,60,안양시청,2026-09-15 02:00:00,5,0,5
13,60,안양시청,2026-09-15 04:00:00,5,0,5
13,60,안양시청,2026-09-15 06:00:00,5,0,5
13,60,안양시청,2026-09-15 08:00:00,5,0,5
13,60,안양시청,2026-09-15 18:00:00,2,0,5
13,60,안양시청,2026-09-15 20:00:00,2,0,5
13,60,안양시청,2026-09-15 22:00:00,3,0,5
13,60,석수역,2026-09-15 00:00:00,5,0,5
13,60,석수역,2026-09-15 02:00:00,5,0,5
13,60,석수역,2026-09-15 04:00:00,5,0,5
13,60,석수역,2026-09-15 06:00:00,5,0,5
13,60,석수역,2026-09-15 08:00:00,5,0,5
13,60,석수역,2026-09-15 22:00:00,1,0,5
13,60,범계역,2026-09-15 00:00:00,26,0,26
13,60,범계역,2026-09-15 02:00:00,26,0,26
13,60,범계역,2026-09-15 04:00:00,26,0,26
13,60,범계역,2026-09-15 06:00:00,26,0,26
13,60,범계역,2026-09-15 08:00:00,26,0,26
13,60,범계역,2026-09-15 10:00:00,3,0,26
13,60,범계역,2026-09-15 16:00:00,1,0,26
13,60,범계역,2026-09-15 18:00:00,8,0,26
13,60,범계역,2026-09-15 20:00:00,11,0,26
13,60,범계역,2026-09-15 22:00:00,12,0,26
13,60,안양역,2026-09-15 00:00:00,11,0,11
13,60,안양역,2026-09-15 02:00:00,11,0,11
13,60,안양역,2026-09-15 04:00:00,11,0,11
13,60,안양역,2026-09-15 06:00:00,11,0,11
13,60,안양역,2026-09-15 08:00:00,11,0,11
13,60,안양역,2026-09-15 14:00:00,1,0,11
13,60,안양역,2026-09-15 16:00:00,2,0,11
13,60,안양역,2026-09-15 18:00:00,2,0,11
13,60,안양역,2026-09-15 20:00:00,4,0,11
13,60,안양역,2026-09-15 22:00:00,4,0,11
13,60,평촌역,2026-09-15 00:00:00,25,0,25
13,60,평촌역,2026-09-15 02:00:00,25,0,25
13,60,평촌역,2026-09-15 04:00:00,25,0,25
13,60,평촌역,2026-09-15 06:00:00,25,0,25
13,60,평촌역,2026-09-15 08:00:00,25,0,25
13,60,평촌역,2026-09-15 10:00:00,3,0,25
13,60,평촌역,2026-09-15 18:00:00,12,0,25
13,60,평촌역,2026-09-15 20:00:00,15,0,25
13,60,평촌역,2026-09-15 22:00:00,17,0,25
13,60,인덕원역,2026-09-15 00:00:00,7,0,7
13,60,인덕원역,2026-09-15 02:00:00,7,0,7
13,60,인덕원역,2026-09-15 04:00:00,7,0,7
13,60,인덕원역,2026-09-15 06:00:00,7,0,7
13,60,인덕원역,2026-09-15 08:00:00,7,0,7
13,60,인덕원역,2026-09-15 18:00:00,3,0,7
13,60,인덕원역,2026-09-15 20:00:00,3,0,7
13,60,인덕원역,2026-09-15 22:00:00,4,0,7
13,120,안양시청,2026-09-15 00:00:00,5,0,5
13,120,안양시청,2026-09-15 02:00:00,5,0,5
13,120,안양시청,2026-09-15 04:00:00,3,0,5
13,120,안양시청,2026-09-15 06:00:00,5,0,5
13,120,안양시청,2026-09-15 08:00:00,5,0,5
13,120,안양시청,2026-09-15 16:00:00,2,0,5
13,120,안양시청,2026-09-15 18:00:00,2,0,5
13,120,안양시청,2026-09-15 20:00:00,2,0,5
13,120,안양시청,2026-09-15 22:00:00,5,0,5
13,120,석수역,2026-09-15 00:00:00,5,0,5
13,120,석수역,2026-09-15 02:00:00,5,0,5
13,120,석수역,2026-09-15 04:00:00,1,0,5
13,120,석수역,2026-09-15 06:00:00,5,0,5
13,120,석수역,2026-09-15 08:00:00,5,0,5
13,120,석수역,2026-09-15 22:00:00,5,0,5
13,120,범계역,2026-09-15 00:00:00,26,0,26
13,120,범계역,2026-09-15 02:00:00,26,0,26
13,120,범계역,2026-09-15 04:00:00,12,0,26
13,120,범계역,2026-09-15 06:00:00,26,0,26
13,120,범계역,2026-09-15 08:00:00,26,0,26
13,120,범계역,2026-09-15 10:00:00,3,0,26
13,120,범계역,2026-09-15 14:00:00,1,0,26
13,120,범계역,2026-09-15 16:00:00,6,0,26
13,120,범계역,2026-09-15 18:00:00,11,0,26
13,120,범계역,2026-09-15 20:00:00,11,0,26
13,120,범계역,2026-09-15 22:00:00,26,0,26
13,120,안양역,2026-09-15 00:00:00,11,0,11
13,120,안양역,2026-09-15 02:00:00,11,0,11
13,120,안양역,2026-09-15 04:00:00,3,0,11
13,120,안양역,2026-09-15 06:00:00,11,0,11
13,120,안양역,2026-09-15 08:00:00,11,0,11
13,120,안양역,2026-09-15 14:00:00,1,0,11
13,120,안양역,2026-09-15 16:00:00,2,0,11
13,120,안양역,2026-09-15 18:00:00,2,0,11
13,120,안양역,2026-09-15 20:00:00,4,0,11
13,120,안양역,2026-09-15 22:00:00,11,0,11
13,120,평촌역,2026-09-15 00:00:00,25,0,25
13,120,평촌역,2026-09-15 02:00:00,25,0,25
13,120,평촌역,2026-09-15 04:00:00,17,0,25
13,120,평촌역,2026-09-15 06:00:00,25,0,25
13,120,평촌역,2026-09-15 08:00:00,25,0,25
13,120,평촌역,2026-09-15 10:00:00,3,0,25
13,120,평촌역,2026-09-15 16:00:00,9,0,25
13,120,평촌역,2026-09-15 18:00:00,15,0,25
13,120,평촌역,2026-09-15 20:00:00,15,0,25
13,120,평촌역,2026-09-15 22:00:00,25,0,25
13,120,인덕원역,2026-09-15 00:00:00,7,0,7
13,120,인덕원역,2026-09-15 02:00:00,7,0,7
13,120,인덕원역,2026-09-15 04:00:00,4,0,7
13,120,인덕원역,2026-09-15 06:00:00,7,0,7
13,120,인덕원역,2026-09-15 08:00:00,7,0,7
13,120,인덕원역,2026-09-15 16:00:00,2,0,7
13,120,인덕원역,2026-09-15 18:00:00,3,0,7
13,120,인덕원역,2026-09-15 20:00:00,3,0,7
13,120,인덕원역,2026-09-15 22:00:00,7,0,7
13,180,안양시청,2026-09-15 00:00:00,5,0,5
13,180,안양시청,2026-09-15 02:00:00,5,0,5
13,180,안양시청,2026-09-15 04:00:00,3,0,5
13,180,안양시청,2026-09-15 06:00:00,5,0,5
13,180,안양시청,2026-09-15 08:00:00,5,0,5
13,180,안양시청,2026-09-15 16:00:00,2,0,5
13,180,안양시청,2026-09-15 18:00:00,2,0,5
13,180,안양시청,2026-09-15 20:00:00,3,0,5
13,180,안양시청,2026-09-15 22:00:00,5,0,5
13,180,석수역,2026-09-15 00:00:00,5,0,5
13,180,석수역,2026-09-15 02:00:00,5,0,5
13,180,석수역,2026-09-15 04:00:00,1,0,5
13,180,석수역,2026-09-15 06:00:00,5,0,5
13,180,석수역,2026-09-15 08:00:00,5,0,5
13,180,석수역,2026-09-15 20:00:00,1,0,5
13,180,석수역,2026-09-15 22:00:00,5,0,5
13,180,범계역,2026-09-15 00:00:00,26,0,26
13,180,범계역,2026-09-15 02:00:00,26,0,26
13,180,범계역,2026-09-15 04:00:00,12,0,26
13,180,범계역,2026-09-15 06:00:00,26,0,26
13,180,범계역,2026-09-15 08:00:00,26,0,26
13,180,범계역,2026-09-15 10:00:00,3,0,26
13,180,범계역,2026-09-15 14:00:00,1,0,26
13,180,범계역,2026-09-15 16:00:00,8,0,26
13,180,범계역,2026-09-15 18:00:00,11,0,26
13,180,범계역,2026-09-15 20:00:00,12,0,26
13,180,범계역,2026-09-15 22:00:00,26,0,26
13,180,안양역,2026-09-15 00:00:00,11,0,11
13,180,안양역,2026-09-15 02:00:00,11,0,11
13,180,안양역,2026-09-15 04:00:00,3,0,11
13,180,안양역,2026-09-15 06:00:00,11,0,11
13,180,안양역,2026-09-15 08:00:00,11,0,11
13,180,안양역,2026-09-15 12:00:00,1,0,11
13,180,안양역,2026-09-15 14:00:00,2,0,11
13,180,안양역,2026-09-15 16:00:00,2,0,11
13,180,안양역,2026-09-15 18:00:00,4,0,11
13,180,안양역,2026-09-15 20:00:00,4,0,11
13,180,안양역,2026-09-15 22:00:00,11,0,11
13,180,평촌역,2026-09-15 00:00:00,25,0,25
13,180,평촌역,2026-09-15 02:00:00,25,0,25
13,180,평촌역,2026-09-15 04:00:00,17,0,25
13,180,평촌역,2026-09-15 06:00:00,25,0,25
13,180,평촌역,2026-09-15 08:00:00,25,0,25
13,180,평촌역,2026-09-15 10:00:00,3,0,25
13,180,평촌역,2026-09-15 16:00:00,12,0,25
13,180,평촌역,2026-09-15 18:00:00,15,0,25
13,180,평촌역,2026-09-15 20:00:00,17,0,25
13,180,평촌역,2026-09-15 22:00:00,25,0,25
13,180,인덕원역,2026-09-15 00:00:00,7,0,7
13,180,인덕원역,2026-09-15 02:00:00,7,0,7
13,180,인덕원역,2026-09-15 04:00:00,4,0,7
13,180,인덕원역,2026-09-15 06:00:00,7,0,7
13,180,인덕원역,2026-09-15 08:00:00,7,0,7
13,180,인덕원역,2026-09-15 16:00:00,3,0,7
13,180,인덕원역,2026-09-15 18:00:00,3,0,7
13,180,인덕원역,2026-09-15 20:00:00,4,0,7
13,180,인덕원역,2026-09-15 22:00:00,7,0,7
13,240,안양시청,2026-09-15 00:00:00,5,0,5
13,240,안양시청,2026-09-15 02:00:00,5,0,5
13,240,안양시청,2026-09-15 04:00:00,3,0,5
13,240,안양시청,2026-09-15 06:00:00,5,0,5
13,240,안양시청,2026-09-15 08:00:00,5,0,5
13,240,안양시청,2026-09-15 14:00:00,2,0,5
13,240,안양시청,2026-09-15 16:00:00,2,0,5
13,240,안양시청,2026-09-15 18:00:00,2,0,5
13,240,안양시청,2026-09-15 20:00:00,5,0,5
13,240,안양시청,2026-09-15 22:00:00,5,0,5
13,240,석수역,2026-09-15 00:00:00,5,0,5
13,240,석수역,2026-09-15 02:00:00,5,0,5
13,240,석수역,2026-09-15 04:00:00,1,0,5
13,240,석수역,2026-09-15 06:00:00,5,0,5
13,240,석수역,2026-09-15 08:00:00,5,0,5
13,240,석수역,2026-09-15 20:00:00,5,0,5
13,240,석수역,2026-09-15 22:00:00,5,0,5
13,240,범계역,2026-09-15 00:00:00,26,0,26
13,240,범계역,2026-09-15 02:00:00,26,0,26
13,240,범계역,2026-09-15 04:00:00,12,0,26
13,240,범계역,2026-09-15 06:00:00,26,0,26
13,240,범계역,2026-09-15 08:00:00,26,0,26
13,240,범계역,2026-09-15 10:00:00,3,0,26
13,240,범계역,2026-09-15 12:00:00,1,0,26
13,240,범계역,2026-09-15 14:00:00,6,0,26
13,240,범계역,2026-09-15 16:00:00,11,0,26
13,240,범계역,2026-09-15 18:00:00,11,0,26
13,240,범계역,2026-09-15 20:00:00,26,0,26
13,240,범계역,2026-09-15 22:00:00,26,0,26
13,240,안양역,2026-09-15 00:00:00,11,0,11
13,240,안양역,2026-09-15 02:00:00,11,0,11
13,240,안양역,2026-09-15 04:00:00,3,0,11
13,240,안양역,2026-09-15 06:00:00,11,0,11
13,240,안양역,2026-09-15 08:00:00,11,0,11
13,240,안양역,2026-09-15 12:00:00,1,0,11
13,240,안양역,2026-09-15 14:00:00,2,0,11
13,240,안양역,2026-09-15 16:00:00,2,0,11
13,240,안양역,2026-09-15 18:00:00,4,0,11
13,240,안양역,2026-09-15 20:00:00,11,0,11
13,240,안양역,2026-09-15 22:00:00,11,0,11
13,240,평촌역,2026-09-15 00:00:00,25,0,25
13,240,평촌역,2026-09-15 02:00:00,25,0,25
13,240,평촌역,2026-09-15 04:00:00,17,0,25
13,240,평촌역,2026-09-15 06:00:00,25,0,25
13,240,평촌역,2026-09-15 08:00:00,25,0,25
13,240,평촌역,2026-09-15 10:00:00,3,0,25
13,240,평촌역,2026-09-15 14:00:00,9,0,25
13,240,평촌역,2026-09-15 16:00:00,15,0,25
13,240,평촌역,2026-09-15 18:00:00,15,0,25
13,240,평촌역,2026-09-15 20:00:00,25,0,25
13,240,평촌역,2026-09-15 22:00:00,25,0,25
13,240,인덕원역,2026-09-15 00:00:00,7,0,7
13,240,인덕원역,2026-09-15 02:00:00,7,0,7
13,240,인덕원역,2026-09-15 04:00:00,4,0,7
13,240,인덕원역,2026-09-15 06:00:00,7,0,7
13,240,인덕원역,2026-09-15 08:00:00,7,0,7
13,240,인덕원역,2026-09-15 14:00:00,2,0,7
13,240,인덕원역,2026-09-15 16:00:00,3,0,7
13,240,인덕원역,2026-09-15 18:00:00,3,0,7
13,240,인덕원역,2026-09-15 20:00:00,7,0,7
13,240,인덕원역,2026-09-15 22:00:00,7,0,7
13,360,안양시청,2026-09-15 00:00:00,5,0,5
13,360,안양시청,2026-09-15 02:00:00,5,0,5
13,360,안양시청,2026-09-15 04:00:00,3,0,5
13,360,안양시청,2026-09-15 06:00:00,5,0,5
13,360,안양시청,2026-09-15 08:00:00,5,0,5
13,360,안양시청,2026-09-15 12:00:00,2,0,5
13,360,안양시청,2026-09-15 14:00:00,2,0,5
13,360,안양시청,2026-09-15 16:00:00,2,0,5
13,360,안양시청,2026-09-15 18:00:00,5,0,5
13,360,안양시청,2026-09-15 20:00:00,5,0,5
13,360,안양시청,2026-09-15 22:00:00,5,0,5
13,360,석수역,2026-09-15 00:00:00,5,0,5
13,360,석수역,2026-09-15 02:00:00,5,0,5
13,360,석수역,2026-09-15 04:00:00,1,0,5
13,360,석수역,2026-09-15 06:00:00,5,0,5
13,360,석수역,2026-09-15 08:00:00,5,0,5
13,360,석수역,2026-09-15 18:00:00,5,0,5
13,360,석수역,2026-09-15 20:00:00,5,0,5
13,360,석수역,2026-09-15 22:00:00,5,0,5
13,360,범계역,2026-09-15 00:00:00,26,0,26
13,360,범계역,2026-09-15 02:00:00,26,0,26
13,360,범계역,2026-09-15 04:00:00,12,0,26
13,360,범계역,2026-09-15 06:00:00,26,0,26
13,360,범계역,2026-09-15 08:00:00,26,0,26
13,360,범계역,2026-09-15 10:00:00,4,0,26
13,360,범계역,2026-09-15 12:00:00,6,0,26
13,360,범계역,2026-09-15 14:00:00,11,0,26
13,360,범계역,2026-09-15 16:00:00,11,0,26
13,360,범계역,2026-09-15 18:00:00,26,0,26
13,360,범계역,2026-09-15 20:00:00,26,0,26
13,360,범계역,2026-09-15 22:00:00,26,0,26
13,360,안양역,2026-09-15 00:00:00,11,0,11
13,360,안양역,2026-09-15 02:00:00,11,0,11
13,360,안양역,2026-09-15 04:00:00,3,0,11
13,360,안양역,2026-09-15 06:00:00,11,0,11
13,360,안양역,2026-09-15 08:00:00,11,0,11
13,360,안양역,2026-09-15 10:00:00,1,0,11
13,360,안양역,2026-09-15 12:00:00,2,0,11
13,360,안양역,2026-09-15 14:00:00,2,0,11
13,360,안양역,2026-09-15 16:00:00,4,0,11
13,360,안양역,2026-09-15 18:00:00,11,0,11
13,360,안양역,2026-09-15 20:00:00,11,0,11
13,360,안양역,2026-09-15 22:00:00,11,0,11
13,360,평촌역,2026-09-15 00:00:00,25,0,25
13,360,평촌역,2026-09-15 02:00:00,25,0,25
13,360,평촌역,2026-09-15 04:00:00,17,0,25
13,360,평촌역,2026-09-15 06:00:00,25,0,25
13,360,평촌역,2026-09-15 08:00:00,25,0,25
13,360,평촌역,2026-09-15 10:00:00,3,0,25
13,360,평촌역,2026-09-15 12:00:00,9,0,25
13,360,평촌역,2026-09-15 14:00:00,15,0,25
13,360,평촌역,2026-09-15 16:00:00,15,0,25
13,360,평촌역,2026-09-15 18:00:00,25,0,25
13,360,평촌역,2026-09-15 20:00:00,25,0,25
13,360,평촌역,2026-09-15 22:00:00,25,0,25
13,360,인덕원역,2026-09-15 00:00:00,7,0,7
13,360,인덕원역,2026-09-15 02:00:00,7,0,7
13,360,인덕원역,2026-09-15 04:00:00,4,0,7
13,360,인덕원역,2026-09-15 06:00:00,7,0,7
13,360,인덕원역,2026-09-15 08:00:00,7,0,7
13,360,인덕원역,2026-09-15 12:00:00,2,0,7
13,360,인덕원역,2026-09-15 14:00:00,3,0,7
13,360,인덕원역,2026-09-15 16:00:00,3,0,7
13,360,인덕원역,2026-09-15 18:00:00,7,0,7
13,360,인덕원역,2026-09-15 20:00:00,7,0,7
13,360,인덕원역,2026-09-15 22:00:00,7,0,7
14,15,안양시청,2026-09-16 00:00:00,3,0,5
14,15,안양시청,2026-09-16 02:00:00,3,0,5
14,15,안양시청,2026-09-16 04:00:00,5,0,5
14,15,안양시청,2026-09-16 06:00:00,3,0,5
14,15,안양시청,2026-09-16 08:00:00,2,0,5
14,15,안양시청,2026-09-16 18:00:00,2,0,5
14,15,안양시청,2026-09-16 20:00:00,2,0,5
14,15,안양시청,2026-09-16 22:00:00,2,0,5
14,15,석수역,2026-09-16 00:00:00,1,0,5
14,15,석수역,2026-09-16 02:00:00,1,0,5
14,15,석수역,2026-09-16 04:00:00,5,0,5
14,15,범계역,2026-09-16 00:00:00,12,0,26
14,15,범계역,2026-09-16 02:00:00,12,0,26
14,15,범계역,2026-09-16 04:00:00,26,0,26
14,15,범계역,2026-09-16 06:00:00,12,0,26
14,15,범계역,2026-09-16 08:00:00,7,0,26
14,15,범계역,2026-09-16 10:00:00,3,0,26
14,15,범계역,2026-09-16 16:00:00,1,0,26
14,15,범계역,2026-09-16 18:00:00,6,0,26
14,15,범계역,2026-09-16 20:00:00,11,0,26
14,15,범계역,2026-09-16 22:00:00,11,0,26
14,15,안양역,2026-09-16 00:00:00,4,0,11
14,15,안양역,2026-09-16 02:00:00,4,0,11
14,15,안양역,2026-09-16 04:00:00,11,0,11
14,15,안양역,2026-09-16 06:00:00,3,0,11
14,15,안양역,2026-09-16 08:00:00,2,0,11
14,15,안양역,2026-09-16 16:00:00,1,0,11
14,15,안양역,2026-09-16 18:00:00,2,0,11
14,15,안양역,2026-09-16 20:00:00,2,0,11
14,15,안양역,2026-09-16 22:00:00,4,0,11
14,15,평촌역,2026-09-16 00:00:00,17,0,25
14,15,평촌역,2026-09-16 02:00:00,17,0,25
14,15,평촌역,2026-09-16 04:00:00,25,0,25
14,15,평촌역,2026-09-16 06:00:00,17,0,25
14,15,평촌역,2026-09-16 08:00:00,10,0,25
14,15,평촌역,2026-09-16 10:00:00,3,0,25
14,15,평촌역,2026-09-16 18:00:00,9,0,25
14,15,평촌역,2026-09-16 20:00:00,15,0,25
14,15,평촌역,2026-09-16 22:00:00,15,0,25
14,15,인덕원역,2026-09-16 00:00:00,4,0,7
14,15,인덕원역,2026-09-16 02:00:00,4,0,7
14,15,인덕원역,2026-09-16 04:00:00,7,0,7
14,15,인덕원역,2026-09-16 06:00:00,4,0,7
14,15,인덕원역,2026-09-16 08:00:00,2,0,7
14,15,인덕원역,2026-09-16 18:00:00,2,0,7
14,15,인덕원역,2026-09-16 20:00:00,3,0,7
14,15,인덕원역,2026-09-16 22:00:00,3,0,7
14,30,안양시청,2026-09-16 00:00:00,3,0,5
14,30,안양시청,2026-09-16 02:00:00,3,0,5
14,30,안양시청,2026-09-16 04:00:00,3,0,5
14,30,안양시청,2026-09-16 06:00:00,3,0,5
14,30,안양시청,2026-09-16 08:00:00,2,0,5
14,30,안양시청,2026-09-16 18:00:00,2,0,5
14,30,안양시청,2026-09-16 20:00:00,2,0,5
14,30,안양시청,2026-09-16 22:00:00,2,0,5
14,30,석수역,2026-09-16 00:00:00,1,0,5
14,30,석수역,2026-09-16 02:00:00,1,0,5
14,30,석수역,2026-09-16 04:00:00,1,0,5
14,30,범계역,2026-09-16 00:00:00,12,0,26
14,30,범계역,2026-09-16 02:00:00,12,0,26
14,30,범계역,2026-09-16 04:00:00,12,0,26
14,30,범계역,2026-09-16 06:00:00,12,0,26
14,30,범계역,2026-09-16 08:00:00,7,0,26
14,30,범계역,2026-09-16 10:00:00,3,0,26
14,30,범계역,2026-09-16 16:00:00,1,0,26
14,30,범계역,2026-09-16 18:00:00,6,0,26
14,30,범계역,2026-09-16 20:00:00,11,0,26
14,30,범계역,2026-09-16 22:00:00,11,0,26
14,30,안양역,2026-09-16 00:00:00,4,0,11
14,30,안양역,2026-09-16 02:00:00,4,0,11
14,30,안양역,2026-09-16 04:00:00,3,0,11
14,30,안양역,2026-09-16 06:00:00,3,0,11
14,30,안양역,2026-09-16 08:00:00,2,0,11
14,30,안양역,2026-09-16 16:00:00,1,0,11
14,30,안양역,2026-09-16 18:00:00,2,0,11
14,30,안양역,2026-09-16 20:00:00,2,0,11
14,30,안양역,2026-09-16 22:00:00,4,0,11
14,30,평촌역,2026-09-16 00:00:00,17,0,25
14,30,평촌역,2026-09-16 02:00:00,17,0,25
14,30,평촌역,2026-09-16 04:00:00,17,0,25
14,30,평촌역,2026-09-16 06:00:00,17,0,25
14,30,평촌역,2026-09-16 08:00:00,10,0,25
14,30,평촌역,2026-09-16 10:00:00,3,0,25
14,30,평촌역,2026-09-16 18:00:00,9,0,25
14,30,평촌역,2026-09-16 20:00:00,15,0,25
14,30,평촌역,2026-09-16 22:00:00,15,0,25
14,30,인덕원역,2026-09-16 00:00:00,4,0,7
14,30,인덕원역,2026-09-16 02:00:00,4,0,7
14,30,인덕원역,2026-09-16 04:00:00,4,0,7
14,30,인덕원역,2026-09-16 06:00:00,4,0,7
14,30,인덕원역,2026-09-16 08:00:00,2,0,7
14,30,인덕원역,2026-09-16 18:00:00,2,0,7
14,30,인덕원역,2026-09-16 20:00:00,3,0,7
14,30,인덕원역,2026-09-16 22:00:00,3,0,7
14,60,안양시청,2026-09-16 00:00:00,3,0,5
14,60,안양시청,2026-09-16 02:00:00,3,0,5
14,60,안양시청,2026-09-16 04:00:00,3,0,5
14,60,안양시청,2026-09-16 06:00:00,3,0,5
14,60,안양시청,2026-09-16 08:00:00,2,0,5
14,60,안양시청,2026-09-16 18:00:00,2,0,5
14,60,안양시청,2026-09-16 20:00:00,2,0,5
14,60,안양시청,2026-09-16 22:00:00,3,0,5
14,60,석수역,2026-09-16 00:00:00,1,0,5
14,60,석수역,2026-09-16 02:00:00,1,0,5
14,60,석수역,2026-09-16 04:00:00,1,0,5
14,60,석수역,2026-09-16 22:00:00,1,0,5
14,60,범계역,2026-09-16 00:00:00,12,0,26
14,60,범계역,2026-09-16 02:00:00,12,0,26
14,60,범계역,2026-09-16 04:00:00,12,0,26
14,60,범계역,2026-09-16 06:00:00,12,0,26
14,60,범계역,2026-09-16 08:00:00,8,0,26
14,60,범계역,2026-09-16 10:00:00,3,0,26
14,60,범계역,2026-09-16 16:00:00,1,0,26
14,60,범계역,2026-09-16 18:00:00,8,0,26
14,60,범계역,2026-09-16 20:00:00,11,0,26
14,60,범계역,2026-09-16 22:00:00,12,0,26
14,60,안양역,2026-09-16 00:00:00,4,0,11
14,60,안양역,2026-09-16 02:00:00,4,0,11
14,60,안양역,2026-09-16 04:00:00,4,0,11
14,60,안양역,2026-09-16 06:00:00,3,0,11
14,60,안양역,2026-09-16 08:00:00,2,0,11
14,60,안양역,2026-09-16 14:00:00,1,0,11
14,60,안양역,2026-09-16 16:00:00,2,0,11
14,60,안양역,2026-09-16 18:00:00,2,0,11
14,60,안양역,2026-09-16 20:00:00,4,0,11
14,60,안양역,2026-09-16 22:00:00,4,0,11
14,60,평촌역,2026-09-16 00:00:00,17,0,25
14,60,평촌역,2026-09-16 02:00:00,17,0,25
14,60,평촌역,2026-09-16 04:00:00,17,0,25
14,60,평촌역,2026-09-16 06:00:00,17,0,25
14,60,평촌역,2026-09-16 08:00:00,13,0,25
14,60,평촌역,2026-09-16 10:00:00,3,0,25
14,60,평촌역,2026-09-16 18:00:00,12,0,25
14,60,평촌역,2026-09-16 20:00:00,15,0,25
14,60,평촌역,2026-09-16 22:00:00,17,0,25
14,60,인덕원역,2026-09-16 00:00:00,4,0,7
14,60,인덕원역,2026-09-16 02:00:00,4,0,7
14,60,인덕원역,2026-09-16 04:00:00,4,0,7
14,60,인덕원역,2026-09-16 06:00:00,4,0,7
14,60,인덕원역,2026-09-16 08:00:00,3,0,7
14,60,인덕원역,2026-09-16 18:00:00,3,0,7
14,60,인덕원역,2026-09-16 20:00:00,3,0,7
14,60,인덕원역,2026-09-16 22:00:00,4,0,7
14,120,안양시청,2026-09-16 00:00:00,3,0,5
14,120,안양시청,2026-09-16 02:00:00,3,0,5
14,120,안양시청,2026-09-16 04:00:00,3,0,5
14,120,안양시청,2026-09-16 06:00:00,3,0,5
14,120,안양시청,2026-09-16 08:00:00,2,0,5
14,120,안양시청,2026-09-16 16:00:00,2,0,5
14,120,안양시청,2026-09-16 18:00:00,2,0,5
14,120,안양시청,2026-09-16 20:00:00,2,0,5
14,120,안양시청,2026-09-16 22:00:00,5,0,5
14,120,석수역,2026-09-16 00:00:00,1,0,5
14,120,석수역,2026-09-16 02:00:00,1,0,5
14,120,석수역,2026-09-16 04:00:00,1,0,5
14,120,석수역,2026-09-16 22:00:00,5,0,5
14,120,범계역,2026-09-16 00:00:00,12,0,26
14,120,범계역,2026-09-16 02:00:00,12,0,26
14,120,범계역,2026-09-16 04:00:00,12,0,26
14,120,범계역,2026-09-16 06:00:00,12,0,26
14,120,범계역,2026-09-16 08:00:00,8,0,26
14,120,범계역,2026-09-16 10:00:00,3,0,26
14,120,범계역,2026-09-16 14:00:00,1,0,26
14,120,범계역,2026-09-16 16:00:00,6,0,26
14,120,범계역,2026-09-16 18:00:00,11,0,26
14,120,범계역,2026-09-16 20:00:00,11,0,26
14,120,범계역,2026-09-16 22:00:00,26,0,26
14,120,안양역,2026-09-16 00:00:00,4,0,11
14,120,안양역,2026-09-16 02:00:00,4,0,11
14,120,안양역,2026-09-16 04:00:00,3,0,11
14,120,안양역,2026-09-16 06:00:00,3,0,11
14,120,안양역,2026-09-16 08:00:00,2,0,11
14,120,안양역,2026-09-16 14:00:00,1,0,11
14,120,안양역,2026-09-16 16:00:00,2,0,11
14,120,안양역,2026-09-16 18:00:00,2,0,11
14,120,안양역,2026-09-16 20:00:00,4,0,11
14,120,안양역,2026-09-16 22:00:00,11,0,11
14,120,평촌역,2026-09-16 00:00:00,17,0,25
14,120,평촌역,2026-09-16 02:00:00,17,0,25
14,120,평촌역,2026-09-16 04:00:00,17,0,25
14,120,평촌역,2026-09-16 06:00:00,17,0,25
14,120,평촌역,2026-09-16 08:00:00,11,0,25
14,120,평촌역,2026-09-16 10:00:00,3,0,25
14,120,평촌역,2026-09-16 16:00:00,9,0,25
14,120,평촌역,2026-09-16 18:00:00,15,0,25
14,120,평촌역,2026-09-16 20:00:00,15,0,25
14,120,평촌역,2026-09-16 22:00:00,25,0,25
14,120,인덕원역,2026-09-16 00:00:00,4,0,7
14,120,인덕원역,2026-09-16 02:00:00,4,0,7
14,120,인덕원역,2026-09-16 04:00:00,4,0,7
14,120,인덕원역,2026-09-16 06:00:00,4,0,7
14,120,인덕원역,2026-09-16 08:00:00,2,0,7
14,120,인덕원역,2026-09-16 16:00:00,2,0,7
14,120,인덕원역,2026-09-16 18:00:00,3,0,7
14,120,인덕원역,2026-09-16 20:00:00,3,0,7
14,120,인덕원역,2026-09-16 22:00:00,7,0,7
14,180,안양시청,2026-09-16 00:00:00,3,0,5
14,180,안양시청,2026-09-16 02:00:00,3,0,5
14,180,안양시청,2026-09-16 04:00:00,3,0,5
14,180,안양시청,2026-09-16 06:00:00,3,0,5
14,180,안양시청,2026-09-16 08:00:00,2,0,5
14,180,안양시청,2026-09-16 16:00:00,2,0,5
14,180,안양시청,2026-09-16 18:00:00,2,0,5
14,180,안양시청,2026-09-16 20:00:00,3,0,5
14,180,안양시청,2026-09-16 22:00:00,5,0,5
14,180,석수역,2026-09-16 00:00:00,1,0,5
14,180,석수역,2026-09-16 02:00:00,1,0,5
14,180,석수역,2026-09-16 04:00:00,1,0,5
14,180,석수역,2026-09-16 20:00:00,1,0,5
14,180,석수역,2026-09-16 22:00:00,5,0,5
14,180,범계역,2026-09-16 00:00:00,12,0,26
14,180,범계역,2026-09-16 02:00:00,12,0,26
14,180,범계역,2026-09-16 04:00:00,12,0,26
14,180,범계역,2026-09-16 06:00:00,12,0,26
14,180,범계역,2026-09-16 08:00:00,7,0,26
14,180,범계역,2026-09-16 10:00:00,3,0,26
14,180,범계역,2026-09-16 14:00:00,1,0,26
14,180,범계역,2026-09-16 16:00:00,8,0,26
14,180,범계역,2026-09-16 18:00:00,11,0,26
14,180,범계역,2026-09-16 20:00:00,12,0,26
14,180,범계역,2026-09-16 22:00:00,26,0,26
14,180,안양역,2026-09-16 00:00:00,4,0,11
14,180,안양역,2026-09-16 02:00:00,5,0,11
14,180,안양역,2026-09-16 04:00:00,3,0,11
14,180,안양역,2026-09-16 06:00:00,3,0,11
14,180,안양역,2026-09-16 08:00:00,2,0,11
14,180,안양역,2026-09-16 12:00:00,1,0,11
14,180,안양역,2026-09-16 14:00:00,2,0,11
14,180,안양역,2026-09-16 16:00:00,2,0,11
14,180,안양역,2026-09-16 18:00:00,4,0,11
14,180,안양역,2026-09-16 20:00:00,4,0,11
14,180,안양역,2026-09-16 22:00:00,11,0,11
14,180,평촌역,2026-09-16 00:00:00,17,0,25
14,180,평촌역,2026-09-16 02:00:00,17,0,25
14,180,평촌역,2026-09-16 04:00:00,17,0,25
14,180,평촌역,2026-09-16 06:00:00,17,0,25
14,180,평촌역,2026-09-16 08:00:00,10,0,25
14,180,평촌역,2026-09-16 10:00:00,3,0,25
14,180,평촌역,2026-09-16 16:00:00,12,0,25
14,180,평촌역,2026-09-16 18:00:00,15,0,25
14,180,평촌역,2026-09-16 20:00:00,17,0,25
14,180,평촌역,2026-09-16 22:00:00,25,0,25
14,180,인덕원역,2026-09-16 00:00:00,4,0,7
14,180,인덕원역,2026-09-16 02:00:00,4,0,7
14,180,인덕원역,2026-09-16 04:00:00,4,0,7
14,180,인덕원역,2026-09-16 06:00:00,4,0,7
14,180,인덕원역,2026-09-16 08:00:00,2,0,7
14,180,인덕원역,2026-09-16 16:00:00,3,0,7
14,180,인덕원역,2026-09-16 18:00:00,3,0,7
14,180,인덕원역,2026-09-16 20:00:00,4,0,7
14,180,인덕원역,2026-09-16 22:00:00,7,0,7
14,240,안양시청,2026-09-16 00:00:00,3,0,5
14,240,안양시청,2026-09-16 02:00:00,3,0,5
14,240,안양시청,2026-09-16 04:00:00,3,0,5
14,240,안양시청,2026-09-16 06:00:00,3,0,5
14,240,안양시청,2026-09-16 08:00:00,2,0,5
14,240,안양시청,2026-09-16 14:00:00,2,0,5
14,240,안양시청,2026-09-16 16:00:00,2,0,5
14,240,안양시청,2026-09-16 18:00:00,2,0,5
14,240,안양시청,2026-09-16 20:00:00,5,0,5
14,240,안양시청,2026-09-16 22:00:00,5,0,5
14,240,석수역,2026-09-16 00:00:00,1,0,5
14,240,석수역,2026-09-16 02:00:00,1,0,5
14,240,석수역,2026-09-16 04:00:00,1,0,5
14,240,석수역,2026-09-16 20:00:00,5,0,5
14,240,석수역,2026-09-16 22:00:00,5,0,5
14,240,범계역,2026-09-16 00:00:00,12,0,26
14,240,범계역,2026-09-16 02:00:00,12,0,26
14,240,범계역,2026-09-16 04:00:00,12,0,26
14,240,범계역,2026-09-16 06:00:00,12,0,26
14,240,범계역,2026-09-16 08:00:00,7,0,26
14,240,범계역,2026-09-16 10:00:00,3,0,26
14,240,범계역,2026-09-16 12:00:00,1,0,26
14,240,범계역,2026-09-16 14:00:00,6,0,26
14,240,범계역,2026-09-16 16:00:00,11,0,26
14,240,범계역,2026-09-16 18:00:00,11,0,26
14,240,범계역,2026-09-16 20:00:00,26,0,26
14,240,범계역,2026-09-16 22:00:00,26,0,26
14,240,안양역,2026-09-16 00:00:00,4,0,11
14,240,안양역,2026-09-16 02:00:00,4,0,11
14,240,안양역,2026-09-16 04:00:00,3,0,11
14,240,안양역,2026-09-16 06:00:00,3,0,11
14,240,안양역,2026-09-16 08:00:00,2,0,11
14,240,안양역,2026-09-16 12:00:00,1,0,11
14,240,안양역,2026-09-16 14:00:00,2,0,11
14,240,안양역,2026-09-16 16:00:00,2,0,11
14,240,안양역,2026-09-16 18:00:00,4,0,11
14,240,안양역,2026-09-16 20:00:00,11,0,11
14,240,안양역,2026-09-16 22:00:00,11,0,11
14,240,평촌역,2026-09-16 00:00:00,17,0,25
14,240,평촌역,2026-09-16 02:00:00,17,0,25
14,240,평촌역,2026-09-16 04:00:00,17,0,25
14,240,평촌역,2026-09-16 06:00:00,17,0,25
14,240,평촌역,2026-09-16 08:00:00,10,0,25
14,240,평촌역,2026-09-16 10:00:00,3,0,25
14,240,평촌역,2026-09-16 14:00:00,9,0,25
14,240,평촌역,2026-09-16 16:00:00,15,0,25
14,240,평촌역,2026-09-16 18:00:00,15,0,25
14,240,평촌역,2026-09-16 20:00:00,25,0,25
14,240,평촌역,2026-09-16 22:00:00,25,0,25
14,240,인덕원역,2026-09-16 00:00:00,4,0,7
14,240,인덕원역,2026-09-16 02:00:00,4,0,7
14,240,인덕원역,2026-09-16 04:00:00,4,0,7
14,240,인덕원역,2026-09-16 06:00:00,4,0,7
14,240,인덕원역,2026-09-16 08:00:00,2,0,7
14,240,인덕원역,2026-09-16 14:00:00,2,0,7
14,240,인덕원역,2026-09-16 16:00:00,3,0,7
14,240,인덕원역,2026-09-16 18:00:00,3,0,7
14,240,인덕원역,2026-09-16 20:00:00,7,0,7
14,240,인덕원역,2026-09-16 22:00:00,7,0,7
14,360,안양시청,2026-09-16 00:00:00,3,0,5
14,360,안양시청,2026-09-16 02:00:00,3,0,5
14,360,안양시청,2026-09-16 04:00:00,3,0,5
14,360,안양시청,2026-09-16 06:00:00,3,0,5
14,360,안양시청,2026-09-16 08:00:00,2,0,5
14,360,안양시청,2026-09-16 12:00:00,2,0,5
14,360,안양시청,2026-09-16 14:00:00,2,0,5
14,360,안양시청,2026-09-16 16:00:00,2,0,5
14,360,안양시청,2026-09-16 18:00:00,5,0,5
14,360,안양시청,2026-09-16 20:00:00,5,0,5
14,360,안양시청,2026-09-16 22:00:00,5,0,5
14,360,석수역,2026-09-16 00:00:00,1,0,5
14,360,석수역,2026-09-16 02:00:00,1,0,5
14,360,석수역,2026-09-16 04:00:00,1,0,5
14,360,석수역,2026-09-16 18:00:00,5,0,5
14,360,석수역,2026-09-16 20:00:00,5,0,5
14,360,석수역,2026-09-16 22:00:00,5,0,5
14,360,범계역,2026-09-16 00:00:00,12,0,26
14,360,범계역,2026-09-16 02:00:00,12,0,26
14,360,범계역,2026-09-16 04:00:00,12,0,26
14,360,범계역,2026-09-16 06:00:00,12,0,26
14,360,범계역,2026-09-16 08:00:00,7,0,26
14,360,범계역,2026-09-16 10:00:00,4,0,26
14,360,범계역,2026-09-16 12:00:00,6,0,26
14,360,범계역,2026-09-16 14:00:00,11,0,26
14,360,범계역,2026-09-16 16:00:00,11,0,26
14,360,범계역,2026-09-16 18:00:00,26,0,26
14,360,범계역,2026-09-16 20:00:00,26,0,26
14,360,범계역,2026-09-16 22:00:00,26,0,26
14,360,안양역,2026-09-16 00:00:00,4,0,11
14,360,안양역,2026-09-16 02:00:00,4,0,11
14,360,안양역,2026-09-16 04:00:00,3,0,11
14,360,안양역,2026-09-16 06:00:00,3,0,11
14,360,안양역,2026-09-16 08:00:00,2,0,11
14,360,안양역,2026-09-16 10:00:00,1,0,11
14,360,안양역,2026-09-16 12:00:00,2,0,11
14,360,안양역,2026-09-16 14:00:00,2,0,11
14,360,안양역,2026-09-16 16:00:00,4,0,11
14,360,안양역,2026-09-16 18:00:00,11,0,11
14,360,안양역,2026-09-16 20:00:00,11,0,11
14,360,안양역,2026-09-16 22:00:00,11,0,11
14,360,평촌역,2026-09-16 00:00:00,17,0,25
14,360,평촌역,2026-09-16 02:00:00,17,0,25
14,360,평촌역,2026-09-16 04:00:00,17,0,25
14,360,평촌역,2026-09-16 06:00:00,17,0,25
14,360,평촌역,2026-09-16 08:00:00,10,0,25
14,360,평촌역,2026-09-16 10:00:00,3,0,25
14,360,평촌역,2026-09-16 12:00:00,9,0,25
14,360,평촌역,2026-09-16 14:00:00,15,0,25
14,360,평촌역,2026-09-16 16:00:00,15,0,25
14,360,평촌역,2026-09-16 18:00:00,25,0,25
14,360,평촌역,2026-09-16 20:00:00,25,0,25
14,360,평촌역,2026-09-16 22:00:00,25,0,25
14,360,인덕원역,2026-09-16 00:00:00,4,0,7
14,360,인덕원역,2026-09-16 02:00:00,4,0,7
14,360,인덕원역,2026-09-16 04:00:00,4,0,7
14,360,인덕원역,2026-09-16 06:00:00,4,0,7
14,360,인덕원역,2026-09-16 08:00:00,2,0,7
14,360,인덕원역,2026-09-16 12:00:00,2,0,7
14,360,인덕원역,2026-09-16 14:00:00,3,0,7
14,360,인덕원역,2026-09-16 16:00:00,3,0,7
14,360,인덕원역,2026-09-16 18:00:00,7,0,7
14,360,인덕원역,2026-09-16 20:00:00,7,0,7
14,360,인덕원역,2026-09-16 22:00:00,7,0,7
15,15,안양시청,2026-09-17 00:00:00,3,0,5
15,15,안양시청,2026-09-17 02:00:00,3,0,5
15,15,안양시청,2026-09-17 04:00:00,5,0,5
15,15,안양시청,2026-09-17 06:00:00,3,0,5
15,15,안양시청,2026-09-17 08:00:00,2,0,5
15,15,안양시청,2026-09-17 18:00:00,2,0,5
15,15,안양시청,2026-09-17 20:00:00,2,0,5
15,15,안양시청,2026-09-17 22:00:00,2,0,5
15,15,석수역,2026-09-17 00:00:00,1,0,5
15,15,석수역,2026-09-17 02:00:00,1,0,5
15,15,석수역,2026-09-17 04:00:00,5,0,5
15,15,범계역,2026-09-17 00:00:00,12,0,26
15,15,범계역,2026-09-17 02:00:00,12,0,26
15,15,범계역,2026-09-17 04:00:00,26,0,26
15,15,범계역,2026-09-17 06:00:00,12,0,26
15,15,범계역,2026-09-17 08:00:00,7,0,26
15,15,범계역,2026-09-17 10:00:00,3,0,26
15,15,범계역,2026-09-17 16:00:00,1,0,26
15,15,범계역,2026-09-17 18:00:00,6,0,26
15,15,범계역,2026-09-17 20:00:00,11,0,26
15,15,범계역,2026-09-17 22:00:00,11,0,26
15,15,안양역,2026-09-17 00:00:00,4,0,11
15,15,안양역,2026-09-17 02:00:00,4,0,11
15,15,안양역,2026-09-17 04:00:00,11,0,11
15,15,안양역,2026-09-17 06:00:00,3,0,11
15,15,안양역,2026-09-17 08:00:00,2,0,11
15,15,안양역,2026-09-17 16:00:00,1,0,11
15,15,안양역,2026-09-17 18:00:00,2,0,11
15,15,안양역,2026-09-17 20:00:00,2,0,11
15,15,안양역,2026-09-17 22:00:00,4,0,11
15,15,평촌역,2026-09-17 00:00:00,17,0,25
15,15,평촌역,2026-09-17 02:00:00,17,0,25
15,15,평촌역,2026-09-17 04:00:00,25,0,25
15,15,평촌역,2026-09-17 06:00:00,17,0,25
15,15,평촌역,2026-09-17 08:00:00,10,0,25
15,15,평촌역,2026-09-17 10:00:00,3,0,25
15,15,평촌역,2026-09-17 18:00:00,9,0,25
15,15,평촌역,2026-09-17 20:00:00,15,0,25
15,15,평촌역,2026-09-17 22:00:00,15,0,25
15,15,인덕원역,2026-09-17 00:00:00,4,0,7
15,15,인덕원역,2026-09-17 02:00:00,4,0,7
15,15,인덕원역,2026-09-17 04:00:00,7,0,7
15,15,인덕원역,2026-09-17 06:00:00,4,0,7
15,15,인덕원역,2026-09-17 08:00:00,2,0,7
15,15,인덕원역,2026-09-17 18:00:00,2,0,7
15,15,인덕원역,2026-09-17 20:00:00,3,0,7
15,15,인덕원역,2026-09-17 22:00:00,3,0,7
15,30,안양시청,2026-09-17 00:00:00,3,0,5
15,30,안양시청,2026-09-17 02:00:00,3,0,5
15,30,안양시청,2026-09-17 04:00:00,5,0,5
15,30,안양시청,2026-09-17 06:00:00,3,0,5
15,30,안양시청,2026-09-17 08:00:00,2,0,5
15,30,안양시청,2026-09-17 18:00:00,2,0,5
15,30,안양시청,2026-09-17 20:00:00,2,0,5
15,30,안양시청,2026-09-17 22:00:00,2,0,5
15,30,석수역,2026-09-17 00:00:00,1,0,5
15,30,석수역,2026-09-17 02:00:00,1,0,5
15,30,석수역,2026-09-17 04:00:00,5,0,5
15,30,범계역,2026-09-17 00:00:00,12,0,26
15,30,범계역,2026-09-17 02:00:00,12,0,26
15,30,범계역,2026-09-17 04:00:00,26,0,26
15,30,범계역,2026-09-17 06:00:00,12,0,26
15,30,범계역,2026-09-17 08:00:00,7,0,26
15,30,범계역,2026-09-17 10:00:00,3,0,26
15,30,범계역,2026-09-17 16:00:00,1,0,26
15,30,범계역,2026-09-17 18:00:00,6,0,26
15,30,범계역,2026-09-17 20:00:00,11,0,26
15,30,범계역,2026-09-17 22:00:00,11,0,26
15,30,안양역,2026-09-17 00:00:00,4,0,11
15,30,안양역,2026-09-17 02:00:00,4,0,11
15,30,안양역,2026-09-17 04:00:00,11,0,11
15,30,안양역,2026-09-17 06:00:00,3,0,11
15,30,안양역,2026-09-17 08:00:00,2,0,11
15,30,안양역,2026-09-17 16:00:00,1,0,11
15,30,안양역,2026-09-17 18:00:00,2,0,11
15,30,안양역,2026-09-17 20:00:00,2,0,11
15,30,안양역,2026-09-17 22:00:00,4,0,11
15,30,평촌역,2026-09-17 00:00:00,17,0,25
15,30,평촌역,2026-09-17 02:00:00,17,0,25
15,30,평촌역,2026-09-17 04:00:00,25,0,25
15,30,평촌역,2026-09-17 06:00:00,17,0,25
15,30,평촌역,2026-09-17 08:00:00,10,0,25
15,30,평촌역,2026-09-17 10:00:00,3,0,25
15,30,평촌역,2026-09-17 18:00:00,9,0,25
15,30,평촌역,2026-09-17 20:00:00,15,0,25
15,30,평촌역,2026-09-17 22:00:00,15,0,25
15,30,인덕원역,2026-09-17 00:00:00,4,0,7
15,30,인덕원역,2026-09-17 02:00:00,4,0,7
15,30,인덕원역,2026-09-17 04:00:00,7,0,7
15,30,인덕원역,2026-09-17 06:00:00,4,0,7
15,30,인덕원역,2026-09-17 08:00:00,2,0,7
15,30,인덕원역,2026-09-17 18:00:00,2,0,7
15,30,인덕원역,2026-09-17 20:00:00,3,0,7
15,30,인덕원역,2026-09-17 22:00:00,3,0,7
15,60,안양시청,2026-09-17 00:00:00,3,0,5
15,60,안양시청,2026-09-17 02:00:00,3,0,5
15,60,안양시청,2026-09-17 04:00:00,5,0,5
15,60,안양시청,2026-09-17 06:00:00,3,0,5
15,60,안양시청,2026-09-17 08:00:00,2,0,5
15,60,안양시청,2026-09-17 18:00:00,2,0,5
15,60,안양시청,2026-09-17 20:00:00,2,0,5
15,60,안양시청,2026-09-17 22:00:00,3,0,5
15,60,석수역,2026-09-17 00:00:00,1,0,5
15,60,석수역,2026-09-17 02:00:00,1,0,5
15,60,석수역,2026-09-17 04:00:00,5,0,5
15,60,석수역,2026-09-17 22:00:00,1,0,5
15,60,범계역,2026-09-17 00:00:00,12,0,26
15,60,범계역,2026-09-17 02:00:00,12,0,26
15,60,범계역,2026-09-17 04:00:00,26,0,26
15,60,범계역,2026-09-17 06:00:00,12,0,26
15,60,범계역,2026-09-17 08:00:00,8,0,26
15,60,범계역,2026-09-17 10:00:00,3,0,26
15,60,범계역,2026-09-17 16:00:00,1,0,26
15,60,범계역,2026-09-17 18:00:00,8,0,26
15,60,범계역,2026-09-17 20:00:00,11,0,26
15,60,범계역,2026-09-17 22:00:00,12,0,26
15,60,안양역,2026-09-17 00:00:00,4,0,11
15,60,안양역,2026-09-17 02:00:00,4,0,11
15,60,안양역,2026-09-17 04:00:00,11,0,11
15,60,안양역,2026-09-17 06:00:00,3,0,11
15,60,안양역,2026-09-17 08:00:00,2,0,11
15,60,안양역,2026-09-17 14:00:00,1,0,11
15,60,안양역,2026-09-17 16:00:00,2,0,11
15,60,안양역,2026-09-17 18:00:00,2,0,11
15,60,안양역,2026-09-17 20:00:00,4,0,11
15,60,안양역,2026-09-17 22:00:00,4,0,11
15,60,평촌역,2026-09-17 00:00:00,17,0,25
15,60,평촌역,2026-09-17 02:00:00,17,0,25
15,60,평촌역,2026-09-17 04:00:00,25,0,25
15,60,평촌역,2026-09-17 06:00:00,17,0,25
15,60,평촌역,2026-09-17 08:00:00,13,0,25
15,60,평촌역,2026-09-17 10:00:00,3,0,25
15,60,평촌역,2026-09-17 18:00:00,12,0,25
15,60,평촌역,2026-09-17 20:00:00,15,0,25
15,60,평촌역,2026-09-17 22:00:00,17,0,25
15,60,인덕원역,2026-09-17 00:00:00,4,0,7
15,60,인덕원역,2026-09-17 02:00:00,4,0,7
15,60,인덕원역,2026-09-17 04:00:00,7,0,7
15,60,인덕원역,2026-09-17 06:00:00,4,0,7
15,60,인덕원역,2026-09-17 08:00:00,3,0,7
15,60,인덕원역,2026-09-17 18:00:00,3,0,7
15,60,인덕원역,2026-09-17 20:00:00,3,0,7
15,60,인덕원역,2026-09-17 22:00:00,4,0,7
15,120,안양시청,2026-09-17 00:00:00,3,0,5
15,120,안양시청,2026-09-17 02:00:00,3,0,5
15,120,안양시청,2026-09-17 04:00:00,5,0,5
15,120,안양시청,2026-09-17 06:00:00,3,0,5
15,120,안양시청,2026-09-17 08:00:00,2,0,5
15,120,안양시청,2026-09-17 16:00:00,2,0,5
15,120,안양시청,2026-09-17 18:00:00,2,0,5
15,120,안양시청,2026-09-17 20:00:00,2,0,5
15,120,안양시청,2026-09-17 22:00:00,5,0,5
15,120,석수역,2026-09-17 00:00:00,1,0,5
15,120,석수역,2026-09-17 02:00:00,1,0,5
15,120,석수역,2026-09-17 04:00:00,5,0,5
15,120,석수역,2026-09-17 22:00:00,5,0,5
15,120,범계역,2026-09-17 00:00:00,12,0,26
15,120,범계역,2026-09-17 02:00:00,12,0,26
15,120,범계역,2026-09-17 04:00:00,26,0,26
15,120,범계역,2026-09-17 06:00:00,12,0,26
15,120,범계역,2026-09-17 08:00:00,8,0,26
15,120,범계역,2026-09-17 10:00:00,3,0,26
15,120,범계역,2026-09-17 14:00:00,1,0,26
15,120,범계역,2026-09-17 16:00:00,6,0,26
15,120,범계역,2026-09-17 18:00:00,11,0,26
15,120,범계역,2026-09-17 20:00:00,11,0,26
15,120,범계역,2026-09-17 22:00:00,26,0,26
15,120,안양역,2026-09-17 00:00:00,4,0,11
15,120,안양역,2026-09-17 02:00:00,4,0,11
15,120,안양역,2026-09-17 04:00:00,11,0,11
15,120,안양역,2026-09-17 06:00:00,3,0,11
15,120,안양역,2026-09-17 08:00:00,2,0,11
15,120,안양역,2026-09-17 14:00:00,1,0,11
15,120,안양역,2026-09-17 16:00:00,2,0,11
15,120,안양역,2026-09-17 18:00:00,2,0,11
15,120,안양역,2026-09-17 20:00:00,4,0,11
15,120,안양역,2026-09-17 22:00:00,11,0,11
15,120,평촌역,2026-09-17 00:00:00,17,0,25
15,120,평촌역,2026-09-17 02:00:00,17,0,25
15,120,평촌역,2026-09-17 04:00:00,25,0,25
15,120,평촌역,2026-09-17 06:00:00,17,0,25
15,120,평촌역,2026-09-17 08:00:00,11,0,25
15,120,평촌역,2026-09-17 10:00:00,3,0,25
15,120,평촌역,2026-09-17 16:00:00,9,0,25
15,120,평촌역,2026-09-17 18:00:00,15,0,25
15,120,평촌역,2026-09-17 20:00:00,15,0,25
15,120,평촌역,2026-09-17 22:00:00,25,0,25
15,120,인덕원역,2026-09-17 00:00:00,4,0,7
15,120,인덕원역,2026-09-17 02:00:00,4,0,7
15,120,인덕원역,2026-09-17 04:00:00,7,0,7
15,120,인덕원역,2026-09-17 06:00:00,4,0,7
15,120,인덕원역,2026-09-17 08:00:00,2,0,7
15,120,인덕원역,2026-09-17 16:00:00,2,0,7
15,120,인덕원역,2026-09-17 18:00:00,3,0,7
15,120,인덕원역,2026-09-17 20:00:00,3,0,7
15,120,인덕원역,2026-09-17 22:00:00,7,0,7
15,180,안양시청,2026-09-17 00:00:00,3,0,5
15,180,안양시청,2026-09-17 02:00:00,3,0,5
15,180,안양시청,2026-09-17 04:00:00,5,0,5
15,180,안양시청,2026-09-17 06:00:00,3,0,5
15,180,안양시청,2026-09-17 08:00:00,2,0,5
15,180,안양시청,2026-09-17 16:00:00,2,0,5
15,180,안양시청,2026-09-17 18:00:00,2,0,5
15,180,안양시청,2026-09-17 20:00:00,3,0,5
15,180,안양시청,2026-09-17 22:00:00,5,0,5
15,180,석수역,2026-09-17 00:00:00,1,0,5
15,180,석수역,2026-09-17 02:00:00,1,0,5
15,180,석수역,2026-09-17 04:00:00,5,0,5
15,180,석수역,2026-09-17 20:00:00,1,0,5
15,180,석수역,2026-09-17 22:00:00,5,0,5
15,180,범계역,2026-09-17 00:00:00,12,0,26
15,180,범계역,2026-09-17 02:00:00,12,0,26
15,180,범계역,2026-09-17 04:00:00,26,0,26
15,180,범계역,2026-09-17 06:00:00,12,0,26
15,180,범계역,2026-09-17 08:00:00,7,0,26
15,180,범계역,2026-09-17 10:00:00,3,0,26
15,180,범계역,2026-09-17 14:00:00,1,0,26
15,180,범계역,2026-09-17 16:00:00,8,0,26
15,180,범계역,2026-09-17 18:00:00,11,0,26
15,180,범계역,2026-09-17 20:00:00,12,0,26
15,180,범계역,2026-09-17 22:00:00,26,0,26
15,180,안양역,2026-09-17 00:00:00,4,0,11
15,180,안양역,2026-09-17 02:00:00,5,0,11
15,180,안양역,2026-09-17 04:00:00,11,0,11
15,180,안양역,2026-09-17 06:00:00,3,0,11
15,180,안양역,2026-09-17 08:00:00,2,0,11
15,180,안양역,2026-09-17 12:00:00,1,0,11
15,180,안양역,2026-09-17 14:00:00,2,0,11
15,180,안양역,2026-09-17 16:00:00,2,0,11
15,180,안양역,2026-09-17 18:00:00,4,0,11
15,180,안양역,2026-09-17 20:00:00,4,0,11
15,180,안양역,2026-09-17 22:00:00,11,0,11
15,180,평촌역,2026-09-17 00:00:00,17,0,25
15,180,평촌역,2026-09-17 02:00:00,17,0,25
15,180,평촌역,2026-09-17 04:00:00,25,0,25
15,180,평촌역,2026-09-17 06:00:00,17,0,25
15,180,평촌역,2026-09-17 08:00:00,10,0,25
15,180,평촌역,2026-09-17 10:00:00,3,0,25
15,180,평촌역,2026-09-17 16:00:00,12,0,25
15,180,평촌역,2026-09-17 18:00:00,15,0,25
15,180,평촌역,2026-09-17 20:00:00,17,0,25
15,180,평촌역,2026-09-17 22:00:00,25,0,25
15,180,인덕원역,2026-09-17 00:00:00,4,0,7
15,180,인덕원역,2026-09-17 02:00:00,4,0,7
15,180,인덕원역,2026-09-17 04:00:00,7,0,7
15,180,인덕원역,2026-09-17 06:00:00,4,0,7
15,180,인덕원역,2026-09-17 08:00:00,2,0,7
15,180,인덕원역,2026-09-17 16:00:00,3,0,7
15,180,인덕원역,2026-09-17 18:00:00,3,0,7
15,180,인덕원역,2026-09-17 20:00:00,4,0,7
15,180,인덕원역,2026-09-17 22:00:00,7,0,7
15,240,안양시청,2026-09-17 00:00:00,3,0,5
15,240,안양시청,2026-09-17 02:00:00,3,0,5
15,240,안양시청,2026-09-17 04:00:00,5,0,5
15,240,안양시청,2026-09-17 06:00:00,3,0,5
15,240,안양시청,2026-09-17 08:00:00,2,0,5
15,240,안양시청,2026-09-17 14:00:00,2,0,5
15,240,안양시청,2026-09-17 16:00:00,2,0,5
15,240,안양시청,2026-09-17 18:00:00,2,0,5
15,240,안양시청,2026-09-17 20:00:00,5,0,5
15,240,안양시청,2026-09-17 22:00:00,5,0,5
15,240,석수역,2026-09-17 00:00:00,1,0,5
15,240,석수역,2026-09-17 02:00:00,1,0,5
15,240,석수역,2026-09-17 04:00:00,5,0,5
15,240,석수역,2026-09-17 20:00:00,5,0,5
15,240,석수역,2026-09-17 22:00:00,5,0,5
15,240,범계역,2026-09-17 00:00:00,12,0,26
15,240,범계역,2026-09-17 02:00:00,12,0,26
15,240,범계역,2026-09-17 04:00:00,26,0,26
15,240,범계역,2026-09-17 06:00:00,12,0,26
15,240,범계역,2026-09-17 08:00:00,7,0,26
15,240,범계역,2026-09-17 10:00:00,3,0,26
15,240,범계역,2026-09-17 12:00:00,1,0,26
15,240,범계역,2026-09-17 14:00:00,6,0,26
15,240,범계역,2026-09-17 16:00:00,11,0,26
15,240,범계역,2026-09-17 18:00:00,11,0,26
15,240,범계역,2026-09-17 20:00:00,26,0,26
15,240,범계역,2026-09-17 22:00:00,26,0,26
15,240,안양역,2026-09-17 00:00:00,4,0,11
15,240,안양역,2026-09-17 02:00:00,4,0,11
15,240,안양역,2026-09-17 04:00:00,11,0,11
15,240,안양역,2026-09-17 06:00:00,3,0,11
15,240,안양역,2026-09-17 08:00:00,2,0,11
15,240,안양역,2026-09-17 12:00:00,1,0,11
15,240,안양역,2026-09-17 14:00:00,2,0,11
15,240,안양역,2026-09-17 16:00:00,2,0,11
15,240,안양역,2026-09-17 18:00:00,4,0,11
15,240,안양역,2026-09-17 20:00:00,11,0,11
15,240,안양역,2026-09-17 22:00:00,11,0,11
15,240,평촌역,2026-09-17 00:00:00,17,0,25
15,240,평촌역,2026-09-17 02:00:00,17,0,25
15,240,평촌역,2026-09-17 04:00:00,25,0,25
15,240,평촌역,2026-09-17 06:00:00,17,0,25
15,240,평촌역,2026-09-17 08:00:00,10,0,25
15,240,평촌역,2026-09-17 10:00:00,3,0,25
15,240,평촌역,2026-09-17 14:00:00,9,0,25
15,240,평촌역,2026-09-17 16:00:00,15,0,25
15,240,평촌역,2026-09-17 18:00:00,15,0,25
15,240,평촌역,2026-09-17 20:00:00,25,0,25
15,240,평촌역,2026-09-17 22:00:00,25,0,25
15,240,인덕원역,2026-09-17 00:00:00,4,0,7
15,240,인덕원역,2026-09-17 02:00:00,4,0,7
15,240,인덕원역,2026-09-17 04:00:00,7,0,7
15,240,인덕원역,2026-09-17 06:00:00,4,0,7
15,240,인덕원역,2026-09-17 08:00:00,2,0,7
15,240,인덕원역,2026-09-17 14:00:00,2,0,7
15,240,인덕원역,2026-09-17 16:00:00,3,0,7
15,240,인덕원역,2026-09-17 18:00:00,3,0,7
15,240,인덕원역,2026-09-17 20:00:00,7,0,7
15,240,인덕원역,2026-09-17 22:00:00,7,0,7
15,360,안양시청,2026-09-17 00:00:00,3,0,5
15,360,안양시청,2026-09-17 02:00:00,3,0,5
15,360,안양시청,2026-09-17 04:00:00,5,0,5
15,360,안양시청,2026-09-17 06:00:00,3,0,5
15,360,안양시청,2026-09-17 08:00:00,2,0,5
15,360,안양시청,2026-09-17 12:00:00,2,0,5
15,360,안양시청,2026-09-17 14:00:00,2,0,5
15,360,안양시청,2026-09-17 16:00:00,2,0,5
15,360,안양시청,2026-09-17 18:00:00,5,0,5
15,360,안양시청,2026-09-17 20:00:00,5,0,5
15,360,안양시청,2026-09-17 22:00:00,5,0,5
15,360,석수역,2026-09-17 00:00:00,1,0,5
15,360,석수역,2026-09-17 02:00:00,1,0,5
15,360,석수역,2026-09-17 04:00:00,5,0,5
15,360,석수역,2026-09-17 18:00:00,5,0,5
15,360,석수역,2026-09-17 20:00:00,5,0,5
15,360,석수역,2026-09-17 22:00:00,5,0,5
15,360,범계역,2026-09-17 00:00:00,12,0,26
15,360,범계역,2026-09-17 02:00:00,12,0,26
15,360,범계역,2026-09-17 04:00:00,26,0,26
15,360,범계역,2026-09-17 06:00:00,12,0,26
15,360,범계역,2026-09-17 08:00:00,7,0,26
15,360,범계역,2026-09-17 10:00:00,4,0,26
15,360,범계역,2026-09-17 12:00:00,6,0,26
15,360,범계역,2026-09-17 14:00:00,11,0,26
15,360,범계역,2026-09-17 16:00:00,11,0,26
15,360,범계역,2026-09-17 18:00:00,26,0,26
15,360,범계역,2026-09-17 20:00:00,26,0,26
15,360,범계역,2026-09-17 22:00:00,26,0,26
15,360,안양역,2026-09-17 00:00:00,4,0,11
15,360,안양역,2026-09-17 02:00:00,4,0,11
15,360,안양역,2026-09-17 04:00:00,11,0,11
15,360,안양역,2026-09-17 06:00:00,3,0,11
15,360,안양역,2026-09-17 08:00:00,2,0,11
15,360,안양역,2026-09-17 10:00:00,1,0,11
15,360,안양역,2026-09-17 12:00:00,2,0,11
15,360,안양역,2026-09-17 14:00:00,2,0,11
15,360,안양역,2026-09-17 16:00:00,4,0,11
15,360,안양역,2026-09-17 18:00:00,11,0,11
15,360,안양역,2026-09-17 20:00:00,11,0,11
15,360,안양역,2026-09-17 22:00:00,11,0,11
15,360,평촌역,2026-09-17 00:00:00,17,0,25
15,360,평촌역,2026-09-17 02:00:00,17,0,25
15,360,평촌역,2026-09-17 04:00:00,25,0,25
15,360,평촌역,2026-09-17 06:00:00,17,0,25
15,360,평촌역,2026-09-17 08:00:00,10,0,25
15,360,평촌역,2026-09-17 10:00:00,3,0,25
15,360,평촌역,2026-09-17 12:00:00,9,0,25
15,360,평촌역,2026-09-17 14:00:00,15,0,25
15,360,평촌역,2026-09-17 16:00:00,15,0,25
15,360,평촌역,2026-09-17 18:00:00,25,0,25
15,360,평촌역,2026-09-17 20:00:00,25,0,25
15,360,평촌역,2026-09-17 22:00:00,25,0,25
15,360,인덕원역,2026-09-17 00:00:00,4,0,7
15,360,인덕원역,2026-09-17 02:00:00,4,0,7
15,360,인덕원역,2026-09-17 04:00:00,7,0,7
15,360,인덕원역,2026-09-17 06:00:00,4,0,7
15,360,인덕원역,2026-09-17 08:00:00,2,0,7
15,360,인덕원역,2026-09-17 12:00:00,2,0,7
15,360,인덕원역,2026-09-17 14:00:00,3,0,7
15,360,인덕원역,2026-09-17 16:00:00,3,0,7
15,360,인덕원역,2026-09-17 18:00:00,7,0,7
15,360,인덕원역,2026-09-17 20:00:00,7,0,7
15,360,인덕원역,2026-09-17 22:00:00,7,0,7
16,15,안양시청,2026-09-18 00:00:00,3,0,5
16,15,안양시청,2026-09-18 02:00:00,5,0,5
16,15,안양시청,2026-09-18 04:00:00,3,0,5
16,15,안양시청,2026-09-18 06:00:00,3,0,5
16,15,안양시청,2026-09-18 08:00:00,2,0,5
16,15,안양시청,2026-09-18 18:00:00,2,0,5
16,15,안양시청,2026-09-18 20:00:00,2,0,5
16,15,안양시청,2026-09-18 22:00:00,2,0,5
16,15,석수역,2026-09-18 00:00:00,1,0,5
16,15,석수역,2026-09-18 02:00:00,5,0,5
16,15,석수역,2026-09-18 04:00:00,1,0,5
16,15,범계역,2026-09-18 00:00:00,12,0,26
16,15,범계역,2026-09-18 02:00:00,26,0,26
16,15,범계역,2026-09-18 04:00:00,12,0,26
16,15,범계역,2026-09-18 06:00:00,12,0,26
16,15,범계역,2026-09-18 08:00:00,7,0,26
16,15,범계역,2026-09-18 10:00:00,3,0,26
16,15,범계역,2026-09-18 16:00:00,1,0,26
16,15,범계역,2026-09-18 18:00:00,6,0,26
16,15,범계역,2026-09-18 20:00:00,11,0,26
16,15,범계역,2026-09-18 22:00:00,11,0,26
16,15,안양역,2026-09-18 00:00:00,4,0,11
16,15,안양역,2026-09-18 02:00:00,11,0,11
16,15,안양역,2026-09-18 04:00:00,3,0,11
16,15,안양역,2026-09-18 06:00:00,3,0,11
16,15,안양역,2026-09-18 08:00:00,2,0,11
16,15,안양역,2026-09-18 16:00:00,1,0,11
16,15,안양역,2026-09-18 18:00:00,2,0,11
16,15,안양역,2026-09-18 20:00:00,2,0,11
16,15,안양역,2026-09-18 22:00:00,4,0,11
16,15,평촌역,2026-09-18 00:00:00,17,0,25
16,15,평촌역,2026-09-18 02:00:00,25,0,25
16,15,평촌역,2026-09-18 04:00:00,17,0,25
16,15,평촌역,2026-09-18 06:00:00,17,0,25
16,15,평촌역,2026-09-18 08:00:00,10,0,25
16,15,평촌역,2026-09-18 10:00:00,3,0,25
16,15,평촌역,2026-09-18 18:00:00,9,0,25
16,15,평촌역,2026-09-18 20:00:00,15,0,25
16,15,평촌역,2026-09-18 22:00:00,15,0,25
16,15,인덕원역,2026-09-18 00:00:00,4,0,7
16,15,인덕원역,2026-09-18 02:00:00,7,0,7
16,15,인덕원역,2026-09-18 04:00:00,4,0,7
16,15,인덕원역,2026-09-18 06:00:00,4,0,7
16,15,인덕원역,2026-09-18 08:00:00,2,0,7
16,15,인덕원역,2026-09-18 18:00:00,2,0,7
16,15,인덕원역,2026-09-18 20:00:00,3,0,7
16,15,인덕원역,2026-09-18 22:00:00,3,0,7
16,30,안양시청,2026-09-18 00:00:00,3,0,5
16,30,안양시청,2026-09-18 02:00:00,5,0,5
16,30,안양시청,2026-09-18 04:00:00,3,0,5
16,30,안양시청,2026-09-18 06:00:00,3,0,5
16,30,안양시청,2026-09-18 08:00:00,2,0,5
16,30,안양시청,2026-09-18 18:00:00,2,0,5
16,30,안양시청,2026-09-18 20:00:00,2,0,5
16,30,안양시청,2026-09-18 22:00:00,2,0,5
16,30,석수역,2026-09-18 00:00:00,1,0,5
16,30,석수역,2026-09-18 02:00:00,5,0,5
16,30,석수역,2026-09-18 04:00:00,1,0,5
16,30,범계역,2026-09-18 00:00:00,12,0,26
16,30,범계역,2026-09-18 02:00:00,26,0,26
16,30,범계역,2026-09-18 04:00:00,12,0,26
16,30,범계역,2026-09-18 06:00:00,12,0,26
16,30,범계역,2026-09-18 08:00:00,7,0,26
16,30,범계역,2026-09-18 10:00:00,3,0,26
16,30,범계역,2026-09-18 16:00:00,1,0,26
16,30,범계역,2026-09-18 18:00:00,6,0,26
16,30,범계역,2026-09-18 20:00:00,11,0,26
16,30,범계역,2026-09-18 22:00:00,11,0,26
16,30,안양역,2026-09-18 00:00:00,4,0,11
16,30,안양역,2026-09-18 02:00:00,11,0,11
16,30,안양역,2026-09-18 04:00:00,3,0,11
16,30,안양역,2026-09-18 06:00:00,3,0,11
16,30,안양역,2026-09-18 08:00:00,2,0,11
16,30,안양역,2026-09-18 16:00:00,1,0,11
16,30,안양역,2026-09-18 18:00:00,2,0,11
16,30,안양역,2026-09-18 20:00:00,2,0,11
16,30,안양역,2026-09-18 22:00:00,4,0,11
16,30,평촌역,2026-09-18 00:00:00,17,0,25
16,30,평촌역,2026-09-18 02:00:00,25,0,25
16,30,평촌역,2026-09-18 04:00:00,17,0,25
16,30,평촌역,2026-09-18 06:00:00,17,0,25
16,30,평촌역,2026-09-18 08:00:00,10,0,25
16,30,평촌역,2026-09-18 10:00:00,3,0,25
16,30,평촌역,2026-09-18 18:00:00,9,0,25
16,30,평촌역,2026-09-18 20:00:00,15,0,25
16,30,평촌역,2026-09-18 22:00:00,15,0,25
16,30,인덕원역,2026-09-18 00:00:00,4,0,7
16,30,인덕원역,2026-09-18 02:00:00,7,0,7
16,30,인덕원역,2026-09-18 04:00:00,4,0,7
16,30,인덕원역,2026-09-18 06:00:00,4,0,7
16,30,인덕원역,2026-09-18 08:00:00,2,0,7
16,30,인덕원역,2026-09-18 18:00:00,2,0,7
16,30,인덕원역,2026-09-18 20:00:00,3,0,7
16,30,인덕원역,2026-09-18 22:00:00,3,0,7
16,60,안양시청,2026-09-18 00:00:00,5,0,5
16,60,안양시청,2026-09-18 02:00:00,5,0,5
16,60,안양시청,2026-09-18 04:00:00,3,0,5
16,60,안양시청,2026-09-18 06:00:00,3,0,5
16,60,안양시청,2026-09-18 08:00:00,2,0,5
16,60,안양시청,2026-09-18 18:00:00,2,0,5
16,60,안양시청,2026-09-18 20:00:00,2,0,5
16,60,안양시청,2026-09-18 22:00:00,3,0,5
16,60,석수역,2026-09-18 00:00:00,5,0,5
16,60,석수역,2026-09-18 02:00:00,5,0,5
16,60,석수역,2026-09-18 04:00:00,1,0,5
16,60,석수역,2026-09-18 22:00:00,1,0,5
16,60,범계역,2026-09-18 00:00:00,26,0,26
16,60,범계역,2026-09-18 02:00:00,26,0,26
16,60,범계역,2026-09-18 04:00:00,12,0,26
16,60,범계역,2026-09-18 06:00:00,12,0,26
16,60,범계역,2026-09-18 08:00:00,8,0,26
16,60,범계역,2026-09-18 10:00:00,3,0,26
16,60,범계역,2026-09-18 16:00:00,1,0,26
16,60,범계역,2026-09-18 18:00:00,8,0,26
16,60,범계역,2026-09-18 20:00:00,11,0,26
16,60,범계역,2026-09-18 22:00:00,12,0,26
16,60,안양역,2026-09-18 00:00:00,11,0,11
16,60,안양역,2026-09-18 02:00:00,11,0,11
16,60,안양역,2026-09-18 04:00:00,4,0,11
16,60,안양역,2026-09-18 06:00:00,3,0,11
16,60,안양역,2026-09-18 08:00:00,2,0,11
16,60,안양역,2026-09-18 14:00:00,1,0,11
16,60,안양역,2026-09-18 16:00:00,2,0,11
16,60,안양역,2026-09-18 18:00:00,2,0,11
16,60,안양역,2026-09-18 20:00:00,4,0,11
16,60,안양역,2026-09-18 22:00:00,4,0,11
16,60,평촌역,2026-09-18 00:00:00,25,0,25
16,60,평촌역,2026-09-18 02:00:00,25,0,25
16,60,평촌역,2026-09-18 04:00:00,17,0,25
16,60,평촌역,2026-09-18 06:00:00,17,0,25
16,60,평촌역,2026-09-18 08:00:00,13,0,25
16,60,평촌역,2026-09-18 10:00:00,3,0,25
16,60,평촌역,2026-09-18 18:00:00,12,0,25
16,60,평촌역,2026-09-18 20:00:00,15,0,25
16,60,평촌역,2026-09-18 22:00:00,17,0,25
16,60,인덕원역,2026-09-18 00:00:00,7,0,7
16,60,인덕원역,2026-09-18 02:00:00,7,0,7
16,60,인덕원역,2026-09-18 04:00:00,4,0,7
16,60,인덕원역,2026-09-18 06:00:00,4,0,7
16,60,인덕원역,2026-09-18 08:00:00,3,0,7
16,60,인덕원역,2026-09-18 18:00:00,3,0,7
16,60,인덕원역,2026-09-18 20:00:00,3,0,7
16,60,인덕원역,2026-09-18 22:00:00,4,0,7
16,120,안양시청,2026-09-18 00:00:00,3,0,5
16,120,안양시청,2026-09-18 02:00:00,5,0,5
16,120,안양시청,2026-09-18 04:00:00,3,0,5
16,120,안양시청,2026-09-18 06:00:00,3,0,5
16,120,안양시청,2026-09-18 08:00:00,2,0,5
16,120,안양시청,2026-09-18 16:00:00,2,0,5
16,120,안양시청,2026-09-18 18:00:00,2,0,5
16,120,안양시청,2026-09-18 20:00:00,2,0,5
16,120,안양시청,2026-09-18 22:00:00,5,0,5
16,120,석수역,2026-09-18 00:00:00,1,0,5
16,120,석수역,2026-09-18 02:00:00,5,0,5
16,120,석수역,2026-09-18 04:00:00,1,0,5
16,120,석수역,2026-09-18 22:00:00,5,0,5
16,120,범계역,2026-09-18 00:00:00,12,0,26
16,120,범계역,2026-09-18 02:00:00,26,0,26
16,120,범계역,2026-09-18 04:00:00,12,0,26
16,120,범계역,2026-09-18 06:00:00,12,0,26
16,120,범계역,2026-09-18 08:00:00,8,0,26
16,120,범계역,2026-09-18 10:00:00,3,0,26
16,120,범계역,2026-09-18 14:00:00,1,0,26
16,120,범계역,2026-09-18 16:00:00,6,0,26
16,120,범계역,2026-09-18 18:00:00,11,0,26
16,120,범계역,2026-09-18 20:00:00,11,0,26
16,120,범계역,2026-09-18 22:00:00,26,0,26
16,120,안양역,2026-09-18 00:00:00,4,0,11
16,120,안양역,2026-09-18 02:00:00,11,0,11
16,120,안양역,2026-09-18 04:00:00,3,0,11
16,120,안양역,2026-09-18 06:00:00,3,0,11
16,120,안양역,2026-09-18 08:00:00,2,0,11
16,120,안양역,2026-09-18 14:00:00,1,0,11
16,120,안양역,2026-09-18 16:00:00,2,0,11
16,120,안양역,2026-09-18 18:00:00,2,0,11
16,120,안양역,2026-09-18 20:00:00,4,0,11
16,120,안양역,2026-09-18 22:00:00,11,0,11
16,120,평촌역,2026-09-18 00:00:00,17,0,25
16,120,평촌역,2026-09-18 02:00:00,25,0,25
16,120,평촌역,2026-09-18 04:00:00,17,0,25
16,120,평촌역,2026-09-18 06:00:00,17,0,25
16,120,평촌역,2026-09-18 08:00:00,11,0,25
16,120,평촌역,2026-09-18 10:00:00,3,0,25
16,120,평촌역,2026-09-18 16:00:00,9,0,25
16,120,평촌역,2026-09-18 18:00:00,15,0,25
16,120,평촌역,2026-09-18 20:00:00,15,0,25
16,120,평촌역,2026-09-18 22:00:00,25,0,25
16,120,인덕원역,2026-09-18 00:00:00,4,0,7
16,120,인덕원역,2026-09-18 02:00:00,7,0,7
16,120,인덕원역,2026-09-18 04:00:00,4,0,7
16,120,인덕원역,2026-09-18 06:00:00,4,0,7
16,120,인덕원역,2026-09-18 08:00:00,2,0,7
16,120,인덕원역,2026-09-18 16:00:00,2,0,7
16,120,인덕원역,2026-09-18 18:00:00,3,0,7
16,120,인덕원역,2026-09-18 20:00:00,3,0,7
16,120,인덕원역,2026-09-18 22:00:00,7,0,7
16,180,안양시청,2026-09-18 00:00:00,3,0,5
16,180,안양시청,2026-09-18 02:00:00,5,0,5
16,180,안양시청,2026-09-18 04:00:00,3,0,5
16,180,안양시청,2026-09-18 06:00:00,3,0,5
16,180,안양시청,2026-09-18 08:00:00,2,0,5
16,180,안양시청,2026-09-18 16:00:00,2,0,5
16,180,안양시청,2026-09-18 18:00:00,2,0,5
16,180,안양시청,2026-09-18 20:00:00,3,0,5
16,180,안양시청,2026-09-18 22:00:00,5,0,5
16,180,석수역,2026-09-18 00:00:00,1,0,5
16,180,석수역,2026-09-18 02:00:00,5,0,5
16,180,석수역,2026-09-18 04:00:00,1,0,5
16,180,석수역,2026-09-18 20:00:00,1,0,5
16,180,석수역,2026-09-18 22:00:00,5,0,5
16,180,범계역,2026-09-18 00:00:00,12,0,26
16,180,범계역,2026-09-18 02:00:00,26,0,26
16,180,범계역,2026-09-18 04:00:00,12,0,26
16,180,범계역,2026-09-18 06:00:00,12,0,26
16,180,범계역,2026-09-18 08:00:00,7,0,26
16,180,범계역,2026-09-18 10:00:00,3,0,26
16,180,범계역,2026-09-18 14:00:00,1,0,26
16,180,범계역,2026-09-18 16:00:00,8,0,26
16,180,범계역,2026-09-18 18:00:00,11,0,26
16,180,범계역,2026-09-18 20:00:00,12,0,26
16,180,범계역,2026-09-18 22:00:00,26,0,26
16,180,안양역,2026-09-18 00:00:00,4,0,11
16,180,안양역,2026-09-18 02:00:00,11,0,11
16,180,안양역,2026-09-18 04:00:00,3,0,11
16,180,안양역,2026-09-18 06:00:00,3,0,11
16,180,안양역,2026-09-18 08:00:00,2,0,11
16,180,안양역,2026-09-18 12:00:00,1,0,11
16,180,안양역,2026-09-18 14:00:00,2,0,11
16,180,안양역,2026-09-18 16:00:00,2,0,11
16,180,안양역,2026-09-18 18:00:00,4,0,11
16,180,안양역,2026-09-18 20:00:00,4,0,11
16,180,안양역,2026-09-18 22:00:00,11,0,11
16,180,평촌역,2026-09-18 00:00:00,17,0,25
16,180,평촌역,2026-09-18 02:00:00,25,0,25
16,180,평촌역,2026-09-18 04:00:00,17,0,25
16,180,평촌역,2026-09-18 06:00:00,17,0,25
16,180,평촌역,2026-09-18 08:00:00,10,0,25
16,180,평촌역,2026-09-18 10:00:00,3,0,25
16,180,평촌역,2026-09-18 16:00:00,12,0,25
16,180,평촌역,2026-09-18 18:00:00,15,0,25
16,180,평촌역,2026-09-18 20:00:00,17,0,25
16,180,평촌역,2026-09-18 22:00:00,25,0,25
16,180,인덕원역,2026-09-18 00:00:00,4,0,7
16,180,인덕원역,2026-09-18 02:00:00,7,0,7
16,180,인덕원역,2026-09-18 04:00:00,4,0,7
16,180,인덕원역,2026-09-18 06:00:00,4,0,7
16,180,인덕원역,2026-09-18 08:00:00,2,0,7
16,180,인덕원역,2026-09-18 16:00:00,3,0,7
16,180,인덕원역,2026-09-18 18:00:00,3,0,7
16,180,인덕원역,2026-09-18 20:00:00,4,0,7
16,180,인덕원역,2026-09-18 22:00:00,7,0,7
16,240,안양시청,2026-09-18 00:00:00,3,0,5
16,240,안양시청,2026-09-18 02:00:00,5,0,5
16,240,안양시청,2026-09-18 04:00:00,3,0,5
16,240,안양시청,2026-09-18 06:00:00,3,0,5
16,240,안양시청,2026-09-18 08:00:00,2,0,5
16,240,안양시청,2026-09-18 14:00:00,2,0,5
16,240,안양시청,2026-09-18 16:00:00,2,0,5
16,240,안양시청,2026-09-18 18:00:00,2,0,5
16,240,안양시청,2026-09-18 20:00:00,5,0,5
16,240,안양시청,2026-09-18 22:00:00,5,0,5
16,240,석수역,2026-09-18 00:00:00,1,0,5
16,240,석수역,2026-09-18 02:00:00,5,0,5
16,240,석수역,2026-09-18 04:00:00,1,0,5
16,240,석수역,2026-09-18 20:00:00,5,0,5
16,240,석수역,2026-09-18 22:00:00,5,0,5
16,240,범계역,2026-09-18 00:00:00,12,0,26
16,240,범계역,2026-09-18 02:00:00,26,0,26
16,240,범계역,2026-09-18 04:00:00,12,0,26
16,240,범계역,2026-09-18 06:00:00,12,0,26
16,240,범계역,2026-09-18 08:00:00,7,0,26
16,240,범계역,2026-09-18 10:00:00,3,0,26
16,240,범계역,2026-09-18 12:00:00,1,0,26
16,240,범계역,2026-09-18 14:00:00,6,0,26
16,240,범계역,2026-09-18 16:00:00,11,0,26
16,240,범계역,2026-09-18 18:00:00,11,0,26
16,240,범계역,2026-09-18 20:00:00,26,0,26
16,240,범계역,2026-09-18 22:00:00,26,0,26
16,240,안양역,2026-09-18 00:00:00,4,0,11
16,240,안양역,2026-09-18 02:00:00,11,0,11
16,240,안양역,2026-09-18 04:00:00,3,0,11
16,240,안양역,2026-09-18 06:00:00,3,0,11
16,240,안양역,2026-09-18 08:00:00,2,0,11
16,240,안양역,2026-09-18 12:00:00,1,0,11
16,240,안양역,2026-09-18 14:00:00,2,0,11
16,240,안양역,2026-09-18 16:00:00,2,0,11
16,240,안양역,2026-09-18 18:00:00,4,0,11
16,240,안양역,2026-09-18 20:00:00,11,0,11
16,240,안양역,2026-09-18 22:00:00,11,0,11
16,240,평촌역,2026-09-18 00:00:00,17,0,25
16,240,평촌역,2026-09-18 02:00:00,25,0,25
16,240,평촌역,2026-09-18 04:00:00,17,0,25
16,240,평촌역,2026-09-18 06:00:00,17,0,25
16,240,평촌역,2026-09-18 08:00:00,10,0,25
16,240,평촌역,2026-09-18 10:00:00,3,0,25
16,240,평촌역,2026-09-18 14:00:00,9,0,25
16,240,평촌역,2026-09-18 16:00:00,15,0,25
16,240,평촌역,2026-09-18 18:00:00,15,0,25
16,240,평촌역,2026-09-18 20:00:00,25,0,25
16,240,평촌역,2026-09-18 22:00:00,25,0,25
16,240,인덕원역,2026-09-18 00:00:00,4,0,7
16,240,인덕원역,2026-09-18 02:00:00,7,0,7
16,240,인덕원역,2026-09-18 04:00:00,4,0,7
16,240,인덕원역,2026-09-18 06:00:00,4,0,7
16,240,인덕원역,2026-09-18 08:00:00,2,0,7
16,240,인덕원역,2026-09-18 14:00:00,2,0,7
16,240,인덕원역,2026-09-18 16:00:00,3,0,7
16,240,인덕원역,2026-09-18 18:00:00,3,0,7
16,240,인덕원역,2026-09-18 20:00:00,7,0,7
16,240,인덕원역,2026-09-18 22:00:00,7,0,7
16,360,안양시청,2026-09-18 00:00:00,3,0,5
16,360,안양시청,2026-09-18 02:00:00,5,0,5
16,360,안양시청,2026-09-18 04:00:00,3,0,5
16,360,안양시청,2026-09-18 06:00:00,3,0,5
16,360,안양시청,2026-09-18 08:00:00,2,0,5
16,360,안양시청,2026-09-18 12:00:00,2,0,5
16,360,안양시청,2026-09-18 14:00:00,2,0,5
16,360,안양시청,2026-09-18 16:00:00,2,0,5
16,360,안양시청,2026-09-18 18:00:00,5,0,5
16,360,안양시청,2026-09-18 20:00:00,5,0,5
16,360,안양시청,2026-09-18 22:00:00,5,0,5
16,360,석수역,2026-09-18 00:00:00,1,0,5
16,360,석수역,2026-09-18 02:00:00,5,0,5
16,360,석수역,2026-09-18 04:00:00,1,0,5
16,360,석수역,2026-09-18 18:00:00,5,0,5
16,360,석수역,2026-09-18 20:00:00,5,0,5
16,360,석수역,2026-09-18 22:00:00,5,0,5
16,360,범계역,2026-09-18 00:00:00,12,0,26
16,360,범계역,2026-09-18 02:00:00,26,0,26
16,360,범계역,2026-09-18 04:00:00,12,0,26
16,360,범계역,2026-09-18 06:00:00,12,0,26
16,360,범계역,2026-09-18 08:00:00,7,0,26
16,360,범계역,2026-09-18 10:00:00,4,0,26
16,360,범계역,2026-09-18 12:00:00,6,0,26
16,360,범계역,2026-09-18 14:00:00,11,0,26
16,360,범계역,2026-09-18 16:00:00,11,0,26
16,360,범계역,2026-09-18 18:00:00,26,0,26
16,360,범계역,2026-09-18 20:00:00,26,0,26
16,360,범계역,2026-09-18 22:00:00,26,0,26
16,360,안양역,2026-09-18 00:00:00,4,0,11
16,360,안양역,2026-09-18 02:00:00,11,0,11
16,360,안양역,2026-09-18 04:00:00,3,0,11
16,360,안양역,2026-09-18 06:00:00,3,0,11
16,360,안양역,2026-09-18 08:00:00,2,0,11
16,360,안양역,2026-09-18 10:00:00,1,0,11
16,360,안양역,2026-09-18 12:00:00,2,0,11
16,360,안양역,2026-09-18 14:00:00,2,0,11
16,360,안양역,2026-09-18 16:00:00,4,0,11
16,360,안양역,2026-09-18 18:00:00,11,0,11
16,360,안양역,2026-09-18 20:00:00,11,0,11
16,360,안양역,2026-09-18 22:00:00,11,0,11
16,360,평촌역,2026-09-18 00:00:00,17,0,25
16,360,평촌역,2026-09-18 02:00:00,25,0,25
16,360,평촌역,2026-09-18 04:00:00,17,0,25
16,360,평촌역,2026-09-18 06:00:00,17,0,25
16,360,평촌역,2026-09-18 08:00:00,10,0,25
16,360,평촌역,2026-09-18 10:00:00,3,0,25
16,360,평촌역,2026-09-18 12:00:00,9,0,25
16,360,평촌역,2026-09-18 14:00:00,15,0,25
16,360,평촌역,2026-09-18 16:00:00,15,0,25
16,360,평촌역,2026-09-18 18:00:00,25,0,25
16,360,평촌역,2026-09-18 20:00:00,25,0,25
16,360,평촌역,2026-09-18 22:00:00,25,0,25
16,360,인덕원역,2026-09-18 00:00:00,4,0,7
16,360,인덕원역,2026-09-18 02:00:00,7,0,7
16,360,인덕원역,2026-09-18 04:00:00,4,0,7
16,360,인덕원역,2026-09-18 06:00:00,4,0,7
16,360,인덕원역,2026-09-18 08:00:00,2,0,7
16,360,인덕원역,2026-09-18 12:00:00,2,0,7
16,360,인덕원역,2026-09-18 14:00:00,3,0,7
16,360,인덕원역,2026-09-18 16:00:00,3,0,7
16,360,인덕원역,2026-09-18 18:00:00,7,0,7
16,360,인덕원역,2026-09-18 20:00:00,7,0,7
16,360,인덕원역,2026-09-18 22:00:00,7,0,7
17,15,안양시청,2026-09-19 00:00:00,3,0,5
17,15,안양시청,2026-09-19 02:00:00,5,0,5
17,15,안양시청,2026-09-19 04:00:00,5,0,5
17,15,안양시청,2026-09-19 06:00:00,3,0,5
17,15,안양시청,2026-09-19 08:00:00,3,0,5
17,15,안양시청,2026-09-19 10:00:00,3,0,5
17,15,안양시청,2026-09-19 12:00:00,3,0,5
17,15,안양시청,2026-09-19 14:00:00,3,0,5
17,15,안양시청,2026-09-19 16:00:00,3,0,5
17,15,안양시청,2026-09-19 18:00:00,5,0,5
17,15,안양시청,2026-09-19 20:00:00,3,0,5
17,15,안양시청,2026-09-19 22:00:00,3,0,5
17,15,석수역,2026-09-19 00:00:00,1,0,5
17,15,석수역,2026-09-19 02:00:00,5,0,5
17,15,석수역,2026-09-19 04:00:00,5,0,5
17,15,석수역,2026-09-19 06:00:00,1,0,5
17,15,석수역,2026-09-19 08:00:00,1,0,5
17,15,석수역,2026-09-19 10:00:00,1,0,5
17,15,석수역,2026-09-19 12:00:00,2,0,5
17,15,석수역,2026-09-19 14:00:00,2,0,5
17,15,석수역,2026-09-19 16:00:00,3,0,5
17,15,석수역,2026-09-19 18:00:00,5,0,5
17,15,석수역,2026-09-19 20:00:00,2,0,5
17,15,석수역,2026-09-19 22:00:00,1,0,5
17,15,범계역,2026-09-19 00:00:00,13,0,26
17,15,범계역,2026-09-19 02:00:00,26,0,26
17,15,범계역,2026-09-19 04:00:00,26,0,26
17,15,범계역,2026-09-19 06:00:00,12,0,26
17,15,범계역,2026-09-19 08:00:00,12,0,26
17,15,범계역,2026-09-19 10:00:00,11,0,26
17,15,범계역,2026-09-19 12:00:00,9,0,26
17,15,범계역,2026-09-19 14:00:00,10,0,26
17,15,범계역,2026-09-19 16:00:00,9,0,26
17,15,범계역,2026-09-19 18:00:00,26,0,26
17,15,범계역,2026-09-19 20:00:00,10,0,26
17,15,범계역,2026-09-19 22:00:00,10,0,26
17,15,안양역,2026-09-19 00:00:00,4,0,11
17,15,안양역,2026-09-19 02:00:00,11,0,11
17,15,안양역,2026-09-19 04:00:00,11,0,11
17,15,안양역,2026-09-19 06:00:00,3,0,11
17,15,안양역,2026-09-19 08:00:00,3,0,11
17,15,안양역,2026-09-19 10:00:00,4,0,11
17,15,안양역,2026-09-19 12:00:00,3,0,11
17,15,안양역,2026-09-19 14:00:00,4,0,11
17,15,안양역,2026-09-19 16:00:00,2,0,11
17,15,안양역,2026-09-19 18:00:00,11,0,11
17,15,안양역,2026-09-19 20:00:00,2,0,11
17,15,안양역,2026-09-19 22:00:00,4,0,11
17,15,평촌역,2026-09-19 00:00:00,17,0,25
17,15,평촌역,2026-09-19 02:00:00,25,0,25
17,15,평촌역,2026-09-19 04:00:00,25,0,25
17,15,평촌역,2026-09-19 06:00:00,17,0,25
17,15,평촌역,2026-09-19 08:00:00,17,0,25
17,15,평촌역,2026-09-19 10:00:00,14,0,25
17,15,평촌역,2026-09-19 12:00:00,13,0,25
17,15,평촌역,2026-09-19 14:00:00,13,0,25
17,15,평촌역,2026-09-19 16:00:00,13,0,25
17,15,평촌역,2026-09-19 18:00:00,25,0,25
17,15,평촌역,2026-09-19 20:00:00,15,0,25
17,15,평촌역,2026-09-19 22:00:00,14,0,25
17,15,인덕원역,2026-09-19 00:00:00,4,0,7
17,15,인덕원역,2026-09-19 02:00:00,7,0,7
17,15,인덕원역,2026-09-19 04:00:00,7,0,7
17,15,인덕원역,2026-09-19 06:00:00,4,0,7
17,15,인덕원역,2026-09-19 08:00:00,4,0,7
17,15,인덕원역,2026-09-19 10:00:00,4,0,7
17,15,인덕원역,2026-09-19 12:00:00,4,0,7
17,15,인덕원역,2026-09-19 14:00:00,4,0,7
17,15,인덕원역,2026-09-19 16:00:00,4,0,7
17,15,인덕원역,2026-09-19 18:00:00,7,0,7
17,15,인덕원역,2026-09-19 20:00:00,5,0,7
17,15,인덕원역,2026-09-19 22:00:00,4,0,7
17,30,안양시청,2026-09-19 00:00:00,3,0,5
17,30,안양시청,2026-09-19 02:00:00,5,0,5
17,30,안양시청,2026-09-19 04:00:00,5,0,5
17,30,안양시청,2026-09-19 06:00:00,3,0,5
17,30,안양시청,2026-09-19 08:00:00,3,0,5
17,30,안양시청,2026-09-19 10:00:00,3,0,5
17,30,안양시청,2026-09-19 12:00:00,3,0,5
17,30,안양시청,2026-09-19 14:00:00,3,0,5
17,30,안양시청,2026-09-19 16:00:00,3,0,5
17,30,안양시청,2026-09-19 18:00:00,5,0,5
17,30,안양시청,2026-09-19 20:00:00,3,0,5
17,30,안양시청,2026-09-19 22:00:00,3,0,5
17,30,석수역,2026-09-19 00:00:00,1,0,5
17,30,석수역,2026-09-19 02:00:00,5,0,5
17,30,석수역,2026-09-19 04:00:00,5,0,5
17,30,석수역,2026-09-19 06:00:00,1,0,5
17,30,석수역,2026-09-19 08:00:00,1,0,5
17,30,석수역,2026-09-19 10:00:00,1,0,5
17,30,석수역,2026-09-19 12:00:00,2,0,5
17,30,석수역,2026-09-19 14:00:00,2,0,5
17,30,석수역,2026-09-19 16:00:00,3,0,5
17,30,석수역,2026-09-19 18:00:00,5,0,5
17,30,석수역,2026-09-19 20:00:00,2,0,5
17,30,석수역,2026-09-19 22:00:00,1,0,5
17,30,범계역,2026-09-19 00:00:00,13,0,26
17,30,범계역,2026-09-19 02:00:00,26,0,26
17,30,범계역,2026-09-19 04:00:00,26,0,26
17,30,범계역,2026-09-19 06:00:00,12,0,26
17,30,범계역,2026-09-19 08:00:00,12,0,26
17,30,범계역,2026-09-19 10:00:00,11,0,26
17,30,범계역,2026-09-19 12:00:00,9,0,26
17,30,범계역,2026-09-19 14:00:00,10,0,26
17,30,범계역,2026-09-19 16:00:00,9,0,26
17,30,범계역,2026-09-19 18:00:00,26,0,26
17,30,범계역,2026-09-19 20:00:00,10,0,26
17,30,범계역,2026-09-19 22:00:00,10,0,26
17,30,안양역,2026-09-19 00:00:00,4,0,11
17,30,안양역,2026-09-19 02:00:00,11,0,11
17,30,안양역,2026-09-19 04:00:00,11,0,11
17,30,안양역,2026-09-19 06:00:00,3,0,11
17,30,안양역,2026-09-19 08:00:00,3,0,11
17,30,안양역,2026-09-19 10:00:00,4,0,11
17,30,안양역,2026-09-19 12:00:00,3,0,11
17,30,안양역,2026-09-19 14:00:00,4,0,11
17,30,안양역,2026-09-19 16:00:00,2,0,11
17,30,안양역,2026-09-19 18:00:00,11,0,11
17,30,안양역,2026-09-19 20:00:00,2,0,11
17,30,안양역,2026-09-19 22:00:00,4,0,11
17,30,평촌역,2026-09-19 00:00:00,17,0,25
17,30,평촌역,2026-09-19 02:00:00,25,0,25
17,30,평촌역,2026-09-19 04:00:00,25,0,25
17,30,평촌역,2026-09-19 06:00:00,17,0,25
17,30,평촌역,2026-09-19 08:00:00,17,0,25
17,30,평촌역,2026-09-19 10:00:00,14,0,25
17,30,평촌역,2026-09-19 12:00:00,13,0,25
17,30,평촌역,2026-09-19 14:00:00,13,0,25
17,30,평촌역,2026-09-19 16:00:00,13,0,25
17,30,평촌역,2026-09-19 18:00:00,25,0,25
17,30,평촌역,2026-09-19 20:00:00,15,0,25
17,30,평촌역,2026-09-19 22:00:00,14,0,25
17,30,인덕원역,2026-09-19 00:00:00,4,0,7
17,30,인덕원역,2026-09-19 02:00:00,7,0,7
17,30,인덕원역,2026-09-19 04:00:00,7,0,7
17,30,인덕원역,2026-09-19 06:00:00,4,0,7
17,30,인덕원역,2026-09-19 08:00:00,4,0,7
17,30,인덕원역,2026-09-19 10:00:00,4,0,7
17,30,인덕원역,2026-09-19 12:00:00,4,0,7
17,30,인덕원역,2026-09-19 14:00:00,4,0,7
17,30,인덕원역,2026-09-19 16:00:00,4,0,7
17,30,인덕원역,2026-09-19 18:00:00,7,0,7
17,30,인덕원역,2026-09-19 20:00:00,5,0,7
17,30,인덕원역,2026-09-19 22:00:00,4,0,7
17,60,안양시청,2026-09-19 00:00:00,3,0,5
17,60,안양시청,2026-09-19 02:00:00,5,0,5
17,60,안양시청,2026-09-19 04:00:00,5,0,5
17,60,안양시청,2026-09-19 06:00:00,3,0,5
17,60,안양시청,2026-09-19 08:00:00,3,0,5
17,60,안양시청,2026-09-19 10:00:00,3,0,5
17,60,안양시청,2026-09-19 12:00:00,3,0,5
17,60,안양시청,2026-09-19 14:00:00,3,0,5
17,60,안양시청,2026-09-19 16:00:00,3,0,5
17,60,안양시청,2026-09-19 18:00:00,5,0,5
17,60,안양시청,2026-09-19 20:00:00,3,0,5
17,60,안양시청,2026-09-19 22:00:00,3,0,5
17,60,석수역,2026-09-19 00:00:00,1,0,5
17,60,석수역,2026-09-19 02:00:00,5,0,5
17,60,석수역,2026-09-19 04:00:00,5,0,5
17,60,석수역,2026-09-19 06:00:00,1,0,5
17,60,석수역,2026-09-19 08:00:00,1,0,5
17,60,석수역,2026-09-19 10:00:00,2,0,5
17,60,석수역,2026-09-19 12:00:00,3,0,5
17,60,석수역,2026-09-19 14:00:00,2,0,5
17,60,석수역,2026-09-19 16:00:00,3,0,5
17,60,석수역,2026-09-19 18:00:00,5,0,5
17,60,석수역,2026-09-19 20:00:00,3,0,5
17,60,석수역,2026-09-19 22:00:00,1,0,5
17,60,범계역,2026-09-19 00:00:00,13,0,26
17,60,범계역,2026-09-19 02:00:00,26,0,26
17,60,범계역,2026-09-19 04:00:00,26,0,26
17,60,범계역,2026-09-19 06:00:00,13,0,26
17,60,범계역,2026-09-19 08:00:00,13,0,26
17,60,범계역,2026-09-19 10:00:00,11,0,26
17,60,범계역,2026-09-19 12:00:00,9,0,26
17,60,범계역,2026-09-19 14:00:00,11,0,26
17,60,범계역,2026-09-19 16:00:00,9,0,26
17,60,범계역,2026-09-19 18:00:00,26,0,26
17,60,범계역,2026-09-19 20:00:00,11,0,26
17,60,범계역,2026-09-19 22:00:00,13,0,26
17,60,안양역,2026-09-19 00:00:00,4,0,11
17,60,안양역,2026-09-19 02:00:00,11,0,11
17,60,안양역,2026-09-19 04:00:00,11,0,11
17,60,안양역,2026-09-19 06:00:00,3,0,11
17,60,안양역,2026-09-19 08:00:00,3,0,11
17,60,안양역,2026-09-19 10:00:00,4,0,11
17,60,안양역,2026-09-19 12:00:00,4,0,11
17,60,안양역,2026-09-19 14:00:00,4,0,11
17,60,안양역,2026-09-19 16:00:00,2,0,11
17,60,안양역,2026-09-19 18:00:00,11,0,11
17,60,안양역,2026-09-19 20:00:00,4,0,11
17,60,안양역,2026-09-19 22:00:00,4,0,11
17,60,평촌역,2026-09-19 00:00:00,17,0,25
17,60,평촌역,2026-09-19 02:00:00,25,0,25
17,60,평촌역,2026-09-19 04:00:00,25,0,25
17,60,평촌역,2026-09-19 06:00:00,17,0,25
17,60,평촌역,2026-09-19 08:00:00,17,0,25
17,60,평촌역,2026-09-19 10:00:00,14,0,25
17,60,평촌역,2026-09-19 12:00:00,13,0,25
17,60,평촌역,2026-09-19 14:00:00,14,0,25
17,60,평촌역,2026-09-19 16:00:00,13,0,25
17,60,평촌역,2026-09-19 18:00:00,25,0,25
17,60,평촌역,2026-09-19 20:00:00,15,0,25
17,60,평촌역,2026-09-19 22:00:00,17,0,25
17,60,인덕원역,2026-09-19 00:00:00,4,0,7
17,60,인덕원역,2026-09-19 02:00:00,7,0,7
17,60,인덕원역,2026-09-19 04:00:00,7,0,7
17,60,인덕원역,2026-09-19 06:00:00,4,0,7
17,60,인덕원역,2026-09-19 08:00:00,4,0,7
17,60,인덕원역,2026-09-19 10:00:00,4,0,7
17,60,인덕원역,2026-09-19 12:00:00,4,0,7
17,60,인덕원역,2026-09-19 14:00:00,4,0,7
17,60,인덕원역,2026-09-19 16:00:00,4,0,7
17,60,인덕원역,2026-09-19 18:00:00,7,0,7
17,60,인덕원역,2026-09-19 20:00:00,5,0,7
17,60,인덕원역,2026-09-19 22:00:00,4,0,7
17,120,안양시청,2026-09-19 00:00:00,3,0,5
17,120,안양시청,2026-09-19 02:00:00,5,0,5
17,120,안양시청,2026-09-19 04:00:00,5,0,5
17,120,안양시청,2026-09-19 06:00:00,3,0,5
17,120,안양시청,2026-09-19 08:00:00,3,0,5
17,120,안양시청,2026-09-19 10:00:00,3,0,5
17,120,안양시청,2026-09-19 12:00:00,3,0,5
17,120,안양시청,2026-09-19 14:00:00,3,0,5
17,120,안양시청,2026-09-19 16:00:00,3,0,5
17,120,안양시청,2026-09-19 18:00:00,5,0,5
17,120,안양시청,2026-09-19 20:00:00,3,0,5
17,120,안양시청,2026-09-19 22:00:00,5,0,5
17,120,석수역,2026-09-19 00:00:00,1,0,5
17,120,석수역,2026-09-19 02:00:00,5,0,5
17,120,석수역,2026-09-19 04:00:00,5,0,5
17,120,석수역,2026-09-19 06:00:00,1,0,5
17,120,석수역,2026-09-19 08:00:00,1,0,5
17,120,석수역,2026-09-19 10:00:00,2,0,5
17,120,석수역,2026-09-19 12:00:00,2,0,5
17,120,석수역,2026-09-19 14:00:00,3,0,5
17,120,석수역,2026-09-19 16:00:00,3,0,5
17,120,석수역,2026-09-19 18:00:00,5,0,5
17,120,석수역,2026-09-19 20:00:00,2,0,5
17,120,석수역,2026-09-19 22:00:00,5,0,5
17,120,범계역,2026-09-19 00:00:00,15,0,26
17,120,범계역,2026-09-19 02:00:00,26,0,26
17,120,범계역,2026-09-19 04:00:00,26,0,26
17,120,범계역,2026-09-19 06:00:00,12,0,26
17,120,범계역,2026-09-19 08:00:00,14,0,26
17,120,범계역,2026-09-19 10:00:00,11,0,26
17,120,범계역,2026-09-19 12:00:00,10,0,26
17,120,범계역,2026-09-19 14:00:00,10,0,26
17,120,범계역,2026-09-19 16:00:00,10,0,26
17,120,범계역,2026-09-19 18:00:00,26,0,26
17,120,범계역,2026-09-19 20:00:00,11,0,26
17,120,범계역,2026-09-19 22:00:00,26,0,26
17,120,안양역,2026-09-19 00:00:00,4,0,11
17,120,안양역,2026-09-19 02:00:00,11,0,11
17,120,안양역,2026-09-19 04:00:00,11,0,11
17,120,안양역,2026-09-19 06:00:00,3,0,11
17,120,안양역,2026-09-19 08:00:00,4,0,11
17,120,안양역,2026-09-19 10:00:00,4,0,11
17,120,안양역,2026-09-19 12:00:00,4,0,11
17,120,안양역,2026-09-19 14:00:00,4,0,11
17,120,안양역,2026-09-19 16:00:00,3,0,11
17,120,안양역,2026-09-19 18:00:00,11,0,11
17,120,안양역,2026-09-19 20:00:00,4,0,11
17,120,안양역,2026-09-19 22:00:00,11,0,11
17,120,평촌역,2026-09-19 00:00:00,17,0,25
17,120,평촌역,2026-09-19 02:00:00,25,0,25
17,120,평촌역,2026-09-19 04:00:00,25,0,25
17,120,평촌역,2026-09-19 06:00:00,17,0,25
17,120,평촌역,2026-09-19 08:00:00,17,0,25
17,120,평촌역,2026-09-19 10:00:00,14,0,25
17,120,평촌역,2026-09-19 12:00:00,13,0,25
17,120,평촌역,2026-09-19 14:00:00,13,0,25
17,120,평촌역,2026-09-19 16:00:00,13,0,25
17,120,평촌역,2026-09-19 18:00:00,25,0,25
17,120,평촌역,2026-09-19 20:00:00,15,0,25
17,120,평촌역,2026-09-19 22:00:00,25,0,25
17,120,인덕원역,2026-09-19 00:00:00,4,0,7
17,120,인덕원역,2026-09-19 02:00:00,7,0,7
17,120,인덕원역,2026-09-19 04:00:00,7,0,7
17,120,인덕원역,2026-09-19 06:00:00,4,0,7
17,120,인덕원역,2026-09-19 08:00:00,4,0,7
17,120,인덕원역,2026-09-19 10:00:00,4,0,7
17,120,인덕원역,2026-09-19 12:00:00,4,0,7
17,120,인덕원역,2026-09-19 14:00:00,4,0,7
17,120,인덕원역,2026-09-19 16:00:00,4,0,7
17,120,인덕원역,2026-09-19 18:00:00,7,0,7
17,120,인덕원역,2026-09-19 20:00:00,5,0,7
17,120,인덕원역,2026-09-19 22:00:00,7,0,7
17,180,안양시청,2026-09-19 00:00:00,5,0,5
17,180,안양시청,2026-09-19 02:00:00,5,0,5
17,180,안양시청,2026-09-19 04:00:00,5,0,5
17,180,안양시청,2026-09-19 06:00:00,3,0,5
17,180,안양시청,2026-09-19 08:00:00,3,0,5
17,180,안양시청,2026-09-19 10:00:00,3,0,5
17,180,안양시청,2026-09-19 12:00:00,3,0,5
17,180,안양시청,2026-09-19 14:00:00,3,0,5
17,180,안양시청,2026-09-19 16:00:00,3,0,5
17,180,안양시청,2026-09-19 18:00:00,5,0,5
17,180,안양시청,2026-09-19 20:00:00,3,0,5
17,180,안양시청,2026-09-19 22:00:00,5,0,5
17,180,석수역,2026-09-19 00:00:00,5,0,5
17,180,석수역,2026-09-19 02:00:00,5,0,5
17,180,석수역,2026-09-19 04:00:00,5,0,5
17,180,석수역,2026-09-19 06:00:00,1,0,5
17,180,석수역,2026-09-19 08:00:00,2,0,5
17,180,석수역,2026-09-19 10:00:00,3,0,5
17,180,석수역,2026-09-19 12:00:00,2,0,5
17,180,석수역,2026-09-19 14:00:00,2,0,5
17,180,석수역,2026-09-19 16:00:00,3,0,5
17,180,석수역,2026-09-19 18:00:00,5,0,5
17,180,석수역,2026-09-19 20:00:00,2,0,5
17,180,석수역,2026-09-19 22:00:00,5,0,5
17,180,범계역,2026-09-19 00:00:00,26,0,26
17,180,범계역,2026-09-19 02:00:00,26,0,26
17,180,범계역,2026-09-19 04:00:00,26,0,26
17,180,범계역,2026-09-19 06:00:00,13,0,26
17,180,범계역,2026-09-19 08:00:00,14,0,26
17,180,범계역,2026-09-19 10:00:00,11,0,26
17,180,범계역,2026-09-19 12:00:00,10,0,26
17,180,범계역,2026-09-19 14:00:00,10,0,26
17,180,범계역,2026-09-19 16:00:00,10,0,26
17,180,범계역,2026-09-19 18:00:00,26,0,26
17,180,범계역,2026-09-19 20:00:00,14,0,26
17,180,범계역,2026-09-19 22:00:00,26,0,26
17,180,안양역,2026-09-19 00:00:00,11,0,11
17,180,안양역,2026-09-19 02:00:00,11,0,11
17,180,안양역,2026-09-19 04:00:00,11,0,11
17,180,안양역,2026-09-19 06:00:00,3,0,11
17,180,안양역,2026-09-19 08:00:00,4,0,11
17,180,안양역,2026-09-19 10:00:00,5,0,11
17,180,안양역,2026-09-19 12:00:00,4,0,11
17,180,안양역,2026-09-19 14:00:00,4,0,11
17,180,안양역,2026-09-19 16:00:00,3,0,11
17,180,안양역,2026-09-19 18:00:00,11,0,11
17,180,안양역,2026-09-19 20:00:00,4,0,11
17,180,안양역,2026-09-19 22:00:00,11,0,11
17,180,평촌역,2026-09-19 00:00:00,25,0,25
17,180,평촌역,2026-09-19 02:00:00,25,0,25
17,180,평촌역,2026-09-19 04:00:00,25,0,25
17,180,평촌역,2026-09-19 06:00:00,17,0,25
17,180,평촌역,2026-09-19 08:00:00,17,0,25
17,180,평촌역,2026-09-19 10:00:00,14,0,25
17,180,평촌역,2026-09-19 12:00:00,14,0,25
17,180,평촌역,2026-09-19 14:00:00,13,0,25
17,180,평촌역,2026-09-19 16:00:00,13,0,25
17,180,평촌역,2026-09-19 18:00:00,25,0,25
17,180,평촌역,2026-09-19 20:00:00,18,0,25
17,180,평촌역,2026-09-19 22:00:00,25,0,25
17,180,인덕원역,2026-09-19 00:00:00,7,0,7
17,180,인덕원역,2026-09-19 02:00:00,7,0,7
17,180,인덕원역,2026-09-19 04:00:00,7,0,7
17,180,인덕원역,2026-09-19 06:00:00,4,0,7
17,180,인덕원역,2026-09-19 08:00:00,4,0,7
17,180,인덕원역,2026-09-19 10:00:00,4,0,7
17,180,인덕원역,2026-09-19 12:00:00,4,0,7
17,180,인덕원역,2026-09-19 14:00:00,4,0,7
17,180,인덕원역,2026-09-19 16:00:00,4,0,7
17,180,인덕원역,2026-09-19 18:00:00,7,0,7
17,180,인덕원역,2026-09-19 20:00:00,5,0,7
17,180,인덕원역,2026-09-19 22:00:00,7,0,7
17,240,안양시청,2026-09-19 00:00:00,3,0,5
17,240,안양시청,2026-09-19 02:00:00,5,0,5
17,240,안양시청,2026-09-19 04:00:00,5,0,5
17,240,안양시청,2026-09-19 06:00:00,3,0,5
17,240,안양시청,2026-09-19 08:00:00,3,0,5
17,240,안양시청,2026-09-19 10:00:00,3,0,5
17,240,안양시청,2026-09-19 12:00:00,3,0,5
17,240,안양시청,2026-09-19 14:00:00,3,0,5
17,240,안양시청,2026-09-19 16:00:00,3,0,5
17,240,안양시청,2026-09-19 18:00:00,5,0,5
17,240,안양시청,2026-09-19 20:00:00,5,0,5
17,240,안양시청,2026-09-19 22:00:00,5,0,5
17,240,석수역,2026-09-19 00:00:00,1,0,5
17,240,석수역,2026-09-19 02:00:00,5,0,5
17,240,석수역,2026-09-19 04:00:00,5,0,5
17,240,석수역,2026-09-19 06:00:00,1,0,5
17,240,석수역,2026-09-19 08:00:00,2,0,5
17,240,석수역,2026-09-19 10:00:00,2,0,5
17,240,석수역,2026-09-19 12:00:00,3,0,5
17,240,석수역,2026-09-19 14:00:00,3,0,5
17,240,석수역,2026-09-19 16:00:00,3,0,5
17,240,석수역,2026-09-19 18:00:00,5,0,5
17,240,석수역,2026-09-19 20:00:00,5,0,5
17,240,석수역,2026-09-19 22:00:00,5,0,5
17,240,범계역,2026-09-19 00:00:00,13,0,26
17,240,범계역,2026-09-19 02:00:00,26,0,26
17,240,범계역,2026-09-19 04:00:00,26,0,26
17,240,범계역,2026-09-19 06:00:00,14,0,26
17,240,범계역,2026-09-19 08:00:00,13,0,26
17,240,범계역,2026-09-19 10:00:00,11,0,26
17,240,범계역,2026-09-19 12:00:00,9,0,26
17,240,범계역,2026-09-19 14:00:00,11,0,26
17,240,범계역,2026-09-19 16:00:00,11,0,26
17,240,범계역,2026-09-19 18:00:00,26,0,26
17,240,범계역,2026-09-19 20:00:00,26,0,26
17,240,범계역,2026-09-19 22:00:00,26,0,26
17,240,안양역,2026-09-19 00:00:00,4,0,11
17,240,안양역,2026-09-19 02:00:00,11,0,11
17,240,안양역,2026-09-19 04:00:00,11,0,11
17,240,안양역,2026-09-19 06:00:00,4,0,11
17,240,안양역,2026-09-19 08:00:00,4,0,11
17,240,안양역,2026-09-19 10:00:00,5,0,11
17,240,안양역,2026-09-19 12:00:00,3,0,11
17,240,안양역,2026-09-19 14:00:00,4,0,11
17,240,안양역,2026-09-19 16:00:00,2,0,11
17,240,안양역,2026-09-19 18:00:00,11,0,11
17,240,안양역,2026-09-19 20:00:00,11,0,11
17,240,안양역,2026-09-19 22:00:00,11,0,11
17,240,평촌역,2026-09-19 00:00:00,17,0,25
17,240,평촌역,2026-09-19 02:00:00,25,0,25
17,240,평촌역,2026-09-19 04:00:00,25,0,25
17,240,평촌역,2026-09-19 06:00:00,17,0,25
17,240,평촌역,2026-09-19 08:00:00,17,0,25
17,240,평촌역,2026-09-19 10:00:00,14,0,25
17,240,평촌역,2026-09-19 12:00:00,13,0,25
17,240,평촌역,2026-09-19 14:00:00,13,0,25
17,240,평촌역,2026-09-19 16:00:00,15,0,25
17,240,평촌역,2026-09-19 18:00:00,25,0,25
17,240,평촌역,2026-09-19 20:00:00,25,0,25
17,240,평촌역,2026-09-19 22:00:00,25,0,25
17,240,인덕원역,2026-09-19 00:00:00,4,0,7
17,240,인덕원역,2026-09-19 02:00:00,7,0,7
17,240,인덕원역,2026-09-19 04:00:00,7,0,7
17,240,인덕원역,2026-09-19 06:00:00,4,0,7
17,240,인덕원역,2026-09-19 08:00:00,4,0,7
17,240,인덕원역,2026-09-19 10:00:00,4,0,7
17,240,인덕원역,2026-09-19 12:00:00,4,0,7
17,240,인덕원역,2026-09-19 14:00:00,4,0,7
17,240,인덕원역,2026-09-19 16:00:00,5,0,7
17,240,인덕원역,2026-09-19 18:00:00,7,0,7
17,240,인덕원역,2026-09-19 20:00:00,7,0,7
17,240,인덕원역,2026-09-19 22:00:00,7,0,7
17,360,안양시청,2026-09-19 00:00:00,3,0,5
17,360,안양시청,2026-09-19 02:00:00,5,0,5
17,360,안양시청,2026-09-19 04:00:00,5,0,5
17,360,안양시청,2026-09-19 06:00:00,3,0,5
17,360,안양시청,2026-09-19 08:00:00,3,0,5
17,360,안양시청,2026-09-19 10:00:00,3,0,5
17,360,안양시청,2026-09-19 12:00:00,3,0,5
17,360,안양시청,2026-09-19 14:00:00,3,0,5
17,360,안양시청,2026-09-19 16:00:00,3,0,5
17,360,안양시청,2026-09-19 18:00:00,5,0,5
17,360,안양시청,2026-09-19 20:00:00,5,0,5
17,360,안양시청,2026-09-19 22:00:00,5,0,5
17,360,석수역,2026-09-19 00:00:00,1,0,5
17,360,석수역,2026-09-19 02:00:00,5,0,5
17,360,석수역,2026-09-19 04:00:00,5,0,5
17,360,석수역,2026-09-19 06:00:00,2,0,5
17,360,석수역,2026-09-19 08:00:00,2,0,5
17,360,석수역,2026-09-19 10:00:00,3,0,5
17,360,석수역,2026-09-19 12:00:00,3,0,5
17,360,석수역,2026-09-19 14:00:00,3,0,5
17,360,석수역,2026-09-19 16:00:00,3,0,5
17,360,석수역,2026-09-19 18:00:00,5,0,5
17,360,석수역,2026-09-19 20:00:00,5,0,5
17,360,석수역,2026-09-19 22:00:00,5,0,5
17,360,범계역,2026-09-19 00:00:00,13,0,26
17,360,범계역,2026-09-19 02:00:00,26,0,26
17,360,범계역,2026-09-19 04:00:00,26,0,26
17,360,범계역,2026-09-19 06:00:00,13,0,26
17,360,범계역,2026-09-19 08:00:00,14,0,26
17,360,범계역,2026-09-19 10:00:00,11,0,26
17,360,범계역,2026-09-19 12:00:00,10,0,26
17,360,범계역,2026-09-19 14:00:00,12,0,26
17,360,범계역,2026-09-19 16:00:00,10,0,26
17,360,범계역,2026-09-19 18:00:00,26,0,26
17,360,범계역,2026-09-19 20:00:00,26,0,26
17,360,범계역,2026-09-19 22:00:00,26,0,26
17,360,안양역,2026-09-19 00:00:00,4,0,11
17,360,안양역,2026-09-19 02:00:00,11,0,11
17,360,안양역,2026-09-19 04:00:00,11,0,11
17,360,안양역,2026-09-19 06:00:00,4,0,11
17,360,안양역,2026-09-19 08:00:00,5,0,11
17,360,안양역,2026-09-19 10:00:00,4,0,11
17,360,안양역,2026-09-19 12:00:00,4,0,11
17,360,안양역,2026-09-19 14:00:00,4,0,11
17,360,안양역,2026-09-19 16:00:00,4,0,11
17,360,안양역,2026-09-19 18:00:00,11,0,11
17,360,안양역,2026-09-19 20:00:00,11,0,11
17,360,안양역,2026-09-19 22:00:00,11,0,11
17,360,평촌역,2026-09-19 00:00:00,17,0,25
17,360,평촌역,2026-09-19 02:00:00,25,0,25
17,360,평촌역,2026-09-19 04:00:00,25,0,25
17,360,평촌역,2026-09-19 06:00:00,17,0,25
17,360,평촌역,2026-09-19 08:00:00,17,0,25
17,360,평촌역,2026-09-19 10:00:00,14,0,25
17,360,평촌역,2026-09-19 12:00:00,13,0,25
17,360,평촌역,2026-09-19 14:00:00,15,0,25
17,360,평촌역,2026-09-19 16:00:00,14,0,25
17,360,평촌역,2026-09-19 18:00:00,25,0,25
17,360,평촌역,2026-09-19 20:00:00,25,0,25
17,360,평촌역,2026-09-19 22:00:00,25,0,25
17,360,인덕원역,2026-09-19 00:00:00,4,0,7
17,360,인덕원역,2026-09-19 02:00:00,7,0,7
17,360,인덕원역,2026-09-19 04:00:00,7,0,7
17,360,인덕원역,2026-09-19 06:00:00,4,0,7
17,360,인덕원역,2026-09-19 08:00:00,4,0,7
17,360,인덕원역,2026-09-19 10:00:00,4,0,7
17,360,인덕원역,2026-09-19 12:00:00,4,0,7
17,360,인덕원역,2026-09-19 14:00:00,5,0,7
17,360,인덕원역,2026-09-19 16:00:00,4,0,7
17,360,인덕원역,2026-09-19 18:00:00,7,0,7
17,360,인덕원역,2026-09-19 20:00:00,7,0,7
17,360,인덕원역,2026-09-19 22:00:00,7,0,7
