laeId,laeNm,pkplcId,pkplcNm,pkplcDivNm,pkplcTypeNm,latCrdn,lonCrdn,roadNmZip,roadNmAddr,lotnoAddr,pklotCnt,sbcmpctPklotCnt,pwdbsPrvusePklotCnt,femalePrfncPklotCnt,olmanPrfncPklotCnt,evPklotCnt,lndlvDivNm,wkdayOprtStartTime,wkdayOprtEndTime,satOprtStartTime,satOprtEndTime,hldyOprtStartTime,hldyOprtEndTime,parkingBscTime,parkingBscFare,addUnitTime,addUnitFare,ddPktckFareAplcnTime,ddPktckFare,mmCmmtktFare
31150,시흥시,00030,체육복개천,공영,기타,37.339632,126.75919,,경기도 시흥시 정왕동 2155,,242,,,,,,기타,09:00,18:00,09:00,18:00,09:00,18:00,30,300,10,200,,,
31150,시흥시,00031,뱀내공원주차장,공영,기타,37.442417,126.787469,,경기도 시흥시 뱀내장터로25번길 7,,59,,,,,,기타,08:00,20:00,08:00,20:00,08:00,20:00,30,300,10,200,,,
31240,화성시,00134,남양(노상),공영,노상,37.199317,126.825319,,,경기 화성시 남양읍 남양리 2405,0,,0,,,,1급지,10:00,23:00,10:00,23:00,10:00,23:00,90,0,10,300,,31200,0
31240,화성시,00135,화성방조제2,공영,노외,37.074495,126.733037,,,경기 화성시 우정읍 매향리 976,40,,0,,,,1급지,10:00,23:00,10:00,23:00,10:00,23:00,90,0,10,300,,0,0
31240,화성시,00139,향남읍사무소 부설주차장,공영,부설,37.131946,126.92041,,"경기 화성시 만세구 발안로 89 (향남읍,행정리,향남읍 행정복지센터,화성문화원사)","경기 화성시 만세구 발안로 89 (향남읍,행정리,향남읍 행정복지센터,화성문화원사)",73,,5,,,,1급지,10:00,18:00,00:00,00:00,00:00,00:00,59,0,10,0,,8000,0
31240,화성시,00133,남양택지내 나눔2,공영,노외,37.2002584,126.828749,,경기도 화성시 만세구 남양읍 남양리 2078-7,경기도 화성시 만세구 남양읍 남양리 2078-7,20,,0,,,,1급지,10:00,23:00,10:00,23:00,10:00,23:00,90,0,10,400,,0,0
31240,화성시,00130,화성방조제1,공영,노외,37.074002,126.7337179,,,경기 화성시 우정읍 매향리 976,40,,0,,,,1급지,10:00,23:00,10:00,23:00,10:00,23:00,90,0,10,300,,0,0
31240,화성시,00132,비봉지구 주4,공영,노외,37.2468149,126.8735656,,경기도 화성시 효행구 비봉면 구포리 1540,경기도 화성시 효행구 비봉면 구포리 1540,30,,0,,,,1급지,10:00,23:00,10:00,23:00,10:00,23:00,90,0,10,300,,0,60000
31050,부천시,00014,난장,공영,노외,37.511062,126.747084,14505,경기 부천시 원미구 길주로 1,경기 부천시 원미구 길주로 1,300,,0,,,,3급지,00:00,23:59,00:00,23:59,00:00,23:59,,400,10,200,,4000,60000
31050,부천시,00027,호수공원2,공영,노외,37.501728,126.745864,14592,경기 부천시 원미구 길주로 16,경기 부천시 원미구 길주로 16,85,,5,,,,3급지,00:00,23:59,00:00,23:59,00:00,23:59,,400,10,200,,4000,0
31050,부천시,00046,호수공원1,공영,노외,37.503536,126.746808,14592,경기 부천시 원미구 길주로 16,경기 부천시 원미구 길주로 16,232,,8,,,,3급지,00:00,23:59,00:00,23:59,00:00,23:59,,400,10,200,,4000,0
31050,부천시,00079,아인스월드,공영,노외,37.511228,126.744853,14505,경기 부천시 원미구 길주로 1,경기 부천시 원미구 길주로 1,262,,0,,,,3급지,00:00,23:59,00:00,23:59,00:00,23:59,,400,10,200,,4000,0
31130,남양주시,00006,오남 제1공영,공영,노상,37.69431,127.198285,12048,경기 남양주시 오남읍 오남리 862번지 일원 (오남체육공원 앞),경기 남양주시 오남읍 오남리 862번지 일원 (오남체육공원 앞),107,,6,,,1,1급지,08:00,20:00,08:00,20:00,08:00,20:00,30,600,10,300,,7000,70000
31130,남양주시,00054,진접 제2공영,공영,노상,37.745792,127.203325,,경기 남양주시 진접읍 팔야리 791-7 (진접농협 광릉점 뒤),경기 남양주시 진접읍 팔야리 791-7 (진접농협 광릉점 뒤),92,,3,,,5,1급지,08:00,20:00,08:00,20:00,08:00,20:00,30,600,10,300,,7000,70000
31130,남양주시,00056,진접 제2공영(대형차),공영,노상,37.745535,127.202824,,경기 남양주시 진접읍 팔야리 791-7 (진접농협 광릉점 뒤),,8,,0,,,0,1급지,08:00,20:00,08:00,20:00,08:00,20:00,30,600,10,300,,7000,140000
31130,남양주시,00057,오남 제1공영(캠핑카+화물차),공영,노상,37.693546,127.199981,12041,"경기 남양주시 양지로 176-9 (오남읍,오남리)","경기 남양주시 양지로 176-9 (오남읍,오남리)",16,,0,,,0,1급지,09:00,18:00,09:00,18:00,09:00,18:00,30,600,10,300,,7000,140000
31040,안양시,00004,안양6동2노외,공영,노외,37.390705,126.929179,,"경기 안양시 만안구 안양로 174 (안양동,안양 센트럴 헤센) 안 안양6동2노외","경기 안양시 만안구 안양로 174 (안양동,안양 센트럴 헤센) 안 안양6동2노외",15,,0,,,0,2급지,00:00,23:59,00:00,23:59,00:00,23:59,30,400,10,200,,25000,70000
31040,안양시,00035,안양6동1노외,공영,노외,37.389859,126.929896,,"경기 안양시 만안구 안양로 174 (안양동,안양 센트럴 헤센) 안 안양6동1노외","경기 안양시 만안구 안양로 174 (안양동,안양 센트럴 헤센) 안 안양6동1노외",30,,0,,,0,2급지,09:00,18:00,09:00,18:00,00:00,00:00,30,400,10,200,,25000,70000
31130,남양주시,00064,(공원)건강누리체육공원주차장,공영,노상,37.627835,127.160343,,경기 남양주시 다산중앙로146번길83,,24,,2,,,1,1급지,08:00,20:00,00:00,00:00,00:00,00:00,60,0,10,200,,7000,0
31130,남양주시,00065,(공원)다산중앙공원 제2주차장,공영,노상,37.62638888,127.16027777,,,경기 남양주시 다산동 6040,88,,0,,,0,1급지,08:00,20:00,00:00,00:00,00:00,00:00,60,0,10,200,,7000,30000
31130,남양주시,00066,(공원)다산중앙공원 제1주차장,공영,노상,37.62194444,127.1605555,,,경기 남양주시 다산동 6046,69,,8,,,6,1급지,08:00,20:00,00:00,00:00,00:00,00:00,60,0,10,200,,7000,0
31130,남양주시,00067,(공원)다산중앙공원 제3주차장,공영,노상,37.617777,127.16138888,,,경기 남양주시 다산동 6126-1,49,,0,,,0,1급지,08:00,20:00,00:00,00:00,00:00,00:00,60,0,10,200,,7000,30000
31130,남양주시,00068,(공원)등성이숲센터주차장,공영,노상,37.6261111,127.15972222,,경기 남양주시 다산중앙로146번기62,경기 남양주시 다산동 6046,20,,1,,,0,1급지,08:00,20:00,00:00,00:00,00:00,00:00,60,0,10,200,,7000,30000
31130,남양주시,00069,(공원)다산체육공원 주차장,공영,노상,37.616666,127.14972222,,경기 남양주시 다산순환로 65,,80,,5,,,0,1급지,08:00,20:00,08:00,20:00,08:00,20:00,60,0,10,200,,7000,30000
31130,남양주시,00070,(공원)어울누리 근린공원주차장,공영,노상,37.6172222,127.16416666,,,경기 남양주시 다산동 6114,22,,1,,,0,1급지,08:00,20:00,08:00,20:00,08:00,20:00,60,0,10,200,,7000,30000
31020,성남시,00014,상대원제1공영주차장,공영,노외,37.43881,127.168444,13208,,경기도 성남시 중원구 사기막골로45번길  42,210,0,0,,,,1급지,00:00,23:59,00:00,23:59,00:00,23:59,30,400,10,200,,6000,
31020,성남시,00048,운중동공영주차장,공영,노외,37.390879,127.077931,13166,,경기도 성남시 중원구 자혜로72번길  9 자혜공영주차장,208,0,0,,,,1급지,00:00,23:59,00:00,23:59,00:00,23:59,30,400,10,200,,6000,
31020,성남시,00095,양지제3공영주차장,공영,노외,37.457505,127.159589,13137,,경기도 성남시 수정구 논골로  40,96,12,2,,,,1급지,00:00,23:59,00:00,23:59,00:00,23:59,,,,,,,
31150,시흥시,00032,MTV17공영,공영,기타,37.32502,126.678724,,경기도 시흥시 정왕동 2718-9,,32,,,,,,기타,08:00,20:00,08:00,20:00,08:00,20:00,30,500,10,300,,,
31200,파주시,00038,(주기장) 월롱임시공영주기장,공영,노외,37.779828,126.787765,,"경기 파주시 공수물길 7 (월롱면,영태리)","경기 파주시 공수물길 7 (월롱면,영태리)",177,,0,,,0,1급지,00:00,00:00,00:00,00:00,00:00,00:00,0,0,0,0,,0,0
31210,이천시,00011,사동리 제1공영주차장,공영,노외,37.24364052,127.48192693,17341,"경기 이천시 대산로208번길 (대월면,사동리,휴먼빌 에듀파크시티)","경기 이천시 대산로208번길 (대월면,사동리,휴먼빌 에듀파크시티)",41,,2,,,2,2급지,00:00,23:59,00:00,23:59,00:00,23:59,30,500,10,200,,5000,60000
31150,시흥시,00021,장현P11공영주차장,공영,기타,37.369655,126.806642,,경기도 시흥시 능곡동 900-3,,33,,,,,,기타,08:00,20:00,08:00,20:00,08:00,20:00,30,300,10,200,,,
31150,시흥시,00023,장현P9공영주차장,공영,기타,37.367702,126.806747,,경기도 시흥시 군자동 799-3,,100,,,,,,기타,08:00,20:00,08:00,20:00,08:00,20:00,30,300,10,200,,,
31150,시흥시,00024,오이도배다리선착장,공영,기타,37.348433,126.693215,,경기도 시흥시 정왕동 2199-1,,30,,,,,,기타,10:00,20:00,10:00,20:00,10:00,20:00,30,500,10,300,,,
31150,시흥시,00025,생태공영주차장1,공영,기타,37.38791,126.777988,,경기도 시흥시 장곡동 724-45,,115,,,,,,기타,09:00,18:00,09:00,18:00,09:00,18:00,30,300,10,200,,,
31150,시흥시,00026,생태공영주차장2,공영,기타,37.388038,126.781046,,경기도 시흥시 장곡동 724-29,,48,,,,,,기타,09:00,18:00,09:00,18:00,09:00,18:00,30,300,10,200,,,
31150,시흥시,00027,시화MTV15,공영,기타,37.323177,126.682923,,경기도 시흥시 정왕동 2720-5,,66,,,,,,기타,08:00,20:00,08:00,20:00,08:00,20:00,30,800,10,400,,,
31150,시흥시,00028,신현동노외공영주차장,공영,기타,37.407683,126.789051,,경기도 시흥시 매화동 816-20,,48,,,,,,기타,08:00,20:00,08:00,20:00,08:00,20:00,30,300,10,200,,,
31160,군포시,00012,중심3공영,공영,노외,37.3589479,126.9308421,15865,산본로323번길 26-13,경기도 군포시 산본동 1143-1,18,0,0,0,0,0,1급지,08:00,23:59,08:00,23:59,08:00,23:59,30,700,10,200,,6000,70000
31160,군포시,00013,산본로데오공영주차장,공영,노외,37.36166665,126.9330205,15829,청백리길 13,경기도 군포시 금정동 845-1,285,0,0,0,0,0,2급지,00:00,23:59,00:00,23:59,00:00,23:59,30,500,10,100,,4000,
31160,군포시,00014,중심1공영,공영,노상,37.35909701,126.9331808,15865,산본로323번길 9,경기도 군포시 산본동 1127,39,0,0,0,0,0,1급지,08:00,23:59,08:00,23:59,08:00,23:59,30,700,10,200,,,
31160,군포시,00016,군포시청민원주차장,공영,노외,37.36102352,126.9353164,15888,경기도 군포시,경기도 군포시,159,0,0,0,0,0,1급지,,,,,,,0,0,0,0,0,0,0
31160,군포시,00011,중심상가지하공영주차장,공영,노외,37.35970885,126.9316632,,산본로323번길 지하 16-20,경기도 군포시 산본동 1180 중심지하공영주차장,179,0,0,0,0,0,1급지,00:00,23:59,00:00,23:59,00:00,23:59,30,700,10,200,,,
31160,군포시,00015,중심2공영,공영,노상,37.3583682,126.9317999,15865,산본로323번길 25,경기도 군포시 산본동 1142-9,39,0,0,0,0,0,1급지,08:00,23:59,08:00,23:59,08:00,23:59,30,700,10,200,,,
31130,남양주시,00071,평내 제1공영,공영,노상,37.6445479,127.23013529,,"경기 남양주시 평내로 9 (평내동,궁집)","경기 남양주시 평내로 9 (평내동,궁집)",106,,0,,,0,1급지,08:00,20:00,08:00,20:00,08:00,20:00,30,600,10,300,,7000,70000
31150,시흥시,00020,장현P1공영주차장,공영,기타,37.377254,126.789549,,경기도 시흥시 장곡동 932-10,,33,,,,,,기타,08:00,20:00,08:00,20:00,08:00,20:00,30,500,10,300,,,
31150,시흥시,00022,능곡노외공영주차장,공영,기타,37.369009,126.814194,,경기도 시흥시 능곡동 614,,26,,,,,,기타,08:00,20:00,08:00,20:00,08:00,20:00,30,300,10,200,,,
31130,남양주시,00072,다산 제5공영,공영,노상,37.6126415,127.16513388,,,경기 남양주시 다산동 6171,47,,0,,,0,1급지,08:00,20:00,08:00,20:00,00:00,00:00,30,600,10,300,,7000,70000
31130,남양주시,00073,(공원)다산수변공원2 주차장,공영,노상,37.6210821,127.145264,,경기 남양주시 다산순환로 149 (다산동),경기 남양주시 다산순환로 149 (다산동),20,,0,,,0,1급지,08:00,20:00,00:00,00:00,00:00,00:00,60,0,10,200,,7000,30000
31130,남양주시,00074,(공원)다산수변공원1 주차장,공영,노상,37.6206049,127.1455344,,경기 남양주시 다산순환로 149 (다산동),경기 남양주시 다산순환로 149 (다산동),30,,0,,,0,1급지,08:00,20:00,00:00,00:00,00:00,00:00,60,0,10,200,,7000,30000
31280,여주시,00002,한글시장 공영주차장,공영,기타,37.297604,127.635871,12622,경기도 여주시 여흥로 109번길 17-1,,179,0,0,0,0,0,기타,00:00,00:00,00:00,00:00,00:00,00:00,30,500,10,200,0,6000,0
31280,여주시,00001,시민회관 공영주차장,공영,기타,37.29463,127.636589,12628,경기도 여주시 세종로 33,,25,0,0,0,0,0,기타,00:00,00:00,00:00,00:00,00:00,00:00,30,500,10,200,0,6000,0
31280,여주시,00005,여주시청 공영주차장,공영,기타,37.298031,127.637288,12619,경기도 여주시 세종로 1,,79,0,0,0,0,0,기타,00:00,00:00,00:00,00:00,00:00,00:00,60,500,10,300,0,0,0
31280,여주시,00003,오학동 공영주차장,공영,기타,37.308144,127.643902,,경기도 여주시 오학동 295-5,,152,0,0,0,0,0,기타,00:00,00:00,00:00,00:00,00:00,00:00,30,500,10,200,0,6000,0
31280,여주시,00004,창동 공영주차장,공영,기타,37.295303,127.633468,12627,경기도 여주시 세종로 40번길 25,,192,0,0,0,0,0,기타,00:00,00:00,00:00,00:00,00:00,00:00,30,500,10,200,0,6000,0
31150,시흥시,00033,은계수변공원1,공영,기타,37.449635,126.803521,,경기도 시흥시 계수동 460,,65,,,,,,기타,10:00,22:00,10:00,22:00,10:00,22:00,30,500,10,300,,,
31150,시흥시,00034,시화MTV16,공영,기타,37.325126,126.68087,,경기도 시흥시 정왕동 2698-1,,106,,,,,,기타,08:00,20:00,08:00,20:00,08:00,20:00,30,500,10,300,,,
31150,시흥시,00035,은계P10,공영,기타,37.429465,126.797221,,경기도 시흥시 은행동 672-7,,100,,,,,,기타,10:00,22:00,10:00,22:00,10:00,22:00,30,500,10,300,,,
31150,시흥시,00036,은계P9,공영,기타,37.43087,126.802818,,경기도 시흥시 은행동 669-4,,27,,,,,,기타,10:00,22:00,10:00,22:00,10:00,22:00,30,500,10,300,,,
31250,광주시,00001,경안동,공영,노외,37.40941555,127.25901482,12758,경기도 광주시 경안로 13-6,,109,,4,,,3,1급지,00:00,23:59,00:00,23:59,00:00,23:59,30,800,10,300,,7000,70000
31250,광주시,00002,경안시장,공영,노외,37.40879746,127.25769386,12759,경기도 광주시 중앙로 103-5,,200,12,7,7,,5,1급지,00:00,23:59,00:00,23:59,00:00,23:59,30,800,10,300,,7000,70000
31240,화성시,00138,송산GC 주1 공영주차장,공영,노외,37.273922,126.827042,,경기 화성시 새솔동 142,경기 화성시 새솔동 142,50,,0,,,,1급지,00:00,00:00,00:00,00:00,00:00,00:00,90,0,10,400,,0,90000
31240,화성시,00140,산척동2 유인노상,공영,노상,37.170027,127.123084,,동탄구 산척동 845,동탄구 산척동 845,133,,0,,,,1급지,10:30,19:00,00:00,00:00,00:00,00:00,90,0,10,400,,0,0
31240,화성시,00141,산척동1 유인노상,공영,노상,37.172091,127.123475,,동탄구 산척동 840,동탄구 산척동 840,146,,0,,,,1급지,10:30,19:00,00:00,00:00,00:00,00:00,90,0,10,400,,0,0
31240,화성시,00142,개나리공원 유인노상,공영,노상,37.210453,127.065917,,동탄구 반송동 228,동탄구 반송동 228,102,,0,,,,1급지,10:30,19:00,00:00,00:00,00:00,00:00,90,0,10,400,,0,0
31200,파주시,00044,운정3 (월정기),공영,노외,37.729139,126.759723,,경기 파주시 금바위로 50 (와동동) 1380,경기 파주시 금바위로 50 (와동동) 1380,146,,5,,,0,1급지,09:00,22:00,00:00,00:00,00:00,00:00,30,600,10,250,,9000,90000
31200,파주시,00043,운정1(월정기),공영,노외,37.713057,126.747052,,경기 파주시 미래로 394 (야당동) 1002,경기 파주시 미래로 394 (야당동) 1002,216,,7,,,0,2급지,09:00,22:00,00:00,00:00,00:00,00:00,30,500,10,200,,8000,80000
31240,화성시,00099,병점 1동,공영,노상,37.20676165,127.03927844,18410,경기 화성시 병점서로 44 (병점동),경기 화성시 병점서로 44 (병점동),11,,0,,,,1급지,10:00,23:00,10:00,23:00,10:00,23:00,90,,10,400,,,
31050,부천시,00039,복사골문화센터,공영,부설,37.49478407,126.75421474,14596,경기 부천시 장말로 107,경기 부천시 장말로 107,182,,5,,,,3급지,10:00,18:00,00:00,00:00,00:00,00:00,,,10,200,,6000,
31050,부천시,00088,도당동 제1호,공영,노외,37.5084219,126.78810168,14487,경기 부천시 부천로264번길 49,경기 부천시 부천로264번길 49,101,,2,,,,3급지,00:00,23:59,00:00,23:59,00:00,23:59,,300,10,200,,4000,50000
31100,고양시,00016,행주산성 하 부설주차장,공영,기타,37.6002658,126.82392414,,경기 고양시 덕양구 행주외동 62-5,,179,,,,,,기타,09:00,18:00,09:00,18:00,09:00,18:00,10,2000,10,,,,
31130,남양주시,00053,진건 제4공영,공영,노상,37.6503,127.1792,,경기 남양주시 진건읍 사능리 590-2 (구 사릉역),경기 남양주시 진건읍 사능리 590-2 (구 사릉역),115,,4,,,1,1급지,08:00,20:00,08:00,20:00,08:00,20:00,30,600,10,300,,7000,70000
31110,과천시,00084,공영노외주차장,공영,노외,37.4312007,126.9885613,,,경기도 과천시 부림동 39-6,0,0,0,0,0,0,기타,00:00,00:00,00:00,00:00,00:00,00:00,10,,,,,,
31240,화성시,00071,병점고가,공영,노상,37.2092847,127.0305905,,경기도 화성시 진안동849-2,경기도 화성시 진안동849-2,60,,3,,,,1급지,10:00,23:00,10:00,23:00,10:00,23:00,90,,10,400,,,
31110,과천시,00095,시민회관부설주차장,공영,기타,37.4283068,126.9910021,13807,경기도 과천시 통영로 5,경기도 과천시 중앙동 6-2,325,2,9,0,0,0,기타,00:00,00:00,00:00,00:00,00:00,00:00,10,,10,400,10,30000,120000
31130,남양주시,00004,퇴계원 제3공영,공영,노상,37.64795129,127.14207252,12126,경기 남양주시 경춘북로 527-1 (풍양출장소 뒤),경기 남양주시 경춘북로 527-1 (풍양출장소 뒤),128,,6,,,0,1급지,08:00,20:00,08:00,20:00,08:00,20:00,30,600,10,300,,7000,70000
31030,의정부시,00029,가능1동제3공영,공영,노외,37.746842,127.033541,11675,,의정부시 가능동 678,105,12,4,0,0,1,2급지,00:00,23:59,00:00,23:59,00:00,23:59,,,,,12,,56000
31110,과천시,00114,공영노외주차장,공영,노외,37.4374615,126.9996113,,,경기도 과천시 중앙동 28-3,0,0,0,0,0,0,기타,00:00,00:00,00:00,00:00,00:00,00:00,10,,,,,,
31050,부천시,00028,심곡 시민의 강 제2공영주차장,공영,노외,37.48750268,126.78897839,14573,경기 부천시 부흥로 441,경기 부천시 부흥로 441,40,,1,,,,3급지,00:00,23:59,00:00,23:59,00:00,23:59,,300,10,200,,4000,
31050,부천시,00035,먹적골(상공회의소 앞),공영,노외,37.49032996,126.77497313,14615,경기 부천시 신흥로67번길 48,경기 부천시 신흥로67번길 48,148,,4,,,,3급지,00:00,23:59,00:00,23:59,00:00,23:59,,300,10,200,,4000,50000
31240,화성시,00104,화성중앙교회,공영,노외,37.13071814,126.91977477,18598,"경기 화성시 행정서로3길 46 (향남읍,행정리)","경기 화성시 행정서로3길 46 (향남읍,행정리)",18,,0,,,,1급지,06:00,20:00,06:00,20:00,06:00,20:00,,,,,,,
31040,안양시,00056,동편마을지하,공영,노외,37.40833114,126.97260075,13929,경기 안양시 동안구 동편로49번길 15 (관양동),경기 안양시 동안구 동편로49번길 15 (관양동),163,,6,,,0,3급지,09:00,18:00,00:00,00:00,00:00,00:00,30,200,10,100,,19100,45000
31110,과천시,00024,공영노외주차장,공영,노외,37.4249445,126.996674,,,경기도 과천시 중앙동 26-3,0,0,0,0,0,0,기타,00:00,00:00,00:00,00:00,00:00,00:00,10,,,,,,
31040,안양시,00018,삼덕노외,공영,노외,37.39688847,126.91588921,14002,"경기 안양시 만안구 삼덕로 106 (안양동,삼덕공원관리사무소)","경기 안양시 만안구 삼덕로 106 (안양동,삼덕공원관리사무소)",92,,6,,,1,2급지,10:00,20:00,10:00,20:00,10:00,20:00,30,400,10,200,,25000,70000
31210,이천시,00010,창전동 임시공영,공영,노외,37.2802626,127.4457754,17369,"경기 이천시 어재연로 43 (창전동,이천농협창전지점하나로마트)","경기 이천시 어재연로 43 (창전동,이천농협창전지점하나로마트)",74,,0,,,0,1급지,00:00,23:59,00:00,23:59,00:00,23:59,30,,10,250,,7000,
31170,의왕시,00036,청계보건지소,공영,노외,37.39131,126.9951,16007,경기도 의왕시 덕장로 19,,20,0,1,0,0,0,기타,00:00,00:00,00:00,00:00,00:00,00:00,,,,,,,
31070,평택시,00042,신장육교,공영,노상,37.0793505,127.05176998,17758,경기 평택시 신장로 28 (신장동),경기 평택시 신장로 28 (신장동),22,,,,,,1급지,09:00,18:00,00:00,00:00,00:00,00:00,120,800,10,300,,10000,70000
31100,고양시,00034,고양시 차량등록과 부설주차장,공영,기타,37.66586366,126.80773726,10304,경기 고양시 일산동구 백마로 539,,100,,,,,,기타,08:00,21:00,00:00,00:00,00:00,00:00,60,,5,190,,,
31020,성남시,00083,신흥제7공영주차장,공영,노외,37.4418118,127.1369713,13338,,경기도 성남시 수정구 수정남로 85,276,0,6,,,,1급지,00:00,23:59,00:00,23:59,00:00,23:59,,,,,,,
31040,안양시,00022,관악역4환승,공영,노외,37.41987489,126.90867303,,경기 안양시 만안구 경수대로1273번길 25 앞 관악역4환승주차장,경기 안양시 만안구 경수대로1273번길 25 앞 관악역4환승주차장,118,,2,,,0,3급지,09:00,17:00,00:00,00:00,00:00,00:00,30,200,10,100,,16700,45000
31010,수원시,00009,광교홍재도서관,,,37.3029356,127.04744313,16224,,경기 수원시 영통구 대학로 88  (이의동),53,,,,,,기타,00:00,23:00,07:00,23:00,07:00,23:00,70,300,10,300,,7000,
31170,의왕시,00019,포일숲속마을 공영주차장,공영,노외,37.4003188,126.9890178,16006,경기도 의왕시 포일동 655,,131,0,4,0,0,0,기타,00:00,00:00,00:00,00:00,00:00,00:00,30,500,10,200,,5000,
31110,과천시,00041,주차빌딩,공영,노외,37.4282926,126.9940572,13837,경기도 과천시 별양상가1로 39,경기도 과천시 별양동 1-34번지,0,0,0,0,0,0,2급지,00:00,00:00,00:00,00:00,00:00,00:00,10,,,,,,
31110,과천시,00117,찬우물2주차장,공영,노외,37.4166178,126.9820658,,,경기도 과천시 갈현동 356-6,0,0,0,0,0,0,기타,00:00,00:00,00:00,00:00,00:00,00:00,10,,,,,,
31020,성남시,00106,대원천A 공영주차장,공영,노외,37.4300294,127.1205674,13355,,경기도 성남시 중원구 성남동  ,140,0,0,,,,1급지,00:00,23:59,00:00,23:59,00:00,23:59,,,,,,,
31040,안양시,00091,호원어린이공원노외,공영,노외,37.37746089,126.95411808,14040,"경기 안양시 동안구 안양천동로126번길 26 (호계동,대성유니드) 호원어린이공원 옆","경기 안양시 동안구 안양천동로126번길 26 (호계동,대성유니드) 호원어린이공원 옆",31,,0,,,0,3급지,09:00,20:00,00:00,00:00,00:00,00:00,30,200,10,100,,25000,45000
31010,수원시,00064,세류역환승,,,37.24236416,127.01487185,16659,,경기 수원시 권선구 정조로 379  (장지동),136,,,,,,기타,00:00,23:59,00:00,23:59,00:00,23:59,70,300,10,300,,7000,
31110,과천시,00044,공영노외주차장,공영,노외,37.4295068,126.9890948,13834,경기도 과천시 향촌6길 42-10,경기도 과천시 별양동 47-4,0,0,0,0,0,0,기타,00:00,00:00,00:00,00:00,00:00,00:00,10,,,,,,
31020,성남시,00050,수내제2공영주차장,공영,노외,37.3662046,127.1282676,13597,,경기도 성남시 분당구 수내3동  ,126,0,0,,,,1급지,00:00,23:59,00:00,23:59,00:00,23:59,30,200,10,100,,6000,
31170,의왕시,00009,부곡도깨비시장 공영주차장,공영,노외,37.3193571,126.9504074,16095,경기도 의왕시 삼동 166-24,,91,0,3,0,0,2,기타,00:00,00:00,00:00,00:00,00:00,00:00,30,800,10,300,,8000,
31170,의왕시,00032,의왕 국민체육센터,공영,노외,37.3815686,126.9747961,16036,경기도 의왕시 내손동 626,,91,0,2,0,0,2,기타,00:00,00:00,00:00,00:00,00:00,00:00,30,600,10,200,,6000,
31130,남양주시,00019,(센터)화도,공영,노상,37.6496096,127.3011741,12178,"경기 남양주시 수레로 1259 (화도읍,창현리)","경기 남양주시 수레로 1259 (화도읍,창현리)",210,,6,,,6,1급지,05:30,22:30,05:30,20:30,08:00,17:30,60,,10,200,,7000,30000
31030,의정부시,00147,호원동짜투리,공영,노외,37.707409,127.045522,,,의정부시 호원동 119-11번지,18,0,1,0,0,0,2급지,00:00,23:59,00:00,23:59,00:00,23:59,,,,,12,,56000
31020,성남시,00089,중앙동제1공영주차장,공영,노외,37.4443762,127.1571576,13249,,경기도 성남시 중원구 희망로 443,252,2,6,,,,1급지,00:00,23:59,00:00,23:59,00:00,23:59,,,,,,,
31240,화성시,00022,수노을 중앙공원,공영,노외,37.28303099,126.81710508,18244,경기 화성시 만세구 꽃내음1길 30 (새솔동),경기 화성시 만세구 꽃내음1길 30 (새솔동),325,,22,,,,1급지,00:00,23:59,00:00,23:59,00:00,23:59,119,,10,,,10000,
31020,성남시,00097,운중동제2공영주차장,공영,노외,37.392322,127.0780175,13461,,경기도 성남시 분당구 운중동 974,61,0,0,,,,1급지,00:00,23:59,00:00,23:59,00:00,23:59,,,,,,,
31010,수원시,00058,인계 공영,,,37.27485,127.0305,16484,,경기 수원시 팔달구 장다리로306번길 24  (인계동),56,,,,,,기타,00:00,23:59,00:00,23:59,00:00,23:59,70,300,10,300,,7000,
31240,화성시,00120,동탄2 주21 공영주차장,공영,노외,37.17351024,127.12213207,18502,경기 화성시 동탄순환대로16길 31 (산척동 803),경기 화성시 동탄순환대로16길 31 (산척동 803),46,,0,,,,1급지,10:00,19:00,10:00,19:00,10:00,19:00,90,,10,400,,,90000
31110,과천시,00039,죽바위2-5주차장,공영,노외,37.4522024,127.0278566,,,경기도 과천시 주암동 183-7,0,0,0,0,0,0,기타,00:00,00:00,00:00,00:00,00:00,00:00,10,,,,,,
31070,평택시,00008,평택남부,공영,노상,36.99182,127.0874,17910,경기 평택시 평택1로 2 (평택동),경기 평택시 평택1로 2 (평택동),32,,,,,,1급지,09:00,18:00,00:00,00:00,00:00,00:00,30,800,10,300,,10000,70000
31150,시흥시,00039,햇살공원,공영,기타,,,,,,100,,,,,,기타,,,,,,,,,,,,,
31010,수원시,00049,수원시청 본관,,,37.2629442,127.0284411,16490,,"경기 수원시 팔달구 효원로 241  (인계동,수원시청)",91,,,,,,기타,00:00,23:59,00:00,23:59,00:00,23:59,40,500,10,500,,10000,
31020,성남시,00049,복정제1공영주차장,공영,노외,37.4679147,127.1271395,,,경기도 성남시성남대로1544,67,0,0,,,,1급지,00:00,23:59,00:00,23:59,00:00,23:59,30,400,10,200,,6000,
31100,고양시,00051,고양시청 부설주차장,공영,기타,37.65769766,126.83220322,10460,경기 고양시 덕양구 주교동 600,,145,,,,,,기타,08:00,20:00,00:00,00:00,00:00,00:00,60,,5,190,,,
31150,시흥시,00014,목감11,공영,기타,37.3857007,126.862476,,목감동 404,,45,,,,,,2급지,08:00,20:00,08:00,20:00,08:00,20:00,30,300,10,200,,,
31110,과천시,00030,상삼포1,공영,노외,37.4467648,127.0225258,,,경기도 과천시 주암동 439-5,0,0,0,0,0,0,기타,00:00,00:00,00:00,00:00,00:00,00:00,10,,,,,,
31010,수원시,00077,수원장안구청,,,37.30409473,127.01040066,16295,,경기 수원시 장안구 송원로 101  ,435,,,,,,기타,07:00,21:00,00:00,19:00,00:00,19:00,30,600,10,300,,7000,
31040,안양시,00001,"비호교1,2노외",공영,노외,37.39192621,126.94242131,14040,경기 안양시 동안구 경수대로813번길 (호계동),경기 안양시 동안구 경수대로813번길 (호계동),42,,0,,,0,2급지,09:00,17:00,00:00,00:00,00:00,00:00,30,400,10,200,,25000,70000
31040,안양시,00095,안양6동3노외,공영,노외,37.38975317,126.93105437,14033,안양시 만안구 안양동 508-1,안양시 만안구 안양동 508-1,20,,1,,,0,2급지,09:00,18:00,00:00,00:00,00:00,00:00,30,400,10,200,,25000,70000
31050,부천시,00111,구소사경찰서별관,공영,노외,37.47992047,126.7727694,14734,경기 부천시 소사구 경인로160번길 88,경기 부천시 소사구 경인로160번길 88,23,,1,,,,3급지,00:00,23:59,00:00,23:59,00:00,23:59,,,10,,,,50000
31110,과천시,00118,공영노외주차장,공영,노외,37.4228611,127.0085272,,,경기도 과천시 주암동 70-6,0,0,0,0,0,0,기타,00:00,00:00,00:00,00:00,00:00,00:00,10,,,,,,
31240,화성시,00049,봉담상리1,공영,노외,37.22599861,126.94489729,18309,"경기 화성시 효행구 상리중심상가길 25 (봉담읍,상리)","경기 화성시 효행구 상리중심상가길 25 (봉담읍,상리)",164,,0,,,,1급지,10:00,21:30,10:00,21:30,10:00,21:30,90,,10,400,,,100000
31050,부천시,00048,시의회옆,공영,노외,37.50284526,126.76433791,14547,경기 부천시 석천로178번길,경기 부천시 석천로178번길,54,,1,,,,1급지,00:00,23:59,00:00,23:59,00:00,23:59,,900,10,400,,9500,100000
31150,시흥시,00041,장현P15,공영,기타,,,,,,35,,,,,,기타,,,,,,,,,,,,,
31240,화성시,00112,태안3 주5 공영주차장,공영,노외,37.20534311,126.99684415,18351,경기 화성시 병점구 장조1로 17 (안녕동 259-3),경기 화성시 병점구 장조1로 17 (안녕동 259-3),40,,1,,,,1급지,10:00,23:00,10:00,23:00,10:00,23:00,90,,10,400,,,60000
31240,화성시,00059,다은(지하),공영,노외,37.20083002,127.0723739,18455,경기 화성시 동탄구 동탄중심상가1길 21 (반송동 104-7),경기 화성시 동탄구 동탄중심상가1길 21 (반송동 104-7),157,,8,,,,1급지,10:00,23:00,10:00,23:00,10:00,23:00,90,,10,400,,,100000
31240,화성시,00033,발안산업단지,공영,노상,37.0852127,126.9098039,,경기도 화성시 향남읍구문천리940,경기도 화성시 향남읍구문천리940,967,,0,,,,1급지,10:00,23:00,10:00,23:00,10:00,23:00,90,,10,400,,,
31240,화성시,00085,발안만세시장,공영,노외,37.1331273,126.9104795,18593,"경기 화성시 만세구 삼천병마로 221 (향남읍,평리)","경기 화성시 만세구 삼천병마로 221 (향남읍,평리)",32,,1,,,,1급지,10:00,23:00,10:00,23:00,10:00,23:00,120,,10,300,,,60000
31100,고양시,00017,주교 제2공영주차장,공영,기타,37.65663679,126.83381315,10461,경기 고양시 덕양구 마상로126번길 91,,57,,,,,,기타,08:00,22:00,08:00,22:00,00:00,00:00,30,240,5,70,,,
31240,화성시,00062,덕우공단,공영,노외,37.1601033,126.9166417,18336,"경기 화성시 덕우공단1길 3-5 (봉담읍,덕우리)","경기 화성시 덕우공단1길 3-5 (봉담읍,덕우리)",109,,0,,,,1급지,00:00,00:00,00:00,00:00,00:00,00:00,,,,,,,
31200,파주시,00005,봉일천 (월정기),공영,노외,37.7453147,126.80552081,10937,"경기 파주시 송비말길 113 (조리읍,봉일천리)","경기 파주시 송비말길 113 (조리읍,봉일천리)",193,,0,,,0,2급지,09:00,22:00,00:00,00:00,00:00,00:00,150,500,10,200,,8000,80000
31010,수원시,00090,수원시의회(지하),,,37.263769,127.02770473,,,경기 수원시 팔달구 효원로235번길 13  수원시의회,151,,,,,,기타,00:00,23:59,00:00,23:59,00:00,23:59,40,500,10,500,,10000,
31130,남양주시,00063,진접 제4공영,공영,노상,37.74058838,127.19955855,12022,"경기 남양주시 부평로 41 (진접읍,부평리,진접센트레빌시티2단지)","경기 남양주시 부평로 41 (진접읍,부평리,진접센트레빌시티2단지)",40,,2,,,2,1급지,08:00,20:00,08:00,20:00,08:00,20:00,30,600,10,300,,7000,70000
31200,파주시,00008,가람마을공원 (월정기),공영,노외,37.73460044,126.75339294,10870,경기 파주시 가람로21번길 16-16 (와동동),경기 파주시 가람로21번길 16-16 (와동동),235,,0,,,0,2급지,09:00,22:00,00:00,00:00,00:00,00:00,90,500,10,200,,8000,80000
31110,과천시,00055,전화국앞,공영,노상,37.4283068,126.9910021,,,경기도 과천시 중앙동 59,9,0,0,0,0,0,2급지,00:00,00:00,00:00,00:00,00:00,00:00,10,,10,400,10,17000,130000
31050,부천시,00102,고강차고지진입로,공영,노상,37.53846279,126.82138656,14404,경기 부천시 봉오대로556번길,경기 부천시 봉오대로556번길,43,,0,,,,3급지,08:00,20:00,00:00,00:00,00:00,00:00,,300,10,200,,4000,50000
31070,평택시,00058,소사벌상업지역제1,공영,노외,37.000972,127.115105,,경기 평택시 비전5로 비전동 1099일원,경기 평택시 비전5로 비전동 1099일원,57,,,,,,1급지,00:00,23:59,00:00,23:59,00:00,23:59,30,800,10,300,,10000,80000
31020,성남시,00084,수진제2공영주차장,공영,노외,37.4353334,127.1340711,13326,,경기도 성남시 수정구 제일로 99,165,0,3,,,,1급지,00:00,23:59,00:00,23:59,00:00,23:59,,,,,,,
31200,파주시,00030,금촌2-17,공영,노외,37.75865593,126.77712287,10923,경기 파주시 문화로 46 (금촌동),경기 파주시 문화로 46 (금촌동),45,,3,,,0,2급지,09:00,18:00,00:00,00:00,00:00,00:00,80,1000,20,500,,7000,80000
31020,성남시,00038,해오름공영주차장,공영,노외,37.4410912,127.1590908,13250,,경기도 성남시 중원구 광명로264번길 39,447,0,0,,,,1급지,00:00,23:59,00:00,23:59,00:00,23:59,30,400,10,200,,6000,
31110,과천시,00080,공영노외주차장,공영,노외,37.4620366,127.0326528,,,경기도 과천시 문원동 115-136,0,0,0,0,0,0,기타,00:00,00:00,00:00,00:00,00:00,00:00,10,,,,,,
31070,평택시,00021,중앙로,공영,노상,36.99289742,127.08862608,17909,경기 평택시 평택2로20번길 4 (평택동),경기 평택시 평택2로20번길 4 (평택동),32,,,,,,1급지,09:00,18:00,00:00,00:00,00:00,00:00,30,800,10,300,,10000,70000
31050,부천시,00053,심곡지하,공영,노외,37.48916435,126.78509757,14640,경기 부천시 부천로54번길 23,경기 부천시 부천로54번길 23,160,,4,,,,3급지,00:00,23:59,00:00,23:59,00:00,23:59,,300,10,200,,4000,50000
31100,고양시,00019,행신 제6공영주차장,공영,기타,37.61410536,126.8354165,10526,경기 고양시 덕양구 용현로 15,,42,,,,,,기타,09:00,21:00,00:00,00:00,00:00,00:00,30,720,5,120,,,
31070,평택시,00056,안중-제1,공영,노상,36.98886621,126.929317,17933,"경기 평택시 안중로 115 (안중읍,안중리)","경기 평택시 안중로 115 (안중읍,안중리)",12,,,,,,1급지,09:00,18:00,00:00,00:00,00:00,00:00,120,800,10,300,,10000,70000
31010,수원시,00017,만석 4주차장,,,37.2996,127.0045,16302,,경기 수원시 장안구 정조로1053번길 36  (송죽동),43,,,,,,기타,00:00,23:59,00:00,23:59,00:00,23:59,70,100,10,100,,4000,
31020,성남시,00032,산성역환승주차장,공영,노외,37.4566695,127.1507444,13122,,경기도 성남시 수정구 산성동 6,180,0,0,,,,1급지,00:00,23:59,00:00,23:59,00:00,23:59,30,400,10,200,,6000,
31110,과천시,00105,찬우물3주차장,공영,노외,37.4165208,126.9841353,,,경기도 과천시 갈현동 13-34,0,0,0,0,0,0,기타,00:00,00:00,00:00,00:00,00:00,00:00,10,,,,,,
31070,평택시,00022,지산,공영,노외,37.07927856,127.06129229,17763,"경기 평택시 지산2로 86 (지산동,지산동제1공영주차장)","경기 평택시 지산2로 86 (지산동,지산동제1공영주차장)",41,,,,,,2급지,09:00,18:00,00:00,00:00,00:00,00:00,30,800,10,300,,10000,70000
31240,화성시,00083,우정(조암),공영,노외,37.08452752,126.8187972,18567,"경기 화성시 만세구 조암남로33번길 6 (우정읍,조암리)","경기 화성시 만세구 조암남로33번길 6 (우정읍,조암리)",124,,5,,,,1급지,10:00,19:00,10:00,19:00,10:00,19:00,120,,10,300,,,60000
31040,안양시,00031,해동놀이터지하,공영,노외,37.40741966,126.95613032,13933,"경기 안양시 동안구 관악대로287번길 104-22 (관양동,수촌경로당)","경기 안양시 동안구 관악대로287번길 104-22 (관양동,수촌경로당)",76,,2,,,0,4급지,09:00,22:00,09:00,22:00,09:00,22:00,30,200,10,100,,14900,35000
31040,안양시,00068,명학동노외,공영,노외,37.37803713,126.93833344,,"경기 안양시 만안구 명학로 13 안양동 1287-2, 1287-1","경기 안양시 만안구 명학로 13 안양동 1287-2, 1287-1",134,,0,,,0,4급지,09:00,18:00,00:00,00:00,00:00,00:00,30,200,10,100,,10100,35000
31010,수원시,00067,화서시장,,,37.27905117,127.00233252,,,경기 수원시 팔달구 팔달로119번길 29  화서시장 공영주차장 (화서동),159,,,,,,기타,00:00,23:59,00:00,23:59,00:00,23:59,70,500,10,500,,10000,
31040,안양시,00069,안양4동노외,공영,노외,37.39710579,126.91863672,14002,"경기 안양시 만안구 냉천로203번길 (안양동,안양4동노외주차장)","경기 안양시 만안구 냉천로203번길 (안양동,안양4동노외주차장)",149,,0,,,0,2급지,10:00,20:00,10:00,20:00,10:00,20:00,30,400,10,200,,25000,70000
31110,과천시,00035,공영노외주차장,공영,노외,37.4377245,126.9965423,13830,경기도 과천시 부림2길 13-9,경기도 과천시 문원동 115-219,0,0,0,0,0,0,기타,00:00,00:00,00:00,00:00,00:00,00:00,10,,,,,,
31110,과천시,00113,우리은행 옆,공영,노상,37.4293916,126.9909659,13838,경기도 과천시 별양상가2로 17-1,경기도 과천시 별양동 55,16,0,0,0,0,0,2급지,00:00,00:00,00:00,00:00,00:00,00:00,10,,10,400,10,17000,130000
31020,성남시,00033,태평4동제3공영주차장,공영,노외,37.4470682,127.139308,13278,,경기도 성남시 수정구 남문로  112 금빛초등학교,159,0,0,,,,1급지,00:00,23:59,00:00,23:59,00:00,23:59,30,400,10,200,,6000,
31090,안산시,00002,KT안산지사앞,공영,노외,37.317458,126.826358,,경기도 안산시 단원구 적금로 106 주차장,경기도 안산시 단원구 고잔동 521 앞,35,0,1,0,0,0,2급지,09:00,19:00,09:00,14:00,00:00,00:00,30,400,10,200,,4500,50000
31110,과천시,00082,농협앞,공영,노상,37.4283068,126.9910021,,,경기도 과천시 중앙동 59,19,0,1,0,0,0,2급지,00:00,00:00,00:00,00:00,00:00,00:00,10,,10,400,10,17000,130000
31020,성남시,00017,야탑제1환승공영주차장,공영,노외,37.4114227,127.1294299,13508,,경기도 성남시 분당구 야탑1동  ,102,0,0,,,,1급지,00:00,23:59,00:00,23:59,00:00,23:59,30,400,10,200,,6000,
31240,화성시,00013,남양 재래시장,공영,노외,37.20943575,126.81659713,18258,"경기 화성시 만세구 남양시장로55번길 16 (남양읍,남양리)","경기 화성시 만세구 남양시장로55번길 16 (남양읍,남양리)",82,,5,,,,1급지,10:00,23:00,10:00,23:00,10:00,23:00,120,,10,300,,,60000
31130,남양주시,00003,(센터)호평,공영,노상,37.65887795,127.24227968,12148,"경기 남양주시 늘을2로 67 (호평동,호평체육문화센터)","경기 남양주시 늘을2로 67 (호평동,호평체육문화센터)",199,,8,,,4,1급지,05:30,22:30,05:30,20:30,08:30,17:30,60,,10,200,,7000,30000
31110,과천시,00096,사기막골1주차장,공영,노외,37.4197186,126.9991776,,,경기도 과천시 문원동 324-14,0,0,0,0,0,0,기타,00:00,00:00,00:00,00:00,00:00,00:00,10,,,,,,
31070,평택시,00009,원평 제1,공영,노외,36.98891693,127.08548772,17919,"경기 평택시 원평로 30 (평택동,원평 제1공영주차장)","경기 평택시 원평로 30 (평택동,원평 제1공영주차장)",170,,,,,,1급지,00:00,23:59,00:00,23:59,00:00,23:59,30,800,10,300,,10000,80000
31010,수원시,00018,일월수목원,,,37.28791894,126.97683246,16416,,경기 수원시 장안구 일월로 61  (천천동),134,,,,,,기타,00:00,23:59,00:00,23:59,00:00,23:59,180,2000,180,1000,,5000,
31030,의정부시,00069,의정부1동제3공영,공영,노외,37.7436274,127.04545,,,의정부시 의정부동 238-4,201,0,2,0,0,4,2급지,00:00,23:59,00:00,23:59,00:00,23:59,,,,,12,,56000
31010,수원시,00084,구운공원,,,37.27874995,126.97584244,16409,,경기 수원시 권선구 구운로14번길 42  (구운동),69,,,,,,기타,00:00,23:59,00:00,23:59,00:00,23:59,70,300,10,300,,7000,
31020,성남시,00026,중앙동제4공영주차장,공영,노외,37.4406422,127.1548623,13252,,경기도 성남시 중원구 광명로 242번길 20,230,0,0,,,,1급지,00:00,23:59,00:00,23:59,00:00,23:59,30,400,10,200,,6000,
31240,화성시,00027,동탄 남광장(노상),공영,노상,37.20094276,127.07322288,18455,경기 화성시 동탄구 노작로 147 (반송동 반송동 106-3),경기 화성시 동탄구 노작로 147 (반송동 반송동 106-3),70,,2,,,,1급지,10:00,23:00,10:00,23:00,10:00,23:00,90,,10,400,,,
31100,고양시,00030,덕양구청 부설주차장,공영,기타,37.63650671,126.8323132,10497,경기 고양시 덕양구 화정동 955,,316,,,,,,기타,08:00,21:00,08:00,21:00,08:00,21:00,60,,5,190,,,
31240,화성시,00020,동탄일반산업단지,공영,노상,37.1666885,127.0818853,,경기도 화성시 방교동812,경기도 화성시 방교동812,165,,0,,,,1급지,10:00,23:00,10:00,23:00,10:00,23:00,90,,10,400,,,
31240,화성시,00047,봉담상리2,공영,노외,37.22537015,126.94534091,18309,"경기 화성시 효행구 상리중심상가길 19 (봉담읍,상리)","경기 화성시 효행구 상리중심상가길 19 (봉담읍,상리)",200,,0,,,,1급지,10:00,21:30,10:00,21:30,10:00,21:30,90,,10,400,,,100000
31210,이천시,00002,이천공설운동장,공영,노외,37.276496,127.440786,17376,경기 이천시 서희로 11 (중리동),경기 이천시 서희로 11 (중리동),466,,20,,,10,2급지,00:00,23:59,00:00,23:59,00:00,23:59,30,,10,200,,5000,60000
31090,안산시,00006,안산세무서뒤,공영,노외,37.32036,126.827045,,경기도 안산시 단원구 화랑로 354 주차장,경기도 안산시 단원구 고잔동 545-1,147,0,5,0,0,5,2급지,08:00,21:00,08:00,21:00,00:00,00:00,30,400,10,200,,4500,50000
31090,안산시,00008,신원프라자뒤,공영,노외,37.320112,126.832633,,경기도 안산시 단원구 고잔로 57-16 주차장,경기도 안산시 단원구 고잔동 556-1,136,0,4,0,0,5,1급지,08:00,21:00,08:00,21:00,00:00,00:00,30,600,10,300,,9000,80000
31020,성남시,00052,여수동제2공영주차장,공영,노외,37.4197184,127.1321478,,,경기도 성남시 중원구 여수동 539,48,0,0,,,,1급지,00:00,23:59,00:00,23:59,00:00,23:59,30,400,10,200,,6000,
31020,성남시,00073,복정제6공영주차장,공영,노외,37.4637565,127.1278661,13112,,경기도 성남시 수정구 복정로118번길 7,120,4,4,,,,1급지,00:00,23:59,00:00,23:59,00:00,23:59,,,,,,,
31030,의정부시,00126,금오그린(동),공영,노외,37.75341,127.07078,,,의정부시 금오동 474-6,46,0,3,0,0,0,1급지,00:00,23:59,00:00,23:59,00:00,23:59,,,,,12,,104000
31050,부천시,00038,꿈빛도서관옆,공영,노외,37.50811463,126.77371047,14535,경기 부천시 신흥로275번길 19,경기 부천시 신흥로275번길 19,62,,1,,,,3급지,00:00,23:59,00:00,23:59,00:00,23:59,,300,10,200,,4000,50000
31040,안양시,00049,명학역노상,공영,기타,37.38485036,126.93589225,14088,경기 안양시 만안구 덕천로 41 (안양동),경기 안양시 만안구 덕천로 41 (안양동),87,,4,,,1,2급지,09:00,17:00,09:00,17:00,09:00,17:00,30,400,10,200,,25000,
31050,부천시,00070,삼정동 제3호,공영,노외,37.52599099,126.7660978,14448,경기 부천시 오정로,경기 부천시 오정로,172,,5,,,,3급지,00:00,23:59,00:00,23:59,00:00,23:59,,300,10,200,,4000,
31070,평택시,00040,서정시장,공영,노외,37.05742105,127.05550865,17779,"경기 평택시 서정역로 37 (서정동,서정시장공영주차장)","경기 평택시 서정역로 37 (서정동,서정시장공영주차장)",32,,,,,,2급지,00:00,23:59,00:00,23:59,00:00,23:59,120,800,10,300,,10000,80000
31020,성남시,00069,은행동제9공영주차장,공영,노외,37.4566338,127.1697852,13154,,성남시 중원구 은이로63번길 8,110,0,0,,,,1급지,00:00,23:59,00:00,23:59,00:00,23:59,,,,,,,
31240,화성시,00103,산척동(주22),공영,노외,37.16983844,127.12089526,18502,경기 화성시 동탄구 동탄순환대로14길 86-16 (산척동 826-4),경기 화성시 동탄구 동탄순환대로14길 86-16 (산척동 826-4),30,,1,,,,1급지,10:00,23:00,10:00,23:00,10:00,23:00,90,,10,400,,,90000
31220,안성시,00008,동본동 공영주차장,공영,노외,37.00789039,127.27195553,17589,경기 안성시 중앙2길 42,경기도 안성시 동본동,68,0,2,0,0,4,2급지,12:00,23:59,12:00,23:59,12:00,23:59,60,500,30,2000,,10000,
31240,화성시,00118,태안3 주6 공영주차장,공영,노외,37.20386903,126.99992836,18352,경기 화성시 장조2로 18 (안녕동 269-2),경기 화성시 장조2로 18 (안녕동 269-2),43,,0,,,,1급지,10:00,23:00,10:00,23:00,10:00,23:00,90,,10,400,,,60000
31040,안양시,00050,예술공원노외,공영,노외,37.41906517,126.91976982,13912,경기 안양시 만안구 예술공원로 131 (석수동),경기 안양시 만안구 예술공원로 131 (석수동),168,,3,,,1,2급지,09:00,19:00,09:00,19:00,09:00,19:00,30,400,10,200,,25000,70000
31010,수원시,00047,영통도서관,,,37.2572,127.0712,16703,,"경기 수원시 영통구 청명로 151  (영통동,영통도서관)",79,,,,,,기타,00:00,23:59,00:00,23:59,00:00,23:59,70,100,10,100,,4000,
31050,부천시,00057,교통정보센터,공영,노외,37.50189071,126.78069947,14551,경기 부천시 옥산로 92,경기 부천시 옥산로 92,19,,0,,,,3급지,00:00,23:59,00:00,23:59,00:00,23:59,,,10,,,,50000
31040,안양시,00073,관악노상2-2,공영,노상,37.40399739,126.96014504,13937,경기 안양시 동안구 관악대로 335 (관양동) 세광빌딩앞~송월타올,경기 안양시 동안구 관악대로 335 (관양동) 세광빌딩앞~송월타올,30,,0,,,0,1급지,09:00,19:00,00:00,00:00,00:00,00:00,30,600,10,300,,25000,90000
31050,부천시,00029,원종철골,공영,노외,37.52507359,126.80521724,14420,경기 부천시 소사로 774,경기 부천시 소사로 774,67,,2,,,,1급지,00:00,23:59,00:00,23:59,00:00,23:59,,900,10,400,,9500,
31020,성남시,00071,은행동제7공영주차장,공영,노외,37.4545228,127.1650132,13160,,경기도 성남시 중원구 은행로 32번길 5,86,0,0,,,,1급지,00:00,23:59,00:00,23:59,00:00,23:59,,,,,,,
31050,부천시,00084,부천남부역,공영,노외,37.48337447,126.7831197,14710,경기 부천시 자유로 66,경기 부천시 자유로 66,48,,2,,,,1급지,00:00,23:59,00:00,23:59,00:00,23:59,,900,10,400,,9500,
31130,남양주시,00011,화도 제10공영,공영,노상,37.65603445,127.30688536,12176,"경기 남양주시 마석로 62 (화도읍,마석우리,심석중.고등학교)","경기 남양주시 마석로 62 (화도읍,마석우리,심석중.고등학교)",169,,6,,,7,1급지,08:00,20:00,08:00,20:00,08:00,20:00,30,600,10,300,,7000,70000
31050,부천시,00118,옥길문화체육센터,공영,부설,37.46173955,126.81525622,14789,경기 부천시 소사구 옥길로 23,경기 부천시 소사구 옥길로 23,101,,3,,,,3급지,00:00,23:59,00:00,23:59,00:00,23:59,,400,10,200,,6000,50000
31050,부천시,00004,심곡 시민의 강 제3공영주차장,공영,노외,37.49273818,126.78420668,14577,경기 부천시 원미구 부천로 93,경기 부천시 원미구 부천로 93,69,,2,,,,3급지,00:00,23:59,00:00,23:59,00:00,23:59,,300,10,200,,4000,
31050,부천시,00056,복사초 앞,공영,노외,37.46706091,126.79907538,14774,경기 부천시 소사구 소사로 96,경기 부천시 소사구 소사로 96,25,,0,,,,3급지,18:00,09:00,18:00,09:00,18:00,09:00,,,10,,,,
31060,광명시,00007,광명동굴 주차장,공영,기타,37.4250264,126.86662249,14341,경기 광명시 가학로85번길 134-14,,,,,,,,기타,09:00,18:00,09:00,18:00,09:00,18:00,,,,,,,
31240,화성시,00053,남양뉴타운(임시),공영,노외,37.2039119,126.8288375,18271,"경기 화성시 역골중앙로41번길 14-9 (남양읍,남양리)","경기 화성시 역골중앙로41번길 14-9 (남양읍,남양리)",204,,0,,,,1급지,10:00,23:00,10:00,23:00,10:00,23:00,,,,,,,
31050,부천시,00024,부천체육관,공영,부설,37.51342429,126.7631662,14509,경기 부천시 석천로 293,경기 부천시 석천로 293,500,,0,,,,3급지,00:00,23:59,00:00,23:59,00:00,23:59,,400,10,200,,6000,40000
31050,부천시,00026,법원앞,공영,노외,37.49036094,126.75660595,14623,경기 부천시 원미구 부일로237번길 41,경기 부천시 원미구 부일로237번길 41,211,,5,,,,1급지,00:00,23:59,00:00,23:59,00:00,23:59,,900,10,400,,9500,
31050,부천시,00050,버들공원,공영,노외,37.46105888,126.82554505,14786,경기 부천시 옥길로56번길 140,경기 부천시 옥길로56번길 140,49,,1,,,,3급지,10:00,21:00,10:00,21:00,10:00,21:00,,400,10,200,,4000,
31240,화성시,00011,제부도 4호,공영,노외,37.16265495,126.62036384,18553,경기 화성시 만세구 해안길 제부리 190-109,경기 화성시 만세구 해안길 제부리 190-109,228,,12,,,,1급지,00:00,23:59,00:00,23:59,00:00,23:59,10,,300,1000,,3000,60000
31010,수원시,00086,새빛주차,,,,,,,     ,300,,,,,,기타,00:00,23:59,00:00,23:59,00:00,23:59,,,,,,,
31170,의왕시,00023,왕송고가하부 공영주차장,공영,노외,37.3266607,126.9487435,,경기도 의왕시 삼동 428-17,,30,0,1,0,0,0,기타,00:00,00:00,00:00,00:00,00:00,00:00,30,500,10,200,,5000,
31010,수원시,00069,(야간)인계주택가,,,37.27176173,127.02426774,16474,,경기 수원시 팔달구 세지로234번길 4 1 (인계동),100,,,,,,기타,00:00,23:59,00:00,23:59,00:00,23:59,30,400,10,200,,4000,
31010,수원시,00013,성대 환승(구),,,37.3007,126.9712,16357,,경기 수원시 장안구 덕영대로417번길 1  (율전동),160,,,,,,기타,00:00,23:59,00:00,23:59,00:00,23:59,70,300,10,300,,7000,
31110,과천시,00058,사기막골4,공영,노외,37.4182696,126.999562,,,경기도 과천시 문원동 364-26,0,0,0,0,0,0,기타,00:00,00:00,00:00,00:00,00:00,00:00,10,,,,,,
31070,평택시,00036,서정리역지하,공영,노외,37.05723778,127.05126814,18008,"경기 평택시 고덕갈평로 86 (고덕동, 서정리역지하공영주차장)","경기 평택시 고덕갈평로 86 (고덕동, 서정리역지하공영주차장)",136,,,,,,1급지,00:00,23:59,00:00,23:59,00:00,23:59,30,800,10,300,,10000,80000
31020,성남시,00054,모란제2공영주차장,공영,노외,37.4280848,127.1277118,13355,,경기도 성남시 중원구 성남동  ,88,0,0,,,,1급지,00:00,23:59,00:00,23:59,00:00,23:59,,,,,,,
31050,부천시,00092,오정레포츠센터,공영,부설,37.5290269,126.79650022,14434,경기 부천시 상오정로 169,경기 부천시 상오정로 169,303,,6,,,,3급지,05:00,23:00,05:00,18:00,05:00,18:00,,400,10,200,,6000,
31240,화성시,00063,향남옴뿌리산,공영,노상,37.1353218,126.9024421,,경기도 화성시 향남읍장짐리401-40,경기도 화성시 향남읍장짐리401-40,68,,2,,,,1급지,10:00,23:00,10:00,23:00,10:00,23:00,90,,10,400,,,
31200,파주시,00014,시청주차장,공영,노외,37.76002867,126.77991988,10932,"경기 파주시 시청로 50 (아동동,파주시청)","경기 파주시 시청로 50 (아동동,파주시청)",340,,0,,,0,1급지,09:00,18:00,00:00,00:00,00:00,00:00,80,1000,20,500,,7000,10000
31010,수원시,00030,창룡 공영,,,37.29134418,127.02799644,16232,,경기 수원시 팔달구 월드컵로381번길 2  (우만동),87,,,,,,기타,00:00,23:59,00:00,23:59,00:00,23:59,70,300,10,300,,7000,
31240,화성시,00109,로얄앤컴퍼니(주) 공유주차장,공영,노외,37.17117618,126.8867043,18524,"경기 화성시 시청로 895-20 (팔탄면,율암리)","경기 화성시 시청로 895-20 (팔탄면,율암리)",54,,0,,,,1급지,09:00,17:00,00:00,00:00,00:00,00:00,,,,,,,
31030,의정부시,00109,추동공영,공영,노외,37.740291,127.064308,,,의정부시 신곡동 130-5,21,0,1,0,0,0,3급지,00:00,23:59,00:00,23:59,00:00,23:59,,,,,12,,32000
31020,성남시,00088,태평동탄천변공영주차장,공영,노외,37.4419847,127.1194384,13154,,경기 성남시 수정구 태평동 7003-21,109,6,2,,,,1급지,00:00,23:59,00:00,23:59,00:00,23:59,,,,,,,
31030,의정부시,00004,신곡2동공영,공영,노외,37.743471,127.057078,11740,,의정부시 신곡2동 674,162,17,4,0,0,2,2급지,00:00,23:59,00:00,23:59,00:00,23:59,,,,,12,,56000
31240,화성시,00091,조암,공영,노외,37.0838385,126.8145462,,경기도 화성시 우정읍조암리366-1,경기도 화성시 우정읍조암리366-1,44,,4,,,,1급지,00:00,00:00,00:00,00:00,00:00,00:00,,,,,,,
31100,고양시,00050,서정마을 제2공영주차장,공영,기타,37.6183801,126.84645019,10486,경기 고양시 덕양구 행신동 1079-1,,27,,,,,,기타,08:00,22:00,00:00,00:00,00:00,00:00,30,600,5,120,,,
31130,남양주시,00020,퇴계원 제2공영,공영,노상,37.65107884,127.14299069,,경기 남양주시 퇴계원읍 퇴계원리 257-6 (공원 밑),경기 남양주시 퇴계원읍 퇴계원리 257-6 (공원 밑),35,,1,,,0,1급지,08:00,20:00,08:00,20:00,08:00,20:00,30,600,10,300,,7000,70000
31240,화성시,00067,노작 공원,공영,노외,37.20596461,127.07563561,18459,경기 화성시 동탄구 노작로 206 (석우동),경기 화성시 동탄구 노작로 206 (석우동),83,,3,,,,1급지,00:00,23:59,00:00,23:59,00:00,23:59,59,,10,,,10000,
31110,과천시,00029,뒷골3주차장,공영,노외,37.4586677,127.0011845,,,경기도 과천시 과천동 389-13,0,0,0,0,0,0,기타,00:00,00:00,00:00,00:00,00:00,00:00,10,,,,,,
31110,과천시,00094,죽바위2-1주차장,공영,노외,37.4570456,127.0305845,,,경기도 과천시 주암동 108-14,0,0,0,0,0,0,기타,00:00,00:00,00:00,00:00,00:00,00:00,10,,,,,,
31240,화성시,00107,동탄호수공원(노외),공영,노외,37.16992518,127.09534944,18497,경기 화성시 동탄구 동탄순환대로 69 (송동),경기 화성시 동탄구 동탄순환대로 69 (송동),29,,1,,,,1급지,00:00,23:59,00:00,23:59,00:00,23:59,59,,10,,,10000,
31240,화성시,00064,융건릉2,공영,노외,37.2071055,126.9897184,18345,경기 화성시 효행로481번길 36 (안녕동),경기 화성시 효행로481번길 36 (안녕동),150,,7,,,,1급지,00:00,00:00,00:00,00:00,00:00,00:00,,,,,,,
31240,화성시,00100,용주사(송산동),공영,노외,37.2098682,127.0058574,18356,경기 화성시 용주로 135-3 (송산동),경기 화성시 용주로 135-3 (송산동),142,,11,,,,1급지,00:00,00:00,00:00,00:00,00:00,00:00,,,,,,,
31110,과천시,00037,광창교주변,공영,노상,37.4481942,127.0059625,,,경기도 과천시 과천동 245-3,0,0,0,0,0,0,4급지,00:00,00:00,00:00,00:00,00:00,00:00,10,,,,,,
31030,의정부시,00014,의정부1동 입체,공영,노외,37.7424099,127.048637,11692,평화로562번길 29,의정부시 의정부1동 190-16,66,7,2,0,0,3,1급지,00:00,23:59,00:00,23:59,00:00,23:59,,,,,12,,104000
31110,과천시,00027,남태령3주차장,공영,노외,37.450108,126.9957868,,,경기도 과천시 과천동 462-15,0,0,0,0,0,0,기타,00:00,00:00,00:00,00:00,00:00,00:00,10,,,,,,
31130,남양주시,00042,양정 제1공영,공영,노상,37.60604188,127.19289858,12245,경기 남양주시 경강로 207 (전철하부),경기 남양주시 경강로 207 (전철하부),32,,2,,,0,1급지,08:00,20:00,00:00,00:00,08:00,20:00,30,600,10,300,,7000,70000
31010,수원시,00038,신동 제1,,,37.248346,127.04436373,16683,,경기 수원시 영통구 권선로908번길 26 18 (신동),62,,,,,,기타,00:00,23:59,00:00,23:59,00:00,23:59,70,300,10,300,,7000,
31130,남양주시,00015,화도 제08공영,공영,노상,37.65878495,127.28445809,,경기 남양주시 화도읍 묵현리 318-14 (천마산역 후문),경기 남양주시 화도읍 묵현리 318-14 (천마산역 후문),81,,2,,,3,1급지,08:00,20:00,08:00,20:00,08:00,20:00,30,600,10,300,,7000,70000
31070,평택시,00043,중앙동 제2,공영,노외,37.05622311,127.05655425,17783,"경기 평택시 서정역로26번길 16 (이충동,중앙동제2공영주차장)","경기 평택시 서정역로26번길 16 (이충동,중앙동제2공영주차장)",53,,,,,,2급지,00:00,23:59,00:00,23:59,00:00,23:59,120,800,10,300,,10000,80000
31200,파주시,00019,임진각 주차장,공영,노외,37.89134649,126.7413257,10808,"경기 파주시 임진각로 148-53 (문산읍,마정리,종합관광안내소)","경기 파주시 임진각로 148-53 (문산읍,마정리,종합관광안내소)",808,,0,,,0,1급지,09:00,18:00,09:00,18:00,09:00,18:00,1,2000,,,,,
31100,고양시,00005,행신 제3공영주차장,공영,기타,37.61427789,126.83253019,10523,경기 고양시 덕양구 무원로 16,,46,,,,,,기타,09:00,21:00,00:00,00:00,00:00,00:00,30,720,5,120,,,
31040,안양시,00079,관악노상2-5,공영,노상,37.40488259,126.96543972,13939,경기 안양시 동안구 관악대로 383 (관양동) 농협관양동점앞~동안치매센터,경기 안양시 동안구 관악대로 383 (관양동) 농협관양동점앞~동안치매센터,11,,0,,,0,1급지,09:00,19:00,00:00,00:00,00:00,00:00,30,600,10,300,,25000,90000
31170,의왕시,00001,내손공용청사 부설주차장,공영,노외,37.3875393,126.9816303,16027,경기도 의왕시 내손동 849-2,,85,0,2,0,0,1,기타,08:00,20:00,08:00,20:00,08:00,20:00,30,600,10,200,,6000,
31130,남양주시,00029,화도 제05공영,공영,노상,37.65698212,127.3029065,,경기 남양주시 화도읍 마석우리 392-3 (마석택지지구),경기 남양주시 화도읍 마석우리 392-3 (마석택지지구),25,,1,,,2,1급지,08:00,20:00,08:00,20:00,08:00,20:00,30,600,10,300,,7000,70000
31220,안성시,00005,대덕면 광덕 공영주차장,공영,노외,37.0020347,127.22122212,17547,경기 안성시 대덕면 내리 322-11,경기도 안성시 대덕면 광덕리,49,0,2,1,0,2,3급지,12:00,23:59,12:00,23:59,12:00,23:59,60,200,30,1000,,6000,
31010,수원시,00041,만석 3주차장,,,37.30147002,127.00376905,16302,,경기 수원시 장안구 정조로 1085  (송죽동),50,,,,,,기타,00:00,23:59,00:00,23:59,00:00,23:59,70,100,10,100,,4000,
31050,부천시,00006,소방서옆,공영,노외,37.4947555,126.77724433,14582,경기 부천시 원미구 부흥로315번길 21,경기 부천시 원미구 부흥로315번길 21,140,,3,,,,1급지,00:00,23:59,00:00,23:59,00:00,23:59,,900,10,400,,9500,100000
31170,의왕시,00030,문화복지회관,공영,노외,37.35209,126.9821,16065,경기도 의왕시 백운로 23,,32,0,2,0,0,0,기타,00:00,00:00,00:00,00:00,00:00,00:00,,,,,,,
31050,부천시,00021,반달,공영,노외,37.489043,126.75169167,14598,경기 부천시 부일로199번길,경기 부천시 부일로199번길,115,,3,,,,1급지,00:00,23:59,00:00,23:59,00:00,23:59,,900,10,400,,9500,100000
31050,부천시,00114,오정대공원,공영,노외,37.52976855,126.79573795,14434,경기 부천시 오정구 상오정로 183,경기 부천시 오정구 상오정로 183,44,,2,,,,3급지,10:00,21:00,10:00,21:00,10:00,21:00,,400,10,200,,4000,
31200,파주시,00039,GTX-A 운정중앙역2 (환승_월정기),공영,노외,37.71487,126.730297,,경기 파주시 동서대로 파주시 동패동 산115-1,경기 파주시 동서대로 파주시 동패동 산115-1,782,,11,,,0,1급지,09:00,22:00,00:00,00:00,00:00,00:00,30,600,10,250,,9000,90000
31020,성남시,00081,신흥제1공영주차장,공영,노외,37.4388314,127.1395336,13343,,경기도 성남시 수정구 탄리로 16,66,1,2,,,,1급지,00:00,23:59,00:00,23:59,00:00,23:59,,,,,,,
31010,수원시,00033,매탄공원 공영,,,37.26713341,127.0454804,16538,,경기 수원시 영통구 매탄로 185  (매탄동),222,,,,,,기타,00:00,23:59,00:00,23:59,00:00,23:59,70,300,10,300,,7000,
31170,의왕시,00039,왕송호수1,공영,노외,37.31149348,126.9439301,,경기도 의왕시 초평동 278-11,,7,0,0,0,0,0,기타,00:00,00:00,00:00,00:00,00:00,00:00,,,,,,,
31070,평택시,00065,서정충혼탑,공영,노외,37.06271845,127.06013042,17780,"경기 평택시 송일로 14 (서정동,서정충혼탑공영주차장)","경기 평택시 송일로 14 (서정동,서정충혼탑공영주차장)",127,,,,,,1급지,09:00,18:00,09:00,18:00,09:00,18:00,30,800,10,300,,10000,80000
31110,과천시,00083,공영노외주차장,공영,노외,37.4247211,126.9978851,13834,경기도 과천시 향촌6길 42-10,경기도 과천시 중앙동 19-8,0,0,0,0,0,0,기타,00:00,00:00,00:00,00:00,00:00,00:00,10,,,,,,
31070,평택시,00038,평택동,공영,노외,36.99340609,127.08428863,17918,"경기 평택시 평택로75번길 12 (평택동,평택동공영주차장)","경기 평택시 평택로75번길 12 (평택동,평택동공영주차장)",105,,,,,,1급지,00:00,23:59,00:00,23:59,00:00,23:59,120,800,10,300,,10000,80000
31030,의정부시,00026,가능1동제5공영,공영,노외,37.7532706,127.036854,,의정로202번길 73,의정부시 가능동 362-3,239,1,10,0,0,3,2급지,00:00,23:59,00:00,23:59,00:00,23:59,,,,,12,,56000
31170,의왕시,00027,부곡동주민센터,공영,노외,37.31867,126.9568,16092,경기도 의왕시 부곡시장길 75,,81,0,1,0,0,2,기타,00:00,00:00,00:00,00:00,00:00,00:00,,,,,,,
31030,의정부시,00011,백석천지하2,공영,노외,37.7386754,127.035747,11623,시민로19번길 13,의정부시 의정부동 488,248,25,8,0,0,2,1급지,00:00,23:59,00:00,23:59,00:00,23:59,,,,,12,,104000
31050,부천시,00017,송내IC,공영,노외,37.488974,126.745763,14593,경기 부천시 부일로,경기 부천시 부일로,131,,2,,,,2급지,00:00,23:59,00:00,23:59,00:00,23:59,,700,10,300,,7000,70000
31110,과천시,00070,중신교회앞,공영,노외,37.42684374,126.9929772,13837,경기도 과천시 별양상가1로 29,경기도 과천시 별양동 1-9번지,22,0,2,0,0,0,2급지,00:00,00:00,00:00,00:00,00:00,00:00,10,,10,401,10,17000,130000
31110,과천시,00073,죽바위1-1주차장,공영,노외,37.4595173,127.0330767,,,경기도 과천시 주암동 16-2,0,0,0,0,0,0,기타,00:00,00:00,00:00,00:00,00:00,00:00,10,,,,,,
31130,남양주시,00046,화도 제01공영,공영,노상,37.65329212,127.30309549,,경기 남양주시 화도읍 마석우리 334-11 (마석5일장),경기 남양주시 화도읍 마석우리 334-11 (마석5일장),114,,5,,,5,1급지,08:00,20:00,08:00,20:00,08:00,20:00,30,600,10,300,,7000,70000
31050,부천시,00033,소사종합시장,공영,노외,37.47924678,126.79358725,14705,경기 부천시 소삼로 5,경기 부천시 소삼로 5,116,,7,,,,2급지,00:00,23:59,00:00,23:59,00:00,23:59,,700,10,300,,7000,70000
31110,과천시,00019,중앙빌딩,공영,노상,37.42836376,126.99312506,13807,경기도 과천시 중앙로 129,경기도 과천시 중앙동 40-10번지,15,0,0,0,0,0,2급지,00:00,00:00,00:00,00:00,00:00,00:00,10,,10,400,10,17000,130000
31020,성남시,00070,은행동제8공영주차장,공영,노외,37.4566643,127.1652321,13156,,경기도 성남시 중원구 은이로16번길 10,120,0,0,,,,1급지,00:00,23:59,00:00,23:59,00:00,23:59,,,,,,,
31240,화성시,00026,영천동(중심상가),공영,노상,37.2060544,127.1087067,,경기도 화성시 영천동732,경기도 화성시 영천동732,52,,0,,,,1급지,10:00,23:00,10:00,23:00,10:00,23:00,90,,10,400,,,
31110,과천시,00092,찬우물1주차장,공영,노외,37.418222,126.9851291,,,경기도 과천시 갈현동 5-13,0,0,0,0,0,0,기타,00:00,00:00,00:00,00:00,00:00,00:00,10,,,,,,
31240,화성시,00116,이솔고등학교 공유주차장,공영,노외,37.16675241,127.11114593,18505,경기 화성시 동탄순환대로7길 10 (산척동),경기 화성시 동탄순환대로7길 10 (산척동),72,,0,,,,1급지,17:00,07:30,00:00,23:59,00:00,23:59,,,,,,,
31040,안양시,00060,샘모루초교지하,공영,노외,37.39906147,126.94072461,13922,"경기 안양시 동안구 관악대로 155 (비산동,샘모루 초등학교)","경기 안양시 동안구 관악대로 155 (비산동,샘모루 초등학교)",57,,3,,,2,3급지,09:00,20:00,00:00,00:00,00:00,00:00,30,200,10,100,,23900,45000
31090,안산시,00003,중앙역사거리,공영,노외,37.316889,126.837309,,경기도 안산시 단원구 중앙대로 903 주차장,경기도 안산시 단원구 고잔동 554-2,40,0,2,0,0,0,1급지,09:00,23:00,09:00,23:00,09:00,23:00,30,600,10,300,,9000,80000
31100,고양시,00022,장항 제4공영주차장,공영,기타,37.66100858,126.76779359,10401,경기 고양시 일산동구 무궁화로 20-28,,192,,,,,,기타,09:00,00:00,09:00,00:00,09:00,00:00,30,720,5,120,,,
31150,시흥시,00002,매화산단,공영,기타,37.412091,126.821527,,도창동 511번지,,100,,,,,,2급지,08:00,20:00,08:00,20:00,08:00,20:00,30,300,10,200,,,
31130,남양주시,00033,별내동 제2공영,공영,노상,37.651348,127.119777,12108,"경기 남양주시 별내중앙로 102 (별내동,별빛도서관)","경기 남양주시 별내중앙로 102 (별내동,별빛도서관)",109,,6,,,10,1급지,08:00,20:00,08:00,20:00,08:00,20:00,30,600,10,300,,7000,70000
31240,화성시,00098,기산동,공영,노상,37.2163437,127.0546166,,경기도 화성시 기산동476-5,경기도 화성시 기산동476-5,36,,0,,,,1급지,10:00,23:00,10:00,23:00,10:00,23:00,90,,10,400,,,
31130,남양주시,00027,진접 제1공영,공영,노상,37.74507633,127.20818038,12019,"경기 남양주시 광릉내로82번길 42 (진접읍,팔야리)","경기 남양주시 광릉내로82번길 42 (진접읍,팔야리)",68,,2,,,0,1급지,08:00,20:00,08:00,20:00,08:00,20:00,30,600,10,300,,7000,70000
31040,안양시,00016,범계역노상,공영,기타,37.38985695,126.95400528,14072,"경기 안양시 동안구 평촌대로211번길 38-2 (호계동,동안구 구두수선대 2005-00035)","경기 안양시 동안구 평촌대로211번길 38-2 (호계동,동안구 구두수선대 2005-00035)",161,,0,,,0,1급지,09:00,22:00,09:00,22:00,09:00,22:00,30,600,10,300,,25000,
31110,과천시,00062,뒷골5주차장,공영,노외,37.4549916,127.0006329,,,경기도 과천시 과천동 383-5,0,0,0,0,0,0,5급지,00:00,00:00,00:00,00:00,00:00,00:00,10,,,,,,
31100,고양시,00018,장항 제1공영주차장,공영,기타,37.66203396,126.76874241,10401,경기도 고양시 일산동구 무궁화로 32-19 (장항동 777),,177,,,,,,기타,09:00,00:00,09:00,00:00,09:00,00:00,30,720,5,120,,,
31150,시흥시,00006,도일시장,공영,기타,37.3402746,126.785709,15069,거모동 1775-1,,98,,,,,,2급지,09:00,18:00,09:00,18:00,09:00,18:00,30,300,10,200,,,
31020,성남시,00025,은행1동제2공영주차장,공영,노외,37.453205,127.1690178,13155,,경기도 성남시 중원구 금빛로 112번길 35,125,0,0,,,,1급지,00:00,23:59,00:00,23:59,00:00,23:59,30,400,10,200,,6000,
31040,안양시,00061,수리산1노상,공영,기타,37.38868509,126.93072541,14089,경기 안양시 만안구 수리산로15번길 33 (안양동),경기 안양시 만안구 수리산로15번길 33 (안양동),32,,0,,,0,1급지,10:00,18:00,00:00,00:00,00:00,00:00,30,600,10,300,,25000,90000
31100,고양시,00036,풍동 제3공영주차장,공영,기타,37.66756709,126.80096911,10305,경기 고양시 일산동구 숲속마을로 14-7,,56,,,,,,기타,08:00,22:00,08:00,22:00,08:00,22:00,30,600,5,120,,,
31240,화성시,00097,동탄호수공원(지하),공영,노외,37.1667236,127.1018657,18497,경기 화성시 동탄순환대로 69 (송동),경기 화성시 동탄순환대로 69 (송동),312,,14,,,,1급지,00:00,23:59,00:00,23:59,00:00,23:59,59,,10,,,10000,
31130,남양주시,00022,별내동노상 제3공영,공영,노상,37.647209,127.12368,,경기 남양주시 별내중앙로 별내동 1017,경기 남양주시 별내중앙로 별내동 1017,10,,0,,,0,1급지,09:00,21:00,09:00,18:00,09:00,18:00,60,1000,30,500,,,
31020,성남시,00090,상대원3동공영주차장,공영,노외,37.4408506,127.1648198,13233,,경기도 성남시 중원구 박석로 94,108,0,2,,,,1급지,00:00,23:59,00:00,23:59,00:00,23:59,,,,,,,
31150,시흥시,00008,배곧13공영주차장,공영,기타,37.35702,126.706946,,경기도 시흥시 배곧동 300-1,,102,,,,,,3급지,10:00,22:00,10:00,22:00,10:00,22:00,30,300,10,200,,,
31050,부천시,00098,로데오거리,공영,노상,37.49105576,126.75337408,14598,경기 부천시 부일로205번길,경기 부천시 부일로205번길,147,,0,,,,1급지,09:00,18:00,00:00,00:00,00:00,00:00,,900,10,400,,9500,
31150,시흥시,00013,능곡역1번출구공영,공영,기타,37.369153,126.809193,,시흥시 능곡동 506,,21,,,,,,2급지,08:00,20:00,08:00,20:00,08:00,20:00,30,300,10,200,,,
31130,남양주시,00016,다산생태공원 제1공영,공영,노상,37.514,127.2983,,경기 남양주시 조안면 능내리 56-16 (조안생태공원),경기 남양주시 조안면 능내리 56-16 (조안생태공원),133,,4,,,1,1급지,08:00,20:00,08:00,20:00,08:00,20:00,30,600,10,300,,7000,70000
31070,평택시,00014,국제중앙시장 제2,공영,노외,37.08053884,127.05338273,17758,"경기 평택시 쇼핑로 36-14 (신장동, 국제중앙시장 제2공영주차장)","경기 평택시 쇼핑로 36-14 (신장동, 국제중앙시장 제2공영주차장)",47,,,,,,2급지,09:00,18:00,00:00,00:00,00:00,00:00,120,800,10,300,,10000,70000
31240,화성시,00079,석우동 제2,공영,노외,37.2242381,127.0761119,18450,경기 화성시 동탄구 동학산1길 32 (석우동),경기 화성시 동탄구 동학산1길 32 (석우동),21,,1,,,,1급지,10:00,23:00,10:00,23:00,10:00,23:00,90,,10,400,,,90000
31010,수원시,00092,미납주차장,,,,,,,     ,0,,,,,,기타,00:00,00:00,00:00,00:00,00:00,00:00,,,,,,,
31110,과천시,00069,광창1,공영,노외,37.4490606,127.011132,,,경기도 과천시 과천동 150,0,0,0,0,0,0,기타,00:00,00:00,00:00,00:00,00:00,00:00,10,,,,,,
31020,성남시,00018,야탑제2환승공영주차장,공영,노외,37.4119049,127.1278377,13497,,경기도 성남시 분당구 성남대로  919 공영주차장,108,0,0,,,,1급지,00:00,23:59,00:00,23:59,00:00,23:59,30,400,10,200,,6000,
31240,화성시,00076,노작공원(노상),공영,노상,37.2071004,127.0792715,,"경기도 화성시 동탄구 석우동121,118","경기도 화성시 동탄구 석우동121,118",56,,0,,,,1급지,10:00,19:00,10:00,19:00,10:00,19:00,90,,10,400,,,
31030,의정부시,00123,금오그린(서),공영,노외,37.752938,127.068745,,,의정부시 금오동 470-6,48,0,3,0,0,1,1급지,00:00,23:59,00:00,23:59,00:00,23:59,,,,,12,,104000
31100,고양시,00042,장항 제3공영주차장,공영,기타,37.66276365,126.76617932,10364,경기 고양시 일산동구 무궁화로 19-19,,216,,,,,,기타,09:00,00:00,09:00,00:00,09:00,00:00,30,720,5,120,,,
31130,남양주시,00008,다산 제3공영,공영,노상,37.61424297,127.1547702,12248,경기 남양주시 다산중앙로19번길 13-5 (주차타워),경기 남양주시 다산중앙로19번길 13-5 (주차타워),118,,4,,,15,1급지,08:00,20:00,08:00,20:00,08:00,20:00,30,600,10,300,,7000,70000
31040,안양시,00007,먹거리촌노외,공영,노외,37.38193252,126.96124858,14103,경기 안양시 동안구 평촌대로 104 (평촌동) 귀인119안전센터 앞 먹거리촌노외,경기 안양시 동안구 평촌대로 104 (평촌동) 귀인119안전센터 앞 먹거리촌노외,12,,0,,,0,2급지,10:00,21:00,10:00,21:00,10:00,21:00,30,400,10,200,,25000,70000
31010,수원시,00050,장안동 공영,,,37.28653566,127.01438829,16252,,경기 수원시 팔달구 정조로885번길 1  (장안동),163,,,,,,기타,00:00,23:59,00:00,23:59,00:00,23:59,70,500,10,500,,10000,
31020,성남시,00043,대원천B 공영주차장,공영,노외,37.4296493,127.1196204,13378,,경기도 성남시 중원구 둔촌대로  10,100,0,0,,,,1급지,00:00,23:59,00:00,23:59,00:00,23:59,30,400,10,200,,6000,
31170,의왕시,00008,계원대학로공영,공영,노외,37.3798074,126.975993,16037,경기도 의왕시 내손동 739,,36,0,1,0,0,0,기타,00:00,00:00,00:00,00:00,00:00,00:00,30,800,10,300,,8000,
31100,고양시,00037,일산종합사회복지관 부설주차장,공영,기타,37.68427599,126.7686541,10352,경기 고양시 일산서구 일산동 620-3,,98,,,,,,기타,08:00,20:00,00:00,00:00,00:00,00:00,60,,5,190,,,
31040,안양시,00092,박달고가밑노상(노외),공영,노외,37.4090991,126.91525432,13989,안양시 만안구 박달우회로 188 (안양동),안양시 만안구 박달우회로 188 (안양동),56,,0,,,0,2급지,09:00,19:00,09:00,19:00,09:00,19:00,30,400,10,200,,25000,70000
31110,과천시,00065,상삼포2주차장,공영,노외,37.4466858,127.0222764,,,경기도 과천시 주암동 440-8,0,0,0,0,0,0,기타,00:00,00:00,00:00,00:00,00:00,00:00,10,,,,,,
31240,화성시,00061,한빛,공영,노외,37.2056885,127.07411457,18453,경기 화성시 동탄구 동탄중심상가2길 21 (반송동 89),경기 화성시 동탄구 동탄중심상가2길 21 (반송동 89),60,,3,,,,1급지,10:00,23:00,10:00,23:00,10:00,23:00,90,,10,400,,,
31170,의왕시,00035,고천지구 공영주차장,공영,노외,37.34252209,126.9708021,16075,경기도 의왕시 고천동 159,,79,0,3,0,0,4,기타,00:00,00:00,00:00,00:00,00:00,00:00,30,600,10,200,,6000,
31240,화성시,00009,여울 공원(작가공원),공영,노외,37.2026578,127.0875226,18479,경기 화성시 동탄구 동탄광역환승로 43 (여울동),경기 화성시 동탄구 동탄광역환승로 43 (여울동),33,,2,,,,1급지,00:00,23:59,00:00,23:59,00:00,23:59,59,,10,,,10000,
31050,부천시,00005,고강제일시장,공영,노외,37.52806279,126.81282097,14598,경기 부천시 성지로102번길 32,경기 부천시 성지로102번길 32,34,,1,,,,3급지,00:00,23:59,00:00,23:59,00:00,23:59,,300,10,200,,4000,
31020,성남시,00024,산성동제1공영주차장,공영,노외,37.4516327,127.1523249,13129,,경기도 성남시 수정구 희망로534번길 14,85,0,0,,,,1급지,00:00,23:59,00:00,23:59,00:00,23:59,30,300,10,100,,6000,
31050,부천시,00020,별빛공원(구 원미지하),공영,노외,37.49196507,126.78731039,14571,경기 부천시 부천로90번길 51,경기 부천시 부천로90번길 51,140,,3,,,,3급지,00:00,23:59,00:00,23:59,00:00,23:59,,300,10,200,,4000,50000
31150,시흥시,00010,배곧11공영주차장,공영,기타,37.3669587,126.729641,,배곧동 211,,102,,,,,,1급지,10:00,22:00,10:00,22:00,10:00,22:00,30,800,10,400,,,
31010,수원시,00023,권선동지하 공영,,,37.2591911,127.01887156,16564,,경기 수원시 권선구 세지로82번길 15 5 (권선동),66,,,,,,기타,00:00,23:59,00:00,23:59,00:00,23:59,70,300,10,300,,7000,
31010,수원시,00006,화서역환승,,,37.2855,126.99034668,16443,,경기 수원시 팔달구 덕영대로 691 13 (화서동),289,,,,,,기타,00:00,23:59,00:00,23:59,00:00,23:59,70,500,10,500,,10000,
31240,화성시,00052,근린공원4호,공영,노외,37.206757,127.0963814,18471,경기 화성시 동탄구 동탄대로21길 19 (영천동),경기 화성시 동탄구 동탄대로21길 19 (영천동),53,,3,,,,1급지,00:00,23:59,00:00,23:59,00:00,23:59,119,,10,,,10000,
31110,과천시,00064,공영노외주차장,공영,노외,37.4331759,126.9910468,,,경기도 과천시 문원동 115-69,0,0,0,0,0,0,기타,00:00,00:00,00:00,00:00,00:00,00:00,10,,,,,,
31020,성남시,00059,금광공영주차장,공영,노외,37.4462939,127.1665221,13182,,경기도 성남시 중원구 광명로 366,30,0,0,,,,1급지,00:00,23:59,00:00,23:59,00:00,23:59,30,400,10,200,,6000,
31240,화성시,00072,제부도 임시,공영,노외,37.16965898,126.61775039,18553,경기 화성시 만세구 해안길 제부리 190-197,경기 화성시 만세구 해안길 제부리 190-197,189,,0,,,,1급지,00:00,23:59,00:00,23:59,00:00,23:59,10,,300,1000,,3000,
31050,부천시,00073,오정동 제1호,공영,노외,37.52774498,126.78725771,14436,경기 부천시 오정로232번길 39,경기 부천시 오정로232번길 39,57,,1,,,,3급지,00:00,23:59,00:00,23:59,00:00,23:59,,,10,,,,50000
31050,부천시,00064,삼정동 제2호,공영,노외,37.52604822,126.77084043,14446,경기 부천시 오정구 석천로442번길 8,경기 부천시 오정구 석천로442번길 8,88,,2,,,,3급지,00:00,23:59,00:00,23:59,00:00,23:59,,300,10,200,,4000,
31100,고양시,00023,호수공원 제1부설주차장,공영,기타,37.66554913,126.75906699,10400,경기 고양시 일산동구 호수로 595,,239,,,,,,기타,09:00,22:00,09:00,22:00,09:00,22:00,5,100,5,180,,,
31220,안성시,00004,안성맞춤공감 공영주차장,공영,노외,37.00435421,127.2744924,17591,경기 안성시 장기로 107,경기도 안성시 안성맞춤공감,67,0,2,1,0,2,2급지,12:00,23:59,12:00,23:59,12:00,23:59,60,500,30,2000,,10000,
31090,안산시,00005,우성여성병원앞,공영,노외,37.318507,126.832512,,경기도 안산시 단원구 고잔로 58-4 주차장,경기도 안산시 단원구 고잔동 560-1,132,0,5,0,0,5,1급지,08:00,21:00,08:00,21:00,00:00,00:00,30,600,10,300,,9000,80000
31240,화성시,00144,여울동 임시주차장,공영,노외,,,,,,0,,0,,,,1급지,00:00,23:59,00:00,23:59,00:00,23:59,90,,10,400,,,90000
31050,부천시,00099,샛말길,공영,노상,37.53463795,126.81984422,14404,경기 부천시 가로공원로,경기 부천시 가로공원로,46,,0,,,,3급지,08:00,20:00,08:00,20:00,08:00,20:00,,,10,,,,
31010,수원시,00062,우만공원 공영,,,37.28669781,127.03281992,16236,,경기 수원시 팔달구 세지로 436  ,119,,,,,,기타,00:00,23:59,00:00,23:59,00:00,23:59,70,300,10,300,,7000,
31110,과천시,00087,광창5주차장,공영,노외,37.4473181,127.0106456,,,경기도 과천시 과천동 142-34,0,0,0,0,0,0,기타,00:00,00:00,00:00,00:00,00:00,00:00,10,,,,,,
31130,남양주시,00018,진건 제3공영(패쇄),공영,노상,37.65269029,127.17564713,,경기 남양주시 진건읍 사능리 604-13,경기 남양주시 진건읍 사능리 604-13,92,,3,,,2,1급지,08:00,20:00,08:00,20:00,08:00,20:00,30,600,10,300,,7000,70000
31030,의정부시,00035,의정부1동둔치1,공영,노외,37.741514,127.053741,,,의정부시 의정부1동 30-38,255,4,8,0,0,0,1급지,09:00,04:00,09:00,04:00,09:00,04:00,,,,,12,,104000
31240,화성시,00056,하길리임시,공영,노외,37.1171968,126.9105003,18606,"경기 화성시 상신하길로 326 (향남읍,하길리)","경기 화성시 상신하길로 326 (향남읍,하길리)",280,,0,,,,1급지,10:00,23:00,10:00,23:00,10:00,23:00,90,,10,400,,,100000
31130,남양주시,00045,다산 제1공영,공영,노상,37.6053,127.1578,,경기 남양주시 도농동 155-6,경기 남양주시 도농동 155-6,47,,2,,,0,1급지,08:00,20:00,08:00,20:00,08:00,20:00,30,600,10,300,,7000,70000
31200,파주시,00041,파주센트럴밸리 (월정기),공영,노외,37.80786552,126.79742672,,봉암리1371-5,봉암리1371-5,91,,2,,,0,2급지,09:00,22:00,00:00,00:00,00:00,00:00,30,500,10,200,,8000,80000
31070,평택시,00037,송탄시장 제1,공영,노외,37.08217425,127.05804087,17756,"경기 평택시 송탄로 432-1 (지산동,송북시장제1공영주차장)","경기 평택시 송탄로 432-1 (지산동,송북시장제1공영주차장)",53,,,,,,2급지,00:00,23:59,00:00,23:59,00:00,23:59,120,800,10,300,,10000,80000
31040,안양시,00040,일번가노외,공영,노외,37.39895103,126.9247638,,경기 안양시 만안구 만안로 208 일번가 노외 주차장,경기 안양시 만안구 만안로 208 일번가 노외 주차장,99,,4,,,1,1급지,10:00,22:00,10:00,22:00,10:00,22:00,30,600,10,300,,25000,90000
31110,과천시,00063,장군마을,공영,노외,37.461853,127.0321644,13819,경기도 과천시 장군마을길 61,경기도 과천시 주암동 55번지,0,0,0,0,0,0,5급지,00:00,00:00,00:00,00:00,00:00,00:00,10,,,,,,
31100,고양시,00011,성사 제2공영주차장,공영,기타,37.6531834,126.8384064,10468,경기 고양시 덕양구 성사동 720,,32,,,,,,기타,09:00,18:00,00:00,00:00,00:00,00:00,30,240,5,70,,,
31020,성남시,00002,고등동공영주차장,공영,노외,37.4282386,127.1038641,,,경기도 성남시 수정구 고등동  397-37번지,45,4,0,,,,2급지,00:00,23:59,00:00,23:59,00:00,23:59,,,,,,,
31150,시흥시,00017,물왕호수,공영,기타,37.3768807,126.845059,,산현동 529-1,,98,,,,,,기타,10:00,22:00,10:00,22:00,10:00,22:00,30,300,10,200,,,
31010,수원시,00008,신대호수,,,37.28448394,127.07739987,16511,,경기 수원시 영통구 광교호수로 224  (하동),245,,,,,,기타,00:00,23:59,00:00,23:59,00:00,23:59,70,100,10,100,,4000,
31170,의왕시,00014,서울외곽순환,공영,노외,37.37981589,126.9719506,,경기도 의왕시 내손동 745,,110,0,0,0,0,0,기타,10:00,20:00,10:00,18:00,10:00,20:00,30,800,10,300,,8000,
31110,과천시,00098,117기동대,공영,노상,37.4486447,127.0057727,,,경기도 과천시 과천동 555-23,0,0,0,0,0,0,1급지,00:00,00:00,00:00,00:00,00:00,00:00,10,,,,,,
31020,성남시,00027,자혜공영주차장,공영,노외,37.4506731,127.1680809,13166,,경기도 성남시 중원구 자혜로72번길  9 자혜공영주차장,194,0,0,,,,1급지,00:00,23:59,00:00,23:59,00:00,23:59,30,400,10,200,,6000,
31110,과천시,00106,공영노외주차장,공영,노외,37.4376489,126.9996927,,,경기도 과천시 별양동 31-4,0,0,0,0,0,0,기타,00:00,00:00,00:00,00:00,00:00,00:00,10,,,,,,
31240,화성시,00057,센트럴파크(노상),공영,노상,37.20742055,127.06279761,18435,경기 화성시 동탄구 동탄공원로2길 33-1 (반송동 50-10),경기 화성시 동탄구 동탄공원로2길 33-1 (반송동 50-10),53,,2,,,,1급지,10:00,23:00,10:00,23:00,10:00,23:00,90,,10,400,,,
31100,고양시,00055,화정역 환승주차장,공영,기타,37.63491105,126.83325429,10455,경기도 고양시 덕양구 화정2동,,241,,,,,,기타,00:00,00:00,00:00,00:00,00:00,00:00,5,100,5,180,,,
31110,과천시,00116,삼거리1주차장,공영,노외,37.4471959,126.9935991,,,경기도 과천시 과천동 549-25,0,0,0,0,0,0,기타,00:00,00:00,00:00,00:00,00:00,00:00,10,,,,,,
31050,부천시,00090,종합운동장,공영,부설,37.50123124,126.79769925,14655,경기 부천시 소사로 482,경기 부천시 소사로 482,500,,0,,,,3급지,00:00,23:59,00:00,23:59,00:00,23:59,,400,10,200,,6000,40000
31240,화성시,00015,은행사거리(노상),공영,노상,37.20900205,127.06250883,18434,경기 화성시 동탄구 동탄지성로 118 (반송동 233),경기 화성시 동탄구 동탄지성로 118 (반송동 233),9,,0,,,,1급지,10:00,23:00,10:00,23:00,10:00,23:00,90,,10,400,,,
31240,화성시,00123,영천3공영주차장,공영,노상,37.20822681,127.09398044,,영천동810-1,영천동810-1,50,,0,,,,1급지,10:00,21:30,10:00,21:30,10:00,21:30,90,,10,400,,,
31040,안양시,00066,관악역2환승,공영,노외,37.41870346,126.90853889,,경기 안양시 만안구 안양로548번길 25-8 관악역 환승2 공영 주차장,경기 안양시 만안구 안양로548번길 25-8 관악역 환승2 공영 주차장,46,,0,,,0,3급지,09:00,17:00,00:00,00:00,00:00,00:00,30,200,10,100,,16700,45000
31010,수원시,00071,고등동,,,37.27340509,127.0015,,,경기 수원시 팔달구 고등로   고등동 공영주차장,40,,,,,,기타,00:00,23:59,00:00,23:59,00:00,23:59,70,500,10,500,,10000,
31240,화성시,00078,송산,공영,노외,37.2144804,126.7337993,18550,"경기 화성시 사강시장길 15-23 (송산면,사강리)","경기 화성시 사강시장길 15-23 (송산면,사강리)",46,,3,,,,1급지,00:00,00:00,00:00,00:00,00:00,00:00,,,,,,,
31170,의왕시,00029,내손제4공영주차장,공영,노외,37.3872221,126.9807409,,경기도 의왕시 내손동 713-7,,18,0,2,0,0,0,기타,00:00,00:00,00:00,00:00,00:00,00:00,30,600,10,200,,6000,
31130,남양주시,00017,별내면 제1공영,공영,노상,37.70501629,127.10641208,12089,경기 남양주시 순화궁로 931 (수락산 입구),경기 남양주시 순화궁로 931 (수락산 입구),22,,0,,,4,1급지,08:00,20:00,08:00,20:00,08:00,20:00,30,600,10,300,,7000,70000
31030,의정부시,00053,녹양역,공영,노외,37.760783,127.041976,11675,,의정부시 녹양동 413,135,13,4,0,0,3,1급지,00:00,23:59,00:00,23:59,00:00,23:59,,,,,12,,104000
31240,화성시,00035,시청앞(노상),공영,노상,37.19673595,126.8277942,18274,경기 화성시 만세구 시청로160번길 남양리 2341,경기 화성시 만세구 시청로160번길 남양리 2341,40,,2,,,,1급지,10:00,19:00,10:00,19:00,10:00,19:00,90,,10,400,,,
31210,이천시,00006,남천상가,공영,노외,37.278045,127.444604,17374,"경기 이천시 어재연로10번길 25 (중리동,남천공원)","경기 이천시 어재연로10번길 25 (중리동,남천공원)",224,,8,,,7,1급지,00:00,23:59,00:00,23:59,00:00,23:59,30,,10,250,,7000,
31010,수원시,00024,영화동 지상,,,37.29278911,127.0142629,16269,,"경기 수원시 장안구 수성로382번길 30  (영화동,영화동 공영주차장)",30,,,,,,기타,00:00,23:59,00:00,23:59,00:00,23:59,70,300,10,300,,7000,
31070,평택시,00055,합정공영주차장,공영,노외,36.99080409,127.09151135,17912,"경기 평택시 평택3로17번길 27 (합정동,합정 공영주차장)","경기 평택시 평택3로17번길 27 (합정동,합정 공영주차장)",425,,,,,,1급지,00:00,23:59,00:00,23:59,00:00,23:59,30,800,10,300,,10000,80000
31050,부천시,00051,소원,공영,노외,37.48490375,126.79696368,14660,경기 부천시 소사로300번길 41,경기 부천시 소사로300번길 41,113,,3,,,,3급지,00:00,23:59,00:00,23:59,00:00,23:59,,300,10,200,,4000,50000
31050,부천시,00091,오정물류센터,공영,노외,37.52848856,126.77632565,14446,경기 부천시 신흥로511번길,경기 부천시 신흥로511번길,47,,1,,,,3급지,00:00,23:59,00:00,23:59,00:00,23:59,,300,10,200,,4000,
31130,남양주시,00039,(한강공원)수석(부설),공영,노상,37.5854,127.1702,,경기 남양주시 수석동 442번지 (미음나루),경기 남양주시 수석동 442번지 (미음나루),131,,4,,,0,1급지,08:00,20:00,08:00,20:00,08:00,20:00,60,,10,200,,7000,
31130,남양주시,00040,오남역(역사운영),공영,노상,37.70495242,127.19099719,12036,경기 남양주시 오남읍 양지리 729,경기 남양주시 오남읍 양지리 729,190,,6,,,10,1급지,08:00,20:00,08:00,20:00,08:00,20:00,30,600,10,300,,7000,70000
31240,화성시,00014,서신,공영,노외,37.1690325,126.7037535,18309,경기도 화성시 서신면매화리367-1,경기도 화성시 서신면매화리367-1,51,,4,,,,1급지,00:00,00:00,00:00,00:00,00:00,00:00,,,,,,,
31110,과천시,00026,동성빌딩,공영,노상,37.4256797,126.9946539,13807,경기도 과천시 중앙로 129,경기도 과천시 중앙동 40-10번지,31,0,2,0,0,0,2급지,00:00,00:00,00:00,00:00,00:00,00:00,10,,10,400,10,17000,130000
31050,부천시,00096,투나백화점일원,공영,노상,37.49000941,126.75497046,14623,경기 부천시 부일로221번길,경기 부천시 부일로221번길,69,,0,,,,1급지,09:00,18:00,00:00,00:00,00:00,00:00,,900,10,400,,9500,
31040,안양시,00065,박달시장1노상노외,공영,노상,37.40444562,126.90956991,13986,"경기 안양시 만안구 박달우회로124번길 41 (박달동,박달종합시장)","경기 안양시 만안구 박달우회로124번길 41 (박달동,박달종합시장)",28,,0,,,0,2급지,09:00,19:00,00:00,00:00,00:00,00:00,30,400,10,200,,25000,70000
31110,과천시,00038,공영노외주차장,공영,노외,37.463031,127.0337519,,,경기도 과천시 부림동 35-8,0,0,0,0,0,0,기타,00:00,00:00,00:00,00:00,00:00,00:00,10,,,,,,
31240,화성시,00115,선납숲공원,공영,노외,37.20977662,127.10633284,18497,경기 화성시 동탄구 동탄순환대로 (영천동),경기 화성시 동탄구 동탄순환대로 (영천동),46,,2,,,,1급지,00:00,23:59,00:00,23:59,00:00,23:59,59,,10,,,10000,
31110,과천시,00079,북문노외주차장,공영,노외,37.4514805,127.0130964,,,경기도 과천시 과천동 154-1,0,0,0,0,0,0,4급지,00:00,00:00,00:00,00:00,00:00,00:00,10,,,,,,
31130,남양주시,00049,(센터)진접,공영,노상,37.72711588,127.18971024,12009,"경기 남양주시 금강로 1509-24 (진접읍,장현리,진접체육문화센터)","경기 남양주시 금강로 1509-24 (진접읍,장현리,진접체육문화센터)",98,,3,,,2,1급지,05:30,22:30,00:00,00:00,08:30,18:30,60,,10,200,,7000,30000
31050,부천시,00108,송내국민체육센터,공영,부설,37.4820821,126.76938918,14726,경기 부천시 소사구 경인로120번길 45,경기 부천시 소사구 경인로120번길 45,200,,10,,,,3급지,00:00,23:59,00:00,23:59,00:00,23:59,,400,10,200,,6000,
31110,과천시,00020,국민은행앞,공영,노외,37.4266526,126.9911469,13837,경기도 과천시 별양상가3로 5,경기도 과천시 별양동 1-20번지,0,0,0,0,0,0,2급지,00:00,00:00,00:00,00:00,00:00,00:00,10,,,,,,
31010,수원시,00061,수원시청 별관(지하),,,37.2638442,127.0282411,16490,,"경기 수원시 팔달구 효원로 241  (인계동,수원시청)",358,,,,,,기타,00:00,23:59,00:00,23:59,00:00,23:59,40,500,10,500,,10000,
31110,과천시,00099,공영노외주차장,공영,노외,37.4383553,126.9989785,,,경기도 과천시 중앙동 28-13,0,0,0,0,0,0,기타,00:00,00:00,00:00,00:00,00:00,00:00,10,,,,,,
31150,시흥시,00011,시화MTV14,공영,기타,37.321543,126.683954,,정왕동2720-14,,70,,,,,,2급지,08:00,20:00,08:00,20:00,08:00,20:00,30,500,10,300,,,
31040,안양시,00084,호계시장1노외,공영,노외,37.37488318,126.95809943,14109,경기 안양시 동안구 경수대로584번길 8 (호계동),경기 안양시 동안구 경수대로584번길 8 (호계동),14,,0,,,0,2급지,09:00,20:00,00:00,00:00,00:00,00:00,30,400,10,200,,25000,70000
31070,평택시,00024,국제중앙시장 제1,공영,노외,37.07966663,127.05371625,17758,경기 평택시 중앙시장로 32 (신장동),경기 평택시 중앙시장로 32 (신장동),18,,,,,,2급지,00:00,23:59,00:00,23:59,00:00,23:59,120,800,10,300,,10000,80000
31040,안양시,00044,수리산2노상,공영,기타,37.38903342,126.93179648,14034,경기 안양시 만안구 수리산로 52 (안양동),경기 안양시 만안구 수리산로 52 (안양동),57,,0,,,0,1급지,14:22,14:22,14:22,14:22,14:22,14:22,30,600,10,300,,25000,90000
31100,고양시,00021,행신2동 행정복지센터 부설주차장,공영,기타,37.6151649,126.83302939,10523,경기 고양시 덕양구 충경로 30,,46,,,,,,기타,08:00,21:00,00:00,00:00,00:00,00:00,60,,5,190,,,
31040,안양시,00029,관양동노외,공영,노외,37.40645675,126.96111034,13931,"경기 안양시 동안구 관평로358번길 46 (관양동,관양1동 행정복지센터)","경기 안양시 동안구 관평로358번길 46 (관양동,관양1동 행정복지센터)",238,,0,,,0,3급지,09:00,18:00,00:00,00:00,00:00,00:00,30,200,10,100,,19100,45000
31170,의왕시,00024,아름채노인복지관,공영,노외,37.34283,126.9725,16077,경기도 의왕시 문화공원로 47,,22,0,3,0,0,0,기타,00:00,00:00,00:00,00:00,00:00,00:00,,,,,,,
31070,평택시,00026,원평 제2,공영,노외,36.99066729,127.0843448,17919,"경기 평택시 원평로52번길 10 (평택동,원평 제2공영주차장)","경기 평택시 원평로52번길 10 (평택동,원평 제2공영주차장)",65,,,,,,1급지,00:00,23:59,00:00,23:59,00:00,23:59,30,800,10,300,,10000,80000
31050,부천시,00067,오정구청,공영,노외,37.52834682,126.79602658,14434,경기 부천시 오정구 성오로 172,경기 부천시 오정구 성오로 172,216,,10,,,,3급지,08:00,20:00,00:00,00:00,00:00,00:00,,,10,200,,6000,15000
31240,화성시,00102,사강감리교회,공영,노외,37.21433967,126.7311062,18550,"경기 화성시 사강시장길 10 (송산면,사강리,사강감리교회)","경기 화성시 사강시장길 10 (송산면,사강리,사강감리교회)",80,,0,,,,1급지,07:00,19:00,00:00,00:00,00:00,00:00,,,,,,,
31110,과천시,00015,뒷골6주차장,공영,노외,37.4542744,127.0009313,13807,,경기도 과천시 과천동 370-12,0,0,0,0,0,0,5급지,00:00,00:00,00:00,00:00,00:00,00:00,10,,,,,,
31020,성남시,00077,단대동제1공영주차장,공영,노외,37.458698,127.1586762,13137,,경기도 성남시 수정구 논골로 54,151,0,4,,,,1급지,00:00,23:59,00:00,23:59,00:00,23:59,,,,,,,
31200,파주시,00006,마장호수 제7주차장,공영,노외,37.77379777,126.92144304,10953,"경기 파주시 기산로 219 (광탄면,기산리)","경기 파주시 기산로 219 (광탄면,기산리)",58,,0,,,0,1급지,08:00,20:00,08:00,20:00,08:00,20:00,1,2000,,,,,
31040,안양시,00093,율목복지관옆공영,공영,노외,37.3928709,126.90813551,,안양시 만안구 안양동 971-6,안양시 만안구 안양동 971-6,35,,1,,,0,4급지,09:00,20:00,00:00,00:00,00:00,00:00,30,200,10,100,,12500,35000
31200,파주시,00036,운정호수공원,공영,노외,37.7199738,126.74993991,,경기 파주시 가온로 160 (와동동) 1412,경기 파주시 가온로 160 (와동동) 1412,253,,7,,,5,2급지,09:00,22:00,00:00,00:00,00:00,00:00,30,500,10,200,,8000,80000
31030,의정부시,00031,장암역,공영,노외,37.7002424,127.053849,,,의정부시 장암동 159,188,0,4,0,0,3,1급지,00:00,23:59,00:00,23:59,00:00,23:59,,,,,12,,104000
31130,남양주시,00002,별내동노상 제1공영,공영,노상,37.649765,127.120727,12232,경기 남양주시 별내중앙로 별내동 1059,경기 남양주시 별내중앙로 별내동 1059,30,,0,,,0,1급지,09:00,21:00,09:00,18:00,09:00,18:00,60,1000,30,500,,,
31240,화성시,00093,가재리,공영,노상,37.1600052,126.9318455,,경기도 화성시 팔탄면가재리1-19,경기도 화성시 팔탄면가재리1-19,34,,1,,,,1급지,10:00,23:00,10:00,23:00,10:00,23:00,,,,,,,
31100,고양시,00046,탄현역 환승주차장,공영,기타,37.69522995,126.76147963,,경기 고양시 일산서구 일현로 지하 97-27,,233,,,,,,기타,09:00,22:00,09:00,22:00,00:00,00:00,5,100,5,180,,,
31020,성남시,00036,점골공영주차장,공영,노외,37.3767703,127.140117,13578,,경기도 성남시 분당구 불정로  419,240,0,0,,,,1급지,00:00,23:59,00:00,23:59,00:00,23:59,30,400,10,200,,6000,
31050,부천시,00094,중앙공원지하,공영,노외,37.50118248,126.76525493,14584,경기 부천시 소향로 164,경기 부천시 소향로 164,982,,22,,,,3급지,00:00,23:59,00:00,23:59,00:00,23:59,,300,10,200,,4000,50000
31150,시흥시,00037,큰솔공원,공영,기타,,,,,,93,,,,,,기타,,,,,,,,,,,,,
31070,평택시,00006,배미,공영,노외,36.98815188,127.11385749,17902,"경기 평택시 평택5로34번길 110 (합정동,배미공영주차장)","경기 평택시 평택5로34번길 110 (합정동,배미공영주차장)",57,,,,,,2급지,00:00,23:59,00:00,23:59,00:00,23:59,30,800,10,300,,10000,80000
31030,의정부시,00038,낙양물사랑공원,공영,노외,37.747237,127.093114,11769,,의정부시 낙양동 697,61,4,5,0,0,1,2급지,00:00,23:59,00:00,23:59,00:00,23:59,,,,,12,,56000
31240,화성시,00010,다람산체육공원,공영,노외,37.2164454,127.0319956,,경기도 화성시 병점구 진안동618일원,경기도 화성시 병점구 진안동618일원,131,,7,,,,1급지,10:00,23:00,10:00,23:00,10:00,23:00,90,,10,400,,,60000
31130,남양주시,00048,(제1청사)본청,공영,노상,37.6357,127.2165,12232,"경기 남양주시 경춘로 1037 (금곡동,남양주시청제1청사)","경기 남양주시 경춘로 1037 (금곡동,남양주시청제1청사)",542,,11,,,24,1급지,08:00,19:00,00:00,00:00,00:00,00:00,60,,10,200,,5000,30000
31040,안양시,00072,관악노상1-5,공영,노상,37.40430963,126.96636208,13947,경기 안양시 동안구 관악대로 392 (관양동) 태양부동산앞~개와고양이앞,경기 안양시 동안구 관악대로 392 (관양동) 태양부동산앞~개와고양이앞,19,,0,,,0,1급지,09:00,19:00,00:00,00:00,00:00,00:00,30,600,10,300,,25000,90000
31050,부천시,00049,오정도서관부지,공영,부설,37.52764081,126.79447442,14474,경기 부천시 성오로,경기 부천시 성오로,80,,0,,,,3급지,09:00,19:00,09:00,15:00,09:00,15:00,,400,10,200,,6000,
31240,화성시,00084,석우동 제1,공영,노외,37.222225,127.0763673,18450,경기 화성시 동탄구 동학산1길 6-32 (석우동),경기 화성시 동탄구 동학산1길 6-32 (석우동),25,,1,,,,1급지,10:00,23:00,10:00,23:00,10:00,23:00,90,,10,400,,,90000
31200,파주시,00010,감악산 제3주차장,공영,노외,37.94316636,126.9426139,10805,"경기 파주시 설마천로 311 (적성면,설마리)","경기 파주시 설마천로 311 (적성면,설마리)",40,,0,,,0,1급지,00:00,23:59,00:00,23:59,00:00,23:59,1,2000,,,,,
31110,과천시,00107,이마트앞,공영,노상,37.42612017,126.99216212,13838,경기도 과천시 별양상가2로 1-1,경기도 과천시 별양동 55,16,0,0,0,0,0,2급지,00:00,00:00,00:00,00:00,00:00,00:00,10,,10,400,10,17000,130000
31110,과천시,00076,공영노외주차장,공영,노외,37.4320009,126.9902967,,,경기도 과천시 문원동 149-1,0,0,0,0,0,0,기타,00:00,00:00,00:00,00:00,00:00,00:00,10,,,,,,
31070,평택시,00028,서재 제3,공영,노외,37.0090376,127.09468855,17849,"경기 평택시 서재5길 13 (동삭동,서재 제3공영주차장)","경기 평택시 서재5길 13 (동삭동,서재 제3공영주차장)",35,,,,,,2급지,00:00,23:59,00:00,23:59,00:00,23:59,30,800,10,300,,10000,80000
31200,파주시,00016,금촌역선로하부 (환승_월정기),공영,노외,37.76718739,126.77714823,10931,경기 파주시 새꽃로 229 (아동동),경기 파주시 새꽃로 229 (아동동),56,,3,,,0,1급지,09:00,22:00,00:00,00:00,00:00,00:00,30,600,10,250,,9000,90000
31100,고양시,00039,백석 제1공영주차장,공영,기타,37.64058987,126.78751735,10449,경기 고양시 일산동구 장백로 31-12,,235,,,,,,기타,09:00,21:00,09:00,21:00,09:00,21:00,30,720,5,120,,,
31040,안양시,00052,화창초교지하,공영,노외,37.41193132,126.90444396,13905,"경기 안양시 만안구 양화로217번길 (석수동,화창초등학교)","경기 안양시 만안구 양화로217번길 (석수동,화창초등학교)",109,,3,,,0,4급지,09:00,22:00,09:00,22:00,09:00,22:00,30,200,10,100,,14900,35000
31050,부천시,00043,테크노파크4,공영,노외,37.51761032,126.76405337,14502,경기 부천시 평천로 655,경기 부천시 평천로 655,540,,0,,,,1급지,00:00,23:59,00:00,23:59,00:00,23:59,,500,30,500,,,
31050,부천시,00052,윗소사,공영,노외,37.47405869,126.79457375,14759,경기 부천시 소사로177번길 19,경기 부천시 소사로177번길 19,171,,4,,,,3급지,00:00,23:59,00:00,23:59,00:00,23:59,,300,10,200,,4000,50000
31170,의왕시,00013,고천체육공원(지상),공영,노외,37.34753407,126.9821257,16066,경기도 의왕시 오전로 18,,15,0,1,0,0,0,기타,00:00,00:00,00:00,00:00,00:00,00:00,30,600,10,200,,6000,
31070,평택시,00035,비전,공영,노외,36.99746952,127.08873912,17895,"경기 평택시 중앙1로 54 (비전동,비전공영주차장)","경기 평택시 중앙1로 54 (비전동,비전공영주차장)",96,,,,,,1급지,00:00,23:59,00:00,23:59,00:00,23:59,120,800,10,300,,10000,80000
31240,화성시,00070,동탄2오산동(신리천로),공영,노상,37.1836399,127.1069112,14548,경기도 화성시 오산동1081-10,경기도 화성시 오산동1081-10,42,,0,,,,1급지,10:00,23:00,10:00,23:00,10:00,23:00,90,,10,400,,,
31150,시흥시,00005,소래초등학교,공영,기타,37.443772,126.783933,14904,신천동704-2,,135,,,,,,2급지,08:00,20:00,08:00,20:00,08:00,20:00,30,300,10,200,,,
31040,안양시,00041,인덕원환승,공영,노외,37.40069171,126.97849754,13942,"경기 안양시 동안구 안양판교로 23 (관양동,인덕원환승주차장)","경기 안양시 동안구 안양판교로 23 (관양동,인덕원환승주차장)",182,,2,,,0,2급지,00:00,00:00,00:00,00:00,00:00,00:00,30,400,10,200,,25000,70000
31170,의왕시,00017,의왕보건소,공영,노외,37.34373,126.972,,경기도 의왕시 고천동 439-334,,45,0,3,0,0,0,기타,00:00,00:00,00:00,00:00,00:00,00:00,,,,,,,
31070,평택시,00003,안정리쇼핑몰,공영,노외,36.95834139,127.04369729,17978,"경기 평택시 안정순환로 107 (팽성읍,안정리,안정리쇼핑몰공영주차장)","경기 평택시 안정순환로 107 (팽성읍,안정리,안정리쇼핑몰공영주차장)",58,,,,,,2급지,00:00,23:59,00:00,23:59,00:00,23:59,30,800,10,300,,10000,80000
31090,안산시,00007,상하수도사업소앞,공영,노외,37.320278,126.828799,,경기도 안산시 단원구 고잔로 23-6 주차장,경기도 안산시 단원구 고잔동 550-1,147,0,5,0,0,5,2급지,08:00,21:00,08:00,21:00,00:00,00:00,30,400,10,200,,4500,50000
31030,의정부시,00143,과학도서관,공영,부설,37.7447091,127.0691222,11780,추동로 124번길 52,경기도 의정부시 신곡동 124-1,63,4,3,0,0,1,2급지,09:00,18:00,09:00,18:00,09:00,18:00,,,,,12,,40000
31110,과천시,00043,새서울쇼핑앞,공영,노상,37.429221,126.987668,13838,경기도 과천시 별양상가2로 1-1,경기도 과천시 별양동 55,15,0,0,0,0,0,2급지,00:00,00:00,00:00,00:00,00:00,00:00,10,,10,400,10,17000,130000
31040,안양시,00010,덕천노상,공영,노상,37.38877967,126.93446958,14086,경기 안양시 만안구 덕천로 85 (안양동),경기 안양시 만안구 덕천로 85 (안양동),42,,0,,,0,2급지,09:00,17:00,00:00,00:00,00:00,00:00,30,400,10,200,,25000,70000
31040,안양시,00034,동안노상,공영,기타,37.39283869,126.95303363,14047,"경기 안양시 동안구 평촌대로243번길 30 (비산동,샤크존)","경기 안양시 동안구 평촌대로243번길 30 (비산동,샤크존)",88,,0,,,0,1급지,09:00,17:00,00:00,00:00,00:00,00:00,30,600,10,300,,25000,90000
31050,부천시,00085,상동철골,공영,노외,37.49226136,126.76488849,14618,경기 부천시 석천로60번길 63,경기 부천시 석천로60번길 63,79,,2,,,,3급지,00:00,23:59,00:00,23:59,00:00,23:59,,300,10,200,,4000,50000
31130,남양주시,00025,평내 제2공영,공영,노상,37.6536,127.2432,,경기 남양주시 평내동 660-8 (평내역사),경기 남양주시 평내동 660-8 (평내역사),100,,4,,,0,1급지,08:00,20:00,08:00,20:00,08:00,20:00,30,600,10,300,,7000,70000
31010,수원시,00085,화서동 먹거리촌,,,37.2874,126.9891,,,경기 수원시 팔달구 수성로157번길 27 4 화서동 먹거리촌 공영주차장,142,,,,,,기타,00:00,23:59,00:00,23:59,00:00,23:59,70,500,10,500,,10000,
31240,화성시,00121,내리지구공영,공영,노외,37.22542733,126.924452,18294,"경기 화성시 효행구 삼봉안3길 6-9 (봉담읍,내리)","경기 화성시 효행구 삼봉안3길 6-9 (봉담읍,내리)",31,,0,,,,1급지,10:00,23:00,10:00,23:00,10:00,23:00,90,,10,300,,,
31050,부천시,00116,BIG센터,공영,노외,37.50125024,126.79627945,14560,경기 부천시 원미구 소사로 487,경기 부천시 원미구 소사로 487,100,,5,,,,3급지,00:00,23:59,00:00,23:59,00:00,23:59,,300,10,200,,4000,
31110,과천시,00075,공영노외주차장,공영,노외,37.4382723,126.9959818,,,경기도 과천시 문원동 115-73,0,0,0,0,0,0,기타,00:00,00:00,00:00,00:00,00:00,00:00,10,,,,,,
31010,수원시,00066,광교 외식타운,,,37.3114508,127.0541737,,,경기 수원시 영통구 웰빙타운로36번길 46 215 광교외식타운 공영주차장,33,,,,,,기타,00:00,23:59,00:00,23:59,00:00,23:59,70,300,10,300,,7000,
31240,화성시,00131,하길리 캠핑카(임시),공영,노외,37.117789,126.910651,18459,경기 화성시 만세구 상신하길로273번길 하길리 1479,경기 화성시 만세구 상신하길로273번길 하길리 1479,28,,0,,,,1급지,10:00,23:00,10:00,23:00,10:00,23:00,90,,10,400,,,80000
31040,안양시,00003,원스퀘어임시,공영,노외,37.40101891,126.92135939,13992,경기 안양시 만안구 만안로 241 (안양동),경기 안양시 만안구 만안로 241 (안양동),75,,0,,,0,1급지,10:00,22:00,10:00,22:00,10:00,22:00,30,600,10,300,,25000,90000
31130,남양주시,00005,호평 제1공영,공영,노상,37.67040975,127.25179324,,경기 남양주시 호평동 350 (천마산 입구),경기 남양주시 호평동 350 (천마산 입구),64,,2,,,5,1급지,08:00,20:00,08:00,20:00,08:00,20:00,30,600,10,300,,7000,70000
31070,평택시,00011,중앙동 제1,공영,노외,37.05521711,127.05532356,17783,"경기 평택시 서정역로 11 (서정동,중앙동 제1공영주차장)","경기 평택시 서정역로 11 (서정동,중앙동 제1공영주차장)",57,,,,,,2급지,00:00,23:59,00:00,23:59,00:00,23:59,120,800,10,300,,10000,80000
31210,이천시,00007,서희청소년문화센터,공영,노외,37.279945,127.451524,17371,경기 이천시 영창로 260,경기 이천시 영창로 260,195,,6,,,1,2급지,00:00,23:59,00:00,23:59,00:00,23:59,120,,10,200,,5000,60000
31070,평택시,00057,서정관광특구,공영,노외,37.06707022,127.06214884,17774,경기 평택시 관광특구로 27 (서정동),경기 평택시 관광특구로 27 (서정동),152,,,,,,1급지,00:00,23:59,00:00,23:59,00:00,23:59,30,800,10,300,,10000,80000
31130,남양주시,00034,다산 제2공영,공영,노상,37.60486168,127.15797833,,경기 남양주시 가운동 664 (소방소 뒤),경기 남양주시 가운동 664 (소방소 뒤),70,,3,,,7,1급지,08:00,20:00,08:00,20:00,08:00,20:00,30,600,10,300,,7000,70000
31020,성남시,00008,판교공영주차장,공영,노외,37.3936227,127.1107457,13529,,경기도 성남시 분당구 판교역로 146번길 8,720,0,0,,,,1급지,00:00,23:59,00:00,23:59,00:00,23:59,30,400,10,200,,6000,
31240,화성시,00092,동화 중심주차타워,공영,노외,37.21700419,126.95921532,18302,"경기 화성시 효행구 동화길 93-9 (봉담읍,동화리)","경기 화성시 효행구 동화길 93-9 (봉담읍,동화리)",217,,9,,,,1급지,10:00,23:00,10:00,23:00,10:00,23:00,90,,10,400,,,100000
31040,안양시,00038,호현마을2노외,공영,노외,37.40686615,126.88409837,14013,경기 안양시 만안구 오리로33번길 (박달동),경기 안양시 만안구 오리로33번길 (박달동),62,,0,,,0,5급지,00:00,23:59,00:00,23:59,00:00,23:59,30,200,10,100,,5300,25000
31240,화성시,00036,조암택지지구,공영,노외,37.0847152,126.8216552,18565,"경기 화성시 조암남로 58-1 (우정읍,조암리)","경기 화성시 조암남로 58-1 (우정읍,조암리)",24,,1,,,,1급지,00:00,00:00,00:00,00:00,00:00,00:00,,,,,,,
31110,과천시,00022,공영노외주차장,공영,노외,37.4250919,127.009951,,,경기도 과천시 문원동 115-30,0,0,0,0,0,0,기타,00:00,00:00,00:00,00:00,00:00,00:00,10,,,,,,
31110,과천시,00056,사기막골3,공영,노외,37.4187211,127.0026661,,,경기도 과천시 문원동 355-3,0,0,0,0,0,0,기타,00:00,00:00,00:00,00:00,00:00,00:00,10,,,,,,
31050,부천시,00012,구터미널,공영,노외,37.50220615,126.76920573,14548,경기 부천시 중동로254번길,경기 부천시 중동로254번길,131,,3,,,,1급지,00:00,23:59,00:00,23:59,00:00,23:59,,900,10,400,,9500,100000
31020,성남시,00075,양지제1공영주차장,공영,노외,37.4575525,127.1590377,13137,,경기도 성남시 수정구 논골로  40,192,0,4,,,,1급지,00:00,23:59,00:00,23:59,00:00,23:59,,,,,,,
31030,의정부시,00013,금오동6지구,공영,노외,37.754855,127.074661,,,의정부시 금오동 452-1,38,2,1,0,0,0,2급지,00:00,23:59,00:00,23:59,00:00,23:59,,,,,12,,56000
31040,안양시,00023,안양역1노상,공영,노상,37.40046758,126.9224661,,경기 안양시 만안구 만안로223번길 5 (안양동) 앞 안양역1노상,경기 안양시 만안구 만안로223번길 5 (안양동) 앞 안양역1노상,62,,0,,,0,1급지,10:00,22:00,10:00,22:00,10:00,22:00,30,600,10,300,,25000,
31030,의정부시,00127,동신아파트앞,공영,노외,37.730909,127.054984,,,의정부시 신곡1동 718-1,24,0,2,0,0,0,2급지,00:00,23:59,00:00,23:59,00:00,23:59,,,,,12,,56000
31110,과천시,00101,공영노외주차장,공영,노외,37.4256037,127.0097793,,,경기도 과천시 부림동 39-8,0,0,0,0,0,0,기타,00:00,00:00,00:00,00:00,00:00,00:00,10,,,,,,
31070,평택시,00070,고덕2동 행정복지센터 임시,공영,노외,37.03551533,127.04044127,18017,경기 평택시 고덕여염1로 3 (고덕동),경기 평택시 고덕여염1로 3 (고덕동),127,,,,,,1급지,00:00,23:59,00:00,23:59,00:00,23:59,30,800,10,300,,10000,80000
31110,과천시,00059,공영노외주차장,공영,노외,37.4246522,127.009838,,,경기도 과천시 문원동 15-147,0,0,0,0,0,0,기타,00:00,00:00,00:00,00:00,00:00,00:00,10,,,,,,
31240,화성시,00137,병점복합타운,공영,노외,37.20566655,127.03295162,18370,경기 화성시 병점구 태안로 164 (진안동 946-6),경기 화성시 병점구 태안로 164 (진안동 946-6),313,,0,,,,1급지,10:00,23:00,10:00,23:00,10:00,23:00,90,,10,400,,10000,90000
31240,화성시,00018,발안배수지진입로,공영,노상,37.1333615,126.8996901,,경기도 화성시 향남읍발안리51-1외1,경기도 화성시 향남읍발안리51-1외1,48,,2,,,,1급지,10:00,23:00,10:00,23:00,10:00,23:00,90,,10,400,,,
31240,화성시,00128,목동,공영,노외,37.1807428,127.1263794,,목동 312-3,목동 312-3,101,,0,,,,1급지,10:00,23:00,10:00,23:00,10:00,23:00,90,,10,400,,,100000
31040,안양시,00033,석수역좌우측노상,공영,노상,37.43314696,126.90214106,13903,"경기 안양시 만안구 연현로 101 (석수동,연현씨티빌) 석수역 2번출구 앞 석수역좌우측노상","경기 안양시 만안구 연현로 101 (석수동,연현씨티빌) 석수역 2번출구 앞 석수역좌우측노상",119,,0,,,0,3급지,09:00,17:00,00:00,00:00,00:00,00:00,30,200,10,100,,16700,45000
31050,부천시,00015,오정동 제2호(승용),공영,노외,37.524308,126.78362572,14443,경기 부천시 부천로 453,경기 부천시 부천로 453,144,,4,,,,3급지,06:00,19:00,00:00,00:00,00:00,00:00,,,,,,,50000
31070,평택시,00029,서정-제3,공영,노상,37.06607626,127.05877094,17774,경기 평택시 서정로 229 (서정동),경기 평택시 서정로 229 (서정동),46,,,,,,1급지,09:00,18:00,00:00,00:00,00:00,00:00,30,800,10,300,,10000,70000
31070,평택시,00012,통복시장,공영,노외,36.99741664,127.08540804,17893,"경기 평택시 통복시장로 23 (통복동,통복시장공영주차장)","경기 평택시 통복시장로 23 (통복동,통복시장공영주차장)",186,,,,,,2급지,00:00,23:59,00:00,23:59,00:00,23:59,120,800,10,300,,10000,80000
31020,성남시,00092,은행2동제4공영주차장,공영,노외,37.4566861,127.1721959,13151,,경기도 성남시 중원구 순환로379번길 19,230,44,5,,,,1급지,00:00,23:59,00:00,23:59,00:00,23:59,,,,,,,
31240,화성시,00087,한빛(지하),공영,노외,37.20596735,127.07356647,18453,경기 화성시 동탄구 동탄중심상가2길 21 (반송동 88-7),경기 화성시 동탄구 동탄중심상가2길 21 (반송동 88-7),156,,8,,,,1급지,10:00,23:00,10:00,23:00,10:00,23:00,90,,10,400,,,100000
31050,부천시,00040,부천역 남부 제2호,공영,노외,37.48329065,126.7865684,14709,경기 부천시 자유로,경기 부천시 자유로,69,,2,,,,2급지,00:00,23:59,00:00,23:59,00:00,23:59,,700,10,300,,7000,70000
31110,과천시,00100,벽산상가앞,공영,노상,37.42784116,126.99289914,13837,,경기도 과천시 별양동 1-27,0,0,0,0,0,0,2급지,00:00,00:00,00:00,00:00,00:00,00:00,10,,,,,,
31240,화성시,00031,구장리,공영,노상,37.1605679,126.9046857,,경기도 화성시 팔탄면구장리234,경기도 화성시 팔탄면구장리234,57,,2,,,,1급지,10:00,23:00,10:00,23:00,10:00,23:00,90,,10,400,,,
31130,남양주시,00043,퇴계원 제4공영,공영,노상,37.6486768,127.14558666,12126,경기 남양주시 경춘북로 561-7 (도서관 앞),경기 남양주시 경춘북로 561-7 (도서관 앞),29,,1,,,1,1급지,08:00,20:00,08:00,20:00,08:00,20:00,30,600,10,300,,7000,70000
31020,성남시,00009,중앙동제2공영주차장,공영,노외,37.4403827,127.1566598,,,경기도 성남시 중원구 광명로256번길  36 중앙동 제2공영주차장,111,0,0,,,,1급지,00:00,23:59,00:00,23:59,00:00,23:59,30,300,10,100,,6000,
31010,수원시,00012,선경도서관,,,37.28356227,127.01093215,16258,,"경기 수원시 팔달구 신풍로23번길 68  (신풍동,선경도서관)",65,,,,,,기타,00:00,23:59,00:00,23:59,00:00,23:59,70,300,10,300,,7000,
31070,평택시,00019,지제역,공영,노외,37.01878992,127.06982477,17823,"경기 평택시 지제로 21 (지제동,수도권고속철도 평택지제역사)","경기 평택시 지제로 21 (지제동,수도권고속철도 평택지제역사)",30,,,,,,2급지,00:00,23:59,00:00,23:59,00:00,23:59,30,800,10,300,,10000,80000
31040,안양시,00089,먹거리촌노상2,공영,노상,37.38307231,126.96121411,,"경기 안양시 동안구 평촌대로 122 (평촌동,내외프라자) 상가 앞 노상주차장 (2구간)","경기 안양시 동안구 평촌대로 122 (평촌동,내외프라자) 상가 앞 노상주차장 (2구간)",12,,0,,,0,2급지,09:00,21:00,00:00,00:00,00:00,00:00,30,400,10,200,,25000,
31110,과천시,00017,삼성SDS앞,공영,노외,37.4261119,126.9906454,13837,경기도 과천시 별양상가3로 8,경기도 과천시 별양동 1-21번지,0,0,0,0,0,0,2급지,00:00,00:00,00:00,00:00,00:00,00:00,10,,,,,,
31020,성남시,00011,은행1공영주차장,공영,노외,37.4508019,127.1646922,13162,,경기도 성남시 중원구 자혜로 45,143,0,0,,,,1급지,00:00,23:59,00:00,23:59,00:00,23:59,30,400,10,200,,6000,
31050,부천시,00107,구소사경찰서,공영,노외,37.48040889,126.77238849,14734,경기 부천시 소사구 경인로160번길 70,경기 부천시 소사구 경인로160번길 70,85,,0,,,,3급지,00:00,23:59,00:00,23:59,00:00,23:59,,300,10,200,,4000,
31050,부천시,00078,도당공원1,공영,노외,37.515778,126.789385,14481,경기 부천시 부천로354번길 100,경기 부천시 부천로354번길 100,35,,1,,,,3급지,10:00,18:00,00:00,00:00,00:00,00:00,,400,10,200,,4000,
31170,의왕시,00005,내손제1공영주차장,공영,노외,37.384022,126.978206,16036,경기 의왕시 내손순환로 58,,67,0,2,0,0,3,기타,00:00,00:00,00:00,00:00,00:00,00:00,30,600,10,200,,6000,
31020,성남시,00003,하대원동임시공영주차장,공영,노외,37.4279769,127.1319264,13409,,성남시 중원구 하대원동 18번지,151,15,5,,,,1급지,00:00,23:59,00:00,23:59,00:00,23:59,,,,,,,
31040,안양시,00014,석수대형화물,공영,노외,37.41192998,126.89240274,13971,"경기 안양시 만안구 석수로 238 (석수동,충훈고등학교)","경기 안양시 만안구 석수로 238 (석수동,충훈고등학교)",74,,3,,,1,2급지,00:00,23:59,00:00,23:59,00:00,23:59,30,400,10,200,,25000,
31040,안양시,00027,안양2동노외,공영,노외,37.4050866,126.91783199,13990,"경기 안양시 만안구 안양로384번길 50 (안양동,안양2동주민센터)","경기 안양시 만안구 안양로384번길 50 (안양동,안양2동주민센터)",40,,0,,,0,1급지,09:00,18:00,00:00,18:00,00:00,18:00,30,600,10,300,,25000,90000
31010,수원시,00028,광교 행복한들,,,37.281,127.069,16514,,경기 수원시 영통구 광교호수로 165  (하동),229,,,,,,기타,00:00,23:59,00:00,23:59,00:00,23:59,70,100,10,100,,4000,
31010,수원시,00039,영화동 지하,,,37.29315284,127.01411599,16269,,"경기 수원시 장안구 수성로382번길 30  (영화동,영화동 공영주차장)",182,,,,,,기타,00:00,23:59,00:00,23:59,00:00,23:59,70,300,10,300,,7000,
31010,수원시,00040,영통구청 부설,,,37.25917894,127.04597109,16545,,"경기 수원시 영통구 효원로 407  (매탄동,영통구청)",292,,,,,,기타,00:00,23:59,00:00,23:59,00:00,23:59,70,300,10,300,,7000,
31020,성남시,00108,상대원제4공영,공영,노외,37.4358788,127.166127,13221,,경기도 성남시 중원구 박석로 42,299,0,0,,,,1급지,00:00,23:59,00:00,23:59,00:00,23:59,30,400,10,200,,6000,
31200,파주시,00011,문산1,공영,노외,37.8558223,126.783897,10823,"경기 파주시 문산로40번길 35 (문산읍,문산리,먹거리장터)","경기 파주시 문산로40번길 35 (문산읍,문산리,먹거리장터)",48,,0,,,0,3급지,09:00,22:00,00:00,00:00,00:00,00:00,90,400,10,150,,7000,70000
31040,안양시,00002,관악역1환승,공영,노외,37.4193641,126.90783776,,경기 안양시 만안구 만안로 관악역환승1 공영 주차장,경기 안양시 만안구 만안로 관악역환승1 공영 주차장,44,,0,,,0,3급지,00:00,23:59,00:00,23:59,00:00,23:59,30,200,10,100,,16700,45000
31020,성남시,00087,수진제4공영주차장,공영,노외,37.4372523,127.1269743,13137,,경기도 성남시 수정구 수진동 4671-1,101,0,3,,,,1급지,00:00,23:59,00:00,23:59,00:00,23:59,,,,,,,
31240,화성시,00090,노작마을,공영,노외,37.195452,127.0815758,18459,경기 화성시 동탄구 노작로1가길 (반송동 757),경기 화성시 동탄구 노작로1가길 (반송동 757),141,,7,,,,1급지,10:00,23:00,10:00,23:00,10:00,23:00,90,,10,400,,,90000
31020,성남시,00062,판교제2공영주차장,공영,노외,37.3903809,127.0985481,13479,,경기도 성남시 분당구 판교동 574,96,0,0,,,,1급지,00:00,23:59,00:00,23:59,00:00,23:59,30,400,10,200,,6000,
31010,수원시,00063,율전 제2공영,,,37.29611257,126.9703,,,경기 수원시 장안구 서부로 2095  밤밭고가도로 밑 (율전동),46,,,,,,기타,00:00,23:59,00:00,23:59,00:00,23:59,70,300,10,300,,7000,
31020,성남시,00030,복정제3공영주차장,공영,노외,37.4617432,127.1272334,13112,,경기도 성남시 수정구 복정로 98,265,0,0,,,,1급지,00:00,23:59,00:00,23:59,00:00,23:59,30,400,10,200,,6000,
31030,의정부시,00047,가능1동제2공영,공영,노외,37.7481882,127.0329356,,,의정부시 가능동 681-2,58,0,2,0,0,1,2급지,00:00,23:59,00:00,23:59,00:00,23:59,,,,,12,,56000
31240,화성시,00058,하가등천(자투리),공영,노상,37.1338151,126.9087155,,경기도 화성시 향남읍평리222-24,경기도 화성시 향남읍평리222-24,89,,3,,,,1급지,10:00,23:00,10:00,23:00,10:00,23:00,90,,10,400,,,
31010,수원시,00079,영통우체국,,,37.24649866,127.05590288,16698,,경기 수원시 영통구 영통로213번길 16  (영통동),78,,,,,,기타,10:00,20:00,00:00,00:00,00:00,00:00,,,10,500,,10000,
31240,화성시,00124,남양리 나눔주차장,공영,노외,37.2003317,126.82657255,18271,경기 화성시 만세구 시청로 남양리 2072-21,경기 화성시 만세구 시청로 남양리 2072-21,20,,0,,,,1급지,10:00,23:00,10:00,23:00,10:00,23:00,90,,10,400,,,
31010,수원시,00042,만석 2주차장,,,37.302503,127.002352,16302,,경기 수원시 장안구 송정로   (송죽동),61,,,,,,기타,00:00,23:59,00:00,23:59,00:00,23:59,70,100,10,100,,4000,
31100,고양시,00058,탄현 제3공영주차장,공영,기타,37.69276055,126.77251106,10345,경기 고양시 일산서구 탄현동 1589,,77,,,,,,기타,09:00,21:00,00:00,00:00,00:00,00:00,30,600,5,120,,,
31020,성남시,00035,금광2동제2공영주차장,공영,노외,37.4504852,127.1599435,13170,,경기도 성남시 중원구 산성대로 434,133,0,0,,,,1급지,00:00,23:59,00:00,23:59,00:00,23:59,30,400,10,200,,6000,
31020,성남시,00039,번성공영주차장,공영,노외,37.439179,127.1296667,13319,,경기도 성남시 수정구 수진2동 3042-1번지,180,0,0,,,,1급지,00:00,23:59,00:00,23:59,00:00,23:59,30,400,10,200,,6000,
31030,의정부시,00058,고산지구제1공영,공영,노외,37.729703,127.10808,11821,,산곡동 684-3,180,18,6,0,0,4,1급지,00:00,23:59,00:00,23:59,00:00,23:59,,,,,12,,104000
31200,파주시,00042,파주역 (환승_월정기),공영,노외,37.81626989,126.7929543,,파주시 파주읍 봉암리 1341,파주시 파주읍 봉암리 1341,77,,2,,,4,1급지,09:00,22:00,00:00,00:00,00:00,00:00,30,600,10,250,,9000,90000
31020,성남시,00031,모란다목적공영주차장,공영,노외,37.428987,127.1278868,13383,,경기도 성남시 중원구 둔촌대로  68 모란공영주차장,517,0,0,,,,1급지,00:00,23:59,00:00,23:59,00:00,23:59,30,400,10,200,,6000,
31040,안양시,00090,친목마을노외,공영,노외,37.40735086,126.8855391,13976,경기 안양시 만안구 오리로34번길 7-12 (박달동),경기 안양시 만안구 오리로34번길 7-12 (박달동),48,,0,,,0,5급지,00:00,23:59,00:00,23:59,00:00,23:59,30,200,10,100,,5300,25000
31170,의왕시,00010,포일 어울림 센터,공영,노외,37.3961707,126.9826598,16014,경기도 의왕시 포일동 686,,230,0,10,0,0,8,기타,00:00,00:00,00:00,00:00,00:00,00:00,30,600,10,200,,6000,
31100,고양시,00041,행신 제2공영주차장,공영,기타,37.61712126,126.83498397,10525,경기 고양시 덕양구 용현로 49-13,,37,,,,,,기타,09:00,21:00,00:00,00:00,00:00,00:00,30,240,5,70,,,
31170,의왕시,00012,내손1동주민센터,공영,노외,37.37827,126.9757,,경기도 의왕시 내손동 764,,25,0,2,0,0,0,기타,00:00,00:00,00:00,00:00,00:00,00:00,,,,,,,
31130,남양주시,00028,화도 제03공영,공영,노상,37.65308592,127.30705239,12176,경기 남양주시 화도읍 마석우리 221-10,경기 남양주시 화도읍 마석우리 221-10,18,,1,,,0,1급지,08:00,20:00,08:00,20:00,08:00,20:00,30,600,10,300,,7000,70000
31240,화성시,00051,능동제3,공영,노상,37.214459,127.0541316,,경기도 화성시 능동1215,경기도 화성시 능동1215,20,,0,,,,1급지,10:00,23:00,10:00,23:00,10:00,23:00,90,,10,400,,,
31040,안양시,00074,관악노상1-3,공영,노상,37.4036029,126.96200985,13946,경기 안양시 동안구 관악대로 352 (관양동) 보보스모텔앞~Neoce건물앞,경기 안양시 동안구 관악대로 352 (관양동) 보보스모텔앞~Neoce건물앞,12,,0,,,0,1급지,09:00,19:00,00:00,00:00,00:00,00:00,30,600,10,300,,25000,90000
31170,의왕시,00028,내손체육공원,공영,노외,37.3867832,126.9835889,16028,경기도 의왕시 내손동 666,,144,0,4,0,0,7,기타,00:00,00:00,00:00,00:00,00:00,00:00,30,600,10,200,,6000,
31110,과천시,00102,공영노외주차장,공영,노외,37.4229258,127.010606,,,경기도 과천시 별양동 42-2,0,0,0,0,0,0,기타,00:00,00:00,00:00,00:00,00:00,00:00,10,,,,,,
31020,성남시,00004,희망대제1공영주차장,공영,노외,37.4453567,127.1478388,,,성남시 수정구 신흥2동 1970번지,181,1,4,,,,1급지,00:00,23:59,00:00,23:59,00:00,23:59,,,,,,,
31200,파주시,00028,운정역 (환승_월정기),공영,노외,37.72619038,126.76623222,10896,경기 파주시 소리천로 155 (와동동),경기 파주시 소리천로 155 (와동동),378,,10,,,7,1급지,09:00,22:00,00:00,00:00,00:00,00:00,30,600,10,250,,9000,90000
31050,부천시,00031,안중근공원,공영,노외,37.50346751,126.76013731,14546,경기 부천시 석천로177번길,경기 부천시 석천로177번길,96,,3,,,,1급지,00:00,23:59,00:00,23:59,00:00,23:59,,900,10,400,,9500,
31110,과천시,00036,관악산길,공영,노상,37.4335866,126.9890942,,,경기도 과천시 중앙동 44,96,0,0,0,0,0,3급지,00:00,00:00,00:00,00:00,00:00,00:00,10,,10,200,10,5000,50000
31010,수원시,00083,곡반정동 제8공영,,,37.24131059,127.03355611,16668,,경기 수원시 권선구 곡반정로158번길 4  (곡반정동),271,,,,,,기타,00:00,23:59,00:00,23:59,00:00,23:59,70,300,10,300,,7000,
31040,안양시,00021,인덕원동노외,공영,노외,37.3988203,126.97503915,13951,경기 안양시 동안구 흥안대로507번길 23 (관양동),경기 안양시 동안구 흥안대로507번길 23 (관양동),203,,0,,,0,3급지,09:00,20:00,00:00,00:00,00:00,00:00,30,200,10,100,,23900,45000
31240,화성시,00032,두곡리,공영,노외,37.2074059,126.7750502,18540,"경기 화성시 송정로 10 (마도면,두곡리)","경기 화성시 송정로 10 (마도면,두곡리)",39,,2,,,,1급지,00:00,00:00,00:00,00:00,00:00,00:00,,,,,,,
31010,수원시,00048,광교대학로 제1공영,,,37.2991569,127.044215,16226,,경기 수원시 영통구 대학1로 36  (이의동),49,,,,,,기타,00:00,23:59,00:00,23:59,00:00,23:59,70,300,10,300,,7000,
31090,안산시,00009,우성요양병원앞,공영,노외,37.317705,126.832123,,경기도 안산시 단원구 고잔2길 10 주차장,경기도 안산시 단원구 고잔동 531-1,48,0,2,0,0,1,1급지,09:00,19:00,09:00,14:00,00:00,00:00,30,600,10,300,,9000,80000
31170,의왕시,00003,고천체육공원(철골),공영,노외,37.3461375,126.9823292,16066,경기도 의왕시 오전로 18,,70,0,2,0,0,1,기타,00:00,00:00,00:00,00:00,00:00,00:00,30,600,10,200,,6000,
31020,성남시,00100,남한산성순환로양지동,공영,노외,37.4637339,127.1684437,,,경기도 성남시 수정구 양지동 880번지,20,0,0,,,,1급지,00:00,23:59,00:00,23:59,00:00,23:59,,,,,,,
31040,안양시,00048,스마트스퀘어지하,공영,노외,37.39871767,126.96439088,,경기 안양시 동안구 부림로170번길 20 스마트스퀘어체육공원 지하,경기 안양시 동안구 부림로170번길 20 스마트스퀘어체육공원 지하,170,,4,,,1,2급지,09:00,18:00,09:00,18:00,09:00,18:00,30,400,10,200,,25000,70000
31200,파주시,00025,시의회주차장,공영,노외,37.76034941,126.78068858,10932,"경기 파주시 시청로 66 (아동동,파주시의회)","경기 파주시 시청로 66 (아동동,파주시의회)",78,,0,,,0,1급지,09:00,18:00,00:00,00:00,00:00,00:00,80,1000,20,500,,7000,110000
31070,평택시,00002,신장쇼핑몰 제3,공영,노외,37.080823,127.04994502,17758,"경기 평택시 신장로 64-1 (신장동,신장쇼핑몰제3공영주차장)","경기 평택시 신장로 64-1 (신장동,신장쇼핑몰제3공영주차장)",110,,,,,,2급지,00:00,23:59,00:00,23:59,00:00,23:59,120,800,10,300,,10000,80000
31240,화성시,00060,에코스쿨,공영,노외,37.2020239,127.0741389,18459,"경기 화성시 동탄구 노작로 158 (반송동,화성동탄 신도시 홍보관)","경기 화성시 동탄구 노작로 158 (반송동,화성동탄 신도시 홍보관)",62,,3,,,,1급지,00:00,23:59,00:00,23:59,00:00,23:59,59,,10,,,10000,
31040,안양시,00045,호계3동노외,공영,노외,37.3687706,126.95556173,14120,경기 안양시 동안구 흥안대로94번길 18 (호계동),경기 안양시 동안구 흥안대로94번길 18 (호계동),43,,0,,,0,2급지,10:00,18:00,00:00,00:00,00:00,00:00,30,400,10,200,,25000,70000
31170,의왕시,00031,오전동주민센터,공영,노외,37.35356,126.9716,16055,경기도 의왕시 찬우물길 11,,40,0,2,0,0,0,기타,00:00,00:00,00:00,00:00,00:00,00:00,,,,,,,
31240,화성시,00019,진안,공영,노외,37.21361946,127.03982265,18399,경기 화성시 병점구 병점동로 110-4 (진안동),경기 화성시 병점구 병점동로 110-4 (진안동),156,,7,,,,1급지,10:00,23:00,10:00,23:00,10:00,23:00,90,,10,400,,,100000
31010,수원시,00001,대황교화물,,,37.23051924,127.02188315,16661,,경기 수원시 권선구 정조로 224  (대황교동),244,,,,,,기타,00:00,23:59,00:00,23:59,00:00,23:59,30,400,10,100,,4000,
31050,부천시,00093,멀뫼노외,공영,노외,37.49274303,126.79465772,14564,경기 부천시 조종로 83,경기 부천시 조종로 83,88,,4,,,,3급지,00:00,23:59,00:00,23:59,00:00,23:59,,300,10,200,,4000,50000
31010,수원시,00044,곡반정동 제2공영,,,37.23952389,127.03062592,16670,,경기 수원시 권선구 곡선로49번길 14 5 (곡반정동),204,,,,,,기타,00:00,23:59,00:00,23:59,00:00,23:59,70,300,10,300,,7000,
31240,화성시,00146,태안3지구 3공영,공영,노외,,,,,,0,,0,,,,1급지,00:00,23:59,00:00,23:59,00:00,23:59,90,,10,400,,,90000
31110,과천시,00048,공영노외주차장,공영,노외,37.4235245,126.9962809,13830,,경기도 과천시 부림동 12-3,0,0,0,0,0,0,기타,00:00,00:00,00:00,00:00,00:00,00:00,10,,,,,,
31210,이천시,00008,마장 제1공영주차장,공영,노외,37.25474769,127.35144965,17387,"경기 이천시 오천로 17 (마장면,오천리)","경기 이천시 오천로 17 (마장면,오천리)",32,,1,,,2,2급지,00:00,23:59,00:00,23:59,00:00,23:59,60,,10,200,,5000,
31070,평택시,00048,통복지구공영주차장,공영,노외,36.99742941,127.08238046,17893,"경기 평택시 통복길 10 (통복동,통복지구 공영주차장)","경기 평택시 통복길 10 (통복동,통복지구 공영주차장)",132,,,,,,1급지,00:00,23:59,00:00,23:59,00:00,23:59,120,800,10,300,,10000,80000
31110,과천시,00051,공영노외주차장,공영,노외,37.4236506,126.9966876,,,경기도 과천시 부림동 16-1,0,0,0,0,0,0,기타,00:00,00:00,00:00,00:00,00:00,00:00,10,,,,,,
31010,수원시,00091,인계동 행정복지센터,,,37.26964939,127.02566058,16474,,경기 수원시 팔달구 장다리로219번길 15  (인계동),89,,,,,,기타,00:00,23:59,00:00,23:59,00:00,23:59,,,,,,,
31040,안양시,00026,냉천놀이터지하,공영,기타,37.39524985,126.922049,13997,"경기 안양시 만안구 안양로263번길 31 (안양동,냉천놀이터주차장 및 청소년상담실)","경기 안양시 만안구 안양로263번길 31 (안양동,냉천놀이터주차장 및 청소년상담실)",101,,1,,,0,3급지,00:00,23:59,00:00,23:59,00:00,23:59,30,200,10,100,,25000,45000
31150,시흥시,00004,배곧8공영주차장,공영,기타,37.3688951,126.729035,,배곧동 198-3,,60,,,,,,2급지,10:00,22:00,10:00,22:00,10:00,22:00,30,800,10,4000,,,
31070,평택시,00073,여염공원주차장,공영,노외,37.041632,127.054143,,경기 평택시 고덕동 1702(여염공원공영주차장),경기 평택시 고덕동 1702(여염공원공영주차장),300,,,,,,1급지,00:00,23:59,00:00,23:59,00:00,23:59,30,800,10,300,,10000,80000
31170,의왕시,00015,왕송호수공원 공영주차장,공영,노외,37.3178434,126.9459542,16107,경기도 의왕시 월암동 543-3,,84,0,3,0,0,2,기타,00:00,00:00,00:00,00:00,00:00,00:00,60,,120,,,,
31220,안성시,00001,공도저류지 공영주차장,공영,노외,36.9993728,127.1686138,,경기도 안성시 공도읍 만정리 819,경기도 안성시 공도읍 공도저류지,190,0,9,5,0,10,2급지,12:00,23:59,12:00,23:59,12:00,23:59,60,500,30,2000,,10000,
31070,평택시,00005,송탄역(공사 중),공영,노외,37.07557687,127.05388126,17760,"경기 평택시 탄현1로 176 (신장동,송탄역공영주차장)","경기 평택시 탄현1로 176 (신장동,송탄역공영주차장)",71,,,,,,2급지,00:00,00:00,00:00,00:00,00:00,00:00,30,800,10,300,,10000,80000
31100,고양시,00032,장항 제2공영주차장,공영,기타,37.6637749,126.76703695,10364,경기 고양시 일산동구 고봉로 32-35,,175,,,,,,기타,09:00,00:00,09:00,00:00,09:00,00:00,30,720,5,120,,,
31130,남양주시,00035,와부 제3공영,공영,노상,37.5789,127.2242,,경기 남양주시 와부읍 도곡리 1019-11 (도심역사),경기 남양주시 와부읍 도곡리 1019-11 (도심역사),92,,3,,,1,1급지,08:00,20:00,08:00,20:00,08:00,20:00,30,600,10,300,,7000,70000
31240,화성시,00086,능동제2,공영,노상,37.2037733,127.0516173,,경기도 화성시 능동1284,경기도 화성시 능동1284,39,,1,,,,1급지,10:00,23:00,10:00,23:00,10:00,23:00,90,,10,400,,,
31070,평택시,00001,송탄시장 제2,공영,노외,37.08051941,127.05754263,17757,"경기 평택시 지산로5번길 61 (지산동,송북시장 제2공영주차장)","경기 평택시 지산로5번길 61 (지산동,송북시장 제2공영주차장)",50,,,,,,1급지,00:00,23:59,00:00,23:59,00:00,23:59,120,800,10,300,,10000,80000
31070,평택시,00010,서재 제1,공영,노외,37.00973833,127.09948154,17848,"경기 평택시 서재로 26-82 (동삭동,서재 제1공영주차장)","경기 평택시 서재로 26-82 (동삭동,서재 제1공영주차장)",23,,,,,,2급지,09:00,18:00,00:00,00:00,00:00,00:00,30,800,10,300,,10000,80000
31020,성남시,00076,양지제2공영주차장,공영,노외,37.4554365,127.160916,13140,,경기도 성남시 수정구 양지로 4,110,0,2,,,,1급지,00:00,23:59,00:00,23:59,00:00,23:59,,,,,,,
31050,부천시,00063,오정산업단지,공영,노외,37.53086081,126.78011994,14441,경기 부천시 산업로7번길,경기 부천시 산업로7번길,75,,3,,,,3급지,00:00,23:59,00:00,23:59,00:00,23:59,,300,10,200,,4000,50000
31110,과천시,00042,궁말마을입구,공영,노상,37.4408634,127.0081225,,,경기도 과천시 과천동 669-1,0,0,0,0,0,0,4급지,00:00,00:00,00:00,00:00,00:00,00:00,10,,,,,,
31240,화성시,00050,향남 행정리,공영,노외,37.13085819,126.91927371,18598,"경기 화성시 행정서로3길 46 (향남읍,행정리)","경기 화성시 행정서로3길 46 (향남읍,행정리)",81,,4,,,,1급지,10:00,23:00,10:00,23:00,10:00,23:00,90,,10,400,,,100000
31110,과천시,00112,뒷골7주차장,공영,노외,37.4538419,127.0012342,,,경기도 과천시 과천동 367-4,0,0,0,0,0,0,5급지,00:00,00:00,00:00,00:00,00:00,00:00,10,,,,,,
31240,화성시,00125,여울 공원(지하),공영,노외,37.20275259,127.09586135,18478,경기 화성시 동탄역로 189 (여울동 967-1234),경기 화성시 동탄역로 189 (여울동 967-1234),566,,0,,,,1급지,10:00,19:00,10:00,19:00,10:00,19:00,90,,10,400,,10000,90000
31010,수원시,00088,사무실,,,,,,,     ,0,,,,,,기타,00:00,00:00,00:00,00:00,00:00,00:00,,,,,,,
31050,부천시,00076,도당어울마당,공영,노외,37.51610089,126.78516966,14480,경기 부천시 부천로 360,경기 부천시 부천로 360,89,,2,,,,3급지,08:00,15:00,00:00,00:00,00:00,00:00,,400,10,200,,6000,
31110,과천시,00031,시청부설주차장,공영,기타,37.4293916,126.9909659,13806,경기도 과천시 관문로 69,경기도 과천시 중앙동 1-3,119,1,9,0,0,4,기타,00:00,00:00,00:00,00:00,00:00,00:00,10,,10,300,10,17100,
31020,성남시,00085,태평4동제1공영주차장,공영,노외,37.4471117,127.1440027,13279,,경기도 성남시 수정구 공원로 411,97,1,2,,,,1급지,00:00,23:59,00:00,23:59,00:00,23:59,,,,,,,
31040,안양시,00071,관악노상1-4,공영,노상,37.40392748,126.96382821,13946,경기 안양시 동안구 관악대로 368 (관양동) 나주곰탕앞~중촌마을버스정류장,경기 안양시 동안구 관악대로 368 (관양동) 나주곰탕앞~중촌마을버스정류장,9,,0,,,0,1급지,09:00,19:00,00:00,00:00,00:00,00:00,30,600,10,300,,25000,90000
31150,시흥시,00003,배곧12공영주차장,공영,기타,37.359377,126.709144,,경기도 시흥시 배곧동 292-1,,87,,,,,,1급지,10:00,22:00,10:00,22:00,10:00,22:00,30,300,10,200,,,
31240,화성시,00055,능동(노상),공영,노상,37.20923989,127.05995741,18431,경기 화성시 동탄구 동탄지성로 139 (능동 1114-4),경기 화성시 동탄구 동탄지성로 139 (능동 1114-4),24,,0,,,,1급지,10:00,23:00,10:00,23:00,10:00,23:00,90,,10,400,,,
31030,의정부시,00043,의정부1동제4공영,공영,노외,37.754124,127.045651,,,의정부시 가능동 15-49,38,0,2,0,0,0,2급지,00:00,23:59,00:00,23:59,00:00,23:59,,,,,12,,56000
31240,화성시,00054,천천리(자투리),공영,노외,37.24527337,126.95110733,18290,"경기 화성시 매송고색로 413-24 (매송면,천천리)","경기 화성시 매송고색로 413-24 (매송면,천천리)",15,,0,,,,1급지,00:00,00:00,00:00,00:00,00:00,00:00,,,,,,,
31210,이천시,00004,중리천로,공영,노외,37.28028028,127.44221803,17375,경기 이천시 중리천로 38 (중리동),경기 이천시 중리천로 38 (중리동),33,,1,,,0,1급지,00:00,23:59,00:00,23:59,00:00,23:59,30,600,10,250,,7000,
31040,안양시,00019,병목안시민공원노외,공영,노외,37.38556683,126.90721834,14023,"경기 안양시 만안구 병목안로 215 (안양동,병목안시민공원관리사무소)","경기 안양시 만안구 병목안로 215 (안양동,병목안시민공원관리사무소)",170,,1,,,2,3급지,09:00,19:00,09:00,19:00,09:00,19:00,30,200,10,100,,21500,45000
31050,부천시,00082,소사구청,공영,노외,37.48004709,126.79994735,14692,경기 부천시 소사구 경인옛로 73,경기 부천시 소사구 경인옛로 73,239,,9,,,,3급지,08:00,20:00,00:00,00:00,00:00,00:00,,,10,200,,6000,15000
31020,성남시,00102,은행동제5공영주차장,공영,노외,37.4529029,127.1721678,13163,,경기도 성남시 중원구 은행1동  ,270,0,0,,,,1급지,00:00,23:59,00:00,23:59,00:00,23:59,,,,,,,
31050,부천시,00104,원미공원2,공영,노외,37.49784735,126.79786952,14659,경기 부천시 소사로 456,경기 부천시 소사로 456,86,,2,,,,3급지,10:00,18:00,10:00,18:00,10:00,18:00,,400,10,200,,4000,
31070,평택시,00034,통복,공영,노외,36.99702901,127.08784831,17894,"경기 평택시 평택1로 55 (통복동,통복공영주차장)","경기 평택시 평택1로 55 (통복동,통복공영주차장)",105,,,,,,1급지,00:00,23:59,00:00,23:59,00:00,23:59,120,800,10,300,,10000,80000
31200,파주시,00002,광탄경매시장,공영,노외,37.78146068,126.84847642,10948,"경기 파주시 혜음로 1114 (광탄면,신산리)","경기 파주시 혜음로 1114 (광탄면,신산리)",35,,0,,,0,3급지,09:00,22:00,00:00,00:00,00:00,00:00,90,400,10,150,,7000,70000
31240,화성시,00021,동탄역임시,공영,노외,37.2020344,127.0968139,18478,경기 화성시 동탄구 동탄대로 537 (여울동),경기 화성시 동탄구 동탄대로 537 (여울동),349,,0,,,,1급지,10:00,23:00,10:00,23:00,10:00,23:00,90,,10,400,,10000,90000
31070,평택시,00023,서정전통,공영,노상,37.05714134,127.05515407,17779,경기 평택시 정암로 11 (서정동),경기 평택시 정암로 11 (서정동),58,,,,,,1급지,09:00,18:00,00:00,00:00,00:00,00:00,120,800,10,300,,10000,70000
31030,의정부시,00034,금오동쌈지,공영,노외,37.749347,127.050655,,,금오동 438-14,23,5,1,0,0,0,2급지,00:00,23:59,00:00,23:59,00:00,23:59,,,,,12,,56000
31240,화성시,00110,천천교회,공영,노외,37.2448873,126.94600194,18290,"경기 화성시 매송고색로375번길 13 (매송면,천천리)","경기 화성시 매송고색로375번길 13 (매송면,천천리)",54,,0,,,,1급지,00:00,23:59,09:00,15:00,09:00,15:00,,,,,,,
31150,시흥시,00015,정왕동 상생파킹몰,공영,기타,37.346732,126.738284,15055,정왕동 1799-2,,132,,,,,,기타,08:00,20:00,08:00,20:00,08:00,20:00,30,500,10,200,,,
31110,과천시,00097,렉스타운 앞,공영,노외,37.4282781,126.9925432,13837,경기도 과천시 별양상가1로 25,경기도 과천시 별양동 1-10번지,0,0,0,0,0,0,2급지,00:00,00:00,00:00,00:00,00:00,00:00,10,,,,,,
31100,고양시,00024,호수공원 제4부설주차장,공영,기타,37.65222012,126.770867,10400,경기 고양시 일산동구 장항동 906,,125,,,,,,기타,09:00,22:00,09:00,22:00,09:00,22:00,5,100,5,180,,,
31130,남양주시,00001,(한강공원)도농(부설),공영,노상,37.6103,127.1485,,경기 남양주시 다산동 4325번지 (빙그레공장 인근),경기 남양주시 다산동 4325번지 (빙그레공장 인근),208,,7,,,0,1급지,08:00,20:00,08:00,20:00,08:00,20:00,60,,10,200,,7000,30000
31130,남양주시,00021,진접 제3공영,공영,노상,37.72626316,127.19344817,,경기 남양주시 진접읍 장현리 710-2,경기 남양주시 진접읍 장현리 710-2,48,,2,,,0,1급지,08:00,20:00,08:00,20:00,08:00,20:00,30,600,10,300,,7000,70000
31070,평택시,00039,자란,공영,노외,36.99483402,127.08935796,17895,"경기 평택시 중앙로 53 (비전동,자란공영주차장)","경기 평택시 중앙로 53 (비전동,자란공영주차장)",296,,,,,,1급지,00:00,23:59,00:00,23:59,00:00,23:59,30,800,10,300,,10000,80000
31020,성남시,00058,희망로공영주차장,공영,노외,37.4489379,127.1559699,,,경기도 성남시 수정구 단대동 100-1,43,0,0,,,,1급지,00:00,23:59,00:00,23:59,00:00,23:59,30,400,10,200,,6000,
31240,화성시,00005,제부도 5호,공영,노외,37.15997351,126.61935468,18553,"경기 화성시 만세구 해안길 210 (서신면,제부리)","경기 화성시 만세구 해안길 210 (서신면,제부리)",342,,11,,,,1급지,00:00,23:59,00:00,23:59,00:00,23:59,10,,300,1000,,3000,60000
31110,과천시,00028,상삼포6,공영,노외,37.4479296,127.0223852,,,경기도 과천시 주암동 418-8,0,0,0,0,0,0,기타,00:00,00:00,00:00,00:00,00:00,00:00,10,,,,,,
31150,시흥시,00009,은계7공영,공영,기타,37.452603,126.795646,,대야동 651-1,,56,,,,,,3급지,10:00,22:00,10:00,22:00,10:00,22:00,30,500,10,300,,,
31070,평택시,00047,JC공원지하,공영,노외,36.993502,127.087924,17910,경기 평택시 평택1로20번길 6 (평택동),경기 평택시 평택1로20번길 6 (평택동),63,,,,,,1급지,00:00,23:59,00:00,23:59,00:00,23:59,30,800,10,300,,10000,80000
31050,부천시,00058,송내어울마당,공영,부설,37.48250133,126.76654266,14727,경기 부천시 경인로92번길 33,경기 부천시 경인로92번길 33,118,,5,,,,3급지,10:00,18:00,00:00,00:00,00:00,00:00,,,10,200,,6000,
31040,안양시,00080,관악노상2-1,공영,노상,37.40319387,126.95587256,13940,경기 안양시 동안구 관악대로 297 (관양동) 효재주유소앞~일호약국,경기 안양시 동안구 관악대로 297 (관양동) 효재주유소앞~일호약국,5,,0,,,0,1급지,09:00,19:00,00:00,00:00,00:00,00:00,30,600,10,300,,25000,90000
31240,화성시,00096,나루(노상),공영,노상,37.193423,127.07400403,18442,경기 화성시 동탄구 동탄솔빛로 52 (반송동 217-5),경기 화성시 동탄구 동탄솔빛로 52 (반송동 217-5),21,,1,,,,1급지,10:00,23:00,10:00,23:00,10:00,23:00,90,,10,400,,,
31050,부천시,00001,도당교 1호,공영,노외,37.5227971,126.7934843,,경기 부천시 오정구 상오정로94번길 16,경기 부천시 오정구 상오정로94번길 16,39,,0,,,,3급지,18:00,09:00,18:00,09:00,18:00,09:00,,,10,,,,
31050,부천시,00054,미관광장,공영,노외,37.50199376,126.77493677,14548,경기 부천시 중동로262번길 102,경기 부천시 중동로262번길 102,500,,17,,,,1급지,00:00,23:59,00:00,23:59,00:00,23:59,,900,10,400,,9500,100000
31100,고양시,00010,성사 제3공영주차장,공영,기타,37.65550758,126.83509329,10464,경기 고양시 덕양구 고양대로1395번길 10,,128,,,,,,기타,09:00,19:30,09:00,19:30,09:00,19:30,5,120,5,240,,,
31030,의정부시,00015,고산지구제2공영,공영,노외,37.72912,127.105416,,,의정부시 고산동 452-3,42,4,2,0,0,1,1급지,00:00,23:59,00:00,23:59,00:00,23:59,,,,,12,,104000
31020,성남시,00064,중앙공원B부설주차장,공영,노외,37.376283,127.1213147,13151,,경기도 성남시 분당구 수내동 66,108,0,0,,,,1급지,  :  ,  :  ,  :  ,  :  ,  :  ,  :  ,30,300,10,100,,6000,
31040,안양시,00043,수목원입구노외,공영,노외,37.41836074,126.93314715,13911,경기 안양시 만안구 예술공원로 253 (석수동 844),경기 안양시 만안구 예술공원로 253 (석수동 844),44,,0,,,0,2급지,09:00,19:00,09:00,19:00,09:00,19:00,30,400,10,200,,25000,
31050,부천시,00077,송내파인,공영,노외,37.48483159,126.75531243,14731,경기 부천시 경인로9번가길,경기 부천시 경인로9번가길,36,,5,,,,3급지,00:00,23:59,00:00,23:59,00:00,23:59,,,,,,,50000
31110,과천시,00071,한계주자창(남태령지구),공영,노외,37.4498899,126.9979136,,,경기도 과천시 과천동 520-3,0,0,0,0,0,0,기타,00:00,00:00,00:00,00:00,00:00,00:00,10,,,,,,
31200,파주시,00035,원앙길 (월정기),공영,노외,37.765353,126.776546,10930,경기 파주시 원앙길 48 (아동동),경기 파주시 원앙길 48 (아동동),122,,3,,,7,2급지,09:00,22:00,00:00,00:00,00:00,00:00,90,500,10,200,,8000,80000
31050,부천시,00023,송내북부,공영,노외,37.48874614,126.75624947,14622,경기 부천시 부일로237번길,경기 부천시 부일로237번길,65,,2,,,,1급지,00:00,23:59,00:00,23:59,00:00,23:59,,900,10,400,,9500,
31030,의정부시,00149,의정부1동제6공영,공영,노외,37.731806,127.049061,,,의정부동 726,62,0,2,0,0,2,2급지,00:00,23:59,00:00,23:59,00:00,23:59,,,,,12,,56000
31240,화성시,00039,돌모루공원,공영,노외,37.2227734,127.0771397,18450,경기 화성시 동탄구 삼성1로 202-33 (석우동),경기 화성시 동탄구 삼성1로 202-33 (석우동),57,,3,,,,1급지,00:00,23:59,00:00,23:59,00:00,23:59,59,,10,,,,
31050,부천시,00065,무지개고가2,공영,노외,37.50581335,126.75317778,14545,경기 부천시 원미구 길주로 104,경기 부천시 원미구 길주로 104,26,,0,,,,2급지,00:00,23:59,00:00,23:59,00:00,23:59,,,10,,,,70000
31090,안산시,00001,여성회관뒤,공영,노외,37.318678,126.82866,,경기도 안산시 단원구 고잔로 24 주차장,경기도 안산시 단원구 고잔동 552-1,140,0,5,0,0,5,2급지,08:00,21:00,08:00,21:00,00:00,00:00,30,400,10,200,,4500,50000
31110,과천시,00050,제일쇼핑앞,공영,노상,37.428032,126.989471,13838,경기도 과천시 별양상가2로 17-1,경기도 과천시 별양동 55,14,0,0,0,0,0,2급지,00:00,00:00,00:00,00:00,00:00,00:00,10,,10,400,10,17000,130000
31110,과천시,00072,공영노외주차장,공영,노외,37.4244938,127.0077818,13827,경기도 과천시 문원로 110,경기도 과천시 중앙동 9-6,0,0,0,0,0,0,기타,00:00,00:00,00:00,00:00,00:00,00:00,10,,,,,,
31020,성남시,00056,수진제1공영주차장,공영,노외,37.4368471,127.1339154,13333,,경기도 성남시 수정구 제일로 114,70,0,0,,,,1급지,00:00,23:59,00:00,23:59,00:00,23:59,30,400,10,200,,6000,
31030,의정부시,00030,민락2지구(BRT),공영,노외,37.7519726,127.100965,,,의정부시 낙양동 717,38,0,1,0,0,0,2급지,00:00,23:59,00:00,23:59,00:00,23:59,,,,,12,,56000
31010,수원시,00035,파장동 맛고을거리,,,37.31490292,127.00052017,16350,,경기 수원시 장안구 파장천로 115 8 (파장동),70,,,,,,기타,00:00,23:59,00:00,23:59,00:00,23:59,70,100,10,100,,4000,
31020,성남시,00053,태평공원공영주차장,공영,노외,37.4416902,127.1219669,13154,,경기 성남시 수정구 태평동 7285,117,0,0,,,,1급지,00:00,23:59,00:00,23:59,00:00,23:59,30,400,10,200,,6000,
31030,의정부시,00008,신곡동제1공영,공영,노외,37.749943,127.070482,,,신곡동 762-4,116,9,4,0,0,6,1급지,00:00,23:59,00:00,23:59,00:00,23:59,,,,,12,,104000
31210,이천시,00003,택시쉼터,공영,노외,37.286242,127.440335,17355,경기 이천시 창전동 417,경기 이천시 창전동 417,230,,7,,,4,3급지,00:00,23:59,00:00,23:59,00:00,23:59,60,,10,150,,4000,40000
31030,의정부시,00153,발곡어울림,공영,노외,37.731477,127.061469,,,신곡동 353-108,75,0,0,0,0,4,2급지,00:00,23:59,00:00,23:59,00:00,23:59,,,,,12,,56000
31020,성남시,00040,맛고을공영주차장,공영,노외,37.4119629,127.1318139,13505,,경기도 성남시 분당구 야탑로111번길  12-14 야탑동경로당,197,0,0,,,,1급지,00:00,23:59,00:00,23:59,00:00,23:59,30,400,10,200,,6000,
31240,화성시,00108,동탄시온교회,공영,노외,37.2058248,127.06157145,18435,"경기 화성시 동탄공원로2길 16 (반송동,동탄시온교회)","경기 화성시 동탄공원로2길 16 (반송동,동탄시온교회)",48,,0,,,,1급지,08:00,17:00,00:00,00:00,00:00,00:00,,,,,,,
31010,수원시,00074,수원화물차고지,,,37.23802307,126.98833529,,,경기 수원시 권선구 서부로1390번길 114  (고색동) 551번지 수원화물공영차고지,209,,,,,,기타,00:00,23:59,00:00,23:59,00:00,23:59,30,400,10,100,,4000,
31040,안양시,00088,먹거리촌노상3,공영,노상,37.38225472,126.96147988,,경기 안양시 동안구 귀인로190번길 70-9 (평촌동) 계림삼계탕 앞 먹거리촌노상3구간,경기 안양시 동안구 귀인로190번길 70-9 (평촌동) 계림삼계탕 앞 먹거리촌노상3구간,23,,0,,,0,2급지,09:00,21:00,00:00,00:00,00:00,00:00,30,400,10,200,,25000,
31110,과천시,00054,공영노외주차장,공영,노외,37.423798,127.010109,,,경기도 과천시 문원동 115-264,0,0,0,0,0,0,기타,00:00,00:00,00:00,00:00,00:00,00:00,10,,,,,,
31240,화성시,00004,향남2 하길리(중심상가),공영,노외,37.1147451,126.9118671,18611,"경기 화성시 만세구 상신하길로298번길 7-20 (향남읍,하길리)","경기 화성시 만세구 상신하길로298번길 7-20 (향남읍,하길리)",346,,16,,,,1급지,10:00,23:00,10:00,23:00,10:00,23:00,90,,10,400,,,
31040,안양시,00006,남부노외,공영,노외,37.39557785,126.92523641,13996,"경기 안양시 만안구 안양로248번길 13 (안양동,남부시장 공영주차장)","경기 안양시 만안구 안양로248번길 13 (안양동,남부시장 공영주차장)",54,,0,,,0,1급지,08:00,18:00,00:00,00:00,00:00,00:00,30,600,10,300,,25000,90000
31240,화성시,00136,호수주차타워,공영,노외,37.16785954,127.10502183,18497,경기 화성시 동탄구 동탄대로5길 12 (송동 724-1),경기 화성시 동탄구 동탄대로5길 12 (송동 724-1),321,,12,,,,1급지,10:00,23:00,10:00,23:00,10:00,23:00,90,,10,400,,,90000
31240,화성시,00081,영천2 유인노상,공영,노상,37.20564398,127.11330226,18473,경기 화성시 동탄구 지산2길 17 (영천동 704-15),경기 화성시 동탄구 지산2길 17 (영천동 704-15),128,,3,,,,1급지,13:00,22:00,00:00,00:00,00:00,00:00,90,,10,400,,,
31040,안양시,00078,관악노상1-2,공영,노상,37.40277843,126.95765472,13945,"경기 안양시 동안구 관악대로 312 (관양동,현가성빌딩) 버거킹앞~한샘에이스침대앞","경기 안양시 동안구 관악대로 312 (관양동,현가성빌딩) 버거킹앞~한샘에이스침대앞",17,,0,,,0,1급지,09:00,19:00,00:00,00:00,00:00,00:00,30,600,10,300,,25000,90000
31110,과천시,00077,우체국앞,공영,노상,37.42784116,126.99289914,,,경기도 과천시 별양동 57,11,0,0,0,0,0,2급지,00:00,00:00,00:00,00:00,00:00,00:00,10,,10,400,10,17000,130000
31050,부천시,00007,까치로노외,공영,노외,37.50918004,126.8083768,14478,경기 부천시 까치로 26,경기 부천시 까치로 26,34,,0,,,,3급지,00:00,23:59,00:00,23:59,00:00,23:59,,300,10,200,,4000,
31050,부천시,00089,구 소새울어울마당,공영,노외,37.47623912,126.79250342,14708,경기 부천시 소사구 호현로 432,경기 부천시 소사구 호현로 432,11,,0,,,,3급지,18:00,09:00,18:00,09:00,18:00,09:00,,,10,,,,
31020,성남시,00055,수정공영주차장,공영,노외,37.4496523,127.1456586,13259,,경기도 성남시 수정구 수정로279번길 3,75,0,0,,,,1급지,00:00,23:59,00:00,23:59,00:00,23:59,30,400,10,200,,6000,
31020,성남시,00068,은행동제10공영주차장,공영,노외,37.4574404,127.1657599,,,경기도 성남시 중원구 은이로 11번길,221,0,0,,,,1급지,00:00,23:59,00:00,23:59,00:00,23:59,,,,,,,
31200,파주시,00031,금촌2 (월정기),공영,노외,37.75222304,126.76710714,10915,경기 파주시 금빛로 28 (금촌동),경기 파주시 금빛로 28 (금촌동),318,,9,,,2,1급지,09:00,22:00,00:00,00:00,00:00,00:00,30,600,10,250,,9000,90000
31030,의정부시,00111,구승원여객차고지,공영,노외,37.7480947,127.048618,,,의정부시 의정부1동 216-42,73,0,3,0,0,1,2급지,00:00,23:59,00:00,23:59,00:00,23:59,,,,,12,,56000
31070,평택시,00074,이충동,공영,노외,37.0644015,127.06746518,17732,경기 평택시 이충로 84-6 (이충동),경기 평택시 이충로 84-6 (이충동),47,,,,,,1급지,09:00,18:00,09:00,18:00,09:00,18:00,150,800,10,300,,10000,80000
31040,안양시,00030,호계고가밑,공영,기타,37.36898872,126.95339508,,경기 안양시 동안구 엘에스로91번길 46-21 호계동 1037,경기 안양시 동안구 엘에스로91번길 46-21 호계동 1037,30,,0,,,0,2급지,10:00,18:00,00:00,00:00,00:00,00:00,30,400,10,200,,25000,70000
31040,안양시,00039,안양7동노외,공영,노외,37.39074133,126.93374109,,경기 안양시 만안구 덕천로 105 안양 7동 공영주차장,경기 안양시 만안구 덕천로 105 안양 7동 공영주차장,133,,0,,,0,2급지,09:00,17:00,00:00,00:00,00:00,00:00,30,400,10,200,,25000,70000
31030,의정부시,00063,의1동지하1,공영,노외,37.7415722,127.048183,11692,평화로552번길 17,의정부시 의정부1동 199-6,137,4,4,0,0,2,1급지,00:00,23:59,00:00,23:59,00:00,23:59,,,,,12,,104000
31110,과천시,00023,죽바위2-2주차장,공영,노외,37.4558528,127.0298291,,,경기도 과천시 주암동 162-6,0,0,0,0,0,0,기타,00:00,00:00,00:00,00:00,00:00,00:00,10,,,,,,
31210,이천시,00001,터미널주차장(8-2),공영,노외,37.27751346,127.44847418,,경기 이천시 중리동 439,경기 이천시 중리동 439,45,,2,,,0,1급지,00:00,23:59,00:00,23:59,00:00,23:59,30,600,10,250,,7000,
31010,수원시,00060,연무동 공영,,,37.28778395,127.02052664,,,경기 수원시 장안구 경수대로743번길 57  (연무동) 지하 1층,158,,,,,,기타,00:00,23:59,00:00,23:59,00:00,23:59,70,300,10,300,,7000,
31070,평택시,00071,세교지하,공영,노외,37.000082,127.082973,17838,경기 평택시 세교동 559-3(세교지하공영주차장),경기 평택시 세교동 559-3(세교지하공영주차장),60,,,,,,1급지,00:00,23:59,00:00,23:59,00:00,23:59,120,800,10,300,,10000,80000
31240,화성시,00003,평리,공영,노외,37.13038091,126.90802927,18593,"경기 화성시 만세구 평6길 48 (향남읍,평리,공영주차장)","경기 화성시 만세구 평6길 48 (향남읍,평리,공영주차장)",109,,6,,,,1급지,10:00,23:00,10:00,23:00,10:00,23:00,120,,10,300,,,60000
31240,화성시,00101,진안동이주자택지,공영,노외,37.2187506,127.0363079,,"경기도 화성시 진안동934-13,-4","경기도 화성시 진안동934-13,-4",105,,0,,,,1급지,10:00,23:00,10:00,23:00,10:00,23:00,90,,10,400,,,
31010,수원시,00054,권선구청 부설,,,37.25763416,126.97189846,16626,,"경기 수원시 권선구 호매실로 12  (탑동,권선구청)",258,,,,,,기타,00:00,23:59,00:00,23:59,00:00,23:59,70,300,10,300,,7000,
31240,화성시,00126,동탄 캠핑카(임시),공영,노외,37.1935244,127.0890273,,경기도 화성시 동탄구 여울동 989,경기도 화성시 동탄구 여울동 989,64,,0,,,,1급지,10:00,23:00,10:00,23:00,10:00,23:00,90,,10,400,,,100000
31130,남양주시,00030,와부 제5공영,공영,노상,37.546,127.2448,12277,"경기 남양주시 팔당로 123 (와부읍,팔당리)","경기 남양주시 팔당로 123 (와부읍,팔당리)",35,,0,,,3,1급지,08:00,20:00,08:00,20:00,08:00,20:00,30,600,10,300,,7000,70000
31130,남양주시,00044,(센터)어린이비전,공영,노상,37.71709051,127.19104876,12057,"경기 남양주시 해밀예당1로 96 (진접읍,금곡리)","경기 남양주시 해밀예당1로 96 (진접읍,금곡리)",153,,6,,,10,1급지,09:00,18:00,09:00,18:00,09:00,18:00,60,,10,200,,7000,30000
31130,남양주시,00051,(센터)남양주,공영,노상,37.60592658,127.17779044,12244,"경기 남양주시 다산지금로 91 (이패동,남양주체육문화센터,남양주도시공사)","경기 남양주시 다산지금로 91 (이패동,남양주체육문화센터,남양주도시공사)",938,,20,,,11,2급지,05:30,22:30,05:30,20:30,08:30,17:30,60,,10,200,,7000,30000
31040,안양시,00037,시청앞노상,공영,노상,37.39200021,126.95759585,,"경기 안양시 동안구 평촌대로 212 (관양동,안양우편집중국) 옆 시청앞노상","경기 안양시 동안구 평촌대로 212 (관양동,안양우편집중국) 옆 시청앞노상",34,,0,,,0,2급지,10:00,18:00,00:00,00:00,00:00,00:00,30,400,10,200,,25000,70000
31170,의왕시,00022,청소년수련관,공영,노외,37.3419,126.972,16077,경기도 의왕시 문화공원로 33,,22,0,1,0,0,0,기타,00:00,00:00,00:00,00:00,00:00,00:00,30,600,10,200,,6000,
31020,성남시,00109,율동공원c부설주차장 ,공영,노외,37.3809634,127.1496726,13586,,경기도 성남시 분당구 서현1동  ,198,0,0,,,,1급지,00:00,00:00,00:00,00:00,00:00,00:00,180,,10,100,,6000,
31050,부천시,00018,상동시장,공영,노외,37.4906758,126.76318829,,경기 부천시 석천로38번길 53,경기 부천시 석천로38번길 53,49,,1,,,,3급지,00:00,23:59,00:00,23:59,00:00,23:59,,300,10,200,,4000,50000
31110,과천시,00049,한내1주차장,공영,노외,37.4482592,126.9986484,,,경기도 과천시 과천동 525-10,0,0,0,0,0,0,5급지,00:00,00:00,00:00,00:00,00:00,00:00,10,,,,,,
31130,남양주시,00013,(수련관)청소년수련관,공영,노상,37.60893656,127.17811845,12244,"경기 남양주시 다산지금로 51-47 (이패동,남양주시청소년수련관)","경기 남양주시 다산지금로 51-47 (이패동,남양주시청소년수련관)",53,,2,,,2,1급지,08:30,21:30,08:30,21:30,08:30,18:30,60,,10,200,,7000,30000
31020,성남시,00093,은행2동제3공영주차장,공영,노외,37.4549116,127.1631796,13159,,경기도 성남시 중원구 은행로 9,227,2,5,,,,1급지,00:00,23:59,00:00,23:59,00:00,23:59,,,,,,,
31020,성남시,00098,분당동공원마을공영주차장,공영,노외,37.3752544,127.1445599,13579,,경기도 성남시 분당구 서현로429번길  11,86,0,0,,,,1급지,00:00,00:00,00:00,00:00,00:00,00:00,,,,,,,
31240,화성시,00046,영천1 유인노상,공영,노상,37.20740878,127.11226005,18466,경기 화성시 동탄구 지산1길 9 (영천동 690-3),경기 화성시 동탄구 지산1길 9 (영천동 690-3),72,,1,,,,1급지,13:00,22:00,00:00,00:00,00:00,00:00,90,,10,400,,,
31200,파주시,00034,야당역 (환승),공영,노외,37.71377618,126.76137732,10908,경기 파주시 소리천로 14 (야당동),경기 파주시 소리천로 14 (야당동),305,,13,,,7,1급지,09:00,22:00,00:00,00:00,00:00,00:00,30,600,10,250,,9000,90000
31070,평택시,00068,선착순테스트2,공영,노외,,,,,,10,,,,,,2급지,00:00,00:00,00:00,00:00,00:00,00:00,30,800,10,300,,10000,300
31050,부천시,00019,원미철골,공영,노외,37.49255954,126.78521053,14570,경기 부천시 조종로8번길,경기 부천시 조종로8번길,48,,1,,,,3급지,10:00,18:00,00:00,00:00,00:00,00:00,,300,10,200,,4000,
31110,과천시,00033,남태령6주차장,공영,노외,37.4525875,126.9928346,,,경기도 과천시 과천동 487-9,0,0,0,0,0,0,기타,00:00,00:00,00:00,00:00,00:00,00:00,10,,,,,,
31240,화성시,00038,사강,공영,노외,37.2137698,126.735704,,경기도 화성시 송산면사강리675,경기도 화성시 송산면사강리675,49,,2,,,,1급지,00:00,00:00,00:00,00:00,00:00,00:00,,,,,,,
31050,부천시,00100,중동먹자골목,공영,노상,37.5002148,126.77615981,14580,경기 부천시 조마루로297번길,경기 부천시 조마루로297번길,94,,0,,,,1급지,09:00,18:00,00:00,00:00,00:00,00:00,,900,10,400,,9500,
31020,성남시,00079,태평동제1공영주차장,공영,노외,37.4472376,127.1291106,13298,,경기도 성남시 수정구 제일로  236,119,0,3,,,,1급지,00:00,23:59,00:00,23:59,00:00,23:59,,,,,,,
31110,과천시,00109,공영주차장,공영,노외,37.4251134,127.0102957,,,경기도 과천시 별양동23-3,0,0,0,0,0,0,기타,00:00,00:00,00:00,00:00,00:00,00:00,10,,,,,,
31150,시흥시,00016,목감8,공영,기타,37.3740515,126.848261,,조남동 665,,33,,,,,,3급지,10:00,22:00,10:00,22:00,10:00,22:00,30,500,10,300,,,
31010,수원시,00021,역세권1지구,,,37.26148591,126.99034056,16619,,경기 수원시 권선구 권선로357번길 13  (서둔동),100,,,,,,기타,00:00,23:59,00:00,23:59,00:00,23:59,70,500,10,500,,10000,
31070,평택시,00067,송탄임시화물주차장,공영,노외,37.08726459,127.06035675,,"경기 평택시 탄현로 399 (신장동,해륙하이츠맨션) 송탄임시화물주차장","경기 평택시 탄현로 399 (신장동,해륙하이츠맨션) 송탄임시화물주차장",109,,,,,,3급지,09:00,18:00,00:00,00:00,00:00,00:00,30,800,10,300,,10000,
31200,파주시,00045,운정스타필드빌리지,공영,노외,37.73002,126.764742,,파주시 와동동 1481 (와동동),파주시 와동동 1481 (와동동),864,,19,,,0,1급지,09:00,22:00,00:00,00:00,00:00,00:00,30,600,10,250,,9000,
31070,평택시,00032,서정-제2,공영,노상,37.06725126,127.06090783,17774,경기 평택시 관광특구로 19 (서정동),경기 평택시 관광특구로 19 (서정동),26,,,,,,1급지,09:00,18:00,00:00,00:00,00:00,00:00,30,800,10,300,,10000,70000
31020,성남시,00022,수내동공영주차장,공영,노외,37.366701,127.1279014,,,경기도 성남시 분당구 발이봉북로  7 수내동 지하주차장,120,0,0,,,,1급지,00:00,23:59,00:00,23:59,00:00,23:59,30,400,10,200,,6000,
31030,의정부시,00012,가능1동제6공영,공영,노외,37.747689,127.033948,,,의정부시 가능동 676-7,15,1,1,0,0,0,2급지,00:00,23:59,00:00,23:59,00:00,23:59,,,,,12,,56000
31240,화성시,00113,조암감리교회,공영,노외,37.08511552,126.81735933,18567,"경기 화성시 조암북로24번길 11 (우정읍,조암리,조암교회)","경기 화성시 조암북로24번길 11 (우정읍,조암리,조암교회)",40,,0,,,,1급지,06:00,18:00,06:00,18:00,06:00,18:00,,,,,,,
31040,안양시,00012,개나리놀이터지하,공영,노외,37.40151111,126.91532792,14005,"경기 안양시 만안구 안양로343번길 57-7 (안양동,안양3동 개나리놀이터 지하주차장)","경기 안양시 만안구 안양로343번길 57-7 (안양동,안양3동 개나리놀이터 지하주차장)",56,,1,,,0,4급지,09:00,22:00,09:00,22:00,09:00,22:00,30,200,10,100,,14900,35000
31040,안양시,00070,관악노상2-7,공영,노상,37.40514121,126.9701731,13939,경기 안양시 동안구 관악대로 425 (관양동) 동편마을입구~제비스코페인트앞,경기 안양시 동안구 관악대로 425 (관양동) 동편마을입구~제비스코페인트앞,15,,0,,,0,1급지,09:00,19:00,00:00,00:00,00:00,00:00,30,600,10,300,,25000,90000
31020,성남시,00005,희망대제2공영주차장,공영,노외,37.4505021,127.148025,13355,,성남시 수정구 신흥2동 870번지,159,7,4,,,,1급지,00:00,23:59,00:00,23:59,00:00,23:59,,,,,,,
31110,과천시,00046,남태령1주차장,공영,노외,37.4523569,126.9932325,,,경기도 과천시 과천동 485-25,0,0,0,0,0,0,기타,00:00,00:00,00:00,00:00,00:00,00:00,10,,,,,,
31100,고양시,00031,행신 제4공영주차장,공영,기타,37.61415368,126.83261542,10523,경기 고양시 덕양구 무원로 14,,44,,,,,,기타,09:00,21:00,00:00,00:00,00:00,00:00,30,720,5,120,,,
31130,남양주시,00026,진건 제2공영,공영,노상,37.6545356,127.17976795,12140,경기 남양주시 진건오남로 38 (물놀이장 앞),경기 남양주시 진건오남로 38 (물놀이장 앞),50,,0,,,0,1급지,08:00,20:00,08:00,20:00,08:00,20:00,30,600,10,300,,7000,70000
31020,성남시,00101,건우공영주차장,공영,노외,37.4504653,127.1327213,13354,,경기도 성남시 수정구 태평동 224-6,99,0,0,,,,1급지,00:00,23:59,00:00,23:59,00:00,23:59,,,,,,,
31240,화성시,00043,남산공단,공영,노외,37.1957727,126.989756,14605,경기도 화성시 안녕동178-177,경기도 화성시 안녕동178-177,18,,0,,,,1급지,00:00,00:00,00:00,00:00,00:00,00:00,,,,,,,
31050,부천시,00086,심곡본동어울림복합센터,공영,노외,37.48088675,126.77968985,14714,경기 부천시 경인로224번길 54,경기 부천시 경인로224번길 54,272,,6,,,,3급지,00:00,23:59,00:00,23:59,00:00,23:59,,300,10,200,,4000,50000
31110,과천시,00067,뒷골4주차장,공영,노외,37.4561881,127.0014015,,,경기도 과천시 과천동 375-10,0,0,0,0,0,0,기타,00:00,00:00,00:00,00:00,00:00,00:00,10,,,,,,
31100,고양시,00007,호수공원 제2부설주차장,공영,기타,37.66290109,126.76281564,10400,경기 고양시 일산동구 호수로 595,,507,,,,,,기타,09:00,22:00,09:00,22:00,09:00,22:00,5,100,5,180,,,
31020,성남시,00060,성남동제1공영주차장,공영,노외,37.43543,127.1466588,13355,,경기도 성남시 중원구 성남동  ,223,0,0,,,,1급지,00:00,23:59,00:00,23:59,00:00,23:59,30,300,10,100,,6000,
31010,수원시,00004,농수산물도매시장,,,37.2549884,127.032057,16561,,경기 수원시 권선구 세권로 243  ,748,,,,,,기타,00:00,23:59,00:00,23:59,00:00,23:59,70,200,10,200,,6000,
31030,의정부시,00150,가능1동제7공영,공영,노외,37.750534,127.043719,,,의정부시 신촌로 79,52,0,1,0,0,0,2급지,00:00,23:59,00:00,23:59,00:00,23:59,,,,,12,,56000
31130,남양주시,00031,화도 제04공영,공영,노상,37.65216555,127.30671714,,경기 남양주시 화도읍 창현리 469-1 (금마천 복개),경기 남양주시 화도읍 창현리 469-1 (금마천 복개),47,,3,,,0,1급지,08:00,20:00,08:00,20:00,08:00,20:00,30,600,10,300,,7000,70000
31150,시흥시,00040,목감P9,공영,기타,,,,,,50,,,,,,기타,,,,,,,,,,,,,
31210,이천시,00009,마장 제2공영주차장,공영,노외,37.2540155,127.35299615,17387,"경기 이천시 오천로 37 (마장면,오천리)","경기 이천시 오천로 37 (마장면,오천리)",36,,1,,,3,2급지,00:00,23:59,00:00,23:59,00:00,23:59,60,,10,200,,5000,
31170,의왕시,00040,청계산공영주차장,공영,노외,37.40584,127.0252,,경기도 의왕시 청계동 77,,145,0,5,0,0,0,기타,00:00,00:00,00:00,00:00,00:00,00:00,60,1000,120,1000,,5000,
31010,수원시,00026,광교 카페거리1 공영,,,37.2942401,127.0517109,16506,,경기 수원시 영통구 센트럴파크로127번길 80 5 (이의동),64,,,,,,기타,00:00,23:59,00:00,23:59,00:00,23:59,70,300,10,300,,7000,
31050,부천시,00110,아인스월드(캠핑카),공영,노외,37.511355,126.744815,14545,경기 부천시 원미구 길주로,경기 부천시 원미구 길주로,86,,0,,,,3급지,00:00,23:59,00:00,23:59,00:00,23:59,,400,10,200,,4000,80000
31040,안양시,00094,안양6동4노외,공영,노외,37.38952655,126.9287453,14089,경기 안양시 만안구 안양로 175 (센트럴헤센 방면),경기 안양시 만안구 안양로 175 (센트럴헤센 방면),95,,0,,,0,3급지,09:00,20:00,00:00,00:00,00:00,00:00,30,200,10,100,,23900,45000
31130,남양주시,00037,별내동 제1공영,공영,노상,37.656,127.1259,12105,경기 남양주시 두물로11번길 12-12 (별내동),경기 남양주시 두물로11번길 12-12 (별내동),49,,2,,,4,1급지,08:00,20:00,08:00,20:00,08:00,20:00,30,600,10,300,,7000,70000
31020,성남시,00041,정자전원마을공영주차장,공영,노외,37.3592204,127.124511,13604,,경기도 성남시 분당구 불곡로13번길 6,112,0,0,,,,1급지,00:00,23:59,00:00,23:59,00:00,23:59,30,400,10,200,,6000,
31110,과천시,00103,뒷골2주차장,공영,노외,37.4596949,127.0008183,,,경기도 과천시 과천동 402-12,0,0,0,0,0,0,기타,00:00,00:00,00:00,00:00,00:00,00:00,10,,,,,,
31100,고양시,00027,일산서구청 부설주차장,공영,기타,37.6779725,126.74524578,10226,경기 고양시 일산서구 중앙로 1600,,366,,,,,,기타,08:00,21:00,00:00,00:00,00:00,00:00,60,,5,190,,,
31240,화성시,00075,여울동,공영,노외,37.192186,127.0887776,18480,경기 화성시 동탄구 동탄감배산로 63 (여울동),경기 화성시 동탄구 동탄감배산로 63 (여울동),128,,6,,,,1급지,10:00,19:00,10:00,19:00,10:00,19:00,90,,10,400,,,60000
31030,의정부시,00145,민락동제2공영,공영,노외,37.746907,127.095551,,,민락동 831,20,4,1,0,0,0,2급지,00:00,23:59,00:00,23:59,00:00,23:59,,,,,12,,56000
31130,남양주시,00032,별내동 제2공영(캠핑카),공영,노상,37.651934,127.11957,12108,"경기 남양주시 별내중앙로 102 (별내동,별빛도서관)","경기 남양주시 별내중앙로 102 (별내동,별빛도서관)",21,,0,,,0,1급지,09:00,18:00,09:00,18:00,09:00,18:00,30,600,10,300,,7000,140000
31240,화성시,00073,하가등천,공영,노외,37.1345179,126.9102009,,경기 화성시 만세구 3.1만세로 평리 29-1,경기 화성시 만세구 3.1만세로 평리 29-1,61,,3,,,,1급지,10:00,19:00,10:00,19:00,10:00,19:00,90,,10,300,,,60000
31100,고양시,00038,일산 제1공영주차장,공영,기타,37.68279399,126.77700813,10354,경기 고양시 일산서구 고양대로 730,,14,,,,,,기타,09:00,21:00,00:00,00:00,00:00,00:00,30,600,5,120,,,
31010,수원시,00059,터미널 공영,,,37.2495,127.02,16585,,"경기 수원시 권선구 경수대로 270  (권선동,터미널동, 할인점동)",51,,,,,,기타,00:00,23:59,00:00,23:59,00:00,23:59,70,300,10,300,,7000,
31240,화성시,00069,봉담동화,공영,노외,37.2204555,126.9551685,18303,"경기 화성시 오래1길 26 (봉담읍,동화리)","경기 화성시 오래1길 26 (봉담읍,동화리)",17,,0,,,,1급지,10:00,23:00,10:00,23:00,10:00,23:00,,,,,,,
31040,안양시,00054,관양시장노상,공영,노상,37.40611039,126.95838892,13931,경기 안양시 동안구 관평로 336-2 (관양동),경기 안양시 동안구 관평로 336-2 (관양동),27,,0,,,0,2급지,10:00,18:00,00:00,00:00,00:00,00:00,30,400,10,200,,25000,
31050,부천시,00003,중동시장,공영,노외,37.49435569,126.76509,14605,경기 부천시 중동로161번길 37,경기 부천시 중동로161번길 37,82,,2,,,,3급지,00:00,23:59,00:00,23:59,00:00,23:59,,300,10,200,,4000,50000
31020,성남시,00015,오리역환승공영주차장,공영,노외,37.3399802,127.1095497,13637,,경기도 성남시 분당구 구미동  ,72,0,0,,,,1급지,00:00,23:59,00:00,23:59,00:00,23:59,30,400,10,200,,6000,
31040,안양시,00063,느루소공원지하,공영,노외,37.37322392,126.95438033,,"경기 안양시 동안구 흥안대로81번길 104 (호계동,호계동성당) 성당 옆 느루소공원지하","경기 안양시 동안구 흥안대로81번길 104 (호계동,호계동성당) 성당 옆 느루소공원지하",44,,5,,,0,4급지,09:00,18:00,00:00,00:00,00:00,00:00,30,200,10,100,,10100,35000
31170,의왕시,00002,"의왕시청 제1,3 주차장",공영,노외,37.34489523,126.9698373,16075,경기 의왕시 시청로 11,,49,0,10,0,0,8,기타,00:00,00:00,00:00,00:00,00:00,00:00,30,600,10,200,,6000,
31240,화성시,00077,향남 환승터미널,공영,노외,37.13287685,126.92184729,18591,"경기 화성시 만세구 향남로 424 (향남읍,행정리)","경기 화성시 만세구 향남로 424 (향남읍,행정리)",162,,8,,,,1급지,10:00,23:00,10:00,23:00,10:00,23:00,90,,10,400,,10000,90000
31100,고양시,00015,마두 공영주차장,공영,기타,37.66034319,126.7862279,10411,경기 고양시 일산동구 일산로 277,,24,,,,,,기타,08:00,20:00,00:00,00:00,00:00,00:00,30,240,5,70,,,
31050,부천시,00113,신흥시장,공영,노외,37.515398,126.769334,14500,경기 부천시 원미구 평천로 679,경기 부천시 원미구 평천로 679,87,,2,,,,3급지,00:00,23:59,00:00,23:59,00:00,23:59,,300,10,200,,4000,
31010,수원시,00057,남수동 공영,,,37.2809334,127.01945083,16256,,경기 수원시 팔달구 창룡대로26번길 19  (남수동),63,,,,,,기타,00:00,23:59,00:00,23:59,00:00,23:59,70,300,10,300,,7000,
31050,부천시,00105,호수로 임시(노외),공영,노외,37.513046,126.752396,14504,경기 부천시 호수로4번길,경기 부천시 호수로4번길,22,,1,,,,3급지,00:00,23:59,00:00,23:59,00:00,23:59,,300,10,200,,4000,
31050,부천시,00069,춘의동 임시,공영,노외,37.49888209,126.7858161,14554,경기 부천시 부천로 163,경기 부천시 부천로 163,50,,2,,,,3급지,00:00,23:59,00:00,23:59,00:00,23:59,,300,10,200,,4000,
31110,과천시,00088,공영주차장,공영,노외,37.4619911,127.0326265,,,경기도 과천시 주암동69-1,0,0,0,0,0,0,기타,00:00,00:00,00:00,00:00,00:00,00:00,10,,,,,,
31020,성남시,00019,수내역환승공영주차장,공영,노외,37.3779152,127.114922,13595,,경기도 성남시 분당구 수내동 15-1,512,0,0,,,,1급지,00:00,23:59,00:00,23:59,00:00,23:59,30,400,10,200,,6000,
31020,성남시,00065,복정제5공영주차장,공영,노외,37.4563794,127.126806,13118,,경기도 성남시 수정구 복정로  55,177,0,0,,,,1급지,00:00,23:59,00:00,23:59,00:00,23:59,,,,,,,
31200,파주시,00013,마장호수 제1주차장,공영,노외,37.77363811,126.92878689,,"경기 파주시 기산로 (광탄면,기산리) 산150-18","경기 파주시 기산로 (광탄면,기산리) 산150-18",150,,6,,,8,1급지,08:00,18:00,08:00,18:00,08:00,18:00,1,2000,,,,,
31050,부천시,00072,소새울공원,공영,노외,37.4766571,126.7986999,14700,경기 부천시 은성로67번길 24,경기 부천시 은성로67번길 24,175,,4,,,,3급지,00:00,23:59,00:00,23:59,00:00,23:59,,300,10,200,,4000,50000
31050,부천시,00066,수주도서관,공영,노외,37.52439202,126.81701118,14411,경기 부천시 고리울로8번길 77,경기 부천시 고리울로8번길 77,52,,2,,,,3급지,09:00,19:00,09:00,19:00,09:00,19:00,,,10,200,,6000,
31030,의정부시,00054,의정부1동제5공영,공영,노외,37.7447035,127.0430375,,의정부동 240-262,의정부시 의정부동 240-262,21,0,1,0,0,0,2급지,00:00,23:59,00:00,23:59,00:00,23:59,,,,,12,,56000
31040,안양시,00086,비산소공원지하,공영,노외,37.40419594,126.94349519,13921,경기 안양시 동안구 운곡로 60-8 (비산동),경기 안양시 동안구 운곡로 60-8 (비산동),46,,0,,,0,3급지,09:00,22:00,09:00,22:00,09:00,22:00,30,200,10,100,,25000,45000
31030,의정부시,00151,용현동제1공영,공영,노외,37.735972,127.085012,,,의정부시 용현동 571,41,0,2,0,0,0,2급지,00:00,23:59,00:00,23:59,00:00,23:59,,,,,12,,56000
31130,남양주시,00009,진접 제5공영(진접역환승),공영,노상,37.719558,127.204892,12062,"경기 남양주시 해밀예당1로236번길 23 (진접읍,금곡리)","경기 남양주시 해밀예당1로236번길 23 (진접읍,금곡리)",134,,5,,,5,1급지,08:00,20:00,08:00,20:00,08:00,20:00,30,600,10,300,,7000,70000
31030,의정부시,00044,의정부2동제1공영,공영,노외,37.7341515,127.039148,,,의정부시 의정부2동 545-2,48,3,2,0,0,0,2급지,00:00,23:59,00:00,23:59,00:00,23:59,,,,,12,,56000
31170,의왕시,00026,평생학습관,공영,노외,37.35501,126.9754,16051,경기도 의왕시 오전로 122,,86,0,2,0,0,2,기타,00:00,00:00,00:00,00:00,00:00,00:00,,,,,,,
31240,화성시,00001,행정리,공영,노상,37.1306198,126.9222729,,경기도 화성시 만세구 향남읍 행정리 437-1,경기도 화성시 만세구 향남읍 행정리 437-1,27,,4,,,,1급지,10:00,23:00,10:00,23:00,10:00,23:00,90,,10,400,,,
31030,의정부시,00067,백석천지하1,공영,노외,37.737567,127.036348,12562,시민로 12,의정부시 의정부동 489,346,15,12,0,0,2,1급지,00:00,23:59,00:00,23:59,00:00,23:59,,,,,12,,104000
31010,수원시,00055,만석 5주차장,,,37.2973,126.9998,16302,,경기 수원시 장안구 송정로 19  (송죽동),104,,,,,,기타,00:00,23:59,00:00,23:59,00:00,23:59,70,100,10,100,,4000,
31020,성남시,00042,신흥제9공영주차장,공영,노외,37.443398,127.142358,13338,,경기도 성남시 수정구 시민로 173,165,0,0,,,,1급지,00:00,23:59,00:00,23:59,00:00,23:59,30,400,10,200,,6000,
31040,안양시,00015,삼막사노상,공영,기타,37.43687439,126.92439568,,경기 안양시 만안구 삼막로 234 (석수동) 앞 삼막사노상,경기 안양시 만안구 삼막로 234 (석수동) 앞 삼막사노상,173,,0,,,0,3급지,09:00,19:00,09:00,19:00,09:00,19:00,30,200,10,100,,21500,
31040,안양시,00067,관악역3환승,공영,노외,37.41856017,126.90968003,,경기 안양시 만안구 경수대로1273번길 55 석수대주파크빌 앞 관악역3환승주차장,경기 안양시 만안구 경수대로1273번길 55 석수대주파크빌 앞 관악역3환승주차장,96,,3,,,1,3급지,09:00,17:00,00:00,00:00,00:00,00:00,30,200,10,100,,16700,45000
31020,성남시,00104,수진역환승공영주차장,공영,노외,37.4374828,127.1419285,13358,,경기 성남시 중원구 산성대로 208,650,0,0,,,,,00:00,00:00,00:00,00:00,00:00,00:00,30,400,10,200,,6000,
31220,안성시,00003,금산동 공영주차장,공영,노외,37.011706,127.2695484,17587,경기 안성시 금산동 8,경기도 안성시 금산동,18,0,1,0,0,2,2급지,12:00,23:59,12:00,23:59,12:00,23:59,60,500,30,2000,,10000,
31020,성남시,00010,금광1동제1공영주차장,공영,노외,37.4430571,127.1694959,13186,,경기도 성남시 중원구 금빛로 10,113,0,0,,,,1급지,00:00,23:59,00:00,23:59,00:00,23:59,30,400,10,200,,6000,
31200,파주시,00029,월롱역 (환승_월정기),공영,노외,37.79686981,126.7921753,10946,"경기 파주시 통일로 988 (월롱면,위전리)","경기 파주시 통일로 988 (월롱면,위전리)",191,,0,,,0,2급지,09:00,22:00,00:00,00:00,00:00,00:00,30,500,10,200,,8000,80000
31110,과천시,00061,위버필드 2단지 상가 앞 노상주차장,공영,노상,37.42537679,126.99166228,13834,경기도 과천시 별양로 54,경기도 과천시 별양동 10,10,0,0,0,0,0,2급지,00:00,00:00,00:00,00:00,00:00,00:00,10,,10,400,10,17000,130000
31040,안양시,00081,관악노상2-4,공영,노상,37.40469171,126.96407621,13938,경기 안양시 동안구 관악대로 373 (관양동) 현대자동차앞~명륜진사갈비,경기 안양시 동안구 관악대로 373 (관양동) 현대자동차앞~명륜진사갈비,9,,0,,,0,1급지,09:00,19:00,00:00,00:00,00:00,00:00,30,600,10,300,,25000,90000
31050,부천시,00002,여월공영,공영,노외,37.51774539,126.80272386,14463,경기 부천시 오정구 성곡로28번길 43,경기 부천시 오정구 성곡로28번길 43,85,,3,,,,3급지,00:00,23:59,00:00,23:59,00:00,23:59,,300,10,200,,4000,50000
31050,부천시,00080,테크노파크3,공영,노외,37.51978146,126.76482027,14501,경기 부천시 석천로 345,경기 부천시 석천로 345,915,,0,,,,1급지,00:00,23:59,00:00,23:59,00:00,23:59,,900,10,400,,9500,100000
31020,성남시,00096,중앙동제6공영주차장,공영,노외,37.4396706,127.1487294,13140,,경기도 성남시 중원구 광명로  192 어린이공원 주차장(공영주차장),75,0,6,,,,1급지,00:00,23:59,00:00,23:59,00:00,23:59,,,,,,,
31150,시흥시,00018,삼미복합센터,공영,기타,37.439943,126.784162,14948,신천동 736,,100,,,,,,3급지,08:00,20:00,08:00,20:00,08:00,20:00,30,500,10,300,,,
31170,의왕시,00033,내손제3공영주차장,공영,노외,37.38560658,126.9799035,,경기도 의왕시 내손동 713-4,,145,0,6,0,0,0,기타,00:00,00:00,00:00,00:00,00:00,00:00,30,600,10,200,,6000,
31110,과천시,00093,골든타워,공영,노상,37.42723974,126.99318165,13837,경기도 별양상가1로 27-1,경기도 과천시 별양동 1-27,7,0,0,0,0,0,2급지,00:00,00:00,00:00,00:00,00:00,00:00,10,,10,400,10,17000,130000
31010,수원시,00078,매탄4지구,,,37.26020644,127.04458239,,,경기 수원시 영통구 매탄로108번길 21 1 (매탄동),58,,,,,,기타,10:00,20:00,00:00,00:00,00:00,00:00,,,10,300,,7000,
31020,성남시,00099,남한산성순환로은행동,공영,노외,37.4625678,127.1715209,13354,,경기도 성남시 중원구 은행동 542-1,70,0,0,,,,1급지,00:00,23:59,00:00,23:59,00:00,23:59,,,,,,,
31200,파주시,00033,감악산 제5주차장,공영,노외,37.93956602,126.94504263,10805,"경기 파주시 설마천로 273-9 (적성면,설마리,감악산 힐링파크 사무소)","경기 파주시 설마천로 273-9 (적성면,설마리,감악산 힐링파크 사무소)",21,,0,,,0,1급지,00:00,23:59,00:00,23:59,00:00,23:59,1,2000,,,,,
31040,안양시,00008,관악3노상,공영,노상,37.40309383,126.97571798,13950,"경기 안양시 동안구 관악대로 479-2 (관양동,동안구 가로판매대 2005-00046) 인덕원역8번출구 ~ 동편마을 진입 전","경기 안양시 동안구 관악대로 479-2 (관양동,동안구 가로판매대 2005-00046) 인덕원역8번출구 ~ 동편마을 진입 전",42,,0,,,0,1급지,09:00,17:00,00:00,00:00,00:00,00:00,30,600,10,300,,25000,90000
31010,수원시,00002,영통 공영,,,37.25320525,127.07420339,16704,,경기 수원시 영통구 봉영로 1598  (영통동),305,,,,,,기타,00:00,23:59,00:00,23:59,00:00,23:59,70,500,10,500,,10000,
31240,화성시,00105,송동721 공영주차장,공영,노외,37.16516891,127.09652272,18497,경기 화성시 동탄구 동탄순환대로 27 (송동 721),경기 화성시 동탄구 동탄순환대로 27 (송동 721),30,,0,,,,1급지,10:00,23:00,10:00,23:00,10:00,23:00,90,,10,400,,,
31240,화성시,00012,상리,공영,노상,37.219246,126.9494577,,경기도 화성시 봉담읍상리27-51,경기도 화성시 봉담읍상리27-51,22,,0,,,,1급지,10:00,23:00,10:00,23:00,10:00,23:00,90,,10,400,,,
31200,파주시,00012,산내마을2 (월정기),공영,노외,37.7266626,126.7362684,10892,경기 파주시 산내로 120 (목동동),경기 파주시 산내로 120 (목동동),251,,7,,,0,2급지,09:00,22:00,00:00,00:00,00:00,00:00,30,500,10,200,,8000,80000
31170,의왕시,00011,어린이랜드,공영,노외,37.35797,126.9709,,경기도 의왕시 오전동 236-1,,35,0,2,0,0,0,기타,00:00,00:00,00:00,00:00,00:00,00:00,,,,,,,
31170,의왕시,00018,갈미어린이공원,공영,노외,37.3752533,126.9688555,16043,경기도 의왕시 내손동 806,,65,0,2,0,0,2,기타,00:00,00:00,00:00,00:00,00:00,00:00,30,600,10,200,,6000,
31130,남양주시,00060,오남 제2공영,공영,노상,37.710097,127.20252,12036,경기 남양주시 오남읍 양지리 244-1,경기 남양주시 오남읍 양지리 244-1,53,,2,,,2,1급지,08:00,20:00,00:00,00:00,08:00,20:00,30,600,10,300,,7000,70000
31050,부천시,00087,송내남부,공영,노외,37.48605047,126.75327605,14742,경기 부천시 송내대로,경기 부천시 송내대로,106,,5,,,,1급지,00:00,23:59,00:00,23:59,00:00,23:59,,900,10,400,,9500,100000
31170,의왕시,00007,백운제방주차장,공영,노외,37.3829676,127.0013282,16012,경기도 의왕시 학의동 341-8,,439,0,10,0,0,24,기타,00:00,00:00,00:00,00:00,00:00,00:00,60,1000,120,1000,,5000,
31240,화성시,00034,옹달샘,공영,노상,37.1975926,127.0769378,,반송동119,반송동119,21,,0,,,,1급지,10:00,23:00,10:00,23:00,10:00,23:00,90,,10,400,,,
31050,부천시,00081,수주 공영(운산),공영,노외,37.53166066,126.82208087,14404,경기 부천시 고강로161번길 5,경기 부천시 고강로161번길 5,85,,3,,,,3급지,00:00,23:59,00:00,23:59,00:00,23:59,,300,10,200,,4000,50000
31010,수원시,00031,성균관대역 환승,,,37.3,126.9705,16357,,경기 수원시 장안구 덕영대로417번길 10  (율전동),191,,,,,,기타,00:00,23:59,00:00,23:59,00:00,23:59,70,500,10,500,,10000,
31100,고양시,00053,한류월드 제1공영주차장,공영,기타,37.66307313,126.75655791,10393,경기 고양시 일산동구 한류월드로 281,,107,,,,,,기타,09:00,22:00,09:00,22:00,09:00,22:00,30,600,5,120,,,
31030,의정부시,00016,경민대앞,공영,노외,37.745735,127.026498,,,흥선동 564,36,0,1,0,0,0,2급지,00:00,23:59,00:00,23:59,00:00,23:59,,,,,12,,56000
31030,의정부시,00049,의정부역환승,공영,노외,37.736437,127.047476,,,의정부시 의정부동 162-3,101,12,2,0,0,1,1급지,00:00,23:59,00:00,23:59,00:00,23:59,,,,,12,,104000
31030,의정부시,00024,정보도서관,공영,부설,37.736472,127.033941,11622,,경기도 의정부시 의정부2동 326-7,90,8,4,0,0,0,3급지,00:00,23:59,00:00,23:59,00:00,23:59,,,,,12,,40000
31240,화성시,00089,치동천 체육공원,공영,노외,37.20552145,127.10699093,18472,경기 화성시 동탄구 동탄순환대로29길 38 (영천동),경기 화성시 동탄구 동탄순환대로29길 38 (영천동),76,,4,,,,1급지,00:00,23:59,00:00,23:59,00:00,23:59,59,,10,,,10000,
31020,성남시,00063,중앙공원A부설주차장,공영,노외,37.3755311,127.1220426,13409,,경기도 성남시 분당구 수내동 66,77,0,0,,,,1급지,00:00,  :  ,00:00,00:00,00:00,00:00,30,300,10,100,,6000,
31240,화성시,00122,봉담읍 와우리,공영,노외,37.21361963,126.9774256,18322,"경기 화성시 효행구 와우로 108 (봉담읍,와우리)","경기 화성시 효행구 와우로 108 (봉담읍,와우리)",128,,6,,,,1급지,10:00,19:00,10:00,19:00,10:00,19:00,90,,10,300,,,60000
31240,화성시,00082,안녕동,공영,노외,37.1999348,127.0235737,,경기도 화성시 안녕동190-95,경기도 화성시 안녕동190-95,36,,2,,,,1급지,00:00,00:00,00:00,00:00,00:00,00:00,,,,,,,
31110,과천시,00060,광창교주변,공영,노상,37.4486844,127.0044888,,,경기도 과천시 과천동 140-20,0,0,0,0,0,0,4급지,00:00,00:00,00:00,00:00,00:00,00:00,10,,,,,,
31020,성남시,00047,수정구보건소부설주차장,공영,노외,37.4443361,127.1440796,13346,,경기도 성남시 수정구 수정로 218,208,0,0,,,,1급지,00:00,23:59,00:00,23:59,00:00,23:59,90,400,10,300,,6000,
31070,평택시,00030,서정-제1,공영,노상,37.06828527,127.06292987,17773,"경기 평택시 특구로27번길 16 (서정동,세경아파트)","경기 평택시 특구로27번길 16 (서정동,세경아파트)",22,,,,,,1급지,09:00,18:00,00:00,00:00,00:00,00:00,30,800,10,300,,10000,70000
31010,수원시,00076,수원역환승,,,37.26527031,126.99864557,16621,,경기 수원시 권선구 권선로 445  (서둔동),129,,,,,,기타,00:00,23:59,00:00,23:59,00:00,23:59,30,500,10,200,,4800,
31050,부천시,00047,로데오,공영,노외,37.49087205,126.75173103,14598,경기 부천시 부일로191번길,경기 부천시 부일로191번길,86,,2,,,,1급지,00:00,23:59,00:00,23:59,00:00,23:59,,900,10,400,,9500,100000
31010,수원시,00080,영통중앙길,,,37.25428172,127.07621289,16704,,경기 수원시 영통구 청명남로 57  (영통동),92,,,,,,기타,10:00,20:00,00:00,00:00,00:00,00:00,,,10,500,,10000,
31040,안양시,00047,안양역2노상,공영,노상,37.40108376,126.9217327,,"경기 안양시 만안구 만안로223번길 25 (안양동,안양역시외버스터미널) 옆 안양역2노상","경기 안양시 만안구 만안로223번길 25 (안양동,안양역시외버스터미널) 옆 안양역2노상",24,,0,,,0,1급지,10:00,22:00,10:00,22:00,10:00,22:00,30,600,10,300,,25000,
31050,부천시,00083,성주중학교옆,공영,노외,37.48152663,126.75944996,14743,경기 부천시 성주로,경기 부천시 성주로,47,,1,,,,3급지,00:00,23:59,00:00,23:59,00:00,23:59,,300,10,200,,4000,50000
31070,평택시,00066,소사벌상업지역제2,공영,노외,37.003129,127.115121,17862,경기 평택시 죽백4로 21,경기 평택시 죽백4로 21,188,,,,,,1급지,00:00,23:59,00:00,23:59,00:00,23:59,30,800,10,300,,10000,80000
31110,과천시,00085,한내2주차장,공영,노외,37.4470482,126.9971702,,,경기도 과천시 과천동 530-6,0,0,0,0,0,0,5급지,00:00,00:00,00:00,00:00,00:00,00:00,10,,,,,,
31100,고양시,00059,고양종합운동장 부설주차장,공영,기타,37.6780626,126.74358136,10226,경기 고양시 일산서구 중앙로 1630,,480,,,,,,기타,00:00,00:00,00:00,00:00,00:00,00:00,5,50,5,50,,,
31100,고양시,00040,행신 제5공영주차장,공영,기타,37.61427834,126.83540705,10526,경기 고양시 덕양구 용현로 15-1,,43,,,,,,기타,09:00,21:00,00:00,00:00,00:00,00:00,30,720,5,120,,,
31130,남양주시,00012,정약용 다목적광장,공영,노상,37.5153978,127.29676808,12283,"경기 남양주시 다산로760번길 12 (조안면,능내리)","경기 남양주시 다산로760번길 12 (조안면,능내리)",219,,8,,,0,1급지,08:00,20:00,08:00,20:00,08:00,20:00,30,600,10,300,,7000,
31130,남양주시,00041,호평 제3공영(늘을 중앙공원),공영,노상,37.65922454,127.2444742,12147,경기 남양주시 늘을3로 42 (호평동),경기 남양주시 늘을3로 42 (호평동),240,,8,,,12,1급지,08:00,20:00,08:00,20:00,08:00,20:00,30,600,10,300,,7000,70000
31050,부천시,00106,오정시장,공영,노외,37.526259,126.78619,14438,경기 부천시 오정구 부천로476번길 58,경기 부천시 오정구 부천로476번길 58,12,,0,,,,3급지,00:00,23:59,00:00,23:59,00:00,23:59,,300,10,200,,4000,
31040,안양시,00085,호계시장2노외,공영,노외,37.37620952,126.95691038,14109,경기 안양시 동안구 흥안대로145번길 145 (호계동),경기 안양시 동안구 흥안대로145번길 145 (호계동),20,,0,,,0,2급지,09:00,20:00,00:00,00:00,00:00,00:00,30,400,10,200,,25000,70000
31210,이천시,00005,북샛말,공영,노외,37.286138,127.448464,17356,경기 이천시 이섭대천로 1299,경기 이천시 이섭대천로 1299,176,,5,,,2,2급지,00:00,23:59,00:00,23:59,00:00,23:59,30,500,10,200,,5000,60000
31050,부천시,00011,시민회관(노외),공영,노외,37.48863263,126.77065751,14613,경기 부천시 부일로 365,경기 부천시 부일로 365,197,,6,,,,3급지,09:00,22:00,09:00,22:00,09:00,22:00,,400,10,200,,6000,
31110,과천시,00053,공영노외주차장,공영,노외,37.4233981,127.0084686,,,경기도 과천시 부림동 29-11,0,0,0,0,0,0,기타,00:00,00:00,00:00,00:00,00:00,00:00,10,,,,,,
31240,화성시,00065,반송동 유인노상,공영,노상,37.2102198,127.06423065,18434,경기 화성시 동탄구 동탄반송길 30-1 (반송동 226),경기 화성시 동탄구 동탄반송길 30-1 (반송동 226),57,,0,,,,1급지,08:30,19:00,00:00,00:00,00:00,00:00,90,,10,400,,,
31050,부천시,00074,한신철골,공영,노외,37.47312398,126.79801752,14762,경기 부천시 은성로68번길 46,경기 부천시 은성로68번길 46,216,,5,,,,3급지,00:00,23:59,00:00,23:59,00:00,23:59,,300,10,200,,4000,50000
31020,성남시,00028,단대공원공영주차장,공영,노외,37.457057,127.155487,13124,,경기도 성남시 수정구 수정로 456번길 61,135,0,0,,,,1급지,00:00,23:59,00:00,23:59,00:00,23:59,30,300,10,100,,6000,
31030,의정부시,00065,의시청부설,공영,부설,37.7380893,127.0337333,11622,의정로 41,경기도 의정부시 의정부동 326-2,260,19,12,0,0,2,3급지,09:00,18:00,00:00,23:59,00:00,23:59,,,,,12,,40000
31030,의정부시,00061,가능1동제4공영,공영,노외,37.7494965,127.0321731,,,의정부시 가능동 302-21,86,0,2,0,0,1,2급지,00:00,23:59,00:00,23:59,00:00,23:59,,,,,12,,56000
31070,평택시,00072,안정커뮤니티광장주차장,공영,노외,36.962072,127.046215,,경기도 평택시 안정리 38-1,경기도 평택시 안정리 38-1,388,,,,,,1급지,00:00,23:59,00:00,23:59,00:00,23:59,90,800,10,300,,10000,80000
31130,남양주시,00023,화도 제07공영,공영,노상,37.65109181,127.30384011,12184,경기 남양주시 화도읍 창현리 734,경기 남양주시 화도읍 창현리 734,52,,1,,,5,1급지,08:00,20:00,08:00,20:00,08:00,20:00,30,600,10,300,,7000,70000
31010,수원시,00022,화홍문 공영,,,37.28961248,127.01625644,16268,,경기 수원시 장안구 팔달로 280  ,497,,,,,,기타,00:00,23:59,00:00,23:59,00:00,23:59,70,300,10,300,,7000,
31050,부천시,00009,상동행복,공영,노외,37.48806877,126.75538023,14624,경기 부천시 부일로 232,경기 부천시 부일로 232,241,,6,,,,1급지,00:00,23:59,00:00,23:59,00:00,23:59,,900,10,400,,9500,100000
31130,남양주시,00052,진건 제5공영,공영,노상,37.65798502,127.18064606,12184,경기 남양주시 진건읍 용정리 산 131-4,경기 남양주시 진건읍 용정리 산 131-4,37,,1,,,2,1급지,08:00,20:00,08:00,20:00,08:00,20:00,30,600,10,300,,7000,70000
31070,평택시,00013,안중전통,공영,노외,36.98776263,126.92793685,17936,"경기 평택시 안현로서3길 32 (안중읍,안중리,안중전통공영주차장)","경기 평택시 안현로서3길 32 (안중읍,안중리,안중전통공영주차장)",50,,,,,,2급지,09:00,18:00,00:00,00:00,00:00,00:00,120,800,10,300,,10000,70000
31070,평택시,00041,배미공원지하,공영,노외,36.988872,127.113808,17902,경기 평택시 평택5로20번길 6 (합정동),경기 평택시 평택5로20번길 6 (합정동),84,,,,,,2급지,00:00,23:59,00:00,23:59,00:00,23:59,30,800,10,300,,10000,80000
31010,수원시,00081,장다리길,,,37.27482827,127.02857517,16482,,경기 수원시 팔달구 장다리로 283  ,325,,,,,,기타,10:00,19:00,00:00,00:00,00:00,00:00,,,10,300,,7000,
31010,수원시,00016,화성박물관(팔달구청),,,37.28305139,127.01905509,16255,,경기 수원시 팔달구 창룡대로 21  ,368,,,,,,기타,00:00,23:59,00:00,23:59,00:00,23:59,70,300,10,300,,7000,
31130,남양주시,00007,(한강공원)삼패(부설),공영,노상,37.5911,127.1997,,경기 남양주시 삼패동 630번지 (삼패사거리),경기 남양주시 삼패동 630번지 (삼패사거리),248,,9,,,0,1급지,08:00,20:00,08:00,20:00,09:00,18:00,60,,10,200,,7000,
31150,시흥시,00007,장현P20,공영,기타,37.377514,126.787523,,장곡동 344,,72,,,,,,3급지,10:00,22:00,10:00,22:00,10:00,22:00,30,500,10,300,,,
31170,의왕시,00038,자연학습공원 공영주차장,공영,노외,37.306757,126.9527992,16107,경기도 의왕시 월암동 543-3,,438,0,14,0,0,4,기타,00:00,00:00,00:00,00:00,00:00,00:00,60,1000,120,1000,,5000,
31110,과천시,00074,북문노상주차장,공영,노상,37.4515918,127.016731,,,경기도 과천시 주암동 685-31,0,0,0,0,0,0,4급지,00:00,00:00,00:00,00:00,00:00,00:00,10,,,,,,
31030,의정부시,00068,흥선역,공영,노외,37.743779,127.039714,11665,호국로 1197,의정부시 의정부동 246-13,226,0,2,0,0,0,2급지,00:00,23:59,00:00,23:59,00:00,23:59,,,,,12,,56000
31200,파주시,00018,마장호수 버스회차로,공영,노외,37.77425,126.9222,10953,"경기 파주시 기산로 207-16 (광탄면,기산리)","경기 파주시 기산로 207-16 (광탄면,기산리)",43,,0,,,0,1급지,06:00,18:00,08:00,18:00,06:00,18:00,1,2000,,,,,
31070,평택시,00018,신장쇼핑몰 제2,공영,노외,37.07899041,127.0497045,17759,"경기 평택시 국제로 121-2 (신장동,신장쇼핑몰제2공영주차장)","경기 평택시 국제로 121-2 (신장동,신장쇼핑몰제2공영주차장)",32,,,,,,2급지,00:00,23:59,00:00,23:59,00:00,23:59,120,800,10,300,,10000,
31020,성남시,00029,아래숯골공영주차장,공영,노외,37.4416684,127.1264742,13110,,경기도 성남시 수정구 성남대로  1259 성남수정경찰서,140,0,0,,,,1급지,00:00,23:59,00:00,23:59,00:00,23:59,30,400,10,200,,6000,
31200,파주시,00040,GTX-A 운정중앙역1 (환승),공영,노외,37.7179084,126.7305041,,파주시 동패동 2173-215,파주시 동패동 2173-215,585,,19,,,0,1급지,09:00,22:00,00:00,00:00,00:00,00:00,30,600,10,250,,9000,35000
31040,안양시,00075,관악노상2-6,공영,노상,37.40501501,126.96755369,13939,경기 안양시 동안구 관악대로 403 (관양동) 인덕공구앞~새마을금고앞,경기 안양시 동안구 관악대로 403 (관양동) 인덕공구앞~새마을금고앞,11,,0,,,0,1급지,09:00,19:00,00:00,00:00,00:00,00:00,30,600,10,300,,25000,90000
31040,안양시,00051,박달시장2노외,공영,노외,37.40295341,126.91119809,,경기 안양시 만안구 박달로 525 (박달동) 앞 박달시장2노외,경기 안양시 만안구 박달로 525 (박달동) 앞 박달시장2노외,61,,1,,,0,2급지,09:00,19:00,00:00,00:00,00:00,00:00,30,400,10,200,,25000,70000
31050,부천시,00022,원미공원1,공영,노외,37.49848123,126.79526398,14561,경기 부천시 원미로182번길,경기 부천시 원미로182번길,119,,3,,,,3급지,10:00,18:00,10:00,18:00,10:00,18:00,,400,10,200,,4000,
31050,부천시,00075,자연생태공원,공영,노외,37.50531582,126.81465285,14656,경기 부천시 길주로 660,경기 부천시 길주로 660,192,,5,,,,3급지,09:30,23:30,09:30,23:30,09:30,23:30,,400,10,200,,6000,
31040,안양시,00082,삼봉노상,공영,노상,37.39887621,126.89982163,14016,경기 안양시 만안구 삼봉로 46 (박달동),경기 안양시 만안구 삼봉로 46 (박달동),28,,0,,,0,2급지,09:00,18:00,00:00,00:00,00:00,00:00,30,400,10,200,,25000,70000
31010,수원시,00051,인계동주택가 공영,,,37.27118802,127.02451201,,,경기 수원시 팔달구 세지로 233  (인계동),80,,,,,,기타,00:00,23:59,00:00,23:59,00:00,23:59,70,300,10,300,,7000,
31100,고양시,00045,주교 제1공영주차장,공영,기타,37.65559958,126.83178014,10455,경기 고양시 덕양구 고양대로 1330,,267,,,,,,기타,08:00,22:00,00:00,00:00,00:00,00:00,30,600,5,120,,,
31070,평택시,00062,팽성,공영,노외,36.95719289,127.04600908,17984,"경기 평택시 안정순환로 84 (팽성읍,안정리,팽성 제1공영주차장)","경기 평택시 안정순환로 84 (팽성읍,안정리,팽성 제1공영주차장)",135,,,,,,2급지,00:00,00:00,00:00,00:00,00:00,00:00,30,800,10,300,,10000,80000
31150,시흥시,00038,은계수변공원2,공영,기타,,,,,,85,,,,,,기타,,,,,,,,,,,,,
31130,남양주시,00058,한강시민공원 도농지구(소형차),공영,노상,37.6103,127.1485,,,,100,,0,,,0,1급지,08:00,20:00,08:00,20:00,08:00,20:00,60,,10,200,,7000,30000
31240,화성시,00066,마도바이오밸리,공영,노외,37.171184,126.7723289,18541,"경기 화성시 청원산단1길 163 (마도면,청원리)","경기 화성시 청원산단1길 163 (마도면,청원리)",190,,7,,,,1급지,00:00,00:00,00:00,00:00,00:00,00:00,90,,10,300,,10000,
31110,과천시,00034,공영노외주차장,공영,노외,37.4394401,126.9968948,13827,경기도 과천시 문원로 110,경기도 과천시 문원동 142,0,0,0,0,0,0,기타,00:00,00:00,00:00,00:00,00:00,00:00,10,,,,,,
31130,남양주시,00061,오남 제3공영(오남호수공원),공영,노상,37.693451,127.218761,12037,"경기 남양주시 진건오남로690번길 36 (오남읍,오남리)","경기 남양주시 진건오남로690번길 36 (오남읍,오남리)",112,,6,,,6,1급지,08:00,20:00,08:00,20:00,00:00,00:00,30,600,10,300,,7000,70000
31110,과천시,00081,소방서뒤,공영,노상,37.4286169,126.9927782,13807,경기도 과천시 중앙로 129,경기도 과천시 중앙동 40-10번지,22,0,1,0,0,0,2급지,00:00,00:00,00:00,00:00,00:00,00:00,10,,10,400,10,17000,130000
31240,화성시,00127,석우동 제3공영주차장,공영,노외,37.2132002,127.084933,,동탄구 석우동 648,동탄구 석우동 648,502,,17,,,,1급지,10:00,23:00,10:00,23:00,10:00,23:00,90,,10,400,,6000,50000
31040,안양시,00017,인덕원1노상,공영,기타,37.39829842,126.97757033,,경기 안양시 동안구 흥안대로 498-2 (관양동),경기 안양시 동안구 흥안대로 498-2 (관양동),51,,0,,,0,1급지,09:00,22:00,09:00,22:00,09:00,22:00,30,600,10,300,,25000,
31030,의정부시,00155,민락2지구(궁촌교),공영,노외,37.747183,127.094305,,,의정부시 민락동 914,35,7,1,0,0,0,2급지,00:00,23:59,00:00,23:59,00:00,23:59,,,,,12,,56000
31240,화성시,00074,마도바이오밸리1,공영,노외,37.1703127,126.7640527,18543,"경기 화성시 청원산단5길 165 (마도면,청원리)","경기 화성시 청원산단5길 165 (마도면,청원리)",162,,6,,,,1급지,00:00,00:00,00:00,00:00,00:00,00:00,90,,10,300,,10000,
31100,고양시,00052,탄현 제2공영주차장,공영,기타,37.69112506,126.76346841,10343,경기 고양시 일산서구 산현로17번길 35,,38,,,,,,기타,09:00,21:00,00:00,00:00,00:00,00:00,30,720,5,120,,,
31040,안양시,00083,덕현공원지하,공영,노외,37.37191616,126.96144509,14111,경기 안양시 동안구 흥안대로 151 (호계동) 호계1동행정복지센터 옆,경기 안양시 동안구 흥안대로 151 (호계동) 호계1동행정복지센터 옆,125,,0,,,0,2급지,09:00,20:00,00:00,00:00,00:00,00:00,30,400,10,200,,25000,70000
31130,남양주시,00077,(센터) 도농공원 문화체육시설,공영,노상,37.60049814,127.15316155,12261,경기 남양주시 가운로1길 45-81 (도농동),경기 남양주시 가운로1길 45-81 (도농동),0,,0,,,0,1급지,00:00,00:00,00:00,00:00,00:00,00:00,,,,,,,
31010,수원시,00068,서수원칠보체육관,,,37.27629039,126.94831138,16389,,경기 수원시 권선구 서수원로577번길 171  ,303,,,,,,기타,00:00,23:59,00:00,23:59,00:00,23:59,30,400,10,100,,3500,
31070,평택시,00044,서정-제4,공영,노상,37.05705954,127.05644211,17779,"경기 평택시 정암로 23 (이충동,영화빌딩)","경기 평택시 정암로 23 (이충동,영화빌딩)",26,,,,,,1급지,09:00,18:00,00:00,00:00,00:00,00:00,120,800,10,300,,10000,70000
31030,의정부시,00018,가능1동 입체식,공영,노외,37.751468,127.039146,11677,신촌로39번길 20,의정부시 가능동 628,153,1,4,0,0,8,2급지,00:00,23:59,00:00,23:59,00:00,23:59,,,,,12,,56000
31110,과천시,00040,코오롱앞(기계식),공영,노외,37.4257552,126.9913459,13837,경기도 과천시 별양상가2로36,경기도 과천시 별양동 1-35,0,0,0,0,0,0,2급지,00:00,00:00,00:00,00:00,00:00,00:00,10,,,,,,
31130,남양주시,00050,와부 제1공영,공영,노상,37.58628288,127.21272615,12209,경기 남양주시 와부읍 덕소로97번길 7-1,경기 남양주시 와부읍 덕소로97번길 7-1,28,,1,,,0,1급지,08:00,20:00,08:00,20:00,08:00,20:00,30,600,10,300,,7000,
31240,화성시,00007,남양리 중심상가,공영,노외,37.19899711,126.8259263,18270,경기 화성시 만세구 시청로160번길 남양리 2319-3,경기 화성시 만세구 시청로160번길 남양리 2319-3,28,,2,,,,1급지,10:00,23:00,10:00,23:00,10:00,23:00,90,,10,300,,31200,
31050,부천시,00036,상2동 행정복지센터(노외),공영,노외,37.50057615,126.75441741,14589,경기 부천시 조마루로 95,경기 부천시 조마루로 95,55,,2,,,,2급지,00:00,23:59,00:00,23:59,00:00,23:59,,700,10,300,,7000,
31240,화성시,00045,여울 공원(관리동),공영,노외,37.1964625,127.0875082,18479,경기 화성시 동탄구 동부대로 1063 (여울동),경기 화성시 동탄구 동부대로 1063 (여울동),53,,3,,,,1급지,00:00,23:59,00:00,23:59,00:00,23:59,59,,10,,,10000,
31100,고양시,00008,행신 제1공영주차장,공영,기타,37.61751878,126.83318893,10524,경기 고양시 덕양구 무원로54번길 14,,46,,,,,,기타,09:00,21:00,00:00,00:00,00:00,00:00,30,240,5,70,,,
31050,부천시,00041,무지개고가1,공영,노외,37.505328,126.758687,14545,경기 부천시 길주로 104,경기 부천시 길주로 104,38,,1,,,,2급지,00:00,23:59,00:00,23:59,00:00,23:59,,,10,,,,70000
31020,성남시,00066,율동공원A부설주차장,공영,노외,37.3833559,127.150005,13576,,경기도 성남시 분당구 문정로 145,145,0,4,,,,1급지,00:00,23:59,00:00,23:59,00:00,23:59,30,300,10,100,,,
31050,부천시,00034,별빛마루도서관,공영,노외,37.46666216,126.82113752,14787,경기 부천시 옥길로 105,경기 부천시 옥길로 105,93,,2,,,,3급지,09:00,19:00,09:00,19:00,09:00,19:00,,,10,200,,6000,15000
31020,성남시,00051,판교동임시공영주차장,공영,노외,37.3890758,127.0986252,13479,,경기도 성남시 분당구 판교동 578,126,0,0,,,,1급지,00:00,23:59,00:00,23:59,00:00,23:59,30,400,10,200,,6000,
31130,남양주시,00036,(제2청사)일반,공영,노상,37.610037,127.171277,12284,"경기 남양주시 경춘로 522 (다산동,남양주시청제2청사)","경기 남양주시 경춘로 522 (다산동,남양주시청제2청사)",200,,9,,,0,1급지,08:00,20:00,00:00,00:00,00:00,00:00,60,,10,200,,5000,
31240,화성시,00129,여울 공원(LH),공영,노외,37.1949567,127.0858631,18479,경기 화성시 동탄구 동부대로 1063-1 (여울동),경기 화성시 동탄구 동부대로 1063-1 (여울동),211,,7,,,,1급지,00:00,23:59,00:00,23:59,00:00,23:59,59,,10,,,10000,
31240,화성시,00040,남양택지 주3,공영,노외,37.21145406,126.82897464,18266,경기 화성시 만세구 시청로45번길 남양리 2226-7,경기 화성시 만세구 시청로45번길 남양리 2226-7,83,,4,,,,1급지,10:00,19:00,10:00,19:00,10:00,19:00,90,,10,400,,,
31110,과천시,00104,광창3주차장,공영,노외,37.4484426,127.010162,,,경기도 과천시 과천동 143-3,0,0,0,0,0,0,기타,00:00,00:00,00:00,00:00,00:00,00:00,10,,,,,,
31100,고양시,00057,성사 제1공영주차장,공영,기타,37.65355843,126.83857047,10468,경기 고양시 덕양구 고양대로1384번길 7-17,,20,,,,,,기타,09:00,18:00,00:00,00:00,00:00,00:00,30,240,5,70,,,
31240,화성시,00114,정남중앙교회,공영,노외,37.16983572,126.982329,18516,"경기 화성시 만년로 539-29 (정남면,괘랑리,정남중앙교회)","경기 화성시 만년로 539-29 (정남면,괘랑리,정남중앙교회)",70,,0,,,,1급지,07:00,19:00,07:00,19:00,07:00,19:00,,,,,,,
31150,시흥시,00012,배곧10공영주차장,공영,기타,37.3675245,126.730172,,배곧동 209,,106,,,,,,1급지,10:00,22:00,10:00,22:00,10:00,22:00,30,800,10,400,,,
31110,과천시,00068,공영노외주차장,공영,노외,37.4233584,127.0097655,,,경기도 과천시 주암동 69-1,0,0,0,0,0,0,기타,00:00,00:00,00:00,00:00,00:00,00:00,10,,,,,,
31170,의왕시,00034,백운커뮤니티센터 주차장,공영,노외,37.3699467,127.0072198,16016,경기도 의왕시 학의동 1136,,48,0,2,0,0,2,기타,00:00,00:00,00:00,00:00,00:00,00:00,30,600,10,200,,6000,
31040,안양시,00024,문예노상,공영,기타,37.38546615,126.93175398,14093,경기 안양시 만안구 문예로 36-2 (안양동),경기 안양시 만안구 문예로 36-2 (안양동),54,,0,,,0,1급지,10:00,18:00,00:00,00:00,00:00,00:00,30,600,10,300,,25000,90000
31100,고양시,00029,중산공원 부설주차장,공영,기타,37.6923842,126.77952198,10337,경기 고양시 일산동구 중산로 217,,103,,,,,,기타,09:00,21:00,08:00,21:00,08:00,21:00,5,100,5,180,,,
31050,부천시,00109,역곡남부시장,공영,노외,37.48200082,126.81240432,14684,경기 부천시 소사구 부광로22번길 21,경기 부천시 소사구 부광로22번길 21,50,,1,,,,3급지,00:00,23:59,00:00,23:59,00:00,23:59,,300,10,200,,4000,50000
31220,안성시,00002,대덕면 내리 공영주차장,공영,노외,37.002998,127.2244234,,경기도 안성시 대덕면 내리 681-12,경기도 안성시 대덕면,38,0,2,1,0,2,3급지,12:00,23:59,12:00,23:59,12:00,23:59,60,200,30,1000,,6000,
31110,과천시,00025,상삼포3주차장,공영,노외,37.446671,127.023136,,,경기도 과천시 주암동 422-16,0,0,0,0,0,0,기타,00:00,00:00,00:00,00:00,00:00,00:00,10,,,,,,
31070,평택시,00046,안일,공영,노외,36.98795157,126.92940737,17936,"경기 평택시 안현로서2길 21 (안중읍,안중리,안일공영주차장)","경기 평택시 안현로서2길 21 (안중읍,안중리,안일공영주차장)",30,,,,,,1급지,00:00,23:59,00:00,23:59,00:00,23:59,120,800,10,300,,10000,80000
31050,부천시,00037,원종역 공영,공영,노외,37.52376983,126.80411947,14431,경기 부천시 원종로36번길 9,경기 부천시 원종로36번길 9,19,,2,,,,1급지,00:00,23:59,00:00,23:59,00:00,23:59,,900,10,400,,9500,
31050,부천시,00060,소사근린공원,공영,노외,37.46794208,126.79664433,14761,경기 부천시 소사로 107,경기 부천시 소사로 107,150,,2,,,,3급지,00:00,23:59,00:00,23:59,00:00,23:59,,300,10,200,,4000,50000
31040,안양시,00055,남부노상,공영,노상,37.39690423,126.92628492,,경기 안양시 만안구 만안로 173 (안양동) 앞 남부노상,경기 안양시 만안구 만안로 173 (안양동) 앞 남부노상,55,,0,,,0,1급지,10:00,18:00,00:00,00:00,00:00,00:00,30,600,10,300,,25000,90000
31040,안양시,00059,학원가노상,공영,노상,37.38222035,126.95973822,,경기 안양시 동안구 평촌대로 123 호계동 1161,경기 안양시 동안구 평촌대로 123 호계동 1161,15,,0,,,0,2급지,10:00,20:00,00:00,00:00,00:00,00:00,30,400,10,200,,25000,
31240,화성시,00008,천천리,공영,노상,37.24376,126.9466057,14548,경기도 화성시 매송면천천리219-7,경기도 화성시 매송면천천리219-7,24,,0,,,,1급지,10:00,23:00,10:00,23:00,10:00,23:00,90,,10,400,,,
31240,화성시,00068,동탄 북광장(노상),공영,노상,37.20565008,127.07431449,18453,경기 화성시 동탄구 노작로 197 (반송동 90-6),경기 화성시 동탄구 노작로 197 (반송동 90-6),82,,2,,,,1급지,10:00,23:00,10:00,23:00,10:00,23:00,90,,10,400,,,100000
31010,수원시,00053,수원시청·시의회(지상),,,37.2636,127.0262,16490,,경기 수원시 팔달구 효원로235번길 13  (인계동),251,,,,,,기타,00:00,23:59,00:00,23:59,00:00,23:59,40,500,10,500,,10000,
31240,화성시,00006,중리,공영,노외,37.2047835,127.1393001,,경기도 화성시 중동164,경기도 화성시 중동164,34,,3,,,,1급지,00:00,00:00,00:00,00:00,00:00,00:00,,,,,,,
31020,성남시,00034,금광2동제1공영주차장,공영,노외,37.4478882,127.1644013,13173,,경기도 성남시 중원구 금빛로 69번길 18,262,0,0,,,,1급지,00:00,23:59,00:00,23:59,00:00,23:59,30,400,10,200,,6000,
31050,부천시,00010,원미구청,공영,노외,37.49673391,126.78750991,14566,경기 부천시 원미구 부천로136번길 27,경기 부천시 원미구 부천로136번길 27,218,,10,,,,3급지,08:00,20:00,00:00,00:00,00:00,00:00,,400,10,200,,6000,15000
31240,화성시,00095,솔빛(노상),공영,노상,37.1940948,127.07317403,18443,경기 화성시 동탄구 동탄솔빛로 57 (반송동 220-3),경기 화성시 동탄구 동탄솔빛로 57 (반송동 220-3),20,,1,,,,1급지,10:00,23:00,10:00,23:00,10:00,23:00,90,,10,400,,,
31130,남양주시,00010,다산 제4공영,공영,노상,37.61061076,127.15225403,12252,경기 남양주시 미금로56번길 3 (도농 농협 뒤),경기 남양주시 미금로56번길 3 (도농 농협 뒤),23,,0,,,0,1급지,08:00,20:00,08:00,20:00,08:00,20:00,30,600,10,300,,7000,70000
31070,평택시,00045,서재 제2,공영,노외,37.01039743,127.09388878,17848,"경기 평택시 서재3길 6 (동삭동,서재 제2공영주차장)","경기 평택시 서재3길 6 (동삭동,서재 제2공영주차장)",24,,,,,,2급지,00:00,23:59,00:00,23:59,00:00,23:59,30,800,10,300,,10000,80000
31200,파주시,00001,금촌통일시장,공영,노외,37.76342884,126.77318182,10929,경기 파주시 명동길 51 (금촌동),경기 파주시 명동길 51 (금촌동),132,,4,,,0,3급지,09:00,22:00,00:00,00:00,00:00,00:00,90,400,10,150,,7000,70000
31010,수원시,00082,수원종합운동장,,,37.29781706,127.01006561,16308,,경기 수원시 장안구 경수대로 893  ,1402,,,,,,기타,00:00,23:59,00:00,23:59,00:00,23:59,30,600,10,300,,7000,
31020,성남시,00107,태평2동제1공영,공영,노외,37.4460475,127.1395187,13280,,경기도 성남시 수정구 태평2동  ,103,0,0,,,,1급지,00:00,23:59,00:00,23:59,00:00,23:59,30,400,10,200,,6000,
31170,의왕시,00025,중앙도서관,공영,노외,37.34227,126.9698,16075,경기도 의왕시 골우물길 49,,34,0,3,0,0,0,기타,00:00,00:00,00:00,00:00,00:00,00:00,,,,,,,
31010,수원시,00014,망포 공영,,,37.245,127.058,,,경기 수원시 영통구 영통로200번길 1  (영통동),179,,,,,,기타,00:00,23:59,00:00,00:00,00:00,00:00,70,500,10,500,,10000,
31020,성남시,00046,신흥제10공영주차장,공영,노외,37.4419807,127.1479106,13353,,경기도 성남시 수정구 신흥동 2525,73,0,0,,,,1급지,00:00,23:59,00:00,23:59,00:00,23:59,30,400,10,200,,6000,
31200,파주시,00009,금촌3,공영,노외,37.75136276,126.76777069,10915,경기 파주시 금빛로 4 (금촌동),경기 파주시 금빛로 4 (금촌동),51,,2,,,0,1급지,09:00,22:00,00:00,00:00,00:00,00:00,30,600,10,250,,9000,90000
31020,성남시,00021,정자역환승주차장,공영,노외,37.3657518,127.1073306,13558,,경기도 성남시 분당구 성남대로 331번길 6,206,0,0,,,,1급지,00:00,23:59,00:00,23:59,00:00,23:59,,,,,,,
31020,성남시,00072,은행동제6공영주차장,공영,노외,37.4538529,127.1638191,13160,,경기도 성남시 중원구 자혜로 17번길 44-7,77,0,0,,,,1급지,00:00,23:59,00:00,23:59,00:00,23:59,,,,,,,
31020,성남시,00044,백현동카페거리공영주차장,공영,노외,37.3854513,127.1120022,13536,,경기도 성남시 분당구 판교역로2번길 23,160,0,0,,,,1급지,00:00,23:59,00:00,23:59,00:00,23:59,30,400,10,200,,6000,
31050,부천시,00055,고리울동굴시장,공영,노외,37.52672928,126.82063954,14408,경기 부천시 고리울로40번길 13,경기 부천시 고리울로40번길 13,81,,3,,,,3급지,00:00,23:59,00:00,23:59,00:00,23:59,,300,10,200,,4000,50000
31110,과천시,00052,한내3주차장,공영,노외,37.447387,126.9979839,13838,,경기도 과천시 과천동 527-18,0,0,0,0,0,0,5급지,00:00,00:00,00:00,00:00,00:00,00:00,10,,,,,,
31020,성남시,00013,성남동제2공영주차장,공영,노외,37.4324657,127.1430084,13355,,경기도 성남시 중원구 성남동  ,159,0,0,,,,1급지,00:00,23:59,00:00,23:59,00:00,23:59,30,400,10,200,,6000,
31200,파주시,00032,문산자유시장,공영,노외,37.8576972,126.78434981,10822,"경기 파주시 문산로 45 (문산읍,문산리)","경기 파주시 문산로 45 (문산읍,문산리)",120,,0,,,0,3급지,09:00,22:00,00:00,00:00,00:00,00:00,90,400,10,150,,7000,70000
31220,안성시,00007,원곡면 공영주차장,공영,노외,37.04008175,127.13022837,17556,경기 안성시 원곡면 외가천리 210-1,경기도 안성시 원곡면,86,0,3,3,0,4,3급지,12:00,23:59,12:00,23:59,12:00,23:59,60,200,30,1000,,6000,
31010,수원시,00043,매봉 공영,,,37.27016575,127.05517029,16527,,경기 수원시 영통구 동탄원천로1109번길 61  (매탄동),200,,,,,,기타,00:00,23:59,00:00,23:59,00:00,23:59,70,300,10,300,,7000,
31110,과천시,00047,공영노외주차장,공영,노외,37.4289341,127.0050933,13827,,경기도 과천시 별양동 41-1,0,0,0,0,0,0,기타,00:00,00:00,00:00,00:00,00:00,00:00,10,,,,,,
31050,부천시,00117,오정동 제2호(화물),공영,노외,37.52450548,126.78322411,14443,경기 부천시 오정구 부천로 453,경기 부천시 오정구 부천로 453,19,,4,,,,3급지,06:00,19:00,00:00,00:00,00:00,00:00,,,,,,,
31240,화성시,00002,센트럴파크,공영,노외,37.2072771,127.0631866,18436,경기 화성시 동탄구 동탄공원로1길 (반송동),경기 화성시 동탄구 동탄공원로1길 (반송동),175,,10,,,,1급지,00:00,23:59,00:00,23:59,00:00,23:59,59,,10,,,10000,
31240,화성시,00016,향남2 상신리,공영,노외,37.105148,126.9000753,,경기 화성시 만세구 상신하길로144번길 상신리 1294-3,경기 화성시 만세구 상신하길로144번길 상신리 1294-3,56,,3,,,,1급지,10:00,19:00,10:00,19:00,10:00,19:00,90,,10,400,,,100000
31010,수원시,00019,광교중앙마을,,,37.2777,127.0503,16500,,경기 수원시 영통구 광교중앙로25번길 17  (원천동),46,,,,,,기타,00:00,23:59,00:00,00:00,00:00,00:00,70,300,10,300,,7000,
31130,남양주시,00075,(센터)평내,공영,노상,37.64544883,127.243419,12224,"경기 남양주시 평내로 (평내동,평내마을중흥에스클래스)","경기 남양주시 평내로 (평내동,평내마을중흥에스클래스)",101,,4,,,7,1급지,05:30,22:30,05:30,20:30,08:30,17:30,60,,10,200,,7000,30000
31050,부천시,00112,송내IC북측대형,공영,노외,37.488475,126.745913,14593,경기 부천시 부일로,경기 부천시 부일로,51,,0,,,,2급지,00:00,23:59,00:00,23:59,00:00,23:59,,,10,,,,70000
31010,수원시,00046,곡반정동 제7공영,,,37.2443,127.035,16409,,경기 수원시 권선구 곡반정로 188  (곡반정동),92,,,,,,기타,00:00,23:59,00:00,23:59,00:00,23:59,70,300,10,300,,7000,
31130,남양주시,00047,진접노상 제7공영,공영,노상,37.7118,127.1869,,경기 남양주시 진접읍 금곡리 1127-3,경기 남양주시 진접읍 금곡리 1127-3,22,,0,,,0,1급지,08:00,20:00,08:00,20:00,08:00,20:00,30,600,10,300,,7000,70000
31240,화성시,00044,병점역(환승),공영,노외,37.20425584,127.03492616,18412,경기 화성시 병점구 떡전골로 59 (병점동),경기 화성시 병점구 떡전골로 59 (병점동),133,,8,,,,1급지,10:00,23:00,10:00,23:00,10:00,23:00,90,,10,400,,10000,90000
31050,부천시,00061,심곡 시민의 강 제1공영주차장,공영,노외,37.49036858,126.7853655,14573,경기 부천시 부흥로 399,경기 부천시 부흥로 399,125,,3,,,,3급지,00:00,23:59,00:00,23:59,00:00,23:59,,300,10,200,,4000,50000
31110,과천시,00091,공영노외주차장,공영,노외,37.4241045,127.0091374,13827,,경기도 과천시 문원동 150-8,0,0,0,0,0,0,기타,00:00,00:00,00:00,00:00,00:00,00:00,10,,,,,,
31110,과천시,00089,공영노외주차장,공영,노외,37.4244143,127.0106062,,,경기도 과천시 중앙동 9-11,0,0,0,0,0,0,기타,00:00,00:00,00:00,00:00,00:00,00:00,10,,,,,,
31110,과천시,00016,공영주차장,공영,노외,37.4255547,126.9955299,,,경기도 과천시 문원동115-59,0,0,0,0,0,0,기타,00:00,00:00,00:00,00:00,00:00,00:00,10,,,,,,
31030,의정부시,00154,추동근린공원,공영,노외,37.741895,127.067478,11747,,의정부시 신곡동 128-3,102,0,6,0,0,2,2급지,00:00,23:59,00:00,23:59,00:00,23:59,,,,,12,,56000
31020,성남시,00078,논골공영주차장,공영,노외,37.4613755,127.1562491,13131,,경기도 성남시 수정구 수정로  460-5,124,0,4,,,,1급지,00:00,23:59,00:00,23:59,00:00,23:59,,,,,,,
31110,과천시,00057,공영노외주차장,공영,노외,37.4392202,126.9956202,13830,경기도 과천시 부림2길 13-9,경기도 과천시 부림동 27-2,0,0,0,0,0,0,기타,00:00,00:00,00:00,00:00,00:00,00:00,10,,,,,,
31020,성남시,00057,태평공영주차장,공영,노외,37.4451243,127.1332246,13301,,성남시 수정구 태평동 3752-4,121,0,0,,,,1급지,00:00,23:59,00:00,23:59,00:00,23:59,30,400,10,200,,6000,
31110,과천시,00111,우면산간도로잔여지,공영,노상,37.4471634,126.9927764,13812,경기도 과천시 용마2로 2,경기도 과천시 과천동 513-94번지,0,0,0,0,0,0,4급지,00:00,00:00,00:00,00:00,00:00,00:00,10,,,,,,
31010,수원시,00034,백설 공영,,,37.29584422,126.99224468,16333,,경기 수원시 장안구 정자천로133번길 26  (정자동),56,,,,,,기타,00:00,23:59,00:00,23:59,00:00,23:59,70,300,10,300,,7000,
31020,성남시,00105,서일로마을 공영주차장,공영,노외,37.4678193,127.1386342,,,성남시 수정구 창곡동 542,122,0,0,,,,1급지,00:00,23:59,00:00,23:59,00:00,23:59,30,400,10,200,,6000,
31070,평택시,00016,매봉,공영,노외,36.99628733,127.10256705,17887,"경기 평택시 평택4로 98 (비전동,매봉 공영주차장)","경기 평택시 평택4로 98 (비전동,매봉 공영주차장)",67,,,,,,1급지,00:00,23:59,00:00,23:59,00:00,23:59,30,800,10,300,,10000,80000
31130,남양주시,00014,(센터)오남,공영,노상,37.68486937,127.20984314,12049,"경기 남양주시 진건오남로577번길 11 (오남읍,오남리)","경기 남양주시 진건오남로577번길 11 (오남읍,오남리)",143,,5,,,2,1급지,05:30,22:30,05:30,20:30,08:30,17:30,60,,10,200,,7000,30000
31050,부천시,00095,구버스터미널일원,공영,노상,37.50141181,126.77193509,14548,경기 부천시 중동로248번길,경기 부천시 중동로248번길,110,,0,,,,1급지,09:00,18:00,00:00,00:00,00:00,00:00,,900,10,400,,9500,
31150,시흥시,00001,배곧9공영주차장,공영,기타,37.3677204,126.727208,,배곧동 226-1,,60,,,,,,1급지,10:00,22:00,10:00,22:00,10:00,22:00,30,800,10,400,,,
31010,수원시,00087,율전 제3,,,37.29899347,126.9722,16360,,경기 수원시 장안구 서부로 2133  ,44,,,,,,기타,00:00,23:59,00:00,23:59,00:00,23:59,70,300,10,300,,7000,
31040,안양시,00064,평촌지하,공영,노외,37.39229257,126.95803813,,경기 안양시 동안구 시민대로 238 평촌지하,경기 안양시 동안구 시민대로 238 평촌지하,793,,2,,,0,3급지,10:00,18:00,00:00,00:00,00:00,00:00,30,200,10,100,,16700,45000
31110,과천시,00066,공영노외주차장,공영,노외,37.4378651,126.9976949,,,경기도 과천시 문원동 115-186,0,0,0,0,0,0,기타,00:00,00:00,00:00,00:00,00:00,00:00,10,,,,,,
31110,과천시,00115,그레이스호텔앞 주차장,공영,노외,37.4277555,126.9920461,,경기도 과천시 별양상가로 2,경기도 과천시 별양동 1-15번지,0,0,0,0,0,0,2급지,00:00,00:00,00:00,00:00,00:00,00:00,10,,,,,,
31110,과천시,00110,공영노외주차장,공영,노외,37.4389283,126.9974282,,,경기도 과천시 부림동 20-3,0,0,0,0,0,0,기타,00:00,00:00,00:00,00:00,00:00,00:00,10,,,,,,
31220,안성시,00006,석정동 공영주차장,공영,노외,37.00836963,127.26757206,17580,경기 안성시 중앙로367번길 7,경기도 안성시 석정동,47,0,2,0,0,3,2급지,12:00,23:59,12:00,23:59,12:00,23:59,60,500,30,2000,,10000,
31240,화성시,00029,영천동772(노상),공영,노상,37.20385194,127.12565968,18474,경기 화성시 동탄구 동탄치동천로2길 3-29 (영천동 772),경기 화성시 동탄구 동탄치동천로2길 3-29 (영천동 772),38,,0,,,,1급지,10:00,19:00,10:00,19:00,10:00,19:00,90,,10,400,,,
31050,부천시,00062,장미공원공한지,공영,노외,37.5172347,126.79267535,14482,경기 부천시 성곡로63번길 104,경기 부천시 성곡로63번길 104,65,,2,,,,3급지,00:00,23:59,00:00,23:59,00:00,23:59,,300,10,200,,4000,50000
31240,화성시,00041,비봉(비봉고앞),공영,노외,37.2375257,126.8742024,,경기도 화성시 비봉면구포리1012,경기도 화성시 비봉면구포리1012,68,,3,,,,1급지,00:00,00:00,00:00,00:00,00:00,00:00,,,,,,,
31240,화성시,00080,동학산 공원,공영,노외,37.21950326,127.07851093,18450,경기 화성시 동탄구 삼성전자로 17 (석우동),경기 화성시 동탄구 삼성전자로 17 (석우동),85,,4,,,,1급지,00:00,23:59,00:00,23:59,00:00,23:59,59,,10,,,,
31240,화성시,00023,석우동제26통제3,공영,노상,37.225738,127.0743223,,경기도 화성시 석우동68,경기도 화성시 석우동68,19,,0,,,,1급지,10:00,23:00,10:00,23:00,10:00,23:00,90,,10,400,,,
31050,부천시,00071,부흥,공영,노외,37.49381988,126.77973668,14629,경기 부천시 부흥로336번길,경기 부천시 부흥로336번길,63,,2,,,,3급지,00:00,23:59,00:00,23:59,00:00,23:59,,300,10,200,,4000,50000
31020,성남시,00037,판교역환승주차장,공영,노외,37.3947869,127.1124689,13529,,경기도 성남시 분당구 분당내곡로  121,255,0,0,,,,1급지,00:00,23:59,00:00,23:59,00:00,23:59,30,400,10,200,,6000,
31040,안양시,00011,평촌역노상,공영,기타,37.39280772,126.96133885,,경기 안양시 동안구 관평로176번길 186 (관양동),경기 안양시 동안구 관평로176번길 186 (관양동),71,,0,,,0,1급지,10:00,20:00,00:00,00:00,00:00,00:00,30,600,10,300,,25000,
31050,부천시,00097,롯데백화점일원,공영,노상,37.5010462,126.77509144,14548,경기 부천시 중동로248번길,경기 부천시 중동로248번길,59,,0,,,,1급지,09:00,18:00,00:00,00:00,00:00,00:00,,900,10,400,,9500,
31020,성남시,00067,율동공원B부설주차장,공영,노외,37.3727739,127.1472082,13580,,경기도 성남시 분당구 서현로  459,545,0,28,,,,1급지,00:00,23:59,00:00,23:59,00:00,23:59,30,300,10,100,,6000,
31110,과천시,00086,죽바위1-2주차장,공영,노외,37.458151,127.0342923,,,경기도 과천시 주암동 24-4,0,0,0,0,0,0,기타,00:00,00:00,00:00,00:00,00:00,00:00,10,,,,,,
31020,성남시,00082,신흥3동공영주차장,공영,노외,37.4427748,127.1509748,13354,,경기도 성남시 수정구 공원로333번길 3,71,0,2,,,,1급지,00:00,23:59,00:00,23:59,00:00,23:59,,,,,,,
31240,화성시,00037,목동2,공영,노외,37.1831782,127.1238864,18484,경기 화성시 동탄구 동탄순환대로18길 8 (목동 488-1),경기 화성시 동탄구 동탄순환대로18길 8 (목동 488-1),63,,2,,,,1급지,10:00,23:00,10:00,23:00,10:00,23:00,90,,10,400,,,100000
31170,의왕시,00021,내손제2공영주차장,공영,노외,37.3859734,126.9734132,16034,경기도 의왕시 내손동 844-5,,63,0,2,0,0,1,기타,00:00,00:00,00:00,00:00,00:00,00:00,30,600,10,200,,6000,
31110,과천시,00018,사기막골2주차장,공영,노외,37.4191997,127.0011432,,,경기도 과천시 문원동 1023-83,0,0,0,0,0,0,기타,00:00,00:00,00:00,00:00,00:00,00:00,10,,,,,,
31040,안양시,00096,안양6동5노외(일반),공영,노외,37.38961953,126.92609715,14089,경기 안양시 만안구 안양로 175 (안양세무서 방면),경기 안양시 만안구 안양로 175 (안양세무서 방면),173,,0,,,0,3급지,09:00,20:00,00:00,00:00,00:00,00:00,30,200,10,100,,23900,45000
31170,의왕시,00041,부곡체육공원,공영,노외,37.31419,126.9596,16104,경기도 의왕시 부곡공원길 6,,81,0,2,0,0,0,기타,00:00,00:00,00:00,00:00,00:00,00:00,30,,10,,,,
31020,성남시,00016,성남동대형공영주차장,공영,노외,37.4282455,127.119301,13378,,경기도 성남시 중원구 성남동 4596,100,0,0,,,,1급지,00:00,23:59,00:00,23:59,00:00,23:59,30,200,10,100,,3000,
31020,성남시,00023,수진제3공영주차장,공영,노외,37.4381453,127.1333074,13330,,경기도 성남시 수정구 제일로 128,221,0,0,,,,1급지,00:00,23:59,00:00,23:59,00:00,23:59,30,400,10,200,,6000,
31040,안양시,00058,충훈동지하,공영,노외,37.40915003,126.89974583,13972,"경기 안양시 만안구 충훈로90번길 36 (석수동,석수3동 주민센터)","경기 안양시 만안구 충훈로90번길 36 (석수동,석수3동 주민센터)",94,,2,,,2,3급지,09:00,18:00,00:00,00:00,00:00,00:00,30,200,10,100,,19100,45000
31010,수원시,00073,서둔동 행정복지센터,,,37.27440007,126.98129363,16608,,경기 수원시 권선구 수인로155   ,100,,,,,,기타,00:00,00:00,00:00,00:00,00:00,00:00,,,,,,100,
31070,평택시,00004,부락산,공영,노외,37.07105644,127.06524333,17730,"경기 평택시 경기대로 1414 (서정동,부락산 공영주차장)","경기 평택시 경기대로 1414 (서정동,부락산 공영주차장)",71,,,,,,2급지,00:00,23:59,00:00,23:59,00:00,23:59,30,800,10,300,,10000,80000
31040,안양시,00076,인덕원동복개노상123,공영,노상,37.40266371,126.97252635,,"경기 안양시 동안구 벌말로 176 (관양동) 앞 인덕원동복개1,2,3","경기 안양시 동안구 벌말로 176 (관양동) 앞 인덕원동복개1,2,3",139,,0,,,0,2급지,09:00,18:00,00:00,00:00,00:00,00:00,30,400,10,200,,25000,70000
31240,화성시,00143,동탄2 주63,공영,노외,,,,,,0,,0,,,,1급지,00:00,23:59,00:00,23:59,00:00,23:59,90,,10,400,,,90000
31100,고양시,00025,서정마을 제1공영주차장,공영,기타,37.61881993,126.8451835,10486,경기 고양시 덕양구 행신동 1080-5,,29,,,,,,기타,08:00,22:00,00:00,00:00,00:00,00:00,30,600,5,120,,,
31010,수원시,00089,신동 제3,,,37.245525,127.0418,,,경기 수원시 영통구 권선로882번길 115 1 (신동),57,,,,,,기타,00:00,23:59,00:00,23:59,00:00,23:59,70,300,10,300,,7000,
31050,부천시,00008,구소사구청,공영,노외,37.48161632,126.77289948,14735,경기 부천시 경인로160번길 52,경기 부천시 경인로160번길 52,65,,0,,,,3급지,00:00,23:59,00:00,23:59,00:00,23:59,,300,10,200,,4000,50000
31070,평택시,00020,고1부지임시,공영,노외,37.0437802,127.0502857,13912,경기 평택시 고덕동 2114 (고덕동),경기 평택시 고덕동 2114 (고덕동),554,,,,,,1급지,00:00,23:59,00:00,23:59,00:00,23:59,30,800,10,300,,10000,80000
31040,안양시,00032,인덕원2노상,공영,기타,37.40150805,126.97668877,13951,경기 안양시 동안구 흥안대로 529 (관양동),경기 안양시 동안구 흥안대로 529 (관양동),58,,0,,,0,1급지,09:00,22:00,09:00,22:00,09:00,22:00,30,600,10,300,,25000,
31110,과천시,00021,공영노외주차장,공영,노외,37.4370722,126.9965604,,,경기도 과천시 문원동 115-290,0,0,0,0,0,0,기타,00:00,00:00,00:00,00:00,00:00,00:00,10,,,,,,
31110,과천시,00032,공영노외주차장,공영,노외,37.4313556,126.9879602,13830,경기도 과천시 부림로 17,경기도 과천시 부림동 36-6,0,0,0,0,0,0,기타,00:00,00:00,00:00,00:00,00:00,00:00,10,,,,,,
31240,화성시,00024,석우동IT단지,공영,노상,37.2225427,127.0691607,,경기도 화성시 석우동79,경기도 화성시 석우동79,212,,9,,,,1급지,10:00,23:00,10:00,23:00,10:00,23:00,90,,10,400,,,
31040,안양시,00020,공업부지노외,공영,노외,37.39779841,126.97351089,,경기 안양시 동안구 시민대로383번길 34 (관양동) 킹콩샤워 옆 공업부지노외,경기 안양시 동안구 시민대로383번길 34 (관양동) 킹콩샤워 옆 공업부지노외,49,,1,,,1,2급지,00:00,23:59,00:00,23:59,00:00,23:59,30,400,10,200,,25000,70000
31110,과천시,00045,공영노외주차장,공영,노외,37.431691,126.9902379,,,경기도 과천시 부림동 24-8,0,0,0,0,0,0,기타,00:00,00:00,00:00,00:00,00:00,00:00,10,,,,,,
31010,수원시,00005,만석 1주차장,,,37.301889,126.998527,16302,,경기 수원시 장안구 송정로   (송죽동),76,,,,,,기타,00:00,23:59,00:00,23:59,00:00,23:59,70,100,10,100,,4000,
31070,평택시,00064,고덕국제화지구 제1,공영,노외,37.03988379,127.04959357,18014,"경기 평택시 고덕여염9길 7 (고덕동,고덕국제화계획지구 제1공영주차장)","경기 평택시 고덕여염9길 7 (고덕동,고덕국제화계획지구 제1공영주차장)",209,,,,,,1급지,00:00,23:59,00:00,23:59,00:00,23:59,30,800,10,300,,10000,80000
31170,의왕시,00016,백운커뮤니티센터 주차타워,공영,노외,37.37017692,127.0082149,16016,경기도 의왕시 학의동 1135,,56,0,2,0,0,2,기타,08:00,20:00,08:00,00:00,08:00,20:00,30,600,10,200,,6000,
31020,성남시,00045,정자동공영주차장,공영,노외,37.3714453,127.1120394,13610,,경기도 성남시 분당구 황새울로116번길  19-8 정자동경로당,91,0,0,,,,1급지,00:00,23:59,00:00,23:59,00:00,23:59,30,400,10,200,,6000,
31020,성남시,00074,복정제4공영주차장,공영,노외,37.4546758,127.1290951,13119,,경기도 성남시 수정구 복정로20번길 16,196,0,4,,,,1급지,00:00,23:59,00:00,23:59,00:00,23:59,,,,,,,
31130,남양주시,00062,(부설)금곡양정행정복지센터,공영,노상,37.63311548,127.20194279,12235,"경기 남양주시 경춘로 899 (금곡동,금곡양정행정복지센터,남양주금곡홍유마을)","경기 남양주시 경춘로 899 (금곡동,금곡양정행정복지센터,남양주금곡홍유마을)",106,,5,,,5,1급지,08:00,20:00,00:00,00:00,00:00,00:00,60,,10,200,,5000,30000
31050,부천시,00115,소사역환승,공영,노외,37.48166161,126.79599764,14693,경기 부천시 소사구 경인옛로 37,경기 부천시 소사구 경인옛로 37,201,,5,,,,3급지,00:00,23:59,00:00,23:59,00:00,23:59,,300,10,200,,4000,50000
31040,안양시,00077,관악노상2-3,공영,노상,37.40448465,126.96261807,13938,경기 안양시 동안구 관악대로 359 (관양동) 영광인쇄앞~동안효내과,경기 안양시 동안구 관악대로 359 (관양동) 영광인쇄앞~동안효내과,11,,0,,,0,1급지,09:00,19:00,00:00,00:00,00:00,00:00,30,600,10,300,,25000,90000
31030,의정부시,00144,중금오,공영,노외,37.753613,127.067305,,,의정부시 금오동 218-2번지,17,6,1,0,0,0,2급지,00:00,23:59,00:00,23:59,00:00,23:59,,,,,12,,56000
31050,부천시,00013,비둘기공원,공영,노외,37.488259,126.77502321,14617,경기 부천시 신흥로45번길 36,경기 부천시 신흥로45번길 36,92,,2,,,,3급지,00:00,23:59,00:00,23:59,00:00,23:59,,300,10,200,,4000,50000
31050,부천시,00016,삼정동 제1호,공영,노외,37.52207766,126.7703097,14451,경기 부천시 신흥로437번길,경기 부천시 신흥로437번길,78,,2,,,,3급지,07:00,16:00,00:00,00:00,00:00,00:00,,,,,,,50000
31050,부천시,00068,강남시장,공영,노외,37.50751949,126.77916825,14532,경기 부천시 정주로14번길 27,경기 부천시 정주로14번길 27,140,,5,,,,3급지,00:00,23:59,00:00,23:59,00:00,23:59,,300,10,200,,4000,50000
31130,남양주시,00038,별내동노상 제9공영,공영,노상,37.6499,127.1114,,경기 남양주시 별내동 1098 (화접지하차도 상부),경기 남양주시 별내동 1098 (화접지하차도 상부),40,,0,,,0,1급지,08:00,20:00,08:00,20:00,08:00,20:00,30,600,10,300,,7000,70000
31240,화성시,00119,동탄2 주64 공영주차장,공영,노외,37.15946603,127.10064052,18499,경기 화성시 동탄장지천3길 13 (장지동 932-5),경기 화성시 동탄장지천3길 13 (장지동 932-5),38,,0,,,,1급지,10:00,23:00,10:00,23:00,10:00,23:00,90,,10,400,,,
31130,남양주시,00024,호평 제2공영,공영,노상,37.65593825,127.23962862,12142,경기 남양주시 늘을1로 41 (호평동),경기 남양주시 늘을1로 41 (호평동),50,,5,,,7,1급지,08:00,20:00,08:00,20:00,08:00,20:00,30,600,10,300,,7000,70000
31010,수원시,00075,우만2동,,,37.27705301,127.04343038,16497,,경기 수원시 팔달구 아주로27번길 5  (우만동),173,,,,,,기타,00:00,23:59,00:00,23:59,00:00,23:59,70,300,10,300,,7000,
31010,수원시,00010,교동 공영,,,37.27321263,127.01535141,16463,,경기 수원시 팔달구 향교로 140  (교동),243,,,,,,기타,00:00,23:59,00:00,23:59,00:00,23:59,70,300,10,300,,7000,
31240,화성시,00025,동탄산단,공영,노외,37.1733185,127.08989819,18487,경기 화성시 동탄구 동탄산단8길 15-12 (방교동 828),경기 화성시 동탄구 동탄산단8길 15-12 (방교동 828),98,,5,,,,1급지,10:00,21:30,10:00,21:30,10:00,21:30,90,,10,400,,,60000
31240,화성시,00145,영천동773 노상,공영,노상,,,,,,0,,0,,,,1급지,10:30,19:00,00:00,00:00,00:00,00:00,90,,10,400,,,
31050,부천시,00042,다산(중동역),공영,노외,37.48580817,126.76570472,14722,경기 부천시 경인로101번길 45,경기 부천시 경인로101번길 45,103,,2,,,,3급지,00:00,23:59,00:00,23:59,00:00,23:59,,300,10,200,,4000,50000
31070,평택시,00027,서두물,공영,노외,37.06510002,127.06147304,17775,"경기 평택시 송일로 38 (서정동,서두물공영주차장)","경기 평택시 송일로 38 (서정동,서두물공영주차장)",57,,,,,,2급지,00:00,23:59,00:00,23:59,00:00,23:59,30,800,10,300,,10000,80000
31020,성남시,00086,산성동제2공영주차장,공영,노외,37.4536208,127.1538837,,,경기도 성남시 수정구 산성동 1808,116,0,2,,,,1급지,00:00,23:59,00:00,23:59,00:00,23:59,,,,,,,
31030,의정부시,00116,한일아파트옆,공영,노외,37.7310813,127.056696,11730,발곡로 18,의정부시 신곡1동 720-1,41,4,2,0,0,0,2급지,00:00,23:59,00:00,23:59,00:00,23:59,,,,,12,,56000
31110,과천시,00108,광창2주차장,공영,노외,37.4486697,127.0100219,,,경기도 과천시 과천동 133-3,0,0,0,0,0,0,기타,00:00,00:00,00:00,00:00,00:00,00:00,10,,,,,,
31010,수원시,00032,꽃뫼환승,,,37.2852,126.987,16425,,경기 수원시 팔달구 화산로6번길 6  (화서동),136,,,,,,기타,00:00,23:59,00:00,23:59,00:00,23:59,70,300,10,300,,7000,
31020,성남시,00001,신촌동공영주차장,공영,노외,37.4590454,127.1058478,,,성남시 수정구 신촌동 206-5번지,33,0,0,,,,2급지,00:00,23:59,00:00,23:59,00:00,23:59,,,,,,,
31170,의왕시,00006,의왕역 공영주차장,공영,노외,37.3222696,126.9494008,16082,경기도 의왕시 삼동 460-83,,224,0,8,0,0,3,기타,00:00,00:00,00:00,00:00,00:00,00:00,30,600,10,200,,6000,
31240,화성시,00117,동탄2지구 주65 공영주차장,공영,노외,37.15861399,127.10469021,18508,경기 화성시 동탄구 동탄장지천5길 26 (장지동 957-3),경기 화성시 동탄구 동탄장지천5길 26 (장지동 957-3),50,,0,,,,1급지,10:00,23:00,10:00,23:00,10:00,23:00,90,,10,400,,,90000
31240,화성시,00028,능동 제1(노상),공영,노상,37.2099898,127.06037483,18433,경기 화성시 동탄구 동탄지성로 140 (능동 1113-4),경기 화성시 동탄구 동탄지성로 140 (능동 1113-4),25,,1,,,,1급지,10:00,23:00,10:00,23:00,10:00,23:00,90,,10,400,,,
31040,안양시,00087,먹거리촌노상1,공영,노상,37.38499566,126.96021381,,"경기 안양시 동안구 평촌대로 140 (평촌동,아트상가빌딩) 상가 앞 노상주차장 (1구간)","경기 안양시 동안구 평촌대로 140 (평촌동,아트상가빌딩) 상가 앞 노상주차장 (1구간)",18,,0,,,0,2급지,09:00,19:00,00:00,00:00,00:00,00:00,30,400,10,200,,25000,
31130,남양주시,00076,(공원)홍유릉 역사공원,공영,노상,,,,,,50,,0,,,0,1급지,00:00,00:00,00:00,00:00,00:00,00:00,60,,10,200,,7000,30000
31170,의왕시,00004,고천동주민센터,공영,노외,37.3458106,126.9769469,16069,경기도 의왕시 왕곡동 598,,80,0,3,0,0,5,기타,08:00,20:00,08:00,20:00,08:00,20:00,30,800,10,300,,8000,
31200,파주시,00003,놀이구름 제1주차장,공영,노외,37.72339862,126.76025789,10906,경기 파주시 경의로 (와동동),경기 파주시 경의로 (와동동),129,,0,,,0,1급지,09:00,21:00,09:00,21:00,09:00,21:00,20,500,20,500,,,
31050,부천시,00032,서촌공원,공영,노외,37.48826814,126.75169424,14599,경기 부천시 부일로 202,경기 부천시 부일로 202,111,,3,,,,1급지,00:00,23:59,00:00,23:59,00:00,23:59,,900,10,400,,9500,100000
31070,평택시,00025,신장,공영,노상,37.08123135,127.05507086,17753,경기 평택시 탄현로327번길 15 (신장동),경기 평택시 탄현로327번길 15 (신장동),12,,,,,,1급지,09:00,18:00,00:00,00:00,00:00,00:00,120,800,10,300,,10000,70000
31170,의왕시,00037,산빛근린공원 공영주차장,공영,노외,37.40084865,126.9898523,16006,경기도 의왕시 포일동 654,,145,0,5,0,0,2,기타,,,,,,,30,500,10,200,,5000,
31020,성남시,00020,서현역환승공영주차장,공영,노외,37.3842613,127.123721,13591,,경기도 성남시 분당구 황새울로360번길 43,470,0,0,,,,1급지,00:00,23:59,00:00,23:59,00:00,23:59,30,400,10,200,,6000,
31240,화성시,00017,상리(행복주택),공영,노외,37.21855,126.948545,18316,"경기 화성시 효행구 삼천병마로 1256-13 (봉담읍,상리,화성상리엘에이치1단지)","경기 화성시 효행구 삼천병마로 1256-13 (봉담읍,상리,화성상리엘에이치1단지)",50,,2,,,,1급지,10:00,23:00,10:00,23:00,10:00,23:00,90,,10,300,,,60000
31240,화성시,00088,남양뉴타운 주5,공영,노외,37.2085759,126.8259865,,경기도 화성시 남양읍 남양리 2280-1,경기도 화성시 남양읍 남양리 2280-1,65,,3,,,,1급지,00:00,00:00,00:00,00:00,00:00,00:00,,,,,,,
31240,화성시,00094,봉담2 체육공원(지하),공영,노외,37.2255485,126.9425666,18308,"경기 화성시 효행구 상리1길 87 (봉담읍,상리)","경기 화성시 효행구 상리1길 87 (봉담읍,상리)",225,,9,,,,1급지,00:00,23:59,00:00,23:59,00:00,23:59,59,,10,,,10000,
31010,수원시,00003,광교 원천호수,,,37.2766,127.0662,16514,,경기 수원시 영통구 광교호수로 75  (하동),396,,,,,,기타,00:00,23:59,00:00,23:59,00:00,23:59,70,100,10,100,,4000,
31040,안양시,00053,삼덕공원지하,공영,노외,37.39907032,126.91786036,,경기 안양시 만안구 삼덕로 106 삼덕공원 주차장,경기 안양시 만안구 삼덕로 106 삼덕공원 주차장,194,,0,,,2,2급지,10:00,20:00,10:00,20:00,10:00,20:00,30,400,10,200,,25000,70000
31010,수원시,00052,광교 공영,,,37.30131454,127.03079061,16290,,경기 수원시 장안구 광교산로 159  (하광교동),360,,,,,,기타,00:00,23:59,00:00,23:59,00:00,23:59,70,100,10,100,,4000,
31200,파주시,00007,금촌로터리,공영,노외,37.75616946,126.77297805,10925,경기 파주시 한마음2길 18 (금촌동),경기 파주시 한마음2길 18 (금촌동),119,,3,,,0,2급지,09:00,22:00,00:00,00:00,00:00,00:00,90,500,10,200,,8000,80000
31040,안양시,00046,안양3동노상,공영,기타,37.40030173,126.91920691,14001,"경기 안양시 만안구 안양로 (안양동,만안구 가로판매대 2009-00046)","경기 안양시 만안구 안양로 (안양동,만안구 가로판매대 2009-00046)",27,,0,,,0,1급지,10:00,18:00,00:00,00:00,00:00,00:00,30,600,10,300,,25000,90000
31050,부천시,00025,야인시대,공영,노외,37.507283,126.745229,14545,경기 부천시 원미구 길주로,경기 부천시 원미구 길주로,394,,11,,,,3급지,00:00,23:59,00:00,23:59,00:00,23:59,,400,10,200,,4000,
31240,화성시,00030,남양리 구도심,공영,노외,37.2080701,126.8147681,18261,경기 화성시 만세구 남양시장로42번길 남양리 658-2,경기 화성시 만세구 남양시장로42번길 남양리 658-2,41,,1,,,,1급지,10:00,19:00,10:00,19:00,10:00,19:00,90,,10,300,,,60000
31050,부천시,00030,시청부설,공영,노외,37.50358247,126.76533704,14547,경기 부천시 길주로 210,경기 부천시 길주로 210,503,,21,,,,3급지,08:00,20:00,00:00,00:00,00:00,00:00,,,10,200,,6000,
31130,남양주시,00059,한강시민공원 도농지구(대형차),공영,노상,37.6103,127.1485,,,,100,,0,,,0,1급지,08:00,20:00,08:00,20:00,08:00,20:00,60,,10,200,,5000,30000
31130,남양주시,00055,화도 제02공영,공영,노상,37.65322957,127.30201585,,경기 남양주시 화도읍 마석우리 338-1 (송라초교 옆),경기 남양주시 화도읍 마석우리 338-1 (송라초교 옆),75,,3,,,6,1급지,08:00,20:00,08:00,20:00,08:00,20:00,30,600,10,300,,7000,70000
31040,안양시,00062,예술공원고가밑,공영,기타,37.40983645,126.91321602,13966,경기 안양시 만안구 예술공원로 6 (안양동),경기 안양시 만안구 예술공원로 6 (안양동),88,,0,,,0,1급지,09:00,19:00,09:00,19:00,09:00,19:00,30,600,10,300,,25000,70000
31050,부천시,00101,중동먹거리,공영,노상,37.49574218,126.77662125,14582,경기 부천시 부흥로307번길,경기 부천시 부흥로307번길,124,,0,,,,1급지,09:00,18:00,00:00,00:00,00:00,00:00,,900,10,400,,9500,
31020,성남시,00012,태평4동공영주차장,공영,노외,37.451229,127.138592,,,경기도 성남시 수정구 태평로 109번길,84,0,0,,,,1급지,00:00,23:59,00:00,23:59,00:00,23:59,30,400,10,200,,6000,
31040,안양시,00042,호현마을1노외,공영,노외,37.40655908,126.88317673,14013,경기 안양시 만안구 오리로33번길 7-26 (박달동),경기 안양시 만안구 오리로33번길 7-26 (박달동),64,,0,,,0,5급지,09:00,18:00,00:00,00:00,00:00,00:00,30,200,10,100,,5300,25000
31050,부천시,00059,종합운동장부설,공영,부설,37.50332845,126.79646086,14655,경기 부천시 소사로 482,경기 부천시 소사로 482,2000,,0,,,,3급지,00:00,23:59,00:00,23:59,00:00,23:59,,400,10,200,,6000,
31240,화성시,00048,다은,공영,노외,37.2008947,127.0730545,18455,"경기 화성시 동탄중심상가1길 21 (반송동,동탄지하주차장25호)","경기 화성시 동탄중심상가1길 21 (반송동,동탄지하주차장25호)",52,,3,,,,1급지,10:00,23:00,10:00,23:00,10:00,23:00,90,,10,400,,,100000
31090,안산시,00004,안산상공회의소뒤,공영,노외,37.318804,126.826894,,경기도 안산시 단원구 고잔로 8 주차장,경기도 안산시 단원구 고잔동 547-1,131,0,5,0,0,5,2급지,08:00,21:00,08:00,21:00,00:00,00:00,30,400,10,200,,4500,50000
31010,수원시,00056,율전 공영,,,37.298,126.9713,,,경기 수원시 장안구 화산로233번길 35  밤밭고가도로 밑 (율전동),72,,,,,,기타,00:00,23:59,00:00,23:59,00:00,23:59,70,300,10,300,,7000,
31020,성남시,00094,금곡동공영주차장,공영,노외,37.3508294,127.1068304,13479,,경기도 성남시 분당구 금곡동 169,82,1,3,,,,1급지,00:00,23:59,00:00,23:59,00:00,23:59,,,,,,,
31240,화성시,00111,융건릉1,공영,노외,37.2065955,126.9915184,18442,경기도 화성시 안녕동186-114일원,경기도 화성시 안녕동186-114일원,63,,4,,,,1급지,00:00,00:00,00:00,00:00,00:00,00:00,,,,,,,
31240,화성시,00042,산척,공영,노상,37.1732755,127.1136106,,경기도 화성시 산척동761-2,경기도 화성시 산척동761-2,36,,1,,,,1급지,10:00,23:00,10:00,23:00,10:00,23:00,90,,10,400,,,
31010,수원시,00007,광교대학로 제2공영,,,37.298421,127.043662,16226,,경기 수원시 영통구 대학1로8번길 33  (이의동),35,,,,,,기타,00:00,23:59,00:00,23:59,00:00,23:59,70,300,10,300,,7000,
31110,과천시,00078,거주자 우선 주차장,공영,노상,37.46258521,127.03387329,,,경기도 과천시 주암동 737,0,0,0,0,0,0,5급지,00:00,00:00,00:00,00:00,00:00,00:00,10,,,,,,
31110,과천시,00090,2단지(은혜와진리교회)앞,공영,노상,37.42684374,126.9929772,13838,경기도 과천시 별양상가2로 1-1,경기도 과천시 별양동 55,0,0,0,0,0,0,2급지,00:00,00:00,00:00,00:00,00:00,00:00,10,,,,,,
